99.60230255126953	(8, 12, 2)	[0.20301681858247678, -0.37289626347156224, 0.8564433629866457, -0.13211246728717718, 0.8746985850597302, -0.45144055908089387, 0.5368128900297668, 0.4810636354869098, -0.08630412867492199, 0.3916311557985024, 0.4274819004310557, -0.02689829926298426, -0.7934938243379541, 0.30820695861671665, 0.5286053523624581, -0.9453904297487612, 0.34955948462493214, 0.17434272020350794, 0.03188244410684238, 0.7702295857610197, 0.03090124196518884, 0.2735919481556224, -0.05288233232466277, -0.6951769776798136, 0.2828009973974579, 0.76803033188548, 0.4235644583255973, -0.02949657009874662, 0.10031962258233462, -0.8797039137415856, 0.3235043997190943, -0.5591718516095132, -0.8239031921263189, -0.997439704624888, -0.013064971787711599, -0.4104974519284792, 0.11480003653284654, 0.8010340648148007, 0.7693017203550903, 0.4543651271247653, 0.4219320129101831, -0.13604999068331924, -0.28516155126801124, 0.13845650015048538, -0.9332125193653149, 0.27895813995235685, 0.4723557073135085, 0.5221750864850951, 0.5285576457339856, 0.9753118391137419, -0.09566112120832515, 0.46264397398493506, 0.7426194138133428, -0.3556369113522144, -0.30585841905023825, -0.6322783153858096, -0.7349498614616505, 0.493117049061107, -0.7627809860775938, 0.06259974064578033, 0.00388740756400785, 0.7455222883842909, 0.0017963836163115143, -0.06454553591984502, -0.8235148890955175, 0.8130631660368528, 0.951186680695105, 0.1062614994799751, 0.7607249266719309, -0.26861232958965986, -0.31745765086599675, 0.5823365595195344, -0.772047999942783, -0.4608898439789595, 0.3140560985785561, -0.14776384615026328, 0.3131684169903357, 0.1410343340634621, -0.13963056897856352, -0.30141355088889155, 0.5600069391297435, -0.3140400036826063, -0.9836919713907977, 0.2219837011034944, -0.5177655603611939, 0.7168388209895786, 0.16613203906284912, -0.5816696090488642, 0.9706678657082175, -0.8427467636360044, -0.695630113940283, 0.06826309940532482, -0.20973639696661972, 0.9985574577982546, -0.5132003095823785, 0.7689209015493732, 0.7259176959767231, 0.6479584287492086, -0.8692077254490056, 0.7858061430592531, 0.3623000607359652, 0.5917899454212967, 0.227908426311352, -0.9707295882571556, 0.7489330592469057, 0.5700597309298812, 0.41756188457905874, 0.13600055174118597, 0.1660794466142539, 0.003967498246588486, -0.5157931087213199, 0.7657284932205559, 0.8277030187910042, -0.21462094803432819, -0.04688082893171752, 0.012197340503397047, -0.8658786102122216, 0.9305858541325827, -0.6047897836424954, -0.273942735040575]
2.839423418045044	(8, 12, 2)	[0.6474575842887744, 0.32917101776132274, -0.7220658231127512, -0.46778897703418054, -0.830384542963688, 0.6410746655074209, -0.027192137304560937, 0.2397869700215669, -0.9481781619420067, 0.7807415426990498, 0.8028677857529349, -0.17068894718260652, 0.8276498358290474, -0.0606624602662702, -0.562260440758283, -0.39934477811963, 0.46402919657497477, -0.33193655370273434, -0.3881336708686789, -0.0035542525622793697, -0.24196853330524393, -0.9707760484469123, -0.22671593647325694, -0.7282368663880106, 0.3300425551343231, 0.721170566560343, -0.31895200989699646, -0.7535795554647178, -0.9643802957402692, -0.8504628037797923, -0.11622597218033515, -0.2096843989411512, -0.16474696819836265, 0.9426300239231713, 0.2669675902792845, 0.9810341878336899, -0.08189005520940706, -0.22428266511051187, 0.8270563656645995, 0.24469331107931147, -0.5303137549527945, 0.9460501888572379, -0.09280498770426826, 0.022376937926392726, -0.9597912978625416, 0.14975705529495897, -0.6189713103596921, -0.5256801227800698, 0.7086260992734494, 0.2357594340461333, 0.4665231351193715, -0.7759832181139215, 0.5280898932471434, 0.8643748633694845, -0.39466517788682354, -0.0074439146546485535, -0.11491987006509663, -0.5369859693998433, -0.6200731386694132, 0.9016754354312144, 0.6800163617425197, 0.38328272618843773, -0.2776178567780787, -0.495723083259622, -0.6830416008622089, -0.2982916144479728, 0.9801609441577201, 0.5174663995010429, 0.3019118585392453, -0.21481381844218883, -0.8224450620882375, -0.8469598966417944, 0.27796823640580204, -0.10234626897794086, 0.7421075595054014, 0.9146129632315221, 0.5202241737261681, 0.7301346716919475, -0.1627155341323694, -0.3325871389372972, 0.37996978048650076, -0.5003840395444752, 0.4660160622803373, 0.8679950057191286, -0.501618042879125, -0.4374661498651089, 0.2326819465748653, -0.41696456643170304, -0.559219689436981, 0.3704315853619342, 0.3685401984512082, -0.20216589381819242, -0.9683712738133936, -0.8017811372084245, 0.09905971080255127, 0.4525694291428679, 0.5773244014797396, -0.5112096866569187, 0.41959622738885805, 0.8658664884994813, -0.3774960396797906, -0.29241347153701547, 0.8295479599571094, 0.36735173535168153, -0.4379122619857967, -0.5763742813700261, -0.6943333398707014, 0.46785647864733426, -0.822830810813582, -0.6921348196973083, -0.032928108594799, 0.770354029931468, -0.24704263914864089, -0.37426231944036803, -0.04336997505470874, 0.7138445885839406, 0.16343449904123042, -0.9326921558161199, -0.5966084977740138, 0.13858446607536234]
102.961669921875	(8, 12, 2)	[0.478960970443681, -0.8774729198553193, -0.0736686752120932, 0.17422314146124585, -0.9896260020251662, 0.2337387073076802, 0.8905413078577042, 0.9893812675570985, -0.347579123533416, 0.6381204380951082, -0.10538790401829079, 0.11297687228181719, -0.6986489274737115, -0.18513563089806562, -0.9282711165929283, -0.7212040055207003, -0.4999924563685916, 0.13677877461872923, 0.3883733192988996, 0.6744918422374679, 0.18669957388062453, 0.5856929384887835, -0.6518824458559147, -0.765288007016621, 0.6671352179568963, 0.0881561673214506, -0.056342602671680855, -0.7864175822994883, 0.530198491019592, 0.6706676268821938, -0.6993407557185944, 0.7447516535557521, 0.3512790898495859, 0.4604486606923126, 0.4916115743291274, -0.9958627714759407, -0.6709078493079048, 0.3853733557192436, -0.10222245541815234, 0.31850972857590953, 0.4838319608234096, -0.10398292517303287, 0.22563774585516194, -0.7695957904522981, 0.309444877505205, -0.6721980157827274, -0.3835006188606447, 0.9488232876856983, 0.7644645105635806, -0.6023154881862116, -0.5528581492928766, 0.43581541680919167, 0.8625816513126587, 0.08483951136319456, 0.9966633655077539, 0.0541421508039861, -0.8751089393777602, -0.4057222362415429, -0.21293503540773706, 0.4049340203017753, 0.829258458120512, -0.7347111268414459, -0.11783112211986935, 0.9600988878434487, -0.6873039362595259, -0.008863645891365568, -0.3830610729723458, 0.8492655143117651, 0.3974771765486529, -0.5602027900231605, -0.6938682352749075, 0.2588323514408388, 0.1005582817564803, 0.10813354627277816, 0.11391344937000403, -0.120956017513284, -0.46081259816097453, -0.1571739561211336, 0.11796614529457772, 0.7993695376552821, 0.471095529255392, -0.9783268256120821, 0.48462306561750235, 0.17665470854836451, 0.6431389352630634, 0.13885108080026742, -0.288891914974581, 0.49846523424225264, 0.2831003058066679, -0.1885825755948063, -0.4655538400017565, 0.43957783024808994, -0.6049636726296994, 0.4368112443571206, -0.4722296470403302, -0.06793432283992829, -0.7131512762930834, -0.20365060308208482, -0.14097431520484172, -0.637221926390241, -0.5960278195662134, 0.5883268528100851, -0.09750445408604302, 0.8168046743868362, -0.6465988557298921, -0.6289496723641828, -0.8203699225777694, -0.4682065660133592, 0.24745881039797557, 0.7468434233064418, 0.6488090375762956, -0.4586458226723851, -0.6728159786456318, -0.01200573007927086, -0.6281856619532107, -0.6677465183636719, -0.5472276347009095, 0.35785494173446475, -0.42742128506371335, -0.4676539312591137]
102.99311828613281	(8, 12, 2)	[0.9016033568263959, 0.5961722522180992, 0.26055376652112683, -0.4632196235803674, 0.8752263904772655, 0.9518530075499052, -0.7635528939220451, -0.9170512362508996, 0.5181733913183044, 0.2679355216305086, -0.8833994816563784, -0.09077591232147242, 0.922413275332439, 0.14764006689596276, -0.09723813196659248, 0.0936590694385444, -0.29751001996376525, 0.91249674756812, -0.3379978063542506, -0.6084517478070983, -0.7038286110170213, -0.11506689285135563, 0.5979046686166269, -0.44384279202885013, -0.6738827008717652, -0.025204610062720345, 0.663261970670157, 0.2138250143830549, 0.530198491019592, 0.4563780572839311, 0.706686748961961, 0.3035590040648679, -0.5794859938526931, 0.10128740412330317, 0.30128400289805657, -0.9730504574485368, 0.2909959031028875, -0.04465074471629382, 0.7615337208282322, 0.09192889057105291, -0.19360142883114095, -0.9162876648670804, -0.46670043941367356, 0.8503703491558425, 0.6936516685832907, 0.7012625988879022, -0.5313230364025465, 0.5432057010333848, 0.026944975837432716, -0.01650494828669924, 0.561334038894246, 0.12875529583338907, -0.2532484460819602, 0.31412941782903725, -0.9294785901503828, 0.8923716471215367, 0.13094508695026552, -0.10649131653774191, -0.3263733779180503, -0.8808403236215923, -0.28722356534738114, -0.9270406821529076, 0.5167614667936509, -0.26926809722410594, 0.19521015026305966, 0.3934603445536671, 0.5996189963431782, -0.9235193114712961, 0.0016997071959343746, 0.9341313760390971, -0.9100218807120091, 0.2588323514408388, -0.3615266950422664, -0.6542915236158275, 0.6814305460428571, -0.5204127695519583, 0.0653904746684455, 0.8040787831311489, 0.4711303672739684, 0.7993695376552821, -0.77725971130853, 0.6762956403662836, -0.7385626546197519, -0.5087170399300569, 0.8799188449779793, 0.13885108080026742, -0.29594502715258386, -0.16579329503926066, 0.2733067379607892, -0.5997375307054735, 0.9044375598449577, 0.9314196323461592, 0.3805907902435437, 0.7303711649434903, 0.38429151850479815, -0.8093971735356056, 0.03609120752949058, -0.725409139249116, -0.477822593640282, 0.749756579966556, 0.9034998341894405, -0.9488451288128987, 0.4555961385002154, 0.57093440904574, -0.21996573836898148, 0.22054678387163262, -0.8085621322153874, -0.3043780901634725, 0.060408357513515476, 0.3544654155399187, -0.6236565452252354, -0.9491666556834482, 0.008725193003449538, -0.14635845111390022, 0.6044591159685917, 0.5204143105661942, -0.6379246510430381, 0.9963069729837883, -0.9781726893086973, -0.4676539312591137]
102.99236297607422	(8, 12, 2)	[0.8636962735068061, -0.37289626347156224, 0.26055376652112683, 0.17422314146124585, -0.8094449213189367, -0.7890463175922049, -0.3002413374066879, 0.9893812675570985, -0.8241770761857814, -0.3557279843783341, -0.3652001446339128, 0.9998654227051891, 0.4644046778235733, 0.296253387142138, -0.1439991057664527, -0.9453904297487612, 0.10145385624982262, 0.13677877461872923, 0.03188244410684238, 0.8110179143187348, -0.5450017799068032, 0.5856929384887835, -0.6518824458559147, -0.765288007016621, 0.9684463955170723, -0.20016127216186286, 0.36167052703055336, -0.3244611739332852, 0.6418048320000191, -1.0, -0.8782444920314962, 0.22637456872131656, -0.8239031921263189, 0.6156889638302232, -0.013064971787711599, -0.9958627714759407, -0.5396921664599268, 0.6306251180340656, 0.1990888112964544, 0.09192889057105291, 0.4219320129101831, -0.1184691747660805, -0.28516155126801124, -0.6699364915337198, -0.3581836912308223, -0.974505642862417, -0.3835006188606447, -0.8136509177720019, 0.026944975837432716, 0.9753118391137419, -0.5528581492928766, 0.9053170306517095, -0.9195954585366333, 0.7399254288351274, 0.014223396341394468, -0.5132562105481051, 0.7780863616399911, -0.10649131653774191, -0.21293503540773706, 0.06259974064578033, 0.829258458120512, 0.5595019016009983, -0.11783112211986935, -0.7361921170675867, -0.35511698728669394, 0.8130631660368528, -0.7184792489759575, -0.6053770297543402, 0.8674109851190313, -0.2632399441408506, 0.9179784139892071, -0.5555168687756602, 0.7339223669963189, -0.4608898439789595, 0.11391344937000403, -0.6806795009731352, -0.46081259816097453, -0.13529933287232443, 0.4017058565717855, 0.7464522573953547, -0.4941225401292424, -0.9968724872129873, 0.3483004422339764, -0.05217987960759696, -0.7324513631197291, 0.13885108080026742, 0.16613203906284912, -0.4086416215078832, 0.2831003058066679, -0.1885825755948063, 0.3201414714077626, 0.9583412250909702, -0.83029205151533, -0.6045321341138377, 0.2465419594209588, -0.9186841753447885, 0.20519110737854662, -0.20365060308208482, -0.14097431520484172, -0.637221926390241, 0.33444564751395256, 0.3148705793628608, 0.901321059675622, -0.6480833516337552, 0.5110341537785328, 0.2418517682914747, -0.8203699225777694, -0.4682065660133592, -0.39935628529206335, 0.003967498246588486, -0.05989430518977201, 0.9955139620946547, 0.8277030187910042, 0.3933597614874538, -0.8119507565068547, -0.17669593034508307, -0.5472276347009095, 0.8913716199448847, -0.6047897836424954, 0.20573607374505065]
102.99427032470703	(8, 12, 2)	[-0.17756529494077777, -0.37285730622092994, -0.4105809343312974, -0.24779597234768413, -0.8094449213189367, 0.3507231296795521, -0.027192137304560937, -0.009955545816718647, -0.20814369091974294, -0.14202244743508396, 0.5958118163646333, -0.3756563458963005, 0.008470688234549106, -0.7115783302015346, -0.6870663378871726, -0.8687314523139136, 0.4389717443434482, 0.2506081855377549, -0.7885344087573549, 0.24705191246588165, -0.7163959935147697, 0.551953840579896, -0.6985416621712643, 0.5511849479768265, 0.8585001195263833, 0.2536619558333715, 0.6320295209177187, 0.5796954714483329, 0.23922039797626682, -0.024151176317526835, -0.5246106197187503, -0.5591718516095132, 0.03476709277579326, 0.5669075147546483, 0.2669675902792845, 0.40260330674482137, 0.9569322625592633, -0.2698735742143898, 0.5967470553066252, -0.7032805485398264, 0.9981418464122254, 0.6149367857999526, -0.38008946823116907, 0.36747140802975053, -0.1731912000672835, -0.7530986380397726, 0.2132555326181269, -0.2815343072310563, 0.7086260992734494, 0.2357594340461333, 0.4665231351193715, 0.5871125797787253, -0.825024032519625, -0.37443386822403535, 0.3658179163973667, -0.537646062770265, -0.9531226968408668, 0.23320076247999943, -0.1743018837472603, 0.5907025126892349, 0.9614167188698086, 0.5074443240139543, -0.7984285612428472, 0.3358498502790521, 0.5296168724419104, -0.0934002789032724, -0.08270874116454507, -0.6053770297543402, 0.32847994278005266, -0.21481381844218883, 0.1522523493372514, -0.8925269245484495, -0.772047999942783, -0.6324685177212568, 0.8939786363974447, -0.34513366736513973, -0.20370854326163124, 0.8371734894685694, -0.3725342207977964, 0.32408164699473474, -0.25212259122575453, -0.039600978832392775, 0.5882877348422637, -0.19977312838869693, -0.501618042879125, -0.37924398267738546, 0.2326819465748653, 0.09758005655992097, -0.09448399417041053, -0.3006155548756715, -0.695630113940283, -0.42622177201186684, -0.030457191680078655, -0.6046665839034588, 0.09905971080255127, 0.7689209015493732, 0.12132745033606218, 0.43225814360790016, 0.3541689830977248, 0.6751313647858221, -0.8289551075027908, -0.08842092871829088, 0.9229623752636185, -0.7637696753751981, -0.1163670663308154, -0.1347700777067835, -0.8797785759467847, 0.13600055174118597, 0.6206197489574992, -0.6921348196973083, 0.8036610512624713, -0.12919248426787155, -0.20681421057781813, -0.37426231944036803, 0.7175911048584585, 0.7138445885839406, 0.8973794900772911, 0.9305858541325827, -0.6047897836424954, -0.9094451343634709]
102.07865142822266	(8, 12, 2)	[-0.32357900399737627, -0.21884980494406148, 0.29475480828893064, 0.45178541599584854, -0.6934279898652098, 0.8475866014048068, -0.9780441321413176, -0.24511963737525466, 0.14169035866559598, -0.801124771523712, -0.6834133308257333, 0.6742067072057838, -0.3615884778479912, 0.15132387745130993, -0.19696581802916646, -0.7032522274405129, 0.5859207532828803, -0.2882524663533703, 0.1930994563373738, 0.3899168065532008, -0.3318686208087218, -0.11506689285135563, -0.6949146844615757, -0.8646014250846921, 0.1245750439456963, 0.1278369052674324, 0.663261970670157, -0.45424558057329456, -0.5147830005517596, 0.9443167199836311, 0.5390393861467493, -0.06104747561262336, -0.6351173332466111, 0.5647879320949158, 0.08961850565688323, 0.14947388469213907, 0.6910984128570179, -0.5712599617345773, 0.2174818014229234, 0.09192889057105291, 0.3924782172714687, -0.9462796821111821, 0.3002601710359094, 0.8503703491558425, -0.040332939399766454, 0.8760442363448688, -0.17138193442710148, 0.280761505589858, 0.4467534351458744, 0.01802951044250789, -0.2522728856869305, -0.6791564509624335, 0.7145748048469376, -0.9110180331661252, -0.45000849003759513, 0.5279791260455002, 0.11492097616079411, -0.9112081994690451, 0.7484909968402795, -0.10990368890970648, 0.733334037439809, 0.7829705403871938, -0.010112619637275166, -0.6464053758496653, -0.8670914201446769, 0.8300061986784721, 0.46145751351900643, -0.3228166831850354, 0.9216730271124636, 0.4112533446471347, -0.14678137449099093, 0.2809829400924617, 0.5026555102104961, 0.8298782731233889, -0.33692537832083147, -0.8726218273597459, 0.666807335380599, -0.9853034058621488, -0.5919875919289068, 0.727264915679322, -0.8015575474610666, 0.48961545132555995, -0.023497804484783336, -0.5954055454029463, 0.7602628881765012, -0.7009691439474282, -0.8011069012063924, -0.5814714075350993, 0.8650682498228106, -0.5083209991076627, -0.3019741603662631, 0.0436030844259796, 0.47216795802966716, -0.848174140701828, 0.38430340924914863, 0.8201328350583093, 0.7962139129218091, -0.6120843856191747, 0.54080434898865, -0.5253401811878358, -0.49988168635686425, 0.38712306275708697, -0.7781399440398715, -0.9855984715197557, -0.6465988557298921, 0.7970756334757352, 0.5160532827505231, 0.9360859010382756, 0.30903387209264377, -0.8625261114863481, 0.8478131818300287, 0.8959992804488213, -0.8759641166308725, -0.12379581865987865, 0.758073946858272, -0.46733586263435956, 0.36430765709321156, 0.34246275246724833, -0.9781726893086973, 0.3105074133961927]
102.84268951416016	(8, 12, 2)	[0.9016033568263959, -0.9297084361435808, -0.4105809343312974, -0.12813905820985383, 0.9934487414940794, -0.39951737535763887, -0.6761791046495611, 0.8907642512925791, -0.20814369091974294, 0.3916311557985024, -0.6834133308257333, -0.29938696638015316, 0.8185396935359199, 0.38858200027991185, -0.8504375056739757, -0.7263487678027143, -0.42688221112863767, 0.4678945410924771, 0.47904346102437323, 0.24705191246588165, -0.3318686208087218, -0.18068857278180706, 0.30922381977699986, -0.3125949356618851, -0.41584478099983646, -0.23209003574697284, -0.9172731381633956, 0.2138250143830549, 0.7048605501991432, 0.9443167199836311, -0.8782444920314962, 0.044113989823680866, 0.3314312220822462, -0.6067499562288527, -0.7713441939707408, -0.20284062786296708, 0.7330375995112233, 0.7692672100243458, 0.6056359693142819, 0.7373755051818803, 0.3924782172714687, -0.13604999068331924, -0.823683014937064, -0.6944541172247862, -0.9360438063282461, 0.5966342175765209, -0.6323108962088029, -0.5890753738581589, 0.7873418432574073, 0.05783761945445387, -0.9292108904233156, -0.7759832181139215, -0.6880118151859367, 0.2778911579099168, 0.2031321313928358, -0.5438768113872138, -0.45147572977642136, 0.06245446656951037, 0.17346899912838198, -0.2279164165309322, 0.7369232129089123, -0.3168359082065981, 0.9930120572004137, 0.1979279637110436, -0.35511698728669394, 0.7116002965592458, 0.9687651249798894, -0.6053770297543402, 0.8353078414919926, 0.4112533446471347, 0.9593606094791709, -0.8469598966417944, 0.6483346599361599, 0.9376205709815122, -0.3904466588282747, -0.6360888406111269, -0.693008189571698, -0.15709239282917897, -0.7977988943716776, 0.32408164699473474, -0.7412868950928408, 0.9714250052371864, -0.9183400788982379, 0.2054194474448503, -0.501618042879125, 0.3806467823935906, 0.16613203906284912, 0.24251466409195022, -0.4758234986430667, -0.5083209991076627, 0.3685401984512082, 0.010663388293826959, -0.83029205151533, -0.13911283910224137, 0.09905971080255127, 0.8201328350583093, -0.4073715654841561, 0.46960865879901115, 0.7060310218558812, -0.038404979639790504, 0.17076337575949685, 0.38712306275708697, 0.9229623752636185, -0.5781322927281378, -0.1163670663308154, -0.9840291454599905, 0.06323868967981294, 0.46785647864733426, 0.6206197489574992, -0.6921348196973083, 0.8036610512624713, -0.12919248426787155, 0.2572763679949521, -0.8317147002779792, -0.8201001308931332, -0.8847259012886945, 0.03195214910604394, -0.7447068205722733, -0.8522064036109147, -0.8603429469917749]
102.99254608154297	(8, 12, 2)	[0.510649143460655, 0.4651612571977233, -0.8439374496922731, -0.6755435705080521, -0.917695483988987, 0.8475866014048068, -0.027192137304560937, -0.534132066076932, 0.14169035866559598, 0.17509740109948768, 0.3787194252548325, 0.6742067072057838, 0.008470688234549106, 0.18075877863869266, -0.19696581802916646, 0.5256090504640705, -0.29152919504626795, -0.36882803268232245, -0.7885344087573549, 0.3899168065532008, 0.8144216698227857, 0.5856929384887835, -0.6658396254822068, -0.45233820629425336, -0.7675983230034622, 0.8712650153544654, 0.8734799484475411, 0.2138250143830549, -0.8893781482344374, -0.024151176317526835, -0.5246106197187503, 0.887454636338098, -0.3205559930439814, 0.8079158693792008, -0.9404290882855575, -0.3451056659511089, 0.6910984128570179, -0.5209809312536258, 0.2174818014229234, 0.9847800171200467, -0.46800054287231707, 0.41088869573981524, 0.22563774585516194, 0.8503703491558425, -0.24212583419147404, -0.3047914446365638, 0.4141246487381325, 1.0, 0.7873418432574073, 0.2357594340461333, -0.005211383725815422, -0.598844856853858, -0.39450122891046147, 0.08483951136319456, 0.1516332249993222, -0.537646062770265, -0.7318266563572935, 0.23320076247999943, -0.1743018837472603, -0.2279164165309322, -0.23242586404813093, -0.3087354371668347, -0.7529155598177368, 0.22985562691658945, -0.8670914201446769, -0.671087603359557, 0.2314719658619282, -0.7968300170775415, 0.4651079382164507, 0.4112533446471347, 0.9484797845572654, -0.8925269245484495, 0.6092433692387176, 0.9592364347919082, 0.6886161006246547, 0.16767418492436192, 0.666807335380599, -0.15709239282917897, -0.5919875919289068, 0.9918043897301407, -0.8015575474610666, -0.039600978832392775, -0.48095871374902566, -0.38054406511907723, -0.8226063028221196, -0.7009691439474282, 0.07976722893479171, 0.9489611378595542, 0.8650682498228106, -0.58146805357015, 0.3708887355278758, -0.42622177201186684, -0.83029205151533, -0.6046665839034588, 0.2465419594209588, 0.6538064704677649, -0.711923976933716, 0.6277752723786532, 0.4871147244468714, -0.5253401811878358, -0.3010044332978332, 0.6410179409370256, 0.8578751422374788, 0.8215257463316188, 0.6832456313864568, 0.32040358155352, -0.9618592111540828, 0.128863470029706, 0.1660794466142539, -0.26855484780356864, -0.032928108594799, 0.8959992804488213, -0.8759641166308725, 0.9412480530231457, 0.7171049996720136, -0.46733586263435956, 0.8973794900772911, -0.8886950225351304, -0.41015796301235796, -0.9094451343634709]
102.36603546142578	(8, 12, 2)	[0.510649143460655, -0.37285730622092994, -0.7220658231127512, -0.14698232152072715, -0.8094449213189367, 0.6077652601077341, -0.7635528939220451, -0.534132066076932, 0.5181733913183044, -0.09416236606467532, -0.6834133308257333, -0.17068894718260652, -0.7556077960684946, 0.46966562215936747, 0.49128117467082655, -0.5257007075229432, 0.9036327927365759, 0.2506081855377549, -0.7885344087573549, 0.935885853500666, -0.3318686208087218, -0.18068857278180706, -0.6949146844615757, 0.4385713724629469, 0.1727893974396364, 0.7804512759240554, -0.1514458659732396, -0.7535795554647178, 0.23922039797626682, -0.024151176317526835, 0.31975518473799835, -0.06104747561262336, -0.2354812652979399, 0.39667979599382974, 0.2669675902792845, -0.9730504574485368, 0.9473040216360415, -0.7645491632426278, 0.2174818014229234, 0.7339720840401831, 0.3924782172714687, -0.43663859605666255, -0.823683014937064, -0.5969158768981515, -0.9597912978625416, 0.5919318497640016, -0.5313230364025465, 0.5432057010333848, 0.4467534351458744, 0.04202121329718711, -0.2522728856869305, 0.6640528337767075, -0.0617633567057394, 0.2778911579099168, 0.44355077651627806, 0.3933841512943749, -0.9531226968408668, 0.7681596078423985, 0.12694251891422986, 0.31890898187338634, 0.0490488221179981, -0.220772782894759, -0.7984285612428472, 0.8693376418511121, 0.2975423696097288, 0.8300061986784721, 0.9801609441577201, -0.6053770297543402, 0.948230177212705, -0.21481381844218883, 0.1522523493372514, 0.2809829400924617, -0.08458247588182854, -0.151773462661851, 0.458223800869596, -0.5204127695519583, 0.8520554749561811, 0.8371734894685694, 0.02839320469532347, 0.9918043897301407, -0.8015575474610666, 0.48961545132555995, -0.7002566843320797, -0.5954055454029463, 0.9268449816158117, -0.37924398267738546, -0.7701358132275862, -0.1663131309969057, -0.559219689436981, -0.5083209991076627, 0.9812682271592694, 0.0436030844259796, 0.011758032546240083, -0.13911283910224137, 0.09905971080255127, 0.15151353021167488, -0.4103498244536453, -0.30119494921036516, 0.3541689830977248, 0.7795757058733626, 0.4629699582158884, 0.38712306275708697, -0.7781399440398715, 0.57093440904574, -0.1163670663308154, -0.6289496723641828, 0.06323868967981294, -0.36602672236805445, -0.39935628529206335, 0.3486318116142244, 0.1473837713196937, -0.12919248426787155, 0.2572763679949521, -0.37426231944036803, 0.4515935753043648, -0.8847259012886945, -0.526371631883378, -0.48738774851977973, -0.8126319727624808, 0.13858446607536234]
102.91472625732422	(8, 12, 2)	[-0.29907437389625696, -0.37285730622092994, -0.6047167053919162, -0.07708182351049153, 0.8752263904772655, 0.6410746655074209, -0.7635528939220451, -0.9170512362508996, -0.20814369091974294, 0.48395898276813454, -0.8833994816563784, 0.8265333938380952, 0.008470688234549106, 0.9305480690266219, 0.7458412420505928, -0.7915541668636774, 0.9036327927365759, 0.2506081855377549, 0.03188244410684238, -0.08486358745301481, 0.8438219168389809, 0.551953840579896, -0.6518824458559147, -0.6967194309587799, -0.6738827008717652, 0.721170566560343, -0.1514458659732396, 0.5796954714483329, -0.5401713355273763, 0.7418970672652405, 0.02765301516590979, -0.06104747561262336, -0.2354812652979399, 0.5647879320949158, 0.19373594902165275, 0.8601114469150304, 0.9569322625592633, 0.594120977784011, 0.5187026072918219, 0.7373755051818803, -0.08061421381941192, -0.5413136133043153, -0.823683014937064, 0.022376937926392726, -0.4938715628048378, -0.2981646906541784, -0.24213013443856712, 0.5432057010333848, 0.4467534351458744, 0.2357594340461333, 0.5310281367435778, -0.598844856853858, -0.39450122891046147, -0.37443386822403535, -0.544340515274204, -0.5010805681420372, 0.7291405231071277, 0.7919010758447909, -0.1743018837472603, 0.06259974064578033, 0.6900672183999319, 0.7829705403871938, -0.38327711793033337, -0.26926809722410594, -0.23950206151229203, -0.5210969359952413, 0.07667151971377573, -0.6053770297543402, -0.17864888835857373, -0.8991924078402243, 0.4433778877803243, 0.2809829400924617, -0.26882636260038645, -0.151773462661851, 0.26151625737437745, -0.594947713387384, 0.4145101597610745, -0.8497043299205382, -0.8368596700590207, 0.9471810054869934, -0.7412868950928408, 0.916741032728777, -0.9183400788982379, -0.9374009309001015, -0.8226063028221196, -0.4374661498651089, -0.7701358132275862, 0.7912460530594225, -0.93123480392101, -0.47053412459031924, 0.44277206789175594, 0.9901164180303998, -0.030457191680078655, -0.13911283910224137, -0.7667500421336462, 0.4525694291428679, -0.7131512762930834, 0.9969525372773518, 0.3541689830977248, -0.4319822149435115, -0.49988168635686425, -1.0, -0.9960712012720649, -0.6480833516337552, -0.1163670663308154, -0.16351765191461665, 0.06323868967981294, 0.30687835364230653, 0.060408357513515476, 0.0418661166413381, 0.1473837713196937, -0.12919248426787155, 0.2572763679949521, -0.8317147002779792, -0.5632945936020575, -0.8847259012886945, 0.03195214910604394, -0.8159702744962107, -0.42742128506371335, -0.9094451343634709]
87.34910583496094	(8, 12, 2)	[-0.17756529494077777, 0.26139624024601704, 0.8608439505993113, -0.5737836589257246, -0.6996004747432529, 0.8475866014048068, -0.9780441321413176, -0.534132066076932, 0.14169035866559598, -0.09416236606467532, -0.8833994816563784, 0.7841289579649664, -0.9733138623043105, 0.18075877863869266, -0.9282711165929283, 0.2562535331625033, 0.4389717443434482, -0.2882524663533703, 0.12018466504639491, 1.0, -0.3318686208087218, -0.6967075738132811, 0.6741801999874691, -0.44384279202885013, 0.1245750439456963, 0.8712650153544654, 0.8734799484475411, 0.8214260326050784, -0.8893781482344374, 0.35096214607303566, 0.5390393861467493, 0.887454636338098, -0.3205559930439814, 0.5775340791927815, -0.5374460733472095, 0.041491571673329175, 0.9473040216360415, -0.7645491632426278, -0.8436581771638211, 0.7192957415859133, -0.46800054287231707, -0.43663859605666255, 0.005662405541087212, 0.8503703491558425, -0.1731912000672835, 0.5919318497640016, 0.4141246487381325, 1.0, 0.4467534351458744, -0.6023154881862116, -0.005211383725815422, -0.598844856853858, -0.5369941993666285, 0.08483951136319456, 0.8564147634849968, -0.537646062770265, -0.45147572977642136, 0.23320076247999943, 0.7522228599680727, -0.2279164165309322, 0.9614167188698086, -0.220772782894759, -0.8835410994616892, 0.22985562691658945, 0.19521015026305966, -0.5210969359952413, 0.9801609441577201, -0.7968300170775415, -0.17864888835857373, 0.4112533446471347, -0.14678137449099093, -0.8925269245484495, 0.208109972484803, 0.9592364347919082, 0.6753323780045442, 0.16767418492436192, -0.03729906484000911, -0.15709239282917897, -0.7977988943716776, 0.9918043897301407, -0.7412868950928408, -0.33211751135654555, -0.48095871374902566, -0.38054406511907723, -0.8226063028221196, 0.4361070995826323, -0.7701358132275862, 0.9489611378595542, -0.09448399417041053, -0.5083209991076627, -0.8026190195314811, 0.3065238755765693, -0.83029205151533, -0.6046665839034588, 0.2465419594209588, 0.8201328350583093, 0.7991164137644502, 0.6277752723786532, 0.1963057880547534, -0.8500095313607288, 0.4629699582158884, 0.6410179409370256, 0.8295479599571094, -0.18324572658552007, -0.6465988557298921, 0.14641727390272719, 0.17204653760773803, 0.46785647864733426, 0.607949806058274, -0.09778333018567054, -0.032928108594799, -0.6914044117820106, -0.8759641166308725, -0.8264554181615151, 0.7171049996720136, -0.6135050194333254, -0.6379246510430381, -0.8886950225351304, -0.9781726893086973, 0.13858446607536234]
101.97999572753906	(8, 12, 2)	[-0.05934876265305444, 0.9228768095003235, 0.11205218051882437, -0.6545871057411126, -0.6996004747432529, 0.3507231296795521, 0.6054728237140252, -0.9170512362508996, 0.14169035866559598, -0.14202244743508396, -0.6834133308257333, -0.17068894718260652, -0.7556077960684946, -0.9988424261228293, -0.9282711165929283, 0.36765770323234825, 0.10145385624982262, 0.4678945410924771, -0.516429616350232, 0.8110179143187348, -0.7163959935147697, -0.18068857278180706, -0.6985416621712643, 0.6967156694896984, 0.6798147806461157, 0.13086475720529434, 0.663261970670157, -0.7535795554647178, -0.9643802957402692, 0.9182033174292608, -0.5246106197187503, -0.06104747561262336, 0.03476709277579326, 0.8802281564234979, 0.08109596591472723, -0.20284062786296708, -0.5734868567482674, 0.594120977784011, 0.5967470553066252, 0.9507532296741846, -0.08061421381941192, 0.03656337043086677, -0.823683014937064, 0.8503703491558425, -0.9360438063282461, -0.8613724926558324, -0.3835006188606447, 0.280761505589858, -0.08164814027542189, -0.3075758462620013, 0.4665231351193715, -0.7759832181139215, -0.39450122891046147, -0.37443386822403535, 0.3658179163973667, 0.8029240447996402, -0.7799881650689333, 0.7113518202324827, 0.7522228599680727, -0.2279164165309322, -0.17031815291025, 0.5595019016009983, -0.39237242787259063, 0.9365281393511891, 0.7277992785734324, -0.5210969359952413, 0.5996189963431782, -0.6053770297543402, -0.17864888835857373, -0.9600135166618111, -0.14678137449099093, 0.2809829400924617, -0.772047999942783, -0.151773462661851, 0.8939786363974447, 0.2323561011347295, -0.6763530671091533, -0.5814376030050448, -0.1164968971327145, 0.32408164699473474, -0.06803294387188674, -0.058217464995328, -0.8601194519892658, -0.5954055454029463, -0.1371278994107472, 0.13885108080026742, 0.07976722893479171, -0.1663131309969057, -0.4758234986430667, -0.5083209991076627, -0.8483432984735548, -0.5766268304371447, 0.47216795802966716, -0.13911283910224137, 0.48064256804276484, 0.8201328350583093, -0.5399205584269602, -0.4816487515257591, -0.8749767788100667, -0.8500095313607288, 0.46031560506231556, 0.38712306275708697, -0.13876912343812098, -0.6480833516337552, -0.044105812660160115, -0.11797385694924345, 0.5160532827505231, 0.46785647864733426, 0.41561641170552743, 0.6222318173967938, -0.032928108594799, -0.12919248426787155, 0.8277030187910042, -0.12379581865987865, -0.4038826542496375, 0.5204143105661942, 0.9867912744715979, 0.34246275246724833, -0.33777216328462, 0.13858446607536234]
102.38167572021484	(8, 12, 2)	[0.9016033568263959, 0.04256799554377766, -0.6047167053919162, -0.20279898962318432, 0.9934487414940794, 0.092114094998891, -0.6761791046495611, 0.9893812675570985, -0.20814369091974294, -0.2518411338424942, -0.6834133308257333, 0.7826767320322877, 0.008470688234549106, 0.18937822805165494, -0.19696581802916646, -0.7915541668636774, 0.9687314308090642, 0.4678945410924771, -0.16027987553376666, -0.4270889155529851, 0.46032652980594535, 0.6074032618262759, 0.30922381977699986, -0.8646014250846921, 0.8585001195263833, 0.2536619558333715, -0.21596480433071363, 0.2138250143830549, -0.9643802957402692, 0.9443167199836311, -0.5246106197187503, -0.06104747561262336, -0.20102105227140643, -0.6067499562288527, 0.08109596591472723, -0.1347234057403921, 0.9473040216360415, 0.468748756121959, 0.22069524809926033, -0.17478188058503563, 0.44459154710266424, -0.13604999068331924, -0.2377392204373483, 0.36747140802975053, -0.24212583419147404, -0.9214046421548236, 0.2222102523463898, -0.5890753738581589, -0.032157347200944875, -0.05675703911201403, -0.9292108904233156, -0.021639994985767963, -0.825024032519625, 0.08483951136319456, -0.24517347219731334, -0.5010805681420372, -0.741915944283803, 0.06245446656951037, -0.1743018837472603, -0.2279164165309322, 0.733334037439809, -0.3084335031618035, -0.38327711793033337, -0.57552447337138, -0.49438503748945095, 0.7116002965592458, -0.15551593930143962, -0.6053770297543402, 0.4744432709550763, -0.28251876168104006, -0.7423430946598997, -0.8925269245484495, 0.8137865545312515, 0.8298782731233889, 0.6886161006246547, -0.4583340866592973, 0.0653904746684455, -0.9718317164018357, 0.25753174467619333, 0.7749894437664595, -0.8015575474610666, -0.33211751135654555, 0.5882877348422637, -0.30264569033733113, -0.20846640054077858, 0.11277456182846879, -0.7701358132275862, 0.9270830708953888, -0.09448399417041053, -0.5527838279115871, 0.032633877339221184, 0.3065238755765693, -0.83029205151533, -0.13911283910224137, 0.48064256804276484, 0.2834817671116916, -0.0640152958831266, 0.46960865879901115, -0.8692077254490056, -0.08907225172708234, -0.3774960396797906, 0.38712306275708697, -0.13876912343812098, 0.57093440904574, -0.1163670663308154, -0.9662099983289305, -0.3297575755066189, 0.30687835364230653, -0.2465146911558027, 0.6222318173967938, 0.8478131818300287, 0.762580085807435, 0.8277030187910042, -0.8317147002779792, 0.7175911048584585, 0.7138445885839406, -0.12006659005903142, -0.8261192242439959, -0.7943010584825156, -0.9094451343634709]
1.430730938911438	(8, 12, 2)	[-0.05934876265305444, 0.9228768095003235, -0.7220658231127512, 0.14150698583153987, -0.8094449213189367, 0.6410746655074209, 0.1077037004467476, -0.24511963737525466, 0.14169035866559598, -0.7197164631854374, -0.8833994816563784, -0.16889790603469512, 0.8203703703875498, 0.3551960897850279, -0.6870663378871726, 0.4551510345310754, 0.10145385624982262, -0.2882524663533703, -0.516429616350232, 0.3899168065532008, 0.8438219168389809, -0.4700019763246668, -0.6985416621712643, -0.45233820629425336, 0.1727893974396364, 0.13086475720529434, -0.9172731381633956, 0.9024534873230246, -0.41669427384678315, 0.7418970672652405, -0.4050184571819877, -0.9553769366911866, -0.3205559930439814, -0.6067499562288527, -0.7713441939707408, -0.4104974519284792, 0.7192087077619556, -0.7645491632426278, 0.2123642299683759, -0.17478188058503563, -0.46800054287231707, -0.13604999068331924, 0.3002601710359094, 0.36747140802975053, -0.7545928906103849, -0.8613724926558324, -0.6323108962088029, -0.8155744126380979, 0.0901506613066283, 0.6922676476276557, -0.9292108904233156, 0.9053170306517095, -0.0617633567057394, 0.2778911579099168, 0.9966633655077539, 0.3933841512943749, 0.11492097616079411, 0.2967042051901789, 0.7484909968402795, -0.8103499374365317, 0.733334037439809, -0.220772782894759, -0.7529155598177368, -0.4297324644865692, 0.3483539529957138, -0.8538247251717372, 0.46145751351900643, 0.07754322062741392, 0.6005757689741351, -0.7889980713556173, 0.4433778877803243, -0.8518095454845158, -0.5848245388693226, -0.23110108829630027, 0.5641198716617684, -0.4583340866592973, 0.11786022579558875, -0.5456483371425132, -0.7977988943716776, 0.32408164699473474, -0.6526552513320166, 0.9733269037978456, 0.8526648544306907, -0.5954055454029463, 0.7602628881765012, -0.37924398267738546, 0.9138943321433988, 0.4870781860597164, 0.2733067379607892, -0.19556061134398606, -0.695630113940283, 0.9901164180303998, 0.011758032546240083, 0.4368112443571206, 0.48064256804276484, 0.8201328350583093, 0.7962139129218091, -0.6120843856191747, -0.0736806321643082, 0.9837191674889971, -0.3010044332978332, 0.38712306275708697, -0.04473535432013054, -0.6480833516337552, -0.9884078153079592, -0.6289496723641828, 0.06323868967981294, 0.30687835364230653, -0.5505026787188574, -0.6921348196973083, 0.8478131818300287, 0.762580085807435, 0.7792835981792479, -0.8317147002779792, 0.7175911048584585, -0.8847259012886945, 0.01054844555662382, -0.7447068205722733, -0.36213048772259326, -0.03952390482206103]
101.82207489013672	(8, 12, 2)	[0.9016033568263959, 0.26139624024601704, -0.6047167053919162, -0.08174362214478403, -0.8094449213189367, 0.4541091414855172, -0.019775056977913374, 0.9893812675570985, 0.14169035866559598, 0.6944453451804957, 0.25727297355659595, -0.17068894718260652, -0.9733138623043105, -0.7115783302015346, -0.29222646870508917, -0.7915541668636774, 0.10145385624982262, 0.13677877461872923, -0.7885344087573549, -0.310294391184307, -0.3318686208087218, -0.18068857278180706, 0.30922381977699986, -0.8537796419578951, -0.7675983230034622, -0.23209003574697284, 0.2542964882067411, 0.2138250143830549, -0.8893781482344374, 0.9443167199836311, -0.4050184571819877, -0.06104747561262336, -0.5457865399354269, 0.39667979599382974, 0.991235984024817, -0.1347234057403921, 0.9473040216360415, 0.468748756121959, 0.5187026072918219, 0.31850972857590953, -0.46800054287231707, -0.13604999068331924, 0.3002601710359094, 0.1705633267706097, -0.24212583419147404, 0.5919318497640016, -0.10375739927720073, -0.2815343072310563, 0.4467534351458744, -0.6023154881862116, -0.2522728856869305, 0.5871125797787253, -0.39450122891046147, 0.3560363965015285, 0.22791881939790182, -0.537646062770265, -0.7318266563572935, -0.46512245310428035, -0.1743018837472603, -0.44927208137392727, 0.6312791420809343, -0.3087354371668347, 0.9811150929230166, -0.57552447337138, -0.49438503748945095, 0.19976222110249742, 0.46145751351900643, 0.8492655143117651, -0.37835051799892816, -0.2632399441408506, 0.1522523493372514, -0.8925269245484495, 0.8137865545312515, -0.325200350378436, 0.8939786363974447, 0.058351980403673176, 0.0653904746684455, -0.5456483371425132, -0.1164968971327145, 0.32408164699473474, 0.023498827114663223, 0.9733269037978456, -0.9183400788982379, -0.38054406511907723, -0.501618042879125, 0.13885108080026742, 0.23824695976673227, 0.7912460530594225, 0.6788395454727492, -0.5527838279115871, 0.9812682271592694, -0.555435717249749, -0.83029205151533, -0.13911283910224137, 0.48064256804276484, 0.15151353021167488, -0.0640152958831266, 0.9969525372773518, 0.3541689830977248, 0.6751313647858221, -0.49988168635686425, 0.7543778774716681, 0.9229623752636185, 0.8215257463316188, -0.1163670663308154, -0.36113680747391985, 0.06323868967981294, 0.128863470029706, -0.8209056546972853, -0.6921348196973083, -0.635883874437164, 0.8959992804488213, 0.19838476896037105, 0.9412480530231457, 0.758073946858272, -0.8847259012886945, -0.12006659005903142, 0.9963069729837883, -0.6047897836424954, -0.9094451343634709]
102.97577667236328	(8, 12, 2)	[-0.05934876265305444, 0.26139624024601704, 0.26055376652112683, 0.14150698583153987, -0.6996004747432529, 0.6077652601077341, 0.1077037004467476, -0.24511963737525466, -0.5697259539362145, -0.09416236606467532, -0.8833994816563784, -0.16889790603469512, 0.8203703703875498, 0.18937822805165494, -0.19696581802916646, 0.4551510345310754, 0.5082179156505533, 0.9412801800892256, -0.516429616350232, 0.5487092214011504, -0.3318686208087218, -0.18068857278180706, -0.6985416621712643, -0.8646014250846921, 0.5194545752393296, -0.9946353146092037, -0.9172731381633956, 0.9024534873230246, -0.41669427384678315, 0.7418970672652405, 0.5390393861467493, 0.8976357124983054, -0.5457865399354269, 0.39667979599382974, -0.7713441939707408, 0.14947388469213907, -0.5940347007090322, 0.42840163820329225, 0.5967470553066252, -0.17478188058503563, -0.46800054287231707, -0.6773020630456217, 0.3002601710359094, -0.5199742846187162, -0.5293591510820637, -0.6721980157827274, -0.6122714591334537, 0.280761505589858, 0.0901506613066283, 0.2357594340461333, 0.5310281367435778, 0.5871125797787253, -0.5369941993666285, 0.3560363965015285, 0.22791881939790182, 0.3933841512943749, -0.45147572977642136, 0.7113518202324827, -0.362449926503426, 0.31890898187338634, 0.733334037439809, 0.4296657713816372, -0.7529155598177368, -0.428273422905178, 0.3483539529957138, 0.8300061986784721, 0.46357753956507397, -0.6053770297543402, 0.6005757689741351, -0.7889980713556173, 0.1522523493372514, -0.8518095454845158, -0.5848245388693226, -0.23110108829630027, 0.6753323780045442, -0.8726218273597459, -0.0011664458315705506, -0.5456483371425132, -0.7977988943716776, 0.32408164699473474, -0.7412868950928408, -0.33211751135654555, -0.9183400788982379, -0.5954055454029463, 0.7602628881765012, 0.13885108080026742, -0.715394194668354, 0.4870781860597164, -0.09448399417041053, -0.18728936088144937, -0.3019741603662631, 0.010663388293826959, 0.011758032546240083, -0.13911283910224137, 0.2465419594209588, 0.15151353021167488, -0.4073715654841561, 0.46960865879901115, 0.3541689830977248, 0.9837191674889971, -0.3010044332978332, 0.38712306275708697, -0.13876912343812098, 0.8215257463316188, -0.9884078153079592, -0.36113680747391985, 0.4998619410513121, 0.13600055174118597, -0.5505026787188574, -0.6921348196973083, 0.1473837713196937, 0.762580085807435, 0.2572763679949521, -0.12379581865987865, 0.7175911048584585, 0.7138445885839406, 0.01054844555662382, -0.7447068205722733, -0.6047897836424954, -0.9094451343634709]
102.9756088256836	(8, 12, 2)	[0.9016033568263959, 0.9228768095003235, -0.8439374496922731, -0.08174362214478403, 0.7954906652432512, 0.6077652601077341, 0.1077037004467476, 0.9893812675570985, 0.14169035866559598, 0.0879704267684851, 0.5958118163646333, 0.6742067072057838, -0.9733138623043105, -0.36537166726039194, -0.19696581802916646, -0.6402876812582721, 0.10145385624982262, -0.2882524663533703, -0.15517571223204038, -0.08486358745301481, -0.24196853330524393, 0.5856929384887835, -0.6985416621712643, -0.8537796419578951, 0.5194545752393296, 0.13086475720529434, -0.5455009449830543, -0.45424558057329456, -0.8893781482344374, 0.9443167199836311, -0.4050184571819877, -0.9553769366911866, 0.05466431573531194, 0.5775340791927815, 0.08961850565688323, 0.9413194817914254, 0.3373567090466574, -0.7645491632426278, 0.5967470553066252, 0.31850972857590953, -0.46800054287231707, -0.5413136133043153, -0.823683014937064, 0.7561447430769688, -0.24212583419147404, 0.5919318497640016, -0.10375739927720073, 0.280761505589858, 0.7987282444450459, 0.2357594340461333, -0.2522728856869305, 0.5871125797787253, -0.5369941993666285, 0.3560363965015285, 0.2031321313928358, 0.088055482118371, -0.6803320549930185, -0.46512245310428035, -0.9884811557865352, -0.2279164165309322, 0.6312791420809343, 0.4296657713816372, 0.9930120572004137, -0.57552447337138, -0.49438503748945095, 0.557546980141848, 0.46145751351900643, -0.6053770297543402, 0.4651079382164507, -0.2632399441408506, 0.009125476994021442, -0.7901781175869214, 0.8137865545312515, 0.8298782731233889, -0.5438748133377893, -0.8726218273597459, 0.0653904746684455, -0.5456483371425132, -0.7977988943716776, -0.06214206402751832, -0.7412868950928408, 0.48961545132555995, -0.48095871374902566, -0.5954055454029463, -0.8226063028221196, -0.37924398267738546, 0.16613203906284912, 0.7912460530594225, 0.8650682498228106, -0.47053412459031924, -0.6918006267219551, 0.9901164180303998, -0.7251046797656582, -0.6046665839034588, -0.1351981520632406, 0.15151353021167488, -0.5399205584269602, -0.6120843856191747, 0.1963057880547534, 0.3712130419234272, 0.4629699582158884, 0.6410179409370256, -0.09750445408604302, 0.8215257463316188, -0.8509748996162962, -0.36113680747391985, 0.2505783077092934, 0.128863470029706, 0.6206197489574992, -0.6921348196973083, 0.015841151595709646, 0.8959992804488213, 0.2572763679949521, -0.16828678211715276, 0.758073946858272, -0.46733586263435956, 0.8973794900772911, -0.8261192242439959, -0.33777216328462, 0.13858446607536234]
102.59493255615234	(8, 12, 2)	[-0.05934876265305444, 0.9228768095003235, -0.6047167053919162, -0.08174362214478403, -0.8094449213189367, -0.39951737535763887, -0.019775056977913374, 0.9893812675570985, 0.6812880505505334, 0.0879704267684851, 0.28075261969735266, 0.6742067072057838, 0.8203703703875498, 0.18937822805165494, -0.6870663378871726, 0.36765770323234825, -0.42688221112863767, 0.13677877461872923, -0.09093744014992909, -0.5668050917288949, -0.41210904329154374, -0.658954289903307, 0.30922381977699986, -0.8646014250846921, 0.5194545752393296, 0.1278369052674324, -0.5455009449830543, -0.45424558057329456, -1.0, 0.35096214607303566, -0.5246106197187503, -0.06104747561262336, -0.5457865399354269, 0.5775340791927815, 0.5983691789352076, -0.5444992348289006, 0.9991023605314078, 0.7692672100243458, 0.5187026072918219, -0.17478188058503563, -0.46800054287231707, -0.5413136133043153, -0.015453298371735924, -0.4071901723804985, -0.1731912000672835, 0.8760442363448688, -0.6323108962088029, 0.280761505589858, 0.0901506613066283, 0.2357594340461333, 0.6448001356670277, -0.6279065571851724, -0.5369941993666285, -0.9110180331661252, 0.22791881939790182, 0.8029240447996402, -0.45147572977642136, 0.1394842796409812, 0.720441278271225, -0.34617820151094275, 0.733334037439809, 0.4296657713816372, -0.38327711793033337, -0.428273422905178, -0.13127343109105838, -0.5210969359952413, 0.46145751351900643, 0.8492655143117651, 0.4651079382164507, -0.2632399441408506, -0.6187988648056464, -0.8650762375400934, -0.772047999942783, -0.325200350378436, 0.7937548156780697, -0.2319574995836664, 0.6763118290173291, 0.6847757481549288, 0.17996130379069597, 0.32408164699473474, -0.16790208783802146, -0.33211751135654555, -0.9183400788982379, -0.5954055454029463, 0.7602628881765012, 0.13885108080026742, 0.23824695976673227, 0.2725012919157772, -0.09448399417041053, -0.19556061134398606, -0.3019741603662631, 0.010663388293826959, -0.8418048469760668, -0.13911283910224137, -0.1351981520632406, 0.7689209015493732, 0.20519110737854662, 0.46960865879901115, -0.0736806321643082, 0.9619524991187232, -0.8289551075027908, 0.7543778774716681, -0.04473535432013054, -0.6480833516337552, 0.6832456313864568, -0.11797385694924345, 0.5160532827505231, -0.741601152265057, 0.6206197489574992, 0.3544654155399187, 0.8731593537932796, 0.762580085807435, 0.8277030187910042, -0.8317147002779792, 0.7175911048584585, -0.46733586263435956, 0.03195214910604394, 0.9963069729837883, -0.33777216328462, 0.618344010841261]
-0.22437195479869843	(8, 12, 2)	[-0.24192082284047634, -0.39790279285014435, 0.26055376652112683, 0.14150698583153987, -0.8094449213189367, 0.6410746655074209, 0.1077037004467476, -0.9170512362508996, 0.5181733913183044, -0.14202244743508396, -0.6834133308257333, -0.16889790603469512, -0.9733138623043105, -0.6231772615336013, -0.6870663378871726, 0.36765770323234825, 0.1406168436845434, 0.4678945410924771, 0.1930994563373738, 0.6744918422374679, -0.3318686208087218, -0.18068857278180706, 0.2653030308223437, -0.3125949356618851, 0.1245750439456963, 0.8712650153544654, 0.05556756519243522, 0.14800452335446385, -0.8893781482344374, 0.35096214607303566, -0.5246106197187503, 0.8976357124983054, -0.07072692210777799, 0.7825985435590799, 0.11998874169295828, -0.4104974519284792, 0.9473040216360415, -0.7645491632426278, -0.6783946415212896, -0.7575896439938387, 0.9062398227322706, -0.43663859605666255, -0.28516155126801124, 0.8503703491558425, -0.5293591510820637, 0.5919318497640016, 0.2222102523463898, 0.280761505589858, 0.7539316481723041, 0.2357594340461333, 0.5310281367435778, -0.598844856853858, -0.0617633567057394, 0.3560363965015285, 0.9966633655077539, -0.537646062770265, -0.45147572977642136, 0.09258244548248204, -0.21293503540773706, 0.31890898187338634, 0.7035484829870039, 0.4296657713816372, -0.39237242787259063, -0.6931874594396794, -0.35511698728669394, 0.8300061986784721, 0.9801609441577201, 0.25802520463330336, 0.948230177212705, -0.21540696532650994, 0.9593606094791709, -0.7901781175869214, 0.7581577308494849, 0.9592364347919082, -0.3142665443265968, -0.5204127695519583, 0.666807335380599, -0.15709239282917897, -0.7977988943716776, 0.6571581042969967, -0.06803294387188674, -0.33211751135654555, 0.11976354691247093, -0.38054406511907723, 0.7602628881765012, -0.7009691439474282, -0.7701358132275862, 0.5509564055069726, -0.09448399417041053, -0.47053412459031924, -0.6918006267219551, 0.3065238755765693, -0.8418048469760668, -0.4733152233500486, 0.2465419594209588, 0.7689209015493732, -0.42812074123545946, 0.6277752723786532, 0.9635669964623976, -0.3661191421533977, 0.46031560506231556, -0.41220419813785303, 0.7754254213420785, -0.5781322927281378, -0.3305453804475984, 0.7970756334757352, 0.06986868715137753, 0.46785647864733426, 0.6206197489574992, -0.6921348196973083, -0.032928108594799, 0.8959992804488213, 0.2572763679949521, -0.16828678211715276, -0.8201001308931332, -0.46733586263435956, 0.9867912744715979, -0.7447068205722733, -0.6047897836424954, -0.4676539312591137]
102.99422454833984	(8, 12, 2)	[-0.24192082284047634, -0.39790279285014435, -0.6323817029319055, 0.14150698583153987, -0.6617340719592397, 0.6410746655074209, -0.027192137304560937, -0.9170512362508996, -0.5697259539362145, 0.2679355216305086, -0.6834133308257333, -0.16889790603469512, -1.0, -0.6231772615336013, -0.6870663378871726, 0.36765770323234825, 0.1406168436845434, 0.4678945410924771, -0.516429616350232, 0.6744918422374679, -0.5450017799068032, -0.18068857278180706, 0.30922381977699986, -0.8646014250846921, 0.1245750439456963, 0.8712650153544654, 0.05556756519243522, 0.2138250143830549, -0.9643802957402692, 0.7418970672652405, -0.5246106197187503, 0.8976357124983054, -0.07072692210777799, 0.5647879320949158, 0.7413564698295112, -0.4104974519284792, 0.9473040216360415, -0.2698735742143898, -0.6783946415212896, -0.7575896439938387, -0.08061421381941192, -0.030126702374284747, -0.015453298371735924, 0.8503703491558425, -0.5293591510820637, 0.5966342175765209, 0.2222102523463898, 0.280761505589858, 0.7086260992734494, 0.6922676476276557, 0.5310281367435778, 0.5871125797787253, -0.0617633567057394, 0.08483951136319456, -0.9349837015296807, -0.537646062770265, -0.45147572977642136, 0.1394842796409812, -0.21293503540773706, -0.2549196451046063, 0.9614167188698086, -0.220772782894759, -0.6850601367410908, -0.6931874594396794, -0.35511698728669394, 0.8300061986784721, 0.9610808480683277, -0.2489024282376444, 0.948230177212705, -0.2632399441408506, -0.14678137449099093, -0.7901781175869214, -0.772047999942783, 0.9592364347919082, 0.8939786363974447, -0.5204127695519583, -0.0011664458315705506, -0.15709239282917897, 0.0026840864090067196, 0.32408164699473474, -0.06803294387188674, -0.1410892585540553, 0.11976354691247093, -0.38054406511907723, -0.8226063028221196, -0.7009691439474282, -0.7701358132275862, 0.5509564055069726, -0.4758234986430667, -0.5527838279115871, 0.9812682271592694, -0.5766268304371447, -0.83029205151533, -0.4733152233500486, -0.29897957129380326, 0.7689209015493732, -0.42812074123545946, 0.6277752723786532, -0.0736806321643082, -0.3661191421533977, 0.31345705941255353, 0.6410179409370256, 0.8578751422374788, -0.5781322927281378, -0.6122403840483661, 0.7970756334757352, 0.06986868715137753, 0.46785647864733426, 0.6206197489574992, 0.6222318173967938, -0.032928108594799, 0.8959992804488213, 0.3261541948185047, -0.8264554181615151, -0.5632945936020575, -0.46733586263435956, 0.8884321335182803, -0.7447068205722733, -0.4621381342287565, -0.4676539312591137]
102.96930694580078	(8, 12, 2)	[0.9016033568263959, -0.3115138932915802, 0.26055376652112683, -0.14698232152072715, -0.8094449213189367, -0.39951737535763887, 0.1077037004467476, -0.24511963737525466, 0.6812880505505334, 0.2679355216305086, 0.28075261969735266, 0.6742067072057838, -0.9733138623043105, 0.18937822805165494, -0.6870663378871726, 0.36765770323234825, 0.1406168436845434, -0.2882524663533703, 0.03188244410684238, 0.935885853500666, -0.3318686208087218, -0.4700019763246668, -0.6985416621712643, -0.45233820629425336, 0.1245750439456963, 0.13086475720529434, -0.5455009449830543, 0.2138250143830549, -0.9643802957402692, 0.7418970672652405, -0.5246106197187503, 0.8976357124983054, 0.11197866141952266, 0.5647879320949158, 0.7413564698295112, -0.8245148553938079, -0.5734868567482674, -0.2698735742143898, 0.5187026072918219, 0.9847800171200467, -0.08061421381941192, -0.030126702374284747, -0.015453298371735924, -0.5969158768981515, -0.1731912000672835, -0.8613724926558324, -0.6323108962088029, 0.280761505589858, 0.7086260992734494, 0.2357594340461333, -0.9292108904233156, 0.5871125797787253, -0.0617633567057394, 0.3560363965015285, 0.22791881939790182, -0.5010805681420372, -0.45147572977642136, 0.1394842796409812, -0.25946363751268, -0.2549196451046063, 0.733334037439809, -0.220772782894759, -0.6850601367410908, -0.428273422905178, -0.23950206151229203, 0.4957249876206506, 0.46145751351900643, -0.2489024282376444, -0.37835051799892816, -0.7889980713556173, 0.49638218716841814, 0.2588323514408388, -0.5848245388693226, 0.8298782731233889, 0.8939786363974447, -0.8726218273597459, -0.0011664458315705506, 0.6847757481549288, -0.4900542471809497, 0.32408164699473474, -0.06803294387188674, -0.1410892585540553, -0.9128295931012724, -0.5954055454029463, 0.7602628881765012, 0.22036857292793588, -0.7701358132275862, -0.16579329503926066, -0.09448399417041053, -0.19556061134398606, -0.3019741603662631, 0.3065238755765693, 0.011758032546240083, -0.13911283910224137, -0.1351981520632406, -0.7873521037420905, -0.5399205584269602, 0.9969525372773518, -0.0736806321643082, 0.9837191674889971, -0.3010044332978332, 0.38712306275708697, -0.13876912343812098, -0.5781322927281378, -0.6075853558863498, -0.36113680747391985, 0.21666036774610764, 0.30687835364230653, 0.6206197489574992, 0.3544654155399187, 0.1473837713196937, 0.8959992804488213, 0.8277030187910042, -0.8264554181615151, -0.5632945936020575, -0.46733586263435956, 0.01054844555662382, -0.9298578713221997, -0.41015796301235796, -0.9094451343634709]
96.06354522705078	(8, 12, 2)	[-0.05934876265305444, 0.9228768095003235, -0.6323817029319055, -0.6545871057411126, -0.6617340719592397, -0.39951737535763887, -0.9780441321413176, 0.9893812675570985, 0.5181733913183044, 0.6944453451804957, 0.25727297355659595, 0.7841289579649664, -1.0, -0.7115783302015346, -0.6870663378871726, 0.36765770323234825, -0.42688221112863767, -0.2882524663533703, 0.03188244410684238, 0.935885853500666, -0.5450017799068032, -0.4700019763246668, 0.2653030308223437, -0.8646014250846921, 0.5194545752393296, 0.10946592851114578, 0.05556756519243522, 0.8214260326050784, -0.8893781482344374, 0.9443167199836311, -0.14471940239893955, 0.8976357124983054, -0.5457865399354269, 0.39667979599382974, 0.7413564698295112, -0.4104974519284792, -0.5734868567482674, -0.7645491632426278, 0.6056359693142819, 0.9847800171200467, -0.08061421381941192, -0.030126702374284747, 0.22563774585516194, 0.8503703491558425, -0.24212583419147404, 0.5966342175765209, -0.6323108962088029, -0.2815343072310563, 0.7539316481723041, 0.8506065223393835, 0.1216613499938346, 0.5871125797787253, -0.5369941993666285, 0.08483951136319456, 0.9966633655077539, -0.5304422882170274, -0.741915944283803, 0.1394842796409812, 0.720441278271225, -0.2549196451046063, 0.9614167188698086, 0.9994708989731835, -0.6850601367410908, 0.9600988878434487, -0.35511698728669394, 0.4957249876206506, 0.9801609441577201, -0.2489024282376444, 0.948230177212705, -0.21540696532650994, -0.8673240159680826, -0.7901781175869214, 0.7581577308494849, -0.33158988936384765, -0.3142665443265968, 0.16767418492436192, -0.6763530671091533, 0.5362524768426891, 0.17996130379069597, 0.32408164699473474, -0.06803294387188674, -0.1410892585540553, 0.3483004422339764, -0.5954055454029463, 0.7602628881765012, -0.7009691439474282, -0.7701358132275862, 0.2725012919157772, -0.09448399417041053, -0.19556061134398606, -0.6918006267219551, 0.010663388293826959, -0.8418048469760668, -0.13911283910224137, -0.1351981520632406, 0.8201328350583093, -0.42812074123545946, 0.9969525372773518, -0.0736806321643082, -0.3661191421533977, 0.31345705941255353, 0.38712306275708697, -0.04473535432013054, -0.5781322927281378, -0.3305453804475984, 0.21865674414526892, 0.4998619410513121, 0.10682184083998555, -0.5505026787188574, 0.6222318173967938, 0.8478131818300287, 0.8959992804488213, 0.7792835981792479, -0.16828678211715276, 0.758073946858272, -0.8847259012886945, 0.9867912744715979, -0.9298578713221997, -0.29275338486845753, -0.4676539312591137]
96.28813171386719	(8, 12, 2)	[0.510649143460655, 0.9228768095003235, -0.4105809343312974, -0.5737836589257246, -0.6617340719592397, 0.6077652601077341, -0.9780441321413176, 0.8576579930517266, 0.14169035866559598, 0.0879704267684851, 0.1429338797702322, 0.7841289579649664, -0.9733138623043105, -0.7115783302015346, -0.6870663378871726, 0.012702823096391924, 0.7362119159354283, -0.26403694060879446, 0.03188244410684238, 0.9114230259871523, -0.3318686208087218, -0.18068857278180706, -0.6518824458559147, -0.3125949356618851, 0.1727893974396364, 0.48209279983655695, -0.5455009449830543, -0.7535795554647178, -0.5147830005517596, 0.7418970672652405, -0.33365625382866576, 0.8976357124983054, 0.03476709277579326, 0.39667979599382974, 0.2669675902792845, -0.4104974519284792, -0.5936887134690689, 0.42840163820329225, 0.5187026072918219, 0.4543651271247653, -0.08061421381941192, -0.5413136133043153, -0.823683014937064, 0.022376937926392726, -0.24212583419147404, -0.6721980157827274, -0.10375739927720073, -0.002059674924714372, 0.7873418432574073, 0.8506065223393835, -0.2522728856869305, 0.5871125797787253, -0.0617633567057394, 0.3560363965015285, -0.022938540990666126, -0.537646062770265, -0.45147572977642136, 0.7113518202324827, -0.1967126385535085, 0.31890898187338634, 0.6312791420809343, 0.5074443240139543, 0.9930120572004137, 0.9600988878434487, -0.35511698728669394, 0.8300061986784721, 0.5229837146987173, -0.2489024282376444, 0.9701852995573257, -0.21481381844218883, -0.008901107000593045, 0.2588323514408388, -0.772047999942783, -0.325200350378436, -0.5422921745352918, -0.8726218273597459, 0.0653904746684455, -0.5748773103095054, 0.6830314174510346, 0.6571581042969967, -0.06803294387188674, 0.9733269037978456, -0.9183400788982379, -0.38054406511907723, -0.5790095895498106, 0.22036857292793588, 0.16613203906284912, -0.16579329503926066, -0.09448399417041053, -0.19556061134398606, -0.052007357356948294, 0.9217787739662411, -0.7251046797656582, -0.13911283910224137, 0.2465419594209588, 0.2926024016078892, 0.20519110737854662, 0.9969525372773518, 0.3541689830977248, -0.3661191421533977, 0.4629699582158884, -0.08842092871829088, 0.9229623752636185, 0.8215257463316188, -0.1163670663308154, -0.36113680747391985, 0.21666036774610764, 0.128863470029706, -0.5505026787188574, 0.03184934960513512, 0.8406125080946832, -0.5361600244790843, 0.2572763679949521, -0.16828678211715276, -0.27784701281153423, -0.46733586263435956, 0.01054844555662382, -0.8886950225351304, 0.5174960797838093, 0.618344010841261]
102.93077087402344	(8, 12, 2)	[-0.24192082284047634, 0.9228768095003235, -0.7220658231127512, 0.14150698583153987, -0.8094449213189367, 0.4541091414855172, -0.9780441321413176, -0.49521804479380893, 0.14169035866559598, 0.0879704267684851, -0.8189714740316651, 0.6742067072057838, 0.6421861706481446, -0.7115783302015346, -0.6870663378871726, 0.36765770323234825, 0.10145385624982262, 0.874816370135383, -0.3379978063542506, -0.310294391184307, -0.3318686208087218, -0.15198129671965155, -0.6518824458559147, -0.45233820629425336, 0.1245750439456963, -0.23209003574697284, 0.2542964882067411, 0.9024534873230246, -0.5147830005517596, 0.4563780572839311, -0.5246106197187503, 0.8976357124983054, 0.03476709277579326, 0.5796951903481491, -0.7713441939707408, 0.14947388469213907, -0.5940347007090322, 0.42840163820329225, 0.2174818014229234, -0.7575896439938387, -0.08061421381941192, -0.13604999068331924, -0.823683014937064, -0.5692076892811435, 0.3607204905675856, 0.5919318497640016, -0.6122714591334537, 0.280761505589858, 0.6260506609990444, -0.6023154881862116, 0.5310281367435778, 0.5871125797787253, -0.5369941993666285, 0.3560363965015285, 0.22791881939790182, -0.537646062770265, -0.7799881650689333, 0.1394842796409812, -0.1967126385535085, -0.2549196451046063, 0.733334037439809, 0.4296657713816372, 0.9930120572004137, -0.428273422905178, -0.35511698728669394, 0.6292317125666536, 0.46145751351900643, 0.25802520463330336, -0.37835051799892816, 0.6729939716337952, 0.1522523493372514, -0.8469598966417944, -0.661635201513536, 0.9592364347919082, -0.6084812726443027, -0.7045234555881248, -0.0011664458315705506, -0.5456483371425132, 0.02839320469532347, 0.32408164699473474, -0.06803294387188674, -0.1410892585540553, -0.9183400788982379, -0.5954055454029463, -0.7326585235336203, 0.13885108080026742, 0.23824695976673227, 0.2725012919157772, -0.09448399417041053, -0.47053412459031924, -0.3019741603662631, -0.5766268304371447, 0.011758032546240083, -0.13911283910224137, 0.2465419594209588, 0.15151353021167488, -0.4073715654841561, -0.4816487515257591, -0.6877359160318421, -0.3661191421533977, -0.3774960396797906, 0.38712306275708697, -0.13876912343812098, -0.6480833516337552, 0.418647236569359, 0.7970756334757352, 0.5160532827505231, 0.13600055174118597, 0.6206197489574992, 0.6222318173967938, 0.8036610512624713, 0.8959992804488213, 0.21868738568212517, -0.12379581865987865, -0.8201001308931332, 0.5204143105661942, 0.01054844555662382, -0.7447068205722733, -0.536183741971491, -0.8911427038724005]
102.95268249511719	(8, 12, 2)	[0.510649143460655, 0.9228768095003235, -0.6047167053919162, 0.14150698583153987, -0.6617340719592397, 0.4541091414855172, -0.027192137304560937, -0.9170512362508996, 0.14169035866559598, 0.0879704267684851, 0.25727297355659595, 0.6742067072057838, -1.0, -0.7115783302015346, 0.6245182027489986, 0.012702823096391924, 0.10145385624982262, 0.874816370135383, 0.03188244410684238, -0.310294391184307, 0.46032652980594535, -0.18068857278180706, -0.6518824458559147, -0.45233820629425336, 0.5194545752393296, 0.13086475720529434, 0.2542964882067411, 0.14800452335446385, -0.5147830005517596, 0.4563780572839311, -0.4050184571819877, -0.2096843989411512, 0.03476709277579326, 0.5796951903481491, -0.7713441939707408, 0.14947388469213907, 0.3373567090466574, 0.42840163820329225, 0.5187026072918219, -0.7575896439938387, -0.08061421381941192, -0.030126702374284747, -0.823683014937064, -0.5969158768981515, -0.24212583419147404, 0.5919318497640016, -0.10375739927720073, 0.280761505589858, 0.6260506609990444, -0.6023154881862116, 0.5310281367435778, 0.5871125797787253, -0.0617633567057394, 0.3560363965015285, 0.22791881939790182, -0.537646062770265, -0.6803320549930185, 0.1394842796409812, -0.1967126385535085, -0.09815281296395328, 0.733334037439809, 0.9994708989731835, 0.9930120572004137, -0.428273422905178, -0.35511698728669394, 0.8300061986784721, 0.46145751351900643, -0.2489024282376444, -0.37835051799892816, 0.6729939716337952, -0.8673240159680826, -0.7901781175869214, -0.772047999942783, 0.9592364347919082, 0.8939786363974447, -0.5204127695519583, 0.21162558718103752, -0.5640079134080604, 0.02839320469532347, 0.32408164699473474, -0.06803294387188674, 0.9733269037978456, -0.8601194519892658, -0.5954055454029463, -0.5790095895498106, 0.11277456182846879, 0.23824695976673227, 0.2725012919157772, 0.12718860504074955, -0.19556061134398606, -0.3690743095850073, -0.42622177201186684, 0.011758032546240083, -0.13911283910224137, -0.1588589211134543, 0.15151353021167488, -0.42812074123545946, -0.4816487515257591, -0.6877359160318421, -0.3661191421533977, -0.3774960396797906, 0.38712306275708697, 0.8578751422374788, 0.8215257463316188, 0.418647236569359, 0.7970756334757352, 0.4998619410513121, 0.13600055174118597, 0.6206197489574992, 0.6085117811349705, 0.8036610512624713, 0.9229313588526911, 0.7792835981792479, -0.12379581865987865, -0.8201001308931332, 0.5204143105661942, 0.9867912744715979, -0.8886950225351304, -0.536183741971491, 0.13858446607536234]
102.9334487915039	(8, 12, 2)	[0.510649143460655, 0.9228768095003235, -0.6047167053919162, 0.14150698583153987, -0.6617340719592397, 0.4541091414855172, -0.027192137304560937, -0.9170512362508996, 0.14169035866559598, 0.0879704267684851, 0.25727297355659595, 0.6742067072057838, -1.0, -0.7115783302015346, 0.6245182027489986, 0.012702823096391924, 0.10145385624982262, 0.874816370135383, 0.03188244410684238, -0.310294391184307, 0.46032652980594535, -0.18068857278180706, -0.6518824458559147, -0.45233820629425336, 0.5194545752393296, 0.13086475720529434, 0.2542964882067411, 0.14800452335446385, -0.5147830005517596, 0.4563780572839311, -0.4050184571819877, -0.2096843989411512, 0.03476709277579326, 0.5796951903481491, -0.7713441939707408, 0.14947388469213907, 0.3373567090466574, 0.42840163820329225, 0.5187026072918219, -0.7575896439938387, -0.08061421381941192, -0.030126702374284747, -0.823683014937064, -0.5969158768981515, -0.24212583419147404, 0.5919318497640016, -0.10375739927720073, 0.280761505589858, 0.6260506609990444, -0.6023154881862116, 0.5310281367435778, 0.5871125797787253, -0.0617633567057394, 0.3560363965015285, 0.22791881939790182, -0.537646062770265, -0.6803320549930185, 0.1394842796409812, -0.1967126385535085, -0.09815281296395328, 0.733334037439809, 0.9994708989731835, 0.9930120572004137, -0.428273422905178, -0.35511698728669394, 0.8300061986784721, 0.46145751351900643, -0.2489024282376444, -0.37835051799892816, 0.6729939716337952, -0.8673240159680826, -0.7901781175869214, -0.772047999942783, 0.9592364347919082, 0.8939786363974447, -0.5204127695519583, 0.21162558718103752, -0.5640079134080604, 0.02839320469532347, 0.32408164699473474, -0.06803294387188674, 0.9733269037978456, -0.8601194519892658, -0.5954055454029463, -0.5790095895498106, 0.11277456182846879, 0.23824695976673227, 0.2725012919157772, 0.12718860504074955, -0.19556061134398606, -0.3690743095850073, -0.42622177201186684, 0.011758032546240083, -0.13911283910224137, -0.1588589211134543, 0.15151353021167488, -0.42812074123545946, -0.4816487515257591, -0.6877359160318421, -0.3661191421533977, -0.3774960396797906, 0.38712306275708697, 0.8578751422374788, 0.8215257463316188, 0.418647236569359, 0.7970756334757352, 0.4998619410513121, 0.13600055174118597, 0.6206197489574992, 0.6085117811349705, 0.8036610512624713, 0.9229313588526911, 0.7792835981792479, -0.12379581865987865, -0.8201001308931332, 0.5204143105661942, 0.9867912744715979, -0.8886950225351304, -0.536183741971491, 0.13858446607536234]
102.98380279541016	(8, 12, 2)	[-0.17756529494077777, -0.7019122675180767, -0.6047167053919162, 0.8698253493940049, -0.6996004747432529, 0.6117045177839973, 0.1077037004467476, -0.9170512362508996, 0.1490652993277768, 0.20009716278145923, 0.1429338797702322, -0.16889790603469512, 0.9148535265592553, 0.18937822805165494, -0.6870663378871726, 0.36765770323234825, 0.1406168436845434, 0.4678945410924771, -0.16027987553376666, 0.8110179143187348, -0.3318686208087218, -0.4700019763246668, 0.2653030308223437, -0.8646014250846921, 0.5194545752393296, 0.13086475720529434, -0.5455009449830543, 0.2138250143830549, -0.8893781482344374, 0.35096214607303566, 0.6180340934747123, 0.8976357124983054, -0.5457865399354269, -0.1403566294938574, 0.2669675902792845, 0.14947388469213907, 0.9473040216360415, 0.42840163820329225, 0.6056359693142819, 0.31850972857590953, -0.08061421381941192, -0.5413136133043153, 0.3002601710359094, -0.4071901723804985, -0.5293591510820637, 0.5919318497640016, 0.2222102523463898, 0.280761505589858, 0.4403072521650333, -0.6023154881862116, 0.4665231351193715, 0.5871125797787253, -0.5369941993666285, 0.3560363965015285, 0.9966633655077539, -0.43662858595526105, -0.6803320549930185, 0.21193179251548733, -0.9884811557865352, -0.34617820151094275, 0.7035484829870039, 0.8640640075421451, -0.7529155598177368, -0.6931874594396794, -0.13127343109105838, 0.3934603445536671, 0.9610808480683277, -0.2489024282376444, -0.3415737990219952, -0.2632399441408506, -0.6187988648056464, -0.7901781175869214, -0.772047999942783, -0.33158988936384765, 0.8939786363974447, -0.7045234555881248, -0.0011664458315705506, -0.15709239282917897, 0.25753174467619333, 1.0, -0.06803294387188674, 0.9733269037978456, -0.8601194519892658, -0.5954055454029463, -0.5790095895498106, 0.13885108080026742, 0.15322318803850798, 0.4870781860597164, -0.09448399417041053, -0.19556061134398606, -0.695630113940283, -0.5234522135747363, -0.83029205151533, 0.9137611443950919, -0.1351981520632406, 0.15151353021167488, -0.5399205584269602, -0.4816487515257591, -0.14097431520484172, 0.9619524991187232, -0.8289551075027908, 0.6410179409370256, 0.7815251572955384, -0.6988572802781369, -0.8755802347390618, 0.14641727390272719, 0.06323868967981294, -0.3043780901634725, 0.6607036719035113, 0.03184934960513512, -0.032928108594799, 0.9229313588526911, -0.20681421057781813, -0.8317147002779792, 0.7175911048584585, 0.5204143105661942, 0.8884321335182803, -0.8886950225351304, -0.5182666116255881, -0.03952390482206103]
102.73880004882812	(8, 12, 2)	[-0.24192082284047634, -0.3115138932915802, -0.905123435551906, 0.9595860371688354, 0.768094612887438, 0.6410746655074209, 0.1077037004467476, -0.9170512362508996, -0.20814369091974294, 0.0879704267684851, 0.28075261969735266, 0.7841289579649664, 0.8203703703875498, -0.7115783302015346, -0.19696581802916646, 0.012702823096391924, -0.42688221112863767, 0.874816370135383, -0.16027987553376666, 0.9114230259871523, -0.3318686208087218, -0.11506689285135563, -0.6518824458559147, -0.8646014250846921, 0.6798147806461157, 0.2536619558333715, 0.05556756519243522, 0.9024534873230246, -0.5401713355273763, 0.8265120192159152, -0.6786265607054314, 0.8976357124983054, 0.07692166400873611, -0.1566064874407742, -0.5118027232098507, 0.14947388469213907, -0.5940347007090322, -0.12679766403305057, 0.6056359693142819, -0.0909778148947118, 0.3924782172714687, 0.03656337043086677, -0.27942990139862667, -0.5969158768981515, -0.5293591510820637, -0.2981646906541784, 0.2222102523463898, -0.2815343072310563, -0.032157347200944875, 0.8506065223393835, 0.1216613499938346, 0.9053170306517095, -0.9140862753185999, 0.3560363965015285, 0.22791881939790182, -0.48745352884531634, 0.11492097616079411, 0.1394842796409812, -0.25946363751268, 0.3974292734459397, 0.5393837569610533, 0.4296657713816372, -0.7435063967715002, -0.6931874594396794, -0.13127343109105838, 0.7116002965592458, 0.46145751351900643, -0.2489024282376444, -0.37835051799892816, -0.21481381844218883, 0.9593606094791709, -0.7901781175869214, -0.772047999942783, -0.3175632765597255, 0.6753323780045442, -0.2319574995836664, -0.0011664458315705506, -0.1590320583472544, -0.1164968971327145, 0.32408164699473474, -0.8015575474610666, -0.1410892585540553, 0.3483004422339764, -0.19725525832272844, -0.7326585235336203, -0.7009691439474282, -0.7701358132275862, 0.2725012919157772, 0.2733067379607892, -0.19556061134398606, -0.695630113940283, 0.3065238755765693, -0.4584938949800519, -0.4733152233500486, 0.2465419594209588, 0.2926024016078892, -0.5399205584269602, -0.4816487515257591, -0.0736806321643082, -0.3661191421533977, -0.3010044332978332, -0.08842092871829088, 0.9229623752636185, -0.6480833516337552, -0.6075853558863498, -0.36113680747391985, 0.4998619410513121, -0.741601152265057, 0.6206197489574992, 0.6222318173967938, 0.8406125080946832, 0.762580085807435, 0.3261541948185047, -0.19446204785846044, -0.8201001308931332, -0.46733586263435956, 0.01054844555662382, -0.8261192242439959, -0.41015796301235796, -0.949757778175894]
99.91978454589844	(8, 12, 2)	[0.9016033568263959, -0.3115138932915802, -0.6047167053919162, -0.14698232152072715, -0.6996004747432529, 0.4541091414855172, 0.027799659369223503, -0.9170512362508996, -0.05875833044761347, 0.0879704267684851, -0.6834133308257333, -0.16889790603469512, 0.8203703703875498, 0.18937822805165494, -0.19696581802916646, -0.8687314523139136, 0.4389717443434482, 0.13677877461872923, -0.16027987553376666, 0.6744918422374679, -0.5450017799068032, -0.658954289903307, -0.6949146844615757, -0.3125949356618851, 0.5194545752393296, -0.23209003574697284, 0.2542964882067411, 0.14800452335446385, -0.17282897104420658, 0.7418970672652405, -0.14471940239893955, -0.2096843989411512, 0.07692166400873611, 0.5647879320949158, -0.7713441939707408, 0.12928920353603995, 0.3373567090466574, 0.42840163820329225, -0.6783946415212896, 0.9847800171200467, 0.44459154710266424, -0.030126702374284747, -0.823683014937064, -0.5692076892811435, -0.24212583419147404, 0.5919318497640016, -0.10375739927720073, 0.280761505589858, 0.5285576457339856, 0.993696615976632, -0.2522728856869305, 0.9053170306517095, -0.3187913379460723, 0.3560363965015285, 0.9966633655077539, -0.537646062770265, -0.6803320549930185, 0.21193179251548733, -0.25946363751268, 0.3974292734459397, 0.733334037439809, 0.4296657713816372, -0.6850601367410908, -0.6931874594396794, -0.8670914201446769, 0.19976222110249742, 0.9610808480683277, -0.2489024282376444, 0.6005757689741351, -0.7889980713556173, -0.8673240159680826, -0.7901781175869214, -0.661635201513536, -0.325200350378436, -0.5422921745352918, -0.03303729335429639, -0.0011664458315705506, 0.5362524768426891, 0.6830314174510346, 0.32408164699473474, 0.023498827114663223, -0.1410892585540553, -0.9128295931012724, -0.5218529992504772, -0.501618042879125, 0.11277456182846879, -0.7701358132275862, -0.20686142342274266, 0.6788395454727492, -0.3362707734651772, -0.6918006267219551, -0.5766268304371447, -0.83029205151533, -0.13911283910224137, 0.2465419594209588, 0.2926024016078892, -0.7798002498764869, 0.9969525372773518, -0.0736806321643082, 0.9619524991187232, -0.3774960396797906, 0.38712306275708697, -0.13876912343812098, -0.5781322927281378, -0.1163670663308154, -0.11797385694924345, 0.17204653760773803, 0.10682184083998555, 0.6206197489574992, 0.5610728654419488, 0.9410566360096319, 0.8959992804488213, -0.20681421057781813, -0.8317147002779792, -1.0, -0.3086519099093791, 0.9867912744715979, -0.9298578713221997, -0.7122004381606908, -0.9094451343634709]
102.9212875366211	(8, 12, 2)	[0.9016033568263959, -0.3115138932915802, -0.905123435551906, 0.9595860371688354, -0.6996004747432529, 0.4541091414855172, 0.1077037004467476, -0.9170512362508996, -0.05875833044761347, 0.0879704267684851, -0.6834133308257333, -0.16889790603469512, 0.8203703703875498, 0.18937822805165494, -0.19696581802916646, -0.8687314523139136, 0.4389717443434482, 0.2506081855377549, 0.03188244410684238, 0.6744918422374679, -0.3318686208087218, -0.658954289903307, -0.6985416621712643, -0.3125949356618851, 0.5194545752393296, 0.10188862627718143, -0.5455009449830543, 0.14800452335446385, -0.5401713355273763, 0.8265120192159152, -0.33365625382866576, 0.8976357124983054, 0.07692166400873611, -0.1566064874407742, -0.7713441939707408, 0.14947388469213907, 0.3373567090466574, -0.5556322370178264, -0.6783946415212896, 0.31850972857590953, -0.08061421381941192, 0.03656337043086677, -0.823683014937064, -0.5708304560164243, -0.24212583419147404, 0.5919318497640016, -0.10375739927720073, 0.280761505589858, -0.032157347200944875, 0.8506065223393835, 0.4665231351193715, 0.9053170306517095, -0.9140862753185999, 0.3560363965015285, 0.9966633655077539, -0.537646062770265, 0.11492097616079411, 0.21193179251548733, -0.9884811557865352, -0.2279164165309322, 0.733334037439809, 0.4296657713816372, -0.7435063967715002, -0.6931874594396794, -0.8670914201446769, 0.8300061986784721, 0.5996189963431782, -0.2489024282376444, 0.9701852995573257, -0.7889980713556173, -0.8673240159680826, -0.7901781175869214, -0.33741636159040134, -0.3175632765597255, 0.6753323780045442, -0.03303729335429639, -0.0011664458315705506, -0.5814376030050448, 0.0026840864090067196, 0.32408164699473474, 0.023498827114663223, -0.1410892585540553, -0.48095871374902566, 0.3321625893153346, -0.501618042879125, 0.11277456182846879, 0.16613203906284912, -0.20686142342274266, 0.12718860504074955, -0.3362707734651772, -0.695630113940283, 0.3065238755765693, -0.83029205151533, -0.13911283910224137, 0.2465419594209588, 0.2926024016078892, 0.7962139129218091, 0.9969525372773518, -0.0736806321643082, 0.9619524991187232, -0.3774960396797906, 0.38712306275708697, -0.13876912343812098, -0.5781322927281378, -0.1163670663308154, -0.11797385694924345, 0.17204653760773803, 0.10682184083998555, 0.6206197489574992, 0.5610728654419488, 0.9410566360096319, 0.8959992804488213, -0.20681421057781813, -0.8264554181615151, -1.0, -0.3086519099093791, 0.9867912744715979, -0.8261192242439959, -0.7122004381606908, 0.618344010841261]
102.99134063720703	(8, 12, 2)	[0.4439930808482809, -0.7019122675180767, -0.6047167053919162, -0.14698232152072715, -0.8094449213189367, 0.4541091414855172, 0.1077037004467476, -0.9170512362508996, -0.5697259539362145, 0.009142070710449382, 0.28075261969735266, 0.8189771368718209, 0.8203703703875498, -0.7115783302015346, 0.6245182027489986, 0.36765770323234825, -0.42688221112863767, 0.6177835856721153, 0.03188244410684238, 0.9114230259871523, -0.3318686208087218, -0.658954289903307, -0.6305308542741895, -0.4507852194104505, 0.5194545752393296, 0.1278369052674324, -0.8225523766364395, 0.14800452335446385, -1.0, 0.35096214607303566, 0.6180340934747123, 0.8976357124983054, -0.5457865399354269, 0.8079158693792008, -0.7713441939707408, 0.14947388469213907, -0.5940347007090322, -0.2698735742143898, 0.5187026072918219, 0.4543651271247653, -0.08061421381941192, -0.5413136133043153, -0.27942990139862667, 0.8503703491558425, -0.24212583419147404, 0.5966342175765209, -0.10375739927720073, -0.2650877700253167, 0.4403072521650333, -0.6023154881862116, -0.839922476406717, 0.5871125797787253, -0.0617633567057394, 0.3560363965015285, 0.3658179163973667, -0.537646062770265, -0.7799881650689333, 0.7113518202324827, -0.21293503540773706, 0.31890898187338634, 0.7035484829870039, 0.4296657713816372, -0.7529155598177368, 0.9600988878434487, -0.8670914201446769, 0.8300061986784721, 0.5996189963431782, 0.29469479608047117, 0.32847994278005266, -0.14108573072211128, -0.8686359404612508, -0.7901781175869214, -0.33741636159040134, -0.151773462661851, -0.5422921745352918, -0.6252295169702788, 0.21162558718103752, -0.1590320583472544, -0.7977988943716776, 0.2515916827274896, -0.06803294387188674, -0.1410892585540553, 0.3483004422339764, 0.3321625893153346, -0.7326585235336203, -0.7009691439474282, 0.15322318803850798, 0.2725012919157772, 0.6788395454727492, -0.19556061134398606, 0.9812682271592694, 0.9901164180303998, 0.011758032546240083, -0.13911283910224137, -0.1588589211134543, 0.2926024016078892, -0.5399205584269602, 0.6277752723786532, -0.9594573968564967, 0.9619524991187232, -0.3010044332978332, -0.41220419813785303, 0.8578751422374788, -0.6480833516337552, -0.6075853558863498, -0.35341614558286794, 0.5160532827505231, -0.741601152265057, -0.5505026787188574, -0.6921348196973083, 0.8036610512624713, -0.6914044117820106, 0.2572763679949521, -0.37426231944036803, -0.4959238914824587, -0.46733586263435956, -0.9706573305716777, -0.8261192242439959, -0.41015796301235796, 0.13858446607536234]
102.97896575927734	(8, 12, 2)	[-0.17756529494077777, -0.3115138932915802, -0.8439374496922731, -0.14698232152072715, -0.6996004747432529, 0.4541091414855172, -0.9780441321413176, -0.9170512362508996, 0.6812880505505334, 0.0879704267684851, 0.0626548591421574, -0.29938696638015316, -0.8699023193553296, -0.36537166726039194, -0.9282711165929283, 0.36765770323234825, 0.10145385624982262, 0.2506081855377549, 0.03188244410684238, 0.9114230259871523, -0.5450017799068032, -0.658954289903307, -0.6518824458559147, -0.45233820629425336, 0.5194545752393296, 0.8712650153544654, 0.2542964882067411, 0.5796954714483329, -0.8708809530903525, 0.7418970672652405, -0.14471940239893955, 0.8976357124983054, 0.03476709277579326, 0.5796951903481491, 0.991235984024817, 0.01771872748633785, 0.9473040216360415, -0.6301020619083226, 0.6056359693142819, 0.9847800171200467, -0.08061421381941192, -0.5413136133043153, -0.823683014937064, -0.5969158768981515, -0.24212583419147404, 0.628443302192384, 0.2222102523463898, -0.2650877700253167, 0.4403072521650333, 0.8506065223393835, -0.839922476406717, 0.5871125797787253, -0.6969919216346019, 0.3560363965015285, 0.9966633655077539, -0.537646062770265, -0.8201540415265017, 0.21193179251548733, -1.0, 0.31890898187338634, 0.733334037439809, 0.4631456445381941, -0.6850601367410908, -0.6931874594396794, 0.19521015026305966, 0.19976222110249742, 0.9610808480683277, -0.2489024282376444, 0.6005757689741351, -0.7889980713556173, -0.8673240159680826, -0.8469598966417944, -0.661635201513536, 0.9592364347919082, 0.5301751812663477, -0.6252295169702788, 0.21162558718103752, 0.6949608213673873, 0.02839320469532347, 0.32408164699473474, -0.06803294387188674, -0.1410892585540553, 0.11976354691247093, -0.5954055454029463, -0.8226063028221196, -0.7009691439474282, 0.09165527089280974, 0.8069622901830591, -0.4758234986430667, -0.19556061134398606, 0.7940956405427653, 0.9901164180303998, -0.5878595777585562, -0.13911283910224137, 0.2465419594209588, 0.2926024016078892, -0.42812074123545946, -0.4816487515257591, -0.6877359160318421, 0.9837191674889971, -0.8289551075027908, -0.41220419813785303, 0.7286746717845073, -0.6480833516337552, -0.6075853558863498, -0.36113680747391985, 0.4998619410513121, 0.46785647864733426, 0.6206197489574992, -0.6921348196973083, -0.032928108594799, 0.762580085807435, 0.2572763679949521, -0.8317147002779792, -0.8201001308931332, -0.46733586263435956, 0.01054844555662382, -1.0, -0.6047897836424954, 0.13858446607536234]
102.99031066894531	(8, 12, 2)	[-0.24192082284047634, -0.3115138932915802, -0.6047167053919162, -0.08174362214478403, 0.768094612887438, 0.4541091414855172, -0.9780441321413176, -0.7060656310504718, 0.1490652993277768, 0.0879704267684851, 0.28075261969735266, -0.16889790603469512, 0.8203703703875498, -0.9988424261228293, -0.6870663378871726, 0.012702823096391924, 0.10145385624982262, 0.2506081855377549, 0.010778409313032599, 0.935885853500666, -0.5450017799068032, -0.4700019763246668, -0.6985416621712643, -0.8646014250846921, 0.5194545752393296, 0.11127264435884716, -0.5455009449830543, 0.14800452335446385, -0.17282897104420658, 0.4563780572839311, -0.14471940239893955, 0.8976357124983054, 0.07692166400873611, -0.1566064874407742, 0.991235984024817, 0.14947388469213907, 0.3373567090466574, -0.7645491632426278, 0.6056359693142819, 0.4543651271247653, -0.08061421381941192, -0.5413136133043153, -0.823683014937064, -0.5969158768981515, -0.5293591510820637, -0.6721980157827274, -0.6323108962088029, -0.2815343072310563, 0.45159539863706566, 0.993696615976632, 0.4665231351193715, 0.5871125797787253, -0.0617633567057394, 0.3560363965015285, 0.9966633655077539, -0.537646062770265, -0.6803320549930185, 0.21193179251548733, -0.21293503540773706, -0.2549196451046063, 0.733334037439809, 0.9994708989731835, -0.6850601367410908, -0.57552447337138, -0.13127343109105838, 0.8300061986784721, 0.9610808480683277, 0.25802520463330336, 0.6005757689741351, -0.7889980713556173, -0.8673240159680826, 0.2588323514408388, -0.661635201513536, 0.9592364347919082, 0.8939786363974447, -0.8726218273597459, -0.0011664458315705506, 0.5362524768426891, 0.02839320469532347, 0.32408164699473474, 0.023498827114663223, -0.33211751135654555, -0.9183400788982379, -0.5218529992504772, 0.7602628881765012, -0.7009691439474282, -0.7701358132275862, -0.20686142342274266, 0.8650682498228106, -0.19556061134398606, 0.7940956405427653, 0.9901164180303998, -0.83029205151533, -0.13911283910224137, -0.1588589211134543, 0.2926024016078892, -0.7798002498764869, -0.4816487515257591, -0.0736806321643082, 0.3712130419234272, -0.49988168635686425, -0.41220419813785303, 0.523131555486831, -0.5781322927281378, -0.6075853558863498, -0.11797385694924345, 0.4998619410513121, -0.3043780901634725, -0.5505026787188574, -0.6921348196973083, 0.8478131818300287, 0.762580085807435, 0.2572763679949521, -0.8317147002779792, -0.8201001308931332, -0.3415015903149693, 0.9867912744715979, 0.9963069729837883, -0.7122004381606908, 0.13858446607536234]
102.0685043334961	(8, 12, 2)	[0.510649143460655, -0.5238591011661627, -0.8439374496922731, -0.15729412632567885, -0.6996004747432529, 0.6117045177839973, 0.1077037004467476, 0.2580866513645881, -0.5697259539362145, 0.0879704267684851, 0.28075261969735266, 0.880079015493244, -0.9733138623043105, -0.36537166726039194, -0.9282711165929283, 0.36765770323234825, 0.1406168436845434, 0.13677877461872923, 0.03188244410684238, 0.8110179143187348, -0.5450017799068032, -0.658954289903307, -0.6305308542741895, -0.4507852194104505, 0.1245750439456963, 0.8712650153544654, -0.9172731381633956, 0.1758729494810254, -0.5401713355273763, 0.35096214607303566, -0.4050184571819877, 0.8976357124983054, -0.5457865399354269, 0.5647879320949158, -0.5856924601856466, 0.9413194817914254, 0.3373567090466574, 0.42840163820329225, -0.6783946415212896, 0.4543651271247653, -0.08061421381941192, -0.5413136133043153, -0.27942990139862667, -0.5692076892811435, -0.5293591510820637, -0.6721980157827274, -0.6323108962088029, -0.2650877700253167, 0.4403072521650333, 0.8506065223393835, -0.9292108904233156, 0.6337928662456074, -0.0617633567057394, 0.3560363965015285, 0.9966633655077539, -0.537646062770265, -0.6803320549930185, -0.46512245310428035, -0.21293503540773706, 0.31890898187338634, 0.733334037439809, 0.5074443240139543, -0.4601724459553466, -0.6931874594396794, 0.19521015026305966, 0.8300061986784721, 0.9801609441577201, -0.2489024282376444, 0.9701852995573257, -0.2632399441408506, -0.14678137449099093, -0.7901781175869214, 0.8137865545312515, -0.33158988936384765, 1.0, -0.120956017513284, -0.19642995874956257, -0.009666230048061913, -0.7977988943716776, 0.6571581042969967, -0.06803294387188674, -0.1410892585540553, 0.6610304777441833, -0.5218529992504772, -0.8226063028221196, -0.7009691439474282, 0.15322318803850798, 0.4870781860597164, -0.47089265871632485, -0.19556061134398606, 0.7940956405427653, 0.9901164180303998, -0.8418048469760668, 0.9137611443950919, 0.2465419594209588, 0.2926024016078892, 0.20519110737854662, 0.46960865879901115, -0.0736806321643082, 0.9619524991187232, -0.8289551075027908, -0.41220419813785303, 0.6265936593504778, -0.172887020403652, -0.1163670663308154, -0.11797385694924345, 0.5160532827505231, -0.741601152265057, 0.6206197489574992, 0.3544654155399187, 0.1473837713196937, 0.762580085807435, 0.7792835981792479, -0.37426231944036803, -0.8119507565068547, -0.46733586263435956, 0.1263103370289813, 0.9963069729837883, -0.5182666116255881, 0.13858446607536234]
100.4194107055664	(8, 12, 2)	[-0.17756529494077777, -0.7019122675180767, -0.8439374496922731, -0.14698232152072715, -0.6996004747432529, 0.4541091414855172, 0.1077037004467476, -0.9170512362508996, 0.1370229813927332, 0.0879704267684851, 0.1429338797702322, 0.7841289579649664, 0.4021905611773571, -0.36537166726039194, -0.19696581802916646, 0.012702823096391924, -0.42688221112863767, 0.2506081855377549, 0.03188244410684238, 0.8261974586113118, -0.3318686208087218, -0.4700019763246668, -0.6518824458559147, -0.45233820629425336, 0.5194545752393296, 0.10188862627718143, -0.5455009449830543, 0.2138250143830549, -0.17282897104420658, 0.9443167199836311, -0.4050184571819877, -0.2096843989411512, 0.03476709277579326, 0.5796951903481491, 0.7413564698295112, 0.01771872748633785, -0.5940347007090322, -0.5556322370178264, 0.5187026072918219, -0.7575896439938387, 0.4059709694536298, -0.5413136133043153, -0.823683014937064, -0.5969158768981515, -0.24212583419147404, 0.5919318497640016, -0.10375739927720073, -0.2815343072310563, 0.5285576457339856, -0.6023154881862116, 0.1216613499938346, 0.9053170306517095, -0.6969919216346019, 0.3560363965015285, 0.9966633655077539, -0.537646062770265, 0.11492097616079411, 0.1394842796409812, -0.3386546090591433, 0.31890898187338634, 0.733334037439809, 0.4296657713816372, -0.7435063967715002, 0.9600988878434487, 0.19521015026305966, 0.19976222110249742, 0.9610808480683277, 0.29469479608047117, 0.6005757689741351, -0.02040220095287254, -0.8673240159680826, -0.7901781175869214, -0.693116319049786, -0.33158988936384765, 0.8939786363974447, -0.8726218273597459, 0.21162558718103752, 0.5362524768426891, 0.02839320469532347, 0.32408164699473474, -0.06803294387188674, -0.1410892585540553, -0.9183400788982379, -0.5218529992504772, 0.7602628881765012, 0.13885108080026742, -0.7701358132275862, -0.16579329503926066, 0.2733067379607892, -0.19556061134398606, 0.7940956405427653, 0.3056028378440986, -0.83029205151533, -0.13911283910224137, 0.2465419594209588, 0.2926024016078892, 0.7962139129218091, -0.4816487515257591, -0.6877359160318421, 0.9619524991187232, -0.3774960396797906, 0.38712306275708697, 0.03235493276245893, -0.5781322927281378, -1.0, 0.7970756334757352, 0.4998619410513121, 0.128863470029706, 0.6206197489574992, 0.6222318173967938, 0.6086891461623143, 0.8959992804488213, -0.20681421057781813, -0.8317147002779792, -1.0, -0.46733586263435956, 0.9867912744715979, -1.0, -0.6047897836424954, 0.13858446607536234]
102.97285461425781	(8, 12, 2)	[0.510649143460655, -0.5027869344530648, -0.8439374496922731, -0.7862624117967598, -0.6996004747432529, 0.6117045177839973, 0.1077037004467476, 0.2580866513645881, -0.05875833044761347, 0.7695123910170705, 0.28075261969735266, 0.880079015493244, 0.8203703703875498, -0.7115783302015346, -0.6870663378871726, 0.36765770323234825, 0.10145385624982262, 0.13677877461872923, -0.16027987553376666, 0.9114230259871523, -0.3318686208087218, -0.658954289903307, -0.6949146844615757, -0.3125949356618851, 0.5194545752393296, 0.8712650153544654, -0.9172731381633956, -0.45424558057329456, -0.17282897104420658, 0.7418970672652405, -0.7664480008874122, -0.2096843989411512, 0.03476709277579326, -0.1566064874407742, -0.5856924601856466, 0.9413194817914254, 1.0, 0.42840163820329225, -0.6783946415212896, 0.9847800171200467, -0.08061421381941192, -0.5413136133043153, -0.823683014937064, -0.43817795255750747, -0.24212583419147404, 0.5919318497640016, -0.10375739927720073, 0.19914875710211422, -0.032157347200944875, 0.8506065223393835, -0.9292108904233156, 0.9053170306517095, -0.0617633567057394, 0.3560363965015285, 0.9966633655077539, -0.537646062770265, -0.6803320549930185, -0.46512245310428035, -0.9884811557865352, 0.31890898187338634, 0.6669685564304508, 0.8640640075421451, -0.6850601367410908, -0.57552447337138, -0.8670914201446769, 0.19976222110249742, 1.0, -0.2489024282376444, 0.9701852995573257, -0.2632399441408506, -0.14678137449099093, -0.7901781175869214, 0.8137865545312515, -0.33158988936384765, 0.6753323780045442, -0.120956017513284, -0.19642995874956257, -0.009666230048061913, 0.02839320469532347, 0.32408164699473474, -0.06803294387188674, -0.1410892585540553, -0.9128295931012724, -0.5449739130574067, -0.9216324020808787, 0.11277456182846879, -0.7701358132275862, -0.20686142342274266, -0.47089265871632485, -0.3362707734651772, -0.3690743095850073, 0.3065238755765693, -0.5878595777585562, -0.13911283910224137, 0.48064256804276484, 0.8201328350583093, 0.7962139129218091, 0.9969525372773518, -0.0736806321643082, -0.3661191421533977, -0.8289551075027908, -0.2944547857298173, 0.6265936593504778, -0.172887020403652, 0.38627430075897284, -0.36113680747391985, 0.5160532827505231, 0.10682184083998555, -0.5505026787188574, 0.6222318173967938, 0.016392483112216083, 0.762580085807435, 0.2572763679949521, -0.37426231944036803, -0.8201001308931332, -0.3086519099093791, 0.01054844555662382, -1.0, -0.468667563937091, 0.618344010841261]
102.2078628540039	(8, 12, 2)	[-0.24192082284047634, -0.3115138932915802, -0.8743247236913883, -0.5737836589257246, 0.7954906652432512, 0.4541091414855172, -0.9780441321413176, -0.534132066076932, 0.6812880505505334, 0.0879704267684851, 0.3787194252548325, 0.8189771368718209, 0.8203703703875498, -0.36537166726039194, -0.19696581802916646, 0.012702823096391924, 0.10145385624982262, 0.2506081855377549, -0.16027987553376666, 0.9114230259871523, -0.5450017799068032, -0.658954289903307, -0.6985416621712643, -0.8646014250846921, 0.5194545752393296, 0.10188862627718143, -0.9172731381633956, 0.9024534873230246, -0.17282897104420658, 0.7418970672652405, -0.4050184571819877, 0.8976357124983054, 0.07692166400873611, 0.5647879320949158, 0.2669675902792845, 0.14947388469213907, 1.0, -0.5556322370178264, 0.5021755185243784, -0.7575896439938387, -0.08061421381941192, -0.5413136133043153, -0.27942990139862667, -0.5199742846187162, -0.24212583419147404, 0.5919318497640016, -0.6122714591334537, -0.2650877700253167, -0.032157347200944875, 0.8506065223393835, 0.4665231351193715, 0.9053170306517095, -0.6969919216346019, -0.9110180331661252, -0.022938540990666126, -0.537646062770265, -0.8201540415265017, 0.21193179251548733, -0.25946363751268, -0.2279164165309322, 0.733334037439809, 0.4296657713816372, -0.6850601367410908, -0.57552447337138, -0.49438503748945095, -0.5210969359952413, 0.9610808480683277, -0.2489024282376444, -0.25203571584726775, -0.1837615446070686, -0.6187988648056464, -0.7901781175869214, -0.693116319049786, -0.33158988936384765, 0.8939786363974447, -0.8726218273597459, 0.21162558718103752, -0.15709239282917897, 0.02839320469532347, 0.32408164699473474, 0.023498827114663223, -0.1410892585540553, -0.9128295931012724, -0.5954055454029463, -0.8226063028221196, 0.11277456182846879, -0.7701358132275862, 0.8069622901830591, 0.6788395454727492, -0.19556061134398606, 0.7940956405427653, 0.3065238755765693, -0.83029205151533, -0.4733152233500486, -0.1351981520632406, 0.2926024016078892, -0.5399205584269602, -0.4816487515257591, -0.0736806321643082, 0.9619524991187232, -0.3010044332978332, 0.38712306275708697, 0.25964861438364095, 0.8215257463316188, -1.0, 0.7970756334757352, 0.4998619410513121, 0.46785647864733426, -0.5505026787188574, 0.6222318173967938, 0.63122807751428, 0.720742512762276, 0.2572763679949521, -0.37426231944036803, -0.7498916826108942, -0.46733586263435956, 0.01054844555662382, -0.7447068205722733, -0.7122004381606908, -0.8603429469917749]
102.89563751220703	(8, 12, 2)	[-0.24192082284047634, -0.3115138932915802, -0.8743247236913883, -0.5737836589257246, 0.7954906652432512, 0.4541091414855172, -0.9780441321413176, -0.534132066076932, 0.1490652993277768, -0.09416236606467532, 0.28075261969735266, 0.8189771368718209, 0.8203703703875498, -0.36537166726039194, -0.19696581802916646, 0.012702823096391924, 0.4389717443434482, 0.2506081855377549, -0.16027987553376666, 0.9114230259871523, -0.5101316811723855, -0.11506689285135563, -0.6985416621712643, -0.8646014250846921, 0.5194545752393296, 0.13086475720529434, -0.1514458659732396, 0.9024534873230246, -0.8708809530903525, 0.7418970672652405, 0.6180340934747123, 0.8976357124983054, -0.5457865399354269, 0.6899257348976576, -0.5856924601856466, 0.14947388469213907, 0.9473040216360415, -0.29846952509510843, 0.6056359693142819, -0.7575896439938387, -0.08061421381941192, -0.5413136133043153, -0.823683014937064, -0.5199742846187162, -0.24212583419147404, 0.5919318497640016, 0.2222102523463898, -0.002059674924714372, -0.032157347200944875, 0.8506065223393835, 0.4665231351193715, 0.9053170306517095, -0.6969919216346019, -0.9110180331661252, 0.9966633655077539, -0.537646062770265, -0.8201540415265017, 0.7113518202324827, -1.0, 0.3974292734459397, 0.733334037439809, 0.4296657713816372, 0.9930120572004137, -0.57552447337138, -0.49438503748945095, 0.3934603445536671, 0.9610808480683277, -0.2489024282376444, -0.25203571584726775, -0.21540696532650994, -0.8673240159680826, -0.8188260242560164, -0.693116319049786, 0.8298782731233889, 0.5301751812663477, -0.8726218273597459, 0.21162558718103752, -0.15709239282917897, -0.4900542471809497, 0.32408164699473474, 0.023498827114663223, -0.1410892585540553, -0.9128295931012724, -0.5954055454029463, -0.8226063028221196, 0.11277456182846879, -0.7701358132275862, 0.8069622901830591, 0.6788395454727492, -0.19556061134398606, 0.7940956405427653, 0.3065238755765693, -0.83029205151533, -0.4733152233500486, -0.1351981520632406, 0.2926024016078892, -0.5722830702095824, -0.4816487515257591, -0.0736806321643082, 0.9619524991187232, -0.8289551075027908, 0.38712306275708697, -0.13876912343812098, -0.567104990760058, -0.9884078153079592, 0.7970756334757352, -0.8203699225777694, 0.46785647864733426, -0.5505026787188574, 0.6222318173967938, 0.63122807751428, 0.8959992804488213, 0.2572763679949521, -0.37426231944036803, -0.7498916826108942, -0.46733586263435956, -0.03186567873503411, -1.0, -0.7122004381606908, -0.8603429469917749]
102.99140930175781	(8, 12, 2)	[-0.24192082284047634, -0.3115138932915802, -0.8743247236913883, -0.5737836589257246, 0.7954906652432512, 0.4541091414855172, -0.9780441321413176, -0.534132066076932, 0.1490652993277768, -0.09416236606467532, 0.28075261969735266, 0.8189771368718209, 0.8203703703875498, -0.36537166726039194, -0.19696581802916646, 0.012702823096391924, 0.4389717443434482, 0.2506081855377549, -0.16027987553376666, 0.9114230259871523, -0.5101316811723855, -0.11506689285135563, -0.6985416621712643, -0.8646014250846921, 0.5194545752393296, 0.13086475720529434, -0.1514458659732396, 0.9024534873230246, -0.8708809530903525, 0.7418970672652405, 0.6180340934747123, 0.8976357124983054, -0.5457865399354269, 0.6899257348976576, -0.5856924601856466, 0.14947388469213907, 0.9473040216360415, -0.29846952509510843, 0.6056359693142819, -0.7575896439938387, -0.08061421381941192, -0.5413136133043153, -0.823683014937064, -0.5199742846187162, -0.24212583419147404, 0.5919318497640016, 0.2222102523463898, -0.002059674924714372, -0.032157347200944875, 0.8506065223393835, 0.4665231351193715, 0.9053170306517095, -0.6969919216346019, -0.9110180331661252, 0.9966633655077539, -0.537646062770265, -0.8201540415265017, 0.7113518202324827, -1.0, 0.3974292734459397, 0.733334037439809, 0.4296657713816372, 0.9930120572004137, -0.57552447337138, -0.49438503748945095, 0.3934603445536671, 0.9610808480683277, -0.2489024282376444, -0.25203571584726775, -0.21540696532650994, -0.8673240159680826, -0.8188260242560164, -0.693116319049786, 0.8298782731233889, 0.5301751812663477, -0.8726218273597459, 0.21162558718103752, -0.15709239282917897, -0.4900542471809497, 0.32408164699473474, 0.023498827114663223, -0.1410892585540553, -0.9128295931012724, -0.5954055454029463, -0.8226063028221196, 0.11277456182846879, -0.7701358132275862, 0.8069622901830591, 0.6788395454727492, -0.19556061134398606, 0.7940956405427653, 0.3065238755765693, -0.83029205151533, -0.4733152233500486, -0.1351981520632406, 0.2926024016078892, -0.5722830702095824, -0.4816487515257591, -0.0736806321643082, 0.9619524991187232, -0.8289551075027908, 0.38712306275708697, -0.13876912343812098, -0.567104990760058, -0.9884078153079592, 0.7970756334757352, -0.8203699225777694, 0.46785647864733426, -0.5505026787188574, 0.6222318173967938, 0.63122807751428, 0.8959992804488213, 0.2572763679949521, -0.37426231944036803, -0.7498916826108942, -0.46733586263435956, -0.03186567873503411, -1.0, -0.7122004381606908, -0.8603429469917749]
102.99061584472656	(8, 12, 2)	[0.510649143460655, -0.32534962689183994, -0.7220658231127512, -0.7862624117967598, 0.7954906652432512, 0.4541091414855172, 0.1077037004467476, -0.9170512362508996, -0.5697259539362145, 0.7695123910170705, 0.28075261969735266, 0.6546631651340533, 0.8203703703875498, -0.36537166726039194, -0.9282711165929283, 0.36765770323234825, 0.10145385624982262, 0.2506081855377549, -0.16027987553376666, 0.9114230259871523, -0.5101316811723855, -0.4700019763246668, -0.6518824458559147, -0.3125949356618851, 0.5194545752393296, 0.11127264435884716, -0.9172731381633956, 0.22545351524976026, -0.8708809530903525, 0.7418970672652405, 0.6180340934747123, 0.8976357124983054, -0.5457865399354269, 0.5647879320949158, 0.991235984024817, 0.14947388469213907, 1.0, -0.5556322370178264, 0.2174818014229234, -0.7575896439938387, -0.46800054287231707, -0.5413136133043153, -0.823683014937064, -0.5708304560164243, -0.24212583419147404, 0.628443302192384, -0.6122714591334537, -0.2650877700253167, 0.5285576457339856, 0.8506065223393835, 0.4665231351193715, 0.9053170306517095, -0.6969919216346019, 0.36516186527888816, 0.9966633655077539, -0.5010805681420372, -0.8201540415265017, 0.7113518202324827, -1.0, 0.3974292734459397, 0.5423432337302462, 0.4296657713816372, -0.4601724459553466, 0.9600988878434487, -0.49438503748945095, 0.8300061986784721, 0.9610808480683277, 0.5063352757349443, 0.32847994278005266, -0.7889980713556173, -0.6187988648056464, 0.00991295097421685, -0.661635201513536, 0.9592364347919082, 0.8939786363974447, -0.5204127695519583, 0.21162558718103752, -0.1590320583472544, 0.17996130379069597, 0.32408164699473474, -0.06803294387188674, -0.1410892585540553, 0.6610304777441833, 0.3321625893153346, -0.8226063028221196, 0.13885108080026742, 0.16613203906284912, 0.8069622901830591, 0.8650682498228106, -0.19556061134398606, -0.7636109655925247, 0.0436030844259796, -0.83029205151533, -0.4733152233500486, -0.29897957129380326, 0.2926024016078892, 0.7962139129218091, 0.39155260200055486, -0.0736806321643082, 0.9619524991187232, -0.8289551075027908, 0.6410179409370256, 0.25964861438364095, -0.567104990760058, -0.6075853558863498, 0.7970756334757352, 0.4998619410513121, 0.46785647864733426, -0.5505026787188574, 0.6222318173967938, 0.9410566360096319, 0.7767285956329213, -0.20681421057781813, -0.8039542592435718, -0.8201001308931332, -0.46733586263435956, 0.01054844555662382, -0.8886950225351304, -0.6047897836424954, 0.13858446607536234]
102.45083618164062	(8, 12, 2)	[-0.25686965898737224, -0.3115138932915802, -0.8743247236913883, -0.5737836589257246, 0.7954906652432512, 0.4541091414855172, -0.9780441321413176, -0.534132066076932, -0.5697259539362145, 0.0879704267684851, 0.3787194252548325, 0.8189771368718209, 0.8203703703875498, -0.36537166726039194, -0.6870663378871726, 0.012702823096391924, 0.4389717443434482, 0.2506081855377549, -0.16027987553376666, 0.9114230259871523, -0.5101316811723855, -0.658954289903307, -0.6985416621712643, -0.8646014250846921, 0.5194545752393296, 0.13086475720529434, -0.9172731381633956, 0.9024534873230246, -0.8708809530903525, 0.7418970672652405, 0.6180340934747123, 0.8976357124983054, 0.03476709277579326, 0.6899257348976576, -0.5856924601856466, 0.14947388469213907, 0.9473040216360415, -0.29846952509510843, -0.6783946415212896, -0.7575896439938387, 0.3924782172714687, -0.5413136133043153, -0.823683014937064, -0.5969158768981515, -0.24212583419147404, 0.5966342175765209, -0.6122714591334537, -0.002059674924714372, 0.4403072521650333, 0.8506065223393835, 0.4665231351193715, 0.9053170306517095, -0.6969919216346019, -0.9110180331661252, 0.9966633655077539, -0.537646062770265, -0.8201540415265017, 0.21193179251548733, -0.4744274167822727, 0.3974292734459397, 0.8498856487071795, 0.4296657713816372, 0.9930120572004137, -0.57552447337138, -0.49438503748945095, -0.2982916144479728, 0.9610808480683277, -0.2489024282376444, -0.25203571584726775, -0.21540696532650994, -0.6187988648056464, -0.7901781175869214, -0.693116319049786, -0.33158988936384765, 0.5301751812663477, -0.8726218273597459, 0.21162558718103752, -0.15709239282917897, 0.0026840864090067196, 0.7749894437664595, -0.06803294387188674, -0.1410892585540553, 0.6610304777441833, -0.5954055454029463, -0.8226063028221196, 0.13885108080026742, -0.7701358132275862, 0.8069622901830591, -0.14419288185877738, -0.19556061134398606, 0.7940956405427653, 0.3065238755765693, -0.83029205151533, -0.4733152233500486, 0.2465419594209588, 0.2926024016078892, -0.0640152958831266, -0.4816487515257591, -0.14097431520484172, 0.9619524991187232, -0.8289551075027908, 0.38712306275708697, 0.0401210308871125, -0.567104990760058, -0.9884078153079592, 0.7970756334757352, -0.8203699225777694, 0.128863470029706, -0.5505026787188574, 0.6222318173967938, 0.63122807751428, 0.8959992804488213, 0.2572763679949521, 0.9909362584412278, -0.7498916826108942, -0.46733586263435956, -0.03186567873503411, -1.0, -0.7122004381606908, -0.8603429469917749]
102.81548309326172	(8, 12, 2)	[0.9016033568263959, -0.3115138932915802, -0.6047167053919162, -0.5737836589257246, -0.6996004747432529, 0.6117045177839973, -0.8977863564535088, -0.534132066076932, 0.1490652993277768, 0.2679355216305086, 0.0626548591421574, 0.8189771368718209, -0.9733138623043105, -0.7115783302015346, -0.6870663378871726, 0.36765770323234825, -0.42688221112863767, -0.3151540957286175, 0.03188244410684238, 0.935885853500666, -0.5450017799068032, -0.4700019763246668, -0.6305308542741895, -0.4507852194104505, 0.5194545752393296, 0.8712650153544654, 0.2542964882067411, 0.1758729494810254, -0.8708809530903525, 0.7418970672652405, -0.4050184571819877, 0.9179713487701808, 0.07692166400873611, 0.5796951903481491, 0.2669675902792845, -0.8245148553938079, 1.0, -0.2817813293908846, 0.2174818014229234, 0.9507532296741846, -0.08061421381941192, -0.030126702374284747, -0.3047643884627424, -0.5692076892811435, -0.24212583419147404, 0.5919318497640016, -0.10375739927720073, -0.002059674924714372, 0.4403072521650333, 0.8506065223393835, -0.839922476406717, 0.5871125797787253, -0.0617633567057394, 0.36516186527888816, 0.9966633655077539, -0.537646062770265, -0.6803320549930185, 0.1394842796409812, -0.9884811557865352, 0.31890898187338634, 0.6938053276618933, 0.9994708989731835, -0.6850601367410908, -0.57552447337138, 0.19521015026305966, 0.3934603445536671, 0.9801609441577201, -0.2489024282376444, -0.25203571584726775, -0.21540696532650994, -0.6187988648056464, -0.7901781175869214, -0.661635201513536, 0.9592364347919082, 0.8939786363974447, -0.8726218273597459, 0.21162558718103752, -0.1590320583472544, 0.02839320469532347, 0.32408164699473474, -0.15392062776689927, -0.1410892585540553, -0.48095871374902566, -0.5954055454029463, -0.7744277764147106, -0.7009691439474282, -0.7701358132275862, 0.8069622901830591, -0.703170462504586, -0.47053412459031924, -0.16897950812019435, 0.0436030844259796, -0.5878595777585562, 0.9137611443950919, -0.1588589211134543, 0.2926024016078892, -0.5399205584269602, 0.46960865879901115, -0.0736099700841475, 0.43718429358837196, -0.8289551075027908, -0.41220419813785303, -0.13876912343812098, -0.6480833516337552, -0.6075853558863498, -0.36113680747391985, 0.4998619410513121, -0.3043780901634725, 0.6206197489574992, 0.6222318173967938, 0.1473837713196937, 0.8959992804488213, -0.2965390112245164, -0.8317147002779792, -0.8201001308931332, -0.46733586263435956, 0.9867912744715979, 0.9963069729837883, -0.6047897836424954, -0.8603429469917749]
102.92346954345703	(8, 12, 2)	[-0.24192082284047634, -0.3115138932915802, -0.8743247236913883, -0.5737836589257246, -0.8094449213189367, 0.4541091414855172, -0.9780441321413176, -0.534132066076932, 0.6812880505505334, 0.2679355216305086, 0.28075261969735266, 0.8189771368718209, -0.8699023193553296, -0.7115783302015346, -0.9282711165929283, 0.012702823096391924, 0.10145385624982262, 0.2506081855377549, 0.1930994563373738, 0.9114230259871523, -0.5450017799068032, -0.11506689285135563, -0.6518824458559147, -0.3125949356618851, 0.5194545752393296, 0.10188862627718143, -0.1514458659732396, 0.9024534873230246, -0.8708809530903525, 0.4563780572839311, -0.14471940239893955, 0.8976357124983054, -0.4535373429842523, 0.6899257348976576, -0.5856924601856466, 0.9413194817914254, 1.0, -0.6301020619083226, 0.6056359693142819, 0.4543651271247653, -0.08061421381941192, -0.5413136133043153, -0.27942990139862667, -0.5969158768981515, -0.24212583419147404, 0.5919318497640016, 0.2222102523463898, -0.002059674924714372, 0.4403072521650333, 0.8506065223393835, 0.4665231351193715, 0.5871125797787253, -0.6969919216346019, 0.3038604358781929, 0.3658179163973667, -0.537646062770265, -0.8201540415265017, 0.21193179251548733, -1.0, 0.3974292734459397, 0.715268811428907, 0.9994708989731835, 0.9930120572004137, -0.57552447337138, 0.19521015026305966, 0.19976222110249742, 1.0, -0.2489024282376444, -0.25203571584726775, -0.1920047310212076, -0.8673240159680826, -0.7901781175869214, -0.693116319049786, -0.33158988936384765, 0.8939786363974447, -0.8726218273597459, 0.21162558718103752, -0.15709239282917897, -0.7977988943716776, 0.32408164699473474, 0.023498827114663223, 0.48961545132555995, 0.11976354691247093, -0.5954055454029463, -0.941595836671909, 0.13885108080026742, 0.09165527089280974, 0.4870781860597164, 0.2733067379607892, -0.19556061134398606, 0.7940956405427653, -0.5234522135747363, -0.8081953737006603, -0.4733152233500486, -0.1588589211134543, 0.2926024016078892, -0.5399205584269602, -0.4816487515257591, -0.11786729781352828, 0.9619524991187232, -0.3379061390791742, 0.38712306275708697, -0.13876912343812098, -0.5781322927281378, -0.6075853558863498, 0.7970756334757352, 0.5160532827505231, 0.46785647864733426, -0.5505026787188574, 0.03184934960513512, 0.63122807751428, 0.8959992804488213, 0.2572763679949521, -0.19446204785846044, -0.7498916826108942, -0.46733586263435956, 0.1263103370289813, -0.9298578713221997, -0.6047897836424954, -0.8603429469917749]
102.32859802246094	(8, 12, 2)	[-0.24192082284047634, -0.5238591011661627, -0.4105809343312974, -0.5737836589257246, 0.7954906652432512, 0.4277929851150545, -0.9780441321413176, -0.534132066076932, 0.1370229813927332, 0.0879704267684851, 0.3787194252548325, 0.880079015493244, 0.8203703703875498, -0.7115783302015346, -0.215690591501849, 0.012702823096391924, 0.10145385624982262, 0.2506081855377549, 0.03188244410684238, 0.9114230259871523, -0.5101316811723855, -0.4700019763246668, -0.6305308542741895, -0.4507852194104505, 0.5194545752393296, 0.8712650153544654, -0.1514458659732396, 0.14800452335446385, -0.8708809530903525, 0.7418970672652405, 0.6180340934747123, 0.8976357124983054, -0.5457865399354269, -0.1403566294938574, 0.2669675902792845, 0.9413194817914254, 0.8817756459478661, 0.4657184875570045, 0.6056359693142819, 0.4543651271247653, -0.08061421381941192, -0.5413136133043153, -0.27942990139862667, -0.5692076892811435, -0.24212583419147404, 0.5919318497640016, 0.2222102523463898, -0.2650877700253167, 0.4403072521650333, 0.8506065223393835, 0.1216613499938346, 0.591326417472837, -0.6969919216346019, 0.36516186527888816, 0.9966633655077539, -0.537646062770265, -0.9285078331240629, 0.1394842796409812, -0.25946363751268, 0.31890898187338634, 0.8498856487071795, 0.5474115835751256, -0.38327711793033337, -0.57552447337138, 0.19521015026305966, 0.8300061986784721, 0.9610808480683277, 0.25802520463330336, -0.25203571584726775, -0.21540696532650994, 0.4433778877803243, -0.7901781175869214, -0.693116319049786, -0.33158988936384765, 0.6652474321140918, -0.8726218273597459, -0.19642995874956257, -0.15709239282917897, 0.0026840864090067196, 0.32408164699473474, -0.06803294387188674, -0.1410892585540553, 0.7472849690909272, -0.5954055454029463, -0.8226063028221196, -0.7009691439474282, -0.7701358132275862, 0.8069622901830591, -0.14419288185877738, -0.19556061134398606, -0.16897950812019435, -0.5234522135747363, -0.5878595777585562, 0.9137611443950919, 0.2465419594209588, 0.2926024016078892, 0.7962139129218091, 0.46960865879901115, -0.0736806321643082, 0.9619524991187232, -0.8289551075027908, 0.35799157303617873, 0.8358498015017978, -0.5781322927281378, 0.38627430075897284, -0.36113680747391985, 0.5160532827505231, 0.46785647864733426, -0.5003701461712535, 0.6222318173967938, 0.8478131818300287, 0.720742512762276, 0.2572763679949521, -0.8264554181615151, -0.8201001308931332, -0.46733586263435956, 0.1263103370289813, -0.8088921517589476, -0.6047897836424954, 0.13858446607536234]
102.99788665771484	(8, 12, 2)	[-0.24192082284047634, -0.3115138932915802, -0.8743247236913883, -0.08174362214478403, -0.8094449213189367, 0.4541091414855172, -0.9780441321413176, -0.534132066076932, 0.6812880505505334, 0.2679355216305086, 0.28075261969735266, 0.8189771368718209, 0.8203703703875498, -0.36537166726039194, -0.19696581802916646, 0.012702823096391924, 0.10145385624982262, 0.2506081855377549, 0.1930994563373738, 0.935885853500666, -0.6740161027502608, -0.658954289903307, -0.6518824458559147, -0.3125949356618851, 0.5194545752393296, 0.10188862627718143, -0.1514458659732396, 0.9024534873230246, -0.8708809530903525, 0.4563780572839311, -0.14471940239893955, 0.8976357124983054, 0.03476709277579326, 0.6899257348976576, -0.623317969798293, 0.14947388469213907, 1.0, -0.7645491632426278, 0.6056359693142819, 0.9847800171200467, -0.08061421381941192, -0.5413136133043153, -0.27942990139862667, -0.5969158768981515, -0.24212583419147404, 0.5919318497640016, 0.2222102523463898, -0.002059674924714372, 0.45159539863706566, 0.8506065223393835, 0.4665231351193715, 0.5871125797787253, -0.6969919216346019, 0.3038604358781929, 0.9966633655077539, -0.537646062770265, -0.8201540415265017, 0.21193179251548733, -1.0, 0.3974292734459397, 0.715268811428907, 0.9994708989731835, 0.9930120572004137, -0.57552447337138, 0.19521015026305966, 0.19976222110249742, 1.0, -0.2489024282376444, -0.25203571584726775, -0.1920047310212076, -0.8673240159680826, -0.7901781175869214, -0.693116319049786, -0.2807443508768583, 0.8939786363974447, 0.16767418492436192, 0.21162558718103752, -0.9901938292254967, -0.7977988943716776, 0.32408164699473474, 0.023498827114663223, -0.1410892585540553, -0.9795885119470754, -0.5954055454029463, -0.8226063028221196, -0.7009691439474282, 0.09165527089280974, 0.4870781860597164, 0.2733067379607892, -0.19556061134398606, 0.7940956405427653, -0.5234522135747363, -0.8081953737006603, -0.4733152233500486, -0.1588589211134543, 0.2926024016078892, -0.0640152958831266, -0.4816487515257591, -0.14097431520484172, 0.9619524991187232, -0.3379061390791742, 0.38712306275708697, -0.13876912343812098, -0.567104990760058, -0.6075853558863498, 0.7970756334757352, 0.5160532827505231, 0.46785647864733426, 0.6206197489574992, 0.03184934960513512, 0.63122807751428, 0.9293891749712515, 0.2572763679949521, -0.8264554181615151, -0.7498916826108942, -0.46733586263435956, 0.08858283162234715, -0.8886950225351304, -0.6047897836424954, 0.13858446607536234]
102.42048645019531	(8, 12, 2)	[0.9016033568263959, -0.4562534960120529, -0.7220658231127512, -0.08174362214478403, 0.7954906652432512, 0.6117045177839973, -0.9780441321413176, -0.9170512362508996, 0.1370229813927332, 0.0879704267684851, 0.28075261969735266, 0.880079015493244, 0.8203703703875498, -0.7115783302015346, -0.6870663378871726, 0.012702823096391924, 0.1406168436845434, 0.13677877461872923, 0.1622807887271828, 0.9114230259871523, -0.3318686208087218, -0.658954289903307, -0.6305308542741895, -0.3125949356618851, 0.5194545752393296, 0.8712650153544654, -0.9172731381633956, 0.9024534873230246, -0.41669427384678315, 0.7418970672652405, 0.6180340934747123, 0.8976357124983054, 0.07692166400873611, -0.6067499562288527, 0.2669675902792845, 0.01771872748633785, 0.3373567090466574, 0.42840163820329225, -0.6783946415212896, 0.9600485472296476, 0.3924782172714687, -0.14948096831249158, -0.823683014937064, -0.5199742846187162, -0.24212583419147404, -0.6721980157827274, 0.2222102523463898, 0.19914875710211422, 0.4403072521650333, 0.04920306817159434, 0.4665231351193715, 0.591326417472837, -0.0617633567057394, 0.3295920000823944, 0.9966633655077539, -0.537646062770265, -0.8201540415265017, 0.7113518202324827, -0.4744274167822727, 0.3974292734459397, 0.733334037439809, 0.9994708989731835, -0.38327711793033337, -0.57552447337138, 0.11064247472374641, 0.19976222110249742, 0.9610808480683277, -0.2489024282376444, -0.37835051799892816, -0.21540696532650994, -0.6187988648056464, -0.7901781175869214, -0.693116319049786, -0.325200350378436, 0.8939786363974447, -0.120956017513284, 0.21162558718103752, -0.15709239282917897, 0.02839320469532347, 0.7749894437664595, -0.06803294387188674, -0.1410892585540553, 0.6610304777441833, -0.5954055454029463, -0.8226063028221196, 0.13885108080026742, 0.09165527089280974, 0.2725012919157772, -0.5086386454214149, -0.19556061134398606, -0.3019741603662631, 0.3065238755765693, -0.5878595777585562, -0.4733152233500486, 0.2465419594209588, 0.2926024016078892, -0.0640152958831266, -0.4816487515257591, -0.0736806321643082, -0.3661191421533977, -0.3379061390791742, 0.35799157303617873, 0.25964861438364095, -0.567104990760058, -0.6075853558863498, 0.7970756334757352, 0.4998619410513121, 0.128863470029706, -0.5505026787188574, 0.6222318173967938, 0.8036610512624713, 0.8959992804488213, 0.2572763679949521, -0.8317147002779792, -0.8119507565068547, 0.5204143105661942, 0.8884321335182803, -1.0, -0.6047897836424954, 0.618344010841261]
102.88614654541016	(8, 12, 2)	[-0.24192082284047634, -0.3115138932915802, -0.5401054495765344, -0.14698232152072715, 0.7954906652432512, 0.4541091414855172, -0.9780441321413176, -0.9170512362508996, 0.14169035866559598, 0.0879704267684851, 0.28075261969735266, 0.6546631651340533, 0.8203703703875498, -0.7115783302015346, -0.6870663378871726, 0.012702823096391924, 0.1406168436845434, 0.2506081855377549, 0.03188244410684238, 0.9114230259871523, -0.3318686208087218, -0.658954289903307, -0.6518824458559147, -0.4507852194104505, 0.5849147692412222, 0.05728234180565034, -0.45502477098226457, 0.9024534873230246, -0.8708809530903525, 0.4563780572839311, -0.4050184571819877, 0.8423171003164796, 0.07692166400873611, 0.5647879320949158, 0.2432621613894802, 0.14947388469213907, -0.5940347007090322, -0.4763458861279028, 0.6056359693142819, -0.7575896439938387, -0.10948385487740281, -0.5413136133043153, -0.27942990139862667, -0.5199742846187162, -0.24212583419147404, 0.5919318497640016, 0.2222102523463898, 0.19914875710211422, 0.4403072521650333, 0.8506065223393835, -0.9292108904233156, 0.5484380345276744, -0.6969919216346019, 0.36516186527888816, 0.9966633655077539, -0.537646062770265, -0.8201540415265017, 0.1394842796409812, -0.3386546090591433, 0.3974292734459397, 0.8498856487071795, 0.4296657713816372, 0.9930120572004137, -0.57552447337138, -0.49438503748945095, -0.2982916144479728, 0.9801609441577201, 0.25802520463330336, -0.25203571584726775, -0.21540696532650994, 0.4433778877803243, -0.7901781175869214, -0.661635201513536, -0.325200350378436, 0.8939786363974447, -0.8726218273597459, -0.20370854326163124, -0.15709239282917897, 0.0026840864090067196, 0.6620634821238939, 0.023498827114663223, -0.1410892585540553, 0.6610304777441833, -0.6622320771333625, -0.941595836671909, 0.13885108080026742, -0.7701358132275862, 0.8069622901830591, -0.4758234986430667, -0.19556061134398606, 0.7940956405427653, 0.3065238755765693, -0.5878595777585562, -0.13911283910224137, -0.1351981520632406, 0.17916374794286802, -0.5399205584269602, -0.4816487515257591, -0.0736806321643082, 0.9619524991187232, -0.3379061390791742, 0.38712306275708697, 0.26256718173147825, -0.5781322927281378, -1.0, 0.7970756334757352, 0.4998619410513121, 0.128863470029706, 0.6206197489574992, 0.5610728654419488, 0.8036610512624713, 0.8959992804488213, -0.20681421057781813, -0.8264554181615151, -0.7498916826108942, 0.46104701040194607, 0.9867912744715979, -1.0, -0.7122004381606908, 0.618344010841261]
102.92045593261719	(8, 12, 2)	[-0.20702052793522635, -0.7019122675180767, -0.8743247236913883, -0.5737836589257246, 0.7555354541698486, 0.4541091414855172, -0.9780441321413176, -0.9170512362508996, 0.621327105025401, 0.7695123910170705, 0.28075261969735266, 0.7826767320322877, 0.8203703703875498, -0.7115783302015346, -0.9282711165929283, 0.012702823096391924, -0.42688221112863767, 0.2506081855377549, -0.16027987553376666, 0.9114230259871523, -0.5450017799068032, -0.11506689285135563, -0.6518824458559147, -0.4507852194104505, 0.5849147692412222, 0.05728234180565034, -0.9172731381633956, 0.9024534873230246, -0.8708809530903525, 0.4563780572839311, 0.6180340934747123, -0.2096843989411512, 0.07692166400873611, 0.6899257348976576, -0.5856924601856466, 0.9413194817914254, 0.3373567090466574, 0.4657184875570045, -0.6783946415212896, -0.7575896439938387, -0.08061421381941192, -0.5413136133043153, -0.823683014937064, -0.5969158768981515, -0.24212583419147404, 0.5966342175765209, -0.6122714591334537, -0.002059674924714372, 0.7432742639325893, 0.8506065223393835, 0.1216613499938346, 0.9053170306517095, -0.0617633567057394, -0.9110180331661252, 0.3658179163973667, -0.5010805681420372, -0.9285078331240629, 0.21193179251548733, -0.9884811557865352, 0.31890898187338634, 0.733334037439809, 0.9994708989731835, 0.9876509734015364, -0.57552447337138, 0.17745893229523785, 0.19976222110249742, 0.9610808480683277, -0.2489024282376444, -0.25203571584726775, -0.21540696532650994, -0.8673240159680826, -0.7901781175869214, -0.693116319049786, -0.325200350378436, 0.8939786363974447, -0.8726218273597459, 0.21162558718103752, -0.15709239282917897, -0.7977988943716776, 0.32408164699473474, -0.06803294387188674, -0.1410892585540553, -0.48095871374902566, -0.5954055454029463, -0.8226063028221196, 0.13885108080026742, -0.7701358132275862, 0.2725012919157772, -0.47089265871632485, -0.19556061134398606, 0.9812682271592694, -0.5766268304371447, -0.5878595777585562, -0.4733152233500486, 0.2465419594209588, 0.7689209015493732, -0.5399205584269602, -0.3984099153974716, -0.0736806321643082, 0.9619524991187232, -0.3379061390791742, -0.41220419813785303, 0.8358498015017978, -0.567104990760058, -0.5517195968546923, 0.7970756334757352, -0.8203699225777694, 0.46785647864733426, 0.6206197489574992, 0.3544654155399187, 0.63122807751428, 0.720742512762276, 0.2572763679949521, -0.19446204785846044, -0.8119507565068547, -0.46733586263435956, -0.9706573305716777, -1.0, -0.6047897836424954, -0.8603429469917749]
102.87996673583984	(8, 12, 2)	[-0.24192082284047634, -0.3115138932915802, -0.8743247236913883, -0.08174362214478403, 0.7954906652432512, 0.4541091414855172, -0.9780441321413176, -0.9170512362508996, 0.1370229813927332, 0.2679355216305086, 0.28075261969735266, 0.880079015493244, 0.4021905611773571, -0.36537166726039194, -0.19696581802916646, 0.427367619132459, 0.10145385624982262, 0.2506081855377549, -0.16027987553376666, 0.9414272759962917, -0.5450017799068032, -0.4700019763246668, -0.6985416621712643, -0.4507852194104505, 0.12300011350279857, 0.10188862627718143, -0.1514458659732396, 0.9024534873230246, -0.27867138466287494, 0.4563780572839311, -0.2444256386753118, 0.8976357124983054, -0.07072692210777799, 0.5796951903481491, -0.5856924601856466, 0.14947388469213907, 0.9473040216360415, -0.5556322370178264, 0.6056359693142819, -0.7575896439938387, 0.06760931500521472, -0.5413136133043153, -0.823683014937064, -0.5692076892811435, -0.24212583419147404, 0.5919318497640016, -0.017268374843809775, -0.2650877700253167, 0.4403072521650333, 0.8506065223393835, -1.0, 0.9053170306517095, -0.0617633567057394, -0.9110180331661252, 0.3658179163973667, -0.537646062770265, -0.8201540415265017, 0.1394842796409812, -0.9884811557865352, 0.3974292734459397, 0.733334037439809, 0.4296657713816372, -0.7435063967715002, -0.7029905596019358, 0.19521015026305966, 0.19976222110249742, 0.9801609441577201, -0.2489024282376444, -0.25203571584726775, -0.7889980713556173, -0.8673240159680826, -0.7901781175869214, -0.661635201513536, -0.504614539519669, 0.5301751812663477, -0.7869128779718084, 0.21162558718103752, 0.6847757481549288, 0.17996130379069597, 0.32408164699473474, 0.023498827114663223, -0.1410892585540553, 0.11976354691247093, -0.5954055454029463, -0.8226063028221196, 0.13885108080026742, -0.7701358132275862, 0.9119946964631254, 0.6788395454727492, -0.47053412459031924, 0.7940956405427653, 0.1360102913823426, -0.83029205151533, -0.4733152233500486, -0.1351981520632406, 0.2926024016078892, 0.7962139129218091, 0.9969525372773518, -0.0736806321643082, 0.9837191674889971, -0.3379061390791742, 0.35799157303617873, 0.8295479599571094, -0.567104990760058, -0.9884078153079592, 0.7970756334757352, 0.5160532827505231, 0.128863470029706, -0.5505026787188574, 0.5610728654419488, 0.63122807751428, 0.720742512762276, 0.2572763679949521, -0.8039542592435718, -0.7116838274752225, -0.46733586263435956, 0.8884321335182803, -0.7447068205722733, -0.6047897836424954, 0.13858446607536234]
102.89508819580078	(8, 12, 2)	[-0.24192082284047634, -0.3115138932915802, -0.4105809343312974, -0.5737836589257246, 0.7954906652432512, 0.4541091414855172, -0.9780441321413176, -0.9170512362508996, 0.14169035866559598, 0.0879704267684851, 0.25727297355659595, 0.6546631651340533, 0.8203703703875498, -0.7115783302015346, -0.6870663378871726, 0.36765770323234825, 0.10145385624982262, 0.2506081855377549, 0.03188244410684238, 0.9114230259871523, -0.4583389834807675, -0.658954289903307, -0.6518824458559147, -0.8646014250846921, 0.5194545752393296, 0.05728234180565034, -0.45502477098226457, 0.9024534873230246, -0.8708809530903525, 0.7418970672652405, 0.6180340934747123, 0.8423171003164796, 0.07692166400873611, 0.5796951903481491, -0.5856924601856466, 0.14947388469213907, 0.3373567090466574, 0.42840163820329225, 0.6056359693142819, 0.4543651271247653, -0.08061421381941192, -0.5413136133043153, -0.27942990139862667, -0.5199742846187162, -0.24212583419147404, 0.628443302192384, -0.017268374843809775, -0.23461586627036013, 0.7432742639325893, 0.8506065223393835, 0.4665231351193715, 0.5484380345276744, -0.6969919216346019, 0.36516186527888816, 0.9966633655077539, -0.537646062770265, -0.8201540415265017, 0.1394842796409812, -0.9884811557865352, 0.31890898187338634, 0.8498856487071795, 0.9994708989731835, 0.9930120572004137, -0.4610391361472695, 0.11064247472374641, 0.1315896832836883, 0.9610808480683277, 0.25802520463330336, -0.25203571584726775, -0.1837615446070686, 0.4433778877803243, -0.7901781175869214, -0.693116319049786, -0.33158988936384765, 0.8939786363974447, -0.120956017513284, 0.21162558718103752, -0.5814376030050448, -0.7977988943716776, 0.35595286256977016, -0.06803294387188674, -0.1410892585540553, -0.9128295931012724, -0.5954055454029463, -0.941595836671909, -0.7009691439474282, 0.16613203906284912, 0.8069622901830591, -0.47089265871632485, -0.19556061134398606, 0.9812682271592694, -0.5766268304371447, -0.5878595777585562, -0.0626119307235723, -0.1351981520632406, 0.17916374794286802, -0.0640152958831266, -0.4816487515257591, -0.0736806321643082, -0.3661191421533977, -0.3379061390791742, -0.41220419813785303, 0.8358498015017978, -0.5781322927281378, -1.0, 0.7970756334757352, 0.4998619410513121, 0.128863470029706, 0.6206197489574992, 0.6222318173967938, 0.8036610512624713, 0.720742512762276, 0.2572763679949521, -0.8317147002779792, -0.7498916826108942, -0.46733586263435956, 0.8884321335182803, -1.0, -0.6047897836424954, 0.618344010841261]
102.91264343261719	(8, 12, 2)	[-0.24192082284047634, -0.5238591011661627, -0.8743247236913883, -0.5737836589257246, 0.7954906652432512, 0.4541091414855172, -0.9780441321413176, -0.9170512362508996, 0.1490652993277768, 0.2679355216305086, 0.28075261969735266, -0.29938696638015316, 0.8203703703875498, -0.36537166726039194, -0.6870663378871726, 0.012702823096391924, -0.42688221112863767, 0.2506081855377549, 0.06738146542432019, 0.9414272759962917, -0.3318686208087218, -0.658954289903307, -0.6949146844615757, -0.3125949356618851, 0.12300011350279857, 0.05728234180565034, -0.9172731381633956, 0.14800452335446385, -0.17282897104420658, 0.29662614453268077, -0.2444256386753118, 0.8976357124983054, 0.07692166400873611, 0.5796951903481491, -0.5856924601856466, 0.14947388469213907, 0.9473040216360415, 0.42840163820329225, 0.6056359693142819, -0.7575896439938387, -0.46800054287231707, -0.030126702374284747, -0.823683014937064, -0.5969158768981515, -0.24212583419147404, 0.5919318497640016, -0.6323108962088029, -0.2650877700253167, 0.5285576457339856, 0.8506065223393835, -1.0, 0.5484380345276744, -0.6969919216346019, -0.9110180331661252, 0.3658179163973667, -0.5142279099694622, -0.9285078331240629, 0.21193179251548733, -0.25946363751268, 0.3974292734459397, 0.733334037439809, 0.4296657713816372, 1.0, -0.5744630986691638, -0.39019431506909774, -0.5210969359952413, 0.9801609441577201, -0.2489024282376444, -0.25203571584726775, -0.7889980713556173, -0.7558635559275826, -0.8469598966417944, -0.693116319049786, -0.33158988936384765, 0.5301751812663477, -0.7869128779718084, 0.21162558718103752, -0.009666230048061913, 0.02839320469532347, 0.7749894437664595, 0.023498827114663223, -0.1410892585540553, 0.6033826342955058, -0.5954055454029463, -0.8226063028221196, 0.13885108080026742, -0.7701358132275862, -0.20686142342274266, -0.446054146341737, -0.19556061134398606, 0.7940956405427653, 0.3065238755765693, -0.9254572108422336, -0.4733152233500486, 0.2465419594209588, 0.2926024016078892, -0.5399205584269602, 0.9969525372773518, 0.4437849884392732, 0.9837191674889971, -0.3379061390791742, -0.41220419813785303, 0.26256718173147825, -0.5781322927281378, 0.38627430075897284, -0.36113680747391985, 0.4998619410513121, 0.128863470029706, 0.6206197489574992, 0.6222318173967938, 0.8036610512624713, 0.8959992804488213, 0.2572763679949521, -0.8039542592435718, -0.7498916826108942, -0.46733586263435956, 0.9867912744715979, -0.7447068205722733, -0.6047897836424954, 0.5609679916049509]
102.99335479736328	(8, 12, 2)	[-0.25686965898737224, -0.3115138932915802, -0.8439374496922731, -0.08174362214478403, 0.7954906652432512, 0.4541091414855172, -0.9780441321413176, -0.534132066076932, 0.6812880505505334, 0.0879704267684851, 0.28075261969735266, 0.8189771368718209, 0.8203703703875498, -0.36537166726039194, -0.9282711165929283, 0.012702823096391924, 0.10145385624982262, 0.2506081855377549, -0.16027987553376666, 0.9114230259871523, -0.3318686208087218, -0.658954289903307, -0.6684240715626357, -0.3125949356618851, 0.5194545752393296, 0.8712650153544654, -0.891967634752187, 0.9024534873230246, -0.17282897104420658, 0.7418970672652405, 0.6180340934747123, 0.8976357124983054, 0.07692166400873611, 0.5647879320949158, 0.7413564698295112, 0.01771872748633785, 0.9473040216360415, -0.7645491632426278, 0.2174818014229234, -0.7575896439938387, 0.2662576600469376, -0.030126702374284747, -0.27942990139862667, -0.5692076892811435, -0.24212583419147404, 0.5919318497640016, -0.10375739927720073, -0.002059674924714372, 0.45159539863706566, 0.8506065223393835, -1.0, 0.9053170306517095, -0.6059161124695036, 0.36516186527888816, 0.9966633655077539, -0.5946331446495341, -0.8201540415265017, 0.1394842796409812, -1.0, 0.3974292734459397, 0.8447889234371976, 0.4296657713816372, 0.9930120572004137, -0.57552447337138, 0.2754647339171013, -0.2982916144479728, 0.9610808480683277, 0.29469479608047117, -0.24757948836143487, -0.7889980713556173, -0.8673240159680826, -0.7901781175869214, -0.693116319049786, -0.3556756056741601, 0.5301751812663477, -0.8726218273597459, 0.21162558718103752, -0.1590320583472544, -0.7977988943716776, 0.32408164699473474, -0.06803294387188674, -0.10291666746310732, 0.6610304777441833, -0.5449739130574067, -0.941595836671909, 0.13885108080026742, 0.09165527089280974, 0.8069622901830591, -0.4758234986430667, -0.19556061134398606, -0.16897950812019435, 0.3065238755765693, -0.5878595777585562, -0.4647010603133026, 0.2465419594209588, 0.17916374794286802, -0.5399205584269602, 0.46960865879901115, -0.0736806321643082, 0.9619524991187232, -0.8289551075027908, 0.38712306275708697, 0.0401210308871125, -0.6480833516337552, -1.0, 0.7970756334757352, 0.4998619410513121, 0.46785647864733426, -0.5505026787188574, 0.6222318173967938, -0.032928108594799, 0.720742512762276, 0.2192089917780203, -0.8152313533059055, -0.7498916826108942, -0.46733586263435956, 0.01054844555662382, -1.0, -0.6047897836424954, -0.8603429469917749]
102.9538803100586	(8, 12, 2)	[-0.24192082284047634, -0.7019122675180767, -0.6047167053919162, -0.23803318347048363, -0.8094449213189367, 0.4541091414855172, -0.9780441321413176, -0.9411971520597006, -0.5697259539362145, 0.0879704267684851, 0.28075261969735266, 0.8189771368718209, 0.8203703703875498, -0.7115783302015346, -0.9282711165929283, -0.08838202540351572, 0.10145385624982262, 0.22152083769988948, -0.16027987553376666, 0.9114230259871523, -0.5450017799068032, -0.18068857278180706, -0.6305308542741895, -0.3125949356618851, 0.5194545752393296, 0.8712650153544654, 0.2542964882067411, 0.8214260326050784, -0.8893781482344374, 0.4563780572839311, -0.14471940239893955, 0.9179713487701808, -0.3556346531623138, 0.5796951903481491, -0.5049759275277562, 0.14947388469213907, 1.0, -0.5556322370178264, -0.6783946415212896, -0.7575896439938387, 0.3924782172714687, -0.5470969102350636, -0.823683014937064, -0.43817795255750747, -0.24212583419147404, 0.5919318497640016, -0.017268374843809775, -0.002059674924714372, 0.4403072521650333, 0.8506065223393835, 0.4665231351193715, 0.5484380345276744, -0.6969919216346019, 0.36516186527888816, 0.3658179163973667, -0.5010805681420372, -0.8201540415265017, 0.1394842796409812, -0.46853576202469027, 0.31890898187338634, 0.6938053276618933, 0.4296657713816372, -0.6850601367410908, -0.57552447337138, -0.13127343109105838, 0.19976222110249742, 1.0, -0.2489024282376444, -0.25203571584726775, -0.7889980713556173, -0.6187988648056464, -0.7901781175869214, -0.693116319049786, 0.9592364347919082, 0.6652474321140918, -0.6252295169702788, 0.21162558718103752, -0.5814376030050448, 0.02839320469532347, 0.7749894437664595, -0.15392062776689927, -0.1410892585540553, 0.6033826342955058, -0.5954055454029463, -0.8226063028221196, 0.13885108080026742, 0.09649539926792566, 0.4870781860597164, -0.446054146341737, -0.19556061134398606, -0.3690743095850073, 0.3065238755765693, -0.83029205151533, -0.4733152233500486, 0.37286158819041804, 0.17916374794286802, -0.0640152958831266, -0.3984099153974716, -0.18969312985531012, 0.9619524991187232, -0.3379061390791742, 0.35799157303617873, 0.25964861438364095, -0.6181466951146626, -0.6075853558863498, 0.7970756334757352, 0.4998619410513121, 0.46785647864733426, 0.6206197489574992, 0.6222318173967938, 0.8036610512624713, 0.720742512762276, 0.21868738568212517, -0.8264554181615151, -0.7498916826108942, -0.46733586263435956, 0.9867912744715979, -1.0, -0.6047897836424954, 0.618344010841261]
102.89584350585938	(8, 12, 2)	[-0.20702052793522635, -0.3115138932915802, -0.905123435551906, -0.08174362214478403, 0.7954906652432512, 0.8111716845768927, -0.9780441321413176, -0.534132066076932, 0.14169035866559598, 0.0879704267684851, 0.28075261969735266, -0.29938696638015316, -0.8699023193553296, -0.36537166726039194, -0.9282711165929283, 0.012702823096391924, -0.03179533633107526, 0.34085283717117026, -0.16027987553376666, 0.7827074822710491, -0.5450017799068032, -0.4700019763246668, -0.6305308542741895, -0.4507852194104505, 0.5849147692412222, 0.8712650153544654, -0.45502477098226457, 0.14800452335446385, -0.8708809530903525, 0.7418970672652405, -0.44129882564663203, 0.8976357124983054, 0.07692166400873611, 0.5647879320949158, -0.5856924601856466, 0.14947388469213907, 0.3373567090466574, 0.468748756121959, 0.5187026072918219, -0.7453817109623186, 0.3924782172714687, -0.5413136133043153, -0.27942990139862667, -0.43817795255750747, -0.24212583419147404, 0.5966342175765209, -0.017268374843809775, -0.2650877700253167, 0.45159539863706566, 0.8506065223393835, 0.4665231351193715, 0.5484380345276744, -0.6969919216346019, 0.3295920000823944, 0.3658179163973667, -0.5010805681420372, -0.8201540415265017, 0.6834164010609559, -0.25946363751268, 0.3974292734459397, 0.733334037439809, 0.9994708989731835, 0.9930120572004137, -0.57552447337138, 0.19521015026305966, 0.19976222110249742, 0.9610808480683277, -0.2489024282376444, -0.25203571584726775, -0.1920047310212076, -0.8673240159680826, -0.7901781175869214, 0.8137865545312515, -0.33158988936384765, 0.5301751812663477, -0.8726218273597459, -0.19642995874956257, 0.6847757481549288, -0.7977988943716776, 0.6620634821238939, -0.15311205307559841, -0.3206989035053059, 0.6610304777441833, -0.5449739130574067, -0.941595836671909, 0.13885108080026742, -0.7701358132275862, -0.20686142342274266, 0.6788395454727492, -0.19556061134398606, -0.16897950812019435, -0.5234522135747363, -0.5878595777585562, -0.13911283910224137, 0.2465419594209588, 0.22239926224190776, 0.7962139129218091, -0.4816487515257591, -0.0736806321643082, 0.9619524991187232, -0.3379061390791742, 0.39540511741617723, 0.5459484315658273, -0.6480833516337552, -1.0, 0.7970756334757352, 0.4998619410513121, 0.128863470029706, 0.6206197489574992, 0.6264216973052826, 0.9410566360096319, 0.720742512762276, 0.2572763679949521, -0.8264554181615151, -0.8119507565068547, -0.46733586263435956, -0.19892265821343846, -0.8886950225351304, -0.6047897836424954, 0.618344010841261]
102.93678283691406	(8, 12, 2)	[-0.20702052793522635, -0.7019122675180767, -0.4105809343312974, -0.5737836589257246, 0.7555354541698486, 0.4541091414855172, -0.9780441321413176, -0.9170512362508996, -0.05875833044761347, 0.2679355216305086, 0.28075261969735266, 0.8189771368718209, 0.8203703703875498, -0.7115783302015346, -0.9093192488018006, 0.36765770323234825, -0.03179533633107526, 0.2506081855377549, -0.16027987553376666, 0.935885853500666, -0.5450017799068032, -0.11506689285135563, -0.6518824458559147, -0.4507852194104505, 0.5194545752393296, 0.8712650153544654, -0.45502477098226457, 0.9024534873230246, -0.17282897104420658, 0.29662614453268077, 0.6180340934747123, 0.8976357124983054, -0.5457865399354269, -0.6067499562288527, 0.2669675902792845, 0.14947388469213907, 0.9473040216360415, -0.5556322370178264, -0.6783946415212896, -0.7575896439938387, 0.2662576600469376, -0.5413136133043153, -0.823683014937064, -0.5708304560164243, -0.24212583419147404, 0.5919318497640016, -0.6323108962088029, -0.002059674924714372, 0.5285576457339856, 0.8506065223393835, -1.0, 0.5484380345276744, -0.6969919216346019, 0.36516186527888816, 0.3658179163973667, -0.537646062770265, -0.9285078331240629, 0.1394842796409812, -0.4744274167822727, 0.31890898187338634, 0.733334037439809, 0.9994708989731835, 0.9930120572004137, -0.57552447337138, 0.19521015026305966, 0.19976222110249742, 0.904492918938361, 0.3536530761687994, -0.37835051799892816, -0.7889980713556173, -0.8673240159680826, -0.7901781175869214, -0.33741636159040134, -0.33158988936384765, 0.5301751812663477, 0.16767418492436192, -0.20370854326163124, -0.15709239282917897, -0.7977988943716776, 0.32408164699473474, -0.06803294387188674, -0.1410892585540553, 0.3483004422339764, -0.5954055454029463, -0.941595836671909, 0.11277456182846879, 0.15322318803850798, 0.4870781860597164, 0.6788395454727492, -0.19556061134398606, 0.7940956405427653, 0.3065238755765693, -0.83029205151533, -0.4733152233500486, 0.2465419594209588, 0.17916374794286802, -0.5399205584269602, 0.9969525372773518, -0.0736806321643082, 0.9619524991187232, -0.8289551075027908, -0.41220419813785303, 0.0401210308871125, -0.567104990760058, 0.4234932632166604, 0.7970756334757352, 0.4798190810419173, 0.46785647864733426, 0.6206197489574992, 0.3544654155399187, -0.032928108594799, 0.8959992804488213, 0.2192089917780203, -0.8152313533059055, -0.8119507565068547, -0.46733586263435956, -0.03186567873503411, -0.7447068205722733, -0.7122004381606908, 0.13858446607536234]
102.99594116210938	(8, 12, 2)	[-0.24192082284047634, -0.3115138932915802, -0.8743247236913883, -0.5737836589257246, 0.7954906652432512, 0.6117045177839973, -0.9780441321413176, -0.534132066076932, 0.6812880505505334, 0.2679355216305086, 0.28075261969735266, 0.8189771368718209, 0.8203703703875498, -0.36537166726039194, -0.6870663378871726, 0.012702823096391924, -0.42688221112863767, 0.2506081855377549, 0.03188244410684238, 0.9414272759962917, -0.5450017799068032, -0.18068857278180706, -0.6684240715626357, -0.3125949356618851, 0.5194545752393296, 0.10188862627718143, -0.45502477098226457, 0.9024534873230246, -0.17282897104420658, 0.4563780572839311, -0.2444256386753118, 0.8976357124983054, -0.06232889555159442, 0.5796951903481491, 0.2669675902792845, 0.14947388469213907, 0.9473040216360415, -0.29412207005465885, 0.2174818014229234, -0.7453817109623186, 0.3924782172714687, -0.030126702374284747, -0.27942990139862667, -0.43817795255750747, -0.4262532639446818, 0.5919318497640016, 0.2222102523463898, -0.2650877700253167, 0.7432742639325893, 0.8506065223393835, -0.9292108904233156, 0.8274383972368771, -0.0617633567057394, 0.36516186527888816, 0.9966633655077539, -0.537646062770265, -0.8004192331784054, 0.21193179251548733, -0.25946363751268, 0.31890898187338634, 0.733334037439809, 0.4296657713816372, -0.7435063967715002, -0.57552447337138, -0.49438503748945095, -0.2982916144479728, 0.9801609441577201, 0.29469479608047117, -0.25203571584726775, -0.2632399441408506, -0.8673240159680826, -0.7901781175869214, -0.693116319049786, -0.2454947258669051, 0.5301751812663477, -0.8726218273597459, 0.21162558718103752, -0.15709239282917897, -0.7977988943716776, 0.35595286256977016, -0.06803294387188674, -0.1410892585540553, 0.6610304777441833, -0.5954055454029463, -0.941595836671909, 0.13885108080026742, -0.7701358132275862, 0.2725012919157772, 0.2733067379607892, -0.19556061134398606, -0.3019741603662631, -0.5766268304371447, -0.5878595777585562, -0.4870787973306647, 0.2465419594209588, 0.2926024016078892, 0.7962139129218091, 0.46960865879901115, -0.0736806321643082, 0.9619524991187232, -0.25640033528512696, 0.35799157303617873, -0.13876912343812098, -0.6480833516337552, -1.0, 0.7970756334757352, 0.4998619410513121, 0.46785647864733426, -0.5505026787188574, 0.6264216973052826, 0.8036610512624713, 0.762580085807435, 0.2572763679949521, -0.8039542592435718, -0.7116838274752225, -0.46733586263435956, 0.01054844555662382, -1.0, -0.6047897836424954, -0.8603429469917749]
102.99607849121094	(8, 12, 2)	[-0.20702052793522635, -0.5238591011661627, -0.6047167053919162, -0.5737836589257246, 0.7954906652432512, 0.4541091414855172, -0.9780441321413176, -0.534132066076932, 0.1370229813927332, 0.2679355216305086, 0.28075261969735266, 0.8189771368718209, 0.9788382729563014, -0.7115783302015346, -0.9093192488018006, 0.012702823096391924, 0.10145385624982262, -0.3151540957286175, -0.16027987553376666, 0.9414272759962917, -0.3986932334801681, -0.658954289903307, -0.6518824458559147, -0.39970636159632295, 0.12300011350279857, 0.10188862627718143, -0.45502477098226457, 0.9024534873230246, -0.17282897104420658, 0.7418970672652405, 0.6180340934747123, 0.8976357124983054, 0.03476709277579326, 0.5796951903481491, 0.875613563663293, 0.01771872748633785, 1.0, -0.39772306937078744, -0.6783946415212896, -0.7575896439938387, -0.1414022148528864, -0.030126702374284747, -0.27942990139862667, -0.5708304560164243, -0.15852783184678304, 0.5919318497640016, 0.2222102523463898, -0.002059674924714372, 0.4403072521650333, 0.8506065223393835, -1.0, 0.5484380345276744, -0.6969919216346019, 0.3295920000823944, 0.9102999586446859, -0.537646062770265, -0.8201540415265017, 0.1394842796409812, -0.9884811557865352, 0.3131752653295978, 0.8498856487071795, 1.0, 0.9930120572004137, -0.57552447337138, 0.19521015026305966, -0.2982916144479728, 0.9801609441577201, -0.2489024282376444, -0.25203571584726775, -0.21540696532650994, -0.8673240159680826, -0.7901781175869214, -0.693116319049786, -0.33158988936384765, 0.8939786363974447, -0.5204127695519583, -0.20370854326163124, -0.15709239282917897, -0.9055041628691232, 0.32408164699473474, -0.15392062776689927, -0.058217464995328, 0.6610304777441833, -0.5954055454029463, -0.907588969572013, 0.13885108080026742, 0.09649539926792566, 0.4870781860597164, -0.4758234986430667, -0.19556061134398606, -0.16897950812019435, 0.2274097804340131, -0.5878595777585562, -0.4733152233500486, -0.1588589211134543, 0.7689209015493732, -0.5399205584269602, -0.3984099153974716, -0.0736806321643082, 0.9619524991187232, -0.32748823352994394, 0.35799157303617873, 0.8295479599571094, -0.567104990760058, -1.0, 0.7970756334757352, 0.4998619410513121, 0.128863470029706, 0.6206197489574992, 0.6222318173967938, 0.63122807751428, 0.720742512762276, 0.2572763679949521, -0.8264554181615151, -0.9178520881080078, -0.46733586263435956, 0.12058316303777675, -1.0, -0.7122004381606908, 0.618344010841261]
102.98308563232422	(8, 12, 2)	[-0.20702052793522635, -0.3115138932915802, -0.4105809343312974, -0.5737836589257246, 0.7555354541698486, 0.4541091414855172, -0.9780441321413176, -0.534132066076932, 0.621327105025401, 0.2679355216305086, 0.28075261969735266, 0.7826767320322877, 0.8203703703875498, -0.39983451170325707, -0.6870663378871726, 0.012702823096391924, 0.10145385624982262, 0.2506081855377549, -0.16027987553376666, 0.9414272759962917, -0.5450017799068032, -0.11506689285135563, -0.6518824458559147, -0.39970636159632295, 0.5194545752393296, 0.10188862627718143, -0.45502477098226457, 0.9024534873230246, -0.8708809530903525, 0.7418970672652405, 0.6180340934747123, -0.2096843989411512, -0.5457865399354269, 0.6728288325732582, -0.5856924601856466, 0.08587041378446099, 1.0, -0.49028761324160686, -0.6783946415212896, -0.7575896439938387, 0.2662576600469376, -0.030126702374284747, -0.27942990139862667, -0.5199742846187162, -0.24212583419147404, 0.5919318497640016, -0.6323108962088029, -0.002059674924714372, 0.7432742639325893, 0.8506065223393835, 0.4665231351193715, 0.5484380345276744, -0.6059161124695036, -0.9110180331661252, 0.9966633655077539, -0.537646062770265, -0.8201540415265017, 0.580023125034337, -0.9884811557865352, 0.3974292734459397, 0.733334037439809, 0.9994708989731835, -0.6850601367410908, -0.6931874594396794, -0.13127343109105838, -0.2982916144479728, 0.9610808480683277, -0.2489024282376444, -0.37835051799892816, -0.17511706870602145, -0.8673240159680826, -0.7901781175869214, -0.693116319049786, -0.33158988936384765, 0.5301751812663477, -0.8726218273597459, -0.20370854326163124, -0.5814376030050448, -0.7977988943716776, 0.32408164699473474, -0.15392062776689927, -0.14671093262703963, 0.11976354691247093, -0.5954055454029463, -0.941595836671909, 0.13885108080026742, -0.7701358132275862, -0.20686142342274266, 0.2733067379607892, -0.19556061134398606, -0.16897950812019435, 0.3065238755765693, -0.83029205151533, -0.13911283910224137, 0.48064256804276484, 0.2926024016078892, -0.0640152958831266, 0.46960865879901115, -0.5931816338638836, 0.9619524991187232, -0.3379061390791742, 0.35799157303617873, 0.0401210308871125, -0.567104990760058, -0.6075853558863498, 0.7970756334757352, 0.4998619410513121, 0.46785647864733426, -0.5505026787188574, 0.32659281944358054, 0.8036610512624713, 0.720742512762276, 0.2572763679949521, -0.8039542592435718, -0.8119507565068547, -0.618836115508343, 0.8884321335182803, -1.0, -0.7122004381606908, -0.8603429469917749]
102.99960327148438	(8, 12, 2)	[-0.24192082284047634, -0.3115138932915802, -0.905123435551906, -0.5737836589257246, 0.7954906652432512, 0.4541091414855172, -0.9780441321413176, -0.9170512362508996, 0.14169035866559598, 0.2679355216305086, 0.28075261969735266, 0.7826767320322877, 0.8203703703875498, -0.7115783302015346, -0.9282711165929283, 0.36765770323234825, 0.18645479156055275, 0.2506081855377549, -0.16027987553376666, 0.8332340220730559, -0.6740161027502608, -0.18068857278180706, -0.6985416621712643, -0.8646014250846921, 0.5194545752393296, 0.8712650153544654, -0.45502477098226457, 0.9024534873230246, -0.8708809530903525, 0.7418970672652405, 0.6180340934747123, 0.8976357124983054, -0.5457865399354269, 0.5647879320949158, -0.5856924601856466, 0.08587041378446099, 1.0, -0.5556322370178264, -0.6783946415212896, -0.7453817109623186, 0.2662576600469376, -0.030126702374284747, -0.823683014937064, -0.5199742846187162, -0.15852783184678304, 0.5919318497640016, -0.017268374843809775, -0.2650877700253167, 0.5285576457339856, 0.8506065223393835, 0.4665231351193715, 0.9053170306517095, -0.6969919216346019, 0.36516186527888816, 0.9966633655077539, -0.6848769063344173, -0.9285078331240629, 0.1394842796409812, -0.9884811557865352, 0.3885393239304737, 0.733334037439809, 0.9994708989731835, 0.9930120572004137, -0.57552447337138, 0.19521015026305966, 0.19976222110249742, 0.9610808480683277, -0.2489024282376444, -0.25203571584726775, -0.21540696532650994, 0.4433778877803243, -0.7901781175869214, -0.693116319049786, -0.33158988936384765, 0.5301751812663477, -0.5204127695519583, -0.20370854326163124, -0.1590320583472544, -0.7977988943716776, 0.32408164699473474, -0.06803294387188674, -0.3206989035053059, 0.3483004422339764, -0.5954055454029463, -0.941595836671909, 0.13885108080026742, 0.09649539926792566, 0.8069622901830591, -0.47089265871632485, -0.19556061134398606, 0.8688944090729755, 0.2713997252063612, -0.9254572108422336, -0.4733152233500486, 0.37286158819041804, 0.22239926224190776, -0.0640152958831266, -0.7517147565418714, -0.0736806321643082, 0.9619524991187232, -0.8289551075027908, 0.4243954625739271, 0.5727757378068634, -0.567104990760058, 0.4234932632166604, 0.7970756334757352, 0.4798190810419173, 0.128863470029706, -0.5505026787188574, 0.6222318173967938, 0.8036610512624713, 0.720742512762276, 0.2572763679949521, -0.8039542592435718, -0.8119507565068547, -0.46733586263435956, 0.9867912744715979, -1.0, -0.7122004381606908, 0.618344010841261]
102.98574829101562	(8, 12, 2)	[-0.24192082284047634, -0.3115138932915802, -0.905123435551906, -0.5737836589257246, 0.7954906652432512, 0.4541091414855172, -0.9780441321413176, -0.9170512362508996, 0.14169035866559598, 0.2679355216305086, 0.28075261969735266, 0.7826767320322877, 0.8203703703875498, -0.7115783302015346, -0.9282711165929283, 0.36765770323234825, 0.18645479156055275, 0.2506081855377549, -0.16027987553376666, 0.8332340220730559, -0.6740161027502608, -0.18068857278180706, -0.6985416621712643, -0.8646014250846921, 0.5194545752393296, 0.8712650153544654, -0.45502477098226457, 0.9024534873230246, -0.8708809530903525, 0.7418970672652405, 0.6180340934747123, 0.8976357124983054, -0.5457865399354269, 0.5647879320949158, -0.5856924601856466, 0.08587041378446099, 1.0, -0.5556322370178264, -0.6783946415212896, -0.7453817109623186, 0.2662576600469376, -0.030126702374284747, -0.823683014937064, -0.5199742846187162, -0.15852783184678304, 0.5919318497640016, -0.017268374843809775, -0.2650877700253167, 0.5285576457339856, 0.8506065223393835, 0.4665231351193715, 0.9053170306517095, -0.6969919216346019, 0.36516186527888816, 0.9966633655077539, -0.6848769063344173, -0.9285078331240629, 0.1394842796409812, -0.9884811557865352, 0.3885393239304737, 0.733334037439809, 0.9994708989731835, 0.9930120572004137, -0.57552447337138, 0.19521015026305966, 0.19976222110249742, 0.9610808480683277, -0.2489024282376444, -0.25203571584726775, -0.21540696532650994, 0.4433778877803243, -0.7901781175869214, -0.693116319049786, -0.33158988936384765, 0.5301751812663477, -0.5204127695519583, -0.20370854326163124, -0.1590320583472544, -0.7977988943716776, 0.32408164699473474, -0.06803294387188674, -0.3206989035053059, 0.3483004422339764, -0.5954055454029463, -0.941595836671909, 0.13885108080026742, 0.09649539926792566, 0.8069622901830591, -0.47089265871632485, -0.19556061134398606, 0.8688944090729755, 0.2713997252063612, -0.9254572108422336, -0.4733152233500486, 0.37286158819041804, 0.22239926224190776, -0.0640152958831266, -0.7517147565418714, -0.0736806321643082, 0.9619524991187232, -0.8289551075027908, 0.4243954625739271, 0.5727757378068634, -0.567104990760058, 0.4234932632166604, 0.7970756334757352, 0.4798190810419173, 0.128863470029706, -0.5505026787188574, 0.6222318173967938, 0.8036610512624713, 0.720742512762276, 0.2572763679949521, -0.8039542592435718, -0.8119507565068547, -0.46733586263435956, 0.9867912744715979, -1.0, -0.7122004381606908, 0.618344010841261]
102.99812316894531	(8, 12, 2)	[-0.20702052793522635, -0.5238591011661627, -0.905123435551906, -0.5737836589257246, 0.7954906652432512, 0.4541091414855172, -0.9780441321413176, -0.9170512362508996, 0.6812880505505334, 0.2679355216305086, 0.28075261969735266, 0.8005100484118784, 0.8203703703875498, -0.7115783302015346, -0.9282711165929283, 0.012702823096391924, 0.10145385624982262, 0.2506081855377549, 0.03188244410684238, 0.7859921887353191, -0.5450017799068032, -0.11506689285135563, -0.6949146844615757, -0.3125949356618851, 0.5194545752393296, 0.10188862627718143, -0.891967634752187, 0.9024534873230246, -0.17282897104420658, 0.7418970672652405, 0.6180340934747123, 0.8976357124983054, -0.3556346531623138, 0.5796951903481491, -0.5856924601856466, 0.01771872748633785, 1.0, -0.7645491632426278, -0.6783946415212896, -0.7575896439938387, -0.08061421381941192, -0.030126702374284747, -0.27942990139862667, -0.5969158768981515, -0.3300699409768728, 0.5919318497640016, -0.6323108962088029, -0.2650877700253167, 0.7432742639325893, 0.8506065223393835, -1.0, 0.5871125797787253, -0.6969919216346019, 0.36516186527888816, 0.9966633655077539, -0.537646062770265, -0.8201540415265017, 0.1394842796409812, -0.9884811557865352, 0.31890898187338634, 0.5423432337302462, 0.9994708989731835, 0.9930120572004137, -0.6931874594396794, -0.49438503748945095, -0.2982916144479728, 0.9610808480683277, -0.2489024282376444, -0.25203571584726775, -0.21540696532650994, 0.4433778877803243, -0.7901781175869214, -0.661635201513536, -0.2807443508768583, 0.5301751812663477, -0.6252295169702788, 0.21162558718103752, -0.15709239282917897, 0.02839320469532347, 0.35595286256977016, -0.06803294387188674, -0.10291666746310732, 0.6610304777441833, -0.5954055454029463, -0.941595836671909, 0.13885108080026742, 0.43768971188093614, -0.20686142342274266, 0.6788395454727492, -0.19556061134398606, -0.3019741603662631, 0.3065238755765693, -0.5878595777585562, -0.13911283910224137, -0.29897957129380326, 0.7689209015493732, -0.0640152958831266, -0.4816487515257591, -0.5931816338638836, -0.3661191421533977, -0.3379061390791742, 0.38712306275708697, 0.0401210308871125, -0.6181466951146626, 0.38627430075897284, 0.7970756334757352, 0.4998619410513121, 0.4838469133765525, -0.5505026787188574, 0.4179776795756497, 0.8036610512624713, 0.610267250787713, 0.2572763679949521, -0.8039542592435718, -0.8119507565068547, -0.46733586263435956, -0.03186567873503411, -0.9886636993301636, -0.7122004381606908, -0.8603429469917749]
102.99763488769531	(8, 12, 2)	[-0.25686965898737224, -0.3115138932915802, -0.6047167053919162, -0.08174362214478403, 0.7954906652432512, 0.4541091414855172, -0.9780441321413176, -0.534132066076932, 0.1370229813927332, 0.6944453451804957, 0.28075261969735266, -0.29938696638015316, 0.8203703703875498, -0.7115783302015346, -0.9282711165929283, 0.36765770323234825, 0.10145385624982262, 0.2506081855377549, 0.1622807887271828, 0.9414272759962917, -0.5450017799068032, -0.658954289903307, -0.6985416621712643, -0.4507852194104505, 0.12300011350279857, 0.05728234180565034, -0.891967634752187, 0.9024534873230246, -0.17282897104420658, 0.7418970672652405, 0.6199784853800382, 0.8976357124983054, 0.03476709277579326, 0.5647879320949158, -0.5856924601856466, 0.01771872748633785, 0.35753716280954906, -0.7645491632426278, -0.637508164148969, -0.7575896439938387, -0.46800054287231707, -0.030126702374284747, -0.27942990139862667, -0.5199742846187162, -0.24212583419147404, 0.5919318497640016, -0.10375739927720073, -0.2650877700253167, 0.4403072521650333, 0.8506065223393835, 0.26264947453601883, 0.48358774092976725, -0.6969919216346019, 0.36516186527888816, 0.5157688859002468, -0.537646062770265, -0.8201540415265017, 0.1394842796409812, -0.9884811557865352, 0.31890898187338634, 0.733334037439809, 1.0, 0.9930120572004137, -0.57552447337138, -0.13127343109105838, 0.2850931174470406, 0.9610808480683277, 0.3536530761687994, -0.37835051799892816, -0.21540696532650994, -0.8673240159680826, -0.7901781175869214, -0.693116319049786, -0.33158988936384765, 0.5301751812663477, -0.8726218273597459, -0.20370854326163124, -0.1590320583472544, -0.7977988943716776, 0.6620634821238939, -0.06803294387188674, -0.058217464995328, 0.11976354691247093, -0.5954055454029463, -0.941595836671909, 0.13885108080026742, 0.43768971188093614, 0.4870781860597164, 0.2733067379607892, -0.19556061134398606, 0.7940956405427653, 0.3065238755765693, -0.5878595777585562, -0.4733152233500486, 0.2465419594209588, 0.8985701230919958, -0.5399205584269602, 0.9969525372773518, -0.11786729781352828, 0.9619524991187232, -0.8289551075027908, 0.35799157303617873, 0.8295479599571094, -0.6181466951146626, 0.38627430075897284, 0.7970756334757352, 0.4998619410513121, 0.128863470029706, -0.5505026787188574, 0.6222318173967938, 0.8036610512624713, 0.762580085807435, 0.2572763679949521, -0.8264554181615151, -0.8119507565068547, -0.4595586692747278, 0.8884321335182803, -1.0, -0.7122004381606908, 0.618344010841261]
102.99853515625	(8, 12, 2)	[-0.25686965898737224, -0.3115138932915802, -0.8439374496922731, -0.5091939408685602, 0.7555354541698486, 0.4541091414855172, -0.9780441321413176, -0.9170512362508996, 0.13109792409176046, 0.2779053641338238, 0.28075261969735266, 0.8189771368718209, 0.8636594136919431, -0.36537166726039194, -0.9282711165929283, 0.36765770323234825, 0.10145385624982262, 0.34085283717117026, -0.16027987553376666, 0.9414272759962917, -0.4583389834807675, -0.658954289903307, -0.6684240715626357, -0.759531547350926, 0.6740350241717776, 0.05728234180565034, -0.45502477098226457, 0.8104323397888412, -0.17282897104420658, 0.7418970672652405, -0.5246106197187503, 0.8976357124983054, 0.07692166400873611, 0.5647879320949158, 0.2669675902792845, 0.13168808070052523, 0.35753716280954906, -0.5556322370178264, -0.7395097942452814, -0.7575896439938387, -0.1414022148528864, -0.030126702374284747, -0.27942990139862667, -0.5692076892811435, -0.1472055505003613, 0.5919318497640016, -0.6122714591334537, -0.2650877700253167, 0.5285576457339856, 0.8506065223393835, 0.4665231351193715, 0.7482039535643309, -0.6969919216346019, 0.3295920000823944, 0.9966633655077539, -0.537646062770265, -0.8201540415265017, 0.580023125034337, -0.9884811557865352, 0.3131752653295978, 0.733334037439809, 0.4296657713816372, 0.9930120572004137, -0.6931874594396794, 0.19521015026305966, 0.3934603445536671, 0.9801609441577201, 0.3536530761687994, -0.25203571584726775, -0.21540696532650994, -0.8673240159680826, -0.6187476190163098, -0.693116319049786, -0.3556756056741601, 0.5301751812663477, -0.8726218273597459, -0.19642995874956257, -0.15709239282917897, -0.7977988943716776, 0.32408164699473474, 0.023498827114663223, -0.12696583886326718, 0.3483004422339764, -0.5449739130574067, -0.8063783917794572, 0.13885108080026742, 0.15322318803850798, 0.4870781860597164, 0.6788395454727492, -0.19556061134398606, 0.7940956405427653, -0.5234522135747363, -0.9254572108422336, -0.5493946134572657, -0.18578746564382378, 0.17916374794286802, -0.0640152958831266, 0.9969525372773518, 0.4437849884392732, 0.9619524991187232, -0.2523118540799553, 0.35799157303617873, 0.0401210308871125, -0.567104990760058, 0.4234932632166604, 0.7970756334757352, 0.4998619410513121, 0.46785647864733426, -0.5505026787188574, 0.6222318173967938, 0.63122807751428, 0.720742512762276, 0.2572763679949521, -0.8152313533059055, -0.7498916826108942, -0.46733586263435956, -0.07027703932375026, -0.8088921517589476, -0.7122004381606908, 0.618344010841261]
102.99645233154297	(8, 12, 2)	[-0.20702052793522635, -0.3115138932915802, -0.905123435551906, -0.5737836589257246, 0.7954906652432512, 0.8111716845768927, -0.9780441321413176, -0.9701604797307078, 0.1370229813927332, 0.2679355216305086, 0.28075261969735266, 0.8189771368718209, 0.8203703703875498, -0.7115783302015346, -0.6870663378871726, 0.012702823096391924, 0.10145385624982262, 0.2506081855377549, -0.16027987553376666, 0.935885853500666, -0.36406713685328934, -0.11506689285135563, -0.7748190546274955, -0.3125949356618851, 0.12300011350279857, 0.10188862627718143, -0.45502477098226457, 0.9024534873230246, -0.7569743325310767, 0.7418970672652405, 0.6449460702978737, 0.8976357124983054, 0.12230225807384663, 0.5647879320949158, -0.5856924601856466, 0.14947388469213907, 1.0, -0.7645491632426278, -0.6783946415212896, -0.7575896439938387, -0.08061421381941192, -0.030126702374284747, -0.27942990139862667, -0.43817795255750747, -0.15852783184678304, 0.6923615745354876, 0.2222102523463898, -0.002059674924714372, 0.5285576457339856, 0.7628655148615621, -0.9292108904233156, 0.5871125797787253, -0.6969919216346019, 0.4363054896135211, 0.9966633655077539, -0.537646062770265, -0.8201540415265017, 0.1394842796409812, -0.25946363751268, 0.31890898187338634, 0.8447889234371976, 1.0, 0.9930120572004137, -0.6931874594396794, 0.19521015026305966, 0.19976222110249742, 0.9610808480683277, -0.2489024282376444, -0.37835051799892816, -0.21540696532650994, 0.4433778877803243, -0.7901781175869214, -0.693116319049786, -0.5271658709030326, 0.5301751812663477, -0.6252295169702788, -0.20370854326163124, -0.15709239282917897, -0.7977988943716776, 0.35595286256977016, -0.06803294387188674, -0.10291666746310732, 0.6610304777441833, -0.5954055454029463, -0.941595836671909, 0.13885108080026742, 0.09649539926792566, -0.20686142342274266, 0.6788395454727492, -0.14820879133466047, 0.7940956405427653, 0.3065238755765693, -0.83029205151533, -0.13911283910224137, -0.1588589211134543, 0.2926024016078892, -0.0640152958831266, -0.3984099153974716, -0.0736806321643082, 1.0, -0.3418216748814411, 0.35799157303617873, 0.0401210308871125, -0.5781322927281378, 0.38627430075897284, 0.7970756334757352, 0.4998619410513121, 0.128863470029706, -0.5505026787188574, 0.6222318173967938, 0.8036610512624713, 0.720742512762276, 0.2572763679949521, -0.8039542592435718, -0.8119507565068547, -0.46733586263435956, -0.19892265821343846, -1.0, -0.6047897836424954, 0.618344010841261]
102.9984130859375	(8, 12, 2)	[-0.24192082284047634, -0.5238591011661627, -0.905123435551906, -0.5737836589257246, 0.7954906652432512, 0.4541091414855172, -0.9780441321413176, -0.534132066076932, 0.1370229813927332, 0.10764923591684372, 0.28075261969735266, -0.29938696638015316, 0.8203703703875498, -0.7115783302015346, -0.6870663378871726, 0.012702823096391924, 0.10145385624982262, 0.2506081855377549, -0.16027987553376666, 0.9414272759962917, -0.4583389834807675, -0.4700019763246668, -0.6949146844615757, -0.8646014250846921, 0.6740350241717776, 0.8641645836012704, -0.3865386084532212, 0.9024534873230246, -0.17282897104420658, 0.7418970672652405, -0.44129882564663203, 0.8976357124983054, -0.6020088680942975, 0.5796951903481491, -0.5856924601856466, 0.03281384788919284, 1.0, -0.7645491632426278, -0.6783946415212896, -0.7575896439938387, -0.08061421381941192, -0.030126702374284747, -0.27942990139862667, -0.5969158768981515, -0.1472055505003613, 0.5919318497640016, -0.6323108962088029, -0.2650877700253167, 0.4403072521650333, 0.8506065223393835, 0.4665231351193715, 0.9053170306517095, -0.0617633567057394, 0.36516186527888816, 0.9966633655077539, -0.47407831819118806, -0.8004192331784054, 0.21193179251548733, -0.25946363751268, 0.31890898187338634, 0.8447889234371976, 1.0, 0.9930120572004137, -0.6931874594396794, 0.19521015026305966, 0.2850931174470406, 0.9610808480683277, -0.2489024282376444, -0.25203571584726775, -0.6554954163972329, -0.8673240159680826, -0.7901781175869214, -0.661635201513536, -0.33158988936384765, 0.5301751812663477, -0.6252295169702788, 0.21162558718103752, -0.1590320583472544, 0.02839320469532347, 0.32408164699473474, -0.15392062776689927, -0.10291666746310732, 0.6610304777441833, -0.5449739130574067, -0.941595836671909, 0.13885108080026742, -0.7701358132275862, -0.20686142342274266, 0.6788395454727492, -0.19556061134398606, 0.7940956405427653, 0.3065238755765693, -0.83029205151533, -0.4733152233500486, 0.2465419594209588, 0.2926024016078892, -0.0640152958831266, 0.9969525372773518, -0.0736806321643082, 0.9619524991187232, -0.8289551075027908, 0.35799157303617873, 0.8295479599571094, -0.6480833516337552, 0.38627430075897284, 0.7970756334757352, 0.4998619410513121, 0.128863470029706, -0.5505026787188574, 0.6222318173967938, 0.63122807751428, 0.610267250787713, 0.2572763679949521, -0.8152313533059055, -0.8119507565068547, -0.46733586263435956, 0.8884321335182803, -1.0, -0.7122004381606908, -0.8603429469917749]
102.99842834472656	(8, 12, 2)	[-0.24192082284047634, -0.3115138932915802, -0.905123435551906, -0.5737836589257246, 0.7555354541698486, 0.4541091414855172, -0.9780441321413176, -0.9701604797307078, 0.13109792409176046, 0.14650741070334447, 0.28075261969735266, 0.8005100484118784, 0.8203703703875498, -0.39983451170325707, -1.0, 0.36765770323234825, 0.10145385624982262, 0.34085283717117026, -0.16027987553376666, 0.9414272759962917, -0.641867242933609, -0.658954289903307, -0.6518824458559147, -0.3125949356618851, 0.6740350241717776, 0.05728234180565034, -0.45502477098226457, 0.6428575464378509, -0.17282897104420658, 0.4563780572839311, -0.44129882564663203, 0.8976357124983054, 0.07692166400873611, 0.43015621093551937, -0.5856924601856466, 0.03281384788919284, 0.35753716280954906, -0.49028761324160686, -0.6783946415212896, -0.7575896439938387, -0.1414022148528864, -0.5413136133043153, -0.823683014937064, -0.5969158768981515, -0.24212583419147404, 0.5919318497640016, -0.6323108962088029, -0.002059674924714372, 0.5285576457339856, 0.8506065223393835, 0.4665231351193715, 0.7482039535643309, -0.6969919216346019, 0.36516186527888816, 0.9966633655077539, -0.537646062770265, -0.9285078331240629, 0.1394842796409812, -0.9884811557865352, 0.3131752653295978, 0.733334037439809, 0.9994708989731835, 0.9930120572004137, -0.6931874594396794, 0.19521015026305966, 0.3934603445536671, 0.9610808480683277, -0.2489024282376444, -0.25203571584726775, -0.21540696532650994, -0.8673240159680826, -0.6644178123879013, -0.693116319049786, -0.3556756056741601, 0.5301751812663477, -0.8726218273597459, 0.21162558718103752, -0.1590320583472544, -0.7977988943716776, 0.35595286256977016, -0.16790208783802146, -0.3206989035053059, 0.6610304777441833, -0.5449739130574067, -0.941595836671909, 0.13885108080026742, 0.15322318803850798, 0.4870781860597164, 0.6788395454727492, -0.19556061134398606, 0.7940956405427653, -0.5234522135747363, -0.9254572108422336, -0.4733152233500486, 0.2465419594209588, 0.2926024016078892, -0.0640152958831266, -0.3984099153974716, -0.0736806321643082, 1.0, -0.8289551075027908, 0.38712306275708697, 0.8295479599571094, -0.6480833516337552, -0.6075853558863498, 0.7970756334757352, 0.4998619410513121, 0.128863470029706, 0.7940366864083204, 0.4179776795756497, 0.8036610512624713, 0.6140772934063767, 0.2572763679949521, -0.8039542592435718, -0.7116838274752225, -0.618836115508343, 0.9867912744715979, -1.0, -0.7122004381606908, 0.618344010841261]
102.99878692626953	(8, 12, 2)	[-0.25686965898737224, -0.3115138932915802, -0.905123435551906, -0.5737836589257246, 0.7954906652432512, 0.4541091414855172, -0.9780441321413176, -0.534132066076932, 0.1370229813927332, 0.10764923591684372, 0.28075261969735266, 0.8189771368718209, 0.8636594136919431, -0.39983451170325707, -0.9282711165929283, 0.012702823096391924, 0.10145385624982262, 0.2506081855377549, -0.16027987553376666, 0.9414272759962917, -0.462382301828291, -0.4700019763246668, -0.6684240715626357, -0.8646014250846921, 0.6740350241717776, 0.8641645836012704, -0.9172731381633956, 0.9024534873230246, -0.41669427384678315, 0.7418970672652405, -0.5246106197187503, 0.8976357124983054, 0.07692166400873611, 0.5328229834042489, -0.5856924601856466, 0.08587041378446099, 1.0, -0.5556322370178264, -0.6783946415212896, -0.7575896439938387, 0.2662576600469376, -0.030126702374284747, -0.6195346359795869, -0.6759830500550152, -0.1472055505003613, 0.5919318497640016, -0.10375739927720073, -0.2650877700253167, 0.4403072521650333, 0.8506065223393835, -0.9292108904233156, 0.9053170306517095, -0.6969919216346019, 0.36516186527888816, 0.9966633655077539, -0.537646062770265, -0.8004192331784054, 0.21193179251548733, -1.0, 0.31890898187338634, 0.733334037439809, 0.9994708989731835, 0.9930120572004137, -0.5971886418066392, 0.19521015026305966, -0.2982916144479728, 0.904492918938361, 0.3536530761687994, -0.25203571584726775, -0.6554954163972329, -0.8673240159680826, -0.7901781175869214, -0.693116319049786, -0.3556756056741601, 0.5301751812663477, -0.8726218273597459, 0.21162558718103752, -0.15709239282917897, 0.02839320469532347, 0.32408164699473474, 0.023498827114663223, -0.1410892585540553, 0.3483004422339764, -0.5449739130574067, -0.8063783917794572, 0.13885108080026742, 0.15322318803850798, -0.20686142342274266, 0.6788395454727492, -0.19556061134398606, 0.7940956405427653, 0.3065238755765693, -0.83029205151533, -0.4733152233500486, 0.2465419594209588, 0.2926024016078892, -0.5776512674086701, 0.9969525372773518, -0.0736806321643082, 0.9619524991187232, -0.8289551075027908, 0.35799157303617873, 0.8295479599571094, -0.567104990760058, -1.0, 0.7970756334757352, 0.4998619410513121, -0.3043780901634725, -0.5505026787188574, 0.6222318173967938, 0.63122807751428, 0.8828215040110837, 0.2572763679949521, -0.8264554181615151, -0.8201001308931332, -0.46733586263435956, 0.8884321335182803, -0.8088921517589476, -0.7122004381606908, 0.618344010841261]
102.99788665771484	(8, 12, 2)	[-0.20702052793522635, -0.2636510883370516, -0.905123435551906, -0.5737836589257246, 0.7954906652432512, 0.5338787933469404, -0.9780441321413176, -0.534132066076932, 0.13109792409176046, 0.2679355216305086, 0.28075261969735266, 0.8005100484118784, 0.8203703703875498, -0.36537166726039194, -0.6870663378871726, 0.36765770323234825, 0.10145385624982262, 0.34085283717117026, -0.16027987553376666, 0.9414272759962917, -0.5450017799068032, -0.11506689285135563, -0.6684240715626357, -0.4507852194104505, 0.5194545752393296, 0.10188862627718143, -0.45502477098226457, 0.9024534873230246, -0.17282897104420658, 0.29662614453268077, 0.6180340934747123, 0.8976357124983054, -0.4535373429842523, 0.43015621093551937, -0.5856924601856466, 0.01771872748633785, 0.3373567090466574, -0.6301020619083226, 0.6056359693142819, -0.7575896439938387, -0.06767482251729295, -0.5413136133043153, -0.27942990139862667, -0.5912186397600777, -0.3300699409768728, 0.5919318497640016, -0.6323108962088029, -0.2650877700253167, 0.5285576457339856, 0.8506065223393835, 0.39260100919501195, 0.5871125797787253, -0.6969919216346019, 0.453446543930887, 0.9102999586446859, -0.537646062770265, -0.8201540415265017, 0.580023125034337, -1.0, 0.31890898187338634, 0.733334037439809, 0.9994708989731835, 0.9930120572004137, -0.57552447337138, -0.5356883853960648, 0.19976222110249742, 0.9610808480683277, -0.2489024282376444, -0.25203571584726775, -0.9713725427388411, -0.8673240159680826, -0.7901781175869214, -0.6699491921926806, -0.3556756056741601, 0.5301751812663477, -0.8726218273597459, 0.21162558718103752, -0.15709239282917897, -0.7977988943716776, 0.32408164699473474, -0.06803294387188674, -0.1410892585540553, 0.6610304777441833, -0.5449739130574067, -0.9509492332769756, 0.13885108080026742, 0.15322318803850798, 0.2725012919157772, 0.6788395454727492, -0.21279161545658382, 0.7940956405427653, 0.3065238755765693, -0.9059237980526397, -0.4733152233500486, -0.1351981520632406, 0.2926024016078892, 0.7247173808694227, 0.46960865879901115, -0.5931816338638836, 0.9619524991187232, -0.8289551075027908, -0.41220419813785303, 0.8295479599571094, -0.6480833516337552, -1.0, 0.7970756334757352, 0.4798190810419173, 0.46785647864733426, -0.5505026787188574, 0.6222318173967938, 0.8036610512624713, 0.8828215040110837, 0.2572763679949521, -0.8264554181615151, -0.8119507565068547, 0.46104701040194607, 0.12058316303777675, -1.0, -0.6047897836424954, -0.8603429469917749]
102.9983139038086	(8, 12, 2)	[-0.20702052793522635, -0.3115138932915802, -0.905123435551906, -0.5737836589257246, 0.7555354541698486, 0.5608891512944019, -0.9780441321413176, -0.9701604797307078, 0.14169035866559598, 0.14650741070334447, 0.28075261969735266, 0.8189771368718209, 0.8636594136919431, -0.39983451170325707, -0.9010083342087079, 0.36765770323234825, 0.10145385624982262, 0.34085283717117026, -0.16027987553376666, 0.9883237670739992, -0.641867242933609, -0.11506689285135563, -0.6684240715626357, -0.8646014250846921, 0.5194545752393296, 0.05728234180565034, -0.45502477098226457, 0.6428575464378509, -0.41669427384678315, 0.4563780572839311, -0.44129882564663203, 0.8976357124983054, -0.5457865399354269, 0.43015621093551937, 0.2669675902792845, 0.01771872748633785, 1.0, -0.5556322370178264, -0.6783946415212896, -0.7575896439938387, -0.1414022148528864, -0.030126702374284747, -0.27942990139862667, -0.5969158768981515, -0.15852783184678304, 0.5919318497640016, -0.6323108962088029, -0.002059674924714372, 0.7432742639325893, 0.8506065223393835, 0.4665231351193715, 0.5294473241109489, -0.6969919216346019, 0.3295920000823944, 0.9966633655077539, -0.537646062770265, -0.9285078331240629, 0.1394842796409812, -0.25946363751268, 0.3131752653295978, 0.8447889234371976, 0.9117575373758837, 0.9930120572004137, -0.57552447337138, 0.19521015026305966, 0.3934603445536671, 0.9610808480683277, -0.2489024282376444, -0.25203571584726775, -0.2903748003265076, -0.8673240159680826, -1.0, -0.661635201513536, -0.3556756056741601, 0.5301751812663477, -0.7869128779718084, 0.009925144332317865, -0.15709239282917897, -0.7977988943716776, 0.32408164699473474, -0.06803294387188674, -0.3206989035053059, 0.6610304777441833, -0.5449739130574067, -0.941595836671909, 0.13885108080026742, 0.15322318803850798, 0.4870781860597164, 0.6788395454727492, -0.19556061134398606, 0.8024702560117148, -0.5234522135747363, -0.9254572108422336, -0.4733152233500486, 0.2465419594209588, 0.2926024016078892, -0.5399205584269602, 0.9969525372773518, -0.0736806321643082, 0.9619524991187232, -0.8289551075027908, 0.39540511741617723, 0.8295479599571094, -0.6480833516337552, -0.6075853558863498, 0.7970756334757352, 0.4998619410513121, 0.128863470029706, -0.5505026787188574, 0.6222318173967938, 0.540063536544795, 0.720742512762276, 0.2572763679949521, -0.8039542592435718, -0.9384509688980154, -0.46733586263435956, 0.9867912744715979, -1.0, -0.6047897836424954, -0.8603429469917749]
102.99935150146484	(8, 12, 2)	[-0.25686965898737224, -0.3115138932915802, -0.8743247236913883, -0.5737836589257246, 0.8144008737419504, 0.8111716845768927, -0.9780441321413176, -0.9701604797307078, 0.1370229813927332, 0.6944453451804957, 0.28075261969735266, 0.8005100484118784, 0.8203703703875498, -0.36537166726039194, -0.8250905143677649, 0.36765770323234825, 0.10145385624982262, 0.2506081855377549, -0.16027987553376666, 0.9414272759962917, -0.462382301828291, -0.11506689285135563, -0.6684240715626357, -0.3125949356618851, 0.5194545752393296, 0.10188862627718143, -0.891967634752187, 0.14800452335446385, -0.17282897104420658, 0.7418970672652405, -0.44129882564663203, 0.8976357124983054, -0.6020088680942975, 0.5647879320949158, -0.5856924601856466, 0.03281384788919284, 1.0, 0.4657184875570045, -0.6783946415212896, -0.7575896439938387, -0.08061421381941192, -0.030126702374284747, -0.27942990139862667, -0.5969158768981515, -0.15852783184678304, 0.5919318497640016, -0.6323108962088029, -0.002059674924714372, 0.4403072521650333, 0.8506065223393835, 0.4665231351193715, 0.5871125797787253, -0.6969919216346019, 0.4363054896135211, 0.9966633655077539, -0.5010805681420372, -0.8201540415265017, 0.21193179251548733, -0.9884811557865352, 0.3974292734459397, 0.8447889234371976, 1.0, 0.9930120572004137, -0.5971886418066392, 0.19521015026305966, 0.3934603445536671, 0.9610808480683277, 0.3536530761687994, -0.25203571584726775, -0.21540696532650994, -0.8673240159680826, -0.7901781175869214, -0.693116319049786, -0.33158988936384765, 0.5301751812663477, -0.6252295169702788, -0.20370854326163124, -0.15709239282917897, 0.02839320469532347, 0.35595286256977016, -0.06803294387188674, -0.1410892585540553, 0.6610304777441833, -0.5954055454029463, -0.8063783917794572, 0.12819357506450113, 0.15322318803850798, -0.20686142342274266, 0.6788395454727492, -0.14820879133466047, 0.7940956405427653, 0.3065238755765693, -0.83029205151533, -0.4733152233500486, -0.18578746564382378, 0.7689209015493732, 0.7962139129218091, 0.9969525372773518, -0.0736806321643082, 0.9619524991187232, -0.2523118540799553, 0.35799157303617873, 0.8295479599571094, -0.567104990760058, 0.38627430075897284, 0.874925456173427, 0.4998619410513121, 0.128863470029706, -0.5505026787188574, 0.6222318173967938, 0.8036610512624713, 0.720742512762276, 0.2572763679949521, -0.8039542592435718, -0.7116838274752225, -0.46733586263435956, 0.01054844555662382, -1.0, -0.3814567992955872, -0.8603429469917749]
102.99995422363281	(8, 12, 2)	[-0.20702052793522635, -0.5238591011661627, -0.8743247236913883, -0.5737836589257246, 0.7555354541698486, 0.4541091414855172, -0.9780441321413176, -0.534132066076932, 0.13109792409176046, 0.14650741070334447, 0.28075261969735266, 0.8189771368718209, 0.8203703703875498, -0.39983451170325707, -0.9010083342087079, 0.47507005930612456, 0.10145385624982262, 0.34085283717117026, -0.16027987553376666, 0.9883237670739992, -0.641867242933609, -0.11506689285135563, -0.6684240715626357, -0.8646014250846921, 0.5194545752393296, 0.05728234180565034, -0.45502477098226457, 0.6428575464378509, -0.17282897104420658, 0.7418970672652405, -0.44129882564663203, 0.8976357124983054, -0.5457865399354269, 0.43015621093551937, 0.2669675902792845, 0.01771872748633785, 1.0, -0.5556322370178264, -0.6783946415212896, -0.7575896439938387, -0.1414022148528864, -0.030126702374284747, -0.27942990139862667, -0.5969158768981515, -0.15852783184678304, 0.5919318497640016, -0.6323108962088029, -0.002059674924714372, 0.7432742639325893, 0.8506065223393835, 0.4665231351193715, 0.5294473241109489, -0.6969919216346019, 0.3295920000823944, 0.9966633655077539, -0.537646062770265, -0.9285078331240629, 0.1394842796409812, -0.25946363751268, 0.31890898187338634, 0.8447889234371976, 0.9117575373758837, 0.9930120572004137, -0.57552447337138, 0.19521015026305966, 0.19976222110249742, 0.9610808480683277, -0.2489024282376444, -0.25203571584726775, -0.2903748003265076, -0.8673240159680826, -1.0, -0.661635201513536, -0.3556756056741601, 0.5301751812663477, -0.6252295169702788, 0.009925144332317865, -0.1590320583472544, -0.7977988943716776, 0.32408164699473474, -0.06803294387188674, -0.10291666746310732, 0.6610304777441833, -0.5449739130574067, -0.941595836671909, 0.13885108080026742, 0.43768971188093614, 0.4870781860597164, 0.6788395454727492, -0.19556061134398606, 0.8024702560117148, -0.5234522135747363, -0.9254572108422336, -0.4870787973306647, 0.2465419594209588, 0.2926024016078892, -0.0640152958831266, -0.3984099153974716, -0.5931816338638836, 1.0, -0.3379061390791742, 0.39540511741617723, 0.8295479599571094, -0.6480833516337552, -0.6075853558863498, 0.7970756334757352, 0.4998619410513121, 0.46785647864733426, -0.5505026787188574, 0.6222318173967938, 0.8036610512624713, 0.8959992804488213, 0.2572763679949521, -0.776239901228065, -0.7210623210025016, -0.46733586263435956, 0.9867912744715979, -1.0, -0.6047897836424954, 0.618344010841261]
102.9998779296875	(8, 12, 2)	[-0.25686965898737224, -0.3115138932915802, -0.8017851739915915, -0.5737836589257246, 0.7954906652432512, 0.8111716845768927, -0.9780441321413176, -0.9701604797307078, 0.1370229813927332, 0.14650741070334447, 0.28075261969735266, 0.8189771368718209, 0.8203703703875498, -0.36537166726039194, -0.6870663378871726, 0.36765770323234825, 0.10145385624982262, 0.2506081855377549, 0.03188244410684238, 0.9414272759962917, -0.4583389834807675, -0.11661676457210199, -0.6985416621712643, -0.8646014250846921, 0.6740350241717776, 0.05728234180565034, -0.9172731381633956, 0.6428575464378509, -0.41669427384678315, 0.7418970672652405, -0.44129882564663203, 0.8976357124983054, -0.5457865399354269, 0.5328229834042489, -0.5856924601856466, 0.01771872748633785, 0.9061552304679453, -0.6301020619083226, -0.7395097942452814, -0.7575896439938387, 0.2662576600469376, -0.5413136133043153, -0.27942990139862667, -0.5969158768981515, -0.15852783184678304, 0.5919318497640016, -0.6323108962088029, -0.2650877700253167, 0.4403072521650333, 0.8506065223393835, -1.0, 0.5871125797787253, -0.6969919216346019, 0.3295920000823944, 0.9966633655077539, -0.537646062770265, -0.8201540415265017, 0.21193179251548733, -1.0, 0.31890898187338634, 0.733334037439809, 0.4296657713816372, 0.9930120572004137, -0.57552447337138, 0.19521015026305966, 0.3934603445536671, 0.9610808480683277, -0.2489024282376444, -0.25203571584726775, -0.6554954163972329, -0.8673240159680826, -1.0, -0.693116319049786, -0.3556756056741601, 0.5301751812663477, -0.8726218273597459, -0.20370854326163124, -0.1590320583472544, -0.7977988943716776, 0.32408164699473474, -0.06803294387188674, -0.1410892585540553, 0.3483004422339764, -0.5449739130574067, -0.941595836671909, 0.13885108080026742, 0.15322318803850798, -0.20686142342274266, 0.6788395454727492, -0.21279161545658382, 0.7940956405427653, -0.5234522135747363, -0.6501674959375282, -0.4733152233500486, -0.1588589211134543, 0.2926024016078892, -0.5399205584269602, 0.9969525372773518, -0.5931816338638836, 0.9619524991187232, -0.8289551075027908, 0.38712306275708697, 0.8236829697457037, -0.524667978615851, -0.6075853558863498, 0.7970756334757352, 0.4998619410513121, 0.128863470029706, 0.7940366864083204, 0.6075675738342775, 0.8036610512624713, 0.720742512762276, 0.2572763679949521, -0.8039542592435718, -0.7210623210025016, -0.46733586263435956, 0.8884321335182803, -1.0, -0.6047897836424954, 0.618344010841261]
102.99987030029297	(8, 12, 2)	[-0.24192082284047634, -0.3115138932915802, -0.8017851739915915, -0.5737836589257246, 0.6655862363603482, 0.4541091414855172, -0.9780441321413176, -0.9170512362508996, 0.17627638995682396, 0.14650741070334447, 0.28075261969735266, 0.8005100484118784, 0.8203703703875498, -0.36537166726039194, -0.6870663378871726, 0.36765770323234825, 0.10145385624982262, 0.2506081855377549, 0.03188244410684238, 0.9414272759962917, -0.4583389834807675, -0.11661676457210199, -0.6518824458559147, -0.8646014250846921, 0.5194545752393296, 0.10188862627718143, -0.45502477098226457, 0.9024534873230246, -0.17282897104420658, 0.7418970672652405, -0.3505672622313896, -0.2096843989411512, 0.03817842922473315, 0.5647879320949158, -0.5856924601856466, 0.22610335255929345, 0.9061552304679453, 0.4657184875570045, -0.7395097942452814, -0.7575896439938387, -0.1414022148528864, -0.5413136133043153, -0.27942990139862667, -0.5969158768981515, -0.15852783184678304, 0.5919318497640016, -0.6323108962088029, -0.2650877700253167, 0.7432742639325893, 0.8506065223393835, 0.4665231351193715, 0.5871125797787253, -0.6969919216346019, 0.3295920000823944, 0.9966633655077539, -0.537646062770265, -0.8004192331784054, 0.1394842796409812, -0.9884811557865352, 0.31890898187338634, 0.733334037439809, 1.0, 0.9930120572004137, -0.57552447337138, 0.19521015026305966, -0.20973399329004766, 0.8722174048246855, -0.2489024282376444, -0.12346666307296172, -0.21540696532650994, -0.8673240159680826, -0.7901781175869214, -0.693116319049786, -0.5271658709030326, 1.0, -0.9132360719715445, -0.20370854326163124, -0.5814376030050448, -0.7977988943716776, 0.32408164699473474, -0.06803294387188674, -0.1410892585540553, 0.6610304777441833, -0.5449739130574067, -0.941595836671909, 0.13885108080026742, 0.09649539926792566, -0.20686142342274266, 0.6788395454727492, -0.19556061134398606, 0.7940956405427653, -0.5234522135747363, -0.83029205151533, -0.4733152233500486, 0.36507330102418756, 0.2926024016078892, -0.0640152958831266, 0.46960865879901115, -0.0736806321643082, 0.9619524991187232, -0.8289551075027908, 0.38712306275708697, 0.8295479599571094, -0.567104990760058, 0.40811985263400896, 0.7970756334757352, 0.4998619410513121, 0.128863470029706, -0.5505026787188574, 0.6222318173967938, 0.63122807751428, 0.720742512762276, 0.2572763679949521, -0.8039542592435718, -0.7116838274752225, 0.46104701040194607, 0.12058316303777675, -0.8886950225351304, -0.7122004381606908, -0.8603429469917749]
102.99996185302734	(8, 12, 2)	[-0.20702052793522635, -0.5238591011661627, -1.0, -0.5737836589257246, 0.7954906652432512, 0.8111716845768927, -0.9780441321413176, -0.9701604797307078, 0.1370229813927332, 0.2679355216305086, 0.28075261969735266, 0.8189771368718209, 0.8203703703875498, -0.36537166726039194, -0.8250905143677649, 0.47507005930612456, -0.12634872943571068, 0.34085283717117026, -0.16027987553376666, 0.9883237670739992, -0.462382301828291, -0.4700019763246668, -0.6684240715626357, -0.8646014250846921, 0.5194545752393296, 0.05728234180565034, -0.45502477098226457, 0.6428575464378509, -0.17282897104420658, 0.4563780572839311, 0.6180340934747123, 0.8976357124983054, -0.5457865399354269, 0.6646735589752035, 0.2669675902792845, 0.01771872748633785, 1.0, -0.8216756426227159, -0.6783946415212896, -0.7575896439938387, -0.1414022148528864, -0.15851474088611053, -0.27942990139862667, -0.597720160269475, -0.24212583419147404, 0.5919318497640016, -0.6323108962088029, -0.2650877700253167, 0.7432742639325893, 0.624767622204141, 0.4665231351193715, 0.5484380345276744, -0.6969919216346019, 0.36516186527888816, 0.9966633655077539, -0.537646062770265, -0.8004192331784054, 0.1394842796409812, -0.9884811557865352, 0.31890898187338634, 0.733334037439809, 0.9994708989731835, 0.9930120572004137, -0.6931874594396794, 0.19521015026305966, -0.2982916144479728, 0.8722174048246855, -0.2489024282376444, -0.25203571584726775, -0.2903748003265076, -0.8673240159680826, -0.6187476190163098, -0.693116319049786, -0.3556756056741601, 0.5301751812663477, -0.6252295169702788, 0.11359696771321823, -0.03042457202162238, -0.7977988943716776, 0.32408164699473474, -0.06803294387188674, -0.1410892585540553, 0.6610304777441833, -0.5449739130574067, -0.941595836671909, 0.13885108080026742, 0.43768971188093614, -0.20686142342274266, 0.8154593750516799, -0.19556061134398606, 0.7940956405427653, -0.5234522135747363, -0.6501674959375282, -0.4733152233500486, 0.36507330102418756, 0.2926024016078892, -0.0640152958831266, -0.3984099153974716, -0.0736806321643082, 0.9619524991187232, -0.3379061390791742, 0.35799157303617873, 0.8358498015017978, -0.6480833516337552, -1.0, 0.7970756334757352, 0.4998619410513121, 0.128863470029706, -0.5505026787188574, 0.6222318173967938, 0.63122807751428, 0.9399483814993712, 0.2572763679949521, -0.8039542592435718, -0.7116838274752225, -0.618836115508343, 0.9867912744715979, -1.0, -0.6047897836424954, -0.8603429469917749]
102.99984741210938	(8, 12, 2)	[-0.24192082284047634, -0.3115138932915802, -0.8743247236913883, -0.5737836589257246, 0.7954906652432512, 0.8111716845768927, -0.9780441321413176, -0.9701604797307078, 0.2616499913734516, 0.2679355216305086, 0.28075261969735266, 0.8189771368718209, 0.8203703703875498, -0.39983451170325707, -0.6870663378871726, 0.47507005930612456, 0.10145385624982262, 0.34085283717117026, -0.16027987553376666, 0.9414272759962917, -0.462382301828291, -0.17628604758019598, -0.6684240715626357, -0.8646014250846921, 0.12300011350279857, 0.05728234180565034, -0.45502477098226457, 0.9024534873230246, -0.17282897104420658, 0.09725569326087619, 0.6180340934747123, 0.8976357124983054, 0.03817842922473315, 0.5647879320949158, -0.49153645378835764, 0.01771872748633785, 0.35753716280954906, -0.5556322370178264, -0.6783946415212896, -0.7575896439938387, -0.1414022148528864, -0.5413136133043153, -0.27942990139862667, -0.5969158768981515, -0.24212583419147404, 0.5919318497640016, -0.5411237085882397, -0.2650877700253167, 0.7432742639325893, 0.8506065223393835, 0.39260100919501195, 0.5294473241109489, -0.6969919216346019, 0.5683941859034964, 0.9102999586446859, -0.537646062770265, -0.9285078331240629, 0.1394842796409812, -0.9884811557865352, 0.31890898187338634, 0.5423432337302462, 0.9117575373758837, 0.9930120572004137, -0.57552447337138, 0.19521015026305966, 0.19976222110249742, 0.904492918938361, -0.2489024282376444, -0.25203571584726775, -0.2903748003265076, -0.8673240159680826, -0.6644178123879013, -0.693116319049786, -0.3556756056741601, 0.5301751812663477, -0.6252295169702788, 0.009925144332317865, -0.03042457202162238, -0.7977988943716776, 0.35271534208954675, -0.06803294387188674, -0.1410892585540553, 0.6610304777441833, -0.5449739130574067, -0.941595836671909, 0.13885108080026742, 0.15322318803850798, 0.4870781860597164, 0.8154593750516799, -0.19556061134398606, 0.7940956405427653, -0.5234522135747363, -0.6501674959375282, -0.4647010603133026, 0.2465419594209588, 0.2926024016078892, -0.0640152958831266, 0.46960865879901115, -0.681978888095977, 1.0, -0.8289551075027908, 0.35799157303617873, 0.8295479599571094, -0.6480833516337552, -1.0, 0.7970756334757352, 0.4998619410513121, 0.128863470029706, 0.7940366864083204, 0.6222318173967938, 0.8036610512624713, 0.8828215040110837, 0.2572763679949521, -0.8039542592435718, -0.7210623210025016, -0.46733586263435956, 0.9867912744715979, -0.8886950225351304, -0.6047897836424954, -0.8603429469917749]
102.9997787475586	(8, 12, 2)	[-0.25686965898737224, -0.5238591011661627, -0.905123435551906, -0.08174362214478403, 0.7555354541698486, 0.5338787933469404, -0.9780441321413176, -0.9701604797307078, 0.7144035743418393, 0.0879704267684851, 0.28075261969735266, 0.8005100484118784, 0.8203703703875498, -0.36537166726039194, -0.6870663378871726, 0.012702823096391924, 0.10145385624982262, 0.2506081855377549, -0.16027987553376666, 0.9883237670739992, -0.4583389834807675, -0.11506689285135563, -0.6684240715626357, -0.8646014250846921, 0.5194545752393296, 0.10188862627718143, -0.45502477098226457, 0.9024534873230246, -0.17282897104420658, 0.7418970672652405, -0.44129882564663203, -0.2096843989411512, -0.5457865399354269, 0.5796951903481491, -0.48369798528713726, 0.03281384788919284, 0.9473040216360415, -0.5556322370178264, -0.6783946415212896, -0.7575896439938387, 0.2662576600469376, -0.5413136133043153, -0.2967316175186069, -0.5969158768981515, -0.15852783184678304, 0.5919318497640016, -0.6323108962088029, -0.002059674924714372, 0.7432742639325893, 0.7628655148615621, 0.4665231351193715, 0.7482039535643309, -0.6969919216346019, 0.36516186527888816, 0.9966633655077539, -0.537646062770265, -0.9285078331240629, 0.21193179251548733, -0.9884811557865352, 0.3974292734459397, 0.8447889234371976, 0.9994708989731835, 0.9930120572004137, -0.617530577594923, 0.19521015026305966, 0.3934603445536671, 0.9610808480683277, -0.2489024282376444, -0.25203571584726775, -0.9713725427388411, 0.4433778877803243, -0.9526886769787786, -0.6433741283774578, -0.33158988936384765, 0.5301751812663477, -0.6252295169702788, -0.20370854326163124, -0.08101380157253191, -0.7977988943716776, 0.32408164699473474, -0.06803294387188674, -0.1410892585540553, 0.3483004422339764, -0.5449739130574067, -0.8954874310256177, 0.13885108080026742, 0.43768971188093614, 0.8069622901830591, 0.8154593750516799, -0.19556061134398606, 0.8024702560117148, -0.5234522135747363, -0.9254572108422336, -0.4733152233500486, 0.2465419594209588, 0.31232034632236644, -0.0640152958831266, -0.7517147565418714, -0.5931816338638836, 1.0, -0.3379061390791742, 0.38712306275708697, 0.8295479599571094, -0.5781322927281378, -1.0, 0.7970756334757352, 0.4798190810419173, 0.128863470029706, -0.5505026787188574, 0.6222318173967938, 0.540063536544795, 0.8959992804488213, 0.2572763679949521, -0.8039542592435718, -0.7210623210025016, -0.46733586263435956, 0.01054844555662382, -1.0, -0.6047897836424954, -0.8603429469917749]
102.99994659423828	(8, 12, 2)	[-0.24192082284047634, -0.5238591011661627, -0.905123435551906, -0.5737836589257246, 0.7555354541698486, 0.8111716845768927, -0.9780441321413176, -0.9701604797307078, 0.13109792409176046, 0.0879704267684851, 0.28075261969735266, 0.8189771368718209, 0.8203703703875498, -0.7115783302015346, -0.8250905143677649, 0.36765770323234825, 0.10145385624982262, 0.34085283717117026, -0.16027987553376666, 0.9414272759962917, -0.5450017799068032, -0.4700019763246668, -0.6684240715626357, -0.8646014250846921, 0.5194545752393296, 0.10188862627718143, -0.45502477098226457, 0.9024534873230246, -0.17282897104420658, 0.29662614453268077, 0.6180340934747123, -0.2096843989411512, -0.5457865399354269, 0.6646735589752035, -0.48369798528713726, 0.03281384788919284, 1.0, -0.5556322370178264, -0.6783946415212896, -0.7575896439938387, 0.2662576600469376, -0.030126702374284747, -0.31300430446563776, -0.5969158768981515, -0.07670573321731773, 0.6923615745354876, -0.6323108962088029, -0.002059674924714372, 0.7432742639325893, 0.7628655148615621, 0.4665231351193715, 0.9053170306517095, -0.6969919216346019, 0.47797159513803356, 0.9966633655077539, -0.537646062770265, -0.8004192331784054, 0.1394842796409812, -1.0, 0.3974292734459397, 0.733334037439809, 0.9994708989731835, 0.9930120572004137, -0.57552447337138, 0.19521015026305966, 0.19976222110249742, 0.9610808480683277, -0.2489024282376444, -0.2634164845635095, -0.21540696532650994, 0.4433778877803243, -0.6187476190163098, -0.693116319049786, -0.3556756056741601, 0.8939786363974447, -0.6252295169702788, -0.20370854326163124, -0.03042457202162238, -0.7977988943716776, 0.32408164699473474, -0.06803294387188674, -0.3206989035053059, 0.3483004422339764, -0.5954055454029463, -0.941595836671909, 0.13885108080026742, 0.43768971188093614, 0.8069622901830591, 0.6788395454727492, -0.21279161545658382, 0.7940956405427653, -0.5234522135747363, -0.9254572108422336, -0.4733152233500486, 0.2465419594209588, 0.2926024016078892, -0.0640152958831266, -0.3984099153974716, -0.5931816338638836, 1.0, -0.2523118540799553, 0.35799157303617873, 0.8295479599571094, -0.5781322927281378, -1.0, 0.7970756334757352, 0.4998619410513121, 0.128863470029706, -0.5505026787188574, 0.3544654155399187, 0.8036610512624713, 0.8959992804488213, 0.2572763679949521, -0.8264554181615151, -0.7210623210025016, 0.6789223254621073, 0.9867912744715979, -0.7641678289730331, -0.6047897836424954, -0.8603429469917749]
102.9998550415039	(8, 12, 2)	[-0.25686965898737224, -0.5238591011661627, -0.7332128562499293, -0.5737836589257246, 0.7088402399257031, 0.8111716845768927, -0.9780441321413176, -0.9701604797307078, 0.17627638995682396, 0.6944453451804957, 0.28075261969735266, 0.8005100484118784, 0.8636594136919431, -0.39983451170325707, -0.6870663378871726, 0.47507005930612456, 0.10145385624982262, 0.2506081855377549, -0.16027987553376666, 0.9414272759962917, -0.462382301828291, -0.4700019763246668, -0.6949146844615757, -0.8646014250846921, 0.5194545752393296, 0.10188862627718143, -0.45502477098226457, 0.9024534873230246, -0.17282897104420658, 0.7418970672652405, -0.44129882564663203, 0.8976357124983054, -0.5457865399354269, 0.43015621093551937, 0.2669675902792845, 0.14947388469213907, 0.35753716280954906, -0.49028761324160686, -0.6783946415212896, -0.932223266999448, 0.3924782172714687, -0.030126702374284747, -0.2967316175186069, -0.5969158768981515, -0.31192673293788653, 0.6923615745354876, -0.6810649861305935, -0.002059674924714372, 0.7432742639325893, 0.8506065223393835, 0.4665231351193715, 0.5871125797787253, -0.6969919216346019, 0.36516186527888816, 0.9966633655077539, -0.537646062770265, -0.8004192331784054, 0.1394842796409812, -1.0, 0.3131752653295978, 0.8447889234371976, 0.9994708989731835, 0.9930120572004137, -0.57552447337138, -0.5356883853960648, 0.19976222110249742, 0.9610808480683277, -0.2489024282376444, -0.25203571584726775, -0.17511706870602145, -0.8673240159680826, -0.6644178123879013, -0.693116319049786, -0.1427248774031533, 1.0, -0.6252295169702788, 0.11359696771321823, -0.15709239282917897, -0.7977988943716776, 0.32408164699473474, -0.06803294387188674, -0.10291666746310732, 0.6610304777441833, -0.5954055454029463, -0.907588969572013, 0.13885108080026742, 0.15322318803850798, 0.4870781860597164, 0.6788395454727492, -0.19761544675246212, 0.9812682271592694, 0.3065238755765693, -0.83029205151533, -0.4733152233500486, 0.2465419594209588, 0.17771984048955353, 0.7962139129218091, -0.3984099153974716, -0.5931816338638836, 0.7786556281221696, -0.3379061390791742, 0.35799157303617873, 0.03235493276245893, -0.6181466951146626, -1.0, 0.7970756334757352, 0.4998619410513121, 0.128863470029706, -0.5505026787188574, 0.4179776795756497, 0.8036610512624713, 0.720742512762276, 0.2572763679949521, -0.8264554181615151, -0.8119507565068547, 0.46104701040194607, 0.9867912744715979, -1.0, -0.6047897836424954, -0.8603429469917749]
102.99999237060547	(8, 12, 2)	[-0.20702052793522635, -0.7019122675180767, -0.7748474227318003, -0.5737836589257246, 0.7555354541698486, 0.7424945891229218, -0.9780441321413176, -0.9170512362508996, 0.17627638995682396, 0.07587986724907375, 0.28075261969735266, 0.8005100484118784, 0.8636594136919431, -0.36537166726039194, -0.6870663378871726, 0.36765770323234825, 0.10145385624982262, 0.2506081855377549, -0.16027987553376666, 0.9414272759962917, -0.36406713685328934, -0.4700019763246668, -0.6949146844615757, -0.8646014250846921, 0.5194545752393296, 0.10188862627718143, -0.45502477098226457, 0.9024534873230246, -0.17282897104420658, 0.29662614453268077, -0.44129882564663203, 0.8976357124983054, 0.27372966052038544, 0.4205579654248739, 0.2669675902792845, 0.13168808070052523, 0.9061552304679453, -0.4743530268227063, -0.6783946415212896, -0.7575896439938387, -0.1414022148528864, -0.030126702374284747, -0.3124641313933677, -0.5642122206870636, -0.24212583419147404, 0.5919318497640016, -0.10375739927720073, -0.2650877700253167, 0.7432742639325893, 0.8506065223393835, 0.4665231351193715, 0.9053170306517095, -0.6969919216346019, 0.36516186527888816, 0.9562989454442438, -0.537646062770265, -0.8201540415265017, 0.1394842796409812, -0.9884811557865352, 0.31890898187338634, 0.8447889234371976, 0.9994708989731835, 0.9930120572004137, -0.57552447337138, 0.19521015026305966, 0.3934603445536671, 0.9610808480683277, -0.2489024282376444, -0.25203571584726775, -0.2903748003265076, -0.8673240159680826, -0.6187476190163098, -0.693116319049786, -0.3556756056741601, 0.5301751812663477, -0.6252295169702788, -0.20370854326163124, -0.15709239282917897, -0.7977988943716776, 0.32408164699473474, -0.06803294387188674, -0.3206989035053059, 0.11976354691247093, -0.5449739130574067, -0.8063783917794572, 0.13885108080026742, 0.15322318803850798, -0.20686142342274266, 0.6788395454727492, -0.19556061134398606, 0.9812682271592694, -0.5234522135747363, -0.7945132793247408, -0.4733152233500486, 0.2465419594209588, 0.2926024016078892, -0.0640152958831266, -0.3984099153974716, -0.5931816338638836, 0.7786556281221696, -0.3379061390791742, 0.38712306275708697, 0.8295479599571094, -0.6480833516337552, -1.0, 0.7970756334757352, 0.4798190810419173, -0.3043780901634725, -0.5505026787188574, 0.6222318173967938, 0.8036610512624713, 0.720742512762276, 0.2572763679949521, -0.8264554181615151, -0.7345266924120728, -0.42127059050269566, 0.9867912744715979, -1.0, -0.3814567992955872, 0.618344010841261]
102.9998550415039	(8, 12, 2)	[-0.25686965898737224, -0.3115138932915802, -0.8743247236913883, -0.5737836589257246, 0.7954906652432512, 0.8111716845768927, -0.9780441321413176, -0.9701604797307078, 0.17627638995682396, 0.2679355216305086, 0.28075261969735266, 0.8189771368718209, 0.8203703703875498, -0.5411113333918945, -0.9010083342087079, 0.36765770323234825, 0.10145385624982262, 0.34085283717117026, -0.07391976119598596, 0.9414272759962917, -0.462382301828291, -0.18068857278180706, -0.6985416621712643, -0.8646014250846921, 0.12300011350279857, 0.05728234180565034, -0.45502477098226457, 0.6428575464378509, -0.17282897104420658, 0.7418970672652405, 0.6180340934747123, 0.8976357124983054, -0.5457865399354269, 0.5310097031400052, -0.5856924601856466, 0.03281384788919284, 0.35753716280954906, -0.5556322370178264, -0.6783946415212896, -0.7575896439938387, -0.1414022148528864, -0.15851474088611053, -0.27942990139862667, -0.5708304560164243, -0.15852783184678304, 0.5919318497640016, -0.6323108962088029, -0.002059674924714372, 0.5285576457339856, 0.8506065223393835, 0.4665231351193715, 0.5484380345276744, -0.6969919216346019, 0.5683941859034964, 0.9966633655077539, -0.5010805681420372, -0.9395067052562448, 0.21193179251548733, -1.0, 0.4415882903844519, 0.8447889234371976, 0.9994708989731835, 0.9930120572004137, -0.57552447337138, 0.19521015026305966, 0.43059576627904045, 0.9610808480683277, -0.2193879117330655, -0.25203571584726775, -0.6554954163972329, -0.8673240159680826, -0.6187476190163098, -0.693116319049786, -0.33158988936384765, 0.5301751812663477, -0.6252295169702788, 0.11359696771321823, -0.15709239282917897, -0.7977988943716776, 0.32408164699473474, -0.01647071620190413, -0.10291666746310732, 0.6610304777441833, -0.5449739130574067, -0.8063783917794572, 0.13885108080026742, 0.5059187769415997, 0.4870781860597164, 0.6788395454727492, -0.19556061134398606, 0.7940956405427653, -0.5234522135747363, -0.9254572108422336, -0.4733152233500486, 0.2465419594209588, 0.2926024016078892, -0.0640152958831266, 0.9969525372773518, -0.0736806321643082, 0.9619524991187232, -0.2523118540799553, 0.39540511741617723, 0.03235493276245893, -0.524667978615851, -1.0, 0.7970756334757352, 0.4998619410513121, 0.128863470029706, 0.7940366864083204, 0.4179776795756497, 0.8036610512624713, 0.6752520842457198, 0.2572763679949521, -0.8039542592435718, -0.7210623210025016, -0.618836115508343, 0.8884321335182803, -1.0, -0.6047897836424954, -0.8603429469917749]
102.9999771118164	(8, 12, 2)	[-0.25686965898737224, -0.3115138932915802, -0.905123435551906, -0.5091939408685602, 0.7954906652432512, 0.3819966382822378, -0.9780441321413176, -0.9701604797307078, 0.13109792409176046, 0.14650741070334447, 0.28075261969735266, 0.8005100484118784, 0.97850729371425, -0.36537166726039194, -0.6870663378871726, 0.36765770323234825, 0.10145385624982262, 0.22152083769988948, -0.16027987553376666, 0.9414272759962917, -0.6585770983894574, -0.06688582950400072, -0.6985416621712643, -0.8646014250846921, 0.6740350241717776, 0.8712650153544654, -0.45502477098226457, 0.9024534873230246, -0.20781763668652053, 0.783408025633207, 0.899110315036505, 0.8976357124983054, -0.6181183179007057, 0.43015621093551937, -0.5856924601856466, 0.14947388469213907, 0.6630271289081826, -0.5556322370178264, -0.7395097942452814, -0.7575896439938387, 0.2662576600469376, -0.030126702374284747, -0.655695877424965, -0.5969158768981515, -0.15852783184678304, 0.5919318497640016, -0.10375739927720073, -0.002059674924714372, 0.5270949984159561, 0.8506065223393835, 0.4665231351193715, 0.5871125797787253, -0.6969919216346019, 0.36516186527888816, 0.9966633655077539, -0.537646062770265, -0.9285078331240629, 0.21193179251548733, -0.25946363751268, 0.2815972876949334, 0.733334037439809, 0.9117575373758837, 0.9538343597854507, -0.57552447337138, 0.19521015026305966, 0.19976222110249742, 0.9610808480683277, -0.2489024282376444, -0.25203571584726775, -0.6554954163972329, -0.8673240159680826, -0.7901781175869214, -0.693116319049786, -0.3556756056741601, 0.5301751812663477, -0.6252295169702788, 0.11359696771321823, -0.03638744496758517, -0.7977988943716776, 0.32408164699473474, -0.01647071620190413, -0.10291666746310732, 0.11976354691247093, -0.5449739130574067, -0.941595836671909, 0.13885108080026742, 0.09649539926792566, 0.8069622901830591, 0.6788395454727492, -0.06836894606192825, 0.7940956405427653, 0.24450318003152502, -0.83029205151533, -0.5164196571343209, 0.36507330102418756, 0.31232034632236644, -0.0640152958831266, 0.9969525372773518, -0.5251617616247896, 0.9619524991187232, -0.3379061390791742, 0.38712306275708697, 0.8295479599571094, -0.524667978615851, -1.0, 0.7970756334757352, 0.4998619410513121, 0.128863470029706, -0.5505026787188574, 0.6222318173967938, 0.63122807751428, 0.8959992804488213, 0.2572763679949521, -0.8039542592435718, -0.7210623210025016, -0.46733586263435956, 0.01054844555662382, -1.0, -0.6047897836424954, -0.9136527550867813]
102.99993133544922	(8, 12, 2)	[-0.25686965898737224, -0.3115138932915802, -0.8656213840089738, -0.5737836589257246, 0.7954906652432512, 0.8111716845768927, -0.9780441321413176, -0.534132066076932, 0.1370229813927332, 0.03975348670565529, 0.28075261969735266, 0.8189771368718209, 0.8203703703875498, -0.36537166726039194, -0.6870663378871726, 0.47507005930612456, 0.10145385624982262, 0.34085283717117026, 0.07721972954491238, 0.9414272759962917, -0.36406713685328934, -0.4700019763246668, -0.979998625876872, -0.8646014250846921, 0.5194545752393296, 0.10188862627718143, -0.45502477098226457, 0.9871327767901741, -0.17282897104420658, 0.29662614453268077, 0.6180340934747123, 0.8976357124983054, -0.5457865399354269, 0.7644397399289631, -0.5856924601856466, 0.13168808070052523, 0.9061552304679453, -0.5556322370178264, -0.7395097942452814, -0.7575896439938387, 0.2662576600469376, -0.030126702374284747, -0.823683014937064, -0.5642122206870636, -0.24212583419147404, 0.5919318497640016, -0.6323108962088029, -0.002059674924714372, 0.4403072521650333, 0.8506065223393835, 0.39260100919501195, 0.5294473241109489, -0.6969919216346019, 0.3295920000823944, 0.9562989454442438, -0.537646062770265, -0.8201540415265017, 0.18430048771613894, -0.9884811557865352, 0.3974292734459397, 0.8447889234371976, 0.9994708989731835, 0.9930120572004137, -0.57552447337138, 0.2169707037081601, 0.19976222110249742, 0.9610808480683277, -0.2489024282376444, -0.27843529560567, -0.6554954163972329, -0.8673240159680826, -0.7901781175869214, -0.693116319049786, -0.5271658709030326, 0.5301751812663477, -0.6252295169702788, 0.21162558718103752, 0.17128783747215806, -0.7977988943716776, 0.32408164699473474, -0.01647071620190413, -0.14671093262703963, 0.6610304777441833, -0.5449739130574067, -0.907588969572013, 0.13885108080026742, 0.15322318803850798, 0.5850579017102501, 0.8154593750516799, -0.19556061134398606, 0.7940956405427653, -0.5234522135747363, -1.0, -0.4733152233500486, 0.2465419594209588, 0.2926024016078892, -0.0640152958831266, -0.3984099153974716, -0.5931816338638836, 0.7786556281221696, -0.8289551075027908, 0.38712306275708697, 0.8236829697457037, -0.6181466951146626, -1.0, 0.7970756334757352, 0.4798190810419173, -0.3043780901634725, 0.7940366864083204, 0.4179776795756497, 0.8036610512624713, 0.6752520842457198, 0.2572763679949521, -0.8264554181615151, -0.8119507565068547, -0.46733586263435956, 0.9867912744715979, -1.0, -0.7122004381606908, -0.8603429469917749]
102.99995422363281	(8, 12, 2)	[-0.2741437884532161, -0.7019122675180767, -0.8656213840089738, -0.5737836589257246, 0.7954906652432512, 0.7424945891229218, -0.9780441321413176, -0.9701604797307078, 0.17627638995682396, 0.14650741070334447, 0.28075261969735266, 0.8189771368718209, 0.8636594136919431, -0.39983451170325707, -0.6870663378871726, 0.47507005930612456, 0.10145385624982262, 0.2506081855377549, 0.03188244410684238, 0.9414272759962917, -0.36406713685328934, -0.4700019763246668, -0.6684240715626357, -0.8646014250846921, 0.12300011350279857, 0.10188862627718143, -0.45502477098226457, 0.9024534873230246, -0.17282897104420658, 0.09725569326087619, -0.44129882564663203, 0.8976357124983054, -0.5457865399354269, 0.5647879320949158, -0.5856924601856466, 0.13168808070052523, 1.0, -0.6961137329977537, -0.6783946415212896, -0.7575896439938387, -0.04497190281592592, -0.030126702374284747, -0.823683014937064, -0.5969158768981515, -0.06255838132677127, 0.6923615745354876, -0.6323108962088029, -0.2650877700253167, 0.7432742639325893, 0.8506065223393835, 0.39260100919501195, 0.7482039535643309, -0.6969919216346019, 0.3295920000823944, 1.0, -0.537646062770265, -0.8004192331784054, 0.1394842796409812, -0.9884811557865352, 0.31890898187338634, 0.8447889234371976, 1.0, 0.9930120572004137, -0.6931874594396794, 0.19521015026305966, -0.2982916144479728, 0.9610808480683277, -0.2489024282376444, -0.25203571584726775, -0.21540696532650994, -0.8673240159680826, -0.6187476190163098, -0.693116319049786, -0.3556756056741601, 0.5301751812663477, -0.8726218273597459, -0.20370854326163124, -0.15709239282917897, -0.7977988943716776, 0.32408164699473474, -0.01647071620190413, -0.12174385125822898, 0.6610304777441833, -0.5449739130574067, -0.907588969572013, 0.13885108080026742, 0.15322318803850798, -0.20686142342274266, 0.6788395454727492, -0.19556061134398606, 0.9812682271592694, -0.5234522135747363, -0.6501674959375282, -0.4870787973306647, 0.41342706937495444, 0.2926024016078892, -0.0640152958831266, 0.9969525372773518, -0.5931816338638836, 0.9619524991187232, -0.3072621858953984, 0.35799157303617873, 0.8295479599571094, -0.524667978615851, 0.4234932632166604, 0.7970756334757352, 0.4998619410513121, 0.128863470029706, -0.4569000900396524, 0.4179776795756497, 0.8036610512624713, 0.720742512762276, 0.2572763679949521, -0.8898820147699846, -0.7210623210025016, -0.618836115508343, 0.9867912744715979, -1.0, -0.6047897836424954, 0.618344010841261]
102.99996185302734	(8, 12, 2)	[-0.25686965898737224, -0.5238591011661627, -0.8743247236913883, -0.5737836589257246, 0.7954906652432512, 0.8111716845768927, -0.9780441321413176, -0.9701604797307078, 0.17627638995682396, 0.2679355216305086, 0.28075261969735266, 0.6546631651340533, 0.8203703703875498, -0.39983451170325707, -0.6870663378871726, 0.36765770323234825, 0.10145385624982262, 0.34085283717117026, -0.2821668026228963, 0.9883237670739992, -0.4583389834807675, -0.4700019763246668, -0.979998625876872, -0.8646014250846921, 0.5194545752393296, 0.10188862627718143, -0.45502477098226457, 0.6428575464378509, -0.17282897104420658, 0.7418970672652405, 0.6180340934747123, 0.9761586737350054, -0.5457865399354269, 0.40461270066106875, 0.2669675902792845, 0.13168808070052523, 0.9061552304679453, -0.5556322370178264, -0.6783946415212896, -0.7575896439938387, -0.1414022148528864, -0.030126702374284747, -0.823683014937064, -0.5642122206870636, -0.3300699409768728, 0.5919318497640016, -0.10375739927720073, -0.2650877700253167, 0.7432742639325893, 0.8045753066498097, 0.4665231351193715, 0.564745219739502, -0.6969919216346019, 0.3295920000823944, 0.9966633655077539, -0.537646062770265, -0.8201540415265017, 0.1394842796409812, -0.9884811557865352, 0.3974292734459397, 0.8447889234371976, 0.9117575373758837, 0.9930120572004137, -0.57552447337138, 0.19521015026305966, 0.19976222110249742, 0.9610808480683277, -0.24709844626289923, -0.27843529560567, -0.2903748003265076, -0.8673240159680826, -0.6187476190163098, -0.693116319049786, -0.33158988936384765, 0.5301751812663477, -0.6252295169702788, -0.20370854326163124, -0.1590320583472544, -0.7977988943716776, 0.32408164699473474, 0.02024626589062343, -0.14671093262703963, 0.6610304777441833, -0.5379208286502505, -0.941595836671909, 0.13885108080026742, 0.43768971188093614, 0.4870781860597164, 0.8154593750516799, -0.21279161545658382, 0.9812682271592694, -0.5234522135747363, -0.9254572108422336, -0.4647010603133026, 0.2465419594209588, 0.2926024016078892, -0.0640152958831266, 0.9969525372773518, -0.5931816338638836, 0.9619524991187232, -0.8289551075027908, 0.38712306275708697, 0.8236829697457037, -0.5781322927281378, 0.38627430075897284, 0.7970756334757352, 0.4998619410513121, 0.128863470029706, -0.5505026787188574, 0.4179776795756497, 0.8036610512624713, 0.6752520842457198, 0.2572763679949521, -0.776239901228065, -0.7210623210025016, -0.618836115508343, 0.8884321335182803, -1.0, -0.6047897836424954, -0.8603429469917749]
102.99996185302734	(8, 12, 2)	[-0.25686965898737224, -0.5238591011661627, -0.8743247236913883, -0.5737836589257246, 0.7954906652432512, 0.4541091414855172, -0.9780441321413176, -0.9701604797307078, 0.17627638995682396, 0.2679355216305086, 0.28075261969735266, 0.6546631651340533, 0.8203703703875498, -0.36537166726039194, -0.6870663378871726, 0.36765770323234825, 0.10145385624982262, 0.34085283717117026, 0.03188244410684238, 0.9883237670739992, -0.6585770983894574, -0.4700019763246668, -0.6985416621712643, -0.8646014250846921, 0.5194545752393296, 0.10188862627718143, -0.45502477098226457, 0.9024534873230246, -0.17282897104420658, 0.7418970672652405, 0.6180340934747123, 0.9761586737350054, -0.5457865399354269, 0.40461270066106875, 0.2669675902792845, 0.13168808070052523, 0.9061552304679453, -0.5556322370178264, -0.6783946415212896, -0.7575896439938387, -0.1414022148528864, -0.5413136133043153, -0.655695877424965, -0.5642122206870636, -0.15852783184678304, 0.6923615745354876, -0.10375739927720073, -0.2650877700253167, 0.4403072521650333, 0.8506065223393835, 0.4665231351193715, 0.564745219739502, -0.6969919216346019, 0.36516186527888816, 0.9966633655077539, -0.537646062770265, -0.8201540415265017, 0.21193179251548733, -0.9884811557865352, 0.4415882903844519, 0.8447889234371976, 0.9117575373758837, 0.9930120572004137, -0.57552447337138, 0.19521015026305966, 0.19976222110249742, 0.9610808480683277, -0.24709844626289923, -0.25203571584726775, -0.21540696532650994, -0.8673240159680826, -0.6187476190163098, -0.693116319049786, -0.5271658709030326, 0.5301751812663477, -0.6252295169702788, 0.2975731503908101, -0.1590320583472544, -0.7977988943716776, 0.32408164699473474, -0.06803294387188674, -0.10291666746310732, 0.11976354691247093, -0.5379208286502505, -0.941595836671909, 0.13885108080026742, 0.43768971188093614, 0.4870781860597164, 0.8154593750516799, -0.19556061134398606, 0.9812682271592694, 0.3065238755765693, -0.9254572108422336, -0.4647010603133026, 0.2465419594209588, 0.2926024016078892, -0.0640152958831266, -0.7517147565418714, -0.5251617616247896, 0.9619524991187232, -0.8289551075027908, 0.38712306275708697, 0.8295479599571094, -0.6181466951146626, 0.38627430075897284, 0.7970756334757352, 0.4998619410513121, 0.1941386426705919, -0.5505026787188574, 0.6222318173967938, 0.8036610512624713, 0.6752520842457198, 0.2572763679949521, -0.776239901228065, -0.7210623210025016, -0.618836115508343, 0.9867912744715979, -1.0, -0.6047897836424954, -0.8603429469917749]
102.99993133544922	(8, 12, 2)	[-0.25686965898737224, -0.5238591011661627, -0.7798637807506839, -0.5737836589257246, 0.7954906652432512, 0.8111716845768927, -0.9780441321413176, -0.9701604797307078, 0.6812880505505334, 0.2679355216305086, 0.28075261969735266, 0.8189771368718209, 0.8636594136919431, -0.7115783302015346, -0.6870663378871726, 0.47507005930612456, 0.10145385624982262, 0.2506081855377549, -0.16624294885029156, 0.91085908969728, -0.5309269960390403, -0.4700019763246668, -0.6684240715626357, -0.8646014250846921, 0.6740350241717776, 0.10188862627718143, -0.891967634752187, 0.6428575464378509, -0.17282897104420658, 0.7418970672652405, -0.35928424131005565, 0.8976357124983054, -0.5968472596559758, 0.7644397399289631, 0.2669675902792845, 0.048307666489516884, 0.35753716280954906, -0.5556322370178264, -0.6783946415212896, -0.932223266999448, 0.2662576600469376, -0.030126702374284747, -0.3124641313933677, -0.5969158768981515, -0.15852783184678304, 0.6923615745354876, -0.6323108962088029, -0.002059674924714372, 0.7432742639325893, 0.8506065223393835, 0.4665231351193715, 0.564745219739502, -0.6969919216346019, 0.3295920000823944, 0.9562989454442438, -0.6421203829215968, -0.8004192331784054, 0.1394842796409812, -0.9884811557865352, 0.3974292734459397, 0.733334037439809, 0.9964546775436075, 0.9930120572004137, -0.41876048193671733, 0.19521015026305966, 0.6402577224088957, 0.9610808480683277, 0.3536530761687994, -0.25203571584726775, -0.21540696532650994, -0.8673240159680826, -0.7901781175869214, -0.661635201513536, -0.6426496011168243, 0.5301751812663477, -0.6252295169702788, 0.11359696771321823, -0.15709239282917897, -0.7977988943716776, 0.32408164699473474, 0.005847012352855549, -0.14671093262703963, 0.6610304777441833, -0.5449739130574067, -0.941595836671909, 0.13885108080026742, 0.43768971188093614, 0.8069622901830591, 0.6788395454727492, -0.19556061134398606, 0.9812682271592694, -0.5234522135747363, -0.83029205151533, -0.4870787973306647, 0.2465419594209588, 0.2686115377204379, -0.0640152958831266, 0.9969525372773518, 0.4437849884392732, 0.9619524991187232, -0.8289551075027908, 0.38712306275708697, 0.8295479599571094, -0.6181466951146626, -1.0, 0.7970756334757352, 0.4798190810419173, 0.128863470029706, -0.5505026787188574, 0.4179776795756497, 0.8036610512624713, 0.720742512762276, 0.2572763679949521, -0.8039542592435718, -0.7210623210025016, -0.46733586263435956, -0.0233349224558295, -1.0, -0.6566512795181285, -0.8603429469917749]
102.99983978271484	(8, 12, 2)	[-0.20702052793522635, -0.3115138932915802, -0.7798637807506839, -0.5737836589257246, 0.7954906652432512, 0.4541091414855172, -0.9780441321413176, -0.9701604797307078, 0.17627638995682396, 0.2679355216305086, 0.28075261969735266, 0.8005100484118784, 0.8636594136919431, -0.7115783302015346, -0.6870663378871726, 0.47507005930612456, 0.10145385624982262, 0.2506081855377549, 0.03188244410684238, 0.9414272759962917, -0.6585770983894574, -0.4700019763246668, -0.6305308542741895, -0.8646014250846921, 0.5194545752393296, 0.07983684611176665, -0.45502477098226457, 0.9024534873230246, -0.17282897104420658, 0.09725569326087619, -0.44129882564663203, 0.8976357124983054, 0.03817842922473315, 0.6646735589752035, -0.5856924601856466, 0.14947388469213907, 0.35753716280954906, -0.49028761324160686, -0.6783946415212896, -0.7575896439938387, -0.04497190281592592, -0.5413136133043153, -0.27942990139862667, -0.5708304560164243, -0.15852783184678304, 0.5919318497640016, -0.6323108962088029, -0.2650877700253167, 0.822100173256322, 0.8506065223393835, 0.4665231351193715, 0.564745219739502, -0.6969919216346019, 0.3295920000823944, 0.9966633655077539, -0.537646062770265, -0.8004192331784054, 0.1394842796409812, -0.9884811557865352, 0.3974292734459397, 0.8447889234371976, 0.9117575373758837, 0.9930120572004137, -0.6931874594396794, 0.19521015026305966, 0.28421812647114525, 0.9610808480683277, -0.2489024282376444, -0.25203571584726775, -0.21540696532650994, -0.8673240159680826, -0.4172344648957391, -0.693116319049786, -0.5271658709030326, 0.5301751812663477, -0.6252295169702788, -0.20370854326163124, -0.1590320583472544, -0.7977988943716776, 0.32408164699473474, -0.06803294387188674, -0.10291666746310732, 0.11976354691247093, -0.5449739130574067, -0.907588969572013, 0.13885108080026742, 0.15322318803850798, 0.4870781860597164, 0.6788395454727492, -0.09152534450433955, 0.7940956405427653, -0.5234522135747363, -0.83029205151533, -0.4733152233500486, 0.36507330102418756, 0.47687410629333726, -0.0640152958831266, 0.9969525372773518, -0.5931816338638836, 0.9619524991187232, -0.8289551075027908, 0.35799157303617873, 0.8295479599571094, -0.6181466951146626, -1.0, 0.7970756334757352, 0.4998619410513121, 0.128863470029706, -0.5505026787188574, 0.68158792202088, 0.8036610512624713, 0.9399483814993712, 0.2572763679949521, -0.8264554181615151, -0.8491067624710524, -0.46733586263435956, 0.8884321335182803, -1.0, -0.6047897836424954, -0.8603429469917749]
102.99999237060547	(8, 12, 2)	[-0.25686965898737224, -0.5238591011661627, -0.9184873204049027, -0.5737836589257246, 0.7555354541698486, 0.8111716845768927, -0.9780441321413176, -0.9701604797307078, 0.17627638995682396, -0.058559693077409936, 0.28075261969735266, 0.8005100484118784, 0.8636594136919431, -0.7115783302015346, -0.6870663378871726, 0.36765770323234825, 0.06525894918645087, 0.34085283717117026, -0.16027987553376666, 0.9414272759962917, -0.5309269960390403, -0.11661676457210199, -0.6985416621712643, -0.8646014250846921, 0.6740350241717776, 0.10188862627718143, -0.45502477098226457, 0.8104323397888412, -0.5666839835754736, 0.09725569326087619, 0.6180340934747123, 0.8976357124983054, -0.5457865399354269, 0.43015621093551937, -0.49153645378835764, 0.13168808070052523, 1.0, -0.5556322370178264, -0.6783946415212896, -0.7575896439938387, -0.1414022148528864, -0.5413136133043153, -0.27942990139862667, -0.5969158768981515, -0.15852783184678304, 0.5919318497640016, -0.6323108962088029, -0.002059674924714372, 0.4403072521650333, 0.8506065223393835, 0.4665231351193715, 0.5294473241109489, -0.6969919216346019, 0.3295920000823944, 1.0, -0.5443523700151407, -0.8201540415265017, 0.1394842796409812, -0.9884811557865352, 0.31890898187338634, 0.8447889234371976, 0.9117575373758837, 0.9930120572004137, -0.57552447337138, 0.19521015026305966, 0.28421812647114525, 0.9610808480683277, -0.2489024282376444, -0.12346666307296172, -0.21540696532650994, -0.8673240159680826, -0.6187476190163098, -0.693116319049786, -0.5271658709030326, 0.5301751812663477, -0.8726218273597459, 0.11359696771321823, -0.15709239282917897, -0.8048253235816996, 0.32408164699473474, -0.1385516946057176, -0.1410892585540553, 0.11976354691247093, -0.5449739130574067, -0.941595836671909, 0.13885108080026742, 0.15322318803850798, -0.20686142342274266, 0.6788395454727492, -0.21279161545658382, 0.7940956405427653, -0.5234522135747363, -0.83029205151533, -0.4616712832980349, 0.36507330102418756, 0.2926024016078892, -0.0640152958831266, -0.5440476096323147, -0.5931816338638836, 0.9619524991187232, -0.8289551075027908, 0.39540511741617723, 0.8295479599571094, -0.524667978615851, -0.9989024984277239, 1.0, 0.4798190810419173, 0.128863470029706, -0.5505026787188574, 0.6222318173967938, 0.8036610512624713, 0.720742512762276, 0.2572763679949521, -0.8264554181615151, -0.7210623210025016, -0.6528861403361357, 0.8884321335182803, -0.8886950225351304, -0.6047897836424954, -0.8603429469917749]
102.99992370605469	(8, 12, 2)	[-0.2741437884532161, -0.7019122675180767, -0.8656213840089738, -0.5737836589257246, 0.7954906652432512, 0.4541091414855172, -0.9780441321413176, -0.9170512362508996, 0.17627638995682396, 0.2679355216305086, 0.28075261969735266, 0.6546631651340533, 0.8203703703875498, -0.39983451170325707, -0.6870663378871726, 0.47507005930612456, 0.10145385624982262, 0.34085283717117026, -0.16027987553376666, 0.9414272759962917, -0.5309269960390403, -0.11506689285135563, -0.6985416621712643, -0.8646014250846921, 0.5194545752393296, 0.10188862627718143, -0.891967634752187, 0.9024534873230246, -0.17282897104420658, 0.7418970672652405, 0.6180340934747123, 0.8976357124983054, -0.5457865399354269, 0.6646735589752035, 0.2669675902792845, 0.13168808070052523, 0.35753716280954906, -0.5556322370178264, -0.6783946415212896, -0.7575896439938387, 0.2662576600469376, -0.030126702374284747, -0.27942990139862667, -0.5642122206870636, -0.15852783184678304, 0.6923615745354876, -0.6323108962088029, -0.002059674924714372, 0.5545342806851665, 0.8506065223393835, 0.39260100919501195, 0.5871125797787253, -0.6969919216346019, 0.3295920000823944, 0.9562989454442438, -0.537646062770265, -0.8201540415265017, 0.1394842796409812, -1.0, 0.31890898187338634, 0.8447889234371976, 0.4296657713816372, 0.9930120572004137, -0.57552447337138, 0.19521015026305966, 0.19976222110249742, 0.9610808480683277, -0.2489024282376444, -0.27843529560567, -0.21540696532650994, -0.8673240159680826, -1.0, -0.693116319049786, -0.33158988936384765, 0.5301751812663477, -0.8726218273597459, 0.11359696771321823, -0.1590320583472544, -0.7977988943716776, 0.32408164699473474, -0.01647071620190413, -0.10291666746310732, 0.5066851681964313, -0.5449739130574067, -0.941595836671909, 0.13885108080026742, 0.43768971188093614, 0.321376206802381, 0.6788395454727492, -0.14820879133466047, 0.7940956405427653, -0.5234522135747363, -0.9254572108422336, -0.4616712832980349, 0.2465419594209588, 0.2926024016078892, -0.0640152958831266, 0.9969525372773518, -0.5931816338638836, 0.9619524991187232, -0.3379061390791742, 0.38712306275708697, 0.8295479599571094, -0.524667978615851, 0.38627430075897284, 0.7970756334757352, 0.4998619410513121, 0.1941386426705919, -0.5505026787188574, 0.4179776795756497, 0.8036610512624713, 0.6752520842457198, 0.2572763679949521, -0.8039542592435718, -0.7210623210025016, -0.46733586263435956, -0.07027703932375026, -1.0, -0.6047897836424954, -0.8603429469917749]
102.99999237060547	(8, 12, 2)	[-0.20702052793522635, -0.5238591011661627, -0.718287283678869, -0.5737836589257246, 0.7555354541698486, 0.4541091414855172, -0.9780441321413176, -0.9170512362508996, 0.17627638995682396, 0.2679355216305086, 0.28075261969735266, 0.6546631651340533, 0.8636594136919431, -0.39983451170325707, -0.6870663378871726, 0.47507005930612456, 0.11808070995921255, 0.2506081855377549, 0.03188244410684238, 0.9414272759962917, -0.4583389834807675, -0.17628604758019598, -0.6305308542741895, -0.8646014250846921, 0.6740350241717776, 0.10188862627718143, -0.45502477098226457, 0.9901377212073018, -0.17282897104420658, 0.7418970672652405, -0.44129882564663203, 0.8976357124983054, -0.5457865399354269, 0.6646735589752035, -0.5856924601856466, 0.14947388469213907, 0.9061552304679453, -0.4743530268227063, -0.6783946415212896, -0.7575896439938387, -0.04497190281592592, -0.15366640531341302, -0.27942990139862667, -0.5969158768981515, -0.24212583419147404, 0.6923615745354876, -0.6323108962088029, -0.002059674924714372, 0.7243549325537402, 0.8506065223393835, 0.4665231351193715, 0.564745219739502, -0.6969919216346019, -0.11387972139762043, 0.9966633655077539, -0.537646062770265, -0.8004192331784054, 0.1394842796409812, -0.9884811557865352, 0.3974292734459397, 0.8447889234371976, 0.4296657713816372, 0.9930120572004137, -0.57552447337138, -0.5427462416851194, 0.19976222110249742, 0.904492918938361, -0.2489024282376444, -0.25203571584726775, -0.21540696532650994, -0.8673240159680826, -0.6514226742120452, -0.693116319049786, -0.5271658709030326, 0.5301751812663477, -0.6252295169702788, 0.21162558718103752, -0.15709239282917897, -0.6732954918336372, 0.32408164699473474, -0.06803294387188674, -0.15553978078289643, 0.11976354691247093, -0.5449739130574067, -0.941595836671909, 0.13885108080026742, 0.15322318803850798, 0.4870781860597164, 0.8154593750516799, -0.21279161545658382, 0.9812682271592694, -0.5442954151719325, -0.83029205151533, -0.4733152233500486, 0.28932535353545585, 0.3762600476461374, -0.0640152958831266, 0.9969525372773518, -0.5931816338638836, 0.9619524991187232, -0.8289551075027908, 0.35799157303617873, 0.8295479599571094, -0.567104990760058, -1.0, 0.7970756334757352, 0.4998619410513121, 0.128863470029706, 0.7940366864083204, 0.6222318173967938, 0.8036610512624713, 0.762580085807435, 0.2572763679949521, -0.8264554181615151, -0.7210623210025016, 0.46104701040194607, 0.8884321335182803, -1.0, -0.721425371576965, 0.618344010841261]
102.9999008178711	(8, 12, 2)	[-0.24192082284047634, -0.5238591011661627, -0.8743247236913883, -0.5737836589257246, 0.7555354541698486, 0.4541091414855172, -0.9780441321413176, -0.9701604797307078, 0.17627638995682396, 0.2679355216305086, 0.28075261969735266, 0.8005100484118784, 0.8786185866237379, -0.39983451170325707, -0.6870663378871726, 0.47507005930612456, 0.10145385624982262, 0.2506081855377549, 0.03188244410684238, 0.9414272759962917, -0.4583389834807675, -0.4700019763246668, -0.6684240715626357, -0.8646014250846921, 0.2658426954321637, 0.1363745587327241, -0.45502477098226457, 0.8104323397888412, -0.12039844511526786, 0.7418970672652405, 0.6180340934747123, 0.8976357124983054, -0.5457865399354269, 0.4205579654248739, -0.5856924601856466, 0.14947388469213907, 0.35753716280954906, -0.4743530268227063, -0.7395097942452814, -0.7575896439938387, -0.1414022148528864, -0.030126702374284747, -0.823683014937064, -0.5969158768981515, -0.15852783184678304, 0.5919318497640016, -0.6323108962088029, -0.002059674924714372, 0.7432742639325893, 0.8506065223393835, 0.4665231351193715, 0.564745219739502, -0.6969919216346019, 0.3295920000823944, 1.0, -0.537646062770265, -0.8004192331784054, 0.21193179251548733, -0.9884811557865352, 0.43484809091465615, 0.7880589142542924, 0.7252841658709002, 0.9930120572004137, -0.57552447337138, 0.19521015026305966, 0.19976222110249742, 0.9610808480683277, -0.2056343042795118, -0.398909588510193, -0.5591850739986354, -0.8673240159680826, -0.6514226742120452, -0.693116319049786, -0.3983908936453261, 0.564909282598797, -0.8726218273597459, -0.20370854326163124, -0.03042457202162238, -0.7977988943716776, 0.32408164699473474, -0.017197692591516656, -0.10291666746310732, 0.3483004422339764, -0.5449739130574067, -0.7714480355200026, 0.13885108080026742, 0.09649539926792566, 0.8069622901830591, 0.6788395454727492, -0.19556061134398606, 0.9812682271592694, -0.5454519084842532, -0.9254572108422336, -0.4733152233500486, 0.36507330102418756, 0.3762600476461374, -0.010326089718510938, 0.9969525372773518, -0.5931816338638836, 1.0, -0.23665380339686137, 0.35799157303617873, 0.8295479599571094, -0.567104990760058, -1.0, 0.7970756334757352, 0.4998619410513121, 0.4138885978387806, 0.7940366864083204, 0.5645181147202277, 0.8036610512624713, 0.720742512762276, 0.2572763679949521, -0.8264554181615151, -0.7210623210025016, 0.46104701040194607, 0.8884321335182803, -1.0, -0.6566512795181285, -0.8603429469917749]
102.99995422363281	(8, 12, 2)	[-0.20702052793522635, -0.5238591011661627, -0.8341867643343278, -0.5737836589257246, 0.7555354541698486, 0.8111716845768927, -0.9780441321413176, -0.9701604797307078, 0.7144035743418393, 0.2679355216305086, 0.28075261969735266, 0.8005100484118784, 0.8636594136919431, -0.7115783302015346, -0.6870663378871726, 0.47507005930612456, 0.10145385624982262, 0.2506081855377549, 0.03188244410684238, 0.8652557305338223, -0.36406713685328934, -0.4700019763246668, -0.6985416621712643, -0.8646014250846921, 0.6740350241717776, 0.10188862627718143, -0.45502477098226457, 0.9024534873230246, -0.17282897104420658, 0.29662614453268077, -0.44129882564663203, 0.8976357124983054, -0.5457865399354269, 0.5647879320949158, -0.5856924601856466, 0.13168808070052523, 0.9061552304679453, -0.4743530268227063, -0.6783946415212896, -0.8511698932456931, -0.1414022148528864, -0.030126702374284747, -0.27942990139862667, -0.5969158768981515, -0.24212583419147404, 0.5919318497640016, -0.6323108962088029, -0.002059674924714372, 0.7432742639325893, 0.8506065223393835, 0.4665231351193715, 0.5294473241109489, -0.6969919216346019, 0.26315583877049437, 0.9562989454442438, -0.537646062770265, -0.9108624812169026, 0.1394842796409812, -1.0, 0.3455518503231137, 0.8797391215272725, 0.4296657713816372, 0.9930120572004137, -0.41876048193671733, 0.19521015026305966, 0.19976222110249742, 0.9610808480683277, 0.3536530761687994, -0.12346666307296172, -0.21540696532650994, -0.8167334998081243, -0.6644178123879013, -0.693116319049786, -0.24011278651269838, 0.5301751812663477, -0.8726218273597459, -0.20370854326163124, -0.15709239282917897, -0.7977988943716776, 0.32408164699473474, -0.02354764591839783, -0.10291666746310732, 0.6610304777441833, -0.5449739130574067, -0.907588969572013, 0.13885108080026742, 0.43768971188093614, 0.4870781860597164, 0.8154593750516799, -0.14820879133466047, 0.9293962044016597, -0.5234522135747363, -0.9276817061396903, -0.4733152233500486, 0.36507330102418756, 0.2926024016078892, -0.0640152958831266, -0.3984099153974716, 0.4437849884392732, 1.0, -0.3072621858953984, 0.405657575166116, 0.8295479599571094, -0.6181466951146626, -1.0, 0.7970756334757352, 0.4998619410513121, -0.3043780901634725, 0.7940366864083204, 0.4179776795756497, 0.63122807751428, 0.720742512762276, 0.2572763679949521, -0.8264554181615151, -0.7345266924120728, -0.46733586263435956, 0.8884321335182803, -0.8886950225351304, -0.6047897836424954, -0.8603429469917749]
102.99998474121094	(8, 12, 2)	[-0.25686965898737224, -0.5238591011661627, -0.8656213840089738, -0.5737836589257246, 0.7954906652432512, 0.8111716845768927, -0.9780441321413176, -0.9701604797307078, 0.11763541977068659, 0.15987883505287642, 0.28075261969735266, 0.6546631651340533, 0.8636594136919431, -0.39983451170325707, -0.6870663378871726, 0.47507005930612456, 0.10145385624982262, 0.2506081855377549, -0.15395563274486485, 1.0, -0.6585770983894574, -0.11506689285135563, -0.6949146844615757, -0.8646014250846921, 0.6740350241717776, 0.05728234180565034, -0.45502477098226457, 0.8104323397888412, -0.17282897104420658, 0.09725569326087619, -0.44129882564663203, 0.8976357124983054, -0.5457865399354269, 0.43015621093551937, -0.6619152017609631, 0.048307666489516884, 1.0, -0.49028761324160686, -0.6783946415212896, -0.7575896439938387, -0.1414022148528864, -0.5413136133043153, -0.3124641313933677, -0.5969158768981515, -0.15852783184678304, 0.5919318497640016, -0.7938251039590696, -0.2650877700253167, 0.4403072521650333, 0.8506065223393835, 0.4665231351193715, 0.5294473241109489, -0.874140963152008, 0.3295920000823944, 0.9562989454442438, -0.6849985305238223, -0.8004192331784054, 0.1394842796409812, -0.9185781330853138, 0.3974292734459397, 0.7880589142542924, 0.7252841658709002, 0.9930120572004137, -0.57552447337138, 0.19521015026305966, 0.28421812647114525, 0.9610808480683277, -0.2056343042795118, -0.12346666307296172, -0.6554954163972329, -0.8673240159680826, -0.7901781175869214, -0.693116319049786, -0.5271658709030326, 0.6808296256274304, -0.6252295169702788, -0.20370854326163124, -0.15709239282917897, -0.7977988943716776, 0.3156550529122409, -0.01647071620190413, -0.10291666746310732, 0.11976354691247093, -0.5449739130574067, -0.941595836671909, 0.13885108080026742, 0.09649539926792566, 0.4870781860597164, 0.8154593750516799, -0.19556061134398606, 0.9812682271592694, 0.24450318003152502, -0.83029205151533, -0.4733152233500486, 0.2465419594209588, 0.2926024016078892, -0.0640152958831266, 0.9969525372773518, -0.5931816338638836, 0.9619524991187232, -0.8289551075027908, 0.46790501177636723, 0.8645395680891832, -0.7268868141182263, 0.38627430075897284, 0.7970756334757352, 0.4998619410513121, 0.1941386426705919, 0.722072386752593, 0.4179776795756497, 0.540063536544795, 0.720742512762276, 0.2572763679949521, -0.776239901228065, -0.7210623210025016, -0.6528861403361357, -0.07027703932375026, -1.0, -0.6047897836424954, -0.8603429469917749]
102.99996948242188	(8, 12, 2)	[-0.20702052793522635, -0.5238591011661627, -0.8743247236913883, -0.5737836589257246, 0.8692031064178386, 0.8111716845768927, -0.9780441321413176, -0.9701604797307078, 0.17627638995682396, 0.2679355216305086, 0.28075261969735266, 0.8005100484118784, 0.97850729371425, -0.36537166726039194, -0.6870663378871726, 0.47507005930612456, 0.10145385624982262, 0.2506081855377549, 0.03188244410684238, 0.8652557305338223, -0.641867242933609, -0.4700019763246668, -0.6985416621712643, -0.8646014250846921, 0.6740350241717776, 0.10188862627718143, -0.891967634752187, 0.9024534873230246, -0.17282897104420658, 0.7418970672652405, -0.44129882564663203, 0.8976357124983054, -0.6318760438428577, 0.43015621093551937, -0.5856924601856466, 0.14947388469213907, 0.35753716280954906, -0.49028761324160686, -0.6783946415212896, -0.8511698932456931, -0.1414022148528864, -0.15366640531341302, -0.34112730714638295, -0.5969158768981515, -0.15852783184678304, 0.7020079745411997, -0.6323108962088029, -0.2650877700253167, 0.7432742639325893, 0.8506065223393835, 0.4665231351193715, 0.564745219739502, -0.6969919216346019, 0.36516186527888816, 0.9966633655077539, -0.537646062770265, -0.8201540415265017, 0.1394842796409812, -0.9884811557865352, 0.3455518503231137, 0.8447889234371976, 0.4296657713816372, 0.9930120572004137, -0.57552447337138, 0.14754658880359944, 0.19976222110249742, 0.9610808480683277, -0.2489024282376444, -0.12346666307296172, -0.21540696532650994, -0.8673240159680826, -0.6644178123879013, -0.693116319049786, -0.24011278651269838, 0.5301751812663477, -0.6252295169702788, -0.20370854326163124, -0.03042457202162238, -0.7977988943716776, 0.32408164699473474, -0.01647071620190413, -0.10291666746310732, 0.11976354691247093, -0.5449739130574067, -0.8565186201415861, 0.13885108080026742, 0.15322318803850798, 0.321376206802381, 0.5790143913115736, -0.19556061134398606, 0.7940956405427653, -0.5234522135747363, -0.6501674959375282, -0.4647010603133026, 0.36507330102418756, 0.2926024016078892, -0.0640152958831266, 0.9969525372773518, -0.5931816338638836, 1.0, -0.8289551075027908, 0.38712306275708697, 0.8236829697457037, -0.6181466951146626, -1.0, 0.7970756334757352, 0.5570657150519372, 0.128863470029706, 0.7940366864083204, 0.4179776795756497, 0.63122807751428, 0.762580085807435, 0.2572763679949521, -0.8264554181615151, -0.8201001308931332, -0.618836115508343, 0.8884321335182803, -1.0, -0.6566512795181285, -0.8603429469917749]
102.99996185302734	(8, 12, 2)	[-0.20702052793522635, -0.5238591011661627, -0.8341867643343278, -0.5737836589257246, 0.7954906652432512, 0.8111716845768927, -0.9780441321413176, -0.9701604797307078, 0.17627638995682396, 0.2679355216305086, 0.28075261969735266, 0.8005100484118784, 0.8636594136919431, -0.7115783302015346, -0.6870663378871726, 0.47507005930612456, 0.10145385624982262, 0.2506081855377549, 0.03188244410684238, 0.8652557305338223, -0.5309269960390403, -0.4700019763246668, -0.6985416621712643, -0.8646014250846921, 0.6740350241717776, 0.10188862627718143, -0.45502477098226457, 0.9024534873230246, -0.17282897104420658, 0.7383969347514682, -0.44129882564663203, 0.8976357124983054, -0.4344387847020861, 0.4205579654248739, -0.5856924601856466, 0.14947388469213907, 0.35753716280954906, -0.5556322370178264, -0.6783946415212896, -0.8511698932456931, -0.1414022148528864, -0.030126702374284747, -0.27942990139862667, -0.5969158768981515, -0.24212583419147404, 0.5919318497640016, -0.6323108962088029, -0.002059674924714372, 0.7432742639325893, 0.8506065223393835, 0.4665231351193715, 0.5294473241109489, -0.6969919216346019, 0.3295920000823944, 1.0, -0.537646062770265, -0.9108624812169026, 0.18430048771613894, -1.0, 0.31890898187338634, 0.8447889234371976, 0.4296657713816372, 0.9930120572004137, -0.57552447337138, 0.19521015026305966, 0.19976222110249742, 0.9610808480683277, 0.3536530761687994, -0.12346666307296172, -0.21540696532650994, -0.8673240159680826, -0.6187476190163098, -0.693116319049786, -0.5271658709030326, 0.564909282598797, -0.6252295169702788, -0.20370854326163124, -0.03042457202162238, -0.7977988943716776, 0.32408164699473474, -0.02354764591839783, -0.10291666746310732, 0.3483004422339764, -0.5449739130574067, -0.941595836671909, 0.13885108080026742, 0.43768971188093614, 0.4870781860597164, 0.6788395454727492, -0.21279161545658382, 0.7940956405427653, -0.5234522135747363, -0.83029205151533, -0.4733152233500486, 0.36507330102418756, 0.2926024016078892, -0.0640152958831266, -0.3984099153974716, -0.5931816338638836, 1.0, -0.8289551075027908, 0.405657575166116, 0.8236829697457037, -0.6181466951146626, -1.0, 0.7970756334757352, 0.4998619410513121, -0.3043780901634725, -0.4569000900396524, 0.4179776795756497, 0.63122807751428, 0.720742512762276, 0.2572763679949521, -0.8264554181615151, -0.7210623210025016, -0.46733586263435956, 0.8884321335182803, -1.0, -0.6047897836424954, -0.8603429469917749]
102.99991607666016	(8, 12, 2)	[-0.20702052793522635, -0.5238591011661627, -0.8341867643343278, -0.5737836589257246, 0.7555354541698486, 0.8111716845768927, -0.9780441321413176, -0.9170512362508996, 0.17627638995682396, 0.07587986724907375, 0.28075261969735266, 0.9682525816145484, 0.8203703703875498, -0.39983451170325707, -0.6870663378871726, 0.47507005930612456, 0.11808070995921255, 0.2506081855377549, 0.03188244410684238, 1.0, -0.3515519528415794, -0.4700019763246668, -0.6985416621712643, -0.8646014250846921, 0.5194545752393296, 0.07423768935365405, -0.45502477098226457, 0.9024534873230246, -0.17282897104420658, 0.09725569326087619, 0.6180340934747123, 0.8976357124983054, -0.5457865399354269, 0.43015621093551937, -0.6619152017609631, 0.05555789244996896, 0.35753716280954906, -0.5556322370178264, -0.6783946415212896, -0.7575896439938387, -0.2369434882009785, -0.5413136133043153, -0.3124641313933677, -0.4895688382912383, -0.15852783184678304, 0.7308905032816235, -0.5580078356727857, -0.2650877700253167, 0.4403072521650333, 0.8506065223393835, 0.4665231351193715, 0.564745219739502, -0.6969919216346019, 0.2611150639004791, 0.9966633655077539, -0.537646062770265, -0.8004192331784054, 0.1394842796409812, -0.9884811557865352, 0.31890898187338634, 0.9251723505194362, 0.9994708989731835, 0.9930120572004137, -0.57552447337138, 0.19521015026305966, 0.28421812647114525, 0.9610808480683277, -0.2489024282376444, -0.25203571584726775, -0.21540696532650994, -0.8673240159680826, -0.6644178123879013, -0.661635201513536, -0.33158988936384765, 0.5301751812663477, -0.6252295169702788, -0.20370854326163124, -0.15709239282917897, -0.6732954918336372, 0.32408164699473474, -0.02354764591839783, -0.10291666746310732, 0.11976354691247093, -0.5796258083076781, -0.7659613244659692, 0.13885108080026742, 0.15322318803850798, 0.4870781860597164, 0.6788395454727492, -0.19556061134398606, 0.7940956405427653, -0.5234522135747363, -0.83029205151533, -0.4733152233500486, 0.2465419594209588, 0.2926024016078892, -0.0640152958831266, 0.9969525372773518, -0.5931816338638836, 1.0, -0.8289551075027908, 0.39540511741617723, 0.8645395680891832, -0.6634422370023059, -1.0, 0.5902552447782561, 0.4798190810419173, -0.3043780901634725, 0.7940366864083204, 0.68158792202088, 0.540063536544795, 0.720742512762276, 0.2572763679949521, -0.8264554181615151, -0.7210623210025016, -0.618836115508343, 0.01054844555662382, -1.0, -0.6566512795181285, -0.8603429469917749]
102.9999771118164	(8, 12, 2)	[-0.2738314626042081, -0.5238591011661627, -0.8656213840089738, -0.5737836589257246, 0.6258995638676326, 0.8111716845768927, -0.9780441321413176, -0.9701604797307078, 0.6812880505505334, 0.07587986724907375, 0.28075261969735266, 0.8189771368718209, 0.7093841842732278, -0.7115783302015346, -0.6870663378871726, 0.36765770323234825, 0.10145385624982262, 0.2506081855377549, -0.16027987553376666, 1.0, -0.6585770983894574, -0.4700019763246668, -0.6949146844615757, -0.8646014250846921, 0.5194545752393296, 0.10188862627718143, -0.891967634752187, 0.2576021453074908, -0.17282897104420658, 0.7418970672652405, -0.44129882564663203, 0.8976357124983054, -0.5968472596559758, 0.5647879320949158, -0.5095067293394536, 0.14947388469213907, 0.35753716280954906, -0.49028761324160686, -0.6783946415212896, -0.7575896439938387, -0.2369434882009785, -0.030126702374284747, -0.27942990139862667, -0.597720160269475, -0.15852783184678304, 0.5919318497640016, -0.5584154012936471, -0.002059674924714372, 0.7432742639325893, 0.8506065223393835, 0.4665231351193715, 0.5294473241109489, -0.7451141006107032, 0.14731480861713575, 0.9562989454442438, -0.537646062770265, -0.8004192331784054, 0.18430048771613894, -0.9884811557865352, 0.4544795400531504, 0.8447889234371976, 0.9994708989731835, 0.9930120572004137, -0.57552447337138, 0.19521015026305966, 0.19976222110249742, 0.9610808480683277, -0.20075315012704809, -0.25203571584726775, -0.04769529706489142, -0.8673240159680826, -1.0, -0.693116319049786, -0.5271658709030326, 0.6808296256274304, -0.6252295169702788, 0.11359696771321823, -0.15709239282917897, -0.7977988943716776, 0.32408164699473474, -0.01647071620190413, -0.1410892585540553, 0.11976354691247093, -0.5449739130574067, -0.8063783917794572, 0.13885108080026742, 0.43768971188093614, 0.2858607705298068, 0.6575348986482143, -0.19556061134398606, 0.7940956405427653, -0.5234522135747363, -0.9254572108422336, -0.4616712832980349, 0.2465419594209588, 0.17771984048955353, -0.0640152958831266, 0.9969525372773518, -0.5931816338638836, 0.9619524991187232, -0.23665380339686137, 0.38712306275708697, 0.8295479599571094, -0.524667978615851, 0.4234932632166604, 1.0, 0.4998619410513121, 0.09004508999549127, -0.43033467644993123, 0.8322971497965194, 0.540063536544795, 0.720742512762276, 0.2572763679949521, -0.8264554181615151, -0.7210623210025016, -0.618836115508343, 0.8884321335182803, -1.0, -0.6566512795181285, -0.6618389676224432]
102.99996185302734	(8, 12, 2)	[-0.20702052793522635, -0.5238591011661627, -0.8656213840089738, -0.5737836589257246, 0.6258995638676326, 0.7464740287589254, -0.9780441321413176, -0.9701604797307078, 0.17627638995682396, 0.050668878581233354, 0.28075261969735266, 0.8189771368718209, 0.7093841842732278, -0.7115783302015346, -0.6870663378871726, 0.36765770323234825, 0.11808070995921255, 0.2506081855377549, -0.16027987553376666, 0.9414272759962917, -0.6585770983894574, -0.4700019763246668, -0.6949146844615757, -0.8646014250846921, 0.5000706332076553, 0.10188862627718143, -0.891967634752187, 0.8104323397888412, -0.17282897104420658, 0.29662614453268077, -0.44129882564663203, 0.8976357124983054, -0.6381601740600589, 0.5647879320949158, -0.5095067293394536, 0.08587041378446099, 0.35753716280954906, -0.49028761324160686, -0.6783946415212896, -0.7575896439938387, -0.2369434882009785, -0.030126702374284747, -0.27942990139862667, -0.597720160269475, -0.15852783184678304, 0.5919318497640016, -0.5584154012936471, -0.2650877700253167, 0.7432742639325893, 0.8506065223393835, 0.4665231351193715, 0.5294473241109489, -0.7451141006107032, 0.14731480861713575, 0.9562989454442438, -0.537646062770265, -0.8201540415265017, 0.1394842796409812, -0.9884811557865352, 0.4415882903844519, 0.904032050676728, 0.9994708989731835, 0.9930120572004137, -0.57552447337138, 0.19521015026305966, 0.19976222110249742, 0.9610808480683277, -0.20075315012704809, -0.25203571584726775, -0.21540696532650994, -0.8673240159680826, -1.0, -0.693116319049786, -0.5271658709030326, 0.6808296256274304, -0.6252295169702788, -0.20370854326163124, -0.15709239282917897, -0.7977988943716776, 0.32408164699473474, -0.01647071620190413, -0.1410892585540553, 0.11976354691247093, -0.5449739130574067, -0.907588969572013, 0.24040368641272014, 0.15322318803850798, 0.2858607705298068, 0.6788395454727492, -0.19556061134398606, 0.7940956405427653, -0.5234522135747363, -0.83029205151533, -0.4870787973306647, 0.2465419594209588, 0.17771984048955353, -0.0640152958831266, -0.3984099153974716, -0.5931816338638836, 0.9619524991187232, -0.3072621858953984, 0.35799157303617873, 0.8295479599571094, -0.6181466951146626, 0.4234932632166604, 1.0, 0.4998619410513121, 0.1941386426705919, -0.43033467644993123, 0.8322971497965194, 0.540063536544795, 0.762580085807435, 0.2572763679949521, -0.8264554181615151, -0.7210623210025016, -0.618836115508343, 0.9867912744715979, -1.0, -0.6047897836424954, -0.8603429469917749]
102.99987030029297	(8, 12, 2)	[-0.20702052793522635, -0.7019122675180767, -0.8341867643343278, -0.5737836589257246, 0.7555354541698486, 0.8111716845768927, -0.9319468149454508, -0.9170512362508996, 0.17627638995682396, 0.07587986724907375, 0.28075261969735266, 0.8005100484118784, 0.8203703703875498, -0.36537166726039194, -0.9801281244176175, 0.47507005930612456, 0.10145385624982262, 0.2506081855377549, -0.16027987553376666, 0.8652557305338223, -0.641867242933609, -0.4700019763246668, -0.6985416621712643, -0.8646014250846921, 0.6740350241717776, 0.07983684611176665, -0.45502477098226457, 0.9024534873230246, -0.17282897104420658, 0.7418970672652405, -0.44129882564663203, 0.8976357124983054, -0.5457865399354269, 0.43015621093551937, -0.6619152017609631, 0.08587041378446099, 0.35753716280954906, -0.49028761324160686, -0.6783946415212896, -0.7575896439938387, -0.2369434882009785, -0.6287906262226741, -0.34112730714638295, -0.4895688382912383, -0.15852783184678304, 0.5919318497640016, -0.6323108962088029, -0.2650877700253167, 0.4403072521650333, 0.8506065223393835, 0.4665231351193715, 0.5294473241109489, -0.6969919216346019, 0.2611150639004791, 0.9966633655077539, -0.48950626669379504, -0.8004192331784054, 0.18430048771613894, -0.9884811557865352, 0.31890898187338634, 0.733334037439809, 0.4296657713816372, 0.9930120572004137, -0.57552447337138, 0.19521015026305966, 0.6402577224088957, 0.9610808480683277, -0.2489024282376444, -0.25203571584726775, -0.21540696532650994, -0.8673240159680826, -0.6644178123879013, -0.661635201513536, -0.33158988936384765, 0.5301751812663477, -0.6252295169702788, -0.20370854326163124, -0.03638744496758517, -0.7977988943716776, 0.1600911422378159, -0.02354764591839783, -0.10291666746310732, 0.11976354691247093, -0.5796258083076781, -0.7659613244659692, 0.13885108080026742, 0.15322318803850798, 0.8069622901830591, 0.6788395454727492, -0.19556061134398606, 0.7940956405427653, -0.5234522135747363, -0.83029205151533, -0.4616712832980349, 0.36507330102418756, 0.1901693474232562, -0.0640152958831266, -0.7613452682391769, -0.5931816338638836, 0.9619524991187232, -0.8289551075027908, 0.35799157303617873, 0.8645395680891832, -0.7268868141182263, -1.0, 0.7970756334757352, 0.4798190810419173, -0.3043780901634725, 0.7940366864083204, 0.68158792202088, 0.540063536544795, 0.762580085807435, 0.2572763679949521, -0.8264554181615151, -0.7210623210025016, -0.7034292385664284, 0.01054844555662382, -1.0, -0.6566512795181285, -0.8603429469917749]
102.99994659423828	(8, 12, 2)	[-0.20702052793522635, -0.5238591011661627, -0.8341867643343278, -0.5737836589257246, 0.7555354541698486, 0.7464740287589254, -0.9780441321413176, -0.9170512362508996, 0.17627638995682396, 0.2679355216305086, 0.28075261969735266, 0.8189771368718209, 0.97850729371425, -0.36537166726039194, -0.6870663378871726, 0.47507005930612456, 0.10145385624982262, 0.34085283717117026, 0.03188244410684238, 0.9414272759962917, -0.3515519528415794, -0.4700019763246668, -0.6985416621712643, -0.8646014250846921, 0.6740350241717776, 0.10188862627718143, -0.45502477098226457, 0.8104323397888412, -0.17282897104420658, 0.7418970672652405, -0.44129882564663203, 0.8976357124983054, -0.5457865399354269, 0.43015621093551937, -0.5856924601856466, 0.08587041378446099, 0.35753716280954906, -0.5556322370178264, -0.6783946415212896, -0.8511698932456931, -0.1414022148528864, -0.030126702374284747, -0.27942990139862667, -0.597720160269475, -0.15852783184678304, 0.5919318497640016, -0.5580078356727857, -0.2650877700253167, 0.4403072521650333, 0.8506065223393835, 0.4665231351193715, 0.564745219739502, -0.49289515414616913, 0.14731480861713575, 1.0, -0.537646062770265, -0.8004192331784054, 0.18430048771613894, -0.9884811557865352, 0.18259692500617372, 0.8447889234371976, 0.4296657713816372, 0.9930120572004137, -0.57552447337138, 0.19521015026305966, 0.6402577224088957, 0.9610808480683277, -0.2489024282376444, -0.25203571584726775, -0.21540696532650994, -0.8673240159680826, -0.6187476190163098, -0.693116319049786, -0.5271658709030326, 0.5301751812663477, -0.6252295169702788, -0.23600647212362183, -0.15709239282917897, -0.7473489374452199, 0.32408164699473474, 0.005847012352855549, -0.10291666746310732, 0.3483004422339764, -0.5954055454029463, -1.0, 0.13885108080026742, 0.43768971188093614, 0.4870781860597164, 0.6788395454727492, -0.21279161545658382, 0.9812682271592694, -0.5234522135747363, -0.83029205151533, -0.39464862823580027, 0.36507330102418756, 0.2926024016078892, -0.0640152958831266, 0.9146739914687445, -0.5931816338638836, 1.0, -0.8289551075027908, 0.38712306275708697, 0.8645395680891832, -0.567104990760058, -1.0, 0.7446710468835218, 0.4998619410513121, -0.3043780901634725, -0.5505026787188574, 0.4179776795756497, 0.540063536544795, 0.720742512762276, 0.2572763679949521, -0.8039542592435718, -0.7210623210025016, -0.618836115508343, 0.9867912744715979, -1.0, -0.6047897836424954, -0.8603429469917749]
102.99999237060547	(8, 12, 2)	[-0.20702052793522635, -0.5238591011661627, -0.718287283678869, -0.6878784613123448, 0.7555354541698486, 0.4541091414855172, -0.9319468149454508, -0.9701604797307078, 0.17627638995682396, 0.019211460670780584, 0.3763086487356972, 0.8189771368718209, 0.97850729371425, -0.36537166726039194, -0.6870663378871726, 0.36765770323234825, 0.10145385624982262, 0.34085283717117026, -0.16027987553376666, 0.9883237670739992, -0.641867242933609, -0.4700019763246668, -0.67781083748604, -0.8646014250846921, 0.5194545752393296, 0.10188862627718143, -0.45502477098226457, 0.9024534873230246, -0.5666839835754736, 0.7418970672652405, -0.44129882564663203, 0.8976357124983054, -0.5457865399354269, 0.6646735589752035, -0.5856924601856466, 0.10623897713649354, 0.24974872891760824, -0.5556322370178264, -0.6783946415212896, -0.7575896439938387, -0.2369434882009785, -0.030126702374284747, -0.27942990139862667, -0.5642122206870636, -0.15852783184678304, 0.5919318497640016, -0.6263787967832123, -0.2650877700253167, 0.4403072521650333, 0.8418664858932541, 0.5176308538270319, 0.5294473241109489, -0.7788994011546639, 0.5537730484873737, 0.9966633655077539, -0.5010805681420372, -0.8004192331784054, 0.1394842796409812, -0.9884811557865352, 0.31890898187338634, 0.7880589142542924, 0.44349710112390606, 0.8956024551902175, -0.57552447337138, 0.19521015026305966, 0.28421812647114525, 0.904492918938361, 0.3536530761687994, -0.25203571584726775, -0.21540696532650994, -0.8673240159680826, -0.6644178123879013, -0.693116319049786, -0.3931534994419865, 0.5301751812663477, -0.6252295169702788, -0.20370854326163124, -0.15709239282917897, -0.7977988943716776, 0.32408164699473474, 0.17350376603585327, -0.23144529127402677, 0.3483004422339764, -0.5954055454029463, -0.941595836671909, 0.13885108080026742, 0.43768971188093614, 0.6938453754244484, 0.6788395454727492, -0.13779900390939082, 0.9812682271592694, -0.5234522135747363, -0.83029205151533, -0.4733152233500486, 0.22403907612224552, 0.2926024016078892, -0.0640152958831266, 0.9969525372773518, 0.4595307464747519, 0.9619524991187232, -0.3072621858953984, 0.38712306275708697, 0.8645395680891832, -0.6181466951146626, 0.42383490396848256, 0.7970756334757352, 0.4998619410513121, 0.128863470029706, 0.7940366864083204, 0.18710770735493276, 0.540063536544795, 0.720742512762276, 0.2572763679949521, -0.8264554181615151, -0.7210623210025016, -0.46733586263435956, -0.07027703932375026, -1.0, -0.3814567992955872, -0.8603429469917749]
102.9999771118164	(8, 12, 2)	[-0.20702052793522635, -0.5238591011661627, -0.718287283678869, -0.6878784613123448, 0.7555354541698486, 0.4541091414855172, -0.9319468149454508, -0.9701604797307078, 0.17627638995682396, 0.019211460670780584, 0.3763086487356972, 0.8189771368718209, 0.97850729371425, -0.36537166726039194, -0.6870663378871726, 0.36765770323234825, 0.10145385624982262, 0.34085283717117026, -0.16027987553376666, 0.9883237670739992, -0.641867242933609, -0.4700019763246668, -0.67781083748604, -0.8646014250846921, 0.5194545752393296, 0.10188862627718143, -0.45502477098226457, 0.9024534873230246, -0.5666839835754736, 0.7418970672652405, -0.44129882564663203, 0.8976357124983054, -0.5457865399354269, 0.6646735589752035, -0.5856924601856466, 0.10623897713649354, 0.24974872891760824, -0.5556322370178264, -0.6783946415212896, -0.7575896439938387, -0.2369434882009785, -0.030126702374284747, -0.27942990139862667, -0.5642122206870636, -0.15852783184678304, 0.5919318497640016, -0.6263787967832123, -0.2650877700253167, 0.4403072521650333, 0.8418664858932541, 0.5176308538270319, 0.5294473241109489, -0.7788994011546639, 0.5537730484873737, 0.9966633655077539, -0.5010805681420372, -0.8004192331784054, 0.1394842796409812, -0.9884811557865352, 0.31890898187338634, 0.7880589142542924, 0.44349710112390606, 0.8956024551902175, -0.57552447337138, 0.19521015026305966, 0.28421812647114525, 0.904492918938361, 0.3536530761687994, -0.25203571584726775, -0.21540696532650994, -0.8673240159680826, -0.6644178123879013, -0.693116319049786, -0.3931534994419865, 0.5301751812663477, -0.6252295169702788, -0.20370854326163124, -0.15709239282917897, -0.7977988943716776, 0.32408164699473474, 0.17350376603585327, -0.23144529127402677, 0.3483004422339764, -0.5954055454029463, -0.941595836671909, 0.13885108080026742, 0.43768971188093614, 0.6938453754244484, 0.6788395454727492, -0.13779900390939082, 0.9812682271592694, -0.5234522135747363, -0.83029205151533, -0.4733152233500486, 0.22403907612224552, 0.2926024016078892, -0.0640152958831266, 0.9969525372773518, 0.4595307464747519, 0.9619524991187232, -0.3072621858953984, 0.38712306275708697, 0.8645395680891832, -0.6181466951146626, 0.42383490396848256, 0.7970756334757352, 0.4998619410513121, 0.128863470029706, 0.7940366864083204, 0.18710770735493276, 0.540063536544795, 0.720742512762276, 0.2572763679949521, -0.8264554181615151, -0.7210623210025016, -0.46733586263435956, -0.07027703932375026, -1.0, -0.3814567992955872, -0.8603429469917749]
102.99996948242188	(8, 12, 2)	[-0.20702052793522635, -0.5238591011661627, -0.8743247236913883, -0.5521732427699656, 0.7555354541698486, 0.7464740287589254, -0.9780441321413176, -0.9170512362508996, 0.17627638995682396, 0.2679355216305086, 0.28075261969735266, 0.6590524214625999, 0.97850729371425, -0.36537166726039194, -0.6870663378871726, 0.47507005930612456, 0.10145385624982262, 0.2506081855377549, -0.16027987553376666, 0.9414272759962917, -0.3515519528415794, -0.20107215466759437, -0.67781083748604, -0.8646014250846921, 0.5194545752393296, 0.10188862627718143, -0.45502477098226457, 0.9901377212073018, 0.03448586918164531, 0.2611584854401153, -0.44129882564663203, 0.8976357124983054, -0.5457865399354269, 0.6646735589752035, -0.5856924601856466, 0.048307666489516884, 1.0, -0.5887720440427878, -0.6783946415212896, -0.7575896439938387, -0.1414022148528864, -0.030126702374284747, -0.27942990139862667, -0.5969158768981515, -0.15852783184678304, 0.5919318497640016, -0.6323108962088029, -0.002059674924714372, 0.7432742639325893, 0.8506065223393835, 0.39260100919501195, 0.564745219739502, -0.6969919216346019, 0.36516186527888816, 0.990354003432871, -0.537646062770265, -0.8004192331784054, 0.1394842796409812, -0.9884811557865352, 0.3974292734459397, 0.733334037439809, 0.9994708989731835, 0.9930120572004137, -0.57552447337138, 0.19521015026305966, 0.19976222110249742, 0.9610808480683277, 0.3536530761687994, -0.25203571584726775, -0.21540696532650994, -0.8673240159680826, -0.6644178123879013, -0.693116319049786, -0.33158988936384765, 0.5301751812663477, -0.6888087512124805, -0.20370854326163124, -0.15709239282917897, -0.7977988943716776, 0.32408164699473474, -0.02354764591839783, -0.10291666746310732, 0.11976354691247093, -0.5954055454029463, -0.907588969572013, 0.1667336074742592, 0.15479365482479315, 0.4870781860597164, 0.7632958994598322, -0.21279161545658382, 0.9812682271592694, -0.5234522135747363, -0.83029205151533, -0.39464862823580027, 0.2465419594209588, 0.2926024016078892, 0.09173876720929064, -0.5440476096323147, -0.0736806321643082, 0.8923363589643833, -0.23665380339686137, 0.35799157303617873, 0.8295479599571094, -0.7268868141182263, -1.0, 0.7970756334757352, 0.4998619410513121, -0.3043780901634725, 0.7940366864083204, 0.6222318173967938, 0.63122807751428, 0.762580085807435, 0.2572763679949521, -0.8039542592435718, -0.8201001308931332, -0.618836115508343, 0.9867912744715979, -0.8886960532559172, -0.6047897836424954, 0.6875667895409479]
102.99992370605469	(8, 12, 2)	[-0.20702052793522635, -0.5238591011661627, -0.8341867643343278, -0.5521732427699656, 0.7555354541698486, 0.8111716845768927, -0.9780441321413176, -0.9170512362508996, 0.17627638995682396, 0.07587986724907375, 0.28075261969735266, 0.6546631651340533, 0.8203703703875498, -0.36537166726039194, -0.6870663378871726, 0.47507005930612456, 0.10145385624982262, 0.2506081855377549, 0.03188244410684238, 0.9883237670739992, -0.6585770983894574, -0.4700019763246668, -0.67781083748604, -0.8646014250846921, 0.6740350241717776, 0.10188862627718143, -0.45502477098226457, 0.8104323397888412, -0.17282897104420658, 0.2611584854401153, -0.44129882564663203, 0.8976357124983054, -0.5457865399354269, 0.43015621093551937, -0.5856924601856466, 0.08587041378446099, 0.35753716280954906, -0.5556322370178264, -0.6783946415212896, -0.7575896439938387, 0.3924782172714687, -0.030126702374284747, -0.27942990139862667, -0.597720160269475, -0.15852783184678304, 0.5919318497640016, -0.6323108962088029, -0.2650877700253167, 0.7432742639325893, 0.8506065223393835, 0.4665231351193715, 0.564745219739502, -0.7788994011546639, 0.36516186527888816, 1.0, -0.6431865797160761, -0.8004192331784054, 0.1394842796409812, -0.9884811557865352, 0.31890898187338634, 0.8447889234371976, 0.9994708989731835, 0.9930120572004137, -0.57552447337138, 0.19521015026305966, 0.19976222110249742, 0.9610808480683277, -0.2489024282376444, -0.25203571584726775, -0.21540696532650994, -0.8673240159680826, -0.6187476190163098, -0.693116319049786, -0.5271658709030326, 0.5301751812663477, -0.6314497210252064, -0.20370854326163124, -0.03638744496758517, -0.7977988943716776, 0.32408164699473474, -0.02354764591839783, -0.10291666746310732, 0.6610304777441833, -0.5954055454029463, -0.9068206556177147, 0.13885108080026742, 0.13738712088779073, 0.4870781860597164, 0.6788395454727492, -0.21279161545658382, 0.8454012461026281, -0.5234522135747363, -0.83029205151533, -0.39464862823580027, 0.2465419594209588, 0.2926024016078892, 0.09173876720929064, 1.0, -0.0736806321643082, 0.8923363589643833, -0.8289551075027908, 0.38712306275708697, 0.8236829697457037, -0.567104990760058, -1.0, 0.6854655783162209, 0.4798190810419173, -0.3043780901634725, -0.4569000900396524, 0.8322971497965194, 0.63122807751428, 0.762580085807435, 0.2572763679949521, -0.8039542592435718, -0.7210623210025016, -0.618836115508343, 1.0, -1.0, -0.4459274917797352, -0.8603429469917749]
102.99998474121094	(8, 12, 2)	[-0.20702052793522635, -0.5238591011661627, -0.8341867643343278, -0.5737836589257246, 0.7954906652432512, 0.7577790888916965, -0.9780441321413176, -0.9170512362508996, 0.17627638995682396, 0.2679355216305086, 0.28075261969735266, 0.8189771368718209, 0.9637851846811356, -0.36537166726039194, -0.6870663378871726, 0.36765770323234825, 0.10145385624982262, 0.2506081855377549, 0.03188244410684238, 0.9414272759962917, -0.641867242933609, -0.4700019763246668, -0.67781083748604, -0.8646014250846921, 0.5194545752393296, 0.10188862627718143, -0.45502477098226457, 0.8104323397888412, -0.17282897104420658, 0.29662614453268077, -0.4912064361402586, 0.8976357124983054, -0.5457865399354269, 0.43015621093551937, -0.5856924601856466, 0.048307666489516884, 0.35753716280954906, -0.5887720440427878, -0.6783946415212896, -0.8511698932456931, -0.1414022148528864, -0.15366640531341302, -0.34112730714638295, -0.5969158768981515, -0.15852783184678304, 0.5919318497640016, -0.6323108962088029, -0.35605554009855, 0.7432742639325893, 0.8506065223393835, 0.4665231351193715, 0.564745219739502, -0.7788994011546639, 0.36516186527888816, 0.990354003432871, -0.537646062770265, -0.9285078331240629, 0.1394842796409812, -1.0, 0.31890898187338634, 0.733334037439809, 0.9994708989731835, 0.9930120572004137, -0.57552447337138, 0.19521015026305966, 0.6402577224088957, 0.9610808480683277, -0.2489024282376444, -0.23566241486119227, -0.21540696532650994, -0.8673240159680826, -0.600784142961966, -0.6209059096702757, -0.5271658709030326, 0.564909282598797, -0.6314497210252064, -0.18734643406373405, -0.03042457202162238, -0.7977988943716776, 0.32408164699473474, -0.02354764591839783, -0.10291666746310732, 0.5066851681964313, -0.5954055454029463, -1.0, 0.13885108080026742, 0.15322318803850798, 0.2858607705298068, 0.6788395454727492, -0.14820879133466047, 0.9812682271592694, -0.5234522135747363, -0.83029205151533, -0.4733152233500486, 0.36507330102418756, 0.17771984048955353, -0.0640152958831266, -0.3984099153974716, 0.4437849884392732, 1.0, -0.3072621858953984, 0.38712306275708697, 0.8645395680891832, -0.567104990760058, 0.4234932632166604, 0.7970756334757352, 0.4798190810419173, -0.3043780901634725, -0.5505026787188574, 0.2956810153956256, 0.63122807751428, 0.9650853504668329, 0.2572763679949521, -0.8039542592435718, -0.7210623210025016, -0.618836115508343, 0.9867912744715979, -1.0, -0.3814567992955872, -0.8603429469917749]
102.99996185302734	(8, 12, 2)	[-0.20702052793522635, -0.5238591011661627, -0.718287283678869, -0.5737836589257246, 0.8692031064178386, 0.4541091414855172, -0.9780441321413176, -0.9701604797307078, 0.17627638995682396, 0.2679355216305086, 0.28075261969735266, 0.6546631651340533, 0.8636594136919431, -0.7115783302015346, -0.6870663378871726, 0.33918831640087976, 0.10145385624982262, 0.2506081855377549, -0.1663917885159234, 1.0, -0.641867242933609, -0.4700019763246668, -0.7545849092451788, -0.8646014250846921, 0.314535415129814, 0.05728234180565034, -0.45502477098226457, 0.9024534873230246, -0.1291477475541083, 0.09725569326087619, 0.6121167543672311, 0.8976357124983054, -0.5457865399354269, 0.6646735589752035, -0.6619152017609631, 0.05555789244996896, 0.35753716280954906, -0.5887720440427878, -0.6783946415212896, -0.7575896439938387, -0.1414022148528864, -0.15366640531341302, -0.2967316175186069, -0.597720160269475, -0.07261976170880798, 0.5919318497640016, -0.6323108962088029, -0.2650877700253167, 0.7432742639325893, 0.8418664858932541, 0.4665231351193715, 0.5294473241109489, -0.6969919216346019, 0.36516186527888816, 0.9966633655077539, -0.537646062770265, -0.799179281813023, 0.18430048771613894, -0.9884811557865352, 0.3607212416798555, 0.904032050676728, 0.4853944780815554, 0.9930120572004137, -0.41876048193671733, 0.19521015026305966, 0.28421812647114525, 0.9610808480683277, -0.2489024282376444, -0.25203571584726775, -0.21540696532650994, -0.8673240159680826, -0.6187476190163098, -0.693116319049786, -0.3931534994419865, 0.5301751812663477, -0.6252295169702788, 0.027658382014829647, -0.15709239282917897, 0.02839320469532347, 0.3156550529122409, -0.024315007120792795, -0.12174385125822898, 0.11976354691247093, -0.5449739130574067, -0.907588969572013, 0.13885108080026742, 0.43768971188093614, 0.321376206802381, 0.6788395454727492, -0.14820879133466047, 0.9812682271592694, -0.5234522135747363, -0.83029205151533, -0.4733152233500486, 0.36507330102418756, 0.2926024016078892, 0.06038098452816135, 0.9969525372773518, -0.5931816338638836, 1.0, -0.3072621858953984, 0.38712306275708697, 0.8295479599571094, -0.6181466951146626, -0.9571688791615186, 0.7970756334757352, 0.4798190810419173, 0.128863470029706, -0.43033467644993123, 0.4179776795756497, 0.63122807751428, 0.720742512762276, 0.2572763679949521, -0.8264554181615151, -0.7210623210025016, -0.618836115508343, 1.0, -1.0, -0.6566512795181285, -0.8603429469917749]
102.99996948242188	(8, 12, 2)	[-0.20702052793522635, -0.3115138932915802, -0.8341867643343278, -0.5737836589257246, 0.7555354541698486, 0.7464740287589254, -0.9780441321413176, -0.9170512362508996, 0.07591214689371088, 0.2679355216305086, 0.28075261969735266, 0.8189771368718209, 0.8203703703875498, -0.7115783302015346, -0.6870663378871726, 0.36765770323234825, 0.10145385624982262, 0.34085283717117026, 0.061079192757546696, 0.9414272759962917, -0.3515519528415794, -0.4700019763246668, -0.67781083748604, -0.8646014250846921, 0.6740350241717776, 0.10188862627718143, -0.891967634752187, 0.9024534873230246, -0.17282897104420658, 0.7383969347514682, 0.6180340934747123, 0.8976357124983054, 0.03817842922473315, 0.43015621093551937, -0.5856924601856466, 0.048307666489516884, 1.0, -0.513108391393229, -0.6783946415212896, -0.7575896439938387, 0.2662576600469376, -0.030126702374284747, -0.27942990139862667, -0.5642122206870636, -0.15852783184678304, 0.5919318497640016, -0.5580078356727857, -0.2650877700253167, 0.7432742639325893, 0.8418664858932541, 0.4665231351193715, 0.564745219739502, -0.49289515414616913, 0.36516186527888816, 1.0, -0.537646062770265, -0.9108624812169026, 0.1394842796409812, -0.9884811557865352, 0.31890898187338634, 0.8447889234371976, 0.9994708989731835, 1.0, -0.57552447337138, 0.19521015026305966, 0.19976222110249742, 0.9610808480683277, 0.3536530761687994, -0.25203571584726775, -0.21540696532650994, -0.8673240159680826, -0.5226929686667597, -0.693116319049786, -0.5271658709030326, 0.564909282598797, -0.6252295169702788, -0.20370854326163124, -0.03042457202162238, -0.6732954918336372, 0.32408164699473474, -0.02354764591839783, -0.10291666746310732, 0.11976354691247093, -0.5938621816991476, -0.907588969572013, 0.1667336074742592, 0.43768971188093614, 0.4870781860597164, 0.6788395454727492, -0.21279161545658382, 0.9812682271592694, -0.5454519084842532, -0.83029205151533, -0.4733152233500486, 0.38285913160758406, 0.2926024016078892, -0.0640152958831266, -0.5440476096323147, -0.0736806321643082, 0.8923363589643833, -0.8289551075027908, 0.35799157303617873, 0.8295479599571094, -0.7268868141182263, -1.0, 0.7970756334757352, 0.4636903239287306, -0.3043780901634725, 0.7940366864083204, 0.5909936550712545, 0.63122807751428, 0.762580085807435, 0.2572763679949521, -0.8264554181615151, -0.7210623210025016, -0.618836115508343, 0.8884321335182803, -0.8886960532559172, -0.6047897836424954, -0.8603429469917749]
102.99996948242188	(8, 12, 2)	[-0.20702052793522635, -0.5238591011661627, -0.8341867643343278, -0.5737836589257246, 0.8692031064178386, 0.7464740287589254, -0.9780441321413176, -0.9701604797307078, 0.17627638995682396, 0.07587986724907375, 0.28075261969735266, 0.6546631651340533, 0.8203703703875498, -0.7115783302015346, -0.9024562855524383, 0.47507005930612456, 0.10145385624982262, 0.34085283717117026, -0.17551153723392207, 0.9883237670739992, -0.6585770983894574, -0.4700019763246668, -0.6949146844615757, -0.8646014250846921, 0.5194545752393296, 0.10188862627718143, -0.45502477098226457, 0.946666532896972, -0.17474238053371055, 0.2611584854401153, -0.44129882564663203, 0.8976357124983054, -0.5457865399354269, 0.6298520398025388, -0.6619152017609631, 0.048307666489516884, 0.18757663906049404, -0.49028761324160686, -0.6783946415212896, -0.8511698932456931, -0.04497190281592592, -0.15366640531341302, -0.27942990139862667, -0.7138551944690045, -0.15852783184678304, 0.5919318497640016, -0.6382752796070884, -0.2650877700253167, 0.7432742639325893, 0.8277615587416978, 0.4665231351193715, 0.6005878557478151, -0.7406996659157413, 0.4311669003365567, 0.9966633655077539, -0.537646062770265, -0.8201540415265017, 0.1394842796409812, -0.9884811557865352, 0.3607212416798555, 0.8447889234371976, 0.4296657713816372, 0.9930120572004137, -0.57552447337138, 0.2660565942197404, 0.19976222110249742, 0.9610808480683277, -0.2489024282376444, -0.25203571584726775, -0.6554954163972329, -0.8673240159680826, -0.697820565212816, -0.693116319049786, -0.5271658709030326, 0.5301751812663477, -0.6252295169702788, -0.21394195023024526, -0.15709239282917897, -0.7977988943716776, 0.32408164699473474, -0.02354764591839783, -0.12174385125822898, 0.5066851681964313, -0.5449739130574067, -1.0, 0.13885108080026742, 0.15322318803850798, 0.2858607705298068, 0.6788395454727492, -0.21279161545658382, 0.7940956405427653, -0.5234522135747363, -0.7517032052418013, -0.13911283910224137, 0.2465419594209588, 0.2926024016078892, -0.0640152958831266, 0.9864494582715521, 0.4437849884392732, 0.8923363589643833, -0.8289551075027908, 0.38712306275708697, 0.8295479599571094, -0.567104990760058, -1.0, 0.7970756334757352, 0.4998619410513121, -0.3043780901634725, -0.43033467644993123, 0.6222318173967938, 0.8036610512624713, 0.8618674686817558, 0.2572763679949521, -0.8039542592435718, -0.7210623210025016, -0.618836115508343, 0.8884321335182803, -1.0, -0.6566512795181285, -0.8603429469917749]
102.99992370605469	(8, 12, 2)	[-0.20702052793522635, -0.5238591011661627, -0.8341867643343278, -0.5737836589257246, 0.8692031064178386, 0.8111716845768927, -0.9780441321413176, -0.9170512362508996, 0.17627638995682396, 0.2679355216305086, 0.28075261969735266, 0.6590524214625999, 0.9637851846811356, -0.7115783302015346, -0.6870663378871726, 0.33918831640087976, 0.03742425479709051, 0.2506081855377549, 0.03188244410684238, 1.0, -0.641867242933609, -0.4700019763246668, -0.6985416621712643, -0.8646014250846921, 0.314535415129814, 0.10188862627718143, -0.45502477098226457, 0.7469071210865265, -0.17282897104420658, 0.09725569326087619, -0.4912064361402586, 0.8976357124983054, -0.5457865399354269, 0.6646735589752035, -0.6619152017609631, 0.048307666489516884, 0.35753716280954906, -0.5556322370178264, -0.6783946415212896, -0.9487414604338766, -0.15311212411090938, -0.15366640531341302, -0.27942990139862667, -0.597720160269475, -0.15852783184678304, 0.5919318497640016, -0.6323108962088029, -0.2650877700253167, 0.7432742639325893, 0.8506065223393835, 0.4665231351193715, 0.564745219739502, -0.6969919216346019, 0.4311669003365567, 0.9966633655077539, -0.537646062770265, -0.8201540415265017, 0.18430048771613894, -0.9003857446261987, 0.31890898187338634, 0.7880589142542924, 0.4296657713816372, 0.9930120572004137, -0.41876048193671733, 0.19521015026305966, 0.28421812647114525, 0.9610808480683277, 0.3536530761687994, -0.23566241486119227, -0.21540696532650994, -0.8673240159680826, -1.0, -0.693116319049786, -0.5271658709030326, 0.5301751812663477, -0.6252295169702788, -0.20370854326163124, -0.03042457202162238, 0.02839320469532347, 0.1600911422378159, -0.02354764591839783, -0.10291666746310732, 0.11907571072314176, -0.5449739130574067, -0.8362251169761988, 0.13885108080026742, 0.15322318803850798, 0.2858607705298068, 0.6788395454727492, -0.14820879133466047, 0.9812682271592694, -0.5454519084842532, -0.83029205151533, -0.4733152233500486, 0.36507330102418756, 0.3795202457091192, -0.0640152958831266, -0.5440476096323147, 0.4437849884392732, 1.0, -0.3072621858953984, 0.38712306275708697, 0.8645395680891832, -0.6181466951146626, 0.4234932632166604, 0.7970756334757352, 0.4998619410513121, 0.32334934388507197, 0.7940366864083204, 0.4179776795756497, 0.63122807751428, 0.762580085807435, 0.3376578079141868, -0.8039542592435718, -0.7210623210025016, -0.5033094011615314, 0.8884321335182803, -1.0, -0.6047897836424954, -0.8603429469917749]
102.99974822998047	(8, 12, 2)	[-0.15049636471593103, -0.428472089034424, -0.8656213840089738, -0.5737836589257246, 0.7555354541698486, 0.7464740287589254, -0.9780441321413176, -0.9701604797307078, 0.17627638995682396, 0.07587986724907375, 0.28075261969735266, 0.6590524214625999, 0.97850729371425, -0.7115783302015346, -0.6870663378871726, 0.36765770323234825, 0.10145385624982262, 0.2506081855377549, -0.16027987553376666, 0.9883237670739992, -0.36406713685328934, -0.4700019763246668, -0.67781083748604, -0.8646014250846921, 0.5194545752393296, 0.10188862627718143, -0.30056315680569773, 0.946666532896972, -0.17282897104420658, 0.09725569326087619, -0.4912064361402586, 0.8976357124983054, -0.5457865399354269, 0.3783307616259805, -0.5856924601856466, -0.19130963673974388, 1.0, -0.5556322370178264, -0.543839691799053, -0.8511698932456931, -0.1379766862647491, -0.17088656164562063, -0.27942990139862667, -0.5969158768981515, -0.15852783184678304, 0.5919318497640016, -0.5580078356727857, -0.2650877700253167, 0.7432742639325893, 0.8277615587416978, 0.4665231351193715, 0.5294473241109489, -0.7788994011546639, 0.2611150639004791, 0.9065421902450135, -0.537646062770265, -0.9285078331240629, 0.18430048771613894, -0.9884811557865352, 0.3607212416798555, 0.8423548097881678, 0.9994708989731835, 0.9930120572004137, -0.57552447337138, 0.19521015026305966, 0.26040316463770574, 0.9610808480683277, -0.2489024282376444, -0.23566241486119227, -0.21540696532650994, -0.8673240159680826, -1.0, -0.693116319049786, -0.5271658709030326, 0.5301751812663477, -0.6314497210252064, -0.20370854326163124, -0.15709239282917897, 0.02839320469532347, 0.32408164699473474, 0.005847012352855549, -0.10291666746310732, 0.6610304777441833, -0.5449739130574067, -0.941595836671909, 0.10978830948656723, 0.15322318803850798, 0.2858607705298068, 0.6788395454727492, -0.21279161545658382, 0.7940956405427653, -0.5454519084842532, -0.6532753057191507, -0.4616712832980349, 0.36507330102418756, 0.17771984048955353, 0.09173876720929064, -0.5440476096323147, -0.0736806321643082, 0.9619524991187232, -0.8289551075027908, 0.2976263285097131, 0.8295479599571094, -0.567104990760058, -0.9571688791615186, 0.7970756334757352, 0.4798190810419173, -0.3043780901634725, -0.43033467644993123, 0.4179776795756497, 0.63122807751428, 0.720742512762276, 0.3376578079141868, -0.8264554181615151, -0.7210623210025016, -0.618836115508343, 0.9867912744715979, -1.0, -0.6566512795181285, -0.8603429469917749]
102.9999771118164	(8, 12, 2)	[-0.20702052793522635, -0.19731888939606845, -0.8743247236913883, -0.5521732427699656, 0.8692031064178386, 0.8111716845768927, -0.9780441321413176, -0.9701604797307078, 0.17627638995682396, 0.2679355216305086, 0.28075261969735266, 0.6590524214625999, 0.8203703703875498, -0.7115783302015346, -0.6870663378871726, 0.33918831640087976, 0.10145385624982262, 0.2506081855377549, -0.16027987553376666, 1.0, -0.641867242933609, -0.4777534227219479, -0.697758433469651, -0.8646014250846921, 0.5194545752393296, 0.10188862627718143, -0.45502477098226457, 0.8104323397888412, -0.17282897104420658, 0.7383969347514682, -0.4912064361402586, 0.8976357124983054, -0.5457865399354269, 0.6646735589752035, -0.5856924601856466, 0.048307666489516884, 0.35753716280954906, -0.49028761324160686, -0.543839691799053, -0.9833575357273824, -0.04497190281592592, -0.15366640531341302, -0.27942990139862667, -0.5969158768981515, -0.23360554228488656, 0.5919318497640016, -0.6263787967832123, -0.2650877700253167, 0.7432742639325893, 0.8506065223393835, 0.39260100919501195, 0.5294473241109489, -0.7788994011546639, 0.14731480861713575, 0.9966633655077539, -0.537646062770265, -0.799179281813023, 0.09081356168704899, -0.9884811557865352, 0.3607212416798555, 0.8911846207456027, 0.4296657713816372, 0.9930120572004137, -0.41876048193671733, 0.2660565942197404, 0.19976222110249742, 0.9610808480683277, -0.2489024282376444, -0.25203571584726775, -0.21540696532650994, -0.8673240159680826, -0.6644178123879013, -0.7452124351965771, -0.5271658709030326, 0.5301751812663477, -0.6252295169702788, -0.20370854326163124, -0.15709239282917897, -0.7977988943716776, 0.32408164699473474, -0.02354764591839783, -0.10291666746310732, 0.6610304777441833, -0.5449739130574067, -0.7582953574448148, 0.13885108080026742, 0.15322318803850798, 0.2858607705298068, 0.6788395454727492, -0.19556061134398606, 0.7940956405427653, -0.5454519084842532, -0.6501674959375282, -0.4616712832980349, 0.2465419594209588, 0.2926024016078892, -0.0640152958831266, 0.9969525372773518, -0.11478433332835353, 1.0, -0.3072621858953984, 0.35799157303617873, 0.8645395680891832, -0.567104990760058, -1.0, 0.7970756334757352, 0.4998619410513121, -0.3043780901634725, -0.5474899817272909, 0.4179776795756497, 0.63122807751428, 0.720742512762276, 0.3376578079141868, -0.8039542592435718, -0.7210623210025016, -0.5033094011615314, 0.9867912744715979, -1.0, -0.6047897836424954, -0.8603429469917749]
102.99994659423828	(8, 12, 2)	[-0.20702052793522635, -0.3115138932915802, -0.8341867643343278, -0.5737836589257246, 0.7555354541698486, 0.8111716845768927, -0.9780441321413176, -0.9701604797307078, 0.17627638995682396, 0.2679355216305086, 0.28075261969735266, 0.6590524214625999, 0.97850729371425, -0.7115783302015346, -0.6870663378871726, 0.33918831640087976, 0.10145385624982262, 0.2506081855377549, 0.03188244410684238, 1.0, -0.36406713685328934, -0.33733394827510127, -0.6985416621712643, -0.742262855852052, 0.5194545752393296, 0.10188862627718143, -0.45502477098226457, 0.8104323397888412, -0.1291477475541083, 0.09725569326087619, -0.44129882564663203, 0.8976357124983054, -0.5457865399354269, 0.6646735589752035, -0.6619152017609631, 0.048307666489516884, 0.35753716280954906, -0.49028761324160686, -0.6783946415212896, -0.7575896439938387, -0.06132007388034352, -0.15366640531341302, -0.35213966643188216, -0.7138551944690045, -0.15852783184678304, 0.5919318497640016, -0.5580078356727857, -0.002059674924714372, 0.7432742639325893, 0.9469680817529436, 0.29116021003925874, 0.564745219739502, -0.7573004836428564, 0.4311669003365567, 0.9966633655077539, -0.5010805681420372, -0.8201540415265017, 0.18430048771613894, -0.9884811557865352, 0.4232440595653354, 0.904032050676728, 0.8823416314763177, 1.0, -0.5499968853575771, 0.19521015026305966, 0.19976222110249742, 0.8954548150565378, 0.3536530761687994, -0.25203571584726775, -0.21540696532650994, -0.8673240159680826, -0.600784142961966, -0.693116319049786, -0.5271658709030326, 0.5301751812663477, -0.591623920209201, -0.20370854326163124, -0.03638744496758517, -0.6732954918336372, 0.32408164699473474, -0.007304394811104141, -0.10291666746310732, 0.6610304777441833, -0.5449739130574067, -0.941595836671909, 0.13885108080026742, 0.15322318803850798, 0.2858607705298068, 0.6788395454727492, -0.17866318849549215, 0.9812682271592694, -0.5234522135747363, -0.83029205151533, -0.4733152233500486, 0.33241017566658576, 0.2926024016078892, -0.14042577508929982, -0.5440476096323147, 0.4437849884392732, 0.9619524991187232, -0.8289551075027908, 0.38712306275708697, 0.8295479599571094, -0.6181466951146626, -1.0, 0.7970756334757352, 0.47363069631515753, -0.4522588477273157, -0.43033467644993123, 0.4179776795756497, 0.63122807751428, 0.720742512762276, 0.2572763679949521, -0.8039542592435718, -0.8201001308931332, -0.618836115508343, 0.01054844555662382, -1.0, -0.3814567992955872, 0.618344010841261]
102.9999771118164	(8, 12, 2)	[-0.20702052793522635, -0.7019122675180767, -0.8656213840089738, -0.5737836589257246, 0.7555354541698486, 0.7464740287589254, -0.9780441321413176, -0.9701604797307078, 0.17627638995682396, 0.2679355216305086, 0.28075261969735266, 0.6590524214625999, 0.9637851846811356, -0.7115783302015346, -0.6870663378871726, 0.48928237340132974, 0.10145385624982262, 0.2506081855377549, 0.03188244410684238, 1.0, -0.3515519528415794, -0.4700019763246668, -0.67781083748604, -0.8646014250846921, 0.314535415129814, 0.10188862627718143, -0.45502477098226457, 0.8104323397888412, -0.17282897104420658, 0.09725569326087619, 0.6180340934747123, 0.8976357124983054, -0.5457865399354269, 0.6646735589752035, -0.5909299934601855, 0.048307666489516884, 1.0, -0.49028761324160686, -0.543839691799053, -0.8511698932456931, -0.1379766862647491, -0.15366640531341302, -0.27942990139862667, -0.597720160269475, -0.15852783184678304, 0.5919318497640016, -0.5568129080154454, -0.002059674924714372, 0.7432742639325893, 0.8418664858932541, 0.4665231351193715, 0.564745219739502, -0.761914546003387, 0.36516186527888816, 0.9065421902450135, -0.537646062770265, -0.8201540415265017, 0.18430048771613894, -0.9884811557865352, 0.3607212416798555, 0.733334037439809, 0.8823416314763177, 0.9930120572004137, -0.57552447337138, 0.2660565942197404, 0.19976222110249742, 0.9610808480683277, -0.20075315012704809, -0.23566241486119227, -0.05189436041478168, -0.9341231030811186, -1.0, -0.693116319049786, -0.33158988936384765, 0.5301751812663477, -0.6252295169702788, -0.20370854326163124, -0.15709239282917897, -0.7977988943716776, 0.32408164699473474, -0.007304394811104141, -0.2555337300618752, 0.11976354691247093, -0.5938621816991476, -0.941595836671909, 0.13885108080026742, 0.15322318803850798, 0.2858607705298068, 0.6788395454727492, -0.14820879133466047, 0.7940956405427653, -0.5234522135747363, -0.6532753057191507, -0.4616712832980349, 0.36507330102418756, 0.17771984048955353, -0.0640152958831266, -0.5440476096323147, -0.0736806321643082, 1.0, -0.23665380339686137, 0.2976263285097131, 0.8295479599571094, -0.567104990760058, -1.0, 0.7970756334757352, 0.4998619410513121, -0.3043780901634725, -0.43033467644993123, 0.48571034284461656, 0.63122807751428, 0.720742512762276, 0.2572763679949521, -0.8264554181615151, -0.535626721227409, -0.618836115508343, 0.9867912744715979, -1.0, -0.6566512795181285, -0.8603429469917749]
102.9999771118164	(8, 12, 2)	[-0.20702052793522635, -0.5238591011661627, -0.8341867643343278, -0.5737836589257246, 0.8692031064178386, 0.8111716845768927, -1.0, -0.9701604797307078, 0.17627638995682396, 0.050668878581233354, 0.28075261969735266, 0.6546631651340533, 0.8203703703875498, -0.7115783302015346, -0.8250905143677649, 0.33918831640087976, 0.12463405693915827, 0.2506081855377549, 0.03188244410684238, 1.0, -0.641867242933609, -0.4700019763246668, -0.6949146844615757, -0.8646014250846921, 0.314535415129814, 0.10188862627718143, -0.45502477098226457, 0.8104323397888412, -0.1291477475541083, 0.09725569326087619, -0.4912064361402586, 0.8976357124983054, -0.5457865399354269, 0.5381890782830583, -0.6619152017609631, 0.048307666489516884, 0.35753716280954906, -0.49028761324160686, -0.6783946415212896, -0.7575896439938387, -0.2369434882009785, -0.15366640531341302, -0.34112730714638295, -0.597720160269475, -0.010459782153877523, 0.5919318497640016, -0.6323108962088029, -0.002059674924714372, 0.7432742639325893, 0.8418664858932541, 0.4665231351193715, 0.564745219739502, -0.7788994011546639, 0.4311669003365567, 0.9489987260599663, -0.537646062770265, -0.8004192331784054, 0.18430048771613894, -0.9884811557865352, 0.3607212416798555, 0.8447889234371976, 0.4296657713816372, 0.9930120572004137, -0.57552447337138, 0.19521015026305966, 0.17135612100844202, 0.904492918938361, -0.2489024282376444, -0.23566241486119227, -0.21540696532650994, -0.8673240159680826, -0.6644178123879013, -0.693116319049786, -0.5271658709030326, 0.5301751812663477, -0.6252295169702788, -0.20370854326163124, -0.15709239282917897, -0.7977988943716776, 0.32408164699473474, -0.16065363637834654, -0.10291666746310732, 0.6610304777441833, -0.5449739130574067, -0.8847744366560497, 0.13885108080026742, 0.43768971188093614, 0.2858607705298068, 0.6788395454727492, -0.19556061134398606, 0.7940956405427653, -0.5234522135747363, -0.6501674959375282, -0.4733152233500486, 0.2465419594209588, 0.2926024016078892, -0.22685692813244215, 0.9969525372773518, -0.5931816338638836, 1.0, -0.8289551075027908, 0.2298129644055754, 0.8867113734650265, -0.567104990760058, -1.0, 0.7970756334757352, 0.4798190810419173, -0.3043780901634725, 0.7940366864083204, 0.68158792202088, 0.63122807751428, 0.720742512762276, 0.2572763679949521, -0.8228699945350338, -0.7244681561255705, -0.618836115508343, 0.8884321335182803, -1.0, -0.3814567992955872, 0.618344010841261]
102.99994659423828	(8, 12, 2)	[-0.20702052793522635, -0.5238591011661627, -0.8656213840089738, -0.5521732427699656, 0.7555354541698486, 0.8111716845768927, -0.9780441321413176, -0.9701604797307078, 0.17627638995682396, 0.2679355216305086, 0.28075261969735266, 0.8189771368718209, 0.9637851846811356, -0.39983451170325707, -0.6870663378871726, 0.33918831640087976, 0.10145385624982262, 0.2506081855377549, -0.16027987553376666, 1.0, -0.641867242933609, -0.4700019763246668, -0.67781083748604, -0.8646014250846921, 0.6740350241717776, 0.10188862627718143, -0.45502477098226457, 0.8104323397888412, -0.1291477475541083, 0.09725569326087619, -0.4912064361402586, 0.8976357124983054, -0.5457865399354269, 0.6646735589752035, -0.6619152017609631, 0.048307666489516884, 1.0, -0.49028761324160686, -0.6783946415212896, -0.7575896439938387, 0.2249123022122246, -0.15366640531341302, -0.34112730714638295, -0.597720160269475, -0.15852783184678304, 0.5919318497640016, -0.7938251039590696, -0.2279611054405915, 0.4403072521650333, 0.786898723990543, 0.29116021003925874, 0.5294473241109489, -0.7788994011546639, 0.14731480861713575, 1.0, -0.537646062770265, -0.8004192331784054, 0.1394842796409812, -0.9884811557865352, 0.3607212416798555, 0.79035802645827, 0.4296657713816372, 0.9930120572004137, -0.41876048193671733, 0.19521015026305966, 0.19976222110249742, 0.9610808480683277, -0.2489024282376444, -0.25203571584726775, -0.21540696532650994, -0.9341231030811186, -0.6644178123879013, -0.693116319049786, -0.5271658709030326, 0.41971993676199626, -0.6252295169702788, -0.1886027097056843, -0.15709239282917897, -0.6732954918336372, 0.32408164699473474, -0.02354764591839783, -0.10291666746310732, 0.6610304777441833, -0.5449739130574067, -0.941595836671909, 0.13885108080026742, 0.43768971188093614, 0.2858607705298068, 0.6788395454727492, -0.21279161545658382, 0.9537762558248741, -0.5352568605613205, -0.6987324973617546, -0.4616712832980349, 0.37965436896399024, 0.2926024016078892, -0.22685692813244215, 0.9864494582715521, -0.5931816338638836, 1.0, -0.8289551075027908, 0.35799157303617873, 0.8295479599571094, -0.6181466951146626, -1.0, 0.7970756334757352, 0.36588863898514423, -0.3043780901634725, 0.7940366864083204, 0.4179776795756497, 0.63122807751428, 0.720742512762276, 0.2572763679949521, -0.8039542592435718, -0.7210623210025016, -0.5033094011615314, 0.8884321335182803, -1.0, -0.6047897836424954, 0.618344010841261]
102.9999771118164	(8, 12, 2)	[-0.20702052793522635, -0.428472089034424, -0.8656213840089738, -0.5737836589257246, 0.8647516904620485, 0.8111716845768927, -1.0, -0.9701604797307078, 0.17627638995682396, 0.2679355216305086, 0.28075261969735266, 0.7894613909880136, 0.9637851846811356, -0.7115783302015346, -0.6870663378871726, 0.36765770323234825, 0.10145385624982262, 0.2506081855377549, 0.03188244410684238, 0.9414272759962917, -0.641867242933609, -0.4700019763246668, -0.5047750424747559, -0.8646014250846921, 0.6740350241717776, 0.10188862627718143, -0.5051535537299284, 0.9024534873230246, -0.17282897104420658, 0.09725569326087619, -0.44129882564663203, 0.8976357124983054, -0.5457865399354269, 0.6646735589752035, -0.6619152017609631, 0.048307666489516884, 1.0, -0.49028761324160686, -0.6783946415212896, -0.7606232751380738, -0.15311212411090938, -0.15366640531341302, -0.27942990139862667, -0.597720160269475, -0.15852783184678304, 0.5919318497640016, -0.6323108962088029, -0.2279611054405915, 0.7432742639325893, 0.786898723990543, 0.29116021003925874, 0.5598946197376519, -0.7573004836428564, 0.36516186527888816, 1.0, -0.537646062770265, -0.8004192331784054, 0.18430048771613894, -0.9884811557865352, 0.31890898187338634, 0.79035802645827, 0.4296657713816372, 0.9930120572004137, -0.57552447337138, 0.2757267188589514, 0.19976222110249742, 1.0, -0.2489024282376444, -0.25203571584726775, -0.21540696532650994, -0.8673240159680826, -0.5370142575542246, -0.693116319049786, -0.5271658709030326, 0.5301751812663477, -0.6314497210252064, -0.20370854326163124, -0.15709239282917897, -0.7977988943716776, 0.32408164699473474, -0.02354764591839783, -0.10291666746310732, 0.11976354691247093, -0.5449739130574067, -0.941595836671909, 0.13885108080026742, 0.15322318803850798, 0.2858607705298068, 0.6788395454727492, -0.14820879133466047, 0.7940956405427653, -0.5234522135747363, -0.6532753057191507, -0.4733152233500486, 0.37965436896399024, 0.2926024016078892, -0.0640152958831266, -0.42076523398262305, -0.5931816338638836, 1.0, -0.23665380339686137, 0.38712306275708697, 0.8295479599571094, -0.567104990760058, -1.0, 0.7970756334757352, 0.4785677038396333, -0.3043780901634725, -0.5505026787188574, 0.4179776795756497, 0.63122807751428, 0.720742512762276, 0.2572763679949521, -0.8264554181615151, -0.535626721227409, -0.7034292385664284, 0.8884321335182803, -1.0, -0.6566512795181285, -0.8603429469917749]
102.99995422363281	(8, 12, 2)	[-0.20702052793522635, -0.5238591011661627, -0.8341867643343278, -0.5737836589257246, 0.7555354541698486, 0.7464740287589254, -0.9780441321413176, -0.9701604797307078, 0.17627638995682396, 0.2679355216305086, 0.28075261969735266, 0.9627786117458716, 0.8636594136919431, -0.3538371169677123, -0.6870663378871726, 0.36765770323234825, 0.10145385624982262, 0.2506081855377549, 0.03188244410684238, 1.0, -0.6585770983894574, -0.4700019763246668, -0.67781083748604, -0.8646014250846921, 0.314535415129814, 0.10188862627718143, -0.30056315680569773, 0.8104323397888412, -0.17282897104420658, 0.7418970672652405, -0.44129882564663203, 0.8976357124983054, -0.5447396786532065, 0.6646735589752035, -0.5856924601856466, -0.06983712847387337, 0.18757663906049404, -0.49028761324160686, -0.6783946415212896, -0.8511698932456931, -0.06132007388034352, -0.15366640531341302, -0.27942990139862667, -0.597720160269475, -0.23360554228488656, 0.5919318497640016, -0.5580078356727857, -0.35605554009855, 0.7432742639325893, 0.8418664858932541, 0.4665231351193715, 0.564745219739502, -0.7788994011546639, 0.4311669003365567, 0.9065421902450135, -0.537646062770265, -0.8201540415265017, 0.18430048771613894, -1.0, 0.3607212416798555, 0.79035802645827, 0.4296657713816372, 0.9930120572004137, -0.6020673284478332, 0.19521015026305966, 0.19976222110249742, 0.9610808480683277, -0.2489024282376444, -0.25203571584726775, -0.21540696532650994, -0.8673240159680826, -0.600784142961966, -0.693116319049786, -0.33158988936384765, 0.5301751812663477, -0.6252295169702788, -0.20370854326163124, -0.15709239282917897, -0.7977988943716776, 0.32408164699473474, -0.02354764591839783, -0.10291666746310732, 0.11976354691247093, -0.5449739130574067, -0.9941415576571996, 0.13885108080026742, 0.15322318803850798, 0.2858607705298068, 0.6788395454727492, -0.14820879133466047, 0.9812682271592694, -0.5234522135747363, -0.83029205151533, -0.25391756930044984, 0.36507330102418756, 0.17771984048955353, -0.0640152958831266, -0.5440476096323147, -0.0736806321643082, 0.9619524991187232, -0.8289551075027908, 0.38712306275708697, 0.9257237637403053, -0.6181466951146626, 0.4234932632166604, 0.7970756334757352, 0.4998619410513121, -0.3043780901634725, -0.5505026787188574, 0.48571034284461656, 0.63122807751428, 0.720742512762276, 0.2572763679949521, -0.8264554181615151, -0.7244681561255705, -0.618836115508343, 0.8884321335182803, -1.0, -0.6704871801725746, 0.618344010841261]
102.99996185302734	(8, 12, 2)	[-0.1155799227406385, -0.5238591011661627, -0.8341867643343278, -0.5737836589257246, 0.7555354541698486, 0.7464740287589254, -0.9780441321413176, -0.9701604797307078, 0.17627638995682396, 0.2679355216305086, 0.28075261969735266, 0.6546631651340533, 0.8636594136919431, -0.7115783302015346, -0.6870663378871726, 0.36765770323234825, 0.10145385624982262, 0.2506081855377549, 0.03188244410684238, 0.9883237670739992, -0.36406713685328934, -0.4414084815877525, -0.6985416621712643, -0.8646014250846921, 0.314535415129814, 0.10188862627718143, -0.45502477098226457, 0.9024534873230246, 0.03448586918164531, 0.09725569326087619, -0.4912064361402586, 0.8976357124983054, -0.5457865399354269, 0.6646735589752035, -0.6619152017609631, 0.048307666489516884, 0.18757663906049404, -0.5556322370178264, -0.7395097942452814, -0.7575896439938387, -0.06132007388034352, -0.15366640531341302, -0.27942990139862667, -0.597720160269475, -0.23360554228488656, 0.5919318497640016, -0.5568129080154454, -0.002059674924714372, 0.7432742639325893, 0.786898723990543, 0.29116021003925874, 0.7482039535643309, -0.7573004836428564, 0.36516186527888816, 1.0, -0.6431865797160761, -0.8201540415265017, 0.18430048771613894, -0.9884811557865352, 0.31890898187338634, 0.8001434370165005, 0.4296657713816372, 1.0, -0.57552447337138, 0.2193671972022866, 0.19976222110249742, 0.8954548150565378, -0.2489024282376444, -0.25203571584726775, -0.21540696532650994, -0.8673240159680826, -0.600784142961966, -0.693116319049786, -0.5271658709030326, 0.5301751812663477, -0.6314497210252064, -0.20370854326163124, -0.15709239282917897, 0.02839320469532347, 0.32408164699473474, -0.02354764591839783, -0.32390002638511856, 0.11976354691247093, -0.5449739130574067, -0.8362251169761988, 0.13885108080026742, 0.15322318803850798, 0.2858607705298068, 0.6788395454727492, -0.14820879133466047, 0.9812682271592694, -0.5234522135747363, -0.8400245651664221, -0.4733152233500486, 0.33241017566658576, 0.17771984048955353, -0.0640152958831266, 0.9864494582715521, -0.5931816338638836, 1.0, -0.23665380339686137, 0.2298129644055754, 0.8645395680891832, -0.567104990760058, -0.9571688791615186, 0.7970756334757352, 0.4998619410513121, -0.3043780901634725, -0.5505026787188574, 0.4179776795756497, 0.63122807751428, 0.720742512762276, 0.2572763679949521, -0.8264554181615151, -0.7210623210025016, -0.618836115508343, 0.9867912744715979, -1.0, -0.6566512795181285, -0.6394578609606688]
102.99996948242188	(8, 12, 2)	[-0.20702052793522635, -0.4966524707561539, -0.855666089254328, -0.5737836589257246, 0.7497800564420964, 0.8861871366386056, -0.9780441321413176, -0.9170512362508996, 0.17627638995682396, 0.07587986724907375, 0.28075261969735266, 0.8189771368718209, 0.8203703703875498, -0.7115783302015346, -0.6870663378871726, 0.36765770323234825, 0.10145385624982262, 0.29830690535273713, -0.16027987553376666, 1.0, -0.6585770983894574, -0.33733394827510127, -0.7545849092451788, -0.8646014250846921, 0.6740350241717776, 0.10188862627718143, -0.39184991846237804, 0.946666532896972, -0.17282897104420658, 0.4563780572839311, -0.4912064361402586, 0.8976357124983054, -0.6159357443625328, 0.6646735589752035, -0.6619152017609631, 0.048307666489516884, 1.0, -0.5556322370178264, -0.6784377382328971, -0.8511698932456931, -0.1414022148528864, -0.15366640531341302, -0.21372976845260502, -0.597720160269475, -0.23360554228488656, 0.5919318497640016, -0.6323108962088029, -0.2650877700253167, 0.7432742639325893, 0.8418664858932541, 0.39489920535499706, 0.5598946197376519, -0.7788994011546639, 0.14731480861713575, 0.9966633655077539, -0.6431865797160761, -0.8201540415265017, 0.3998074407382908, -0.9003857446261987, 0.31890898187338634, 0.79035802645827, 0.4296657713816372, 1.0, -0.57552447337138, 0.19521015026305966, 0.19976222110249742, 0.904492918938361, -0.2489024282376444, -0.25203571584726775, -0.04769529706489142, -0.8673240159680826, -1.0, -0.8536425227138305, -0.5271658709030326, 0.5301751812663477, -0.6314497210252064, -0.20370854326163124, -0.03638744496758517, -0.7977988943716776, 0.32408164699473474, 0.005847012352855549, -0.10291666746310732, 0.6610304777441833, -0.5978825934334372, -0.941595836671909, 0.13885108080026742, 0.15322318803850798, 0.2858607705298068, 0.6788395454727492, -0.14820879133466047, 0.7827625400034176, -0.5234522135747363, -0.83029205151533, -0.4616712832980349, 0.33241017566658576, 0.2926024016078892, -0.0640152958831266, -0.5440476096323147, 0.4437849884392732, 1.0, -0.23665380339686137, 0.35799157303617873, 0.8645395680891832, -0.6634422370023059, 0.4234932632166604, 0.7970756334757352, 0.36588863898514423, -0.3043780901634725, -0.43033467644993123, 0.4179776795756497, 0.63122807751428, 0.720742512762276, 0.2572763679949521, -0.8264554181615151, -0.8780263370642049, -0.618836115508343, 0.8884321335182803, -1.0, -0.6566512795181285, -0.6394578609606688]
102.9998779296875	(8, 12, 2)	[-0.20702052793522635, -0.5238591011661627, -0.8341867643343278, -0.5737836589257246, 0.7555354541698486, 0.7464740287589254, -0.9780441321413176, -0.9170512362508996, 0.17627638995682396, 0.050668878581233354, 0.28075261969735266, 0.8189771368718209, 0.9637851846811356, -0.7115783302015346, -0.9024562855524383, 0.36765770323234825, 0.10145385624982262, 0.2506081855377549, -0.16027987553376666, 1.0, -0.641867242933609, -0.4700019763246668, -0.67781083748604, -0.8646014250846921, 0.6740350241717776, 0.10188862627718143, -0.45502477098226457, 0.8104323397888412, -0.1291477475541083, 0.7383969347514682, -0.4912064361402586, 0.8976357124983054, -0.5447396786532065, 0.5381890782830583, -0.5856924601856466, -0.18873228931386837, 0.35753716280954906, -0.5887720440427878, -0.6308451633533326, -0.7575896439938387, -0.1414022148528864, -0.030126702374284747, -0.34112730714638295, -0.5969158768981515, -0.15852783184678304, 0.5919318497640016, -0.7938251039590696, -0.35605554009855, 0.7432742639325893, 0.8418664858932541, 0.4665231351193715, 0.564745219739502, -0.6969919216346019, 0.36516186527888816, 0.9966633655077539, -0.537646062770265, -0.8201540415265017, 0.18430048771613894, -0.9003857446261987, 0.3607212416798555, 0.7881417426506836, 0.4296657713816372, 0.9930120572004137, -0.41876048193671733, 0.2928516842015866, 0.28421812647114525, 0.9610808480683277, -0.301185066539528, -0.25203571584726775, -0.6554954163972329, -0.8673240159680826, -0.6644178123879013, -0.693116319049786, -0.6119322308261654, 0.5301751812663477, -0.6637032492407285, -0.20370854326163124, -0.03638744496758517, -0.7977988943716776, 0.32408164699473474, -0.02354764591839783, -0.10291666746310732, 0.6610304777441833, -0.5449739130574067, -0.941595836671909, 0.13885108080026742, 0.15322318803850798, 0.2858607705298068, 0.6788395454727492, -0.14820879133466047, 0.7940956405427653, -0.5234522135747363, -0.83029205151533, -0.4733152233500486, 0.38415556148607377, 0.2926024016078892, -0.11478789479490127, 0.9969525372773518, -0.5931816338638836, 1.0, -0.8289551075027908, 0.2976263285097131, 0.8295479599571094, -0.6181466951146626, 0.4234932632166604, 0.7970756334757352, 0.4998619410513121, -0.3043780901634725, 0.7940366864083204, 0.68158792202088, 0.63122807751428, 0.762580085807435, 0.2572763679949521, -0.8264554181615151, -0.8201001308931332, -0.618836115508343, 0.8884321335182803, -1.0, -0.3814567992955872, 0.618344010841261]
102.99993896484375	(8, 12, 2)	[-0.20702052793522635, -0.5238591011661627, -0.855666089254328, -0.5737836589257246, 0.7555354541698486, 0.4541091414855172, -0.9780441321413176, -0.9701604797307078, 0.17627638995682396, 0.2679355216305086, 0.28075261969735266, 0.6546631651340533, 0.8636594136919431, -0.7115783302015346, -0.6870663378871726, 0.36765770323234825, 0.10145385624982262, 0.2506081855377549, -0.16027987553376666, 1.0, -0.6585770983894574, -0.4700019763246668, -0.67781083748604, -0.8646014250846921, 0.5194545752393296, 0.07983684611176665, -0.45502477098226457, 0.8104323397888412, -0.17282897104420658, 0.13533964003341717, -0.44129882564663203, 0.8976357124983054, -0.5457865399354269, 0.6646735589752035, -0.5856924601856466, -0.18873228931386837, 0.35753716280954906, -0.49028761324160686, -0.543839691799053, -0.8511698932456931, 0.2249123022122246, -0.15366640531341302, -0.27942990139862667, -0.597720160269475, -0.23360554228488656, 0.5919318497640016, -0.5946696749139843, -0.2279611054405915, 0.7432742639325893, 0.8418664858932541, 0.39489920535499706, 0.564745219739502, -0.6969919216346019, 0.4311669003365567, 1.0, -0.7838308256810006, -0.8004192331784054, 0.18430048771613894, -0.9884811557865352, 0.31890898187338634, 0.79035802645827, 0.9994708989731835, 0.8563990767954308, -0.57552447337138, 0.19521015026305966, 0.17135612100844202, 1.0, -0.20075315012704809, -0.25203571584726775, -0.21540696532650994, -0.8673240159680826, -0.9973181201214704, -0.693116319049786, -0.5271658709030326, 0.5301751812663477, -0.6252295169702788, -0.20370854326163124, -0.15709239282917897, -0.7977988943716776, 0.3310208173164433, -0.17301365406278882, -0.0020896911614035757, 0.20160399441670881, -0.5449739130574067, -1.0, 0.13885108080026742, 0.16957135714418944, 0.2858607705298068, 0.6788395454727492, -0.19556061134398606, 0.7940956405427653, -0.4075439475720055, -0.6532753057191507, -0.25391756930044984, 0.36507330102418756, 0.2080576871365104, 0.001975237551582937, 0.9969525372773518, 0.5293160275821086, 1.0, -0.23665380339686137, 0.38712306275708697, 0.8867113734650265, -0.567104990760058, -1.0, 0.6493611847237224, 0.4998619410513121, -0.3043780901634725, 0.7940366864083204, 0.4179776795756497, 0.4305226489163756, 0.762580085807435, 0.2061957408392126, -0.8039542592435718, -0.7210623210025016, -0.618836115508343, 0.8884321335182803, -1.0, -0.6047897836424954, -0.8603429469917749]
102.99996948242188	(8, 12, 2)	[-0.20702052793522635, -0.5238591011661627, -0.8341867643343278, -0.5737836589257246, 0.7555354541698486, 0.7464740287589254, -0.9780441321413176, -0.9170512362508996, 0.17627638995682396, 0.2679355216305086, 0.28075261969735266, 0.6546631651340533, 0.8203703703875498, -0.3538371169677123, -0.8250905143677649, 0.5016977309361915, 0.10145385624982262, 0.2506081855377549, -0.16027987553376666, 0.9414272759962917, -0.36406713685328934, -0.4700019763246668, -0.697758433469651, -0.8646014250846921, 0.5194545752393296, 0.10188862627718143, -0.30056315680569773, 0.8104323397888412, -0.1291477475541083, 0.09725569326087619, -0.44129882564663203, 0.8976357124983054, -0.4851084213741256, 0.6646735589752035, -0.5856924601856466, 0.10623897713649354, 0.35753716280954906, -0.49028761324160686, -0.543839691799053, -0.7575896439938387, -0.1414022148528864, -0.15366640531341302, -0.27942990139862667, -0.597720160269475, -0.15852783184678304, 0.5919318497640016, -0.5568129080154454, -0.002059674924714372, 0.7432742639325893, 0.8506065223393835, 0.4665231351193715, 0.564745219739502, -0.7788994011546639, 0.4311669003365567, 0.9966633655077539, -0.7838308256810006, -0.9285078331240629, 0.18430048771613894, -0.9884811557865352, 0.3607212416798555, 0.79035802645827, 0.4296657713816372, 1.0, -0.41876048193671733, 0.19521015026305966, 0.17135612100844202, 0.9610808480683277, -0.2489024282376444, -0.25203571584726775, -0.6554954163972329, -0.8673240159680826, -1.0, -0.693116319049786, -0.5572839201222523, 0.5301751812663477, -0.6252295169702788, -0.20370854326163124, -0.15709239282917897, -0.7977988943716776, 0.32408164699473474, -0.007304394811104141, -0.2555337300618752, 0.5566939751395282, -0.5449739130574067, -0.941595836671909, 0.13885108080026742, 0.15322318803850798, 0.2858607705298068, 0.6788395454727492, -0.14820879133466047, 0.9812682271592694, -0.5234522135747363, -0.83029205151533, -0.4733152233500486, 0.36507330102418756, 0.17771984048955353, -0.22685692813244215, 0.9864494582715521, 0.5293160275821086, 1.0, -0.3072621858953984, 0.35799157303617873, 0.8645395680891832, -0.567104990760058, -1.0, 0.7970756334757352, 0.4998619410513121, -0.347536994564698, -0.5505026787188574, 0.68158792202088, 0.4305226489163756, 0.762580085807435, 0.2572763679949521, -0.8264554181615151, -0.7244681561255705, -0.618836115508343, 0.9702240474795946, -1.0, -0.6047897836424954, 0.618344010841261]
102.99989318847656	(8, 12, 2)	[-0.20702052793522635, -0.5238591011661627, -0.8341867643343278, -0.5737836589257246, 0.7555354541698486, 0.8861871366386056, -0.9780441321413176, -0.9639450261453755, 0.17627638995682396, 0.2679355216305086, 0.28075261969735266, 0.6546631651340533, 0.9637851846811356, -0.7115783302015346, -0.9498094053595783, 0.36765770323234825, 0.10145385624982262, 0.2506081855377549, -0.16027987553376666, 1.0, -0.3515519528415794, -0.4700019763246668, -0.67781083748604, -0.8646014250846921, 0.5194545752393296, 0.07983684611176665, -0.41739257792913853, 0.9566405224953187, -0.1291477475541083, 0.09725569326087619, -0.4912064361402586, 0.8976357124983054, -0.5457865399354269, 0.6646735589752035, -0.5856924601856466, -0.18873228931386837, 0.6532362526558064, -0.5556322370178264, -0.6783946415212896, -0.8511698932456931, -0.1414022148528864, -0.050210014973777695, -0.27942990139862667, -0.597720160269475, -0.23360554228488656, 0.7020079745411997, -0.4791969929562442, -0.2279611054405915, 0.7432742639325893, 0.9637758107413791, 0.39489920535499706, 0.564745219739502, -0.7788994011546639, 0.4236832611740255, 1.0, -0.7838308256810006, -0.799179281813023, 0.18430048771613894, -0.9884811557865352, 0.31890898187338634, 0.904032050676728, 0.9994708989731835, 0.9930120572004137, -0.57552447337138, 0.2660565942197404, 0.17135612100844202, 0.8954548150565378, -0.1948499960655857, -0.25203571584726775, -0.21540696532650994, -0.8673240159680826, -0.4239830735432675, -0.693116319049786, -0.5271658709030326, 0.5301751812663477, -0.6252295169702788, -0.20370854326163124, -0.15709239282917897, -0.7977988943716776, 0.3310208173164433, 0.005847012352855549, -0.2555337300618752, 0.1434021561242359, -0.5449739130574067, -0.8362251169761988, 0.13885108080026742, 0.15322318803850798, 0.2858607705298068, 0.6788395454727492, -0.21279161545658382, 0.9812682271592694, -0.4239604399854099, -0.6532753057191507, -0.4733152233500486, 0.2465419594209588, 0.2926024016078892, -0.0640152958831266, 0.9969525372773518, 0.5293160275821086, 1.0, -0.23665380339686137, 0.38712306275708697, 0.8295479599571094, -0.567104990760058, 0.4234932632166604, 0.7970756334757352, 0.4998619410513121, -0.3043780901634725, -0.5505026787188574, 0.4179776795756497, 0.4305226489163756, 0.720742512762276, 0.2572763679949521, -0.8264554181615151, -0.8201001308931332, -0.618836115508343, 0.8884321335182803, -1.0, -0.6047897836424954, 0.618344010841261]
102.99999237060547	(8, 12, 2)	[-0.1155799227406385, -0.5584234467278026, -0.6163171362208805, -0.5368596773739959, 0.8351689852679035, 0.4541091414855172, -0.9780441321413176, -1.0, 0.17627638995682396, 0.2679355216305086, 0.28075261969735266, 0.6546631651340533, 0.97850729371425, -0.7115783302015346, -0.6870663378871726, 0.4622984347221094, 0.10145385624982262, 0.2506081855377549, -0.16027987553376666, 1.0, -0.6585770983894574, -0.4700019763246668, -0.697758433469651, -0.8646014250846921, 0.5194545752393296, 0.10188862627718143, -0.45502477098226457, 0.6185752480610862, -0.17282897104420658, 0.09725569326087619, -0.44129882564663203, 1.0, -0.5968472596559758, 0.6646735589752035, -0.6619152017609631, 0.048307666489516884, 0.16411944997376793, -0.49028761324160686, -0.6783946415212896, -0.8511698932456931, -0.23437996438207342, -0.15366640531341302, -0.34112730714638295, -0.597720160269475, -0.15852783184678304, 0.5919318497640016, -0.5580078356727857, -0.002059674924714372, 0.7432742639325893, 0.8418664858932541, 0.4665231351193715, 0.5598946197376519, -0.7788994011546639, 0.36516186527888816, 1.0, -0.7838308256810006, -0.8201540415265017, 0.1394842796409812, -0.9884811557865352, 0.3607212416798555, 0.79035802645827, 0.4296657713816372, 0.9930120572004137, -0.57552447337138, 0.18502948990695697, 0.28421812647114525, 0.9610808480683277, -0.2489024282376444, -0.23566241486119227, -0.04769529706489142, -0.8673240159680826, -1.0, -0.693116319049786, -0.5271658709030326, 0.5301751812663477, -0.6637032492407285, -0.23712160241373442, -0.06908312721664261, -0.7977988943716776, 0.32408164699473474, -0.17301365406278882, -0.2555337300618752, 0.6610304777441833, -0.5449739130574067, -1.0, 0.10978830948656723, 0.15322318803850798, 0.24662440814680503, 0.6788395454727492, -0.21279161545658382, 0.8592090115115457, -0.5234522135747363, -0.83029205151533, -0.4616712832980349, 0.13710120909147883, 0.2926024016078892, -0.04836290652863728, 0.9864494582715521, -0.5931816338638836, 1.0, -0.23665380339686137, 0.38712306275708697, 0.8295479599571094, -0.567104990760058, 0.4234932632166604, 0.6854655783162209, 0.4998619410513121, -0.3043780901634725, -0.5505026787188574, 0.4179776795756497, 0.63122807751428, 0.720742512762276, 0.2572763679949521, -0.8264554181615151, -0.7210623210025016, -0.7034292385664284, 1.0, -1.0, -0.6566512795181285, -0.59893052223648]
102.9999771118164	(8, 12, 2)	[-0.20702052793522635, -0.20668158054255545, -0.8824823157825954, -0.5737836589257246, 0.7555354541698486, 0.4541091414855172, -0.9780441321413176, -0.9029160670523291, 0.17627638995682396, 0.2679355216305086, 0.28075261969735266, 0.9627786117458716, 0.9637851846811356, -0.3538371169677123, -0.6870663378871726, 0.36765770323234825, 0.12463405693915827, 0.29830690535273713, 0.03188244410684238, 1.0, -0.6585770983894574, -0.4700019763246668, -0.67781083748604, -0.8646014250846921, 0.5194545752393296, 0.10188862627718143, -0.45502477098226457, 0.9566405224953187, -0.17282897104420658, 0.09725569326087619, -0.4912064361402586, 0.8976357124983054, -0.5968472596559758, 0.6646735589752035, -0.5856924601856466, -0.18873228931386837, 0.35753716280954906, -0.49028761324160686, -0.6783946415212896, -0.8511698932456931, -0.06132007388034352, -0.050210014973777695, -0.27942990139862667, -0.597720160269475, -0.23360554228488656, 0.5919318497640016, -0.4791969929562442, -0.2279611054405915, 0.4403072521650333, 0.9637758107413791, 0.39489920535499706, 0.564745219739502, -0.7406996659157413, 0.4311669003365567, 0.9065421902450135, -0.7394244885770641, -0.8004192331784054, 0.1394842796409812, -0.9884811557865352, 0.3607212416798555, 0.733334037439809, 0.46619572748682203, 0.9930120572004137, -0.57552447337138, 0.19521015026305966, 0.28421812647114525, 0.9610808480683277, -0.22065700028112362, -0.25203571584726775, -0.21540696532650994, -0.8673240159680826, -1.0, -0.693116319049786, -0.5271658709030326, 0.5301751812663477, -0.6637032492407285, -0.20370854326163124, -0.15709239282917897, 0.02839320469532347, 0.32408164699473474, -0.02354764591839783, -0.10291666746310732, 0.6610304777441833, -0.5449739130574067, -1.0, 0.13885108080026742, 0.15322318803850798, 0.2858607705298068, 0.6788395454727492, -0.19556061134398606, 0.7940956405427653, -0.64699563780656, -0.83029205151533, -0.4733152233500486, 0.36507330102418756, 0.2926024016078892, -0.007049324775707917, -0.5440476096323147, 0.5293160275821086, 0.9619524991187232, -0.3379061390791742, 0.35799157303617873, 0.8295479599571094, -0.567104990760058, 0.4234932632166604, 0.7970756334757352, 0.4998619410513121, -0.32731472729041294, -0.5505026787188574, 0.6222318173967938, 0.4305226489163756, 0.720742512762276, 0.2572763679949521, -0.8264554181615151, -0.7244681561255705, -0.618836115508343, 0.8884321335182803, -1.0, -0.6047897836424954, 0.5456490945987934]
102.99984741210938	(8, 12, 2)	[-0.20702052793522635, -0.5238591011661627, -0.8341867643343278, -0.5737836589257246, 0.7497800564420964, 0.7464740287589254, -0.9780441321413176, -0.9170512362508996, 0.38827543878156434, 0.07587986724907375, 0.28075261969735266, 0.8189771368718209, 0.8203703703875498, -0.7120272137873244, -0.9498094053595783, 0.4622984347221094, 0.10145385624982262, 0.29830690535273713, -0.16027987553376666, 0.9414272759962917, -0.36406713685328934, -0.33733394827510127, -0.7553909917550501, -0.8646014250846921, 0.5194545752393296, 0.10188862627718143, -0.45502477098226457, 0.7913914090429486, -0.17282897104420658, 0.7418970672652405, -0.44129882564663203, 0.8976357124983054, -0.5968472596559758, 0.6646735589752035, -0.6619152017609631, 0.048307666489516884, 1.0, -0.49028761324160686, -0.6783946415212896, -0.8511698932456931, -0.1414022148528864, -0.030126702374284747, -0.2440639958561593, -0.597720160269475, -0.15852783184678304, 0.6851024387369279, -0.6323108962088029, -0.2279611054405915, 0.7432742639325893, 0.8506065223393835, 0.2943529604694562, 0.5294473241109489, -0.7573004836428564, 0.4311669003365567, 1.0, -0.6431865797160761, -0.8201540415265017, 0.15204430710335323, -0.9884811557865352, 0.3607212416798555, 0.79035802645827, 0.5453655981073714, 1.0, -0.57552447337138, 0.2660565942197404, 0.17135612100844202, 0.9610808480683277, -0.2489024282376444, -0.25203571584726775, -0.21540696532650994, -0.9341231030811186, -1.0, -0.693116319049786, -0.5271658709030326, 0.5301751812663477, -0.6314497210252064, -0.20370854326163124, -0.03638744496758517, -0.7977988943716776, 0.39014788178683596, 0.005847012352855549, -0.10291666746310732, 0.6610304777441833, -0.6677922006612599, -0.8847744366560497, 0.10978830948656723, 0.15322318803850798, 0.2858607705298068, 0.6788395454727492, -0.14820879133466047, 0.9812682271592694, -0.5234522135747363, -0.8453756418215802, -0.585994948633528, 0.36507330102418756, 0.17771984048955353, -0.22685692813244215, -0.5440476096323147, -0.0736806321643082, 0.8876119563222933, -0.8289551075027908, 0.35799157303617873, 0.8295479599571094, -0.567104990760058, -1.0, 0.6854655783162209, 0.4998619410513121, 0.32334934388507197, -0.5505026787188574, 0.5810445981835499, 0.4305226489163756, 0.762580085807435, 0.2572763679949521, -0.8264554181615151, -0.7210623210025016, -0.618836115508343, 0.9867912744715979, -1.0, -0.6566512795181285, 0.618344010841261]
102.9999771118164	(8, 12, 2)	[-0.20702052793522635, -0.5238591011661627, -0.8743247236913883, -0.6610839880048989, 0.8692031064178386, 0.4541091414855172, -0.9780441321413176, -0.9170512362508996, 0.17627638995682396, 0.050668878581233354, 0.28075261969735266, 0.9627786117458716, 0.8636594136919431, -0.3538371169677123, -0.6870663378871726, 0.36765770323234825, 0.10145385624982262, 0.29830690535273713, -0.10794491939096248, 1.0, -0.6585770983894574, -0.4700019763246668, -0.67781083748604, -0.8032802589277807, 0.5194545752393296, 0.10188862627718143, -0.45502477098226457, 0.7469071210865265, -0.1291477475541083, 0.8863178661750883, -0.44129882564663203, 0.8976357124983054, -0.5968472596559758, 0.6646735589752035, -0.5856924601856466, -0.18873228931386837, 1.0, -0.5556322370178264, -0.543839691799053, -0.8511698932456931, -0.06132007388034352, -0.15366640531341302, -0.34112730714638295, -0.5969158768981515, -0.15852783184678304, 0.5919318497640016, -0.6323108962088029, -0.2279611054405915, 0.7432742639325893, 0.8506065223393835, 0.39489920535499706, 0.564745219739502, -0.7788994011546639, 0.14731480861713575, 1.0, -0.537646062770265, -0.8201540415265017, 0.1394842796409812, -0.9884811557865352, 0.4232440595653354, 0.8447889234371976, 0.4296657713816372, 1.0, -0.57552447337138, 0.2193671972022866, 0.28421812647114525, 0.9610808480683277, -0.2489024282376444, -0.25203571584726775, -0.04769529706489142, -0.9341231030811186, -1.0, -0.693116319049786, -0.5572839201222523, 0.5301751812663477, -0.6637032492407285, -0.20370854326163124, -0.03638744496758517, -0.7977988943716776, 0.32408164699473474, -0.17301365406278882, -0.10291666746310732, 0.6610304777441833, -0.5449739130574067, -0.8063783917794572, 0.13885108080026742, 0.15322318803850798, 0.2858607705298068, 0.6788395454727492, 0.02230517886781158, 0.7940956405427653, -0.64699563780656, -0.83029205151533, -0.4733152233500486, 0.36507330102418756, 0.17771984048955353, -0.0640152958831266, 0.9969525372773518, -0.5931816338638836, 1.0, -0.8289551075027908, 0.38712306275708697, 0.8295479599571094, -0.567104990760058, 0.4234932632166604, 0.7970756334757352, 0.36588863898514423, 0.32334934388507197, -0.5505026787188574, 0.4179776795756497, 0.63122807751428, 0.720742512762276, 0.2572763679949521, -0.8264554181615151, -0.535626721227409, -0.618836115508343, 0.8884321335182803, -1.0, -0.6566512795181285, 0.5456490945987934]
102.99992370605469	(8, 12, 2)	[-0.20702052793522635, -0.5238591011661627, -0.8656213840089738, -0.5737836589257246, 0.7555354541698486, 0.8111716845768927, -0.9780441321413176, -0.9170512362508996, 0.17627638995682396, 0.2679355216305086, 0.28075261969735266, 0.9627786117458716, 0.9637851846811356, -0.7115783302015346, -0.9024562855524383, 0.36765770323234825, 0.1430098178240416, 0.2506081855377549, 0.03188244410684238, 1.0, -0.32944312707178625, -0.4700019763246668, -0.7553909917550501, -0.8646014250846921, 0.1889785391234408, 0.10188862627718143, -0.45502477098226457, 0.946666532896972, -0.17282897104420658, 0.7418970672652405, -0.4912064361402586, 0.8976357124983054, -0.5447396786532065, 0.5381890782830583, -0.5856924601856466, 0.10623897713649354, 0.16411944997376793, -0.5556322370178264, -0.543839691799053, -0.7575896439938387, 0.2249123022122246, -0.050210014973777695, -0.21372976845260502, -0.597720160269475, -0.23360554228488656, 0.5919318497640016, -0.5580078356727857, -0.2650877700253167, 0.7432742639325893, 0.8418664858932541, 0.39489920535499706, 0.564745219739502, -0.7406996659157413, 0.4236832611740255, 1.0, -0.6431865797160761, -0.9285078331240629, 0.1394842796409812, -0.9884811557865352, 0.5758492183592733, 0.904032050676728, 0.5453655981073714, 0.9930120572004137, -0.57552447337138, 0.2660565942197404, 0.28421812647114525, 0.9610808480683277, -0.14185772206578273, -0.25203571584726775, -0.21540696532650994, -0.8673240159680826, -0.6644178123879013, -0.693116319049786, -0.5271658709030326, 0.5301751812663477, -0.6314497210252064, -0.20370854326163124, -0.15709239282917897, 0.02839320469532347, 0.32408164699473474, -0.02354764591839783, -0.10291666746310732, 0.6610304777441833, -0.49307975048153124, -0.8847744366560497, 0.10978830948656723, 0.15322318803850798, 0.2858607705298068, 0.6788395454727492, -0.14820879133466047, 0.9812682271592694, -0.64699563780656, -0.6987324973617546, -0.4616712832980349, 0.2465419594209588, 0.2926024016078892, -0.0640152958831266, 0.9969525372773518, -0.5931816338638836, 1.0, -0.23665380339686137, 0.5192261559132795, 0.8295479599571094, -0.567104990760058, -0.9571688791615186, 0.7970756334757352, 0.36588863898514423, -0.3043780901634725, 0.7940366864083204, 0.8322971497965194, 0.63122807751428, 0.720742512762276, 0.2572763679949521, -0.8303183869928269, -0.7210623210025016, -0.618836115508343, 0.8884321335182803, -1.0, -0.6566512795181285, -0.6394578609606688]
102.99998474121094	(8, 12, 2)	[-0.20702052793522635, -0.5584234467278026, -0.8341867643343278, -0.5737836589257246, 0.7555354541698486, 0.8111716845768927, -0.9780441321413176, -0.9170512362508996, 0.17627638995682396, 0.050668878581233354, 0.28075261969735266, 0.8189771368718209, 0.8203703703875498, -0.5425423393784436, -0.6870663378871726, 0.36765770323234825, 0.12463405693915827, 0.2506081855377549, 0.03188244410684238, 1.0, -0.5314773915833241, -0.4700019763246668, -0.697758433469651, -0.8032802589277807, 0.5289866593816075, 0.10188862627718143, -0.45502477098226457, 0.946666532896972, -0.17282897104420658, 0.09725569326087619, -0.44129882564663203, 0.8976357124983054, -0.5968472596559758, 0.6646735589752035, -0.6619152017609631, -0.18873228931386837, 0.6532362526558064, -0.49028761324160686, -0.543839691799053, -0.8511698932456931, -0.06132007388034352, -0.030126702374284747, -0.27942990139862667, -0.5969158768981515, -0.23360554228488656, 0.5919318497640016, -0.6323108962088029, -0.002059674924714372, 0.7923665167401576, 0.8506065223393835, 0.39489920535499706, 0.5598946197376519, -0.7788994011546639, 0.4311669003365567, 1.0, -0.537646062770265, -0.8653114188220397, 0.1394842796409812, -0.9884811557865352, 0.3607212416798555, 0.904032050676728, 0.9994708989731835, 1.0, -0.57552447337138, 0.2193671972022866, 0.28421812647114525, 0.9610808480683277, -0.2489024282376444, -0.25203571584726775, -0.04769529706489142, -0.9341231030811186, -1.0, -0.693116319049786, -0.5572839201222523, 0.5301751812663477, -0.6314497210252064, -0.20370854326163124, -0.15709239282917897, -0.7977988943716776, 0.32408164699473474, -0.007304394811104141, -0.10291666746310732, 0.6610304777441833, -0.5449739130574067, -0.941595836671909, 0.13885108080026742, 0.15322318803850798, 0.2858607705298068, 0.6788395454727492, -0.19556061134398606, 0.7940956405427653, -0.64699563780656, -0.8023793774484869, -0.4733152233500486, 0.36507330102418756, 0.17771984048955353, -0.22685692813244215, 0.9969525372773518, -0.5931816338638836, 1.0, -0.3072621858953984, 0.38712306275708697, 0.8295479599571094, -0.567104990760058, -0.9571688791615186, 0.7970756334757352, 0.4998619410513121, -0.3043780901634725, -0.5505026787188574, 0.4179776795756497, 0.63122807751428, 0.720742512762276, 0.2572763679949521, -0.8264554181615151, -0.8201001308931332, -0.618836115508343, 1.0, -1.0, -0.6047897836424954, 0.5456490945987934]
102.99996948242188	(8, 12, 2)	[-0.1155799227406385, -0.5238591011661627, -0.8743247236913883, -0.5737836589257246, 0.7555354541698486, 0.7492969365815951, -0.9780441321413176, -0.9170512362508996, 0.12700155670764626, 0.2679355216305086, 0.28075261969735266, 0.8189771368718209, 0.8203703703875498, -0.3538371169677123, -0.9024562855524383, 0.36765770323234825, 0.00950979553540137, 0.2506081855377549, -0.10794491939096248, 1.0, -0.3515519528415794, -0.4700019763246668, -0.7553909917550501, -0.8646014250846921, 0.6158745105407608, 0.10188862627718143, -0.45502477098226457, 0.7469071210865265, -0.17282897104420658, 0.09725569326087619, -0.4912064361402586, 0.8976357124983054, -0.5968472596559758, 0.6646735589752035, -0.6619152017609631, 0.10623897713649354, 0.6532362526558064, -0.49028761324160686, -0.6784377382328971, -0.7575896439938387, 0.2249123022122246, -0.030126702374284747, -0.35213966643188216, -0.5969158768981515, -0.15852783184678304, 0.5919318497640016, -0.6323108962088029, -0.2650877700253167, 0.7432742639325893, 0.786898723990543, 0.29116021003925874, 0.564745219739502, -0.6969919216346019, 0.14731480861713575, 1.0, -0.8061518132194501, -0.9285078331240629, 0.18430048771613894, -0.9884811557865352, 0.31890898187338634, 0.8447889234371976, 0.4296657713816372, 0.9930120572004137, -0.57552447337138, 0.19521015026305966, 0.19976222110249742, 0.9610808480683277, -0.2489024282376444, -0.25203571584726775, -0.21540696532650994, -0.886307121368936, -0.600784142961966, -0.693116319049786, -0.5572839201222523, 0.5301751812663477, -0.6252295169702788, -0.20370854326163124, -0.0241539569421918, 0.02839320469532347, 0.32408164699473474, -0.17301365406278882, -0.32390002638511856, 0.6610304777441833, -0.49307975048153124, -1.0, 0.10978830948656723, 0.15322318803850798, 0.2858607705298068, 0.6788395454727492, -0.14820879133466047, 0.7940956405427653, -0.64699563780656, -0.83029205151533, -0.25391756930044984, 0.2465419594209588, 0.2926024016078892, -0.0640152958831266, -0.5440476096323147, -0.5931816338638836, 1.0, -0.23665380339686137, 0.5192261559132795, 0.8295479599571094, -0.567104990760058, -0.9571688791615186, 0.6493611847237224, 0.4998619410513121, -0.3043780901634725, -0.5505026787188574, 0.8322971497965194, 0.63122807751428, 0.720742512762276, 0.2572763679949521, -0.8264554181615151, -0.8201001308931332, -0.618836115508343, 0.8884321335182803, -1.0, -0.6047897836424954, -0.6394578609606688]
102.99995422363281	(8, 12, 2)	[-0.20702052793522635, -0.5238591011661627, -0.8824823157825954, -0.5737836589257246, 0.7497800564420964, 0.8111716845768927, -0.9780441321413176, -0.9639450261453755, 0.17627638995682396, 0.2679355216305086, 0.28075261969735266, 0.8189771368718209, 0.8636594136919431, -0.3538371169677123, -0.9498094053595783, 0.36765770323234825, 0.10145385624982262, 0.29830690535273713, -0.16027987553376666, 1.0, -0.3515519528415794, -0.33733394827510127, -0.67781083748604, -0.8646014250846921, 0.6740350241717776, 0.10188862627718143, -0.45502477098226457, 0.7469071210865265, -0.17282897104420658, 0.09725569326087619, -0.4912064361402586, 0.8976357124983054, -0.5968472596559758, 0.6646735589752035, -0.5856924601856466, 0.048307666489516884, 0.35753716280954906, -0.49028761324160686, -0.543839691799053, -0.8511698932456931, 0.2662576600469376, -0.15366640531341302, -0.35213966643188216, -0.5969158768981515, -0.15852783184678304, 0.5919318497640016, -0.5580078356727857, -0.2650877700253167, 0.7432742639325893, 0.8418664858932541, 0.4665231351193715, 0.5598946197376519, -0.6969919216346019, 0.14731480861713575, 1.0, -0.537646062770265, -0.8201540415265017, 0.18430048771613894, -0.9884811557865352, 0.32050462149586734, 0.79035802645827, 0.5453655981073714, 1.0, -0.5668693032092917, 0.2660565942197404, 0.28421812647114525, 1.0, -0.2489024282376444, -0.23566241486119227, -0.21540696532650994, -0.8673240159680826, -0.4239830735432675, -0.693116319049786, -0.6971998289100265, 0.5301751812663477, -0.6637032492407285, -0.20370854326163124, -0.03638744496758517, -0.7977988943716776, 0.39014788178683596, -0.17301365406278882, -0.2555337300618752, 0.11976354691247093, -0.5449739130574067, -1.0, 0.10978830948656723, 0.15322318803850798, 0.2858607705298068, 0.6788395454727492, -0.14820879133466047, 0.9812682271592694, -0.5234522135747363, -0.6532753057191507, -0.4733152233500486, 0.13710120909147883, 0.17771984048955353, -0.0640152958831266, -0.475013300468512, 0.4437849884392732, 1.0, -0.23665380339686137, 0.38712306275708697, 0.8645395680891832, -0.567104990760058, -1.0, 0.6854655783162209, 0.4998619410513121, -0.32731472729041294, -0.5505026787188574, 0.4179776795756497, 0.4305226489163756, 0.720742512762276, 0.2572763679949521, -0.8943318696188512, -0.8201001308931332, -0.618836115508343, 0.9867912744715979, -1.0, -0.6566512795181285, -0.6394578609606688]
102.99993896484375	(8, 12, 2)	[-0.20702052793522635, -0.5238591011661627, -0.8824823157825954, -0.5737836589257246, 0.7497800564420964, 0.8111716845768927, -0.9780441321413176, -0.9639450261453755, 0.17627638995682396, 0.2679355216305086, 0.28075261969735266, 0.8189771368718209, 0.8636594136919431, -0.3538371169677123, -0.9498094053595783, 0.36765770323234825, 0.10145385624982262, 0.29830690535273713, -0.16027987553376666, 1.0, -0.3515519528415794, -0.33733394827510127, -0.67781083748604, -0.8646014250846921, 0.6740350241717776, 0.10188862627718143, -0.45502477098226457, 0.7469071210865265, -0.17282897104420658, 0.09725569326087619, -0.4912064361402586, 0.8976357124983054, -0.5968472596559758, 0.6646735589752035, -0.5856924601856466, 0.048307666489516884, 0.35753716280954906, -0.49028761324160686, -0.543839691799053, -0.8511698932456931, 0.2662576600469376, -0.15366640531341302, -0.35213966643188216, -0.5969158768981515, -0.15852783184678304, 0.5919318497640016, -0.5580078356727857, -0.2650877700253167, 0.7432742639325893, 0.8418664858932541, 0.4665231351193715, 0.5598946197376519, -0.6969919216346019, 0.14731480861713575, 1.0, -0.537646062770265, -0.8201540415265017, 0.18430048771613894, -0.9884811557865352, 0.32050462149586734, 0.79035802645827, 0.5453655981073714, 1.0, -0.5668693032092917, 0.2660565942197404, 0.28421812647114525, 1.0, -0.2489024282376444, -0.23566241486119227, -0.21540696532650994, -0.8673240159680826, -0.4239830735432675, -0.693116319049786, -0.6971998289100265, 0.5301751812663477, -0.6637032492407285, -0.20370854326163124, -0.03638744496758517, -0.7977988943716776, 0.39014788178683596, -0.17301365406278882, -0.2555337300618752, 0.11976354691247093, -0.5449739130574067, -1.0, 0.10978830948656723, 0.15322318803850798, 0.2858607705298068, 0.6788395454727492, -0.14820879133466047, 0.9812682271592694, -0.5234522135747363, -0.6532753057191507, -0.4733152233500486, 0.13710120909147883, 0.17771984048955353, -0.0640152958831266, -0.475013300468512, 0.4437849884392732, 1.0, -0.23665380339686137, 0.38712306275708697, 0.8645395680891832, -0.567104990760058, -1.0, 0.6854655783162209, 0.4998619410513121, -0.32731472729041294, -0.5505026787188574, 0.4179776795756497, 0.4305226489163756, 0.720742512762276, 0.2572763679949521, -0.8943318696188512, -0.8201001308931332, -0.618836115508343, 0.9867912744715979, -1.0, -0.6566512795181285, -0.6394578609606688]
102.99994659423828	(8, 12, 2)	[-0.1509300755380066, -0.4966524707561539, -0.8824823157825954, -0.5737836589257246, 0.7497800564420964, 0.8111716845768927, -0.9780441321413176, -1.0, 0.17627638995682396, 0.050668878581233354, 0.28075261969735266, 0.8189771368718209, 0.8636594136919431, -0.3538371169677123, -0.9498094053595783, 0.36765770323234825, 0.00950979553540137, 0.2506081855377549, -0.16027987553376666, 0.9883237670739992, -0.36406713685328934, -0.4700019763246668, -0.7185708399675994, -0.8646014250846921, 0.314535415129814, 0.07983684611176665, -0.45502477098226457, 0.7469071210865265, -0.17282897104420658, 0.13533964003341717, -0.4912064361402586, 0.8976357124983054, -0.5968472596559758, 0.6646735589752035, -0.5856924601856466, 0.048307666489516884, 0.35753716280954906, -0.49028761324160686, -0.543839691799053, -0.7575896439938387, -0.06132007388034352, -0.15366640531341302, -0.35213966643188216, -0.5969158768981515, -0.15852783184678304, 0.5919318497640016, -0.5580078356727857, -0.2534852431873774, 0.5278367970100257, 0.786898723990543, 0.29116021003925874, 0.5598946197376519, -0.7788994011546639, 0.14731480861713575, 1.0, -0.7394244885770641, -0.8201540415265017, 0.18430048771613894, -0.9884811557865352, 0.3607212416798555, 0.79035802645827, 0.5453655981073714, 1.0, -0.57552447337138, 0.2193671972022866, 0.28421812647114525, 1.0, -0.2489024282376444, -0.25203571584726775, -0.21540696532650994, -0.8530147262557222, -0.600784142961966, -0.7403619292130489, -0.6971998289100265, 0.5301751812663477, -0.6252295169702788, -0.20370854326163124, -0.03638744496758517, -0.7977988943716776, 0.39014788178683596, -0.17301365406278882, -0.0444121320795621, 0.11976354691247093, -0.5449739130574067, -1.0, 0.13885108080026742, 0.15322318803850798, 0.2858607705298068, 0.63914499468063, -0.14820879133466047, 0.7940956405427653, -0.5234522135747363, -0.6532753057191507, -0.4733152233500486, 0.3844435705836526, 0.15355884169462045, -0.0640152958831266, -0.475013300468512, -0.5931816338638836, 1.0, -0.3072621858953984, 0.38712306275708697, 0.8295479599571094, -0.567104990760058, -1.0, 0.6493611847237224, 0.4998619410513121, -0.3043780901634725, 0.7940366864083204, 0.4179776795756497, 0.4305226489163756, 0.720742512762276, 0.2572763679949521, -0.8264554181615151, -0.7210623210025016, -0.618836115508343, 0.8884321335182803, -1.0, -0.6047897836424954, 0.6875667895409479]
102.9999771118164	(8, 12, 2)	[-0.20702052793522635, -0.4966524707561539, -0.8824823157825954, -0.5737836589257246, 0.7497800564420964, 0.7492969365815951, -0.9780441321413176, -1.0, 0.17627638995682396, 0.2679355216305086, 0.28075261969735266, 0.6920975961133801, 0.8203703703875498, -0.3538371169677123, -0.8250905143677649, 0.36765770323234825, 0.00950979553540137, 0.2506081855377549, -0.16027987553376666, 0.9883237670739992, -0.36406713685328934, -0.4700019763246668, -0.67781083748604, -0.8646014250846921, 0.314535415129814, 0.07983684611176665, -0.45502477098226457, 0.7469071210865265, -0.1291477475541083, 0.09725569326087619, -0.4912064361402586, 0.8976357124983054, -0.5457865399354269, 0.6646735589752035, -0.5856924601856466, 0.10623897713649354, 0.35753716280954906, -0.5556322370178264, -0.6784377382328971, -0.9487414604338766, -0.23437996438207342, -0.050210014973777695, -0.2601520791682524, -0.597720160269475, -0.15852783184678304, 0.5919318497640016, -0.6323108962088029, -0.23192657130103042, 0.5278367970100257, 0.8506065223393835, 0.29116021003925874, 0.564745219739502, -0.7788994011546639, 0.14731480861713575, 1.0, -0.7394244885770641, -0.8201540415265017, 0.19006492624067023, -0.9884811557865352, 0.3607212416798555, 0.79035802645827, 0.5453655981073714, 0.9930120572004137, -0.57552447337138, 0.2660565942197404, 0.28421812647114525, 0.8954548150565378, -0.2489024282376444, -0.25203571584726775, -0.21540696532650994, -0.886307121368936, -0.600784142961966, -0.693116319049786, -0.5271658709030326, 0.5301751812663477, -0.6314497210252064, -0.20370854326163124, -0.15709239282917897, -0.7977988943716776, 0.32408164699473474, -0.17301365406278882, -0.32390002638511856, 0.6610304777441833, -0.5449739130574067, -1.0, 0.13885108080026742, 0.15322318803850798, 0.2858607705298068, 0.6788395454727492, -0.36465156643645413, 0.7940956405427653, -0.5234522135747363, -0.83029205151533, -0.4733152233500486, 0.2465419594209588, 0.15355884169462045, -0.22685692813244215, -0.673030845255132, -0.5931816338638836, 1.0, -0.8289551075027908, 0.38712306275708697, 0.8645395680891832, -0.567104990760058, -1.0, 0.7970756334757352, 0.4998619410513121, -0.3043780901634725, 0.7940366864083204, 0.8322971497965194, 0.63122807751428, 0.720742512762276, 0.2955404853176628, -0.8039542592435718, -0.535626721227409, -0.618836115508343, 0.8884321335182803, -1.0, -0.6047897836424954, -0.6394578609606688]
102.99999237060547	(8, 12, 2)	[-0.20702052793522635, -0.5238591011661627, -0.8824823157825954, -0.5737836589257246, 0.7555354541698486, 0.8111716845768927, -0.9780441321413176, -1.0, 0.17627638995682396, 0.2679355216305086, 0.28075261969735266, 0.6546631651340533, 0.8203703703875498, -0.7115783302015346, -0.9024562855524383, 0.36765770323234825, 0.10145385624982262, 0.2506081855377549, -0.10794491939096248, 0.9883237670739992, -0.6585770983894574, -0.33733394827510127, -0.7553909917550501, -0.8646014250846921, 0.5194545752393296, 0.21886219541257917, -0.45502477098226457, 0.946666532896972, -0.17282897104420658, 0.13533964003341717, -0.4912064361402586, 0.8976357124983054, -0.5934593900622906, 0.6646735589752035, -0.5856924601856466, -0.19130963673974388, 0.35753716280954906, -0.49028761324160686, -0.6784377382328971, -0.9487414604338766, -0.2369434882009785, -0.030126702374284747, -0.2440639958561593, -0.597720160269475, -0.15852783184678304, 0.5919318497640016, -0.5568129080154454, -0.2279611054405915, 0.7432742639325893, 0.8506065223393835, 0.39489920535499706, 0.6005878557478151, -0.6969919216346019, 0.36516186527888816, 0.9966633655077539, -0.8061518132194501, -0.8004192331784054, 0.15204430710335323, -0.9884811557865352, 0.5758492183592733, 0.904032050676728, 0.4296657713816372, 0.9930120572004137, -0.57552447337138, 0.18502948990695697, 0.28421812647114525, 0.9610808480683277, -0.1948499960655857, -0.25203571584726775, -0.21540696532650994, -0.9341231030811186, -1.0, -0.693116319049786, -0.5271658709030326, 0.5301751812663477, -0.6252295169702788, -0.20370854326163124, -0.15709239282917897, -0.7977988943716776, 0.32408164699473474, 0.005847012352855549, -0.32390002638511856, 0.6610304777441833, -0.5449739130574067, -0.9421149938937056, 0.13885108080026742, 0.16957135714418944, 0.2858607705298068, 0.6604886554484709, -0.14820879133466047, 0.9812682271592694, -0.5234522135747363, -0.6532753057191507, -0.25391756930044984, 0.36507330102418756, 0.2926024016078892, -0.0640152958831266, 0.9969525372773518, 0.4437849884392732, 1.0, -0.23665380339686137, 0.35799157303617873, 0.8295479599571094, -0.6412652295665139, 0.4234932632166604, 0.7970756334757352, 0.36588863898514423, -0.3043780901634725, 0.7940366864083204, 0.4179776795756497, 0.63122807751428, 0.7789808738460233, 0.2572763679949521, -0.8264554181615151, -0.535626721227409, -0.618836115508343, 0.8884321335182803, -1.0, -0.6047897836424954, -0.6394578609606688]
102.99999237060547	(8, 12, 2)	[-0.1155799227406385, -0.5238591011661627, -0.8743247236913883, -0.5737836589257246, 0.7707746629286758, 0.8111716845768927, -0.9780441321413176, -0.9170512362508996, 0.17627638995682396, 0.2679355216305086, 0.28075261969735266, 0.8189771368718209, 0.9637851846811356, -0.3538371169677123, -0.9498094053595783, 0.36765770323234825, 0.10145385624982262, 0.29830690535273713, -0.009619246058990852, 0.9552372665970432, -0.36406713685328934, -0.45963216259163897, -0.7553909917550501, -0.8646014250846921, 0.6740350241717776, 0.10188862627718143, -0.30056315680569773, 0.7955405474973655, -0.17282897104420658, 0.13533964003341717, -0.4912064361402586, 0.8976357124983054, -0.5457865399354269, 0.7567437940930682, -0.7983638894411488, -0.19774899788228265, 0.35753716280954906, -0.49028761324160686, -0.6784377382328971, -0.8511698932456931, -0.1414022148528864, -0.050210014973777695, -0.27942990139862667, -0.597720160269475, -0.23360554228488656, 0.5919318497640016, -0.4791969929562442, -0.002059674924714372, 0.7432742639325893, 0.8418664858932541, 0.4665231351193715, 0.5294473241109489, -0.7406996659157413, 0.4236832611740255, 0.8264639114999146, -0.537646062770265, -0.8201540415265017, 0.1394842796409812, -0.9884811557865352, 0.4232440595653354, 0.733334037439809, 0.5453655981073714, 0.9930120572004137, -0.57552447337138, 0.2660565942197404, 0.17135612100844202, 0.9777797396724901, -0.2489024282376444, -0.25203571584726775, -0.21540696532650994, -0.8673240159680826, -0.600784142961966, -0.693116319049786, -0.5572839201222523, 0.5301751812663477, -0.6314497210252064, -0.20370854326163124, -0.15709239282917897, -0.7977988943716776, 0.3310208173164433, 0.005847012352855549, -0.10291666746310732, 0.6610304777441833, -0.5985112330281755, -0.9421149938937056, 0.1400217909588423, 0.07537811953084501, 0.2858607705298068, 0.6788395454727492, -0.19556061134398606, 0.9812682271592694, -0.5234522135747363, -0.6501674959375282, -0.25391756930044984, 0.36507330102418756, 0.2926024016078892, -0.0640152958831266, 0.8619787617513274, -0.5931816338638836, 1.0, -0.8289551075027908, 0.35799157303617873, 0.8645395680891832, -0.5583204433898229, 0.4234932632166604, 0.6493611847237224, 0.4998619410513121, -0.3043780901634725, -0.5505026787188574, 0.4179776795756497, 0.4305226489163756, 0.762580085807435, 0.1512254246005182, -0.8039542592435718, -0.535626721227409, -0.7920289377487824, 1.0, -1.0, -0.6566512795181285, 0.6875667895409479]
102.99996948242188	(8, 12, 2)	[-0.09344743832466594, -0.5238591011661627, -0.8656213840089738, -0.5737836589257246, 0.7497800564420964, 0.7492969365815951, -0.9780441321413176, -0.9170512362508996, 0.12700155670764626, 0.2679355216305086, 0.28075261969735266, 0.8189771368718209, 0.9637851846811356, -0.7120272137873244, -0.6870663378871726, 0.36765770323234825, 0.10145385624982262, 0.29830690535273713, -0.22492704634991967, 1.0, -0.36406713685328934, -0.45963216259163897, -0.67781083748604, -0.8646014250846921, 0.6740350241717776, 0.07983684611176665, -0.45502477098226457, 0.9024534873230246, -0.17282897104420658, 0.13533964003341717, -0.4912064361402586, 0.8976357124983054, -0.5968472596559758, 0.6646735589752035, -0.6619152017609631, -0.19774899788228265, 0.35753716280954906, -0.49028761324160686, -0.6784377382328971, -0.9487414604338766, -0.1414022148528864, -0.15366640531341302, -0.27942990139862667, -0.597720160269475, -0.23360554228488656, 0.5919318497640016, -0.4791969929562442, -0.23192657130103042, 0.7432742639325893, 0.8418664858932541, 0.008660296396872394, 0.5294473241109489, -0.7406996659157413, 0.4236832611740255, 1.0, -0.537646062770265, -0.9285078331240629, 0.19006492624067023, -0.9884811557865352, 0.3607212416798555, 0.733334037439809, 0.5453655981073714, 0.9930120572004137, -0.57552447337138, 0.2660565942197404, 0.28421812647114525, 0.8954548150565378, -0.2489024282376444, -0.25203571584726775, -0.21540696532650994, -0.8673240159680826, -0.600784142961966, -0.693116319049786, -0.5572839201222523, 0.5301751812663477, -0.6314497210252064, 0.0935384848435003, -0.1800212189782689, -0.7977988943716776, 0.3310208173164433, 0.005847012352855549, -0.10291666746310732, 0.6610304777441833, -0.5985112330281755, -0.9421149938937056, 0.1400217909588423, 0.07537811953084501, 0.2858607705298068, 0.6788395454727492, -0.19556061134398606, 0.9812682271592694, -0.5234522135747363, -0.6501674959375282, -0.4733152233500486, 0.2465419594209588, 0.2926024016078892, -0.0640152958831266, -0.673030845255132, 0.4437849884392732, 1.0, -0.8289551075027908, 0.38712306275708697, 0.8645395680891832, -0.5583204433898229, 0.4234932632166604, 0.6493611847237224, 0.4998619410513121, -0.3043780901634725, -0.5505026787188574, 0.42569854569305876, 0.4305226489163756, 0.6312199777798766, 0.2572763679949521, -0.8039542592435718, -0.7210623210025016, -0.7920289377487824, 0.8884321335182803, -1.0, -0.6566512795181285, -0.6394578609606688]
102.99995422363281	(8, 12, 2)	[-0.20702052793522635, -0.5238591011661627, -0.8656213840089738, -0.5737836589257246, 0.8692031064178386, 0.7492969365815951, -0.9780441321413176, -1.0, 0.17627638995682396, 0.050668878581233354, 0.28075261969735266, 0.8189771368718209, 0.8203703703875498, -0.7120272137873244, -0.9498094053595783, 0.36765770323234825, 0.0232297001348529, 0.29830690535273713, -0.16027987553376666, 0.9883237670739992, -0.32944312707178625, -0.45963216259163897, -0.697758433469651, -0.9547022884381089, 0.6740350241717776, 0.10188862627718143, -0.30056315680569773, 0.946666532896972, -0.17282897104420658, 0.13533964003341717, -0.4912064361402586, 0.8976357124983054, -0.46332924614775406, 0.3783307616259805, -0.5856924601856466, 0.10623897713649354, 1.0, -0.49028761324160686, -0.5759771564835487, -0.8126505637041216, -0.1414022148528864, -0.050210014973777695, -0.2440639958561593, -0.5969158768981515, -0.15852783184678304, 0.5919318497640016, -0.5580078356727857, -0.3596306169685244, 0.7432742639325893, 0.8506065223393835, 0.4665231351193715, 0.6005878557478151, -0.6969919216346019, 0.4236832611740255, 1.0, -0.537646062770265, -0.8346498431884246, 0.09081356168704899, -0.9711691169773115, 0.40719351551761107, 0.79035802645827, 0.5453655981073714, 0.9930120572004137, -0.57552447337138, 0.2660565942197404, 0.19976222110249742, 0.9610808480683277, -0.1948499960655857, -0.25203571584726775, -0.21540696532650994, -0.8673240159680826, -0.6644178123879013, -0.693116319049786, -0.6971998289100265, 0.5301751812663477, -0.6637032492407285, -0.20370854326163124, 0.02457652717413157, -0.7977988943716776, 0.32408164699473474, 0.005847012352855549, -0.10291666746310732, 0.20160399441670881, -0.5449739130574067, -1.0, 0.13885108080026742, 0.15322318803850798, 0.2858607705298068, 0.6788395454727492, -0.14820879133466047, 0.7940956405427653, -0.5234522135747363, -0.50107784330153, -0.4733152233500486, 0.36507330102418756, 0.15355884169462045, -0.0640152958831266, -0.673030845255132, 0.5293160275821086, 0.9619524991187232, -0.23665380339686137, 0.35799157303617873, 0.8645395680891832, -0.6412652295665139, -1.0, 0.8327607754380113, 0.4998619410513121, -0.3043780901634725, 0.7940366864083204, 0.4179776795756497, 0.4305226489163756, 0.720742512762276, 0.2572763679949521, -0.8039542592435718, -0.535626721227409, -0.7920289377487824, 0.9867912744715979, -1.0, -0.6047897836424954, 0.6875667895409479]
102.9999771118164	(8, 12, 2)	[-0.20702052793522635, -0.19731888939606845, -0.8656213840089738, -0.5737836589257246, 0.7497800564420964, 0.7492969365815951, -0.9780441321413176, -0.9170512362508996, 0.12700155670764626, 0.2679355216305086, 0.28075261969735266, 0.6920975961133801, 0.8636594136919431, -0.7115783302015346, -0.6870663378871726, 0.36765770323234825, 0.12463405693915827, 0.2506081855377549, -0.22492704634991967, 0.9883237670739992, -0.6585770983894574, -0.45963216259163897, -0.67781083748604, -0.8484619361285564, 0.314535415129814, 0.1758622931268902, -0.45502477098226457, 0.901187795649205, -0.17282897104420658, 0.13533964003341717, -0.44129882564663203, 0.8976357124983054, -0.5447396786532065, 0.3783307616259805, -0.5856924601856466, -0.19774899788228265, 0.35753716280954906, -0.49028761324160686, -0.6784377382328971, -0.8224838932202209, -0.22620798961968028, -0.050210014973777695, -0.27942990139862667, -0.597720160269475, -0.23360554228488656, 0.5919318497640016, -0.4791969929562442, -0.2650877700253167, 0.7923665167401576, 0.8816293223768322, 0.4665231351193715, 0.5489465751155491, -0.7788994011546639, 0.14731480861713575, 1.0, -0.68773590622265, -0.8004192331784054, 0.19006492624067023, -0.9884811557865352, 0.3607212416798555, 0.733334037439809, 0.9994708989731835, 0.9930120572004137, -0.57552447337138, 0.19521015026305966, 0.28421812647114525, 0.8954548150565378, -0.2489024282376444, -0.25203571584726775, -0.21540696532650994, -0.8673240159680826, -0.600784142961966, -0.693116319049786, -0.5271658709030326, 0.5301751812663477, -0.6637032492407285, 0.0935384848435003, -0.15709239282917897, -0.7977988943716776, 0.32408164699473474, 0.005847012352855549, -0.10291666746310732, 0.6610304777441833, -0.5449739130574067, -0.8803597897081694, 0.13885108080026742, 0.15322318803850798, 0.2858607705298068, 0.6788395454727492, -0.14820879133466047, 0.7940956405427653, -0.5234522135747363, -0.6532753057191507, -0.4733152233500486, 0.36507330102418756, 0.2926024016078892, -0.0640152958831266, 0.8534393536009659, -0.5931816338638836, 1.0, -0.8289551075027908, 0.38712306275708697, 0.8645395680891832, -0.6412652295665139, -1.0, 0.7970756334757352, 0.4998619410513121, -0.3043780901634725, -0.5505026787188574, 0.4179776795756497, 0.4305226489163756, 0.7789808738460233, 0.2572763679949521, -0.8264554181615151, -0.7210623210025016, -0.4985637086810979, 0.8884321335182803, -1.0, -0.6047897836424954, 0.700258840619734]
102.9999008178711	(8, 12, 2)	[-0.20702052793522635, -0.4966524707561539, -0.8341867643343278, -0.4877782138406043, 0.7497800564420964, 0.8861871366386056, -0.9780441321413176, -1.0, 0.17627638995682396, 0.050668878581233354, 0.28075261969735266, 0.6546631651340533, 0.9637851846811356, -0.3538371169677123, -0.9498094053595783, 0.36765770323234825, 0.10145385624982262, 0.2506081855377549, -0.16027987553376666, 0.9883237670739992, -0.3515519528415794, -0.4700019763246668, -0.7553909917550501, -0.8646014250846921, 0.314535415129814, 0.10188862627718143, -0.30056315680569773, 0.7913914090429486, -0.17282897104420658, 0.05371518584162557, -0.4912064361402586, 0.8976357124983054, -0.5968472596559758, 0.6646735589752035, -0.5856924601856466, 0.10623897713649354, 0.33882781511013627, -0.49028761324160686, -0.5759771564835487, -0.8224838932202209, -0.1414022148528864, -0.050210014973777695, -0.2440639958561593, -0.5969158768981515, -0.15852783184678304, 0.5919318497640016, -0.5580078356727857, -0.22814960392895972, 0.5278367970100257, 0.8418664858932541, 0.4665231351193715, 0.6005878557478151, -0.7788994011546639, 0.14731480861713575, 1.0, -0.7394244885770641, -0.9285078331240629, 0.15204430710335323, -0.9884811557865352, 0.4232440595653354, 0.8447889234371976, 0.4296657713816372, 0.9930120572004137, -0.5668693032092917, 0.17029450422063336, 0.28421812647114525, 0.8954548150565378, -0.2489024282376444, -0.25203571584726775, -0.21540696532650994, -0.8673240159680826, -1.0, -0.693116319049786, -0.5572839201222523, 0.5301751812663477, -0.6835469925868624, -0.20370854326163124, -0.15709239282917897, 0.02839320469532347, 0.35719473186500666, 0.005847012352855549, -0.2555337300618752, 0.6119762728331569, -0.59581172433643, -1.0, 0.13885108080026742, 0.16957135714418944, 0.2858607705298068, 0.6788395454727492, -0.14820879133466047, 1.0, -0.64699563780656, -0.83029205151533, -0.25391756930044984, 0.2465419594209588, 0.15355884169462045, -0.0640152958831266, -0.673030845255132, 0.4437849884392732, 1.0, -0.23665380339686137, 0.38712306275708697, 0.8295479599571094, -0.567104990760058, -1.0, 0.7970756334757352, 0.4998619410513121, 0.32334934388507197, -0.5505026787188574, 0.4179776795756497, 0.63122807751428, 0.762580085807435, 0.2572763679949521, -0.8264554181615151, -0.7244681561255705, -0.7034292385664284, 0.8884321335182803, -1.0, -0.6047897836424954, 0.6875667895409479]
