1019.8896484375	(8, 12, 2)	[-0.3090625383042045, 0.5543830069669062, 0.1969970992375385, 0.8187372879747172, -0.25370034886425996, 0.007224349391797391, -0.313345443193096, -0.019535882322654796, -0.9527023559688848, -0.6681218166075851, -0.03574122951570713, 0.4259039698517728, -0.3664408383629274, -0.2281787331817242, -0.762665857962832, -0.3474670236588222, 0.1962750224630454, -0.005787193126314039, -0.5542649738975411, -0.38371492800713436, -0.2806724087829231, 0.12218226485044625, -0.8339556942048307, 0.04372304051577025, 0.09773580524412462, -0.8300933541883175, -0.5622785885705013, 0.08552355744836637, 0.6684951852438856, 0.2755079564391314, -0.9884739074753026, -0.6763019233280594, 0.9012349042239081, 0.19800589411983838, 0.43526225132883756, 0.42791534969774836, -0.10500236993005418, 0.8902619827064262, 0.8653515717414768, -0.4795574214298999, -0.036986787901078566, -0.4529044286795436, -0.21507422835485146, 0.8260103606296274, -0.5613205790075906, 0.8806968648055935, 0.22817219550332868, 0.4666582014432281, -0.07932402357899848, 0.4104037364573092, 0.29156932259749113, -0.49675743213629, -0.9896385010289617, -0.23745249190376438, 0.6114164160342719, 0.6540416666779394, -0.5125375417863987, 0.16683526290044104, -0.005300046963383265, 0.41735460918628653, 0.3813253483955603, 0.17696627617191596, 0.41154977193933173, 0.5934485947406836, 0.4816350040542612, -0.5995463453957832, 0.4855149309726581, -0.3172030600065989, 0.7909094844085778, 0.9697627423018191, 0.32668981173031986, 0.22348195366431955, -0.14326824284417117, -0.3799465675785012, -0.6475038068565564, -0.6570200065887335, -0.5771257696818102, 0.7369909301324709, 0.6635687678244238, 0.12048508399192137, -0.8206199617661749, 0.09924952464238501, -0.9447027218197401, -0.5297324854254812, 0.2131820091670531, -0.0843060463730605, 0.5472008802416719, 0.6340549087398517, -0.46755358401977265, 0.5501773900674527, -0.99265249865171, -0.1464414214285399, -0.02774224846295703, 0.6551019935834879, 0.828401451653322, -0.6783568735876755, -0.9080821298214325, -0.20748593713327002, -0.7987063032353767, -0.5484594261714175, -0.2852222457444118, 0.08349582509900078, 0.012804078949130604, -0.6793857883330117, -0.5606062208639229, -0.9318829555746138, 0.07903785209767888, -0.11410922977649984, -0.601364236248346, 0.056219297102248156, -0.8881348765344945, 0.9074551847057413, -0.6451965018103847, -0.4448392564116559, -0.52079588657852, -0.3998362060488998, 0.8992014644452722, 0.8184601062704229, 0.9229694136055153, 0.8953095183889519]
1019.7365112304688	(8, 12, 2)	[-0.9540140165129327, 0.19237746900852604, -0.7565198101234749, -0.6380644429360631, 0.18580738586748402, -0.4300588242693908, -0.47263016042060735, -0.07496102128286553, 0.5012413116033683, 0.45630295922780784, 0.2598422739746489, -0.2659998766182974, 0.5265873243587098, 0.8645138004795236, -0.49505473999769833, -0.4572072912853946, 0.133641764463867, 0.3231470639600005, 0.7650116546554377, 0.17949751654119428, -0.28996124548767765, -0.7001409302836981, 0.3852200035006996, 0.2465505246536419, -0.5660726260181634, 0.5640646269488245, 0.8835681053717186, -0.5684425590593976, -0.20979647160232018, 0.8035736118490782, 0.4309903271003641, -0.4741535390654261, 0.040554997338921206, -0.043908015474702466, -0.30970022220680016, 0.5653964634413797, -0.4680032424963456, 0.949705999802156, -0.5303304128539554, -0.39583151146176854, -0.26195234092430786, 0.6063649350165099, -0.5064537244901124, -0.7115739736975075, 0.8465344225501981, -0.2733758754312652, -0.6815147230655456, -0.0405876528976965, 0.32830043310548107, 0.15987105843577942, -0.5017114652505239, 0.9659201217565592, -0.9642642304915181, 0.21296442249155256, -0.761019544381552, -0.9653143841448595, -0.5366588700675647, -0.37263721136846595, -0.8818300841105846, -0.10027002779507477, -0.6445781432704158, 0.8371986897055577, 0.9838864393528903, -0.9603682157233089, -0.10031195000503423, 0.09090353844057564, -0.1921417209677847, -0.9314935145292362, 0.33879490475647334, -0.8989559697863343, -0.1497549590358047, 0.5692033745886353, -0.8912363223164812, 0.20720025323228342, 0.9302771928207323, 0.5708450500375275, -0.5995512135109247, 0.2755320036872615, -0.48704410246550967, -0.7476144305947395, 0.11311126757601153, 0.8101521157050742, 0.7985854620593735, -0.15850336498530138, 0.3420629720702695, -0.3974535484862285, 0.3359439899785768, 0.059789124416002704, 0.5837068586257865, 0.8281055166685789, -0.8198864391892406, -0.8896858549651483, -0.8855421443786424, -0.47890045590382324, 0.6019933087735858, 0.8677671199035437, -0.07627769461053413, 0.8093337425043694, -0.25566940666735816, 0.30821071019116597, 0.0031349081830740477, -0.4594772437777521, -0.6784276564799534, -0.9211247570326822, -0.586567366945268, -0.7031956906183638, 0.2551575511202808, 0.31803838211571134, 0.40594183337985323, -0.27779838845204363, 0.10213470027616767, 0.30122396054214784, -0.7083628462963465, -0.9355798236223605, -0.31810251949508683, -0.16354577114334168, -0.9537360445728071, 0.8396953096540078, 0.3666276484711781, 0.8685207898160852]
962.55615234375	(8, 12, 2)	[0.33986031899183033, 0.07400137946741858, -0.5064005073368893, 0.8525072021372064, -0.3593542318772387, 0.7344229235169888, 0.25184504819580145, 0.05901638214945759, 0.9076862787461035, -0.4046087185912681, -0.29339674111314396, -0.9926567249373766, -0.5330513985181051, -0.24216529306354317, 0.7280821260320425, 0.5788977457236026, 0.01662900951563473, -0.9341320232838379, -0.5431518993745221, 0.3679579883820414, 0.18392498584600658, -0.7410959482789266, 0.4831873988134614, 0.6885419897291434, 0.14806460028564117, -0.3841335849621974, -0.13446081563097567, -0.1615814473910282, 0.6519322171302142, -0.6718025245697108, -0.023450239571033427, -0.7233177793185066, 0.1718110162273152, 0.15486968470537227, 0.381953073119923, 0.38698915003948775, -0.8110407227022656, 0.16033283719581215, 0.806454505296244, 0.9615073707442636, 0.6325933043577321, -0.5881843532733853, 0.9462683236871048, 0.3705140495335302, -0.9774816404892817, 0.5635555288410814, 0.6502514481695287, -0.6661552783891485, 0.7236316922832926, 0.539709143779945, 0.32012509342132445, -0.3966506959707008, -0.7191108374151265, -0.24585545204699288, 0.8476316020952122, 0.48015681349458417, -0.546725283499647, -0.291502346823836, -0.7370097355649532, 0.2380059085640316, 0.7019453345923654, -0.7555589564384257, -0.8149217626063194, 0.049386811929344576, -0.055811991939962, -0.6472175121075217, -0.27857436869677166, 0.7408912207019258, -0.12180753331753436, -0.6828591775259707, 0.9899741294701143, 0.15210775139073784, -0.05654388583897996, 0.09130270923109363, 0.38047830851947073, 0.2501030512219262, -0.27911202942023006, -0.601530617376562, 0.611101245059618, -0.9036519849130711, -0.7023879186910391, 0.83195251439885, 0.365985543238448, -0.06729104201399028, -0.2999788179049776, 0.8438982223116152, -0.537127746084004, 0.3291362697375022, 0.20543433346897255, -0.3881202857463857, 0.018954126831893126, -0.8513370739485522, 0.10023574559434634, -0.8804992957107969, -0.24176133816027723, 0.7884948153180309, 0.45966933326388104, -0.08187922224653388, -0.141722228914974, -0.2169171103378782, 0.9153984306122571, -0.5478915958872743, -0.9518659798536249, -0.8310900956856291, 0.20088761458418314, -0.35749260297749963, -0.70721992934119, -0.5121511500503193, 0.38143077325501884, 0.4403665504235954, 0.9048361643606522, 0.19353067721575368, -0.15616557378772122, -0.08116134188195478, -0.2593584132748341, 0.9236361043176562, -0.5736139034693963, -0.4134603765675475, -0.44432566225933257, 0.3535386774641325]
18.225950241088867	(8, 12, 2)	[0.33986031899183033, 0.7248044684157497, 0.8179068282384352, 0.8525072021372064, 0.8442376889203471, 0.7344229235169888, 0.19936771001867948, -0.5100824583377099, 0.9076862787461035, -0.4046087185912681, 0.6153199981474671, 0.8729645916319815, 0.7700883014793005, 0.31962097814665125, 0.356375425970223, 0.013666285958648272, 0.01662900951563473, -0.9341320232838379, -0.06540718242570809, -0.2349847664229292, 0.18392498584600658, -0.7410959482789266, 0.9029857144495879, 0.6885419897291434, -0.1996390484370918, -0.3841335849621974, -0.13446081563097567, -0.1615814473910282, 0.2160719260171677, -0.6718025245697108, -0.023450239571033427, -0.7233177793185066, 0.6554949974540827, 0.15486968470537227, 0.9005336581995522, -0.4716398796792851, -0.8110407227022656, 0.16033283719581215, 0.8892641181324339, -0.9209891445601595, 0.34935736791822825, -0.5881843532733853, 0.5925093026526389, 0.3280286663444023, -0.9774816404892817, 0.42916862660411637, -0.582247424233544, 0.34764204676013577, 0.3646419458939829, 0.539709143779945, 0.32012509342132445, -0.3966506959707008, 0.9720642416140455, -0.24585545204699288, 0.8476316020952122, -0.303884126202453, -0.31246335413217285, 0.47493887076861374, 0.27807728302578427, 0.9814977384107204, -0.7449967819902235, -0.7555589564384257, 0.013694418790083374, 0.049386811929344576, -0.46543015962334766, -0.06315063913085428, -0.27857436869677166, 0.7408912207019258, -0.43155530068308523, -0.6828591775259707, 0.9899741294701143, 0.15210775139073784, 0.5536398669621592, 0.8462950453165439, 0.33077416135994664, -0.3941470933974345, -0.0034367128179884077, -0.601530617376562, 0.611101245059618, 0.3435168010523524, -0.7023879186910391, 0.83195251439885, 0.17361470571885818, -0.6327932342325542, 0.7974031594243267, -0.7070799414590365, 0.007921246854702302, 0.7858194415434487, 0.29152864144730684, 0.3206452053855937, -0.27932580721462563, 0.44226961961676325, 0.10023574559434634, 0.14192514822063718, -0.24176133816027723, -0.24297016612310207, -0.03277691515934142, 0.589317039220965, 0.014246676870633745, -0.31774488485336616, -0.15786094285017227, -0.5478915958872743, -0.37265491127387573, -0.8310900956856291, -0.6302850438254206, 0.07170435147846588, -0.6175034910625239, 0.7125046430212212, -0.8208290284691115, 0.4403665504235954, -0.258519374687316, 0.4190499605158282, -0.15616557378772122, 0.8412584891970918, -0.7733479141742357, 0.9236361043176562, 0.6047801193590234, -0.4134603765675475, -0.44432566225933257, 0.31204170191761715]
1019.4242553710938	(8, 12, 2)	[0.2607302072612647, -0.1997032835651542, -0.5064005073368893, 0.8525072021372064, -0.3593542318772387, 0.768058519501664, -0.6967887055282427, -0.04885479374575108, 0.9076862787461035, -0.4046087185912681, -0.29339674111314396, -0.36036120010365646, -0.5330513985181051, -0.24216529306354317, 0.316366399027989, -0.343901815591515, 0.8499044990994087, -0.9341320232838379, -0.5431518993745221, -0.4105688675915087, -0.3907374991446042, -0.7410959482789266, 0.4831873988134614, 0.7905535723671178, 0.14806460028564117, -0.3841335849621974, -0.8143837509206466, -0.1615814473910282, -0.7033171486054406, 0.4252032497556222, 0.7565385498611701, 0.28197934496963817, 0.1718110162273152, 0.15486968470537227, 0.381953073119923, -0.25008609806590476, -0.8110407227022656, 0.16033283719581215, 0.806454505296244, 0.9615073707442636, -0.502903081474571, -0.5881843532733853, -0.2718525198276176, 0.3705140495335302, 0.8583839142158505, 0.28243180315709, -0.16791667444473157, 0.28906682641127346, 0.7951242801416938, 0.539709143779945, 0.6076940634914398, 0.4568470091854304, -0.8450723165210314, -0.07334887964762093, 0.8476316020952122, 0.48015681349458417, 0.3066448644481745, -0.291502346823836, -0.7370097355649532, 0.8187536277035337, -0.4417067780717385, -0.7555589564384257, 0.658260452939835, 0.049386811929344576, 0.43876192011842785, -0.6472175121075217, -0.27857436869677166, 0.7408912207019258, -0.12180753331753436, -0.26025199859088577, 0.4320902448359105, 0.15210775139073784, -0.05654388583897996, 0.18346922559089407, -0.7842805084803732, -0.23621552749335906, -0.27911202942023006, -0.601530617376562, 0.706971151509393, -0.1477052909985237, 0.5438623358388168, -0.6518201259445637, 0.365985543238448, 0.4988523273575176, 0.8753230179489326, -0.7055242749431805, -0.537127746084004, -0.8026218758702179, -0.9791443622165394, -0.5638055119969181, 0.018954126831893126, 0.3648100355075583, 0.10023574559434634, -0.8804992957107969, 0.8155470021537246, 0.7884948153180309, 0.4540967707393009, 0.7770085325024112, -0.141722228914974, -0.5424732461752388, 0.9153984306122571, -0.5478915958872743, 0.06786024185227002, -0.7885347562492551, 0.7799942532879574, -0.35749260297749963, -0.70721992934119, -0.8190892207839888, -0.1999344370787477, -0.555884997952059, 0.6933581713583523, 0.19353067721575368, -0.15616557378772122, -0.08705331530983185, -0.2593584132748341, -0.14609339355816608, -0.1055368081791217, 0.7890482343911802, -0.44432566225933257, 0.5775392526927596]
1019.9259033203125	(8, 12, 2)	[-0.3396837422067953, 0.8412247082744095, -0.04627789763503709, 0.8525072021372064, -0.020778568680188014, 0.9572074142052471, 0.28558030312179494, 0.05901638214945759, -0.01549824451422932, -0.9510757180323102, -0.34414767860136175, 0.19141763274192924, 0.15377402160649734, -0.37285582994863, 0.7280821260320425, 0.6856833543806926, 0.33615591528170286, -0.9341320232838379, -0.5431518993745221, -0.6833546145884437, -0.006988045999474446, 0.85269810275248, 0.4831873988134614, -0.043178827371454176, -0.791259794128319, -0.3841335849621974, -0.1550231913806277, -0.1615814473910282, 0.6519322171302142, 0.3381842861724764, -0.023450239571033427, 0.057610640766226906, 0.9704100253986543, -0.5504699895942178, 0.381953073119923, -0.9298389235520061, -0.8110407227022656, -0.5952829251236937, -0.9223929316270796, 0.6781633382288035, 0.6325933043577321, -0.03404002151545349, 0.5105163494794265, 0.3280286663444023, -0.8647785547018609, 0.8413356441723003, -0.6011117057487279, -0.5637658242200427, 0.7236316922832926, -0.16197027947969422, 0.32012509342132445, -0.3966506959707008, -0.4196198497596728, -0.24585545204699288, -0.13813361422102455, -0.41358800580473987, 0.44786709717307627, 0.8013732228424373, 0.9558816326836739, -0.23774008225924836, 0.7019453345923654, -0.41584413134475606, -0.8149217626063194, 0.09697356295058612, -0.055811991939962, -0.12115593193365792, 0.3557796782923097, -0.8192700190423823, -0.12180753331753436, -0.06637108669157543, 0.9447906683768745, -0.5629167595797426, -0.73929459371825, 0.17785174857817365, 0.9555071190230404, 0.20695920030609338, 0.5172671741472448, -0.22673869434414806, -0.9476128750601491, -0.6327560141598698, 0.5878739354979915, 0.6541406635056846, 0.17361470571885818, 0.2015316112389125, -0.2999788179049776, 0.8438982223116152, -0.9472341622207978, 0.854775364668342, 0.20543433346897255, -0.3881202857463857, 0.71106252485411, -0.6187020008523709, -0.3145256411710564, 0.5585114820277495, -0.24176133816027723, 0.7884948153180309, 0.2129243697036467, -0.9184039854130901, -0.7381330590713431, -0.2169171103378782, -0.1224197521312187, 0.2630590622717317, -0.8900130151789074, -0.8310900956856291, 0.20088761458418314, 0.32883328619775654, -0.6984042942037039, -0.9387172058719506, 0.6279558377835885, -0.00012949296996356274, -0.20130568054432474, -0.2049794895642003, -0.1911338775743998, 0.44594040471574514, -0.2593584132748341, 0.9236361043176562, -0.8485039473539855, -0.4134603765675475, -0.9464002132892149, 0.47406299721836614]
1019.783447265625	(8, 12, 2)	[0.3955688643927946, 0.28792255466401184, -0.7565198101234749, 0.8525072021372064, -0.020778568680188014, 0.9572074142052471, 0.35180891074768184, -0.27597669844565, -0.9553350874876418, -0.9510757180323102, 0.40455547636223277, -0.9926567249373766, 0.15377402160649734, 0.8645138004795236, 0.7525534121770132, 0.5788977457236026, 0.133641764463867, 0.7264003384745217, 0.7650116546554377, -0.6582697428330082, -0.28996124548767765, 0.85269810275248, -0.09274032821710643, 0.2465505246536419, -0.5660726260181634, 0.7005252013029768, 0.9256671998048165, 0.9068925139101256, 0.8131639110067111, -0.15830695176686338, 0.4309903271003641, 0.28197934496963817, 0.9696874703266627, -0.043908015474702466, -0.9380812146001929, 0.38698915003948775, 0.3482348551996881, -0.3181932455014494, 0.806454505296244, -0.6881217165778966, 0.43210204521990514, -0.5881843532733853, -0.6633629019756349, -0.03462108366342309, -0.9774816404892817, 0.28243180315709, -0.49799999840479514, -0.0405876528976965, 0.16443865848306838, -0.14833005584701398, -0.9154602584441425, 0.08502099463519186, -0.9642642304915181, 0.7268494983065945, 0.10097581747195727, 0.48015681349458417, 0.83142434258037, 0.4666987250240062, 0.9558816326836739, 0.586277865028495, 0.5262940338785875, -0.18212604571508684, -0.14569976050545197, -0.9603682157233089, 0.3056517990930898, 0.7467658453189387, 0.2926071742413281, 0.6302728772202004, 0.33879490475647334, -0.6828591775259707, 0.4110161786608282, -0.6178102576693782, -0.73929459371825, 0.17785174857817365, 0.9555071190230404, 0.20695920030609338, -0.740245261545641, -0.601530617376562, 0.8063614139851518, -0.7476144305947395, 0.6595212453513675, -0.6198877166102705, -0.6240516369898574, 0.2015316112389125, 0.96490003920556, -0.9811711965542418, 0.8656335520433425, 0.5022489620502535, 0.910941127778838, -0.09907619434480774, -0.8198864391892406, -0.6187020008523709, -0.1886252033473217, -0.47890045590382324, -0.17603743890381263, -0.7915214614602859, 0.4809016336145484, 1.0, 0.52747268031476, -0.31774488485336616, 0.15205841062353742, -0.7744526560527771, -0.6037933106652769, 0.8047043741771238, -0.586567366945268, 0.279711055268304, 0.07986707039819807, -0.5121511500503193, -0.28585140854815294, -0.00012949296996356274, 0.9048361643606522, 0.19353067721575368, 0.6258840398786321, 0.44594040471574514, 0.5895838413786711, -0.6125872488778583, -0.9537360445728071, 0.8243580261598382, -0.6158766695739211, -0.7163256634602078]
1019.600830078125	(8, 12, 2)	[0.3955688643927946, 0.28792255466401184, -0.3079382463557905, 0.05880754677263367, -0.32682366761959236, 0.9572074142052471, 0.35180891074768184, -0.27597669844565, -0.9553350874876418, -0.9510757180323102, 0.40455547636223277, -0.8865844409632133, 0.15377402160649734, -0.11247369191257794, 0.7525534121770132, 0.5788977457236026, 0.133641764463867, 0.7264003384745217, 0.7650116546554377, -0.4105688675915087, -0.28996124548767765, -0.005947140106842053, -0.09274032821710643, 0.5389404396099491, -0.5660726260181634, 0.7005252013029768, 0.9256671998048165, 0.9068925139101256, 0.8131639110067111, -0.15830695176686338, 0.4309903271003641, 0.28197934496963817, 0.9696874703266627, -0.043908015474702466, -0.9380812146001929, 0.7989619371907486, 0.3482348551996881, -0.6935234863127158, -0.5303304128539554, -0.6881217165778966, 0.43671727649329406, -0.5881843532733853, 0.7969671436287222, 0.5648997281606187, 0.15529458438752908, 0.28243180315709, -0.49799999840479514, -0.8343818622828806, 0.16443865848306838, -0.14833005584701398, -0.9154602584441425, 0.08502099463519186, -0.02866295245301842, 0.7268494983065945, 0.8476316020952122, 0.16803809762021882, 0.83142434258037, -0.058804841752180925, -0.9825862405645339, 0.586277865028495, 0.5262940338785875, -0.18212604571508684, -0.14569976050545197, -0.9603682157233089, 0.3056517990930898, 0.7467658453189387, 0.2926071742413281, 0.6302728772202004, 0.33879490475647334, -0.26025199859088577, 0.4110161786608282, -0.05155183278693842, -0.73929459371825, -0.4226209896662052, -0.7842805084803732, 0.5708450500375275, -0.8036140427495366, -0.601530617376562, 0.32417030689974813, 0.2598159412540213, -0.03395254642423695, -0.7451722577078927, -0.6240516369898574, 0.2015316112389125, 0.6696633727834882, -0.7070799414590365, -0.6513348617887709, 0.5022489620502535, 0.48248869467319255, -0.09907619434480774, -0.8198864391892406, -0.6187020008523709, -0.1886252033473217, -0.47890045590382324, -0.17603743890381263, 0.8677671199035437, 0.4809016336145484, -0.4934860810588566, 0.52747268031476, -0.31774488485336616, 0.6520527773179556, -0.7744526560527771, -0.6037933106652769, -0.9211247570326822, -0.586567366945268, 0.279711055268304, 0.07986707039819807, -0.35208324084956133, -0.28585140854815294, -0.00012949296996356274, 0.9048361643606522, 0.7822731194357775, 0.6258840398786321, -0.6620236011448839, 0.5895838413786711, -0.6125872488778583, -0.9537360445728071, 0.8243580261598382, -0.6158766695739211, 0.8685207898160852]
1019.9152221679688	(8, 12, 2)	[0.3955688643927946, 0.28792255466401184, -0.3079382463557905, 0.05880754677263367, -0.32682366761959236, 0.9572074142052471, 0.35180891074768184, -0.27597669844565, -0.9553350874876418, -0.9510757180323102, 0.40455547636223277, -0.8865844409632133, 0.15377402160649734, -0.11247369191257794, 0.6535663856207494, 0.5788977457236026, 0.133641764463867, 0.7264003384745217, 0.7650116546554377, -0.4105688675915087, -0.28996124548767765, -0.005947140106842053, -0.09274032821710643, 0.5389404396099491, -0.5660726260181634, 0.7005252013029768, 0.9256671998048165, 0.9068925139101256, 0.8131639110067111, -0.15830695176686338, 0.4309903271003641, 0.28197934496963817, 0.9696874703266627, -0.043908015474702466, -0.9380812146001929, 0.7989619371907486, 0.3482348551996881, -0.6935234863127158, -0.5303304128539554, -0.6881217165778966, 0.43671727649329406, -0.5881843532733853, 0.7969671436287222, 0.5648997281606187, 0.15529458438752908, 0.28243180315709, -0.49799999840479514, -0.8343818622828806, 0.16443865848306838, -0.14833005584701398, -0.9154602584441425, 0.08502099463519186, -0.02866295245301842, 0.7268494983065945, 0.8476316020952122, 0.16803809762021882, 0.83142434258037, -0.058804841752180925, -0.9825862405645339, 0.586277865028495, 0.5262940338785875, -0.18212604571508684, -0.14569976050545197, -0.9603682157233089, 0.3056517990930898, 0.7467658453189387, 0.2926071742413281, 0.6302728772202004, 0.33879490475647334, -0.26025199859088577, 0.4110161786608282, -0.05155183278693842, -0.73929459371825, -0.4226209896662052, -0.7842805084803732, 0.5708450500375275, -0.8036140427495366, -0.601530617376562, 0.32417030689974813, 0.2598159412540213, -0.03395254642423695, -0.7451722577078927, -0.6240516369898574, 0.2015316112389125, 0.6696633727834882, -0.7070799414590365, -0.6513348617887709, 0.5022489620502535, 0.48248869467319255, -0.09907619434480774, -0.8198864391892406, -0.6187020008523709, -0.1886252033473217, -0.47890045590382324, -0.17603743890381263, 0.8677671199035437, 0.4809016336145484, -0.4934860810588566, 0.52747268031476, -0.31774488485336616, 0.6520527773179556, -0.7744526560527771, -0.6037933106652769, -0.9211247570326822, -0.586567366945268, 0.279711055268304, 0.07986707039819807, -0.35208324084956133, -0.28585140854815294, -0.00012949296996356274, 0.9048361643606522, 0.7822731194357775, 0.6258840398786321, -0.6620236011448839, 0.5895838413786711, -0.6125872488778583, -0.9537360445728071, 0.8243580261598382, -0.6158766695739211, 0.8685207898160852]
1019.9558715820312	(8, 12, 2)	[-0.8240204901053014, 0.024711327912133818, -0.5886212370597941, 0.050905680705474854, 0.8442376889203471, 0.7344229235169888, -0.8334000504233825, 0.17435947739642993, 0.9076862787461035, 0.7801111675197434, 0.6153199981474671, -0.9557538308852023, 0.7700883014793005, -0.24216529306354317, 0.6155738590711404, 0.44635037249321563, 0.3983890700947277, 0.47337050872780173, -0.06540718242570809, -0.4105688675915087, -0.3907374991446042, 0.85269810275248, 0.4831873988134614, -0.14675913421418163, -0.1996390484370918, 0.852715595233464, -0.8143837509206466, -0.1615814473910282, -0.20979647160232018, -0.6388383280476626, 0.7565385498611701, -0.7233177793185066, 0.9704100253986543, -0.043908015474702466, -0.3338966842973903, 0.006210397272843338, 0.8244620380955232, -0.5952829251236937, 0.806454505296244, 0.6089537257152264, 0.6325933043577321, -0.964479228206901, 0.5105163494794265, 0.3280286663444023, -0.8647785547018609, 0.8413356441723003, -0.49799999840479514, 0.28906682641127346, 0.7236316922832926, 0.8339177943636058, 0.32012509342132445, -0.3966506959707008, -0.8450723165210314, -0.24585545204699288, 0.8476316020952122, 0.36861085326395815, 0.83142434258037, -0.058804841752180925, -0.7370097355649532, -0.23774008225924836, -0.7449967819902235, -0.41584413134475606, 0.7758831584124304, 0.049386811929344576, 0.46585080844078813, -0.06315063913085428, 0.3557796782923097, -0.6842023672208788, -0.25907712026420304, -0.6828591775259707, 0.9447906683768745, 0.15210775139073784, 0.1455693482884315, 0.2528150201692625, -0.7842805084803732, 0.20695920030609338, 0.5172671741472448, 0.6030075648228346, 0.24189384708367206, -0.7476144305947395, -0.7023879186910391, 0.4890849700375903, -0.7997715243832613, -0.6327932342325542, -0.22757068239555167, 0.20757307464548447, -0.9086686530782913, -0.6957048345570953, 0.910941127778838, 0.8281055166685789, -0.6442025797324011, 0.20466370564522385, 0.7381393147810105, -0.8804992957107969, -0.24176133816027723, 0.7884948153180309, 0.4540967707393009, 0.7770085325024112, -0.25566940666735816, -0.2169171103378782, 0.6520527773179556, -0.2700520053803339, -0.6037933106652769, 0.8723265351814098, -0.6302850438254206, -0.33483815132121797, -0.70721992934119, 0.7125046430212212, 0.5953033483120992, -0.00012949296996356274, 0.32829425452630234, -0.8952084426289928, 0.8159038636204459, 0.44594040471574514, 0.09653166282238113, -0.6125872488778583, 0.4055246968439381, 0.8328169443093205, -0.9464002132892149, 0.5775392526927596]
1019.9607543945312	(8, 12, 2)	[-0.7839107909909397, 0.10728539683501137, -0.3079382463557905, 0.05880754677263367, 0.8442376889203471, 0.7344229235169888, -0.8334000504233825, -0.5100824583377099, 0.9076862787461035, 0.7801111675197434, 0.2598422739746489, -0.9557538308852023, 0.8339683756795784, -0.42051663857160215, 0.7280821260320425, 0.22260900412242224, 0.133641764463867, 0.7264003384745217, -0.3951307904840191, -0.4105688675915087, -0.3907374991446042, -0.005947140106842053, 0.6999249330027241, -0.14675913421418163, -0.8338209667980123, 0.21499973224809965, -0.8143837509206466, -0.1615814473910282, 0.03170399168803839, -0.6388383280476626, 0.7565385498611701, -0.5112589591447454, -0.0692617383458225, -0.3614682946593757, -0.3338966842973903, 0.7989619371907486, 0.8244620380955232, 0.31717328948214785, -0.5303304128539554, -0.5673166666462799, 0.6325933043577321, -0.964479228206901, 0.5105163494794265, 0.5648997281606187, 0.9292994889594413, -0.2733758754312652, -0.49799999840479514, 0.28906682641127346, 0.7236316922832926, -0.14833005584701398, 0.32012509342132445, 0.13662746738169007, -0.8450723165210314, -0.24585545204699288, 0.8476316020952122, 0.36861085326395815, 0.44786709717307627, -0.002293621453956028, -0.7370097355649532, 0.586277865028495, 0.43093457012010594, -0.41584413134475606, 0.7758831584124304, -0.3754089460537877, 0.46585080844078813, -0.06315063913085428, 0.3557796782923097, -0.6842023672208788, 0.33879490475647334, -0.6828591775259707, 0.7315317398770242, 0.15210775139073784, 0.5101911531202348, 0.2528150201692625, -0.7842805084803732, 0.20695920030609338, 0.5172671741472448, 0.3471876587867133, 0.611101245059618, -0.7476144305947395, -0.7023879186910391, 0.4890849700375903, -0.7997715243832613, -0.1918625575934716, -0.22757068239555167, -0.5121711919654999, -0.9086686530782913, 0.7858194415434487, 0.910941127778838, 0.138755267888645, -0.6442025797324011, 0.20466370564522385, 0.7381393147810105, -0.8804992957107969, -0.06241506083546278, 0.7884948153180309, -0.07627769461053413, 0.7770085325024112, -0.25566940666735816, -0.2169171103378782, 0.6520527773179556, 0.21657054548858135, -0.6037933106652769, 0.8723265351814098, -0.6302850438254206, -0.33483815132121797, -0.7329512202378938, 0.7125046430212212, 0.49694493913454185, -0.00012949296996356274, -0.44012041724848294, -0.8952084426289928, 0.6258840398786321, 0.44594040471574514, 0.09653166282238113, -0.3372483644962989, -0.9537360445728071, 0.8243580261598382, 0.3498362995697464, -0.6196455787096129]
1002.8946533203125	(8, 12, 2)	[-0.8240204901053014, 0.024711327912133818, -0.04627789763503709, 0.6519445972790026, 0.8442376889203471, 0.7344229235169888, -0.8334000504233825, -0.27597669844565, -0.01549824451422932, -0.4046087185912681, 0.6153199981474671, 0.19141763274192924, 0.09794674487136423, 0.7293196866083194, 0.6155738590711404, -0.42377809870961225, 0.133641764463867, -0.20153858124425272, -0.06540718242570809, -0.9219805453941132, -0.3907374991446042, 0.85269810275248, 0.9389145250338987, 0.7905535723671178, -0.791259794128319, 0.7005252013029768, -0.1550231913806277, 0.5082275950771, -0.20979647160232018, -0.15830695176686338, -0.023450239571033427, -0.7233177793185066, 0.20498842629430092, -0.043908015474702466, 0.10741853606000995, 0.006210397272843338, -0.26371485274366946, -0.5952829251236937, -0.9223929316270796, 0.6089537257152264, 0.6325933043577321, -0.24031381525651252, 0.5105163494794265, -0.03462108366342309, 0.15529458438752908, 0.8413356441723003, -0.49799999840479514, 0.34764204676013577, 0.16443865848306838, 0.8339177943636058, 0.6736618454650967, -0.3966506959707008, -0.4196198497596728, -0.24585545204699288, 0.7388085861803051, 0.36861085326395815, -0.4509666837163644, 0.8331238496294808, -0.034585242556785856, 0.4919543910018038, 0.43093457012010594, -0.41584413134475606, 0.7758831584124304, -0.4677699514995899, 0.46585080844078813, -0.06315063913085428, -0.5584469330075128, 0.527807864512085, -0.43155530068308523, 0.31234067546181143, 0.9899741294701143, 0.15210775139073784, -0.8677424382260157, 0.17785174857817365, -0.7842805084803732, 0.5708450500375275, 0.5172671741472448, -0.4131571781446852, 0.611101245059618, -0.7476144305947395, -0.7023879186910391, 0.4930093809614847, -0.7997715243832613, -0.6327932342325542, 0.6696633727834882, -0.7070799414590365, -0.6513348617887709, 0.16473256664035185, 0.20543433346897255, 0.8281055166685789, -0.8198864391892406, 0.20466370564522385, 0.7381393147810105, -0.47890045590382324, 0.7113533079807057, 0.5193882161264674, 0.4809016336145484, -0.9184039854130901, 0.874513173098092, 0.7510355832878148, 0.6520527773179556, -0.6940593872563774, -0.6037933106652769, 0.8047043741771238, -0.6975830376260757, 0.661288772819169, -0.70721992934119, 0.7125046430212212, 0.40594183337985323, -0.00012949296996356274, 0.9048361643606522, -0.8952084426289928, -0.1911338775743998, -0.6620236011448839, -0.3631735956984763, -0.07545145244068885, -0.9537360445728071, 0.9926576123579318, -0.9464002132892149, -0.7163256634602078]
1019.53271484375	(8, 12, 2)	[-0.8240204901053014, 0.10728539683501137, -0.7565198101234749, -0.06354708877083604, -0.3593542318772387, 0.581930692226649, -0.8334000504233825, -0.39332016480558685, -0.01549824451422932, -0.4046087185912681, -0.34414767860136175, -0.2659998766182974, 0.8339683756795784, 0.7293196866083194, 0.6155738590711404, 0.22260900412242224, 0.133641764463867, -0.20153858124425272, -0.06540718242570809, -0.9219805453941132, -0.3907374991446042, 0.85269810275248, 0.9389145250338987, 0.8202968002215825, -0.791259794128319, 0.7005252013029768, 0.3422725672566911, 0.5082275950771, -0.20979647160232018, -0.15830695176686338, -0.2049741302151995, -0.7233177793185066, 0.20498842629430092, -0.043908015474702466, 0.10741853606000995, 0.7989619371907486, -0.4680032424963456, -0.5952829251236937, -0.9223929316270796, -0.5673166666462799, 0.6325933043577321, -0.24031381525651252, 0.5105163494794265, -0.03462108366342309, 0.15529458438752908, 0.42916862660411637, -0.49799999840479514, -0.8343818622828806, 0.16443865848306838, 0.8339177943636058, -0.9154602584441425, -0.3966506959707008, 0.9720642416140455, -0.07334887964762093, 0.8476316020952122, 0.36861085326395815, -0.4509666837163644, 0.4666987250240062, -0.034585242556785856, 0.586277865028495, 0.43093457012010594, 0.15426560319793348, -0.8149217626063194, -0.4677699514995899, 0.46585080844078813, 0.5678174409450716, -0.5584469330075128, 0.527807864512085, 0.33879490475647334, -0.018141011219132253, 0.9899741294701143, -0.6178102576693782, -0.8677424382260157, -0.7535797744471218, 0.9555071190230404, 0.5708450500375275, 0.5172671741472448, -0.4131571781446852, 0.611101245059618, -0.7476144305947395, 0.11311126757601153, 0.4930093809614847, -0.7997715243832613, -0.1918625575934716, 0.20526787355887, -0.7070799414590365, -0.6513348617887709, 0.16473256664035185, 0.20543433346897255, 0.138755267888645, -0.8198864391892406, 0.20466370564522385, -0.9985376241732253, -0.47890045590382324, -0.06241506083546278, 0.7884948153180309, 0.8426830107407637, -0.4934860810588566, 0.874513173098092, 0.7510355832878148, 0.2425716517048473, -0.6940593872563774, -0.6037933106652769, 0.8047043741771238, -0.6975830376260757, 0.661288772819169, 0.25127023898981915, 0.606039024678426, 0.49694493913454185, -0.00012949296996356274, 0.10213470027616767, -0.8952084426289928, -0.1911338775743998, -0.6620236011448839, -0.3631735956984763, -0.07545145244068885, -0.9537360445728071, 0.8396953096540078, -0.9464002132892149, -0.7163256634602078]
1019.8174438476562	(8, 12, 2)	[-1.0, 0.7248044684157497, -0.7565198101234749, -0.6088955392962394, -0.020778568680188014, 0.581930692226649, -0.6967887055282427, -0.6741292894551092, -0.01549824451422932, -0.6019585828129739, -0.34414767860136175, 0.19141763274192924, 0.15377402160649734, 0.7034781551227567, 0.022893842380524054, 0.6856833543806926, -0.3607319677521681, 0.6991638653322565, -0.3951307904840191, -0.4159682759244361, -0.28996124548767765, -0.7410959482789266, 0.3166822925576672, -0.14675913421418163, 0.9115657943699651, 0.852715595233464, -0.8143837509206466, 0.5082275950771, -0.20979647160232018, 0.8035736118490782, 0.4309903271003641, 0.28197934496963817, -0.23025976094441525, 0.15486968470537227, 0.381953073119923, -0.5726778871125111, 0.3482348551996881, -0.2499434123419775, -0.9223929316270796, 0.9615073707442636, 0.43671727649329406, -0.6231664455213788, 0.9671057720450809, 0.5648997281606187, -0.9774816404892817, 0.28243180315709, 0.5332190228412986, 0.28906682641127346, 0.7236316922832926, -0.14833005584701398, 0.32012509342132445, 0.13662746738169007, -0.4196198497596728, -0.07334887964762093, 0.4220020635430941, 0.6742539622470138, 0.44786709717307627, -0.058804841752180925, -0.034585242556785856, 0.9814977384107204, -0.7449967819902235, -0.34289959936020176, 0.7758831584124304, 0.049386811929344576, -0.6765740425663673, 0.7467658453189387, -0.48131275280467034, 0.527807864512085, -0.10706066993807264, -0.018141011219132253, 0.9447906683768745, -0.6178102576693782, -0.73929459371825, 0.2528150201692625, 0.9555071190230404, 0.8453673741052898, -0.740245261545641, -0.8839535087505446, 0.32417030689974813, 0.2598159412540213, 0.9103383438606767, 0.4890849700375903, -0.7997715243832613, -0.1918625575934716, 0.96490003920556, -0.7070799414590365, 0.007921246854702302, -0.5619251085359747, 0.5290086481608842, -0.5310456506329515, -0.6442025797324011, 0.20466370564522385, 0.10023574559434634, 0.5585114820277495, 1.0, 0.7884948153180309, 0.4809016336145484, -0.08187922224653388, -0.7381330590713431, -0.2861987053561801, 0.6520527773179556, -0.724271937182887, 0.053909490006360944, -0.7670154422496107, -0.6975830376260757, 0.35626956245976094, -0.11268647446711347, 0.606039024678426, 0.40594183337985323, -0.00012949296996356274, 0.10213470027616767, 0.7822731194357775, 0.6258840398786321, -0.6620236011448839, -0.31810251949508683, -0.3372483644962989, -0.8485039473539855, 0.8310274501501801, 0.3666276484711781, -0.7163256634602078]
14.801755905151367	(8, 12, 2)	[0.18278926236769663, 0.024711327912133818, -0.04627789763503709, -0.6088955392962394, 0.8442376889203471, 0.7344229235169888, 0.35180891074768184, -0.27597669844565, -0.9553350874876418, -0.9510757180323102, 0.8732252675376595, -0.7154224085028085, 0.7700883014793005, -0.42051663857160215, 0.8490061052768485, -0.42377809870961225, -0.3607319677521681, 0.6991638653322565, -0.06540718242570809, -0.4105688675915087, 0.10912650509078636, -0.005947140106842053, 0.4831873988134614, -0.5398248792216003, 0.9115657943699651, -0.12670122350502544, -0.8143837509206466, -0.1615814473910282, -0.25884716637971056, -0.15830695176686338, 0.9505797124373825, -0.7233177793185066, 0.9921583012319212, -0.043908015474702466, -0.9380812146001929, 0.5551893992277763, -0.8110407227022656, -0.6935234863127158, 0.806454505296244, 0.6781633382288035, 0.43671727649329406, -0.5881843532733853, 0.9671057720450809, 0.5648997281606187, 0.15529458438752908, -0.3420626549486889, 0.7779026010788935, -0.8343818622828806, 0.3646419458939829, 0.8339177943636058, -0.9154602584441425, 0.08502099463519186, -0.9642642304915181, -0.24585545204699288, 0.7388085861803051, 0.48015681349458417, 0.83142434258037, -0.058804841752180925, -0.9825862405645339, 0.3636651209725772, -0.6586345513762368, -0.7412475905110748, -0.37361782553522227, 0.017077291151460013, 0.43876192011842785, 0.8808531060416981, 0.3557796782923097, 0.527807864512085, -0.3543342083744423, -0.018141011219132253, 0.9447906683768745, 0.15210775139073784, -0.73929459371825, -0.4226209896662052, -0.7842805084803732, 0.5708450500375275, -0.8036140427495366, -0.601530617376562, 0.32417030689974813, 0.2598159412540213, -0.7023879186910391, 0.4890849700375903, -0.6240516369898574, 0.7647131197097214, -0.17323445166578255, -0.5121711919654999, -0.9086686530782913, 0.5022489620502535, -0.06388441655792776, 0.3206452053855937, -0.8198864391892406, 0.3648100355075583, -0.1886252033473217, -0.47890045590382324, -0.17603743890381263, 0.7884948153180309, 0.2129243697036467, -0.08187922224653388, 0.52747268031476, 0.19137470047488292, 0.6520527773179556, -0.7744526560527771, -0.6037933106652769, -0.045703861436571236, -0.586567366945268, 0.279711055268304, 0.07986707039819807, 0.17652492196726577, -0.8992159991551607, -0.00012949296996356274, 0.9048361643606522, 0.7822731194357775, 0.6258840398786321, 0.45939502200585736, -0.7733479141742357, 0.9236361043176562, -0.09046975831844772, 0.9926576123579318, -0.6158766695739211, -0.6196455787096129]
1019.7867431640625	(8, 12, 2)	[-0.7839107909909397, 0.28792255466401184, -0.04627789763503709, 0.05880754677263367, -0.3593542318772387, 0.9572074142052471, 0.35180891074768184, 0.17435947739642993, -0.01549824451422932, -0.9510757180323102, 0.8732252675376595, -0.36036120010365646, 0.8339683756795784, -0.42051663857160215, 0.7280821260320425, -0.42377809870961225, 0.133641764463867, 0.8505040965565485, 0.7650116546554377, -0.4105688675915087, -0.28996124548767765, -0.005947140106842053, 0.4831873988134614, -0.040562694719974424, -0.3265177148542213, 0.7005252013029768, 0.9256671998048165, 0.9068925139101256, -0.20979647160232018, -0.15830695176686338, 0.7565385498611701, 0.28197934496963817, 0.9704100253986543, -0.043908015474702466, -0.7881372603825739, 0.7989619371907486, 0.3482348551996881, -0.3181932455014494, -0.37524418094611334, -0.6881217165778966, 0.6325933043577321, -0.5881843532733853, 0.9671057720450809, 0.5648997281606187, 0.15529458438752908, 0.28243180315709, -0.49799999840479514, -0.8343818622828806, 0.7236316922832926, -0.14833005584701398, -0.9154602584441425, 0.4568470091854304, -0.8450723165210314, -0.33431226536476877, 0.8476316020952122, 0.16803809762021882, 0.83142434258037, -0.058804841752180925, -0.9825862405645339, 0.6672178189371549, -0.6586345513762368, -0.34289959936020176, -0.14569976050545197, 0.049386811929344576, 0.3056517990930898, -0.06315063913085428, 0.2926071742413281, 0.6302728772202004, -0.2047264099232804, -0.6828591775259707, 0.7315317398770242, -0.710980779872445, -0.73929459371825, 0.2528150201692625, -0.7842805084803732, 0.5708450500375275, -0.8036140427495366, -0.601530617376562, 0.706971151509393, -0.1477052909985237, -0.7023879186910391, -0.7451722577078927, -0.5689971102789539, -0.6327932342325542, 0.6696633727834882, -0.5977036986387749, -0.6513348617887709, 0.5022489620502535, 0.6131068497753478, 0.138755267888645, -0.8198864391892406, 0.3648100355075583, -0.1886252033473217, -0.47890045590382324, -0.9071996292320235, 0.8677671199035437, 0.4809016336145484, -0.22770046310089875, 0.874513173098092, -0.31774488485336616, 0.6520527773179556, -0.7744526560527771, -0.6037933106652769, -0.9211247570326822, -0.586567366945268, -0.35749260297749963, 0.07986707039819807, -0.4512710589835425, -0.8992159991551607, 0.4403665504235954, 0.41725022735388295, 0.2878507332193234, 0.6258840398786321, -0.6620236011448839, -0.31810251949508683, -0.6125872488778583, -0.09046975831844772, 0.8310274501501801, 0.3498362995697464, 0.8685207898160852]
1019.9273681640625	(8, 12, 2)	[-0.8240204901053014, 0.28792255466401184, -0.04627789763503709, 0.05880754677263367, -0.32682366761959236, 0.5993202297755884, -0.8334000504233825, -0.5100824583377099, -0.9553350874876418, -0.4046087185912681, 0.8732252675376595, -0.8865844409632133, 0.8339683756795784, 0.7034781551227567, 0.316366399027989, 0.6856833543806926, 0.33615591528170286, 0.47337050872780173, -0.06540718242570809, -0.4105688675915087, 0.10912650509078636, 0.85269810275248, -0.09274032821710643, 0.5389404396099491, -0.6583478607595361, 0.7005252013029768, -0.8143837509206466, -0.1615814473910282, -0.20979647160232018, 0.8035736118490782, -0.023450239571033427, 0.28197934496963817, 0.9704100253986543, -0.3614682946593757, 0.381953073119923, 0.5551893992277763, 0.3482348551996881, -0.2499434123419775, 0.9764670842040328, 0.9615073707442636, 0.43671727649329406, -0.8308187505362243, -0.4270034998683574, 0.5648997281606187, -0.9774816404892817, -0.6613069987622882, -0.49799999840479514, -0.8343818622828806, 0.4314100717144616, -0.14833005584701398, 0.32012509342132445, -0.3966506959707008, -0.8450723165210314, -0.06303555388885577, 0.17688643589321762, 0.6742539622470138, -0.4509666837163644, 0.8331238496294808, -0.8636167345779476, 0.586277865028495, -0.7449967819902235, -0.34289959936020176, -0.14569976050545197, -0.4677699514995899, 0.8215101982331046, 0.7467658453189387, -0.48131275280467034, 0.527807864512085, 0.33879490475647334, -0.0954045198780662, 0.9899741294701143, -0.710980779872445, -0.73929459371825, -0.7535797744471218, -0.7842805084803732, 0.5708450500375275, -0.8036140427495366, -0.8839535087505446, 0.611101245059618, -0.7476144305947395, -0.7023879186910391, -0.7451722577078927, -0.6240516369898574, -0.012942721566770565, -0.09902267066999482, 0.6688988517559011, -0.537127746084004, 0.7858194415434487, -0.06388441655792776, 0.138755267888645, -0.8198864391892406, 0.20466370564522385, 0.6829529090500945, 0.5585114820277495, -0.9071996292320235, 0.8677671199035437, 0.4809016336145484, -0.22770046310089875, 0.52747268031476, -0.2861987053561801, 0.6520527773179556, -0.6940593872563774, -0.6037933106652769, 0.8047043741771238, -0.586567366945268, -0.35749260297749963, -0.11268647446711347, -0.4512710589835425, 0.7623805792756218, -0.00012949296996356274, 0.9048361643606522, 0.2878507332193234, 0.6258840398786321, -0.6620236011448839, -0.3631735956984763, -0.07545145244068885, -0.9537360445728071, 0.35898821385922264, 0.3666276484711781, 0.8685207898160852]
1019.9031982421875	(8, 12, 2)	[-0.8240204901053014, 0.28792255466401184, -0.04627789763503709, 0.05880754677263367, -0.32682366761959236, 0.5993202297755884, -0.8334000504233825, -0.5100824583377099, -0.9553350874876418, -0.4046087185912681, 0.8732252675376595, -0.8865844409632133, 0.8339683756795784, 0.7034781551227567, 0.316366399027989, 0.6856833543806926, 0.33615591528170286, 0.47337050872780173, -0.06540718242570809, -0.4105688675915087, 0.10912650509078636, 0.85269810275248, -0.09274032821710643, 0.5389404396099491, -0.6583478607595361, 0.7005252013029768, -0.8143837509206466, -0.1615814473910282, -0.20979647160232018, 0.8035736118490782, -0.023450239571033427, 0.28197934496963817, 0.9704100253986543, -0.3614682946593757, 0.381953073119923, 0.5551893992277763, 0.3482348551996881, -0.2499434123419775, 0.9764670842040328, 0.9615073707442636, 0.43671727649329406, -0.8308187505362243, -0.4270034998683574, 0.5648997281606187, -0.9774816404892817, -0.6613069987622882, -0.49799999840479514, -0.8343818622828806, 0.4314100717144616, -0.14833005584701398, 0.32012509342132445, -0.3966506959707008, -0.8450723165210314, -0.06303555388885577, 0.17688643589321762, 0.6742539622470138, -0.4509666837163644, 0.8331238496294808, -0.8636167345779476, 0.586277865028495, -0.7449967819902235, -0.34289959936020176, -0.14569976050545197, -0.4677699514995899, 0.8215101982331046, 0.7467658453189387, -0.48131275280467034, 0.527807864512085, 0.33879490475647334, -0.0954045198780662, 0.9899741294701143, -0.710980779872445, -0.73929459371825, -0.7535797744471218, -0.7842805084803732, 0.5708450500375275, -0.8036140427495366, -0.8839535087505446, 0.611101245059618, -0.7476144305947395, -0.7023879186910391, -0.7451722577078927, -0.6240516369898574, -0.012942721566770565, -0.09902267066999482, 0.6688988517559011, -0.537127746084004, 0.7858194415434487, -0.06388441655792776, 0.138755267888645, -0.8198864391892406, 0.20466370564522385, 0.6829529090500945, 0.5585114820277495, -0.9071996292320235, 0.8677671199035437, 0.4809016336145484, -0.22770046310089875, 0.52747268031476, -0.2861987053561801, 0.6520527773179556, -0.6940593872563774, -0.6037933106652769, 0.8047043741771238, -0.586567366945268, -0.35749260297749963, -0.11268647446711347, -0.4512710589835425, 0.7623805792756218, -0.00012949296996356274, 0.9048361643606522, 0.2878507332193234, 0.6258840398786321, -0.6620236011448839, -0.3631735956984763, -0.07545145244068885, -0.9537360445728071, 0.35898821385922264, 0.3666276484711781, 0.8685207898160852]
1019.9425048828125	(8, 12, 2)	[0.3750181237729786, 0.7248044684157497, -0.8746842188274206, 0.05880754677263367, -0.3593542318772387, 0.7344229235169888, -0.6967887055282427, 0.17435947739642993, -0.9553350874876418, 0.8542898307277165, 0.40455547636223277, -0.2659998766182974, 0.7700883014793005, -0.24216529306354317, 0.316366399027989, 0.6856833543806926, 0.133641764463867, 0.35989174482800235, -0.3951307904840191, -0.4105688675915087, -0.28996124548767765, 0.85269810275248, -0.09274032821710643, 0.6885419897291434, -0.6583478607595361, 0.852715595233464, -0.8143837509206466, 0.5082275950771, -0.20979647160232018, -0.6388383280476626, 0.7565385498611701, 0.28197934496963817, 0.20498842629430092, -0.043908015474702466, 0.381953073119923, 0.5551893992277763, 0.3482348551996881, -0.3181932455014494, 0.8892641181324339, -0.6881217165778966, 0.6325933043577321, -0.03404002151545349, -0.5064537244901124, 0.6085782632091296, 0.6175764128785133, 0.28243180315709, -0.582247424233544, -0.8343818622828806, 0.7236316922832926, -0.14833005584701398, -0.9154602584441425, -0.6002294948488469, -0.8450723165210314, -0.24585545204699288, 0.4220020635430941, 0.36861085326395815, 0.83142434258037, 0.8331238496294808, -0.896236704349018, 0.4919543910018038, -0.6586345513762368, -0.7412475905110748, 0.7758831584124304, -0.7978613619475317, 0.46585080844078813, 0.7467658453189387, 0.007545617379954905, 0.527807864512085, -0.43155530068308523, -0.06637108669157543, 0.7315317398770242, -0.710980779872445, -0.73929459371825, -0.4668456631009382, -0.45699430207905656, 0.5708450500375275, -0.740245261545641, -0.601530617376562, 0.706971151509393, -0.7476144305947395, -0.03395254642423695, -0.7451722577078927, -0.6240516369898574, -0.6327932342325542, 0.96490003920556, 0.20757307464548447, -0.537127746084004, 0.5022489620502535, -0.06388441655792776, -0.09907619434480774, -0.6442025797324011, -0.751722333628561, -0.9985376241732253, -0.47890045590382324, -0.17603743890381263, -0.5432975624494429, 0.4809016336145484, -1.0, 0.52747268031476, -0.31774488485336616, 0.6520527773179556, 0.21657054548858135, -0.6037933106652769, 0.9439813511125275, -0.586567366945268, 0.35626956245976094, -0.70721992934119, -0.4512710589835425, -0.28585140854815294, -0.00012949296996356274, 0.8731387165103504, -0.2049794895642003, 0.6258840398786321, -0.6620236011448839, -0.31810251949508683, -0.20590475167938713, -0.09046975831844772, 0.8243580261598382, -0.6158766695739211, -0.7163256634602078]
1019.9634399414062	(8, 12, 2)	[0.3750181237729786, 0.7248044684157497, -0.8746842188274206, 0.05880754677263367, -0.3593542318772387, 0.7344229235169888, -0.6967887055282427, 0.17435947739642993, -0.9553350874876418, 0.8542898307277165, 0.40455547636223277, -0.2659998766182974, 0.7700883014793005, -0.24216529306354317, 0.316366399027989, 0.6856833543806926, 0.133641764463867, 0.35989174482800235, -0.3951307904840191, -0.4105688675915087, -0.28996124548767765, 0.85269810275248, -0.09274032821710643, 0.6885419897291434, -0.6583478607595361, 0.852715595233464, -0.8143837509206466, 0.5082275950771, -0.20979647160232018, -0.6388383280476626, 0.7565385498611701, 0.28197934496963817, 0.20498842629430092, -0.043908015474702466, 0.381953073119923, 0.5551893992277763, 0.3482348551996881, -0.3181932455014494, 0.8892641181324339, -0.6881217165778966, 0.6325933043577321, -0.03404002151545349, -0.5064537244901124, 0.6085782632091296, 0.6175764128785133, 0.28243180315709, -0.582247424233544, -0.8343818622828806, 0.7236316922832926, -0.14833005584701398, -0.9154602584441425, -0.6002294948488469, -0.8450723165210314, -0.24585545204699288, 0.4220020635430941, 0.36861085326395815, 0.83142434258037, 0.8331238496294808, -0.896236704349018, 0.4919543910018038, -0.6586345513762368, -0.7412475905110748, 0.7758831584124304, -0.7978613619475317, 0.46585080844078813, 0.7467658453189387, 0.007545617379954905, 0.527807864512085, -0.43155530068308523, -0.06637108669157543, 0.7315317398770242, -0.710980779872445, -0.73929459371825, -0.4668456631009382, -0.45699430207905656, 0.5708450500375275, -0.740245261545641, -0.601530617376562, 0.706971151509393, -0.7476144305947395, -0.03395254642423695, -0.7451722577078927, -0.6240516369898574, -0.6327932342325542, 0.96490003920556, 0.20757307464548447, -0.537127746084004, 0.5022489620502535, -0.06388441655792776, -0.09907619434480774, -0.6442025797324011, -0.751722333628561, -0.9985376241732253, -0.47890045590382324, -0.17603743890381263, -0.5432975624494429, 0.4809016336145484, -1.0, 0.52747268031476, -0.31774488485336616, 0.6520527773179556, 0.21657054548858135, -0.6037933106652769, 0.9439813511125275, -0.586567366945268, 0.35626956245976094, -0.70721992934119, -0.4512710589835425, -0.28585140854815294, -0.00012949296996356274, 0.8731387165103504, -0.2049794895642003, 0.6258840398786321, -0.6620236011448839, -0.31810251949508683, -0.20590475167938713, -0.09046975831844772, 0.8243580261598382, -0.6158766695739211, -0.7163256634602078]
1019.9517822265625	(8, 12, 2)	[-0.8240204901053014, 0.7248044684157497, -0.7565198101234749, 0.05880754677263367, -0.32682366761959236, 0.9572074142052471, -0.8334000504233825, -0.6741292894551092, -0.9553350874876418, -0.6023476312547837, 0.40455547636223277, -0.36036120010365646, 1.0, 0.7034781551227567, 0.316366399027989, 0.22260900412242224, 0.133641764463867, -0.17546036925902456, -0.4461410878144009, -0.4105688675915087, -0.28996124548767765, 0.85269810275248, 0.9389145250338987, 0.6885419897291434, -0.791259794128319, 0.7005252013029768, -0.8143837509206466, -0.1615814473910282, 0.7658430963693958, -0.15830695176686338, 0.7565385498611701, 0.6043657559854168, 0.9704100253986543, -0.043908015474702466, -0.2938121232034425, 0.006210397272843338, -0.33737727370252857, -0.2499434123419775, 0.9764670842040328, -0.6881217165778966, 0.43671727649329406, -0.03404002151545349, 0.9671057720450809, 0.5648997281606187, 0.6175764128785133, 0.28243180315709, 0.6765340914740776, -0.8343818622828806, 0.4314100717144616, -0.14833005584701398, 0.32012509342132445, -0.6002294948488469, -0.02866295245301842, -0.24585545204699288, 0.17688643589321762, 0.6742539622470138, -0.4509666837163644, -0.058804841752180925, 0.5195950956584983, 0.4919543910018038, -0.6586345513762368, -0.18212604571508684, -0.37361782553522227, -0.4677699514995899, 0.43876192011842785, 0.7467658453189387, 0.032548895121246924, 0.6302728772202004, -0.7394823563641821, -0.06637108669157543, 0.7315317398770242, -0.710980779872445, -0.73929459371825, -0.4226209896662052, 0.9555071190230404, 0.5708450500375275, -0.8036140427495366, -0.4131571781446852, 0.264876176315971, 0.2598159412540213, -0.03395254642423695, 0.4890849700375903, -0.7005946766472823, -0.012942721566770565, 0.96490003920556, -0.5121711919654999, -0.537127746084004, 0.5022489620502535, -0.06388441655792776, -0.5310456506329515, -0.8198864391892406, 0.13644231703787946, 0.10023574559434634, -0.47890045590382324, 0.7113533079807057, 0.5193882161264674, 0.2129243697036467, -0.4934860810588566, -0.141722228914974, -0.31774488485336616, 0.6520527773179556, 0.21657054548858135, -0.6784276564799534, -0.8672947115056828, -0.586567366945268, -0.35749260297749963, -0.70721992934119, 0.17652492196726577, 0.49694493913454185, -0.00012949296996356274, 0.9048361643606522, 0.7822731194357775, 0.6258840398786321, -0.6620236011448839, -0.6844123721175847, -0.07545145244068885, -0.8485039473539855, 0.8328169443093205, 0.3666276484711781, 0.7641897031055292]
1019.9635009765625	(8, 12, 2)	[-0.8240204901053014, 0.7248044684157497, -0.7565198101234749, 0.05880754677263367, -0.32682366761959236, 0.9572074142052471, -0.8334000504233825, -0.6741292894551092, -0.9553350874876418, -0.6023476312547837, 0.40455547636223277, -0.36036120010365646, 1.0, 0.7034781551227567, 0.316366399027989, 0.22260900412242224, 0.133641764463867, -0.17546036925902456, -0.4461410878144009, -0.4105688675915087, -0.28996124548767765, 0.85269810275248, 0.9389145250338987, 0.6885419897291434, -0.791259794128319, 0.7005252013029768, -0.8143837509206466, -0.1615814473910282, 0.7658430963693958, -0.15830695176686338, 0.7565385498611701, 0.6043657559854168, 0.9704100253986543, -0.043908015474702466, -0.2938121232034425, 0.006210397272843338, -0.33737727370252857, -0.2499434123419775, 0.9764670842040328, -0.6881217165778966, 0.43671727649329406, -0.03404002151545349, 0.9671057720450809, 0.5648997281606187, 0.6175764128785133, 0.28243180315709, 0.6765340914740776, -0.8343818622828806, 0.4314100717144616, -0.14833005584701398, 0.32012509342132445, -0.6002294948488469, -0.02866295245301842, -0.24585545204699288, 0.17688643589321762, 0.6742539622470138, -0.4509666837163644, -0.058804841752180925, 0.5195950956584983, 0.4919543910018038, -0.6586345513762368, -0.18212604571508684, -0.37361782553522227, -0.4677699514995899, 0.43876192011842785, 0.7467658453189387, 0.032548895121246924, 0.6302728772202004, -0.7394823563641821, -0.06637108669157543, 0.7315317398770242, -0.710980779872445, -0.73929459371825, -0.4226209896662052, 0.9555071190230404, 0.5708450500375275, -0.8036140427495366, -0.4131571781446852, 0.264876176315971, 0.2598159412540213, -0.03395254642423695, 0.4890849700375903, -0.7005946766472823, -0.012942721566770565, 0.96490003920556, -0.5121711919654999, -0.537127746084004, 0.5022489620502535, -0.06388441655792776, -0.5310456506329515, -0.8198864391892406, 0.13644231703787946, 0.10023574559434634, -0.47890045590382324, 0.7113533079807057, 0.5193882161264674, 0.2129243697036467, -0.4934860810588566, -0.141722228914974, -0.31774488485336616, 0.6520527773179556, 0.21657054548858135, -0.6784276564799534, -0.8672947115056828, -0.586567366945268, -0.35749260297749963, -0.70721992934119, 0.17652492196726577, 0.49694493913454185, -0.00012949296996356274, 0.9048361643606522, 0.7822731194357775, 0.6258840398786321, -0.6620236011448839, -0.6844123721175847, -0.07545145244068885, -0.8485039473539855, 0.8328169443093205, 0.3666276484711781, 0.7641897031055292]
1019.9510498046875	(8, 12, 2)	[-0.8240204901053014, 0.7248044684157497, -0.3079382463557905, 0.05880754677263367, 0.13361756736938596, 0.9572074142052471, -0.8334000504233825, -0.6741292894551092, -0.01549824451422932, -0.6023476312547837, 0.40455547636223277, -0.36036120010365646, 0.7700883014793005, -0.4643960507639105, 0.316366399027989, 0.22260900412242224, 0.33615591528170286, -0.17546036925902456, -0.4461410878144009, -0.4105688675915087, -0.28996124548767765, 0.85269810275248, 0.9389145250338987, 0.6885419897291434, -0.791259794128319, 0.7005252013029768, -0.8143837509206466, 0.5082275950771, -0.20979647160232018, -0.15830695176686338, 0.7565385498611701, 0.6043657559854168, 0.9704100253986543, -0.3614682946593757, -0.9380812146001929, 0.006210397272843338, -0.33737727370252857, -0.2499434123419775, 0.9764670842040328, 0.9615073707442636, 0.6325933043577321, -0.8308187505362243, -0.5064537244901124, -0.7385459188254309, 0.15529458438752908, 0.42916862660411637, 0.5332190228412986, -0.8343818622828806, 0.4314100717144616, -0.14833005584701398, 0.32012509342132445, -0.6002294948488469, -0.8450723165210314, -0.24585545204699288, 0.7388085861803051, 0.19142901807664692, 0.83142434258037, 0.8331238496294808, -0.034585242556785856, 0.586277865028495, -0.4816839651064988, -0.41584413134475606, -0.14569976050545197, -0.4677699514995899, 0.43876192011842785, 0.7467658453189387, 0.032548895121246924, 0.527807864512085, -0.7394823563641821, -0.06637108669157543, 0.7315317398770242, -0.710980779872445, -0.73929459371825, -0.7535797744471218, -0.7842805084803732, 0.5708450500375275, -0.8036140427495366, -0.601530617376562, 0.32417030689974813, -0.7476144305947395, -0.03395254642423695, 0.4890849700375903, -0.6240516369898574, -0.6327932342325542, 0.96490003920556, 0.6688988517559011, -0.537127746084004, 0.7858194415434487, -0.06388441655792776, 0.138755267888645, -0.8198864391892406, 0.13644231703787946, 0.10023574559434634, 0.28030138535048366, 0.6971016696577654, 0.5193882161264674, 0.4809016336145484, -0.4934860810588566, 0.874513173098092, -0.31774488485336616, 0.6520527773179556, 0.21657054548858135, -0.6037933106652769, 0.9439813511125275, -0.586567366945268, -0.35749260297749963, 0.30272844830130663, 0.7125046430212212, -0.28585140854815294, 0.4403665504235954, 0.870022268765041, 0.7822731194357775, 0.6258840398786321, -0.6620236011448839, -0.2574903833556902, -0.07545145244068885, -0.8485039473539855, 0.8328169443093205, 0.3666276484711781, 0.7641897031055292]
1018.5740966796875	(8, 12, 2)	[-0.9540140165129327, 0.10728539683501137, -0.7565198101234749, -0.6088955392962394, -0.32682366761959236, 0.7344229235169888, -0.8749022902598483, 0.17435947739642993, -0.9553350874876418, 0.8542898307277165, 0.2598422739746489, -0.2659998766182974, 0.7700883014793005, 0.7034781551227567, 0.316366399027989, -0.42377809870961225, 0.133641764463867, 0.35989174482800235, -0.5072708647819093, -0.4105688675915087, 0.10912650509078636, 0.85269810275248, 0.9389145250338987, 0.5389404396099491, -0.791259794128319, 0.7005252013029768, -0.8143837509206466, -0.1615814473910282, -0.20979647160232018, -0.15830695176686338, -0.023450239571033427, 0.28197934496963817, 0.9704100253986543, 0.07130349889278365, 0.381953073119923, 0.006210397272843338, 0.8042448023658193, -0.2499434123419775, -0.5303304128539554, 0.6089537257152264, 0.6325933043577321, -0.5881843532733853, 0.5105163494794265, 0.3280286663444023, 0.6175764128785133, 0.28243180315709, 0.5332190228412986, -0.8343818622828806, 0.16443865848306838, -0.14833005584701398, 0.32012509342132445, -0.6002294948488469, -0.8450723165210314, -0.24585545204699288, 0.7388085861803051, 0.16803809762021882, 0.44786709717307627, 0.8331238496294808, 0.5195950956584983, 0.4919543910018038, -0.6586345513762368, -0.18212604571508684, -0.1904555957388655, -0.4677699514995899, -0.6765740425663673, 0.7467658453189387, -0.5584469330075128, 0.527807864512085, -0.43155530068308523, -0.6828591775259707, 0.9899741294701143, 0.7328648599727872, -0.73929459371825, -0.4226209896662052, -0.45699430207905656, 0.5708450500375275, -0.8036140427495366, -0.4131571781446852, 0.264876176315971, -0.7476144305947395, -0.03395254642423695, 0.20879707000714398, -0.7665861843140525, -0.6327932342325542, -0.09902267066999482, 0.6688988517559011, -0.6513348617887709, 0.7858194415434487, 0.48248869467319255, -0.5310456506329515, -0.6442025797324011, 0.20466370564522385, -0.1886252033473217, 0.5585114820277495, 0.7911753223256126, 0.5193882161264674, 0.4809016336145484, 1.0, -0.141722228914974, -0.2861987053561801, 0.6520527773179556, 0.2630590622717317, -0.6019238271092328, 0.8047043741771238, -0.695150250625318, 0.35626956245976094, -0.70721992934119, 0.7125046430212212, -0.8745668825427788, -0.00012949296996356274, 0.9048361643606522, -0.2049794895642003, 0.6258840398786321, -0.6620236011448839, -0.6844123721175847, -0.3372483644962989, -0.9537360445728071, 0.35898821385922264, 0.3769814342393566, -0.1310232449735076]
1019.7445068359375	(8, 12, 2)	[-0.9540140165129327, 0.10728539683501137, -0.7565198101234749, -0.6088955392962394, -0.32682366761959236, 0.7344229235169888, -0.8749022902598483, 0.17435947739642993, -0.9553350874876418, 0.8542898307277165, 0.2598422739746489, -0.2659998766182974, 0.7700883014793005, 0.7034781551227567, 0.316366399027989, -0.42377809870961225, 0.133641764463867, 0.35989174482800235, -0.5072708647819093, -0.4105688675915087, 0.10912650509078636, 0.85269810275248, 0.9389145250338987, 0.5389404396099491, -0.791259794128319, 0.7005252013029768, -0.8143837509206466, -0.1615814473910282, -0.20979647160232018, -0.15830695176686338, -0.023450239571033427, 0.28197934496963817, 0.9704100253986543, 0.07130349889278365, 0.381953073119923, 0.006210397272843338, 0.8042448023658193, -0.2499434123419775, -0.5303304128539554, 0.6089537257152264, 0.6325933043577321, -0.5881843532733853, 0.5105163494794265, 0.3280286663444023, 0.6175764128785133, 0.28243180315709, 0.5332190228412986, -0.8343818622828806, 0.16443865848306838, -0.14833005584701398, 0.32012509342132445, -0.6002294948488469, -0.8450723165210314, -0.24585545204699288, 0.7388085861803051, 0.16803809762021882, 0.44786709717307627, 0.8331238496294808, 0.5195950956584983, 0.4919543910018038, -0.6586345513762368, -0.18212604571508684, -0.1904555957388655, -0.4677699514995899, -0.6765740425663673, 0.7467658453189387, -0.5584469330075128, 0.527807864512085, -0.43155530068308523, -0.6828591775259707, 0.9899741294701143, 0.7328648599727872, -0.73929459371825, -0.4226209896662052, -0.45699430207905656, 0.5708450500375275, -0.8036140427495366, -0.4131571781446852, 0.264876176315971, -0.7476144305947395, -0.03395254642423695, 0.20879707000714398, -0.7665861843140525, -0.6327932342325542, -0.09902267066999482, 0.6688988517559011, -0.6513348617887709, 0.7858194415434487, 0.48248869467319255, -0.5310456506329515, -0.6442025797324011, 0.20466370564522385, -0.1886252033473217, 0.5585114820277495, 0.7911753223256126, 0.5193882161264674, 0.4809016336145484, 1.0, -0.141722228914974, -0.2861987053561801, 0.6520527773179556, 0.2630590622717317, -0.6019238271092328, 0.8047043741771238, -0.695150250625318, 0.35626956245976094, -0.70721992934119, 0.7125046430212212, -0.8745668825427788, -0.00012949296996356274, 0.9048361643606522, -0.2049794895642003, 0.6258840398786321, -0.6620236011448839, -0.6844123721175847, -0.3372483644962989, -0.9537360445728071, 0.35898821385922264, 0.3769814342393566, -0.1310232449735076]
1019.9274291992188	(8, 12, 2)	[-0.9540140165129327, 0.28792255466401184, -0.3079382463557905, 0.05880754677263367, 0.13361756736938596, 0.9572074142052471, -0.8334000504233825, -0.6741292894551092, -0.9553350874876418, -0.6023476312547837, 0.40455547636223277, -0.36036120010365646, 0.7700883014793005, 0.7034781551227567, 0.316366399027989, 0.5993399888638882, 0.33615591528170286, 0.35989174482800235, -0.5072708647819093, -0.3729739667269141, 0.10912650509078636, 0.7416038800849353, 0.9389145250338987, -0.14675913421418163, -0.6583478607595361, 0.7005252013029768, -0.8143837509206466, 0.5082275950771, -0.20979647160232018, -0.15830695176686338, 0.4309903271003641, 0.28197934496963817, 0.40713583661459096, -0.043908015474702466, -0.9380812146001929, 0.006210397272843338, 0.3482348551996881, -0.2499434123419775, 0.806454505296244, 0.9615073707442636, 0.43671727649329406, -0.8308187505362243, -0.6222710505095961, -0.6499892412657393, -0.9774816404892817, 0.28243180315709, 0.5672045510508424, -0.8245755455105226, 0.7236316922832926, -0.14833005584701398, 0.6736618454650967, -0.6002294948488469, -0.8450723165210314, -0.24585545204699288, 0.7388085861803051, 0.36861085326395815, -0.3124249909636966, 0.8331238496294808, -0.034585242556785856, 0.3636651209725772, -0.9363488176160357, -0.7412475905110748, -0.14569976050545197, 0.049386811929344576, 0.43876192011842785, -0.05427027775813875, 0.2926071742413281, 0.5573359357817316, 0.33879490475647334, -0.5645611385339993, 0.7315317398770242, -0.710980779872445, -0.73929459371825, 0.2528150201692625, -0.7133578583751463, 0.5708450500375275, -0.740245261545641, -0.601530617376562, 0.32417030689974813, -0.7476144305947395, -0.7023879186910391, 0.4890849700375903, -0.6240516369898574, -0.6327932342325542, 0.96490003920556, -0.5977036986387749, -0.537127746084004, 0.7858194415434487, 0.6131068497753478, 0.138755267888645, -0.8198864391892406, 0.13644231703787946, 0.6829529090500945, -0.47890045590382324, 0.6971016696577654, -0.5432975624494429, 0.4809016336145484, -0.4934860810588566, 0.874513173098092, -0.31774488485336616, 0.6520527773179556, 0.2630590622717317, -0.6037933106652769, -0.9211247570326822, -0.586567366945268, -0.35749260297749963, 0.30272844830130663, 0.2860155785450875, -0.28585140854815294, 0.4403665504235954, -0.258519374687316, -0.2049794895642003, 0.6258840398786321, 0.45939502200585736, -0.07647877501155095, -0.07545145244068885, -0.8485039473539855, 0.9926576123579318, 0.3498362995697464, 0.8685207898160852]
1019.92919921875	(8, 12, 2)	[-0.8240204901053014, 0.28792255466401184, -0.8746842188274206, -0.6088955392962394, -0.3593542318772387, 0.7344229235169888, -0.6967887055282427, 0.17435947739642993, -0.9553350874876418, -0.6023476312547837, 0.8732252675376595, -0.36036120010365646, -0.8143035391825477, -0.37285582994863, 0.6155738590711404, 0.22260900412242224, 0.133641764463867, 0.35989174482800235, -0.5072708647819093, -0.3729739667269141, 0.10912650509078636, 0.85269810275248, 0.9389145250338987, -0.14675913421418163, 0.9502709802973418, 0.852715595233464, -0.8143837509206466, -0.1615814473910282, -0.20979647160232018, 0.8035736118490782, -0.023450239571033427, 0.28197934496963817, 0.20498842629430092, -0.043908015474702466, -0.9380812146001929, 0.006210397272843338, 0.3482348551996881, -0.2499434123419775, 0.806454505296244, 0.6781633382288035, 0.6325933043577321, -0.5881843532733853, -0.5064537244901124, 0.3280286663444023, 0.6175764128785133, 0.28243180315709, 0.5672045510508424, -0.8245755455105226, 0.7236316922832926, -0.14833005584701398, 0.32012509342132445, -0.3966506959707008, -0.8450723165210314, -0.24585545204699288, 0.17688643589321762, 0.36861085326395815, 0.83142434258037, 0.8331238496294808, 0.5195950956584983, 0.9814977384107204, -0.6586345513762368, -0.7412475905110748, 0.7758831584124304, -0.4677699514995899, 0.43876192011842785, 0.7467658453189387, -0.5584469330075128, 0.527807864512085, 0.33879490475647334, -0.0954045198780662, 0.9899741294701143, -0.710980779872445, -0.73929459371825, -0.4226209896662052, -0.7842805084803732, 0.5708450500375275, -0.740245261545641, -0.601530617376562, 0.32417030689974813, -0.7476144305947395, -0.7023879186910391, 0.4890849700375903, -0.7665861843140525, -0.6327932342325542, 0.6696633727834882, 0.20757307464548447, -0.6513348617887709, 0.5022489620502535, 0.05071254625470466, -0.5310456506329515, -0.8198864391892406, 0.13644231703787946, 0.6829529090500945, 0.32455615949375966, 0.6971016696577654, 0.5193882161264674, 0.4809016336145484, 1.0, 0.874513173098092, -0.31774488485336616, 0.6520527773179556, 0.21657054548858135, -0.6019238271092328, 0.8047043741771238, -0.695150250625318, -0.35749260297749963, -0.70721992934119, 0.7125046430212212, 0.49694493913454185, -0.00012949296996356274, 0.9048361643606522, 0.2878507332193234, 0.6258840398786321, 0.45939502200585736, 0.5895838413786711, -0.07545145244068885, -0.9537360445728071, 0.9926576123579318, 0.3769814342393566, 0.8685207898160852]
1019.9609985351562	(8, 12, 2)	[-0.8240204901053014, 0.28792255466401184, -0.1005570597812769, -0.04562276096320009, -0.43282664575405644, 0.581930692226649, -0.6967887055282427, 0.17435947739642993, -0.9553350874876418, -0.9510757180323102, 0.8732252675376595, -0.36036120010365646, 0.7700883014793005, -0.42051663857160215, 0.316366399027989, 0.15836635560355056, 0.133641764463867, 0.7264003384745217, -0.06540718242570809, -0.4105688675915087, -0.28996124548767765, -0.7410959482789266, -0.09274032821710643, -0.14675913421418163, -0.3265177148542213, 0.7005252013029768, -1.0, 0.5082275950771, -0.20979647160232018, -0.30227888182813384, -0.023450239571033427, 0.28197934496963817, 0.20498842629430092, -0.3614682946593757, -0.9380812146001929, 0.006210397272843338, 0.8042448023658193, -0.2499434123419775, -0.9223929316270796, 0.6781633382288035, 0.43671727649329406, -0.5881843532733853, -0.5064537244901124, 0.6085782632091296, 0.15529458438752908, 0.5635555288410814, 0.5332190228412986, -0.8343818622828806, 0.16443865848306838, -0.14833005584701398, -0.9397282389236805, -0.3966506959707008, -0.8450723165210314, -0.24585545204699288, 0.7388085861803051, 0.19142901807664692, 0.83142434258037, 0.8331238496294808, -0.8636167345779476, 0.586277865028495, -0.6586345513762368, -0.7412475905110748, -0.14569976050545197, 0.049386811929344576, 0.8215101982331046, 0.7467658453189387, -0.5584469330075128, 0.6302728772202004, 0.33879490475647334, -0.6828591775259707, 0.4320902448359105, -0.710980779872445, -0.73929459371825, -0.4226209896662052, -0.7842805084803732, 0.5708450500375275, -0.8036140427495366, -0.601530617376562, 0.611101245059618, -0.7476144305947395, -0.7023879186910391, 0.4890849700375903, -0.6240516369898574, 0.7647131197097214, 0.96490003920556, -0.5977036986387749, -0.537127746084004, 0.7858194415434487, 0.48248869467319255, -0.5310456506329515, -0.8198864391892406, 0.13644231703787946, -0.1886252033473217, 0.28030138535048366, -0.06241506083546278, 0.5193882161264674, 0.4809016336145484, -1.0, 0.52747268031476, 0.7510355832878148, 0.6520527773179556, -0.7744526560527771, -0.6037933106652769, 0.9439813511125275, -0.586567366945268, 0.35626956245976094, -0.70721992934119, 0.2860155785450875, 0.7623805792756218, -0.00012949296996356274, 0.870022268765041, -0.2049794895642003, 0.575817679431006, -0.6620236011448839, -0.31810251949508683, -0.07545145244068885, -0.9537360445728071, 0.35898821385922264, 0.5039941324032771, -0.7163256634602078]
1019.9380493164062	(8, 12, 2)	[-0.9540140165129327, 0.28792255466401184, -0.1005570597812769, 0.050905680705474854, -0.3593542318772387, 0.9572074142052471, -0.8334000504233825, 0.17435947739642993, -0.9553350874876418, -0.9510757180323102, 0.2598422739746489, -0.2904047104369158, 0.7700883014793005, 0.7034781551227567, 0.6155738590711404, 0.22260900412242224, -0.3607319677521681, 0.35989174482800235, -0.3951307904840191, -0.3729739667269141, 0.10912650509078636, -0.005947140106842053, -0.0625801236580232, 0.7905535723671178, -0.8338209667980123, 0.7005252013029768, -0.8143837509206466, 0.5082275950771, -0.20979647160232018, 0.8035736118490782, -0.023450239571033427, 0.2451004810988111, 0.20498842629430092, -0.043908015474702466, 0.381953073119923, 0.006210397272843338, 0.3482348551996881, -0.2499434123419775, 0.806454505296244, -0.6881217165778966, 0.7867672622731512, -0.8308187505362243, -0.6222710505095961, 0.5648997281606187, 0.6175764128785133, 0.5635555288410814, 0.6765340914740776, -0.8343818622828806, 0.7236316922832926, -0.14833005584701398, -0.9154602584441425, -0.6002294948488469, -0.8450723165210314, -0.24585545204699288, 0.7388085861803051, 0.36861085326395815, -0.4509666837163644, 0.0070635866489864585, -0.034585242556785856, 0.586277865028495, -0.9363488176160357, -0.7412475905110748, -0.14569976050545197, -0.4634289586232154, 0.43876192011842785, 0.7467658453189387, 0.2926071742413281, 0.7363524414956408, 0.33879490475647334, -0.6828591775259707, 0.07193785021922006, -0.710980779872445, -0.73929459371825, 0.12110835431159528, -0.7842805084803732, 0.20695920030609338, -0.740245261545641, -0.601530617376562, 0.611101245059618, 0.2598159412540213, -0.7023879186910391, 0.4890849700375903, -0.7665861843140525, -0.5250898164728992, 0.96490003920556, -0.5977036986387749, -0.537127746084004, 0.7858194415434487, -0.9791443622165394, 0.138755267888645, -0.8198864391892406, 0.13644231703787946, 0.6829529090500945, 0.5585114820277495, 0.7113533079807057, 0.8677671199035437, 0.4809016336145484, -0.4934860810588566, 0.52747268031476, -0.31774488485336616, 0.6520527773179556, 0.21657054548858135, -0.6037933106652769, 0.8047043741771238, -0.586567366945268, -0.35749260297749963, -0.70721992934119, 0.2860155785450875, -0.8992159991551607, -0.00012949296996356274, 0.2715288003226982, 0.2878507332193234, 0.6258840398786321, 0.45939502200585736, 0.09653166282238113, -0.1844136682606215, -0.8485039473539855, 0.9926576123579318, 0.3498362995697464, -0.6196455787096129]
1019.4239501953125	(8, 12, 2)	[-0.8240204901053014, 0.28792255466401184, -0.8746842188274206, 0.050905680705474854, 0.13361756736938596, 0.9572074142052471, 0.35180891074768184, 0.17435947739642993, -0.9553350874876418, -0.6023476312547837, 0.8732252675376595, -0.36036120010365646, 0.8339683756795784, 0.7034781551227567, 0.316366399027989, -0.42377809870961225, -0.3607319677521681, 0.35989174482800235, -0.5072708647819093, -0.4105688675915087, -0.28996124548767765, 0.85269810275248, 0.9389145250338987, 0.540283083169367, -0.3265177148542213, 0.7005252013029768, -0.8143837509206466, 0.5082275950771, -0.20979647160232018, -0.15830695176686338, -0.023450239571033427, 0.28197934496963817, 0.20498842629430092, -0.3614682946593757, -0.9380812146001929, 0.5551893992277763, 0.3482348551996881, -0.2499434123419775, 0.806454505296244, 0.6781633382288035, 0.43671727649329406, -0.5881843532733853, -0.6222710505095961, 0.3852476515696977, 0.15529458438752908, 0.5635555288410814, 0.7779026010788935, -0.8343818622828806, 0.16443865848306838, -0.14833005584701398, -0.9154602584441425, -0.6002294948488469, -0.8450723165210314, -0.24585545204699288, 0.4220020635430941, 0.36861085326395815, -0.4509666837163644, 0.8331238496294808, 0.5195950956584983, 0.3636651209725772, -0.6586345513762368, -0.18212604571508684, -0.3803912868136312, -0.4677699514995899, 0.43876192011842785, 0.7467658453189387, -0.5584469330075128, 0.527807864512085, 0.33879490475647334, -0.6828591775259707, 0.9899741294701143, 0.08780689041305943, 0.5101911531202348, 0.12110835431159528, -0.7842805084803732, 0.5708450500375275, -0.740245261545641, -0.4131571781446852, 0.706971151509393, -0.7476144305947395, -0.7023879186910391, 0.20879707000714398, -0.6240516369898574, -0.4394102898223771, -0.09902267066999482, 0.6688988517559011, -0.6802962234409186, 0.7858194415434487, 0.05071254625470466, -0.5310456506329515, -0.8198864391892406, 0.13644231703787946, -0.1886252033473217, -0.47890045590382324, -0.17603743890381263, 0.7031288842528925, 0.4809016336145484, 1.0, 0.52747268031476, -0.2861987053561801, 0.6520527773179556, 0.21657054548858135, -0.6019238271092328, 0.8047043741771238, -0.2985880068261917, -0.3740105168231008, 0.07986707039819807, 0.2860155785450875, -0.28585140854815294, -0.00012949296996356274, 0.9048361643606522, -0.2049794895642003, 0.6930228333890875, 0.44594040471574514, 0.5895838413786711, -0.07545145244068885, -0.9537360445728071, 0.9955920704582, 0.3498362995697464, 0.8685207898160852]
1019.9620971679688	(8, 12, 2)	[-0.9540140165129327, 0.28792255466401184, -0.8746842188274206, 0.050905680705474854, 0.13361756736938596, 1.0, -0.8334000504233825, -0.6741292894551092, -0.9553350874876418, -0.9510757180323102, 0.2598422739746489, -0.36036120010365646, 0.7700883014793005, 0.7034781551227567, 0.316366399027989, -0.42377809870961225, -0.3607319677521681, 0.35989174482800235, -0.3951307904840191, -0.4105688675915087, 0.10912650509078636, 0.85269810275248, -0.09274032821710643, 0.7905535723671178, -0.791259794128319, 0.7005252013029768, -0.8143837509206466, 0.5082275950771, -0.20979647160232018, -0.15830695176686338, 0.4309903271003641, 0.28197934496963817, 0.9704100253986543, -0.3614682946593757, -0.9380812146001929, 0.7989619371907486, 0.3482348551996881, -0.49901678762377527, 0.806454505296244, -0.6881217165778966, 0.6325933043577321, -0.03404002151545349, -0.6222710505095961, 0.6085782632091296, 0.6175764128785133, 0.5635555288410814, 0.7779026010788935, -0.8245755455105226, 0.7236316922832926, -0.14833005584701398, 0.32012509342132445, -0.6002294948488469, -0.8450723165210314, -0.24585545204699288, 0.7388085861803051, 0.36861085326395815, -0.4509666837163644, 0.0070635866489864585, -0.034585242556785856, 0.586277865028495, -0.6586345513762368, -0.41584413134475606, -0.16179065377228666, -0.4634289586232154, 0.8215101982331046, 0.7467658453189387, 0.032548895121246924, 0.527807864512085, -0.43155530068308523, -0.6828591775259707, 0.7315317398770242, 0.15210775139073784, 0.5101911531202348, 0.12110835431159528, -0.7842805084803732, 0.20695920030609338, -0.740245261545641, -0.601530617376562, 0.611101245059618, -0.7476144305947395, -0.7023879186910391, 0.4890849700375903, -0.6559754989139152, 0.7647131197097214, 0.6696633727834882, 0.6688988517559011, -0.6513348617887709, 0.7858194415434487, -0.9791443622165394, -0.4446986445081525, 0.5624183865810137, 0.13644231703787946, 0.10023574559434634, 0.5585114820277495, -0.6133921929172261, -0.7915214614602859, 0.4809016336145484, 1.0, 0.52747268031476, -0.31774488485336616, 0.6520527773179556, 0.21657054548858135, -0.6037933106652769, -0.796130138726707, -0.695150250625318, 0.35626956245976094, 0.30272844830130663, 0.7125046430212212, 0.7623805792756218, 0.4583904924664368, 0.2715288003226982, -0.2049794895642003, 0.6258840398786321, -0.6620236011448839, -0.31810251949508683, -0.3372483644962989, -0.9537360445728071, 0.8328169443093205, 0.3498362995697464, -0.6196455787096129]
1019.923095703125	(8, 12, 2)	[-0.8240204901053014, 0.7248044684157497, -0.04627789763503709, 0.050905680705474854, 0.8442376889203471, 0.9572074142052471, -0.8334000504233825, -0.6741292894551092, -0.9553350874876418, -0.9510757180323102, -0.34414767860136175, -0.2904047104369158, 0.7700883014793005, -0.37285582994863, 0.6155738590711404, -0.42377809870961225, 0.33615591528170286, 0.35989174482800235, -0.5072708647819093, -0.4105688675915087, 0.21441583473976994, -0.7410959482789266, 0.6999249330027241, 0.6885419897291434, -0.6583478607595361, 0.852715595233464, -0.8143837509206466, -0.1615814473910282, 0.7658430963693958, 0.7641259079529312, 0.4309903271003641, 0.28197934496963817, 0.20498842629430092, -0.3614682946593757, -0.2938121232034425, 0.006210397272843338, 0.3482348551996881, -0.8024611354229254, 0.9764670842040328, 0.7382529761586156, 0.7867672622731512, -0.8308187505362243, -0.5064537244901124, 0.6085782632091296, 0.15529458438752908, 0.28243180315709, 0.5332190228412986, -0.8245755455105226, 0.7236316922832926, -0.14833005584701398, -0.9154602584441425, -0.6002294948488469, -0.8450723165210314, -0.24585545204699288, 0.7388085861803051, 0.36861085326395815, -0.4509666837163644, 0.8331238496294808, 0.5195950956584983, 0.3636651209725772, -0.6586345513762368, -0.7412475905110748, -0.16179065377228666, -0.4677699514995899, 0.43876192011842785, 0.7467658453189387, 0.2926071742413281, 0.6749760769030888, -0.3543342083744423, -0.6828591775259707, 0.06076146779966205, -0.710980779872445, -0.73929459371825, -0.4226209896662052, -0.45699430207905656, 0.5708450500375275, -0.740245261545641, -0.601530617376562, 0.611101245059618, 0.2598159412540213, -0.7023879186910391, 0.4890849700375903, -0.7665861843140525, 0.7647131197097214, 0.6696633727834882, -0.5977036986387749, -0.537127746084004, 0.7858194415434487, 0.05071254625470466, 0.06110962947748699, -0.8198864391892406, 0.13644231703787946, 0.6829529090500945, 0.28030138535048366, -0.17603743890381263, -0.7915214614602859, 0.4809016336145484, 1.0, -0.141722228914974, -0.3584228743280949, 0.6520527773179556, 0.21657054548858135, -0.6037933106652769, -0.9211247570326822, -0.586567366945268, -0.35749260297749963, 0.07986707039819807, 0.2860155785450875, -0.28585140854815294, -0.00012949296996356274, -0.258519374687316, 0.2878507332193234, 0.6258840398786321, -0.6620236011448839, -0.31810251949508683, -0.1844136682606215, -0.8485039473539855, 0.9926576123579318, 0.3666276484711781, 0.7641897031055292]
1019.0487670898438	(8, 12, 2)	[-0.8240204901053014, 0.28792255466401184, -0.1005570597812769, 0.05880754677263367, 0.8442376889203471, 0.9572074142052471, -0.8749022902598483, 0.17435947739642993, -0.9553350874876418, -0.6023476312547837, 0.40455547636223277, -0.9557538308852023, 0.7700883014793005, -0.37285582994863, 0.316366399027989, 0.22260900412242224, 0.133641764463867, 0.35989174482800235, -0.4461410878144009, -0.4105688675915087, 0.10912650509078636, 0.85269810275248, 0.6999249330027241, 0.7905535723671178, -0.6583478607595361, 0.852715595233464, -0.8143837509206466, -0.1615814473910282, -0.17554223476561875, 0.7326110660667828, 0.7565385498611701, 0.28197934496963817, 0.20498842629430092, -0.3614682946593757, 0.381953073119923, 0.006210397272843338, -0.33737727370252857, -0.45013469894355573, 0.9764670842040328, 0.6089537257152264, 0.6325933043577321, -0.5881843532733853, -0.6222710505095961, -0.6499892412657393, -0.9774816404892817, 0.28243180315709, 0.6765340914740776, -0.8343818622828806, 0.7236316922832926, -0.14833005584701398, -0.9154602584441425, -0.39412184792476185, -0.8450723165210314, 0.7529105166358487, 0.8476316020952122, 0.16803809762021882, -0.4509666837163644, 0.8331238496294808, -0.034585242556785856, 0.9814977384107204, -0.6586345513762368, -0.41584413134475606, 0.7758831584124304, -0.4634289586232154, 0.43876192011842785, 0.7467658453189387, -0.48131275280467034, 0.527807864512085, -0.35883404258075846, -0.0954045198780662, 0.9899741294701143, -0.710980779872445, 0.46069388690964264, -0.4609665831712664, -0.3422894341776941, 0.20695920030609338, -0.740245261545641, -0.601530617376562, 0.611101245059618, -0.7476144305947395, -0.0006583775171126877, 0.4890849700375903, -0.7665861843140525, -0.5506127377071531, 0.96490003920556, -0.5977036986387749, -0.537127746084004, 0.7858194415434487, -0.9791443622165394, -0.09907619434480774, -0.6442025797324011, 0.13644231703787946, 0.031914625253923426, 0.28030138535048366, -0.17603743890381263, -0.5432975624494429, 0.4809016336145484, -0.4934860810588566, -0.141722228914974, -0.3584228743280949, 0.6520527773179556, 0.21657054548858135, -0.6037933106652769, -0.848404549980694, -0.2985880068261917, 0.35626956245976094, 0.30272844830130663, 0.7125046430212212, 0.7623805792756218, -0.00012949296996356274, -0.251621386004381, 0.2878507332193234, 0.6258840398786321, -0.6620236011448839, -0.2574903833556902, -0.3372483644962989, -0.9537360445728071, 0.35898821385922264, 0.3498362995697464, 0.7641897031055292]
1019.0313720703125	(8, 12, 2)	[-0.9540140165129327, 0.7248044684157497, -0.8746842188274206, 0.050905680705474854, 0.8442376889203471, 0.581930692226649, -0.8156183813381782, 0.17435947739642993, -0.9553350874876418, -0.9510757180323102, -0.34414767860136175, -0.36036120010365646, 0.7700883014793005, -0.37285582994863, 0.316366399027989, 0.23462947286425279, 0.33615591528170286, 0.35989174482800235, -0.3951307904840191, -0.4105688675915087, 0.10912650509078636, -0.7410959482789266, 0.9389145250338987, -0.14675913421418163, -0.6583478607595361, 0.7005252013029768, -0.8143837509206466, -0.1615814473910282, -0.20979647160232018, 0.8035736118490782, 0.4309903271003641, 0.28197934496963817, 0.20498842629430092, -0.3614682946593757, -0.9380812146001929, 0.7989619371907486, -0.33737727370252857, -0.8024611354229254, 0.806454505296244, 0.9615073707442636, 0.7867672622731512, -0.9367705256429422, -0.5064537244901124, 0.6085782632091296, 0.6175764128785133, 0.28243180315709, 0.8648858257784495, -0.8343818622828806, 0.7236316922832926, 0.8339177943636058, 0.32012509342132445, -0.6002294948488469, -0.8450723165210314, -0.24585545204699288, 0.8476316020952122, 0.36861085326395815, -0.4509666837163644, 0.8331238496294808, -0.034585242556785856, 0.586277865028495, -0.7449967819902235, -0.7412475905110748, -0.3803912868136312, -0.4677699514995899, 0.43876192011842785, 0.7467658453189387, -0.5584469330075128, 0.6302728772202004, -0.3543342083744423, -0.6828591775259707, 0.7315317398770242, 0.08780689041305943, -0.73929459371825, 0.12110835431159528, -0.7133578583751463, 0.5708450500375275, -0.740245261545641, -0.601530617376562, 0.611101245059618, 0.2598159412540213, -0.7023879186910391, 0.4890849700375903, -0.6240516369898574, 0.7647131197097214, 0.6696633727834882, 0.20757307464548447, -0.7148586856519475, 0.7858194415434487, 0.05071254625470466, 0.06110962947748699, 0.5624183865810137, 0.04661154333399227, 0.6829529090500945, 0.5585114820277495, -0.20964638346220982, 0.5193882161264674, 0.4809016336145484, 0.9655226192089548, 0.52747268031476, -0.3584228743280949, 0.6520527773179556, 0.21657054548858135, -0.6037933106652769, 0.7452429076890421, -0.586567366945268, 0.35626956245976094, -0.70721992934119, 0.2860155785450875, 0.49694493913454185, -0.00012949296996356274, -0.258519374687316, -0.2049794895642003, 0.6258840398786321, 0.44594040471574514, -0.07647877501155095, -0.1844136682606215, -0.8485039473539855, 0.9955920704582, 0.3498362995697464, 0.8685207898160852]
1019.713134765625	(8, 12, 2)	[-0.8240204901053014, 0.7248044684157497, -0.04627789763503709, 0.10665641273326563, 0.13361756736938596, 0.9572074142052471, -0.6967887055282427, -0.5100824583377099, -0.9553350874876418, -0.7600935664719931, -0.34414767860136175, -0.36036120010365646, 0.7700883014793005, -0.37285582994863, 0.6155738590711404, 0.37342762259219064, 0.133641764463867, 0.35989174482800235, -0.4461410878144009, -0.4105688675915087, 0.10912650509078636, -0.005947140106842053, 0.6999249330027241, 0.6885419897291434, -0.6583478607595361, 0.7005252013029768, -0.8143837509206466, -0.1615814473910282, 0.7658430963693958, 0.8035736118490782, 0.7565385498611701, 0.28197934496963817, 0.20498842629430092, -0.043908015474702466, 0.381953073119923, 0.5551893992277763, -0.33737727370252857, -0.8231384202135077, 0.9764670842040328, 0.6089537257152264, 0.43671727649329406, -0.8308187505362243, 0.9671057720450809, -0.6499892412657393, 0.9292994889594413, 0.28243180315709, -0.49799999840479514, -0.8343818622828806, 0.4314100717144616, -0.14833005584701398, 0.32012509342132445, -0.6002294948488469, -0.8450723165210314, -0.44200847866450865, 0.7388085861803051, 0.16803809762021882, -0.4509666837163644, 0.8331238496294808, -0.034585242556785856, 0.4919543910018038, -0.5118803076209721, -0.7412475905110748, -0.16179065377228666, -0.4634289586232154, 0.43876192011842785, 0.7467658453189387, -0.48131275280467034, 0.527807864512085, 0.33879490475647334, -0.06637108669157543, 0.07193785021922006, 0.7328648599727872, 0.46069388690964264, -0.4226209896662052, 0.9555071190230404, 0.5708450500375275, -0.8036140427495366, -0.4131571781446852, 0.5930957321736356, 0.2598159412540213, -0.0006583775171126877, -0.7451722577078927, -0.5488734819140524, -0.012942721566770565, 0.96490003920556, 0.20757307464548447, -0.537127746084004, 0.7858194415434487, -0.9791443622165394, 0.11380877059880913, -0.8198864391892406, 0.31018556306585726, -0.1886252033473217, 0.28030138535048366, 0.7911753223256126, -0.7915214614602859, 0.4809016336145484, -0.4934860810588566, -0.141722228914974, -0.3584228743280949, 0.6520527773179556, 0.2630590622717317, -0.6037933106652769, 0.8047043741771238, -0.695150250625318, 0.35626956245976094, -0.70721992934119, 0.2860155785450875, 0.28855153911534603, -0.00012949296996356274, -0.258519374687316, 0.2878507332193234, 0.745779240001385, -0.6620236011448839, -0.3631735956984763, -0.3372483644962989, -0.8485039473539855, 0.8328169443093205, 0.3498362995697464, 0.8685207898160852]
1019.340576171875	(8, 12, 2)	[-0.8240204901053014, 0.28792255466401184, -0.04627789763503709, 0.10665641273326563, 0.13361756736938596, 0.9572074142052471, -0.8334000504233825, -0.5100824583377099, -0.9553350874876418, -0.4046087185912681, 0.2598422739746489, -0.36036120010365646, 0.7700883014793005, 0.7034781551227567, 0.316366399027989, 0.37342762259219064, -0.3607319677521681, 0.35989174482800235, -0.4461410878144009, -0.4105688675915087, 0.10912650509078636, -0.005947140106842053, 0.9389145250338987, -0.14675913421418163, -0.6583478607595361, -0.3841335849621974, -0.8143837509206466, -0.1615814473910282, 0.7658430963693958, 0.8035736118490782, 0.7565385498611701, 0.28197934496963817, 0.9704100253986543, -0.043908015474702466, 0.381953073119923, 0.5551893992277763, -0.33737727370252857, -0.2794528873959269, 0.9764670842040328, 0.6089537257152264, 0.43671727649329406, -0.8308187505362243, -0.6222710505095961, -0.6499892412657393, 0.9292994889594413, 0.28243180315709, -0.49799999840479514, -0.8343818622828806, 0.3706885927454022, -0.14833005584701398, 0.32012509342132445, -0.6002294948488469, -0.8450723165210314, -0.24585545204699288, 0.8476316020952122, 0.16803809762021882, -0.4509666837163644, 0.8331238496294808, -0.034585242556785856, 0.586277865028495, -0.9363488176160357, -0.23445954855205778, -0.16179065377228666, -0.4634289586232154, 0.43876192011842785, 0.7467658453189387, -0.48131275280467034, 0.527807864512085, 0.33879490475647334, -0.06637108669157543, 0.07193785021922006, 0.7328648599727872, 0.46069388690964264, -0.4226209896662052, 0.9555071190230404, 0.5708450500375275, -0.8036140427495366, -0.4131571781446852, 0.5930957321736356, 0.2598159412540213, 0.3384356775875812, 0.4890849700375903, -0.7665861843140525, -0.012942721566770565, -0.09902267066999482, 0.20757307464548447, -0.537127746084004, 0.7858194415434487, -0.9791443622165394, 0.11380877059880913, -0.8198864391892406, 0.31018556306585726, -0.1886252033473217, 0.28030138535048366, 0.7911753223256126, -0.7915214614602859, 0.4809016336145484, -0.4934860810588566, -0.141722228914974, -0.3584228743280949, 0.6520527773179556, 0.2630590622717317, -0.5789700147152728, 0.8047043741771238, -0.695150250625318, 0.35626956245976094, -0.70721992934119, 0.2860155785450875, 0.28855153911534603, -0.00012949296996356274, -0.258519374687316, 0.2878507332193234, 0.745779240001385, -0.6620236011448839, -0.3631735956984763, -0.3372483644962989, -0.8485039473539855, 1.0, 0.3498362995697464, 0.8685207898160852]
1018.5176391601562	(8, 12, 2)	[-0.8240204901053014, 0.7248044684157497, -0.8746842188274206, 0.050905680705474854, 0.8442376889203471, 0.9572074142052471, -0.6967887055282427, 0.17435947739642993, -0.9553350874876418, -0.6023476312547837, 0.2598422739746489, -0.9557538308852023, 0.7700883014793005, 0.7034781551227567, 0.6155738590711404, 0.22260900412242224, -0.3607319677521681, 0.7264003384745217, -0.5072708647819093, -0.4105688675915087, 0.10912650509078636, -0.005947140106842053, 0.6999249330027241, 0.7905535723671178, -0.791259794128319, 0.588858260365571, -1.0, 0.5082275950771, -0.20979647160232018, 0.8035736118490782, 0.7565385498611701, 0.28197934496963817, 0.9704100253986543, -0.043908015474702466, 0.381953073119923, 0.006210397272843338, 0.16125140320703435, -0.45013469894355573, 0.9764670842040328, 0.9615073707442636, 0.43671727649329406, -0.5881843532733853, -0.6222710505095961, -0.6499892412657393, 0.9292994889594413, 0.28243180315709, 0.7779026010788935, -0.8343818622828806, 0.7236316922832926, 0.8339177943636058, -0.9154602584441425, -0.6002294948488469, -0.8450723165210314, 0.7529105166358487, 0.4220020635430941, 0.36861085326395815, -0.4509666837163644, 0.8331238496294808, -0.034585242556785856, 0.586277865028495, -0.7449967819902235, -0.7412475905110748, 0.7758831584124304, -0.4677699514995899, -0.6765740425663673, 0.7467658453189387, 0.032548895121246924, 0.6302728772202004, -0.43155530068308523, -0.8124651239705055, 0.7315317398770242, -0.710980779872445, 0.5101911531202348, -0.4226209896662052, -0.7842805084803732, 0.5708450500375275, -0.740245261545641, -0.601530617376562, 0.706971151509393, -0.7476144305947395, 0.49389992342993105, 0.4890849700375903, -0.7665861843140525, -0.4394102898223771, 0.96490003920556, 0.6628252206807826, -0.6513348617887709, 0.7858194415434487, -0.9791443622165394, -0.5310456506329515, -0.6442025797324011, 0.20466370564522385, 0.10023574559434634, 0.32455615949375966, -0.17603743890381263, 0.5193882161264674, 0.4809016336145484, -1.0, -0.141722228914974, -0.3584228743280949, 0.6520527773179556, 0.21657054548858135, -0.6037933106652769, 0.8047043741771238, -0.586567366945268, 0.35626956245976094, 0.30272844830130663, 0.7125046430212212, -0.8992159991551607, -0.00012949296996356274, 0.9048361643606522, -0.2049794895642003, 0.6258840398786321, -0.5582923679350775, -0.31810251949508683, -0.3372483644962989, -0.9537360445728071, 0.9926576123579318, 0.3498362995697464, 0.8685207898160852]
1019.950927734375	(8, 12, 2)	[-0.7839107909909397, 0.10728539683501137, 0.025348117559681624, 0.6519445972790026, 0.13361756736938596, 0.9572074142052471, -0.6967887055282427, -0.6741292894551092, -0.9553350874876418, -0.9510757180323102, 0.2598422739746489, -0.2659998766182974, 0.7700883014793005, 0.7034781551227567, 0.6155738590711404, 0.22260900412242224, -0.3607319677521681, 0.7264003384745217, -0.4461410878144009, -0.4105688675915087, 0.10912650509078636, -0.005947140106842053, 0.9389145250338987, 0.7905535723671178, -0.6583478607595361, 0.7005252013029768, -1.0, -0.1615814473910282, 0.7658430963693958, 0.8035736118490782, -0.2049741302151995, 0.28197934496963817, 0.20498842629430092, -0.3614682946593757, -1.0, 0.006210397272843338, 0.3482348551996881, -0.2499434123419775, 0.806454505296244, 0.6781633382288035, 0.43671727649329406, -0.5881843532733853, -0.6222710505095961, -0.6499892412657393, 0.15529458438752908, 0.28243180315709, 0.6765340914740776, -0.8343818622828806, 0.7236316922832926, -0.14833005584701398, 0.32012509342132445, -0.3966506959707008, -0.85057756771877, -0.24585545204699288, 0.4220020635430941, 0.36861085326395815, -0.40603147309875115, 1.0, -0.034585242556785856, 0.9814977384107204, -0.7449967819902235, -0.18212604571508684, -0.14569976050545197, -0.4677699514995899, -0.6765740425663673, 0.7467658453189387, 0.032548895121246924, 0.6302728772202004, 0.33879490475647334, -0.16414960728327774, 0.7315317398770242, 0.7328648599727872, 0.46069388690964264, 0.12110835431159528, -0.7842805084803732, 0.5708450500375275, -0.740245261545641, -0.601530617376562, 0.706971151509393, -0.7476144305947395, -0.03395254642423695, 0.4890849700375903, -0.6559754989139152, -0.012942721566770565, 0.96490003920556, 0.6628252206807826, -0.6513348617887709, 0.7858194415434487, 0.48248869467319255, -0.05137944409130826, -0.6442025797324011, 0.20466370564522385, 0.6829529090500945, 0.32455615949375966, -0.17603743890381263, 0.5193882161264674, 0.4809016336145484, -0.8615463094320854, 0.52747268031476, 0.7510355832878148, 0.6520527773179556, 0.21657054548858135, -0.6037933106652769, 0.8047043741771238, -0.2985880068261917, 0.35626956245976094, -0.70721992934119, 0.2860155785450875, -0.8992159991551607, -0.00012949296996356274, -0.258519374687316, -0.957804079346638, 0.6258840398786321, 0.45939502200585736, 0.5895838413786711, -0.07545145244068885, -0.8485039473539855, 0.8328169443093205, 0.3498362995697464, 0.9219890000455767]
1019.7398071289062	(8, 12, 2)	[-0.8240204901053014, 0.28792255466401184, -0.04627789763503709, -0.04562276096320009, 0.8442376889203471, 0.581930692226649, -0.8334000504233825, 0.17435947739642993, -0.9553350874876418, -0.6023476312547837, 0.40455547636223277, 0.19141763274192924, 0.7700883014793005, 0.7034781551227567, 0.6155738590711404, 0.22260900412242224, 0.133641764463867, 0.35989174482800235, -0.5072708647819093, -0.3729739667269141, 0.10912650509078636, 0.85269810275248, 0.9389145250338987, 0.4831831367454815, -0.3265177148542213, 0.7005252013029768, -0.8143837509206466, 0.5082275950771, -0.20979647160232018, -0.15830695176686338, 0.4309903271003641, 0.28197934496963817, 0.9704100253986543, -0.043908015474702466, -0.9879012772718081, 0.006210397272843338, -0.33737727370252857, -0.45013469894355573, 0.9764670842040328, 1.0, 0.6325933043577321, -0.8308187505362243, -0.6222710505095961, -0.6499892412657393, 0.15529458438752908, 0.28243180315709, -0.49799999840479514, -0.8343818622828806, 0.16443865848306838, -0.09520533483269075, 0.32012509342132445, -0.3966506959707008, -0.8450723165210314, 0.7529105166358487, 0.8476316020952122, 0.36861085326395815, 0.44786709717307627, 0.8331238496294808, -0.034585242556785856, 0.4919543910018038, -0.4816839651064988, -0.18212604571508684, -0.14569976050545197, -0.4677699514995899, -0.6765740425663673, 0.7467658453189387, 0.032548895121246924, 0.5344653711662525, -0.3543342083744423, -0.6828591775259707, 0.7315317398770242, 0.6602984120051923, -0.73929459371825, 0.20387661117868966, -0.7237406875443181, 0.5708450500375275, -0.740245261545641, -0.601530617376562, 0.611101245059618, -0.7476144305947395, 0.49389992342993105, 0.20879707000714398, -0.7665861843140525, -0.012942721566770565, 0.96490003920556, 0.20757307464548447, -0.537127746084004, 0.7858194415434487, 0.48248869467319255, 0.05023622686461193, -0.6442025797324011, 0.20466370564522385, -0.1886252033473217, 0.32455615949375966, -0.17603743890381263, -0.5432975624494429, 0.4809016336145484, 1.0, 0.52747268031476, -0.2861987053561801, 0.6520527773179556, 0.21657054548858135, -0.6037933106652769, 0.8047043741771238, -0.586567366945268, 0.340324141604983, -0.70721992934119, 0.7125046430212212, -0.8992159991551607, -0.02818105700165362, 0.9048361643606522, -0.957804079346638, 0.6355516353105359, 0.44594040471574514, -0.31810251949508683, -0.07545145244068885, -0.8485039473539855, 0.8328169443093205, 0.3498362995697464, 0.8685207898160852]
1019.9403686523438	(8, 12, 2)	[-0.8240204901053014, 0.24875057300012238, -0.04627789763503709, -0.04562276096320009, -0.32682366761959236, 0.9572074142052471, -0.8156183813381782, -0.6741292894551092, -0.9553350874876418, -0.6023476312547837, -0.34414767860136175, -0.36036120010365646, 0.7700883014793005, 0.7034781551227567, 0.316366399027989, -0.5864774437529563, 0.133641764463867, 0.35989174482800235, -0.5495740234104818, -0.3729739667269141, 0.06035484919210017, -0.005947140106842053, 0.9389145250338987, 0.7905535723671178, -0.791259794128319, 0.7005252013029768, -0.8143837509206466, 0.45534394193369176, 0.7658430963693958, -0.15830695176686338, 0.4309903271003641, 0.28197934496963817, 0.20498842629430092, -0.3614682946593757, -0.8754053243720044, 0.5551893992277763, 0.3482348551996881, -0.45013469894355573, 0.806454505296244, 0.8921784811733162, 0.43671727649329406, -0.8308187505362243, -0.6222710505095961, -0.7337329388247449, -0.9774816404892817, 0.42916862660411637, -0.49799999840479514, -0.8343818622828806, 0.16443865848306838, -0.14833005584701398, -0.9154602584441425, -0.6002294948488469, -0.8450723165210314, -0.24585545204699288, 0.8476316020952122, 0.36861085326395815, -0.4509666837163644, 0.8331238496294808, 0.4254583607024613, 0.4919543910018038, -0.9145174074634399, -0.18212604571508684, -0.14569976050545197, -0.4677699514995899, 0.43876192011842785, 0.7467658453189387, -0.48131275280467034, 0.6302728772202004, 0.33879490475647334, -0.6828591775259707, 0.7326151565490011, 0.7328648599727872, -0.73929459371825, -0.4668456631009382, -0.7842805084803732, 0.5708450500375275, -0.8036140427495366, -0.601530617376562, 0.3662060695224954, -0.7476144305947395, 0.49389992342993105, 0.4890849700375903, -0.5488734819140524, -0.6166419921892013, 0.96490003920556, 0.6688988517559011, -0.6513348617887709, 0.7858194415434487, 0.4709046931885833, -0.09907619434480774, -0.6442025797324011, 0.13644231703787946, 0.6829529090500945, 0.28030138535048366, -0.17603743890381263, 0.5193882161264674, 0.4809016336145484, 1.0, -0.141722228914974, -0.3584228743280949, 0.6520527773179556, 0.21657054548858135, -0.571815429526119, 0.8047043741771238, -0.695150250625318, 0.35626956245976094, -0.688530733229052, 0.2860155785450875, -0.8992159991551607, 0.4583904924664368, -0.258519374687316, 0.10430981078661172, 0.6355516353105359, -0.5582923679350775, -0.3631735956984763, -0.07545145244068885, -0.9537360445728071, 0.7589809187697433, 0.3498362995697464, 0.7641897031055292]
1019.959228515625	(8, 12, 2)	[-0.8240204901053014, 0.7248044684157497, -0.04627789763503709, 0.18499106901930637, 1.0, 0.9572074142052471, -0.8156183813381782, -0.6741292894551092, -0.9553350874876418, -0.6023476312547837, -0.34414767860136175, 0.19141763274192924, 0.7700883014793005, 0.7034781551227567, 0.6155738590711404, -0.42377809870961225, 0.33615591528170286, 0.35989174482800235, -0.4461410878144009, -0.4105688675915087, 0.06035484919210017, 0.85269810275248, 0.9389145250338987, 0.7905535723671178, -0.791259794128319, 0.7005252013029768, -0.8143837509206466, 0.45534394193369176, 0.7658430963693958, -0.15830695176686338, 0.4309903271003641, 0.28197934496963817, 0.20498842629430092, -0.043908015474702466, -0.9380812146001929, 0.5551893992277763, 0.3482348551996881, -0.45013469894355573, 0.806454505296244, 0.8921784811733162, 0.43671727649329406, -0.5881843532733853, -0.6222710505095961, -0.7337329388247449, 0.9292994889594413, 0.42916862660411637, 0.5672045510508424, -0.8343818622828806, 0.16443865848306838, -0.14833005584701398, 0.32012509342132445, -0.6002294948488469, -0.8450723165210314, -0.24585545204699288, 0.7388085861803051, 0.36861085326395815, -0.4509666837163644, 0.0070635866489864585, -0.034585242556785856, 0.586277865028495, -0.7449967819902235, -0.7412475905110748, -0.14569976050545197, -0.4677699514995899, -0.6765740425663673, 0.7467658453189387, -0.48131275280467034, 0.6302728772202004, 0.33879490475647334, -0.6828591775259707, 0.07193785021922006, 0.7328648599727872, -0.73929459371825, 0.12110835431159528, -0.8967665813382462, 0.5708450500375275, -0.740245261545641, -0.601530617376562, 0.3662060695224954, -0.7476144305947395, -0.0006583775171126877, 0.4890849700375903, -0.5488734819140524, 0.16729871848701316, 0.96490003920556, 0.20757307464548447, -0.6513348617887709, 0.7321439277118936, 0.4709046931885833, -0.5310456506329515, -0.6442025797324011, 0.20466370564522385, 0.6829529090500945, 0.28030138535048366, -0.17603743890381263, 0.5193882161264674, 0.4809016336145484, -0.4934860810588566, -0.141722228914974, -0.31774488485336616, 0.6520527773179556, 0.21657054548858135, -0.571815429526119, 0.8047043741771238, -0.45721386087932403, 0.35626956245976094, -0.70721992934119, 0.2860155785450875, -0.8992159991551607, 0.4583904924664368, -0.258519374687316, -0.957804079346638, 0.6258840398786321, -0.5582923679350775, -0.31810251949508683, -0.07545145244068885, -0.9537360445728071, 0.7589809187697433, -0.6158766695739211, 0.7641897031055292]
1019.9631958007812	(8, 12, 2)	[-0.8240204901053014, 0.7248044684157497, -0.04627789763503709, 0.18499106901930637, 1.0, 0.9572074142052471, -0.8156183813381782, -0.6741292894551092, -0.9553350874876418, -0.6023476312547837, 0.2598422739746489, 0.19141763274192924, 0.7700883014793005, 0.7034781551227567, 0.6155738590711404, 0.23462947286425279, 0.33615591528170286, 0.35989174482800235, -0.4461410878144009, -0.4105688675915087, 0.10912650509078636, 0.85269810275248, 0.9389145250338987, 0.7905535723671178, -0.3265177148542213, 0.7005252013029768, -1.0, 0.45534394193369176, 0.7658430963693958, -0.15830695176686338, 0.4309903271003641, 0.28197934496963817, 0.20498842629430092, -0.043908015474702466, 0.381953073119923, 0.5551893992277763, 0.3482348551996881, -0.3218547729651477, -0.5303304128539554, 0.9615073707442636, 0.43671727649329406, -0.5881843532733853, 0.9671057720450809, -0.6499892412657393, 0.9292994889594413, 0.42916862660411637, 0.5672045510508424, -0.8343818622828806, 0.16443865848306838, -0.043951320530567495, 0.32012509342132445, -0.6002294948488469, -0.8450723165210314, -0.24585545204699288, 0.7388085861803051, 0.36861085326395815, -0.4509666837163644, 0.0070635866489864585, -0.034585242556785856, 0.586277865028495, -0.7449967819902235, -0.7412475905110748, 0.7758831584124304, -0.4677699514995899, -0.6765740425663673, 0.7467658453189387, -0.48131275280467034, 0.6302728772202004, 0.33879490475647334, -0.16414960728327774, 0.07193785021922006, 0.7328648599727872, -0.73929459371825, 0.12110835431159528, -0.8967665813382462, 0.5708450500375275, -0.740245261545641, -0.5030122921413569, 0.3662060695224954, -0.7476144305947395, -0.0006583775171126877, 0.4890849700375903, -0.5488734819140524, -0.012942721566770565, 0.96490003920556, 0.20757307464548447, -0.6513348617887709, 0.7858194415434487, 0.5108172994535367, -0.5310456506329515, -0.6442025797324011, 0.20466370564522385, 0.6829529090500945, 0.32455615949375966, -0.17603743890381263, 0.5193882161264674, 0.4809016336145484, -0.4934860810588566, 0.52747268031476, -0.3371253454677063, 0.6520527773179556, 0.21657054548858135, -0.571815429526119, 0.8047043741771238, -0.2985880068261917, 0.35626956245976094, -0.70721992934119, 0.2860155785450875, -0.8992159991551607, -0.00012949296996356274, -0.258519374687316, -0.957804079346638, 0.6258840398786321, -0.5582923679350775, -0.31810251949508683, -0.07545145244068885, -0.9537360445728071, 1.0, -0.6158766695739211, 0.7641897031055292]
1019.087158203125	(8, 12, 2)	[-0.8240204901053014, 0.7248044684157497, -0.04627789763503709, 0.6519445972790026, 0.8442376889203471, 0.9572074142052471, 0.46553496426705565, -0.6741292894551092, -0.9553350874876418, -0.6023476312547837, -0.34414767860136175, -0.36036120010365646, 0.7700883014793005, 0.7149448637140448, 0.6155738590711404, -0.42377809870961225, 0.133641764463867, 0.35989174482800235, -0.4461410878144009, -0.4105688675915087, 0.10912650509078636, -0.005947140106842053, 0.9389145250338987, 0.7905535723671178, -0.6583478607595361, 0.7005252013029768, -1.0, -0.1615814473910282, -0.20979647160232018, -0.15830695176686338, 0.4309903271003641, 0.28197934496963817, 0.20498842629430092, -0.3614682946593757, 0.381953073119923, 0.006210397272843338, -0.33737727370252857, -0.49901678762377527, 0.9119684361808136, 0.6089537257152264, 0.6325933043577321, -0.8308187505362243, 0.9671057720450809, -0.6499892412657393, 0.6175764128785133, 0.28243180315709, 0.7779026010788935, -0.8343818622828806, 0.16443865848306838, -0.14833005584701398, 0.32012509342132445, -0.6173996728620376, -0.8450723165210314, -0.24585545204699288, 0.8476316020952122, 0.36861085326395815, -0.40603147309875115, 0.8331238496294808, -0.034585242556785856, 0.4919543910018038, -0.7449967819902235, -0.7412475905110748, 0.7758831584124304, -0.4677699514995899, 0.3131136902551135, 0.7467658453189387, 0.032548895121246924, 0.6302728772202004, 0.33879490475647334, -0.8124651239705055, 0.07193785021922006, 0.7328648599727872, -0.73929459371825, 0.12110835431159528, -0.7133578583751463, 0.5708450500375275, -0.740245261545641, -0.601530617376562, 0.3662060695224954, 0.2598159412540213, 0.3384356775875812, 0.4890849700375903, -0.7665861843140525, -0.6166419921892013, 0.6696633727834882, 0.6628252206807826, -0.537127746084004, 0.7858194415434487, -0.9791443622165394, 0.138755267888645, -0.6442025797324011, 0.13644231703787946, 0.6829529090500945, -0.47890045590382324, 0.7911753223256126, 0.5193882161264674, 0.4809016336145484, 1.0, 0.52747268031476, -0.325307463429323, 0.6520527773179556, 0.21657054548858135, -0.5789700147152728, 0.9439813511125275, -0.2985880068261917, 0.35626956245976094, -0.70721992934119, 0.2860155785450875, -0.8992159991551607, 0.09816676038868251, 0.9048361643606522, -0.957804079346638, 0.6258840398786321, -0.6620236011448839, -0.31810251949508683, -0.07545145244068885, -0.9537360445728071, 1.0, 0.3498362995697464, 0.8685207898160852]
1019.2059326171875	(8, 12, 2)	[-0.8240204901053014, 0.10728539683501137, -0.8746842188274206, 0.6519445972790026, 0.8442376889203471, 0.9572074142052471, -0.6967887055282427, -0.5100824583377099, -0.9553350874876418, -0.6023476312547837, 0.2598422739746489, 0.19141763274192924, 0.7700883014793005, 0.7034781551227567, 0.7009923122442634, 0.27146480988775595, -0.3607319677521681, 0.35989174482800235, -0.3951307904840191, -0.3729739667269141, 0.10912650509078636, -0.005947140106842053, 0.6999249330027241, 0.6454783899511392, -0.3265177148542213, 0.7005252013029768, -1.0, -0.1615814473910282, -0.20979647160232018, 0.8035736118490782, 0.4309903271003641, 0.28197934496963817, 0.20498842629430092, -0.043908015474702466, -0.9879012772718081, 0.03121689967630812, -0.33737727370252857, -0.8231384202135077, -0.5303304128539554, 0.9615073707442636, 0.43671727649329406, -0.8308187505362243, 0.9671057720450809, -0.6499892412657393, 0.6175764128785133, 0.28243180315709, -0.49799999840479514, -0.8343818622828806, 0.16443865848306838, -0.043951320530567495, 0.32012509342132445, -0.6002294948488469, -0.8450723165210314, -0.24585545204699288, 0.4220020635430941, 0.30203821671568837, -0.4509666837163644, 1.0, -0.034585242556785856, 0.586277865028495, -0.7449967819902235, -0.7412475905110748, -0.48062143232039956, -0.4677699514995899, -0.6765740425663673, 0.7467658453189387, -0.48131275280467034, 0.6302728772202004, 0.33879490475647334, -0.16414960728327774, 0.07193785021922006, 0.7328648599727872, -0.73929459371825, -0.4226209896662052, -0.7842805084803732, 0.5708450500375275, -0.740245261545641, -0.3574061620789843, 0.706971151509393, -0.7476144305947395, -0.0006583775171126877, 0.20879707000714398, -0.7665861843140525, -0.012942721566770565, 0.96490003920556, 0.6688988517559011, -0.6513348617887709, 0.7858194415434487, 0.48248869467319255, 0.11380877059880913, -0.8198864391892406, 0.13644231703787946, 0.6829529090500945, -0.47890045590382324, 0.7911753223256126, -0.7915214614602859, 0.4809016336145484, -0.22770046310089875, -0.141722228914974, 0.7510355832878148, 0.6520527773179556, 0.2630590622717317, -0.6591262285926575, 0.8723265351814098, -0.2985880068261917, 0.35626956245976094, -0.70721992934119, 0.2860155785450875, -0.8992159991551607, -0.00012949296996356274, -0.258519374687316, -0.957804079346638, 0.6258840398786321, -0.6620236011448839, -0.31810251949508683, -0.07545145244068885, -0.9537360445728071, 0.8328169443093205, -0.6158766695739211, 0.8685207898160852]
1019.7973022460938	(8, 12, 2)	[-0.8240204901053014, 0.7248044684157497, -0.04627789763503709, 0.18499106901930637, 0.8442376889203471, 1.0, -0.8360048934175491, -0.6741292894551092, -0.9553350874876418, -0.6023476312547837, -0.34414767860136175, -0.36036120010365646, 0.7700883014793005, 0.7034781551227567, 0.6155738590711404, 0.16600185187888292, 0.133641764463867, 0.35989174482800235, -0.3951307904840191, -0.4105688675915087, 0.06035484919210017, 0.8066482508933638, 0.6999249330027241, 0.7905535723671178, -0.3265177148542213, 0.7005252013029768, -0.8143837509206466, 0.5082275950771, -0.3197411945999758, -0.15830695176686338, 0.7565385498611701, 0.28197934496963817, -0.23025976094441525, -0.05807250404093906, -0.9879012772718081, 0.006210397272843338, -0.33737727370252857, -0.3181932455014494, 0.806454505296244, 0.9615073707442636, 0.43671727649329406, -0.5881843532733853, 0.9671057720450809, -0.6499892412657393, 0.15529458438752908, 0.28243180315709, 0.5672045510508424, -0.8343818622828806, 0.16443865848306838, 0.8339177943636058, -0.9154602584441425, -0.6173996728620376, -0.8450723165210314, -0.24585545204699288, 0.7388085861803051, 0.36861085326395815, -0.4509666837163644, 0.0070635866489864585, -0.034585242556785856, 0.4919543910018038, -0.9363488176160357, -0.18212604571508684, -0.14569976050545197, -0.4634289586232154, 0.43876192011842785, 0.7467658453189387, -0.48131275280467034, 0.527807864512085, 0.33879490475647334, -0.6828591775259707, 0.7315317398770242, -0.7324840338298694, -0.73929459371825, -0.4609665831712664, -0.736463085416281, 0.5708450500375275, 0.5172671741472448, -0.4131571781446852, 0.611101245059618, 0.2598159412540213, -0.0006583775171126877, 0.4890849700375903, -0.6559754989139152, -0.6166419921892013, 0.6696633727834882, 0.6688988517559011, -0.537127746084004, 0.7536240682397126, 0.48248869467319255, 0.11380877059880913, -0.6442025797324011, 0.13644231703787946, 0.6829529090500945, 0.32455615949375966, -0.17603743890381263, 0.7031288842528925, 0.4809016336145484, -0.6052574319459991, 0.52747268031476, 0.7510355832878148, 0.6520527773179556, 0.21657054548858135, -0.5789700147152728, 0.8723265351814098, -0.45721386087932403, 0.35626956245976094, 0.07986707039819807, -0.4512710589835425, -0.660427198825349, -0.00012949296996356274, -0.258519374687316, -0.2049794895642003, 0.5794884992782076, -0.5582923679350775, 0.5895838413786711, -0.07545145244068885, -0.8485039473539855, 0.9955920704582, 0.3498362995697464, 0.8685207898160852]
1019.2118530273438	(8, 12, 2)	[-0.8240204901053014, 0.7647172541319175, -0.04627789763503709, 0.6519445972790026, 0.8442376889203471, 0.9572074142052471, 0.46553496426705565, -0.6916583828455682, -0.9553350874876418, -0.6023476312547837, 0.40455547636223277, -0.36036120010365646, 0.7700883014793005, 0.725346364358016, 0.5613215706702677, 0.27146480988775595, -0.3607319677521681, 0.35989174482800235, -0.4461410878144009, -0.3625697610777633, 0.10912650509078636, -0.005947140106842053, 0.6999249330027241, 0.7905535723671178, -0.1996390484370918, 0.6711303344573212, -1.0, 0.5082275950771, -0.20979647160232018, 0.8035736118490782, 0.4309903271003641, 0.28197934496963817, 0.20498842629430092, -0.043908015474702466, -0.9879012772718081, 0.006210397272843338, 0.3482348551996881, -0.2499434123419775, -0.5303304128539554, 0.6302554481437117, 0.43671727649329406, -0.8308187505362243, 0.9671057720450809, -0.7052565033264799, 0.6175764128785133, 0.42916862660411637, -0.49799999840479514, -0.889049212616137, 0.16443865848306838, 0.7906029518286688, -0.9154602584441425, -0.6002294948488469, -0.8450723165210314, -0.24585545204699288, 0.44493169750541034, 0.36861085326395815, -0.5400998712910504, 0.0070635866489864585, -0.034585242556785856, 0.586277865028495, -0.7449967819902235, -0.23445954855205778, -0.14569976050545197, -0.4677699514995899, 0.43876192011842785, 0.7467658453189387, -0.5584469330075128, 0.6749760769030888, 0.33879490475647334, -0.16414960728327774, 0.9899741294701143, 0.7328648599727872, 0.5101911531202348, 0.20387661117868966, -0.3422894341776941, 0.5708450500375275, -0.740245261545641, -0.601530617376562, 0.5930957321736356, -0.7476144305947395, -0.03395254642423695, 0.4890849700375903, -0.7665861843140525, -0.012942721566770565, 0.96490003920556, 0.20757307464548447, -0.6513348617887709, 0.7858194415434487, 0.48248869467319255, -0.09907619434480774, -0.8198864391892406, 0.20466370564522385, 0.6829529090500945, 0.28030138535048366, -0.17603743890381263, -0.5432975624494429, 0.4809016336145484, -1.0, -0.141722228914974, -0.3375521015392632, 0.6520527773179556, -0.003727082928215414, -0.5789700147152728, 0.8047043741771238, -0.45721386087932403, 0.35626956245976094, 0.07986707039819807, -0.4512710589835425, -0.8992159991551607, -0.02818105700165362, 0.9048361643606522, -0.957804079346638, 0.745779240001385, -0.5582923679350775, -0.31810251949508683, -0.3372483644962989, -0.8485039473539855, 1.0, -0.6158766695739211, 0.8685207898160852]
1019.7339477539062	(8, 12, 2)	[-0.8240204901053014, 0.7248044684157497, -0.04627789763503709, 0.6519445972790026, 0.8922855741759302, 0.9572074142052471, -0.6967887055282427, 0.11425875426602342, -0.9553350874876418, -0.6023476312547837, 0.40455547636223277, 0.19141763274192924, 0.8340804093468568, 0.725346364358016, 0.316366399027989, 0.22260900412242224, 0.133641764463867, 0.35989174482800235, -0.4461410878144009, -0.4360535245315937, 0.10912650509078636, -0.005947140106842053, 0.6999249330027241, 0.7905535723671178, -0.3265177148542213, 0.5220162913369512, -1.0, -0.1615814473910282, 0.7658430963693958, 0.8035736118490782, 0.4309903271003641, 0.28197934496963817, 0.20498842629430092, -0.043908015474702466, -0.9380812146001929, 0.03121689967630812, 0.3482348551996881, -0.8231384202135077, 0.9764670842040328, 0.6089537257152264, 0.43671727649329406, -0.45782161671960286, 0.9671057720450809, -0.6499892412657393, 0.9292994889594413, 0.1443795640731416, 0.8648858257784495, -0.8343818622828806, 0.7236316922832926, -0.14833005584701398, -0.9154602584441425, -0.6002294948488469, -0.8450723165210314, -0.44200847866450865, 0.4220020635430941, 0.43569184747050427, -0.4509666837163644, 0.0070635866489864585, -0.034585242556785856, 0.4919543910018038, -1.0, -0.7412475905110748, -0.14569976050545197, -0.4634289586232154, -0.6765740425663673, 0.7467658453189387, -0.5584469330075128, 0.6749760769030888, 0.33879490475647334, -0.16414960728327774, 0.7326151565490011, 0.7328648599727872, -0.73929459371825, -0.4226209896662052, -0.7842805084803732, 0.5708450500375275, -0.740245261545641, -0.3574061620789843, 0.706971151509393, -0.7476144305947395, 0.3384356775875812, 0.20879707000714398, -0.7665861843140525, -0.012942721566770565, 0.96490003920556, 0.22676960303592264, -0.537127746084004, 0.7858194415434487, 0.48248869467319255, 0.138755267888645, -0.8198864391892406, 0.13644231703787946, 0.6829529090500945, 0.3013274957587463, 0.7911753223256126, -0.7915214614602859, 0.4809016336145484, -1.0, -0.141722228914974, 0.7510355832878148, 0.6520527773179556, 0.21657054548858135, -0.5347790586722201, 0.8047043741771238, -0.2985880068261917, 0.35626956245976094, 0.30272844830130663, 0.2860155785450875, -0.8992159991551607, -0.02818105700165362, 0.9048361643606522, -0.957804079346638, 0.6258840398786321, -0.6620236011448839, -0.31810251949508683, -0.07545145244068885, -0.8566232322521671, 0.8328169443093205, 0.3498362995697464, 0.8685207898160852]
1019.8560180664062	(8, 12, 2)	[-0.8240204901053014, 0.7248044684157497, -0.04627789763503709, 0.6519445972790026, 0.8922855741759302, 0.9572074142052471, -0.6967887055282427, 0.11425875426602342, -0.9553350874876418, -0.6023476312547837, 0.40455547636223277, 0.19141763274192924, 0.8340804093468568, 0.725346364358016, 0.316366399027989, 0.22260900412242224, 0.133641764463867, 0.35989174482800235, -0.4461410878144009, -0.4360535245315937, 0.10912650509078636, -0.005947140106842053, 0.6999249330027241, 0.7905535723671178, -0.3265177148542213, 0.5220162913369512, -1.0, -0.1615814473910282, 0.7658430963693958, 0.8035736118490782, 0.4309903271003641, 0.28197934496963817, 0.20498842629430092, -0.043908015474702466, -0.9380812146001929, 0.03121689967630812, 0.3482348551996881, -0.8231384202135077, 0.9764670842040328, 0.6089537257152264, 0.43671727649329406, -0.45782161671960286, 0.9671057720450809, -0.6499892412657393, 0.9292994889594413, 0.1443795640731416, 0.8648858257784495, -0.8343818622828806, 0.7236316922832926, -0.14833005584701398, -0.9154602584441425, -0.6002294948488469, -0.8450723165210314, -0.44200847866450865, 0.4220020635430941, 0.43569184747050427, -0.4509666837163644, 0.0070635866489864585, -0.034585242556785856, 0.4919543910018038, -1.0, -0.7412475905110748, -0.14569976050545197, -0.4634289586232154, -0.6765740425663673, 0.7467658453189387, -0.5584469330075128, 0.6749760769030888, 0.33879490475647334, -0.16414960728327774, 0.7326151565490011, 0.7328648599727872, -0.73929459371825, -0.4226209896662052, -0.7842805084803732, 0.5708450500375275, -0.740245261545641, -0.3574061620789843, 0.706971151509393, -0.7476144305947395, 0.3384356775875812, 0.20879707000714398, -0.7665861843140525, -0.012942721566770565, 0.96490003920556, 0.22676960303592264, -0.537127746084004, 0.7858194415434487, 0.48248869467319255, 0.138755267888645, -0.8198864391892406, 0.13644231703787946, 0.6829529090500945, 0.3013274957587463, 0.7911753223256126, -0.7915214614602859, 0.4809016336145484, -1.0, -0.141722228914974, 0.7510355832878148, 0.6520527773179556, 0.21657054548858135, -0.5347790586722201, 0.8047043741771238, -0.2985880068261917, 0.35626956245976094, 0.30272844830130663, 0.2860155785450875, -0.8992159991551607, -0.02818105700165362, 0.9048361643606522, -0.957804079346638, 0.6258840398786321, -0.6620236011448839, -0.31810251949508683, -0.07545145244068885, -0.8566232322521671, 0.8328169443093205, 0.3498362995697464, 0.8685207898160852]
1019.959228515625	(8, 12, 2)	[-0.8240204901053014, 0.7248044684157497, -0.8746842188274206, 0.6519445972790026, 0.13361756736938596, 0.9572074142052471, 0.5573689326443025, -0.6741292894551092, -0.9553350874876418, -0.4046087185912681, -0.34414767860136175, -0.36036120010365646, 0.7700883014793005, 0.725346364358016, 0.316366399027989, -0.42377809870961225, 0.133641764463867, 0.35989174482800235, -0.4461410878144009, -0.4105688675915087, 0.10912650509078636, -0.005947140106842053, 0.9389145250338987, 0.7905535723671178, -0.3265177148542213, 0.7005252013029768, -1.0, 0.5082275950771, -0.20979647160232018, 0.8035736118490782, 0.4309903271003641, 0.28197934496963817, 0.9704100253986543, -0.043908015474702466, -0.9879012772718081, 0.006210397272843338, 0.3482348551996881, -0.3181932455014494, 0.806454505296244, 0.6302554481437117, 0.43671727649329406, -0.5881843532733853, -0.6222710505095961, -0.6499892412657393, 0.9292994889594413, 0.28243180315709, 0.8648858257784495, -0.8343818622828806, 0.7236316922832926, -0.14833005584701398, 0.4348116943393291, -0.6002294948488469, -0.9680038457888465, -0.24585545204699288, 0.8476316020952122, 0.36861085326395815, -0.5400998712910504, 0.0070635866489864585, -0.034585242556785856, 0.4919543910018038, -0.5118803076209721, -0.17433620159339935, 0.7758831584124304, -0.4677699514995899, -0.6765740425663673, 0.7467658453189387, 0.032548895121246924, 0.6302728772202004, 0.33879490475647334, -0.6828591775259707, 0.6288612393571232, 0.7328648599727872, -0.73929459371825, 0.12110835431159528, -0.7842805084803732, 0.5708450500375275, -0.740245261545641, -0.601530617376562, 0.706971151509393, 0.2598159412540213, 0.3384356775875812, -0.6397744846548761, -0.7665861843140525, -0.6166419921892013, 0.6696633727834882, 0.20757307464548447, -0.537127746084004, 0.7858194415434487, -0.9791443622165394, 0.138755267888645, -0.8198864391892406, 0.13644231703787946, 0.6829529090500945, 0.32455615949375966, -0.277353673041234, -0.7915214614602859, 0.4809016336145484, -1.0, -0.141722228914974, -0.31774488485336616, 0.6520527773179556, 0.21657054548858135, -0.6019238271092328, -0.9211247570326822, -0.45721386087932403, -0.3740105168231008, 0.07986707039819807, 0.2860155785450875, -0.8992159991551607, -0.00012949296996356274, -0.258519374687316, -0.2049794895642003, 0.745779240001385, 0.44594040471574514, -0.31810251949508683, -0.3372483644962989, -0.8485039473539855, 1.0, 0.3498362995697464, 0.8685207898160852]
1017.9464721679688	(8, 12, 2)	[-0.8240204901053014, 0.7647172541319175, -0.04627789763503709, 0.6519445972790026, 0.8442376889203471, 0.9572074142052471, 0.46553496426705565, -0.6741292894551092, -0.9553350874876418, -0.6023476312547837, 0.40455547636223277, 0.19141763274192924, 0.7700883014793005, 0.7034781551227567, 0.6155738590711404, -0.42377809870961225, 0.133641764463867, 0.35989174482800235, -0.4461410878144009, -0.3625697610777633, 0.23641774858896597, 0.8066482508933638, 0.7943693447526216, 0.7905535723671178, -0.3265177148542213, 0.7005252013029768, -0.8143837509206466, 0.5082275950771, -0.20979647160232018, -0.15830695176686338, 0.7565385498611701, 0.28197934496963817, 0.20498842629430092, -0.05807250404093906, -0.9879012772718081, 0.006210397272843338, 0.3482348551996881, -0.2499434123419775, -0.5303304128539554, 0.9615073707442636, 0.43671727649329406, -0.8308187505362243, 0.9671057720450809, -0.6499892412657393, 0.15529458438752908, 0.28243180315709, -0.49799999840479514, -0.8343818622828806, 0.16443865848306838, 0.8339177943636058, 0.4348116943393291, -0.6002294948488469, -0.8450723165210314, -0.24585545204699288, 0.44493169750541034, 0.36861085326395815, -0.6000643634083446, 0.0070635866489864585, -0.034585242556785856, 0.586277865028495, -0.7449967819902235, -0.7412475905110748, -0.14569976050545197, -0.4677699514995899, 0.43876192011842785, 0.7503151986324569, 0.032548895121246924, 0.6302728772202004, 0.33879490475647334, -0.6828591775259707, 0.7315317398770242, -0.710980779872445, -0.8071743839197094, -0.4668456631009382, -0.7842805084803732, 0.5708450500375275, 0.5172671741472448, -0.601530617376562, 0.611101245059618, 0.2598159412540213, -0.0006583775171126877, 0.4890849700375903, -0.5488734819140524, -0.012942721566770565, 0.96490003920556, 0.6688988517559011, -0.6513348617887709, 0.7858194415434487, 0.48248869467319255, -0.09907619434480774, -0.8827987762328371, 0.18065279272300588, 0.6829529090500945, 0.28030138535048366, 0.7911753223256126, -0.5432975624494429, 0.4809016336145484, -1.0, -0.141722228914974, -0.31774488485336616, 0.6520527773179556, -0.0019676024584127563, -0.5789700147152728, 0.8047043741771238, -0.45721386087932403, 0.35626956245976094, -0.70721992934119, 0.2860155785450875, -0.8992159991551607, -0.02818105700165362, 0.9048361643606522, -0.2049794895642003, 0.745779240001385, -0.5582923679350775, -0.31810251949508683, -0.3372483644962989, -0.9537360445728071, 1.0, 0.3498362995697464, 0.8685207898160852]
1019.6503295898438	(8, 12, 2)	[-0.8240204901053014, 0.23976094631581432, -0.04627789763503709, 0.050905680705474854, -0.32682366761959236, 0.9572074142052471, 0.5573689326443025, 0.11425875426602342, -0.9553350874876418, -0.4046087185912681, -0.34414767860136175, 0.19141763274192924, 0.8340804093468568, 0.725346364358016, 0.5613215706702677, 0.22260900412242224, -0.3607319677521681, 0.35989174482800235, -0.3951307904840191, -0.3729739667269141, 0.10912650509078636, -0.005947140106842053, 0.6999249330027241, 0.7905535723671178, -0.6583478607595361, 0.5220162913369512, -1.0, 0.5082275950771, -0.20979647160232018, 0.8035736118490782, 0.4309903271003641, 0.28197934496963817, 0.9704100253986543, -0.043908015474702466, -0.9380812146001929, 0.03121689967630812, 0.3482348551996881, -0.3181932455014494, -0.5303304128539554, 0.6302554481437117, 0.43671727649329406, -0.5881843532733853, -0.6222710505095961, -0.7052565033264799, 0.6175764128785133, 0.28243180315709, 0.8648858257784495, -0.8343818622828806, 0.7236316922832926, 0.7906029518286688, -0.9154602584441425, -0.6002294948488469, -0.8450723165210314, -0.24585545204699288, 0.4220020635430941, 0.36861085326395815, -0.5400998712910504, 0.0070635866489864585, -0.034585242556785856, 0.586277865028495, -0.5118803076209721, -0.7412475905110748, 0.7370234524816377, -0.4677699514995899, -0.6765740425663673, 0.7467658453189387, 0.032548895121246924, 0.6749760769030888, 0.33879490475647334, -0.16414960728327774, 0.07193785021922006, 0.7328648599727872, -0.6018527829178232, 0.20387661117868966, -0.7842805084803732, 0.5708450500375275, -0.8716010719012545, -0.4131571781446852, 0.43935624748283153, -0.7476144305947395, 0.3384356775875812, 0.4890849700375903, -0.7665861843140525, -0.4394102898223771, 0.6696633727834882, 0.20757307464548447, -0.537127746084004, 0.7536240682397126, -0.9791443622165394, 0.138755267888645, -0.8198864391892406, 0.13644231703787946, 0.6829529090500945, 0.3013274957587463, 0.7911753223256126, 0.7031288842528925, 0.4809016336145484, -0.22770046310089875, -0.141722228914974, 0.7510355832878148, 0.6520527773179556, 0.21657054548858135, -0.6591262285926575, -0.9211247570326822, -0.45721386087932403, 0.35626956245976094, 0.07986707039819807, 0.2860155785450875, -0.8992159991551607, -0.02818105700165362, 0.9048361643606522, -0.2049794895642003, 0.6258840398786321, -0.5582923679350775, -0.31810251949508683, -0.3372483644962989, -0.9537360445728071, 0.8808582307403696, 0.3498362995697464, 0.8685207898160852]
1019.7203369140625	(8, 12, 2)	[-0.8240204901053014, 0.7248044684157497, -0.04627789763503709, 0.050905680705474854, 0.8442376889203471, 0.9572074142052471, -0.8334000504233825, 0.11425875426602342, -0.9553350874876418, -0.6023476312547837, 0.2598422739746489, 0.19141763274192924, 0.8340804093468568, 0.7034781551227567, 0.316366399027989, 0.27146480988775595, 0.133641764463867, 0.35989174482800235, -0.4461410878144009, -0.3609343091282416, 0.10912650509078636, -0.005947140106842053, 0.6999249330027241, 0.7905535723671178, -0.3265177148542213, 0.5220162913369512, -1.0, 0.5082275950771, -0.2514856857731842, -0.15830695176686338, 0.7565385498611701, 0.28197934496963817, 0.9704100253986543, -0.043908015474702466, 0.381953073119923, 0.006210397272843338, 0.13489435030605415, -0.2499434123419775, 0.806454505296244, 0.9615073707442636, 0.43671727649329406, -0.5881843532733853, -0.4270034998683574, -0.44646076368366183, 0.6175764128785133, 0.1443795640731416, 0.7779026010788935, -0.8343818622828806, 0.7236316922832926, -0.3582787401123358, -0.9154602584441425, -0.6002294948488469, -0.8450723165210314, -0.24585545204699288, 0.4220020635430941, 0.36861085326395815, -0.4509666837163644, 0.0070635866489864585, -0.034585242556785856, 0.586277865028495, -0.4816839651064988, -0.7412475905110748, 0.7370234524816377, -0.4677699514995899, -0.6765740425663673, 0.7467658453189387, 0.2926071742413281, 0.6749760769030888, 0.33879490475647334, -0.16414960728327774, 0.07193785021922006, -0.710980779872445, -0.73929459371825, -0.4226209896662052, -0.7842805084803732, 0.5708450500375275, -0.740245261545641, -0.4131571781446852, 0.43935624748283153, 0.2598159412540213, 0.3384356775875812, -0.7451722577078927, -0.7665861843140525, -0.012942721566770565, 0.96490003920556, 0.22676960303592264, -0.6513348617887709, 0.8899980411260321, 0.48248869467319255, 0.138755267888645, -0.8198864391892406, 0.20466370564522385, 0.6829529090500945, 0.3013274957587463, 0.7911753223256126, 0.7031288842528925, 0.4809016336145484, -1.0, -0.141722228914974, 0.7510355832878148, 0.6520527773179556, 0.21657054548858135, -0.5032422679094913, 0.8047043741771238, -0.2985880068261917, -0.3740105168231008, 0.07986707039819807, -0.4512710589835425, 0.28855153911534603, -0.00012949296996356274, -0.258519374687316, -0.2049794895642003, 0.6258840398786321, -0.6620236011448839, -0.31810251949508683, -0.3372483644962989, -0.9537360445728071, 0.9955920704582, -0.6158766695739211, 0.8685207898160852]
1019.9588623046875	(8, 12, 2)	[-0.8240204901053014, 0.1913702478665387, -0.04627789763503709, 0.6519445972790026, 0.8442376889203471, 1.0, 0.46553496426705565, -0.6741292894551092, -0.9553350874876418, -0.6023476312547837, 0.2598422739746489, 0.19141763274192924, 0.7700883014793005, 0.7034781551227567, 0.29978452081105034, 0.22260900412242224, 0.133641764463867, 0.35989174482800235, -0.4461410878144009, -0.3729739667269141, 0.23641774858896597, 0.10425585099326538, 0.9389145250338987, 0.7905535723671178, -0.6970678252216318, 0.7005252013029768, -1.0, -0.1615814473910282, -0.20979647160232018, 0.8035736118490782, -0.2049741302151995, 0.28197934496963817, -0.23025976094441525, 0.15486968470537227, 0.381953073119923, 0.006210397272843338, 0.3482348551996881, -0.3181932455014494, -0.5303304128539554, 0.8939541989711094, 0.43671727649329406, -0.8308187505362243, -0.6222710505095961, -0.6315878385012388, 0.6175764128785133, 0.28243180315709, 0.8648858257784495, -0.8343818622828806, 0.7236316922832926, 0.8339177943636058, 0.32012509342132445, -0.6002294948488469, -0.9680038457888465, -0.24585545204699288, 0.4220020635430941, 0.36861085326395815, -0.5400998712910504, 0.8331238496294808, -0.034585242556785856, 0.586277865028495, -0.98916328022139, -0.7412475905110748, 0.7758831584124304, -0.4677699514995899, 0.43876192011842785, 0.7467658453189387, -0.440064050875768, 0.6302728772202004, 0.33879490475647334, -0.6828591775259707, 0.9899741294701143, 0.7328648599727872, -0.6018527829178232, 0.20387661117868966, -0.3422894341776941, 0.5708450500375275, 0.5172671741472448, -0.601530617376562, 0.706971151509393, -0.7476144305947395, 0.3384356775875812, 0.4890849700375903, -0.7665861843140525, -0.012942721566770565, 0.6696633727834882, 0.22676960303592264, -0.6513348617887709, 0.7858194415434487, 0.48248869467319255, -0.09907619434480774, -0.8198864391892406, 0.04174950477727621, 0.6829529090500945, 0.28030138535048366, 0.7911753223256126, -0.5432975624494429, 0.4809016336145484, -1.0, -0.141722228914974, -0.31774488485336616, 0.6520527773179556, -0.003727082928215414, -0.6019238271092328, 0.8047043741771238, -0.45721386087932403, 0.35626956245976094, 0.07986707039819807, 0.7125046430212212, -0.8992159991551607, -0.02818105700165362, 0.9048361643606522, -0.957804079346638, 0.6930228333890875, -0.5582923679350775, -0.31810251949508683, -0.3372483644962989, -0.8485039473539855, 1.0, 0.3498362995697464, 0.7727775725375491]
1019.99755859375	(8, 12, 2)	[-0.8240204901053014, 0.1913702478665387, -0.04627789763503709, 0.6519445972790026, 0.8442376889203471, 1.0, 0.46553496426705565, -0.6741292894551092, -0.9553350874876418, -0.6023476312547837, 0.2598422739746489, 0.19141763274192924, 0.7700883014793005, 0.7034781551227567, 0.29978452081105034, 0.22260900412242224, 0.133641764463867, 0.35989174482800235, -0.4461410878144009, -0.3729739667269141, 0.23641774858896597, 0.10425585099326538, 0.9389145250338987, 0.7905535723671178, -0.6970678252216318, 0.7005252013029768, -1.0, -0.1615814473910282, -0.20979647160232018, 0.8035736118490782, -0.2049741302151995, 0.28197934496963817, -0.23025976094441525, 0.15486968470537227, 0.381953073119923, 0.006210397272843338, 0.3482348551996881, -0.3181932455014494, -0.5303304128539554, 0.8939541989711094, 0.43671727649329406, -0.8308187505362243, -0.6222710505095961, -0.6315878385012388, 0.6175764128785133, 0.28243180315709, 0.8648858257784495, -0.8343818622828806, 0.7236316922832926, 0.8339177943636058, 0.32012509342132445, -0.6002294948488469, -0.9680038457888465, -0.24585545204699288, 0.4220020635430941, 0.36861085326395815, -0.5400998712910504, 0.8331238496294808, -0.034585242556785856, 0.586277865028495, -0.98916328022139, -0.7412475905110748, 0.7758831584124304, -0.4677699514995899, 0.43876192011842785, 0.7467658453189387, -0.440064050875768, 0.6302728772202004, 0.33879490475647334, -0.6828591775259707, 0.9899741294701143, 0.7328648599727872, -0.6018527829178232, 0.20387661117868966, -0.3422894341776941, 0.5708450500375275, 0.5172671741472448, -0.601530617376562, 0.706971151509393, -0.7476144305947395, 0.3384356775875812, 0.4890849700375903, -0.7665861843140525, -0.012942721566770565, 0.6696633727834882, 0.22676960303592264, -0.6513348617887709, 0.7858194415434487, 0.48248869467319255, -0.09907619434480774, -0.8198864391892406, 0.04174950477727621, 0.6829529090500945, 0.28030138535048366, 0.7911753223256126, -0.5432975624494429, 0.4809016336145484, -1.0, -0.141722228914974, -0.31774488485336616, 0.6520527773179556, -0.003727082928215414, -0.6019238271092328, 0.8047043741771238, -0.45721386087932403, 0.35626956245976094, 0.07986707039819807, 0.7125046430212212, -0.8992159991551607, -0.02818105700165362, 0.9048361643606522, -0.957804079346638, 0.6930228333890875, -0.5582923679350775, -0.31810251949508683, -0.3372483644962989, -0.8485039473539855, 1.0, 0.3498362995697464, 0.7727775725375491]
1019.9751586914062	(8, 12, 2)	[-0.8240204901053014, 0.7248044684157497, -0.04627789763503709, 0.050905680705474854, 0.8442376889203471, 0.9572074142052471, 0.5573689326443025, -0.6741292894551092, -0.9553350874876418, -0.6023476312547837, 0.40455547636223277, -0.36036120010365646, 0.8340804093468568, 0.7034781551227567, 0.316366399027989, 0.27146480988775595, -0.3607319677521681, 0.35989174482800235, -0.4461410878144009, -0.3609343091282416, 0.10912650509078636, -0.005947140106842053, 0.6999249330027241, 0.7905535723671178, -0.1996390484370918, 0.6711303344573212, -1.0, 0.5082275950771, -0.20979647160232018, -0.15830695176686338, 0.7565385498611701, 0.28197934496963817, 0.9704100253986543, -0.043908015474702466, 0.381953073119923, 0.006210397272843338, 0.3010093972429077, -0.2499434123419775, 0.806454505296244, 0.9615073707442636, 0.43671727649329406, -0.8308187505362243, -0.4270034998683574, -0.44646076368366183, 0.9292994889594413, 0.28243180315709, 0.8648858257784495, -0.8343818622828806, 0.16443865848306838, 0.7906029518286688, -0.9154602584441425, -0.6002294948488469, -0.8450723165210314, -0.24585545204699288, 0.7690698213799049, 0.36861085326395815, -0.40603147309875115, 0.0070635866489864585, -0.034585242556785856, 0.586277865028495, -0.4816839651064988, -0.7412475905110748, 0.7370234524816377, -0.4677699514995899, -0.6765740425663673, 0.7467658453189387, -0.5584469330075128, 0.6749760769030888, 0.33879490475647334, -0.16414960728327774, 0.07193785021922006, 0.7328648599727872, -0.73929459371825, 0.20387661117868966, -0.7842805084803732, 0.5708450500375275, -0.740245261545641, -0.601530617376562, 0.43935624748283153, 0.2598159412540213, 0.3384356775875812, 0.4890849700375903, -0.7665861843140525, -0.012942721566770565, 0.6696633727834882, 0.22676960303592264, -0.6513348617887709, 0.7245214438001184, 0.48248869467319255, 0.138755267888645, -0.8198864391892406, 0.13644231703787946, 0.6829529090500945, 0.3013274957587463, 0.7911753223256126, -0.7915214614602859, 0.4809016336145484, -1.0, -0.141722228914974, 0.7510355832878148, 0.6520527773179556, 0.21657054548858135, -0.5032422679094913, 0.8047043741771238, -0.2985880068261917, -0.3740105168231008, 0.07986707039819807, 0.2860155785450875, 0.28855153911534603, -0.02818105700165362, -0.258519374687316, 0.19770453622857234, 0.745779240001385, -0.6620236011448839, -0.31810251949508683, -0.3372483644962989, -0.8485039473539855, 1.0, -0.6158766695739211, 0.8685207898160852]
1019.97509765625	(8, 12, 2)	[-0.8240204901053014, 0.7248044684157497, -0.04627789763503709, 0.6519445972790026, 0.8442376889203471, 0.9572074142052471, 0.5573689326443025, -0.7791914055414928, -0.9553350874876418, -0.4046087185912681, -0.34414767860136175, -0.36036120010365646, 0.8340804093468568, 0.725346364358016, 0.7009923122442634, 0.16600185187888292, -0.3607319677521681, 0.49236934211742683, -0.4461410878144009, -0.3609343091282416, 0.23641774858896597, -0.005947140106842053, 0.9389145250338987, 0.7905535723671178, -0.3265177148542213, 0.7005252013029768, -0.8143837509206466, -0.1615814473910282, -0.20979647160232018, 0.8035736118490782, 0.4309903271003641, 0.28197934496963817, 0.9704100253986543, -0.043908015474702466, -0.9879012772718081, 0.006210397272843338, 0.3482348551996881, -0.8231384202135077, 0.8085980339268669, 0.6302554481437117, 0.43671727649329406, -0.45782161671960286, -0.4270034998683574, -0.6315878385012388, 0.9292994889594413, 0.28243180315709, -0.49799999840479514, -0.8343818622828806, 0.7236316922832926, -0.09520533483269075, 0.32012509342132445, -0.6002294948488469, -0.8450723165210314, -0.24585545204699288, 0.44493169750541034, 0.36861085326395815, -0.3780570766105831, 0.8331238496294808, -0.9728765604931288, 0.586277865028495, -0.7449967819902235, -0.23614391366434143, 0.8671902802466671, -0.4677699514995899, 0.43876192011842785, 0.7467658453189387, -0.5584469330075128, 0.6302728772202004, -0.43155530068308523, -0.6770976453945866, 0.6288612393571232, 0.7493600985549536, 0.46069388690964264, -0.4226209896662052, -0.7842805084803732, 0.5613100433863871, -0.740245261545641, -0.29560056654408856, 0.611101245059618, -0.7476144305947395, 0.3384356775875812, 0.4890849700375903, -0.7665861843140525, -0.012942721566770565, 0.96490003920556, 0.22676960303592264, -0.6513348617887709, 0.8899980411260321, -0.9791443622165394, -0.09907619434480774, -0.8198864391892406, 0.13644231703787946, 0.6829529090500945, -0.47890045590382324, 0.7911753223256126, -0.5432975624494429, 0.4809016336145484, -1.0, -0.141722228914974, -0.34993295186037027, 0.6520527773179556, 0.21657054548858135, -0.6019238271092328, 0.6376385948613545, -0.4119657073185685, 0.35626956245976094, -0.70721992934119, 0.2860155785450875, -0.8992159991551607, -0.00012949296996356274, -0.258519374687316, -0.957804079346638, 0.6930228333890875, -0.6620236011448839, -0.31810251949508683, -0.3372483644962989, -0.8566232322521671, 1.0, 0.3498362995697464, 0.8685207898160852]
1019.8925170898438	(8, 12, 2)	[-0.8240204901053014, 0.23976094631581432, -0.04627789763503709, 0.6519445972790026, 0.13361756736938596, 1.0, 0.46553496426705565, -0.7791914055414928, -0.9553350874876418, -0.6023476312547837, 0.2598422739746489, 0.19141763274192924, 0.7700883014793005, 0.725346364358016, 0.316366399027989, 0.23462947286425279, -0.3607319677521681, 0.49236934211742683, -0.4461410878144009, -0.3625697610777633, 0.10912650509078636, -0.005947140106842053, 0.9389145250338987, 0.7905535723671178, -0.3265177148542213, 0.7005252013029768, -0.8143837509206466, 0.5082275950771, -0.20979647160232018, -0.15830695176686338, 0.4309903271003641, 0.28197934496963817, 0.9704100253986543, -0.043908015474702466, 0.381953073119923, 0.006210397272843338, 0.3482348551996881, -0.3181932455014494, -0.6138598778735452, 0.9615073707442636, 0.43671727649329406, -0.41192047005973476, -0.4270034998683574, -0.7052565033264799, 0.15529458438752908, 0.42916862660411637, -0.49799999840479514, -0.8343818622828806, 0.7236316922832926, -0.09520533483269075, 0.4348116943393291, -0.6002294948488469, -0.8450723165210314, -0.24585545204699288, 0.4220020635430941, 0.36861085326395815, -0.3780570766105831, 0.0070635866489864585, -0.034585242556785856, 0.4919543910018038, -0.7449967819902235, -0.7412475905110748, 0.7758831584124304, -0.4677699514995899, -0.6765740425663673, 0.7321618085637708, -0.5584469330075128, 0.6302728772202004, 0.33879490475647334, -0.6828591775259707, 0.07193785021922006, 0.7328648599727872, -0.73929459371825, 0.12110835431159528, -0.5742148115568901, 0.5708450500375275, 0.5172671741472448, -0.29560056654408856, 0.43935624748283153, -0.7476144305947395, 0.3384356775875812, 0.4890849700375903, -0.7665861843140525, -0.012942721566770565, 0.6696633727834882, 0.6688988517559011, -0.8373560717852354, 0.7858194415434487, 0.48248869467319255, -0.09907619434480774, -0.8198864391892406, 0.13644231703787946, 0.7592518683476692, -0.47890045590382324, 0.7911753223256126, 0.5193882161264674, 0.4809016336145484, -1.0, -0.141722228914974, -0.31774488485336616, 0.4053886294136324, 0.21657054548858135, -0.6591262285926575, -0.9211247570326822, -0.2985880068261917, 0.35626956245976094, -0.1152772699305733, 0.2860155785450875, -0.8992159991551607, -0.00012949296996356274, 0.9048361643606522, -0.957804079346638, 0.5794884992782076, -0.6620236011448839, -0.31810251949508683, -0.3372483644962989, -0.842754836920812, 0.9955920704582, -0.5884989698238696, 0.7727775725375491]
1019.900146484375	(8, 12, 2)	[-0.8240204901053014, 0.23976094631581432, -0.04627789763503709, 0.6519445972790026, 0.13361756736938596, 1.0, 0.46553496426705565, -0.7791914055414928, -0.9553350874876418, -0.4046087185912681, 0.2598422739746489, -0.36036120010365646, 0.7700883014793005, 0.725346364358016, 0.316366399027989, 0.23462947286425279, -0.3607319677521681, 0.49236934211742683, -0.4461410878144009, -0.3609343091282416, 0.10912650509078636, -0.005947140106842053, 0.9389145250338987, 0.7905535723671178, -0.3265177148542213, 0.7005252013029768, -0.8143837509206466, 0.5082275950771, -0.20979647160232018, -0.15830695176686338, -0.2049741302151995, 0.28197934496963817, 0.7977652259809168, -0.043908015474702466, 0.381953073119923, 0.006210397272843338, 0.3010093972429077, -0.3181932455014494, -0.6138598778735452, 0.9615073707442636, 0.4670177113012325, -0.8308187505362243, -0.4270034998683574, -0.6315878385012388, 0.6175764128785133, 0.42916862660411637, -0.49799999840479514, -0.8343818622828806, 0.7236316922832926, 0.8339177943636058, 0.4348116943393291, -0.6002294948488469, -0.8450723165210314, -0.3121853805315443, 0.4220020635430941, 0.36861085326395815, -0.3780570766105831, 0.8331238496294808, -0.034585242556785856, 0.4919543910018038, -0.9363488176160357, -0.7412475905110748, 0.7758831584124304, -0.4677699514995899, 0.43876192011842785, 0.7321618085637708, -0.5584469330075128, 0.6302728772202004, 0.33879490475647334, -0.6828591775259707, 0.07193785021922006, -0.710980779872445, -0.73929459371825, 0.12110835431159528, -0.5742148115568901, 0.5708450500375275, -0.740245261545641, -0.29560056654408856, 0.611101245059618, 0.2598159412540213, 0.3384356775875812, 0.4890849700375903, -0.5488734819140524, -0.012942721566770565, 0.6696633727834882, 0.6688988517559011, -0.6513348617887709, 0.7858194415434487, -0.9791443622165394, -0.09907619434480774, -0.8198864391892406, 0.04174950477727621, 0.7592518683476692, -0.47890045590382324, 0.7911753223256126, 0.5193882161264674, 0.4809016336145484, -1.0, -0.141722228914974, -0.31774488485336616, 0.6520527773179556, 0.21657054548858135, -0.6591262285926575, 0.8047043741771238, -0.4119657073185685, 0.35626956245976094, -0.1152772699305733, 0.2860155785450875, -0.8992159991551607, -0.00012949296996356274, 0.9048361643606522, -0.957804079346638, 0.745779240001385, -0.6620236011448839, -0.29920201432626764, -0.3372483644962989, -0.9537360445728071, 0.9955920704582, 0.3630481911552035, 0.8685207898160852]
1019.995849609375	(8, 12, 2)	[-0.8240204901053014, 0.18580261626823155, -0.0643811229408697, 0.18499106901930637, 0.13361756736938596, 0.9572074142052471, 0.46553496426705565, -0.7791914055414928, -0.9500960435542094, -0.6023476312547837, -0.34414767860136175, -0.36036120010365646, 0.8340804093468568, 0.725346364358016, 0.5613215706702677, 0.16600185187888292, 0.133641764463867, 0.49236934211742683, -0.4461410878144009, -0.3609343091282416, 0.10912650509078636, -0.005947140106842053, 0.9389145250338987, 0.7905535723671178, -0.3265177148542213, 0.7005252013029768, -0.8143837509206466, -0.1615814473910282, -0.20979647160232018, 0.8035736118490782, 0.4309903271003641, 0.28197934496963817, 0.9704100253986543, -0.043908015474702466, -0.9380812146001929, 0.006210397272843338, 0.3482348551996881, -0.3181932455014494, 0.9764670842040328, 0.9615073707442636, 0.43671727649329406, -0.41192047005973476, -0.4270034998683574, -0.7052565033264799, 0.15529458438752908, 0.28243180315709, -0.49799999840479514, -0.8343818622828806, 0.7236316922832926, -0.14833005584701398, 0.32012509342132445, -0.6002294948488469, -0.7857107143072292, -0.24585545204699288, 0.4220020635430941, 0.36861085326395815, -0.3780570766105831, 0.8331238496294808, -0.034585242556785856, 0.586277865028495, -0.7449967819902235, -0.8417561886299346, 0.8671902802466671, -0.4677699514995899, -0.6765740425663673, 0.7467658453189387, -0.5584469330075128, 0.6302728772202004, -0.35883404258075846, -0.16414960728327774, 0.7315317398770242, 0.7328648599727872, 0.46069388690964264, 0.20387661117868966, -0.7842805084803732, 0.5708450500375275, -0.740245261545641, -0.29560056654408856, 0.611101245059618, 0.2598159412540213, 0.3384356775875812, 0.4890849700375903, -0.7665861843140525, -0.012942721566770565, 0.7056885991620562, 0.20757307464548447, -0.6513348617887709, 0.8899980411260321, -0.9791443622165394, -0.09907619434480774, -0.8198864391892406, 0.13644231703787946, 0.6829529090500945, 0.32455615949375966, -0.046082840632579, -0.7915214614602859, 0.4809016336145484, 1.0, -0.141722228914974, -0.31774488485336616, 0.7523578968069704, 0.21657054548858135, -0.6591262285926575, 0.8047043741771238, -0.4119657073185685, 0.35626956245976094, -0.70721992934119, -0.4512710589835425, -0.8992159991551607, -0.00012949296996356274, 0.9048361643606522, -0.1196134090206672, 0.745779240001385, -0.6620236011448839, -0.3581658839554516, -0.3372483644962989, -0.8485039473539855, 1.0, 0.3498362995697464, 0.8685207898160852]
1019.9991455078125	(8, 12, 2)	[-0.8240204901053014, 0.7647172541319175, -0.0643811229408697, 0.6519445972790026, 0.13361756736938596, 0.9572074142052471, 0.5573689326443025, -0.7791914055414928, -0.9553350874876418, -0.6023476312547837, -0.34414767860136175, -0.36036120010365646, 0.7700883014793005, 0.725346364358016, 0.6155738590711404, 0.23462947286425279, -0.2611589733035771, 0.35989174482800235, -0.4461410878144009, -0.3609343091282416, 0.10912650509078636, -0.005947140106842053, 0.7943693447526216, 0.7905535723671178, -0.3265177148542213, 0.7005252013029768, -0.8143837509206466, 0.5082275950771, -0.20979647160232018, -0.15830695176686338, 0.4309903271003641, 0.28197934496963817, 0.9704100253986543, -0.043908015474702466, 0.381953073119923, 0.006210397272843338, 0.3482348551996881, -0.8231384202135077, -0.6138598778735452, 0.9615073707442636, 0.43671727649329406, -0.41192047005973476, -0.4270034998683574, -0.6315878385012388, 0.15529458438752908, 0.28243180315709, -0.5404029422750122, -0.8343818622828806, 0.7236316922832926, -0.09520533483269075, 0.32012509342132445, -0.6002294948488469, -0.8450723165210314, -0.44200847866450865, 0.44493169750541034, 0.36861085326395815, -0.5400998712910504, 0.8331238496294808, -0.034585242556785856, 0.4919543910018038, -0.98916328022139, -0.23614391366434143, 0.7758831584124304, -0.4677699514995899, -0.6765740425663673, 0.7467658453189387, -0.5584469330075128, 0.6302728772202004, -0.43155530068308523, -0.6828591775259707, 0.6288612393571232, 0.7493600985549536, -0.73929459371825, 0.20387661117868966, -0.5742148115568901, 0.5708450500375275, 0.5172671741472448, -0.29560056654408856, 0.611101245059618, -0.7476144305947395, 0.3384356775875812, 0.4890849700375903, -0.7665861843140525, -0.012942721566770565, 0.96490003920556, 0.22676960303592264, -0.6513348617887709, 0.7858194415434487, -0.9791443622165394, -0.05137944409130826, -0.8198864391892406, 0.18065279272300588, 0.7592518683476692, -0.47890045590382324, -0.046082840632579, -0.5432975624494429, 0.4809016336145484, -1.0, -0.141722228914974, -0.31774488485336616, 0.6520527773179556, 0.21657054548858135, -0.6019238271092328, 0.8047043741771238, -0.5204148288987922, 0.35626956245976094, -0.70721992934119, -0.4512710589835425, -0.8992159991551607, -0.02818105700165362, 0.9048361643606522, -0.2049794895642003, 0.745779240001385, -0.6620236011448839, -0.31810251949508683, -0.3372483644962989, -0.9537360445728071, 0.9955920704582, -0.6158766695739211, 0.8685207898160852]
1019.9998779296875	(8, 12, 2)	[-0.8240204901053014, 0.7647172541319175, -0.0643811229408697, 0.6519445972790026, 0.13361756736938596, 0.9572074142052471, 0.5573689326443025, -0.7791914055414928, -0.9553350874876418, -0.6023476312547837, -0.34414767860136175, -0.36036120010365646, 0.7700883014793005, 0.725346364358016, 0.6155738590711404, 0.23462947286425279, -0.2611589733035771, 0.35989174482800235, -0.4461410878144009, -0.3609343091282416, 0.10912650509078636, -0.005947140106842053, 0.7943693447526216, 0.7905535723671178, -0.3265177148542213, 0.7005252013029768, -0.8143837509206466, 0.5082275950771, -0.20979647160232018, -0.15830695176686338, 0.4309903271003641, 0.28197934496963817, 0.9704100253986543, -0.043908015474702466, 0.381953073119923, 0.006210397272843338, 0.3482348551996881, -0.8231384202135077, -0.6138598778735452, 0.9615073707442636, 0.43671727649329406, -0.41192047005973476, -0.4270034998683574, -0.6315878385012388, 0.15529458438752908, 0.28243180315709, -0.5404029422750122, -0.8343818622828806, 0.7236316922832926, -0.09520533483269075, 0.32012509342132445, -0.6002294948488469, -0.8450723165210314, -0.44200847866450865, 0.44493169750541034, 0.36861085326395815, -0.5400998712910504, 0.8331238496294808, -0.034585242556785856, 0.4919543910018038, -0.98916328022139, -0.23614391366434143, 0.7758831584124304, -0.4677699514995899, -0.6765740425663673, 0.7467658453189387, -0.5584469330075128, 0.6302728772202004, -0.43155530068308523, -0.6828591775259707, 0.6288612393571232, 0.7493600985549536, -0.73929459371825, 0.20387661117868966, -0.5742148115568901, 0.5708450500375275, 0.5172671741472448, -0.29560056654408856, 0.611101245059618, -0.7476144305947395, 0.3384356775875812, 0.4890849700375903, -0.7665861843140525, -0.012942721566770565, 0.96490003920556, 0.22676960303592264, -0.6513348617887709, 0.7858194415434487, -0.9791443622165394, -0.05137944409130826, -0.8198864391892406, 0.18065279272300588, 0.7592518683476692, -0.47890045590382324, -0.046082840632579, -0.5432975624494429, 0.4809016336145484, -1.0, -0.141722228914974, -0.31774488485336616, 0.6520527773179556, 0.21657054548858135, -0.6019238271092328, 0.8047043741771238, -0.5204148288987922, 0.35626956245976094, -0.70721992934119, -0.4512710589835425, -0.8992159991551607, -0.02818105700165362, 0.9048361643606522, -0.2049794895642003, 0.745779240001385, -0.6620236011448839, -0.31810251949508683, -0.3372483644962989, -0.9537360445728071, 0.9955920704582, -0.6158766695739211, 0.8685207898160852]
1019.9955444335938	(8, 12, 2)	[-0.8586036700216745, 0.7647172541319175, -0.0643811229408697, 0.6519445972790026, 0.13361756736938596, 0.9572074142052471, 0.46553496426705565, -0.7791914055414928, -0.9553350874876418, -0.6023476312547837, 0.2598422739746489, -0.36036120010365646, 0.7700883014793005, 0.725346364358016, 0.316366399027989, 0.23180650673809888, 0.133641764463867, 0.35989174482800235, -0.4461410878144009, -0.3625697610777633, 0.10912650509078636, -0.005947140106842053, 0.7943693447526216, 0.7905535723671178, -0.32511823311307697, 0.7005252013029768, -0.8143837509206466, 0.5082275950771, -0.2514856857731842, -0.15830695176686338, -0.2049741302151995, 0.28197934496963817, 0.9704100253986543, -0.05807250404093906, 0.381953073119923, 0.006210397272843338, 0.3482348551996881, -0.2499434123419775, 0.9764670842040328, 0.6302554481437117, 0.3936565177469761, -0.41192047005973476, -0.4270034998683574, -0.7052565033264799, 0.15529458438752908, 0.42916862660411637, -0.49799999840479514, -0.8343818622828806, 0.7236316922832926, 0.8339177943636058, 0.32012509342132445, -0.6002294948488469, -0.8994113403629964, -0.3121853805315443, 0.44493169750541034, 0.36861085326395815, -0.3780570766105831, 0.8331238496294808, -0.034585242556785856, 0.586277865028495, -0.7449967819902235, -0.6518801928157062, 0.8671902802466671, -0.4677699514995899, 0.43876192011842785, 0.7503151986324569, 0.032548895121246924, 0.6749760769030888, 0.33879490475647334, -0.16414960728327774, 0.07193785021922006, 0.7328648599727872, -0.7552950120111083, -0.4226209896662052, -0.7842805084803732, 0.5325892116769843, -0.8716010719012545, -0.29560056654408856, 0.4900284964177615, 0.2598159412540213, 0.004838737426788038, 0.4890849700375903, -0.9522311784769865, -0.012942721566770565, 0.96490003920556, 0.20757307464548447, -0.8373560717852354, 0.7043208479257239, 0.48248869467319255, 0.138755267888645, -0.6442025797324011, 0.13644231703787946, 0.6829529090500945, 0.3013274957587463, 0.7911753223256126, -0.5432975624494429, 0.4809016336145484, -1.0, -0.141722228914974, -0.31774488485336616, 0.4053886294136324, 0.21657054548858135, -0.6591262285926575, 0.8047043741771238, -0.2985880068261917, 0.35626956245976094, -0.70721992934119, -0.4512710589835425, 0.28855153911534603, -0.00012949296996356274, 0.9048361643606522, -0.2049794895642003, 0.5794884992782076, -0.6620236011448839, -0.31810251949508683, -0.3372483644962989, -0.8485039473539855, 1.0, 0.3498362995697464, 0.7727775725375491]
1019.9993896484375	(8, 12, 2)	[-0.8240204901053014, 0.7248044684157497, -0.0643811229408697, 0.6519445972790026, 0.8433715895511277, 0.9572074142052471, 0.46553496426705565, -0.7791914055414928, -0.9553350874876418, -0.6023476312547837, 0.2598422739746489, 0.19141763274192924, 0.7700883014793005, 0.725346364358016, 0.316366399027989, 0.23180650673809888, 0.33615591528170286, 0.35989174482800235, -0.4461410878144009, -0.4105688675915087, 0.10912650509078636, -0.005947140106842053, 0.9389145250338987, 0.7905535723671178, -0.6578466350673171, 0.7005252013029768, -0.8143837509206466, 0.5082275950771, -0.20979647160232018, 0.748674193973471, 0.4309903271003641, 0.28197934496963817, 0.20498842629430092, -0.043908015474702466, -0.9879012772718081, 0.006210397272843338, 0.3482348551996881, -0.6548552814120915, -0.5303304128539554, 0.9615073707442636, 0.43671727649329406, -0.41192047005973476, -0.4270034998683574, -0.7052565033264799, 0.15529458438752908, 0.42916862660411637, -0.5404029422750122, -0.8343818622828806, 0.7236316922832926, -0.09520533483269075, 0.32012509342132445, -0.6002294948488469, -0.8450723165210314, -0.44200847866450865, 0.8476316020952122, 0.36861085326395815, -0.5400998712910504, 0.8331238496294808, -0.034585242556785856, 0.4919543910018038, -0.7449967819902235, -0.23614391366434143, 0.7758831584124304, -0.42187322095114926, -0.6765740425663673, 0.7321618085637708, -0.48131275280467034, 0.6302728772202004, -0.43155530068308523, -0.6828591775259707, 0.9899741294701143, 0.7328648599727872, -0.8071743839197094, -0.4668456631009382, -0.5742148115568901, 0.5708450500375275, 0.5172671741472448, -0.29560056654408856, 0.611101245059618, 0.2598159412540213, 0.3384356775875812, 0.4890849700375903, -0.9522311784769865, -0.012942721566770565, 0.96490003920556, 0.22676960303592264, -0.6513348617887709, 0.7858194415434487, -0.9791443622165394, 0.138755267888645, -0.8198864391892406, 0.16462550000310117, 0.6829529090500945, 0.28030138535048366, -0.046082840632579, 0.5193882161264674, 0.4809016336145484, -1.0, -0.141722228914974, -0.34993295186037027, 0.6520527773179556, -0.003727082928215414, -0.5789700147152728, -0.9211247570326822, -0.5204148288987922, 0.35626956245976094, -0.70721992934119, -0.4512710589835425, -0.8999731355690037, -0.02818105700165362, 0.9048361643606522, -0.957804079346638, 0.5794884992782076, -0.6620236011448839, -0.29920201432626764, -0.4973073031728096, -0.842754836920812, 1.0, 0.3498362995697464, 0.8685207898160852]
1019.9949951171875	(8, 12, 2)	[-0.8240204901053014, 0.1913702478665387, -0.0643811229408697, 0.6519445972790026, 0.8442376889203471, 0.9572074142052471, 0.5573689326443025, -0.6741292894551092, -1.0, -0.4046087185912681, 0.2598422739746489, -0.36036120010365646, 0.8340804093468568, 0.725346364358016, 0.5613215706702677, 0.22260900412242224, 0.11266824864032787, 0.35989174482800235, -0.4461410878144009, -0.31887710450667667, 0.10912650509078636, -0.005947140106842053, 0.7943693447526216, 0.7905535723671178, -0.6970678252216318, 0.7005252013029768, -1.0, 0.5082275950771, -0.20979647160232018, -0.15830695176686338, 0.4309903271003641, 0.28197934496963817, 0.9704100253986543, -0.043908015474702466, 0.381953073119923, 0.03121689967630812, 0.3482348551996881, -0.8231384202135077, -0.5303304128539554, 0.9615073707442636, 0.43671727649329406, -0.8308187505362243, -0.4270034998683574, -0.7052565033264799, 0.9292994889594413, 0.28243180315709, -0.49799999840479514, -0.8343818622828806, 0.7236316922832926, -0.09520533483269075, 0.32012509342132445, -0.6002294948488469, -0.8450723165210314, -0.44200847866450865, 0.4220020635430941, 0.36861085326395815, -0.3780570766105831, 0.8331238496294808, -0.034585242556785856, 0.4919543910018038, -0.7449967819902235, -0.9130887101027185, 0.7370234524816377, -0.4677699514995899, 0.4793657875382601, 0.7503151986324569, 0.032548895121246924, 0.6926928318866594, -0.43155530068308523, -0.16414960728327774, 0.1537106085549058, 0.7493600985549536, -0.73929459371825, 0.20387661117868966, -0.5742148115568901, 0.5325892116769843, 0.5172671741472448, -0.29560056654408856, 0.43935624748283153, 0.2598159412540213, 0.3384356775875812, 0.4890849700375903, -0.9522311784769865, -0.012942721566770565, 0.96490003920556, 0.20757307464548447, -0.6513348617887709, 0.7858194415434487, 0.48248869467319255, -0.09907619434480774, -0.8827987762328371, 0.04174950477727621, 0.8295298174354826, -0.47890045590382324, -0.046082840632579, -0.7915214614602859, 0.4809016336145484, 1.0, -0.141722228914974, -0.31774488485336616, 0.4053886294136324, -0.003727082928215414, -0.6019238271092328, 0.8047043741771238, -0.26475332180168976, 0.32516504142853064, 0.07986707039819807, -0.4512710589835425, 0.28855153911534603, -0.00012949296996356274, 0.9048361643606522, -0.957804079346638, 0.745779240001385, -0.4847457481069421, -0.26621460135635744, -0.4973073031728096, -0.8566232322521671, 1.0, 0.3498362995697464, 0.7727775725375491]
1019.9957885742188	(8, 12, 2)	[-0.8240204901053014, 0.7647172541319175, -0.0643811229408697, 0.6519445972790026, 0.8433715895511277, 0.9572074142052471, 0.46553496426705565, -0.7791914055414928, -0.9553350874876418, -0.6023476312547837, -0.34414767860136175, 0.19141763274192924, 0.7700883014793005, 0.725346364358016, 0.4549312758367007, 0.16600185187888292, -0.2611589733035771, 0.35989174482800235, -0.4461410878144009, -0.3609343091282416, 0.23641774858896597, -0.005947140106842053, 0.9389145250338987, 0.7905535723671178, -0.3265177148542213, 0.8074355897505722, -0.8143837509206466, 0.5082275950771, -0.20979647160232018, -0.21502674205758324, 0.4309903271003641, 0.28197934496963817, 0.9704100253986543, -0.043908015474702466, 0.381953073119923, 0.006210397272843338, 0.3482348551996881, -0.3181932455014494, -0.6138598778735452, 0.6302554481437117, 0.43671727649329406, -0.45782161671960286, -0.4270034998683574, -0.7052565033264799, 0.6175764128785133, 0.42916862660411637, 0.7779026010788935, -0.8343818622828806, 0.7236316922832926, -0.09520533483269075, 0.32012509342132445, -0.6002294948488469, -0.8450723165210314, -0.44200847866450865, 0.4220020635430941, 0.36861085326395815, -0.6000643634083446, 0.8331238496294808, -0.0710698363195176, 0.586277865028495, -0.7449967819902235, -0.23614391366434143, 0.7758831584124304, -0.4677699514995899, 0.43876192011842785, 0.7321618085637708, -0.5584469330075128, 0.6749760769030888, 0.33879490475647334, -0.16414960728327774, 0.6288612393571232, 0.7328648599727872, -0.73929459371825, -0.4226209896662052, -0.5742148115568901, 0.5708450500375275, 0.5172671741472448, -0.29560056654408856, 0.43935624748283153, 0.2598159412540213, 0.2592460079968878, 0.4890849700375903, -0.9522311784769865, -0.08098681637608532, 0.96490003920556, 0.22676960303592264, -0.8373560717852354, 0.7858194415434487, -0.9791443622165394, -0.09907619434480774, -0.8198864391892406, 0.04174950477727621, 0.6829529090500945, 0.3013274957587463, -0.046082840632579, -0.5432975624494429, 0.4809016336145484, -1.0, -0.141722228914974, -0.31774488485336616, 0.8501625890819449, 0.21657054548858135, -0.5347790586722201, 0.8047043741771238, -0.45721386087932403, 0.35626956245976094, 0.07986707039819807, 0.7125046430212212, -0.8992159991551607, -0.02818105700165362, 0.9048361643606522, -0.957804079346638, 0.745779240001385, -0.5582923679350775, -0.31810251949508683, -0.4973073031728096, -0.8485039473539855, 1.0, 0.3630481911552035, 0.8685207898160852]
1019.999267578125	(8, 12, 2)	[-0.8240204901053014, 0.7248044684157497, -0.0643811229408697, 0.6519445972790026, 0.13361756736938596, 0.9572074142052471, 0.46553496426705565, -0.7791914055414928, -0.9553350874876418, -0.6023476312547837, -0.34414767860136175, -0.36036120010365646, 0.7700883014793005, 0.725346364358016, 0.5613215706702677, 0.16600185187888292, -0.3607319677521681, 0.49236934211742683, -0.4461410878144009, -0.3609343091282416, 0.10912650509078636, -0.005947140106842053, 0.6999249330027241, 0.7905535723671178, -0.3265177148542213, 0.7005252013029768, -0.8143837509206466, 0.5082275950771, -0.20979647160232018, -0.15830695176686338, 0.7565385498611701, 0.28197934496963817, 0.9704100253986543, -0.043908015474702466, 0.381953073119923, 0.006210397272843338, 0.3482348551996881, -0.8231384202135077, 0.9764670842040328, 0.9615073707442636, 0.43671727649329406, -0.41192047005973476, -0.6222710505095961, -0.7052565033264799, 0.15529458438752908, 0.28243180315709, -0.5404029422750122, -0.8316175622761313, 0.7236316922832926, -0.09520533483269075, 0.32012509342132445, -0.6002294948488469, -0.8450723165210314, -0.24585545204699288, 0.8476316020952122, 0.36861085326395815, -0.4509666837163644, 0.8331238496294808, -0.034585242556785856, 0.586277865028495, -0.98916328022139, -0.7412475905110748, 0.7370234524816377, -0.4677699514995899, 0.43876192011842785, 0.7321618085637708, -0.5584469330075128, 0.6302728772202004, 0.33879490475647334, -0.6770976453945866, 0.6288612393571232, 0.7328648599727872, -0.73929459371825, 0.20387661117868966, -0.46604454269144546, 0.5708450500375275, 0.5172671741472448, -0.3574061620789843, 0.43935624748283153, 0.2598159412540213, 0.2592460079968878, 0.4890849700375903, -0.9522311784769865, -0.012942721566770565, 0.96490003920556, 0.6688988517559011, -0.6513348617887709, 0.7858194415434487, -0.9791443622165394, 0.004468749830134511, -0.6442025797324011, 0.09324513049726785, 0.6829529090500945, -0.47890045590382324, -0.048573521748936574, -0.5432975624494429, 0.4809016336145484, -1.0, -0.141722228914974, -0.31774488485336616, 0.6520527773179556, 0.21657054548858135, -0.5347790586722201, 0.9068107929027104, -0.2985880068261917, 0.24555275598179477, -0.70721992934119, 0.7125046430212212, -0.8992159991551607, -0.02818105700165362, 0.9048361643606522, -0.2049794895642003, 0.745779240001385, -0.6620236011448839, -0.1727461021874289, -0.4973073031728096, -0.9537360445728071, 1.0, 0.3630481911552035, 0.8685207898160852]
1019.9948120117188	(8, 12, 2)	[-0.8240204901053014, 0.18580261626823155, -0.0643811229408697, 0.6519445972790026, 0.8442376889203471, 0.9572074142052471, 0.46553496426705565, -0.7791914055414928, -0.9553350874876418, -0.4046087185912681, -0.34414767860136175, -0.36036120010365646, 0.7700883014793005, 0.6974191379785366, 0.5613215706702677, 0.16600185187888292, -0.3607319677521681, 0.35989174482800235, -0.4461410878144009, -0.3609343091282416, 0.10912650509078636, -0.005947140106842053, 0.9389145250338987, 0.7905535723671178, -0.3265177148542213, 0.7005252013029768, -1.0, -0.1615814473910282, -0.20979647160232018, 0.9519737965704251, 0.4309903271003641, 0.28197934496963817, 0.20498842629430092, -0.043908015474702466, 0.381953073119923, -0.030839233212297118, 0.3482348551996881, -0.8231384202135077, -0.5303304128539554, 0.9615073707442636, 0.43671727649329406, -0.36263425882968814, -0.4270034998683574, -0.7052565033264799, 0.9292994889594413, 0.28243180315709, -0.5404029422750122, -0.8343818622828806, 0.7236316922832926, -0.09520533483269075, 0.32012509342132445, -0.6002294948488469, -0.811939955242929, -0.24585545204699288, 0.4220020635430941, 0.36861085326395815, -0.3780570766105831, 0.8331238496294808, -0.034585242556785856, 0.4919543910018038, -0.98916328022139, -0.7412475905110748, 0.8671902802466671, -0.4677699514995899, 0.43876192011842785, 0.7321618085637708, 0.032548895121246924, 0.6302728772202004, 0.36990456287406703, -0.1229838020493037, 0.6288612393571232, 0.7328648599727872, -0.73929459371825, 0.20387661117868966, -0.7842805084803732, 0.5708450500375275, 0.5172671741472448, -0.29560056654408856, 0.43935624748283153, -0.7476144305947395, 0.2592460079968878, 0.6238059070848001, -0.9522311784769865, -0.012942721566770565, 0.96490003920556, 0.20757307464548447, -0.5844612826138607, 0.7858194415434487, -0.9791443622165394, -0.09907619434480774, -0.6442025797324011, 0.18065279272300588, 0.6829529090500945, -0.47890045590382324, -0.046082840632579, -0.5432975624494429, 0.4809016336145484, -1.0, -0.141722228914974, -0.2861987053561801, 0.6520527773179556, 0.21657054548858135, -0.5347790586722201, 0.6376385948613545, -0.4119657073185685, 0.35626956245976094, -0.70721992934119, 0.2860155785450875, -0.8992159991551607, -0.00012949296996356274, 0.9048361643606522, -0.2049794895642003, 0.745779240001385, -0.6620236011448839, -0.31810251949508683, -0.3372483644962989, -0.9537360445728071, 1.0, -0.6158766695739211, 0.8685207898160852]
1019.9990234375	(8, 12, 2)	[-0.8240204901053014, 0.18580261626823155, -0.0643811229408697, 0.6519445972790026, 0.13361756736938596, 0.9572074142052471, 0.46553496426705565, -0.7791914055414928, -0.9553350874876418, -0.4046087185912681, -0.34414767860136175, -0.36036120010365646, 0.7700883014793005, 0.725346364358016, 0.5613215706702677, 0.16600185187888292, 0.11266824864032787, 0.49236934211742683, -0.4461410878144009, -0.3609343091282416, 0.10912650509078636, -0.005947140106842053, 0.7943693447526216, 0.7905535723671178, -0.3265177148542213, 0.7005252013029768, -0.8143837509206466, 0.5082275950771, -0.20979647160232018, 0.8035736118490782, 0.3787806196670124, 0.28197934496963817, 0.9704100253986543, -0.043908015474702466, 0.381953073119923, 0.006210397272843338, 0.3482348551996881, -0.8024611354229254, -0.5303304128539554, 0.9615073707442636, 0.3936565177469761, -0.8308187505362243, -0.6222710505095961, -0.7052565033264799, 0.15529458438752908, 0.28243180315709, -0.6046082804150938, -0.8721915319650952, 0.7236316922832926, -0.09520533483269075, 0.32012509342132445, -0.6002294948488469, -1.0, -0.24585545204699288, 0.4220020635430941, 0.36861085326395815, -0.3780570766105831, 0.8331238496294808, -0.034585242556785856, 0.586277865028495, -0.98916328022139, -0.7412475905110748, 0.7758831584124304, -0.42187322095114926, -0.6733663673023688, 0.7467658453189387, 0.032548895121246924, 0.6749760769030888, 0.36990456287406703, -0.6770976453945866, 0.6288612393571232, 0.7328648599727872, -0.73929459371825, 0.20387661117868966, -0.46604454269144546, 0.5708450500375275, 0.5172671741472448, -0.29560056654408856, 0.43935624748283153, -0.7476144305947395, 0.2592460079968878, 0.4890849700375903, -0.7665861843140525, -0.012942721566770565, 0.96490003920556, 0.20757307464548447, -0.6513348617887709, 0.8899980411260321, -0.9791443622165394, 0.138755267888645, -0.8198864391892406, 0.18065279272300588, 0.6829529090500945, -0.47890045590382324, -0.046082840632579, -0.5432975624494429, 0.4809016336145484, -1.0, -0.141722228914974, -0.31774488485336616, 0.4053886294136324, 0.21657054548858135, -0.5947860048598358, 0.8047043741771238, -0.24098511510283566, 0.35626956245976094, -0.70721992934119, -0.4512710589835425, 0.28855153911534603, -0.02818105700165362, 0.9048361643606522, -0.957804079346638, 0.5794884992782076, -0.6620236011448839, -0.31810251949508683, -0.3372483644962989, -0.9537360445728071, 1.0, 0.3498362995697464, 0.8685207898160852]
1019.9996337890625	(8, 12, 2)	[-0.8240204901053014, 0.23976094631581432, -0.21413872934753045, 0.6519445972790026, 0.13361756736938596, 0.9572074142052471, 0.46553496426705565, -0.6741292894551092, -0.9553350874876418, -0.4046087185912681, 0.29316498161159554, -0.36036120010365646, 0.8340804093468568, 0.725346364358016, 0.5613215706702677, 0.22260900412242224, -0.2611589733035771, 0.35989174482800235, -0.4461410878144009, -0.4360535245315937, 0.23641774858896597, -0.005947140106842053, 0.9389145250338987, 0.7905535723671178, -0.3265177148542213, 0.7005252013029768, -1.0, -0.1615814473910282, -0.20979647160232018, -0.15830695176686338, 0.4309903271003641, 0.28197934496963817, 0.20498842629430092, -0.043908015474702466, 0.381953073119923, 0.006210397272843338, 0.3482348551996881, -0.8024611354229254, -0.5303304128539554, 0.9615073707442636, 0.4670177113012325, -0.41192047005973476, -0.4270034998683574, -0.7052565033264799, 0.15529458438752908, 0.28243180315709, -0.49799999840479514, -0.8343818622828806, 0.16443865848306838, -0.09520533483269075, 0.32012509342132445, -0.6002294948488469, -0.8450723165210314, -0.24585545204699288, 0.4220020635430941, 0.36861085326395815, -0.6000643634083446, 0.8331238496294808, -0.034585242556785856, 0.4919543910018038, -0.98916328022139, -0.23614391366434143, 0.8671902802466671, -0.4677699514995899, 0.43876192011842785, 0.7503151986324569, -0.5584469330075128, 0.6302728772202004, 0.33879490475647334, -0.7258039082056799, 0.7315317398770242, 0.7328648599727872, -0.73929459371825, 0.20387661117868966, -0.5742148115568901, 0.5708450500375275, 0.5172671741472448, -0.601530617376562, 0.611101245059618, 0.2598159412540213, 0.1153508414740815, 0.4890849700375903, -0.7665861843140525, -0.08098681637608532, 0.96490003920556, 0.6164464676541628, -0.8373560717852354, 0.7245214438001184, -0.9791443622165394, -0.09907619434480774, -0.6442025797324011, 0.13644231703787946, 0.6829529090500945, 0.28030138535048366, -0.046082840632579, -0.5432975624494429, 0.4809016336145484, 1.0, -0.141722228914974, -0.31774488485336616, 0.8501625890819449, -0.003727082928215414, -0.5347790586722201, 0.8047043741771238, -0.45721386087932403, 0.35626956245976094, 0.10830678456981178, -0.4512710589835425, -0.9624939642721034, -0.00012949296996356274, 0.9048361643606522, -0.2049794895642003, 0.745779240001385, -0.6620236011448839, -0.26621460135635744, -0.3372483644962989, -0.8485039473539855, 1.0, -0.6158766695739211, 0.7727775725375491]
1019.9993286132812	(8, 12, 2)	[-0.8240204901053014, 0.7647172541319175, -0.0643811229408697, 0.6519445972790026, 0.8433715895511277, 0.9572074142052471, 0.46553496426705565, -0.7791914055414928, -0.9553350874876418, -0.4046087185912681, 0.40455547636223277, -0.36036120010365646, 0.7700883014793005, 0.725346364358016, 0.5613215706702677, 0.22260900412242224, 0.33615591528170286, 0.35989174482800235, -0.4064423699615659, -0.4360535245315937, 0.10912650509078636, -0.005947140106842053, 0.7943693447526216, 0.7905535723671178, -0.3265177148542213, 0.7005252013029768, -1.0, 0.5082275950771, -0.20979647160232018, -0.21502674205758324, 0.4309903271003641, 0.28197934496963817, 0.9704100253986543, -0.043908015474702466, 0.381953073119923, 0.006210397272843338, 0.3482348551996881, -0.8231384202135077, -0.5303304128539554, 0.9615073707442636, 0.43671727649329406, -0.41192047005973476, -0.6222710505095961, -0.7052565033264799, 0.15529458438752908, 0.1443795640731416, -0.49799999840479514, -0.8721915319650952, 0.7236316922832926, 0.8339177943636058, 0.32012509342132445, -0.6002294948488469, -0.8450723165210314, -0.44200847866450865, 0.4220020635430941, 0.36861085326395815, -0.5400998712910504, 0.8331238496294808, -0.034585242556785856, 0.586277865028495, -0.9363488176160357, -0.23614391366434143, 0.7370234524816377, -0.4677699514995899, 0.34123331615881847, 0.7503151986324569, -0.5584469330075128, 0.6926928318866594, 0.36990456287406703, -0.6770976453945866, 0.9899741294701143, 0.7493600985549536, -0.73929459371825, 0.20387661117868966, -0.46604454269144546, 0.5708450500375275, 0.5172671741472448, -0.29560056654408856, 0.43935624748283153, 0.2598159412540213, -0.03395254642423695, 0.4890849700375903, -0.9522311784769865, -0.09337467167330638, 0.96490003920556, 0.22676960303592264, -0.6513348617887709, 0.7858194415434487, -0.9791443622165394, -0.05137944409130826, -0.8827987762328371, 0.09324513049726785, 0.6829529090500945, -0.47890045590382324, -0.046082840632579, -0.7915214614602859, 0.4809016336145484, 1.0, -0.141722228914974, -0.31774488485336616, 0.6520527773179556, -0.003727082928215414, -0.6591262285926575, 0.6376385948613545, -0.45721386087932403, 0.35626956245976094, 0.07986707039819807, -0.4512710589835425, 0.28855153911534603, -0.02818105700165362, 0.9048361643606522, -0.957804079346638, 0.745779240001385, -0.5582923679350775, -0.1727461021874289, -0.3372483644962989, -0.8485039473539855, 1.0, -0.6158766695739211, 0.8685207898160852]
1019.9999389648438	(8, 12, 2)	[-0.8240204901053014, 0.7647172541319175, -0.0643811229408697, 0.6519445972790026, 0.8433715895511277, 0.9572074142052471, 0.46553496426705565, -0.7791914055414928, -0.9553350874876418, -0.4046087185912681, 0.40455547636223277, -0.36036120010365646, 0.7700883014793005, 0.725346364358016, 0.5613215706702677, 0.22260900412242224, 0.33615591528170286, 0.35989174482800235, -0.4064423699615659, -0.4360535245315937, 0.10912650509078636, -0.005947140106842053, 0.7943693447526216, 0.7905535723671178, -0.3265177148542213, 0.7005252013029768, -1.0, 0.5082275950771, -0.20979647160232018, -0.21502674205758324, 0.4309903271003641, 0.28197934496963817, 0.9704100253986543, -0.043908015474702466, 0.381953073119923, 0.006210397272843338, 0.3482348551996881, -0.8231384202135077, -0.5303304128539554, 0.9615073707442636, 0.43671727649329406, -0.41192047005973476, -0.6222710505095961, -0.7052565033264799, 0.15529458438752908, 0.1443795640731416, -0.49799999840479514, -0.8721915319650952, 0.7236316922832926, 0.8339177943636058, 0.32012509342132445, -0.6002294948488469, -0.8450723165210314, -0.44200847866450865, 0.4220020635430941, 0.36861085326395815, -0.5400998712910504, 0.8331238496294808, -0.034585242556785856, 0.586277865028495, -0.9363488176160357, -0.23614391366434143, 0.7370234524816377, -0.4677699514995899, 0.34123331615881847, 0.7503151986324569, -0.5584469330075128, 0.6926928318866594, 0.36990456287406703, -0.6770976453945866, 0.9899741294701143, 0.7493600985549536, -0.73929459371825, 0.20387661117868966, -0.46604454269144546, 0.5708450500375275, 0.5172671741472448, -0.29560056654408856, 0.43935624748283153, 0.2598159412540213, -0.03395254642423695, 0.4890849700375903, -0.9522311784769865, -0.09337467167330638, 0.96490003920556, 0.22676960303592264, -0.6513348617887709, 0.7858194415434487, -0.9791443622165394, -0.05137944409130826, -0.8827987762328371, 0.09324513049726785, 0.6829529090500945, -0.47890045590382324, -0.046082840632579, -0.7915214614602859, 0.4809016336145484, 1.0, -0.141722228914974, -0.31774488485336616, 0.6520527773179556, -0.003727082928215414, -0.6591262285926575, 0.6376385948613545, -0.45721386087932403, 0.35626956245976094, 0.07986707039819807, -0.4512710589835425, 0.28855153911534603, -0.02818105700165362, 0.9048361643606522, -0.957804079346638, 0.745779240001385, -0.5582923679350775, -0.1727461021874289, -0.3372483644962989, -0.8485039473539855, 1.0, -0.6158766695739211, 0.8685207898160852]
1019.9995727539062	(8, 12, 2)	[-0.8240204901053014, 0.18580261626823155, -0.0643811229408697, 0.6519445972790026, 0.13361756736938596, 0.9572074142052471, 0.41192580030675313, -0.6741292894551092, -0.9553350874876418, -0.4046087185912681, -0.29058474062481277, -0.36036120010365646, 0.7700883014793005, 0.725346364358016, 0.5613215706702677, 0.16600185187888292, 0.133641764463867, 0.35989174482800235, -0.43967937966818943, -0.31887710450667667, 0.10912650509078636, -0.005947140106842053, 0.9389145250338987, 0.7905535723671178, -0.6578466350673171, 0.7005252013029768, -1.0, -0.1615814473910282, -0.20979647160232018, -0.13634765905501034, 0.4309903271003641, 0.28197934496963817, 0.20498842629430092, 0.33532266638811725, 0.381953073119923, 0.006210397272843338, 0.3482348551996881, -0.8024611354229254, -0.6138598778735452, 0.9615073707442636, 0.43671727649329406, -0.41192047005973476, -0.6222710505095961, -0.7052565033264799, 0.15529458438752908, 0.28243180315709, -0.49799999840479514, -0.8343818622828806, 0.16443865848306838, 0.04663316023754463, 0.4348116943393291, -0.6002294948488469, -0.8450723165210314, -0.24585545204699288, 0.44493169750541034, 0.36861085326395815, -0.3780570766105831, 0.8331238496294808, -0.034585242556785856, 0.4919543910018038, -0.98916328022139, -0.7412475905110748, 0.8671902802466671, -0.4677699514995899, 0.34123331615881847, 0.7503151986324569, -0.5584469330075128, 0.6302728772202004, 0.33879490475647334, -0.16414960728327774, 0.7315317398770242, 0.7328648599727872, -0.73929459371825, 0.12110835431159528, -0.7842805084803732, 0.5708450500375275, 0.5172671741472448, -0.601530617376562, 0.611101245059618, 0.2598159412540213, -0.03395254642423695, 0.4890849700375903, -0.7665861843140525, -0.012942721566770565, 0.96490003920556, 0.6164464676541628, -0.6513348617887709, 0.7245214438001184, -1.0, -0.09907619434480774, -0.8198864391892406, 0.04174950477727621, 0.6829529090500945, -0.47890045590382324, -0.046082840632579, -0.5432975624494429, 0.4809016336145484, -1.0, -0.141722228914974, -0.31774488485336616, 0.6520527773179556, 0.21657054548858135, -0.6019238271092328, 0.6376385948613545, -0.45721386087932403, 0.35626956245976094, 0.07986707039819807, -0.4512710589835425, -0.8999731355690037, -0.00012949296996356274, 0.8046956314796152, -0.957804079346638, 0.745779240001385, -0.6620236011448839, -0.26621460135635744, -0.3372483644962989, -0.8485039473539855, 0.9955920704582, 0.3498362995697464, 0.7727775725375491]
1019.999267578125	(8, 12, 2)	[-0.8240204901053014, 0.1913702478665387, -0.21413872934753045, 0.6519445972790026, 0.13361756736938596, 0.9572074142052471, 0.46553496426705565, -0.7791914055414928, -0.9553350874876418, -0.47515254627254555, -0.34414767860136175, -0.36036120010365646, 0.7700883014793005, 0.7416494387331519, 0.5613215706702677, 0.3646674142569203, 0.133641764463867, 0.35989174482800235, -0.43967937966818943, -0.33653571250444814, 0.10912650509078636, -0.005947140106842053, 0.9389145250338987, 0.7905535723671178, -0.6970678252216318, 0.7005252013029768, -0.9049157742948565, -0.1615814473910282, -0.20979647160232018, 0.9519737965704251, 0.4309903271003641, 0.28197934496963817, 0.7977652259809168, 0.33532266638811725, 0.381953073119923, -0.030839233212297118, 0.3482348551996881, -0.8024611354229254, 0.9764670842040328, 0.9615073707442636, 0.4670177113012325, -0.41192047005973476, -0.4270034998683574, -0.7052565033264799, 0.15529458438752908, 0.28243180315709, -0.5404029422750122, -0.8343818622828806, 0.16443865848306838, -0.09954139990419777, 0.32012509342132445, -0.6002294948488469, -0.8450723165210314, -0.44200847866450865, 0.4220020635430941, 0.36861085326395815, -0.3780570766105831, 0.8331238496294808, -0.034585242556785856, 0.586277865028495, -0.9363488176160357, -0.23614391366434143, 0.8671902802466671, -0.4677699514995899, 0.34123331615881847, 0.7503151986324569, 0.032548895121246924, 0.6926928318866594, 0.33879490475647334, -0.16414960728327774, 0.9899741294701143, 0.7338122888444542, -0.73929459371825, 0.20387661117868966, -0.7842805084803732, 0.5708450500375275, 0.5172671741472448, -0.601530617376562, 0.43935624748283153, 0.2598159412540213, 0.2592460079968878, 0.4890849700375903, -0.9522311784769865, -0.012942721566770565, 0.7833513327688191, 0.6688988517559011, -0.6513348617887709, 0.7245214438001184, -0.9791443622165394, -0.09907619434480774, -0.8198864391892406, 0.18065279272300588, 0.6829529090500945, 0.3013274957587463, -0.028112676482025995, -0.5432975624494429, 0.4809016336145484, -1.0, -0.141722228914974, -0.31774488485336616, 0.6520527773179556, 0.21657054548858135, -0.6019238271092328, 0.8047043741771238, -0.2985880068261917, 0.35626956245976094, -0.70721992934119, -0.550863402450953, -0.8992159991551607, -0.00012949296996356274, 0.8046956314796152, -0.2049794895642003, 0.745779240001385, -0.6620236011448839, -0.31810251949508683, -0.3372483644962989, -0.8485039473539855, 0.9955920704582, -0.6158766695739211, 0.7727775725375491]
1019.998779296875	(8, 12, 2)	[-0.8240204901053014, 0.18580261626823155, -0.0643811229408697, 0.6519445972790026, 0.8442376889203471, 0.9572074142052471, 0.46553496426705565, -0.6741292894551092, -0.9553350874876418, -0.4046087185912681, 0.29316498161159554, -0.31541410058643954, 0.7700883014793005, 0.725346364358016, 0.5613215706702677, 0.25410129372018647, 0.11266824864032787, 0.49236934211742683, -0.4461410878144009, -0.4360535245315937, 0.23641774858896597, -0.005947140106842053, 0.7943693447526216, 0.7905535723671178, -0.3265177148542213, 0.7005252013029768, -1.0, -0.1615814473910282, -0.20979647160232018, -0.15830695176686338, 0.4309903271003641, 0.28197934496963817, 0.20498842629430092, -0.043908015474702466, 0.381953073119923, 0.006210397272843338, 0.3482348551996881, -0.8231384202135077, -0.6138598778735452, 0.9615073707442636, 0.43671727649329406, -0.41192047005973476, -0.6222710505095961, -0.6315878385012388, 0.15529458438752908, 0.28243180315709, -0.42927852766714675, -0.8316175622761313, 0.7236316922832926, -0.09520533483269075, 0.4089338837187496, -0.6002294948488469, -0.8450723165210314, -0.24585545204699288, 0.44493169750541034, 0.36861085326395815, -0.6000643634083446, 0.8213899245334843, -0.0710698363195176, 0.4919543910018038, -0.98916328022139, -0.23614391366434143, 0.7758831584124304, -0.4677699514995899, 0.43876192011842785, 0.7321618085637708, -0.5584469330075128, 0.6749760769030888, 0.33879490475647334, -0.7258039082056799, 0.9899741294701143, 0.7328648599727872, -0.73929459371825, 0.20387661117868966, -0.5742148115568901, 0.5708450500375275, 0.5172671741472448, -0.24973769970129128, 0.611101245059618, 0.2598159412540213, 0.2592460079968878, 0.4890849700375903, -0.9522311784769865, -0.012942721566770565, 0.96490003920556, 0.6164464676541628, -0.6513348617887709, 0.7858194415434487, -1.0, 0.004468749830134511, -0.8198864391892406, 0.04174950477727621, 0.6829529090500945, -0.47890045590382324, -0.046082840632579, -0.5432975624494429, 0.4809016336145484, 1.0, -0.141722228914974, -0.31774488485336616, 0.6520527773179556, -0.003727082928215414, -0.6733130961465502, 0.8047043741771238, -0.4119657073185685, 0.24555275598179477, 0.07986707039819807, 0.7125046430212212, -0.8992159991551607, -0.00012949296996356274, 0.9513934971355918, -0.2049794895642003, 0.745779240001385, -0.5582923679350775, -0.31810251949508683, -0.4973073031728096, -0.8485039473539855, 1.0, -0.6158766695739211, 0.7727775725375491]
1019.9998779296875	(8, 12, 2)	[-0.8240204901053014, 0.1913702478665387, -0.04627789763503709, 0.6519445972790026, 0.7744598707267304, 0.9572074142052471, 0.5573689326443025, -0.6741292894551092, -0.9553350874876418, -0.6023476312547837, 0.29316498161159554, -0.36036120010365646, 0.7700883014793005, 0.725346364358016, 0.5613215706702677, 0.16600185187888292, 0.33615591528170286, 0.49236934211742683, -0.43967937966818943, -0.3625697610777633, 0.1369690575544062, -0.005947140106842053, 0.9389145250338987, 0.7905535723671178, -0.26566109059186754, 0.7005252013029768, -0.8143837509206466, -0.1615814473910282, -0.20979647160232018, 0.9519737965704251, 0.4309903271003641, 0.28197934496963817, 0.20498842629430092, 0.33532266638811725, 0.381953073119923, -0.030839233212297118, 0.39274616327876244, -0.8231384202135077, -0.5303304128539554, 0.9615073707442636, 0.4670177113012325, -0.41192047005973476, -0.4270034998683574, -0.7052565033264799, 0.15529458438752908, 0.28880249882229814, -0.49799999840479514, -0.8343818622828806, 0.14364598105389803, 0.04663316023754463, 0.4348116943393291, -0.6002294948488469, -0.8450723165210314, -0.24585545204699288, 0.4220020635430941, 0.39517876655008644, -0.3780570766105831, 0.8331238496294808, -0.034585242556785856, 0.4919543910018038, -0.98916328022139, -0.9130887101027185, 0.8671902802466671, -0.4677699514995899, 0.34123331615881847, 0.7503151986324569, 0.032548895121246924, 0.6302728772202004, 0.33879490475647334, -0.16414960728327774, 0.6288612393571232, 0.7328648599727872, -0.73929459371825, -0.4226209896662052, -0.7842805084803732, 0.5708450500375275, 0.5172671741472448, -0.601530617376562, 0.611101245059618, 0.2598159412540213, -0.03395254642423695, 0.4890849700375903, -0.9522311784769865, -0.08098681637608532, 0.96490003920556, 0.6688988517559011, -0.6513348617887709, 0.7245214438001184, -0.9791443622165394, -0.1822864412060325, -0.8827987762328371, 0.04174950477727621, 0.8295298174354826, 0.28030138535048366, 0.7911753223256126, -0.5432975624494429, 0.4809016336145484, 1.0, -0.141722228914974, -0.31774488485336616, 0.6520527773179556, 0.21657054548858135, -0.6019238271092328, 0.6376385948613545, -0.2985880068261917, 0.35626956245976094, 0.07986707039819807, 0.2860155785450875, -1.0, -0.00012949296996356274, 0.9048361643606522, -0.2049794895642003, 0.745779240001385, -0.6620236011448839, -0.29601483170991827, -0.4973073031728096, -0.8485039473539855, 1.0, -0.6158766695739211, 0.8685207898160852]
1019.999755859375	(8, 12, 2)	[-0.8240204901053014, 0.18580261626823155, -0.0643811229408697, 0.6519445972790026, 0.7744598707267304, 0.9572074142052471, 0.5573689326443025, -0.6741292894551092, -0.9553350874876418, -0.4023939762051697, -0.34414767860136175, -0.36036120010365646, 0.7700883014793005, 0.6974191379785366, 0.5613215706702677, 0.16600185187888292, 0.133641764463867, 0.35989174482800235, -0.4461410878144009, -0.3609343091282416, 0.23641774858896597, -0.005947140106842053, 0.9389145250338987, 0.7905535723671178, -0.26566109059186754, 0.7005252013029768, -0.8143837509206466, -0.1615814473910282, -0.20979647160232018, -0.15830695176686338, 0.4309903271003641, 0.28197934496963817, 0.20498842629430092, 0.33532266638811725, 0.381953073119923, -0.030839233212297118, 0.3482348551996881, -0.8024611354229254, -0.5303304128539554, 0.9615073707442636, 0.43671727649329406, -0.41192047005973476, -0.4270034998683574, -0.6272833912181367, 0.9292994889594413, 0.28880249882229814, -0.5404029422750122, -0.8343818622828806, 0.16443865848306838, -0.09520533483269075, 0.32012509342132445, -0.6002294948488469, -0.8450723165210314, -0.44200847866450865, 0.4220020635430941, 0.36861085326395815, -0.3780570766105831, 0.8331238496294808, -0.034585242556785856, 0.4919543910018038, -0.9363488176160357, -0.7412475905110748, 0.7370234524816377, -0.4677699514995899, 0.43876192011842785, 0.7503151986324569, 0.032548895121246924, 0.6926928318866594, 0.33879490475647334, -0.16414960728327774, 0.07193785021922006, 0.7328648599727872, -0.73929459371825, 0.12110835431159528, -0.7842805084803732, 0.5708450500375275, 0.5172671741472448, -0.601530617376562, 0.43935624748283153, 0.2598159412540213, 0.2592460079968878, 0.41156917049886454, -0.9522311784769865, -0.012942721566770565, 0.96490003920556, 0.6688988517559011, -0.6513348617887709, 0.7245214438001184, -0.9791443622165394, -0.09907619434480774, -0.8198864391892406, 0.04174950477727621, 0.8295298174354826, -0.47890045590382324, -0.046082840632579, -0.5432975624494429, 0.4809016336145484, -1.0, -0.141722228914974, -0.31774488485336616, 0.6520527773179556, 0.21657054548858135, -0.6019238271092328, 0.8047043741771238, -0.2985880068261917, 0.24555275598179477, 0.07986707039819807, -0.4512710589835425, -1.0, -0.00012949296996356274, 0.8046956314796152, -0.957804079346638, 0.5599217707737854, -0.6620236011448839, -0.31810251949508683, -0.3372483644962989, -0.8485039473539855, 1.0, 0.3498362995697464, 0.7727775725375491]
1019.999755859375	(8, 12, 2)	[-0.8240204901053014, 0.18580261626823155, -0.0643811229408697, 0.6519445972790026, 0.13361756736938596, 0.9572074142052471, 0.46553496426705565, -0.6741292894551092, -0.9553350874876418, -0.5316332140530852, 0.29316498161159554, -0.36036120010365646, 0.7700883014793005, 0.6974191379785366, 0.5613215706702677, 0.25410129372018647, 0.133641764463867, 0.529967530390482, -0.43967937966818943, -0.4360535245315937, 0.23641774858896597, -0.005947140106842053, 0.9389145250338987, 0.7905535723671178, -0.26566109059186754, 0.7005252013029768, -0.8143837509206466, -0.1615814473910282, -0.20979647160232018, -0.13634765905501034, 0.4309903271003641, 0.28197934496963817, 0.20498842629430092, 0.33532266638811725, 0.381953073119923, 0.006210397272843338, 0.3482348551996881, -0.8231384202135077, -0.5303304128539554, 0.9615073707442636, 0.43671727649329406, -0.41192047005973476, -0.3305494213405125, -0.7052565033264799, 0.15529458438752908, 0.28243180315709, -0.5404029422750122, -0.8343818622828806, 0.16443865848306838, -0.09520533483269075, 0.4348116943393291, -0.6002294948488469, -0.8450723165210314, -0.44200847866450865, 0.44493169750541034, 0.36861085326395815, -0.3780570766105831, 0.8331238496294808, -0.034585242556785856, 0.4919543910018038, -0.98916328022139, -0.9130887101027185, 0.7370234524816377, -0.4677699514995899, 0.43876192011842785, 0.7503151986324569, -0.5584469330075128, 0.6749760769030888, 0.33879490475647334, -0.16414960728327774, 0.07193785021922006, 0.7328648599727872, -0.73929459371825, 0.20387661117868966, -0.7842805084803732, 0.5708450500375275, 0.5172671741472448, -0.24973769970129128, 0.611101245059618, 0.2598159412540213, 0.3384356775875812, 0.6238059070848001, -0.9522311784769865, -0.012942721566770565, 1.0, 0.22676960303592264, -0.6513348617887709, 0.8899980411260321, -0.9791443622165394, 0.06424629439105352, -0.8827987762328371, 0.04174950477727621, 0.8295298174354826, -0.47890045590382324, -0.046082840632579, -0.5432975624494429, 0.4809016336145484, -1.0, -0.141722228914974, -0.31774488485336616, 0.6520527773179556, -0.003727082928215414, -0.6019238271092328, 0.8047043741771238, -0.45721386087932403, 0.24555275598179477, 0.07986707039819807, -0.5674652951670803, -0.8992159991551607, -0.00012949296996356274, 0.9513934971355918, -0.957804079346638, 0.5599217707737854, -0.6620236011448839, -0.31810251949508683, -0.3372483644962989, -0.8485039473539855, 1.0, 0.3498362995697464, 0.8685207898160852]
1019.9993286132812	(8, 12, 2)	[-0.7972115162079055, 0.18580261626823155, -0.0643811229408697, 0.6519445972790026, 0.13361756736938596, 1.0, 0.5573689326443025, -0.6741292894551092, -0.9553350874876418, -0.5316332140530852, -0.34414767860136175, -0.31541410058643954, 0.7700883014793005, 0.635208603404106, 0.5613215706702677, 0.16600185187888292, 0.133641764463867, 0.49236934211742683, -0.43967937966818943, -0.3625697610777633, 0.23641774858896597, -0.005947140106842053, 0.9389145250338987, 0.7905535723671178, -0.6578466350673171, 0.7005252013029768, -0.8143837509206466, -0.1615814473910282, -0.20979647160232018, -0.13634765905501034, 0.4309903271003641, 0.28197934496963817, 0.20498842629430092, -0.043908015474702466, -0.9380812146001929, 0.006210397272843338, 0.3482348551996881, -0.8231384202135077, -0.6138598778735452, 0.9615073707442636, 0.43671727649329406, -0.32020131710636873, -0.4270034998683574, -0.7052565033264799, 0.9292994889594413, 0.28243180315709, -0.5404029422750122, -0.8721915319650952, 0.14364598105389803, -0.09520533483269075, 0.4452144320620623, -0.7325657137666528, -0.8450723165210314, -0.24585545204699288, 0.4220020635430941, 0.3268564975127361, -0.4509666837163644, 0.8331238496294808, -0.034585242556785856, 0.586277865028495, -1.0, -0.7412475905110748, 0.7370234524816377, -0.4677699514995899, 0.34123331615881847, 0.7321618085637708, 0.032548895121246924, 0.6302728772202004, 0.33879490475647334, -0.7258039082056799, 0.9899741294701143, 0.7771794396517118, -0.73929459371825, 0.20387661117868966, -0.46604454269144546, 0.5708450500375275, 0.5172671741472448, -0.29560056654408856, 0.611101245059618, 0.2598159412540213, -0.03395254642423695, 0.4890849700375903, -0.9522311784769865, -0.08098681637608532, 0.9577563872646722, 0.6164464676541628, -0.6513348617887709, 0.7245214438001184, -0.9791443622165394, -0.09907619434480774, -0.8198864391892406, 0.04174950477727621, 0.6829529090500945, -0.47890045590382324, -0.046082840632579, -0.5432975624494429, 0.4809016336145484, -1.0, -0.141722228914974, -0.31774488485336616, 0.6520527773179556, 0.21657054548858135, -0.5789700147152728, 0.6376385948613545, -0.45721386087932403, 0.24555275598179477, 0.07986707039819807, -0.4512710589835425, -0.8992159991551607, -0.00012949296996356274, 0.8046956314796152, -0.957804079346638, 0.6258840398786321, -0.5582923679350775, -0.26621460135635744, -0.3372483644962989, -0.8485039473539855, 0.9955920704582, -0.6158766695739211, 0.7727775725375491]
1019.9998779296875	(8, 12, 2)	[-0.8240204901053014, 0.1913702478665387, -0.0643811229408697, 0.6516451617232837, 0.13361756736938596, 0.9572074142052471, 0.46553496426705565, -0.6741292894551092, -0.9553350874876418, -0.4046087185912681, -0.36098047732560684, -0.36036120010365646, 0.7700883014793005, 0.725346364358016, 0.5613215706702677, 0.22260900412242224, 0.11266824864032787, 0.49236934211742683, -0.43967937966818943, -0.3609343091282416, 0.23641774858896597, -0.005947140106842053, 0.7943693447526216, 0.7905535723671178, -0.32511823311307697, 0.6544710843358117, -1.0, -0.1615814473910282, -0.08489345010012622, -0.1745649297939099, 0.4309903271003641, 0.28197934496963817, 0.20498842629430092, 0.33532266638811725, 0.381953073119923, -0.030839233212297118, 0.3482348551996881, -0.8231384202135077, -0.5303304128539554, 1.0, 0.43671727649329406, -0.41192047005973476, -0.5910501880492088, -0.7052565033264799, 0.15529458438752908, 0.28243180315709, -0.42927852766714675, -0.8343818622828806, 0.16443865848306838, -0.09520533483269075, 0.4089338837187496, -0.6002294948488469, -0.9971202459586237, -0.24585545204699288, 0.4220020635430941, 0.36861085326395815, -0.6000643634083446, 0.8213899245334843, -0.034585242556785856, 0.4919543910018038, -0.9363488176160357, -0.7412475905110748, 0.7370234524816377, -0.4677699514995899, 0.34123331615881847, 0.7321618085637708, -0.5584469330075128, 0.6302728772202004, 0.33879490475647334, -0.16414960728327774, 0.9899741294701143, 0.7328648599727872, -0.73929459371825, 0.12110835431159528, -0.7842805084803732, 0.5708450500375275, 0.5172671741472448, -0.29560056654408856, 0.611101245059618, 0.2598159412540213, 0.2592460079968878, 0.502776454899886, -0.9023009783579665, -0.012942721566770565, 0.96490003920556, 0.6688988517559011, -0.6513348617887709, 0.7384875232164266, -1.0, -0.1822864412060325, -0.6442025797324011, 0.04174950477727621, 0.6829529090500945, 0.28030138535048366, -0.046082840632579, -0.5432975624494429, 0.4809016336145484, 1.0, -0.2492394290485347, -0.3653135385908364, 0.8501625890819449, 0.21657054548858135, -0.6591262285926575, 0.6376385948613545, -0.2985880068261917, 0.35626956245976094, 0.07986707039819807, -0.4512710589835425, -0.8999731355690037, -0.00012949296996356274, 0.8046956314796152, -0.957804079346638, 0.745779240001385, -0.6620236011448839, -0.31810251949508683, -0.3372483644962989, -0.8485039473539855, 1.0, 0.275806067174017, 0.8685207898160852]
1019.9999389648438	(8, 12, 2)	[-0.8558651799779251, 0.18580261626823155, -0.0643811229408697, 0.6519445972790026, 0.13361756736938596, 0.9572074142052471, 0.5573689326443025, -0.6741292894551092, -0.9553350874876418, -0.4046087185912681, 0.2598422739746489, -0.36036120010365646, 0.7308492976755143, 0.7740706893302067, 0.5613215706702677, 0.25410129372018647, 0.133641764463867, 0.35989174482800235, -0.43967937966818943, -0.3609343091282416, 0.10912650509078636, -0.005947140106842053, 0.9389145250338987, 0.7905535723671178, -0.6578466350673171, 0.7005252013029768, -1.0, 0.5082275950771, -0.20979647160232018, -0.15830695176686338, 0.27361087274739104, 0.28197934496963817, 0.20498842629430092, -0.043908015474702466, 0.381953073119923, 0.006210397272843338, 0.3482348551996881, -0.8231384202135077, -0.5303304128539554, 0.9615073707442636, 0.43671727649329406, -0.41192047005973476, -0.4270034998683574, -0.7052565033264799, 0.15529458438752908, 0.3842500011885163, -0.4421513974007661, -0.8316175622761313, 0.7427657963122736, -0.09520533483269075, 0.4348116943393291, -0.6002294948488469, -0.8450723165210314, -0.24585545204699288, 0.4220020635430941, 0.39517876655008644, -0.3780570766105831, 0.8331238496294808, -0.034585242556785856, 0.4919543910018038, -0.98916328022139, -0.23614391366434143, 0.7370234524816377, -0.4677699514995899, 0.34123331615881847, 0.7321618085637708, -0.5584469330075128, 0.6302728772202004, 0.33879490475647334, -0.16414960728327774, 0.7315317398770242, 0.7328648599727872, -0.7800463692330102, -0.4226209896662052, -0.7842805084803732, 0.5708450500375275, 0.5172671741472448, -0.601530617376562, 0.43935624748283153, 0.2598159412540213, 0.3384356775875812, 0.39360406070707793, -0.9522311784769865, -0.012942721566770565, 0.9577563872646722, 0.6164464676541628, -0.6513348617887709, 0.7245214438001184, -0.9791443622165394, 0.004468749830134511, -0.8198864391892406, 0.04174950477727621, 0.6829529090500945, -0.47890045590382324, -0.046082840632579, -0.5432975624494429, 0.4809016336145484, 1.0, -0.141722228914974, -0.31774488485336616, 0.6520527773179556, 0.21657054548858135, -0.5789700147152728, 0.8047043741771238, -0.29341639098912103, 0.3317328712870721, -0.70721992934119, 0.2860155785450875, -0.8992159991551607, -0.00012949296996356274, 0.8046956314796152, -0.957804079346638, 0.745779240001385, -0.6620236011448839, -0.31810251949508683, -0.4973073031728096, -0.8485039473539855, 1.0, -0.6158766695739211, 0.8685207898160852]
1019.9999389648438	(8, 12, 2)	[-0.8240204901053014, 0.18580261626823155, -0.0643811229408697, 0.7672665871213586, 0.13361756736938596, 0.9572074142052471, 0.46553496426705565, -0.6741292894551092, -0.9553350874876418, -0.4784005908431877, -0.36098047732560684, -0.36036120010365646, 0.7700883014793005, 0.725346364358016, 0.5613215706702677, 0.22260900412242224, 0.133641764463867, 0.49236934211742683, -0.43967937966818943, -0.3609343091282416, 0.23641774858896597, -0.005947140106842053, 0.9389145250338987, 0.7905535723671178, -0.26566109059186754, 0.6544710843358117, -0.8143837509206466, -0.1615814473910282, -0.08489345010012622, -0.15830695176686338, 0.27361087274739104, 0.28197934496963817, 0.20498842629430092, 0.33532266638811725, 0.381953073119923, -0.030839233212297118, 0.3482348551996881, -0.8231384202135077, -0.5303304128539554, 1.0, 0.43671727649329406, -0.41192047005973476, -0.5910501880492088, -0.7052565033264799, 0.15529458438752908, 0.28243180315709, -0.42927852766714675, -0.8343818622828806, 0.16443865848306838, -0.09520533483269075, 0.4089338837187496, -0.6002294948488469, -0.9971202459586237, -0.24585545204699288, 0.4220020635430941, 0.36861085326395815, -0.6000643634083446, 0.8331238496294808, -0.0710698363195176, 0.586277865028495, -0.98916328022139, -0.7412475905110748, 0.7758831584124304, -0.4677699514995899, 0.34123331615881847, 0.7321618085637708, -0.6301178606230716, 0.6302728772202004, 0.33879490475647334, -0.16414960728327774, 0.9899741294701143, 0.6547296450979954, -0.73929459371825, 0.12110835431159528, -0.7659703181523339, 0.5708450500375275, 0.5172671741472448, -0.29560056654408856, 0.611101245059618, 0.2598159412540213, -0.03395254642423695, 0.4890849700375903, -0.9023009783579665, -0.012942721566770565, 0.9577563872646722, 0.6688988517559011, -0.6513348617887709, 0.7384875232164266, -1.0, -0.09907619434480774, -0.6442025797324011, 0.04174950477727621, 0.6829529090500945, 0.28030138535048366, -0.046082840632579, -0.5432975624494429, 0.4809016336145484, 1.0, -0.2492394290485347, -0.31774488485336616, 0.8501625890819449, -0.003727082928215414, -0.5347790586722201, 0.8047043741771238, -0.2985880068261917, 0.35626956245976094, 0.07986707039819807, -0.4512710589835425, -0.8992159991551607, -0.00012949296996356274, 0.9513934971355918, -0.8868204031417958, 0.745779240001385, -0.6620236011448839, -0.31810251949508683, -0.3372483644962989, -0.8485039473539855, 0.9955920704582, -0.6158766695739211, 0.7727775725375491]
1019.9998779296875	(8, 12, 2)	[-0.7972115162079055, 0.18580261626823155, -0.0643811229408697, 0.6519445972790026, 0.18151680154576827, 0.9572074142052471, 0.5573689326443025, -0.6741292894551092, -0.9553350874876418, -0.4784005908431877, -0.34414767860136175, -0.36036120010365646, 0.7700883014793005, 0.725346364358016, 0.5613215706702677, 0.16600185187888292, 0.133641764463867, 0.42001709126037806, -0.43967937966818943, -0.4048122594595316, 0.23641774858896597, -0.005947140106842053, 0.9389145250338987, 0.7905535723671178, -0.6578466350673171, 0.7005252013029768, -0.8143837509206466, -0.1615814473910282, -0.20979647160232018, 0.9519737965704251, 0.4309903271003641, 0.28197934496963817, 0.20498842629430092, 0.33532266638811725, 0.381953073119923, 0.006210397272843338, 0.3482348551996881, -0.8024611354229254, -0.5263936800447475, 0.9615073707442636, 0.430163077350161, -0.32020131710636873, -0.4270034998683574, -0.7052565033264799, 0.35884162143176024, 0.28243180315709, -0.42927852766714675, -0.8343818622828806, 0.14364598105389803, -0.09520533483269075, 0.4348116943393291, -0.6002294948488469, -0.8450723165210314, -0.24585545204699288, 0.4220020635430941, 0.36861085326395815, -0.3780570766105831, 0.8331238496294808, -0.034585242556785856, 0.4919543910018038, -0.98916328022139, -0.7412475905110748, 0.7758831584124304, -0.4677699514995899, 0.43876192011842785, 0.7321618085637708, 0.032548895121246924, 0.6302728772202004, 0.33879490475647334, -0.16414960728327774, 0.9899741294701143, 0.7771794396517118, -0.73929459371825, 0.20387661117868966, -0.7842805084803732, 0.5708450500375275, 0.5172671741472448, -0.29560056654408856, 0.611101245059618, 0.2598159412540213, -0.03395254642423695, 0.4890849700375903, -0.9522311784769865, -0.08098681637608532, 0.9577563872646722, 0.6164464676541628, -0.6513348617887709, 0.7245214438001184, -0.9791443622165394, -0.09907619434480774, -0.8426060777527431, 0.19746940876642036, 0.6829529090500945, -0.47890045590382324, -0.046082840632579, -0.5432975624494429, 0.4809016336145484, -1.0, -0.141722228914974, -0.31774488485336616, 0.6520527773179556, 0.21657054548858135, -0.5347790586722201, 0.6376385948613545, -0.45721386087932403, 0.3317328712870721, 0.07986707039819807, -0.4512710589835425, -1.0, -0.00012949296996356274, 0.8046956314796152, -0.957804079346638, 0.745779240001385, -0.5582923679350775, -0.26621460135635744, -0.3372483644962989, -0.8485039473539855, 1.0, -0.6158766695739211, 0.7727775725375491]
1019.9996948242188	(8, 12, 2)	[-0.8240204901053014, 0.18580261626823155, -0.0643811229408697, 0.6519445972790026, 0.13361756736938596, 0.8799228381823598, 0.46553496426705565, -0.6741292894551092, -0.9553350874876418, -0.4046087185912681, -0.34414767860136175, -0.36036120010365646, 0.7700883014793005, 0.725346364358016, 0.5613215706702677, 0.16600185187888292, 0.133641764463867, 0.49236934211742683, -0.43967937966818943, -0.3609343091282416, 0.23641774858896597, -0.005947140106842053, 0.9389145250338987, 0.7905535723671178, -0.6578466350673171, 0.6544710843358117, -0.8143837509206466, -0.1615814473910282, -0.08489345010012622, -0.15830695176686338, 0.4309903271003641, 0.28197934496963817, 0.20498842629430092, 0.33532266638811725, 0.381953073119923, -0.030839233212297118, 0.3482348551996881, -0.8024611354229254, -0.6138598778735452, 1.0, 0.3856119474090812, -0.32020131710636873, -0.4270034998683574, -0.7052565033264799, 0.15529458438752908, 0.28243180315709, -0.4421513974007661, -0.8721915319650952, 0.7236316922832926, -0.09520533483269075, 0.4452144320620623, -0.6002294948488469, -0.8450723165210314, -0.24585545204699288, 0.4220020635430941, 0.36861085326395815, -0.3780570766105831, 0.8213899245334843, -0.0710698363195176, 0.586277865028495, -0.98916328022139, -0.7412475905110748, 0.7758831584124304, -0.4677699514995899, 0.34123331615881847, 0.7321618085637708, -0.5584469330075128, 0.6302728772202004, 0.33879490475647334, -0.6691392474498775, 0.9899741294701143, 0.7328648599727872, -0.73929459371825, 0.12110835431159528, -0.46604454269144546, 0.5708450500375275, 0.5172671741472448, -0.24973769970129128, 0.43935624748283153, 0.2598159412540213, 0.2592460079968878, 0.4890849700375903, -0.7665861843140525, -0.012942721566770565, 0.96490003920556, 0.20757307464548447, -0.6513348617887709, 0.7384875232164266, -0.9791443622165394, -0.09907619434480774, -0.6442025797324011, 0.04174950477727621, 0.6829529090500945, 0.28030138535048366, -0.046082840632579, -0.5432975624494429, 0.4809016336145484, 1.0, -0.2115273083977508, -0.31774488485336616, 0.7646841228639146, 0.21657054548858135, -0.5789700147152728, 0.7829912888670153, -0.45721386087932403, 0.24555275598179477, 0.025074935835839918, -0.4512710589835425, -1.0, -0.00012949296996356274, 0.8046956314796152, -0.2049794895642003, 0.745779240001385, -0.6620236011448839, -0.31810251949508683, -0.3372483644962989, -0.8485039473539855, 0.9955920704582, -0.6158766695739211, 0.7727775725375491]
1019.9998779296875	(8, 12, 2)	[-0.7972115162079055, 0.18580261626823155, -0.0643811229408697, 0.6519445972790026, 0.7744598707267304, 1.0, 0.5741086631136428, -0.6916583828455682, -0.9553350874876418, -0.4046087185912681, -0.34414767860136175, -0.36036120010365646, 0.8335907981015971, 0.7256816883908171, 0.5613215706702677, 0.16600185187888292, -0.2611589733035771, 0.49236934211742683, -0.43967937966818943, -0.3625697610777633, 0.23641774858896597, -0.005947140106842053, 0.9389145250338987, 0.7905535723671178, -0.3265177148542213, 0.7005252013029768, -0.8143837509206466, -0.1615814473910282, -0.20979647160232018, 0.9519737965704251, 0.27361087274739104, 0.28197934496963817, 0.20498842629430092, 0.33532266638811725, 0.381953073119923, 0.006210397272843338, 0.3482348551996881, -0.8231384202135077, -0.6138598778735452, 0.9615073707442636, 0.43671727649329406, -0.41192047005973476, -0.3305494213405125, -0.7052565033264799, 0.35884162143176024, 0.28243180315709, -0.5404029422750122, -0.8721915319650952, 0.14364598105389803, -0.09520533483269075, 0.32012509342132445, -0.7325657137666528, -0.8450723165210314, -0.24585545204699288, 0.4220020635430941, 0.36861085326395815, -0.3780570766105831, 0.8331238496294808, 0.07983074535312998, 0.4919543910018038, -0.9363488176160357, -0.7412475905110748, 0.8671902802466671, -0.4677699514995899, 0.43876192011842785, 0.7321618085637708, -0.5584469330075128, 0.6749760769030888, 0.33879490475647334, -0.16414960728327774, 0.7315317398770242, 0.6547296450979954, -0.73929459371825, 0.20387661117868966, -0.46604454269144546, 0.5708450500375275, 0.5172671741472448, -0.24973769970129128, 0.611101245059618, 0.2598159412540213, 0.2592460079968878, 0.4890849700375903, -0.8196886135790701, -0.08098681637608532, 0.96490003920556, 0.6164464676541628, -0.6513348617887709, 0.7749405419108361, -0.9791443622165394, 0.004468749830134511, -0.8198864391892406, 0.04174950477727621, 0.6829529090500945, 0.28030138535048366, -0.03978439583955147, -0.5432975624494429, 0.4809016336145484, 0.8895117809145915, -0.141722228914974, -0.31774488485336616, 0.6520527773179556, 0.21657054548858135, -0.6591262285926575, 0.8047043741771238, -0.45721386087932403, 0.35626956245976094, 0.07986707039819807, -0.4512710589835425, -1.0, -0.00012949296996356274, 0.9048361643606522, -0.39707845116147855, 0.6258840398786321, -0.6620236011448839, -0.31810251949508683, -0.3372483644962989, -0.8485039473539855, 0.9955920704582, -0.6158766695739211, 0.7727775725375491]
1019.9999389648438	(8, 12, 2)	[-0.7972115162079055, 0.1913702478665387, -0.0643811229408697, 0.6640226982813372, 0.13361756736938596, 0.9572074142052471, 0.46553496426705565, -0.6741292894551092, -0.9553350874876418, -0.4046087185912681, -0.34414767860136175, -0.31541410058643954, 0.7700883014793005, 0.725346364358016, 0.5613215706702677, 0.16600185187888292, 0.11266824864032787, 0.49236934211742683, -0.43967937966818943, -0.3609343091282416, 0.10912650509078636, -0.005947140106842053, 0.7943693447526216, 0.7905535723671178, -0.3265177148542213, 0.7005252013029768, -1.0, -0.1615814473910282, -0.20979647160232018, -0.15830695176686338, 0.18766329771444967, 0.28197934496963817, 0.20498842629430092, 0.33532266638811725, 0.381953073119923, 0.040780290926189955, 0.4513517875412844, -0.8231384202135077, -0.5263936800447475, 0.9615073707442636, 0.43671727649329406, -0.32020131710636873, -0.6222710505095961, -0.7052565033264799, 0.9292994889594413, 0.28243180315709, -0.4421513974007661, -0.8343818622828806, 0.7236316922832926, -0.09520533483269075, 0.4348116943393291, -0.6002294948488469, -0.8450723165210314, -0.24585545204699288, 0.4220020635430941, 0.36861085326395815, -0.3780570766105831, 0.8331238496294808, -0.0500127307385145, 0.4919543910018038, -0.98916328022139, -0.7412475905110748, 0.8671902802466671, -0.4677699514995899, 0.34123331615881847, 0.7321618085637708, -0.5584469330075128, 0.6749760769030888, 0.36990456287406703, -0.7258039082056799, 0.9899741294701143, 0.7328648599727872, -0.7800463692330102, 0.20387661117868966, -0.7842805084803732, 0.5708450500375275, 0.5172671741472448, -0.601530617376562, 0.611101245059618, 0.2598159412540213, -0.03395254642423695, 0.6238059070848001, -0.9522311784769865, -0.08098681637608532, 0.96490003920556, 0.20757307464548447, -0.6513348617887709, 0.7245214438001184, -0.9791443622165394, -0.1822864412060325, -0.8198864391892406, 0.04174950477727621, 0.6829529090500945, 0.28030138535048366, -0.046082840632579, -0.5432975624494429, 0.4809016336145484, -1.0, -0.141722228914974, -0.31774488485336616, 0.8501625890819449, 0.21657054548858135, -0.6882534510921952, 0.7829912888670153, -0.2985880068261917, 0.24555275598179477, 0.07986707039819807, -0.4512710589835425, -0.8999731355690037, -0.00012949296996356274, 0.9048361643606522, -0.2049794895642003, 0.6258840398786321, -0.5582923679350775, -0.31810251949508683, -0.3372483644962989, -0.8485039473539855, 1.0, -0.6158766695739211, 0.8685207898160852]
1019.9999389648438	(8, 12, 2)	[-0.7972115162079055, 0.1913702478665387, -0.0643811229408697, 0.6640226982813372, 0.13361756736938596, 0.9572074142052471, 0.46553496426705565, -0.6741292894551092, -0.9553350874876418, -0.4046087185912681, -0.34414767860136175, -0.31541410058643954, 0.7700883014793005, 0.725346364358016, 0.5613215706702677, 0.16600185187888292, 0.11266824864032787, 0.49236934211742683, -0.43967937966818943, -0.3609343091282416, 0.10912650509078636, -0.005947140106842053, 0.7943693447526216, 0.7905535723671178, -0.3265177148542213, 0.7005252013029768, -1.0, -0.1615814473910282, -0.20979647160232018, -0.15830695176686338, 0.18766329771444967, 0.28197934496963817, 0.20498842629430092, 0.33532266638811725, 0.381953073119923, 0.040780290926189955, 0.4513517875412844, -0.8231384202135077, -0.5263936800447475, 0.9615073707442636, 0.43671727649329406, -0.32020131710636873, -0.6222710505095961, -0.7052565033264799, 0.9292994889594413, 0.28243180315709, -0.4421513974007661, -0.8343818622828806, 0.7236316922832926, -0.09520533483269075, 0.4348116943393291, -0.6002294948488469, -0.8450723165210314, -0.24585545204699288, 0.4220020635430941, 0.36861085326395815, -0.3780570766105831, 0.8331238496294808, -0.0500127307385145, 0.4919543910018038, -0.98916328022139, -0.7412475905110748, 0.8671902802466671, -0.4677699514995899, 0.34123331615881847, 0.7321618085637708, -0.5584469330075128, 0.6749760769030888, 0.36990456287406703, -0.7258039082056799, 0.9899741294701143, 0.7328648599727872, -0.7800463692330102, 0.20387661117868966, -0.7842805084803732, 0.5708450500375275, 0.5172671741472448, -0.601530617376562, 0.611101245059618, 0.2598159412540213, -0.03395254642423695, 0.6238059070848001, -0.9522311784769865, -0.08098681637608532, 0.96490003920556, 0.20757307464548447, -0.6513348617887709, 0.7245214438001184, -0.9791443622165394, -0.1822864412060325, -0.8198864391892406, 0.04174950477727621, 0.6829529090500945, 0.28030138535048366, -0.046082840632579, -0.5432975624494429, 0.4809016336145484, -1.0, -0.141722228914974, -0.31774488485336616, 0.8501625890819449, 0.21657054548858135, -0.6882534510921952, 0.7829912888670153, -0.2985880068261917, 0.24555275598179477, 0.07986707039819807, -0.4512710589835425, -0.8999731355690037, -0.00012949296996356274, 0.9048361643606522, -0.2049794895642003, 0.6258840398786321, -0.5582923679350775, -0.31810251949508683, -0.3372483644962989, -0.8485039473539855, 1.0, -0.6158766695739211, 0.8685207898160852]
1019.9998168945312	(8, 12, 2)	[-0.8240204901053014, 0.18580261626823155, -0.0643811229408697, 0.6519445972790026, 0.13361756736938596, 0.9572074142052471, 0.5573689326443025, -0.6916583828455682, -0.9553350874876418, -0.4046087185912681, -0.34414767860136175, -0.36036120010365646, 0.8497565900076844, 0.725346364358016, 0.5613215706702677, 0.16600185187888292, -0.2611589733035771, 0.49236934211742683, -0.43967937966818943, -0.3625697610777633, 0.23641774858896597, -0.005947140106842053, 0.7943693447526216, 0.7905535723671178, -0.26566109059186754, 0.7005252013029768, -1.0, -0.1615814473910282, -0.20979647160232018, 0.9519737965704251, 0.4309903271003641, 0.28197934496963817, 0.20498842629430092, -0.043908015474702466, 0.381953073119923, 0.006210397272843338, 0.3482348551996881, -0.8024611354229254, -0.6138598778735452, 0.9615073707442636, 0.5037893610807318, -0.32020131710636873, -0.5910501880492088, -0.7052565033264799, 0.9292994889594413, 0.28243180315709, -0.49799999840479514, -0.9562608254071623, 0.7236316922832926, -0.09520533483269075, 0.4348116943393291, -0.6002294948488469, -0.8450723165210314, -0.24585545204699288, 0.44493169750541034, 0.36861085326395815, -0.3780570766105831, 0.8331238496294808, -0.034585242556785856, 0.586277865028495, -0.98916328022139, -0.7412475905110748, 0.7370234524816377, -0.4677699514995899, 0.43876192011842785, 0.7503151986324569, -0.5584469330075128, 0.6302728772202004, 0.33879490475647334, -0.16414960728327774, 0.9899741294701143, 0.7328648599727872, -0.73929459371825, 0.12110835431159528, -0.5742148115568901, 0.5708450500375275, 0.6441160328588231, -0.29560056654408856, 0.43935624748283153, 0.2598159412540213, 0.2592460079968878, 0.6238059070848001, -0.9522311784769865, -0.012942721566770565, 0.9577563872646722, 0.22676960303592264, -0.6513348617887709, 0.9347551553019132, -0.9791443622165394, -0.09907619434480774, -0.8426060777527431, 0.04174950477727621, 0.8661796298006094, -0.47890045590382324, -0.046082840632579, -0.5432975624494429, 0.4809016336145484, 1.0, -0.141722228914974, -0.31774488485336616, 0.6520527773179556, 0.21657054548858135, -0.6591262285926575, 0.8483599912021659, -0.45721386087932403, 0.35626956245976094, 0.07986707039819807, -0.5674652951670803, -0.8992159991551607, -0.00012949296996356274, 0.9513934971355918, -0.957804079346638, 0.745779240001385, -0.6620236011448839, -0.31810251949508683, -0.3372483644962989, -0.9537360445728071, 1.0, -0.6158766695739211, 0.7727775725375491]
1019.9996948242188	(8, 12, 2)	[-0.8240204901053014, 0.18580261626823155, -0.0643811229408697, 0.6519445972790026, 0.13361756736938596, 0.9572074142052471, 0.5573689326443025, -0.6741292894551092, -0.9553350874876418, -0.4784005908431877, -0.34414767860136175, -0.36036120010365646, 0.7700883014793005, 0.7416494387331519, 0.5613215706702677, 0.16600185187888292, 0.133641764463867, 0.42001709126037806, -0.43967937966818943, -0.3625697610777633, 0.23641774858896597, -0.005947140106842053, 0.7943693447526216, 0.7905535723671178, -0.6578466350673171, 0.7005252013029768, -0.8143837509206466, -0.1615814473910282, -0.20979647160232018, -0.15830695176686338, 0.4309903271003641, 0.28197934496963817, 0.20498842629430092, -0.043908015474702466, 0.381953073119923, 0.006210397272843338, 0.3482348551996881, -0.8231384202135077, -0.6138598778735452, 0.9615073707442636, 0.43671727649329406, -0.32020131710636873, -0.6222710505095961, -0.7052565033264799, 0.9292994889594413, 0.28243180315709, -0.42927852766714675, -0.8316175622761313, 0.16443865848306838, -0.14833005584701398, 0.4348116943393291, -0.7325657137666528, -0.8450723165210314, -0.24585545204699288, 0.44493169750541034, 0.36861085326395815, -0.3780570766105831, 0.8331238496294808, -0.034585242556785856, 0.4919543910018038, -0.98916328022139, -0.7412475905110748, 0.6160905895901474, -0.4677699514995899, 0.34123331615881847, 0.7321618085637708, -0.5584469330075128, 0.6749760769030888, 0.33879490475647334, -0.7258039082056799, 0.9899741294701143, 0.6547296450979954, -0.73929459371825, 0.20387661117868966, -0.7842805084803732, 0.6751804235379811, 0.5172671741472448, -0.29560056654408856, 0.5071746070380921, 0.2598159412540213, -0.03395254642423695, 0.4890849700375903, -0.9522311784769865, -0.08098681637608532, 0.9577563872646722, 0.6164464676541628, -0.6513348617887709, 0.7245214438001184, -0.9791443622165394, 0.004468749830134511, -0.616472643116894, 0.19746940876642036, 0.6829529090500945, 0.28030138535048366, -0.046082840632579, -0.6427163147462794, 0.4809016336145484, -1.0, -0.141722228914974, -0.35112906700078406, 0.6520527773179556, 0.0334984762575324, -0.5789700147152728, 0.8047043741771238, -0.16824245971071375, 0.24555275598179477, 0.2600526001672993, -0.4512710589835425, -0.9624939642721034, -0.00012949296996356274, 0.8046956314796152, -0.957804079346638, 0.745779240001385, -0.6620236011448839, -0.31810251949508683, -0.3372483644962989, -0.8485039473539855, 1.0, -0.6158766695739211, 0.8685207898160852]
1019.9999389648438	(8, 12, 2)	[-0.8240204901053014, 0.18580261626823155, -0.0643811229408697, 0.6519445972790026, 0.13361756736938596, 0.8799228381823598, 0.5741086631136428, -0.6741292894551092, -0.9553350874876418, -0.4784005908431877, -0.34414767860136175, -0.36036120010365646, 0.7700883014793005, 0.635208603404106, 0.5613215706702677, 0.22260900412242224, -0.2611589733035771, 0.49236934211742683, -0.43967937966818943, -0.3625697610777633, 0.23641774858896597, -0.005947140106842053, 0.9389145250338987, 0.7905535723671178, -0.26566109059186754, 0.6544710843358117, -1.0, -0.1615814473910282, -0.20979647160232018, -0.1745649297939099, 0.4309903271003641, 0.28197934496963817, 0.20498842629430092, -0.10209586811340876, 0.381953073119923, 0.006210397272843338, 0.4127797290722891, -0.9921456312031149, -0.6138598778735452, 0.9615073707442636, 0.430163077350161, -0.3352274653316111, -0.4270034998683574, -0.7052565033264799, 0.9292994889594413, 0.28243180315709, -0.5404029422750122, -0.7699228004461314, 0.14364598105389803, -0.14833005584701398, 0.32012509342132445, -0.6002294948488469, -0.8361208267578494, -0.24585545204699288, 0.5419963364372277, 0.36861085326395815, -0.3780570766105831, 0.8331238496294808, -0.034585242556785856, 0.586277865028495, -0.98916328022139, -0.23614391366434143, 0.7758831584124304, -0.4677699514995899, -0.6733663673023688, 0.7321618085637708, -0.6214549677203423, 0.6302728772202004, 0.33879490475647334, -0.8360866104649234, 0.7315317398770242, 0.7771794396517118, -0.7800463692330102, 0.20387661117868966, -0.6385570926452853, 0.5708450500375275, 0.5172671741472448, -0.29560056654408856, 0.611101245059618, 0.2598159412540213, 0.2592460079968878, 0.502776454899886, -0.7665861843140525, -0.012942721566770565, 0.96490003920556, 0.6164464676541628, -0.6513348617887709, 0.7245214438001184, -0.9791443622165394, -0.09907619434480774, -0.8198864391892406, 0.07690762588981014, 0.6829529090500945, -0.47890045590382324, -0.09535470409252321, -0.5432975624494429, 0.4809016336145484, -1.0, -0.141722228914974, -0.35112906700078406, 0.6520527773179556, 0.21657054548858135, -0.6882534510921952, 0.6376385948613545, -0.47867028291180685, 0.24555275598179477, -0.70721992934119, -0.4512710589835425, -0.8992159991551607, -0.00012949296996356274, 0.8046956314796152, -0.2049794895642003, 0.6258840398786321, -0.6620236011448839, -0.31810251949508683, -0.3372483644962989, -0.9537360445728071, 0.9955920704582, -0.6158766695739211, 0.8685207898160852]
1019.999755859375	(8, 12, 2)	[-0.7972115162079055, 0.18580261626823155, -0.0643811229408697, 0.6519445972790026, 0.1824108740272272, 0.9572074142052471, 0.5573689326443025, -0.6741292894551092, -0.9553350874876418, -0.5316332140530852, -0.34414767860136175, -0.36036120010365646, 0.8497565900076844, 0.725346364358016, 0.5141309550144926, 0.25410129372018647, 0.11266824864032787, 0.49236934211742683, -0.43967937966818943, -0.3625697610777633, 0.23641774858896597, -0.005947140106842053, 0.9389145250338987, 0.7592578617995703, -0.26566109059186754, 0.7005252013029768, -1.0, -0.1615814473910282, -0.20979647160232018, -0.15830695176686338, 0.4309903271003641, 0.28197934496963817, 0.9704100253986543, 0.33532266638811725, 0.381953073119923, 0.040780290926189955, 0.3482348551996881, -0.8231384202135077, -0.5303304128539554, 0.9615073707442636, 0.43671727649329406, -0.41192047005973476, -0.3305494213405125, -0.7052565033264799, 0.9292994889594413, 0.28243180315709, -0.5404029422750122, -0.8343818622828806, 0.14364598105389803, -0.14833005584701398, 0.32012509342132445, -0.6002294948488469, -0.7161039243933215, -0.24585545204699288, 0.44493169750541034, 0.36861085326395815, -0.6000643634083446, 0.8331238496294808, -0.034585242556785856, 0.4919543910018038, -0.98916328022139, -0.23614391366434143, 0.7758831584124304, -0.4677699514995899, 0.43876192011842785, 0.7321618085637708, -0.5584469330075128, 0.6302728772202004, 0.33879490475647334, -0.7258039082056799, 0.7315317398770242, 0.6547296450979954, -0.7800463692330102, 0.12110835431159528, -0.7842805084803732, 0.5708450500375275, 0.5172671741472448, -0.29560056654408856, 0.611101245059618, 0.2598159412540213, 0.3384356775875812, 0.6238059070848001, -0.9522311784769865, -0.012942721566770565, 0.96490003920556, 0.6164464676541628, -0.6513348617887709, 0.7858194415434487, -0.9791443622165394, -0.09907619434480774, -0.8198864391892406, 0.04174950477727621, 0.6829529090500945, 0.28030138535048366, -0.048573521748936574, -0.6427163147462794, 0.4809016336145484, -1.0, -0.141722228914974, -0.31774488485336616, 0.6520527773179556, -0.17169588627210527, -0.5347790586722201, 0.7829912888670153, -0.45721386087932403, 0.24555275598179477, -0.70721992934119, -0.4512710589835425, -0.8689341176962567, -0.00012949296996356274, 0.9048361643606522, -0.2049794895642003, 0.5824158595720453, -0.6620236011448839, -0.31810251949508683, -0.3372483644962989, -0.9537360445728071, 1.0, -0.6158766695739211, 0.8685207898160852]
1019.9998779296875	(8, 12, 2)	[-0.7972115162079055, 0.18580261626823155, -0.0643811229408697, 0.6519445972790026, 0.18151680154576827, 0.9572074142052471, 0.46553496426705565, -0.6741292894551092, -0.9553350874876418, -0.4023939762051697, -0.34414767860136175, -0.36036120010365646, 0.8497565900076844, 0.635208603404106, 0.5613215706702677, 0.16600185187888292, 0.11266824864032787, 0.49236934211742683, -0.4461410878144009, -0.3609343091282416, 0.10912650509078636, -0.005947140106842053, 1.0, 0.7905535723671178, -0.26566109059186754, 0.6544710843358117, -1.0, -0.10903568636371827, -0.20979647160232018, 0.9519737965704251, 0.4655932377540819, 0.28197934496963817, 0.20498842629430092, 0.33532266638811725, 0.381953073119923, 0.006210397272843338, 0.4513517875412844, -0.8024611354229254, -0.6138598778735452, 0.9615073707442636, 0.5037893610807318, -0.41192047005973476, -0.5910501880492088, -0.6315878385012388, 0.9292994889594413, 0.28243180315709, -0.49799999840479514, -0.7699228004461314, 0.14364598105389803, -0.14833005584701398, 0.32012509342132445, -0.6002294948488469, -0.8450723165210314, -0.24585545204699288, 0.44493169750541034, 0.36861085326395815, -0.6000643634083446, 0.8213899245334843, -0.034585242556785856, 0.586277865028495, -0.98916328022139, -0.7412475905110748, 0.7370234524816377, -0.4677699514995899, 0.43876192011842785, 0.7503151986324569, -0.5584469330075128, 0.6749760769030888, 0.33879490475647334, -0.16414960728327774, 0.7315317398770242, 0.7328648599727872, -0.73929459371825, 0.12110835431159528, -0.7842805084803732, 0.5708450500375275, 0.44077042631795854, -0.29560056654408856, 0.43935624748283153, 0.2598159412540213, -0.1253572327481618, 0.4890849700375903, -0.9522311784769865, -0.012942721566770565, 0.96490003920556, 0.6164464676541628, -0.6513348617887709, 0.7749405419108361, -0.9791443622165394, -0.1822864412060325, -0.6442025797324011, 0.04174950477727621, 0.6829529090500945, 0.28030138535048366, -0.046082840632579, -0.5897461217921263, 0.4809016336145484, -1.0, -0.141722228914974, -0.31774488485336616, 0.6520527773179556, 0.21657054548858135, -0.5789700147152728, 0.6376385948613545, -0.29341639098912103, 0.24555275598179477, 0.07986707039819807, -0.4512710589835425, -0.8992159991551607, -0.00012949296996356274, 0.9048361643606522, -1.0, 0.8328703910037961, -0.6620236011448839, -0.31810251949508683, -0.3372483644962989, -0.8485039473539855, 1.0, -0.6158766695739211, 0.7727775725375491]
1019.999755859375	(8, 12, 2)	[-0.8240204901053014, 0.18580261626823155, -0.16949881680737341, 0.6519445972790026, 0.7744598707267304, 0.8799228381823598, 0.48785961560263413, -0.6741292894551092, -0.9553350874876418, -0.4046087185912681, -0.34414767860136175, -0.36036120010365646, 0.7700883014793005, 0.635208603404106, 0.5613215706702677, 0.16600185187888292, -0.2611589733035771, 0.49236934211742683, -0.43967937966818943, -0.3609343091282416, 0.23641774858896597, -0.005947140106842053, 1.0, 0.7905535723671178, -0.3265177148542213, 0.7005252013029768, -1.0, -0.06504240096482589, -0.08489345010012622, 0.9519737965704251, 0.4655932377540819, 0.28197934496963817, 0.23632618975496408, 0.33532266638811725, 0.381953073119923, 0.006210397272843338, 0.4513517875412844, -0.8024611354229254, -0.5929502873012601, 1.0, 0.43671727649329406, -0.32020131710636873, -0.3663984561544767, -0.6315878385012388, 0.9292994889594413, 0.1443795640731416, -0.5404029422750122, -0.8343818622828806, 0.7236316922832926, -0.14833005584701398, 0.4348116943393291, -0.6002294948488469, -0.8450723165210314, -0.24585545204699288, 0.44493169750541034, 0.36861085326395815, -0.4509666837163644, 0.8562550118667844, -0.034585242556785856, 0.5583896013261979, -0.98916328022139, -0.7412475905110748, 0.7370234524816377, -0.4677699514995899, -0.6733663673023688, 0.7503151986324569, -0.5584469330075128, 0.6749760769030888, 0.33879490475647334, -0.7258039082056799, 0.9899741294701143, 0.7328648599727872, -0.73929459371825, 0.12110835431159528, -0.46604454269144546, 0.5708450500375275, 0.5172671741472448, -0.601530617376562, 0.43935624748283153, 0.2598159412540213, -0.03395254642423695, 0.4890849700375903, -0.9522311784769865, -0.08098681637608532, 0.96490003920556, 0.6164464676541628, -0.6513348617887709, 0.7245214438001184, -0.9791443622165394, -0.03472130637048153, -0.8426060777527431, 0.04174950477727621, 0.8661796298006094, 0.29499278351924224, -0.046082840632579, -0.5432975624494429, 0.4809016336145484, -1.0, -0.141722228914974, -0.31774488485336616, 0.6520527773179556, 0.21657054548858135, -0.6882534510921952, 0.8047043741771238, -0.2985880068261917, 0.16973322120544576, -0.70721992934119, -0.4512710589835425, -0.8992159991551607, -0.00012949296996356274, 0.8046956314796152, -0.2049794895642003, 0.745779240001385, -0.5582923679350775, -0.31810251949508683, -0.3372483644962989, -0.8485039473539855, 0.8899835142898183, -0.6158766695739211, 0.7727775725375491]
1019.9998779296875	(8, 12, 2)	[-0.8240204901053014, 0.18580261626823155, -0.0643811229408697, 0.6519445972790026, 0.13361756736938596, 0.9572074142052471, 0.5741086631136428, -0.6741292894551092, -0.9553350874876418, -0.313935563852095, -0.34414767860136175, -0.31541410058643954, 0.8497565900076844, 0.5588100962637466, 0.5613215706702677, 0.25410129372018647, -0.3162386869956937, 0.49236934211742683, -0.4461410878144009, -0.3625697610777633, 0.10912650509078636, -0.005947140106842053, 1.0, 0.7905535723671178, -0.3265177148542213, 0.7005252013029768, -1.0, -0.1615814473910282, -0.08489345010012622, 0.9519737965704251, 0.4309903271003641, 0.28197934496963817, 0.20498842629430092, 0.33532266638811725, 0.381953073119923, -0.030839233212297118, 0.3482348551996881, -0.8231384202135077, -0.5303304128539554, 0.9615073707442636, 0.401516824914267, -0.32020131710636873, -0.3663984561544767, -0.7052565033264799, 0.9292994889594413, 0.28243180315709, -0.5404029422750122, -0.8252184704402739, 0.7236316922832926, -0.14958019482307308, 0.41384308101005146, -0.6002294948488469, -0.8361208267578494, -0.24585545204699288, 0.4220020635430941, 0.36861085326395815, -0.3780570766105831, 0.8331588130337032, 0.05509168427935052, 0.4919543910018038, -0.98916328022139, -0.23614391366434143, 0.8671902802466671, -0.5668159795429872, 0.31406374532915177, 0.7321618085637708, -0.5584469330075128, 0.6302728772202004, 0.33879490475647334, -0.6770976453945866, 0.9899741294701143, 0.7328648599727872, -0.73929459371825, 0.20387661117868966, -0.46604454269144546, 0.5708450500375275, 0.6441160328588231, -0.29560056654408856, 0.7730239881984509, 0.2598159412540213, 0.2592460079968878, 0.4890849700375903, -1.0, -0.08098681637608532, 0.96490003920556, 0.6164464676541628, -0.6513348617887709, 0.7749405419108361, -0.9791443622165394, -0.09907619434480774, -0.8827987762328371, 0.04174950477727621, 0.8661796298006094, 0.06369000008967263, -0.046082840632579, -0.5432975624494429, 0.4809016336145484, 1.0, -0.14410772172644243, -0.31774488485336616, 0.6520527773179556, 0.21657054548858135, -0.6882534510921952, 0.6376385948613545, -0.45721386087932403, 0.24555275598179477, 0.07986707039819807, -0.4512710589835425, -0.8992159991551607, -0.00012949296996356274, 0.8046956314796152, -0.2049794895642003, 0.745779240001385, -0.6620236011448839, -0.3305055985413475, -0.4973073031728096, -0.9537360445728071, 0.8899835142898183, -0.6158766695739211, 0.7727775725375491]
1019.9999389648438	(8, 12, 2)	[-0.8240204901053014, 0.18580261626823155, -0.0643811229408697, 0.6519445972790026, 0.13361756736938596, 0.9572074142052471, 0.5741086631136428, -0.6741292894551092, -0.9553350874876418, -0.313935563852095, -0.34414767860136175, -0.31541410058643954, 0.8497565900076844, 0.5588100962637466, 0.5613215706702677, 0.25410129372018647, -0.3162386869956937, 0.49236934211742683, -0.4461410878144009, -0.3625697610777633, 0.10912650509078636, -0.005947140106842053, 1.0, 0.7905535723671178, -0.3265177148542213, 0.7005252013029768, -1.0, -0.1615814473910282, -0.08489345010012622, 0.9519737965704251, 0.4309903271003641, 0.28197934496963817, 0.20498842629430092, 0.33532266638811725, 0.381953073119923, -0.030839233212297118, 0.3482348551996881, -0.8231384202135077, -0.5303304128539554, 0.9615073707442636, 0.401516824914267, -0.32020131710636873, -0.3663984561544767, -0.7052565033264799, 0.9292994889594413, 0.28243180315709, -0.5404029422750122, -0.8252184704402739, 0.7236316922832926, -0.14958019482307308, 0.41384308101005146, -0.6002294948488469, -0.8361208267578494, -0.24585545204699288, 0.4220020635430941, 0.36861085326395815, -0.3780570766105831, 0.8331588130337032, 0.05509168427935052, 0.4919543910018038, -0.98916328022139, -0.23614391366434143, 0.8671902802466671, -0.5668159795429872, 0.31406374532915177, 0.7321618085637708, -0.5584469330075128, 0.6302728772202004, 0.33879490475647334, -0.6770976453945866, 0.9899741294701143, 0.7328648599727872, -0.73929459371825, 0.20387661117868966, -0.46604454269144546, 0.5708450500375275, 0.6441160328588231, -0.29560056654408856, 0.7730239881984509, 0.2598159412540213, 0.2592460079968878, 0.4890849700375903, -1.0, -0.08098681637608532, 0.96490003920556, 0.6164464676541628, -0.6513348617887709, 0.7749405419108361, -0.9791443622165394, -0.09907619434480774, -0.8827987762328371, 0.04174950477727621, 0.8661796298006094, 0.06369000008967263, -0.046082840632579, -0.5432975624494429, 0.4809016336145484, 1.0, -0.14410772172644243, -0.31774488485336616, 0.6520527773179556, 0.21657054548858135, -0.6882534510921952, 0.6376385948613545, -0.45721386087932403, 0.24555275598179477, 0.07986707039819807, -0.4512710589835425, -0.8992159991551607, -0.00012949296996356274, 0.8046956314796152, -0.2049794895642003, 0.745779240001385, -0.6620236011448839, -0.3305055985413475, -0.4973073031728096, -0.9537360445728071, 0.8899835142898183, -0.6158766695739211, 0.7727775725375491]
1019.9999389648438	(8, 12, 2)	[-0.8240204901053014, 0.18580261626823155, -0.16949881680737341, 0.6519445972790026, 0.7744598707267304, 0.8799228381823598, 0.5573689326443025, -0.6916583828455682, -0.9553350874876418, -0.4784005908431877, -0.34414767860136175, -0.36036120010365646, 0.8197044013687332, 0.635208603404106, 0.5613215706702677, 0.16600185187888292, -0.2611589733035771, 0.49236934211742683, -0.43967937966818943, -0.3609343091282416, 0.23641774858896597, -0.005947140106842053, 0.7943693447526216, 0.7905535723671178, -0.3265177148542213, 0.7005252013029768, -0.8143837509206466, -0.1615814473910282, -0.08489345010012622, 0.9519737965704251, 0.41868400409047335, 0.28197934496963817, 0.9704100253986543, 0.33532266638811725, 0.381953073119923, 0.006210397272843338, 0.3482348551996881, -0.8231384202135077, -0.6138598778735452, 1.0, 0.401516824914267, -0.3640094456850109, -0.6222710505095961, -0.7052565033264799, 0.9292994889594413, 0.28243180315709, -0.4421513974007661, -0.8343818622828806, 0.7236316922832926, -0.09520533483269075, 0.4312722510673456, -0.6002294948488469, -0.8361208267578494, -0.24585545204699288, 0.44493169750541034, 0.36861085326395815, -0.3780570766105831, 0.8331238496294808, -0.034585242556785856, 0.6038148508714876, -0.98916328022139, -0.7412475905110748, 0.7370234524816377, -0.4677699514995899, 0.34123331615881847, 0.7503151986324569, -0.6214549677203423, 0.6749760769030888, 0.33879490475647334, -0.7258039082056799, 0.7315317398770242, 0.7328648599727872, -0.73929459371825, 0.20387661117868966, -0.7842805084803732, 0.5708450500375275, 0.5172671741472448, -0.29560056654408856, 0.43935624748283153, 0.2598159412540213, -0.03395254642423695, 0.4890849700375903, -0.9522311784769865, -0.012942721566770565, 0.96490003920556, 0.6164464676541628, -0.6513348617887709, 0.7245214438001184, -0.9791443622165394, -0.09907619434480774, -0.616472643116894, 0.04174950477727621, 1.0, -0.47890045590382324, -0.046082840632579, -0.5024307752158953, 0.4809016336145484, 1.0, -0.141722228914974, -0.31774488485336616, 0.6520527773179556, 0.0334984762575324, -0.6882534510921952, 0.6376385948613545, -0.29341639098912103, 0.24555275598179477, 0.07986707039819807, -0.4512710589835425, -0.8992159991551607, -0.00012949296996356274, 0.9048361643606522, -0.2049794895642003, 0.745779240001385, -0.6620236011448839, -0.31810251949508683, -0.4973073031728096, -0.9537360445728071, 0.9955920704582, -0.6158766695739211, 0.8685207898160852]
1020.0	(8, 12, 2)	[-0.8240204901053014, 0.18580261626823155, -0.0643811229408697, 0.6519445972790026, 0.7635099666591775, 0.9185587799576173, 0.5024449703915123, -0.6741292894551092, -0.9553350874876418, -0.4023939762051697, -0.34414767860136175, -0.36036120010365646, 0.8497565900076844, 0.635208603404106, 0.5613215706702677, 0.210014197566761, -0.2611589733035771, 0.49236934211742683, -0.43967937966818943, -0.3609343091282416, 0.23641774858896597, -0.005947140106842053, 1.0, 0.5927133322143892, -0.26566109059186754, 0.7005252013029768, -0.8247384313476965, -0.1615814473910282, -0.08489345010012622, -0.1745649297939099, 0.4309903271003641, 0.28197934496963817, 0.20498842629430092, 0.33532266638811725, 0.381953073119923, 0.006210397272843338, 0.22312111986961555, -0.9921456312031149, -0.6138598778735452, 0.9615073707442636, 0.5287937546571997, -0.2773708342721006, -0.4270034998683574, -0.7052565033264799, 0.9292994889594413, 0.28243180315709, -0.49799999840479514, -0.7699228004461314, 0.7777368197710758, -0.09520533483269075, 0.4348116943393291, -0.6002294948488469, -0.7700743764528324, -0.24585545204699288, 0.4220020635430941, 0.36861085326395815, -0.3780570766105831, 0.8213899245334843, -0.034585242556785856, 0.5583896013261979, -0.98916328022139, -0.23614391366434143, 0.7758831584124304, -0.4677699514995899, 0.34123331615881847, 0.7321618085637708, -0.5584469330075128, 0.6749760769030888, 0.33879490475647334, -0.1712439560246687, 0.9899741294701143, 0.7328648599727872, -0.73929459371825, 0.12110835431159528, -0.7842805084803732, 0.5708450500375275, 0.6441160328588231, -0.29560056654408856, 0.43935624748283153, 0.2598159412540213, -0.03395254642423695, 0.5775498218669373, -0.9522311784769865, -0.012942721566770565, 0.96490003920556, 0.6164464676541628, -0.6513348617887709, 0.7245214438001184, -0.9791443622165394, -0.09907619434480774, -0.8198864391892406, 0.06599251445121834, 0.8295298174354826, 0.28030138535048366, -0.046082840632579, -0.5432975624494429, 0.4809016336145484, -1.0, -0.141722228914974, -0.31774488485336616, 0.6520527773179556, -0.17169588627210527, -0.6591262285926575, 0.8047043741771238, -0.45721386087932403, 0.24555275598179477, 0.07986707039819807, -0.4512710589835425, -0.8992159991551607, -0.00012949296996356274, 0.8046956314796152, -0.2049794895642003, 0.6258840398786321, -0.5582923679350775, -0.26442773374423123, -0.4973073031728096, -0.8726240954891815, 1.0, -0.6158766695739211, 0.7727775725375491]
1019.9998779296875	(8, 12, 2)	[-0.8240204901053014, 0.1913702478665387, -0.0643811229408697, 0.6519445972790026, 0.7744598707267304, 0.8799228381823598, 0.5573689326443025, -0.6741292894551092, -0.9553350874876418, -0.5316332140530852, -0.34414767860136175, -0.36036120010365646, 0.9792118975330899, 0.7256816883908171, 0.5613215706702677, 0.16600185187888292, -0.2611589733035771, 0.49236934211742683, -0.43967937966818943, -0.3609343091282416, 0.23641774858896597, -0.005947140106842053, 0.7943693447526216, 0.7905535723671178, -0.3265177148542213, 0.7005252013029768, -0.8143837509206466, -0.1615814473910282, -0.08489345010012622, 0.9519737965704251, 0.4309903271003641, 0.28197934496963817, 0.20498842629430092, -0.043908015474702466, 0.381953073119923, 0.006210397272843338, 0.4127797290722891, -0.8024611354229254, -0.5303304128539554, 0.9615073707442636, 0.430163077350161, -0.3640094456850109, -0.6222710505095961, -0.7052565033264799, 0.9292994889594413, 0.28243180315709, -0.5404029422750122, -0.8343818622828806, 0.7236316922832926, -0.09520533483269075, 0.32012509342132445, -0.6002294948488469, -0.8450723165210314, -0.24585545204699288, 0.4220020635430941, 0.36861085326395815, -0.6000643634083446, 0.8331238496294808, -0.034585242556785856, 0.4919543910018038, -0.98916328022139, -0.23614391366434143, 0.7758831584124304, -0.4677699514995899, 0.43876192011842785, 0.7321618085637708, -0.5584469330075128, 0.6749760769030888, 0.33879490475647334, -0.16414960728327774, 0.9899741294701143, 0.857862938373809, -0.73929459371825, 0.20387661117868966, -0.46604454269144546, 0.5708450500375275, 0.5172671741472448, -0.24973769970129128, 0.5071746070380921, 0.2598159412540213, -0.1253572327481618, 0.4890849700375903, -0.9522311784769865, -0.012942721566770565, 0.9577563872646722, 0.20757307464548447, -0.6513348617887709, 0.7749405419108361, -0.9791443622165394, -0.09907619434480774, -0.8827987762328371, 0.07690762588981014, 0.6829529090500945, -0.47890045590382324, -0.046082840632579, -0.37406699847013103, 0.4809016336145484, -0.9138934044432359, -0.141722228914974, -0.31774488485336616, 0.6520527773179556, 0.21657054548858135, -0.5347790586722201, 0.8047043741771238, -0.2985880068261917, 0.35626956245976094, 0.07986707039819807, -0.4512710589835425, -0.8992159991551607, -0.00012949296996356274, 0.9048361643606522, -0.2049794895642003, 0.642187353704371, -0.5582923679350775, -0.31810251949508683, -0.3372483644962989, -0.9537360445728071, 1.0, -0.6158766695739211, 0.7727775725375491]
1019.9999389648438	(8, 12, 2)	[-0.8240204901053014, 0.1913702478665387, -0.0643811229408697, 0.6519445972790026, 0.7744598707267304, 0.8799228381823598, 0.5573689326443025, -0.6741292894551092, -0.9553350874876418, -0.5316332140530852, -0.34414767860136175, -0.36036120010365646, 0.9792118975330899, 0.7256816883908171, 0.5613215706702677, 0.16600185187888292, -0.2611589733035771, 0.49236934211742683, -0.43967937966818943, -0.3609343091282416, 0.23641774858896597, -0.005947140106842053, 0.7943693447526216, 0.7905535723671178, -0.3265177148542213, 0.7005252013029768, -0.8143837509206466, -0.1615814473910282, -0.08489345010012622, 0.9519737965704251, 0.4309903271003641, 0.28197934496963817, 0.20498842629430092, -0.043908015474702466, 0.381953073119923, 0.006210397272843338, 0.4127797290722891, -0.8024611354229254, -0.5303304128539554, 0.9615073707442636, 0.430163077350161, -0.3640094456850109, -0.6222710505095961, -0.7052565033264799, 0.9292994889594413, 0.28243180315709, -0.5404029422750122, -0.8343818622828806, 0.7236316922832926, -0.09520533483269075, 0.32012509342132445, -0.6002294948488469, -0.8450723165210314, -0.24585545204699288, 0.4220020635430941, 0.36861085326395815, -0.6000643634083446, 0.8331238496294808, -0.034585242556785856, 0.4919543910018038, -0.98916328022139, -0.23614391366434143, 0.7758831584124304, -0.4677699514995899, 0.43876192011842785, 0.7321618085637708, -0.5584469330075128, 0.6749760769030888, 0.33879490475647334, -0.16414960728327774, 0.9899741294701143, 0.857862938373809, -0.73929459371825, 0.20387661117868966, -0.46604454269144546, 0.5708450500375275, 0.5172671741472448, -0.24973769970129128, 0.5071746070380921, 0.2598159412540213, -0.1253572327481618, 0.4890849700375903, -0.9522311784769865, -0.012942721566770565, 0.9577563872646722, 0.20757307464548447, -0.6513348617887709, 0.7749405419108361, -0.9791443622165394, -0.09907619434480774, -0.8827987762328371, 0.07690762588981014, 0.6829529090500945, -0.47890045590382324, -0.046082840632579, -0.37406699847013103, 0.4809016336145484, -0.9138934044432359, -0.141722228914974, -0.31774488485336616, 0.6520527773179556, 0.21657054548858135, -0.5347790586722201, 0.8047043741771238, -0.2985880068261917, 0.35626956245976094, 0.07986707039819807, -0.4512710589835425, -0.8992159991551607, -0.00012949296996356274, 0.9048361643606522, -0.2049794895642003, 0.642187353704371, -0.5582923679350775, -0.31810251949508683, -0.3372483644962989, -0.9537360445728071, 1.0, -0.6158766695739211, 0.7727775725375491]
1019.9998779296875	(8, 12, 2)	[-0.8240204901053014, 0.18580261626823155, -0.0643811229408697, 0.6519445972790026, 0.18151680154576827, 0.9572074142052471, 0.5573689326443025, -0.6916583828455682, -0.9553350874876418, -0.4784005908431877, -0.34414767860136175, -0.36036120010365646, 0.8497565900076844, 0.635208603404106, 0.5613215706702677, 0.16600185187888292, -0.2611589733035771, 0.49236934211742683, -0.4461410878144009, -0.3609343091282416, 0.23641774858896597, -0.005947140106842053, 0.7943693447526216, 0.7905535723671178, -0.26566109059186754, 0.7005252013029768, -0.8143837509206466, -0.1615814473910282, -0.08489345010012622, 0.9519737965704251, 0.27361087274739104, 0.28197934496963817, 0.20498842629430092, 0.33532266638811725, 0.381953073119923, 0.006210397272843338, 0.3482348551996881, -0.8024611354229254, -0.5303304128539554, 0.9615073707442636, 0.5287937546571997, -0.3640094456850109, -0.6222710505095961, -0.5749027102110291, 0.9292994889594413, 0.28243180315709, -0.42782866060364644, -0.8343818622828806, 0.7236316922832926, -0.21290133988406296, 0.3454109990183043, -0.6002294948488469, -0.8450723165210314, -0.24585545204699288, 0.5419963364372277, 0.36861085326395815, -0.4707954184862757, 0.8331238496294808, -0.0500127307385145, 0.6038148508714876, -0.98916328022139, -0.23614391366434143, 0.646675359756195, -0.5668159795429872, 0.34123331615881847, 0.735269289439289, -0.5584469330075128, 0.6749760769030888, 0.33879490475647334, -0.16414960728327774, 0.7315317398770242, 0.7672373260251893, -0.73929459371825, 0.20387661117868966, -0.7842805084803732, 0.5708450500375275, 0.44077042631795854, -0.29560056654408856, 0.5071746070380921, 0.2598159412540213, 0.2592460079968878, 0.5661090405637721, -0.9522311784769865, -0.012942721566770565, 0.96490003920556, 0.6164464676541628, -0.6513348617887709, 0.7245214438001184, -1.0, -0.09907619434480774, -0.6442025797324011, 0.04174950477727621, 1.0, -0.47890045590382324, -0.046082840632579, -0.5432975624494429, 0.4809016336145484, -0.9138934044432359, -0.141722228914974, -0.3760348578510842, 0.6520527773179556, 0.10421546114843572, -0.6882534510921952, 0.6376385948613545, -0.2985880068261917, 0.24555275598179477, 0.07986707039819807, -0.4512710589835425, -0.8992159991551607, -0.00012949296996356274, 0.8046956314796152, -0.2049794895642003, 0.6258840398786321, -0.6620236011448839, -0.31810251949508683, -0.3372483644962989, -0.9537360445728071, 1.0, -0.6158766695739211, 0.7727775725375491]
1019.9998779296875	(8, 12, 2)	[-0.8240204901053014, 0.1913702478665387, -0.0643811229408697, 0.6519445972790026, 0.7744598707267304, 0.9572074142052471, 0.5741086631136428, -0.6741292894551092, -0.9553350874876418, -0.4046087185912681, -0.34414767860136175, -0.31541410058643954, 0.8497565900076844, 0.7740706893302067, 0.5613215706702677, 0.16600185187888292, -0.2611589733035771, 0.49236934211742683, -0.43967937966818943, -0.3609343091282416, 0.23641774858896597, -0.005947140106842053, 0.7943693447526216, 0.7905535723671178, -0.3265177148542213, 0.5760798383314969, -0.8143837509206466, -0.1615814473910282, -0.20979647160232018, -0.15830695176686338, 0.27361087274739104, 0.28197934496963817, 0.20498842629430092, -0.043908015474702466, 0.381953073119923, 0.006210397272843338, 0.4127797290722891, -0.8024611354229254, -0.6138598778735452, 0.9615073707442636, 0.401516824914267, -0.3640094456850109, -0.6222710505095961, -0.7052565033264799, 0.9292994889594413, 0.28243180315709, -0.42927852766714675, -0.7699228004461314, 0.7236316922832926, -0.14833005584701398, 0.334925952912866, -0.6002294948488469, -0.8361208267578494, -0.24585545204699288, 0.4220020635430941, 0.36861085326395815, -0.4509666837163644, 0.8213899245334843, 0.05509168427935052, 0.5583896013261979, -0.98916328022139, -0.7412475905110748, 0.646675359756195, -0.5668159795429872, 0.34123331615881847, 0.7321618085637708, -0.5584469330075128, 0.6749760769030888, 0.33879490475647334, -0.16414960728327774, 0.9899741294701143, 0.8312292727642789, -0.73929459371825, 0.20387661117868966, -0.7842805084803732, 0.5708450500375275, 0.44077042631795854, -0.29560056654408856, 0.5071746070380921, 0.2598159412540213, -0.019113974404206143, 0.4890849700375903, -0.9522311784769865, -0.012942721566770565, 0.96490003920556, 0.6164464676541628, -0.6513348617887709, 0.7245214438001184, -0.9791443622165394, 0.004468749830134511, -0.8827987762328371, 0.04174950477727621, 0.6829529090500945, -0.47890045590382324, -0.046082840632579, -0.5432975624494429, 0.4809016336145484, -0.9138934044432359, -0.141722228914974, -0.28902966693087956, 0.664111652716108, 0.21657054548858135, -0.5347790586722201, 0.6376385948613545, -0.2985880068261917, 0.16973322120544576, 0.07986707039819807, -0.4512710589835425, -0.8992159991551607, -0.00012949296996356274, 0.9048361643606522, -0.39707845116147855, 0.6258840398786321, -0.5582923679350775, -0.24009265690773776, -0.3372483644962989, -0.9537360445728071, 0.9955920704582, -0.6158766695739211, 0.8685207898160852]
1019.9999389648438	(8, 12, 2)	[-0.8240204901053014, 0.18580261626823155, -0.0643811229408697, 0.6519445972790026, 0.18151680154576827, 0.9572074142052471, 0.5573689326443025, -0.6916583828455682, -0.9553350874876418, -0.5316332140530852, -0.34414767860136175, -0.36036120010365646, 0.8497565900076844, 0.7657747244413178, 0.5613215706702677, 0.16600185187888292, -0.2611589733035771, 0.49236934211742683, -0.4461410878144009, -0.3609343091282416, 0.23641774858896597, -0.005947140106842053, 1.0, 0.7905535723671178, -0.3265177148542213, 0.7005252013029768, -0.8143837509206466, -0.1615814473910282, -0.20979647160232018, 0.9519737965704251, 0.4309903271003641, 0.28197934496963817, 0.9704100253986543, 0.33532266638811725, 0.381953073119923, 0.006210397272843338, 0.22312111986961555, -0.7319684989855844, -0.5303304128539554, 0.9615073707442636, 0.5287937546571997, -0.32020131710636873, -0.4270034998683574, -0.7052565033264799, 0.9292994889594413, 0.28243180315709, -0.5404029422750122, -0.7699228004461314, 0.7236316922832926, -0.09520533483269075, 0.4348116943393291, -0.6002294948488469, -0.8450723165210314, -0.24585545204699288, 0.4220020635430941, 0.36861085326395815, -0.6000643634083446, 0.8331238496294808, 0.012052911753968394, 0.5371842088415081, -0.98916328022139, -0.7412475905110748, 0.7370234524816377, -0.4677699514995899, 0.34123331615881847, 0.7321618085637708, -0.5584469330075128, 0.6302728772202004, 0.33879490475647334, -0.16414960728327774, 0.8853753550199202, 0.7328648599727872, -0.73929459371825, 0.20387661117868966, -0.625885972688275, 0.5708450500375275, 0.44077042631795854, -0.2917221144219493, 0.7730239881984509, 0.2598159412540213, -0.03395254642423695, 0.4890849700375903, -0.9522311784769865, -0.08098681637608532, 0.96490003920556, 0.6164464676541628, -0.6513348617887709, 0.7749405419108361, -0.9677417107263918, -0.09907619434480774, -0.6442025797324011, 0.04174950477727621, 0.9349773687940748, 0.28030138535048366, -0.046082840632579, -0.5432975624494429, 0.4809016336145484, -1.0, -0.14410772172644243, -0.3760348578510842, 0.6846333451841826, -0.17169588627210527, -0.6738927949483716, 0.8047043741771238, -0.29341639098912103, 0.24555275598179477, 0.07986707039819807, -0.4512710589835425, -0.8992159991551607, -0.00012949296996356274, 0.8046956314796152, -0.2049794895642003, 0.6258840398786321, -0.6620236011448839, -0.31810251949508683, -0.4973073031728096, -0.8726240954891815, 1.0, -0.6158766695739211, 0.8685207898160852]
