1019.9502563476562	(8, 12, 2)	[0.8866284416153538, 0.4828264868106731, -0.2565766477786553, 0.7006736134894671, -0.8307615126855485, 0.3238384120281026, 0.36634239147190173, 0.09326799306314704, 0.5286186440609943, 0.9715606805674302, 0.8473508968838788, 0.5199838931103744, -0.9927911988248284, 0.43356387878908453, -0.27784969377970414, 0.44346039957873074, -0.758852176506208, 0.7855957181149316, 0.4121750841679359, 0.5079688459717644, 0.7619531607138994, 0.6372474425426542, -0.5487229097479631, -0.2914469786377152, -0.3681822425256074, -0.6608846707655305, 0.15085630476596856, 0.13887481513372824, 0.8323248293354506, 0.33590177754137174, 0.39328732625211216, -0.2184351533822595, 0.5042657236603167, -0.36941970859597917, 0.4344625080211162, -0.6179872426386321, -0.7255146341413425, -0.4145870657308577, -0.9242469705607874, -0.17929115030152953, 0.6936040958859682, 0.30431539739147584, -0.2754647599104565, 0.2389186055183663, 0.17297830959204452, 0.25330772806585067, 0.8916151284666765, -0.2085229069128336, -0.17901021464036004, -0.854010134853805, 0.7884932486226752, 0.5894234511496967, -0.22990934994015677, 0.16214314558618947, 0.754585895179438, -0.6886650196857427, 0.00576878884683274, -0.0597249837455498, 0.5146398893224502, -0.6707652723697122, 0.35738796434050957, 0.7705755100339253, 0.2569146771831896, 0.8784376775631277, 0.3084459137718467, -0.18579619015197002, -0.35754053902154315, -0.5625318338037482, 0.784988516147209, -0.08947709465947407, -0.3708388400940654, 0.6829066007219338, -0.8354110675476276, -0.1680831306121624, -0.05558762144244356, -0.1868353011719206, -0.12696436759592644, 0.463530949826386, 0.30905237017384457, -0.05497109419379553, 0.9543634084700228, -0.6287628273954438, -0.47443278355209073, -0.9273585489692464, -0.5657689015574503, 0.15181968083037978, 0.3745532595035317, 0.6024350570353649, -0.9595955036650792, -0.5027974281602552, -0.7407941022488667, 0.6444994890369529, -0.256001147931342, 0.5606951274647913, 0.9553163867426644, -0.6350994137742647, 0.1386609358823152, 0.7885223956289837, 0.4847821148536162, -0.4361117692793577, -0.8036578000482553, 0.036494848319200246, -0.6022154825051538, 0.5748816550156006, -0.221596276923536, 0.18968567536848369, -0.08084814472608914, -0.2030277624652812, 0.11838533685463593, 0.030592404723110977, 0.8630408999043839, -0.3955350596467848, 0.9330976103879782, 0.2717487412308168, -0.4413492976087463, -0.4294994648468051, -0.029470259476940708, 0.4835477731366964, -0.07242494503368735, -0.9405409416714605]
1019.8798828125	(8, 12, 2)	[0.8866284416153538, 0.4828264868106731, -0.2565766477786553, 0.7006736134894671, -0.8307615126855485, 0.3238384120281026, 0.36634239147190173, 0.09326799306314704, 0.5286186440609943, 0.9715606805674302, 0.8473508968838788, 0.5199838931103744, -0.9927911988248284, 0.43356387878908453, -0.27784969377970414, 0.44346039957873074, -0.758852176506208, 0.7855957181149316, 0.4121750841679359, 0.5079688459717644, 0.7619531607138994, 0.6372474425426542, -0.5487229097479631, -0.2914469786377152, -0.3681822425256074, -0.6608846707655305, 0.15085630476596856, 0.13887481513372824, 0.8323248293354506, 0.33590177754137174, 0.39328732625211216, -0.2184351533822595, 0.5042657236603167, -0.36941970859597917, 0.4344625080211162, -0.6179872426386321, -0.7255146341413425, -0.4145870657308577, -0.9242469705607874, -0.17929115030152953, 0.6936040958859682, 0.30431539739147584, -0.2754647599104565, 0.2389186055183663, 0.17297830959204452, 0.25330772806585067, 0.8916151284666765, -0.2085229069128336, -0.17901021464036004, -0.854010134853805, 0.7884932486226752, 0.5894234511496967, -0.22990934994015677, 0.16214314558618947, 0.754585895179438, -0.6886650196857427, 0.00576878884683274, -0.0597249837455498, 0.5146398893224502, -0.6707652723697122, 0.35738796434050957, 0.7705755100339253, 0.2569146771831896, 0.8784376775631277, 0.3084459137718467, -0.18579619015197002, -0.35754053902154315, -0.5625318338037482, 0.784988516147209, -0.08947709465947407, -0.3708388400940654, 0.6829066007219338, -0.8354110675476276, -0.1680831306121624, -0.05558762144244356, -0.1868353011719206, -0.12696436759592644, 0.463530949826386, 0.30905237017384457, -0.05497109419379553, 0.9543634084700228, -0.6287628273954438, -0.47443278355209073, -0.9273585489692464, -0.5657689015574503, 0.15181968083037978, 0.3745532595035317, 0.6024350570353649, -0.9595955036650792, -0.5027974281602552, -0.7407941022488667, 0.6444994890369529, -0.256001147931342, 0.5606951274647913, 0.9553163867426644, -0.6350994137742647, 0.1386609358823152, 0.7885223956289837, 0.4847821148536162, -0.4361117692793577, -0.8036578000482553, 0.036494848319200246, -0.6022154825051538, 0.5748816550156006, -0.221596276923536, 0.18968567536848369, -0.08084814472608914, -0.2030277624652812, 0.11838533685463593, 0.030592404723110977, 0.8630408999043839, -0.3955350596467848, 0.9330976103879782, 0.2717487412308168, -0.4413492976087463, -0.4294994648468051, -0.029470259476940708, 0.4835477731366964, -0.07242494503368735, -0.9405409416714605]
1018.9590454101562	(8, 12, 2)	[-0.3908009719655583, 0.8112801786698698, 0.5198614491331071, 0.14353212373278446, -0.4020100559099553, -0.6232914151667956, -0.9422221068260772, -0.17927977344903256, -0.12087572702250293, 0.4430898434608195, -0.8500888544738572, -0.03576029512278178, 0.7623144916345586, 0.33920792027679303, -0.24191244601177453, 0.062378262938801665, 0.4951860726551005, -0.267136371805508, 0.9853561251244858, 0.40693066753085305, -0.5876933059717102, -0.9234000783023475, 0.7499319805687701, -0.4555546825926644, 0.8153573631070807, 0.2883829580852999, -0.7794081294306967, 0.17260925375649405, -0.21182732546217387, -0.07670773428313993, -0.6188936876659084, 0.4658483831153699, -0.10995289025059396, 0.42090202074687966, -0.6569539499401287, -0.1540655156001649, -0.9514492142062196, -0.023365255516089478, -0.569073700629944, -0.7863930961504375, -0.940872075483454, 0.3557116675700447, 0.8607439969985202, -0.7232327916065504, 0.03913639985774253, -0.9697863479447266, -0.4255395113655094, -0.015222234177654892, 0.15128772016891867, -0.8185967158354297, 0.07218343104817326, 0.6996334704318001, 0.28989045814593184, 0.254516309103342, 0.24548224810752806, 0.024459849921543597, 0.6026453345502893, -0.10841798514202772, 0.5991153862360103, 0.6624722565209247, 0.26333591263553235, -0.9661475340773855, -0.1656089545506143, -0.6337401093994719, -0.5244951913270974, -0.8600436903287714, 0.8586270859006797, 0.6445749456080279, 0.23877772409454434, 0.3242474917504543, -0.4485905873001099, -0.5325240553951385, -0.9664720370282003, 0.7512779019519764, -0.2801332652796238, -0.5806367053303012, -0.3401155815326766, -0.28581670559079253, 0.3096169798192323, 0.2794291461466132, 0.9771304687500044, 0.9887761797083452, -0.6403548997111457, -0.39994466130391526, 0.23913407107121598, 0.6361833090649085, 0.32458552839958443, 0.9901815940435026, -0.33993896951820424, -0.34816754237404757, 0.5557044491095815, -0.22824261289782521, 0.03213341665093816, -0.6325515996369429, 0.4285762150584469, 0.9974920576960522, -0.5040871271411291, -0.6732325714863414, -0.3929356802057501, -0.07637033508366753, -0.7591207630469599, -0.39191889317657647, -0.0780429641203757, -0.16014647630807222, -0.04635153027565386, -0.3643907266667543, -0.684259994308011, 0.41455035114184113, -0.838140079894715, -0.04525410072392244, 0.7526336329633512, 0.017334831878176526, -0.3320276228515422, -0.6155747633960458, 0.5719256790707532, -0.6260316874439895, 0.8673071964182884, 0.07704667585011116, -0.22690031978346492, -0.02305962969648201]
1003.0384521484375	(8, 12, 2)	[-0.1765288416940649, 0.4828264868106731, -0.2565766477786553, 0.3814284685839773, 0.5609112544782979, 0.36856193161808504, 0.36634239147190173, 0.09326799306314704, -0.24317175231697608, 0.3380962096513642, -0.7066242853680522, 0.23022015667526352, 0.8620857707539309, 0.43356387878908453, -0.27784969377970414, 0.44346039957873074, -0.758852176506208, 0.21230687862261544, 0.2172158378153357, 0.4422323835303658, 0.005932452246937281, -0.5721107018219727, -0.5487229097479631, -0.8259301007242372, -0.89244515421114, -0.6608846707655305, -0.23704969655902386, -0.8724782980257302, -0.12050648756029192, -0.8301373316761163, -0.8869683957439827, -0.47281531050005987, -0.9003997486957078, 0.6357825578534173, -0.9164128211153297, -0.5853768697839361, -0.9414451640182888, 0.19689928641321286, 0.6044652921002402, -0.02342115168608716, 0.6936040958859682, 0.5389353503199059, -0.8495230472947237, -0.622750023521462, 0.8832503009424233, 0.5085861398556266, 0.8916151284666765, 0.07108047611105106, 0.39384411827749943, -0.8013002612853802, 0.6799722846510887, -0.8902400275363176, -0.22990934994015677, -0.08957630809716721, 0.7712984867252999, 0.7043718780851713, 0.6829830155876593, 0.9537582169823466, -0.2868838967680625, -0.6707652723697122, -0.5578297979886879, 0.7705755100339253, -0.3499740315672035, -0.5024509649426727, -0.07605975573577184, -0.24066963074178682, 0.9854681356083439, 0.5183736620319117, -0.19662520419821417, -0.5784541281829099, 0.946709543465301, -0.14346902974074927, 0.14043233474242078, -0.833733808794914, -0.4961110028909521, -0.1868353011719206, -0.12696436759592644, -0.6149390119418976, 0.727527162908225, 0.7520018854056363, 0.9543634084700228, 0.38938406661001435, 0.4135127431458392, -0.392133763267696, -0.5657689015574503, 0.008508111014570607, -0.31380616843180364, 0.6024350570353649, -0.6732697981910449, 0.19218335052974966, -0.7407941022488667, -0.3577960660785888, -0.7405365515928979, -0.5509640790801531, 0.9553163867426644, 0.027524038882993374, 0.6150182750669098, -0.30197992437604326, 0.4847821148536162, -0.3430565182661973, 0.05946019426474081, 0.20526732420178595, 0.7753427191596811, -0.11893202785512447, 0.20699809812093362, 0.7420805435179834, 0.31431207872078937, -0.7292013219569196, -0.15815548184023376, 0.45939447459506, -0.6698285065347918, -0.5970091569557006, -0.9892242560871216, 0.2717487412308168, -0.9764450147647024, -0.7480552221526804, -0.029470259476940708, 0.18970253275112547, 0.49156358421522084, -0.9405409416714605]
1019.420166015625	(8, 12, 2)	[0.14083354265192005, -0.9862133354860996, -0.40201540635964905, -0.4074063102384704, 0.7110038240315038, 0.34504549143896135, -0.6155753670404656, 0.7495985648123837, -0.7094970696253371, 0.4819752376467985, -0.8072440948039679, 0.7464110451122214, 0.840990143913263, 0.43356387878908453, -0.14726756470317337, 0.44346039957873074, -0.35929188871383366, -0.3237833604768523, -0.22468308984832858, -0.09028177714737273, 0.13327132442837342, 0.6372474425426542, 0.985777347805683, -0.2914469786377152, -0.830121127924828, -0.5103361007034677, -0.8872380812635023, -0.4157084079077704, -0.8965562763606503, 0.33590177754137174, -0.02710903436740475, 0.73930949650941, -0.7556660181216937, -0.6588387530045143, 0.3355707910369128, -0.6576115425861673, 0.19491368262248399, 0.6512659138619243, 0.6560602747988948, 0.5839933833454669, -0.04704831566227963, 0.07899142154210592, -0.8584460919555181, 0.7975916770045988, 0.17297830959204452, -0.9697863479447266, 0.4781008426825857, -0.047732794588181804, -0.7780369275262353, -0.854010134853805, -0.6185528623597001, -0.23680023075521306, -0.8396623167407882, 0.16214314558618947, 0.39847828711618716, -0.8326124453700965, 0.00576878884683274, -0.2828749982580021, 0.34194348533117735, -0.08270582240141322, 0.35738796434050957, 0.7528538525747128, 0.2569146771831896, 0.34639462892225037, 0.10333018268377159, 0.8085429857067925, -0.2588851379934711, -0.7645672555516982, 0.9752967075693852, 0.3040561122419654, -0.5779060450591851, 0.7312144217385548, 0.21973961307073342, -0.9170668101590216, 0.8083790182709516, 0.6473800796117046, 0.9120516972981711, 0.5968140730862781, 0.12594108744379784, -0.46400947390458347, -0.11977335381161902, 0.8974131682136417, 0.7482629104799727, -0.05064731238554021, 0.5086426044930432, 0.06058709957427144, -0.0015628317880505005, -0.4528973306073165, -0.44971161097161505, -0.6634330870322387, 0.8167571319868485, -0.8342700960336351, -0.3178504610228705, -0.5933792510837077, 0.9179884476405842, 0.7148174026388807, -0.471601794745518, 0.273284692847964, -0.2259602624823056, -0.6253944510930565, -0.6177375674063745, 0.08799017961295053, 0.4265044912445288, 0.8157729195424923, -0.9570975928581242, 0.48383494397607585, 0.3258287905776118, 0.37100268280413795, 0.9466060287795866, 0.01676709538945631, 0.7874321385276455, -0.6474781243514671, 0.9330976103879782, 0.2717487412308168, 0.5719256790707532, -0.4294994648468051, 0.5626613917134939, -0.5146721689524159, 0.8974254206358745, 0.7155796611458078]
1019.887939453125	(8, 12, 2)	[-0.6639791470117613, 0.07016130142904764, -0.40201540635964905, -0.4074063102384704, -0.28886135454987216, -0.6401429240317584, -0.5051791011862818, -0.3043186280944996, 0.9573758145860165, 0.3930533184536362, -0.8072440948039679, 0.2894868149966665, -0.148090222261001, -0.4324436678752688, -0.14726756470317337, -0.7643946172491574, 0.22661056452105077, 0.9631620842926609, 0.1605576877439876, 0.40693066753085305, -0.5876933059717102, -0.9234000783023475, 0.9355509425484654, -0.4555546825926644, -0.761415640488275, 0.34191811946076944, 0.13725046727894674, -0.4768180528009709, 0.060321091631081014, 0.25576303599719585, -0.02710903436740475, 0.32642910031997935, -0.9003997486957078, 0.12783659920833368, -0.09573661637849828, -0.5853768697839361, -0.25282142776957395, 0.7233205522748662, 0.29837097216624464, 0.6228392305436654, 0.4619035448210689, -0.5472755325916935, -0.8584460919555181, 0.39716704710480855, -0.9292541779326826, -0.2628220412228559, -0.5949619691524306, 0.613667851813597, 0.3637965027029926, -0.10124678443428703, 0.9926073417339425, 0.7055531922026879, -0.6743275794635686, 0.43913266552819064, -0.05624912734933285, 0.7043718780851713, -0.5070246035187174, 0.9537582169823466, 0.6028638217671318, 0.6624722565209247, -0.9194816267117152, 0.7528538525747128, 0.4984194813519254, 0.2594201120941595, 0.10333018268377159, 0.18073834701669278, -0.2588851379934711, 0.6445749456080279, -0.7178989577959585, -0.1602478959983465, 0.8533966280723992, 0.6761825009305356, 0.6533276310539229, -0.9170668101590216, -0.8588059125034624, 0.24285215441133912, -0.8047900481132848, 0.28474381244000546, 0.12594108744379784, -0.25009662600641147, 0.08216686924057881, 0.5576858961237494, -0.3200460828804703, -0.05064731238554021, 0.7831564864666372, 0.3382131707837839, -0.26824401164882206, 0.9901815940435026, -0.33993896951820424, -0.16274311595876112, -0.3601835249429819, -0.3577960660785888, -0.8034076571388651, -0.41607003804091525, 0.9179884476405842, 0.20705402099339376, 0.7821000897474009, 0.932753962912402, 0.026044787631234412, 0.6678429513577485, 0.8013817578959546, 0.0610200957080389, 0.7753427191596811, -0.11893202785512447, 0.6457326671306844, -0.6639207695038498, -0.39645609166267204, 0.86424411492218, 0.9466060287795866, 0.8443520845178294, -0.6698285065347918, 0.017334831878176526, -0.9892242560871216, 0.9738977008133243, 0.9465865113919756, -0.3485293304402213, 0.6628833714494522, -0.1593916853774353, 0.07247162413423758, 0.7155796611458078]
15.00267219543457	(8, 12, 2)	[0.3392140140362143, -0.5701622444183954, 0.7091844949849504, -0.7456628344439178, -0.8757325929668626, 0.13460474246309273, 0.13234644685755903, 0.5498169338978931, 0.9573758145860165, 0.5266373738420289, -0.7066242853680522, -0.30538265567657064, -0.9927911988248284, -0.3039633691155492, 0.33203267715461315, -0.08372392941489981, -0.04521527789488333, 0.3646001426599881, -0.7508835373683884, 0.5079688459717644, -0.24796435774247483, -0.9570104218650668, -0.8437658250197284, -0.5059647282584803, -0.7473548425315095, -0.7410472908155126, 0.15085630476596856, -0.4768180528009709, 0.5338665214418317, 0.2018682975887407, -0.8869683957439827, -0.03355867420360026, -0.35216057686458546, 0.45869739877607807, 0.3355707910369128, -0.017106639351303077, -0.9016052634586804, 0.9243197648416076, 0.6044652921002402, -0.02342115168608716, 0.6887589397159344, -0.19429883787136654, -0.21893391582901311, -0.6081238677874361, 0.6600994390126536, -0.8529234227335076, -0.21947815616113414, 0.5334448598508823, 0.10444201422708765, 0.7516104697712069, -0.021097938905299207, 0.4716562674361737, -0.9947898218670108, -0.3523580775399855, -0.1593806992372082, -0.5987743688262497, 0.6768097942041229, 0.40193731821883927, 0.442120682996221, -0.18849378210795203, 0.14582913348492932, -0.2914560112396427, -0.8154723510336255, 0.2636225824541092, 0.9580974749789333, -0.7298116967918995, -0.2309733837268968, 0.8446550851830164, 0.07269718389065982, 0.8104254206361996, -0.40929793795960157, 0.5680292660253623, -0.45834099982356813, -0.5409031201377237, -0.4961110028909521, 0.24285215441133912, -0.12696436759592644, -0.08571594648231762, 0.7848064389718861, -0.05497109419379553, 0.8833474773757277, 0.5576858961237494, 0.7482629104799727, -0.05064731238554021, -0.7995156708179065, 0.07965236728717473, -0.4967896465612629, -0.13002881402389144, -0.9595955036650792, 1.0, -0.7407941022488667, 0.6474961317545829, -0.6129868331547705, -0.41607003804091525, -0.6547168103294552, -0.7302090831816643, 0.7289422676631383, 0.6963591995418024, -0.9425822515471594, 0.957209211110688, 0.7452484338179293, 0.08299873702477845, 0.302765387754101, -0.19657255716095356, -0.04635153027565386, 0.21633495046920714, -0.684259994308011, 0.825457930133021, 0.925333782982467, 0.38857440065901705, -0.6698285065347918, -0.576083332542954, -0.9597596267213004, 0.8131792758929772, -0.5064943303072869, 0.17028637202518238, -0.09058057800407182, 0.3430031218870515, 0.49156358421522084, -0.02305962969648201]
1019.666748046875	(8, 12, 2)	[0.14083354265192005, 0.7094936267015974, 0.9055039124120725, 0.7391276991137115, 0.9675256278852267, 0.11121443424280164, -0.32959679143976395, 0.3851223100244532, 0.9573758145860165, 0.667322705452202, 0.010461445620879806, 0.9358192437186581, 0.840990143913263, 0.9317572790316111, -0.27784969377970414, -0.7510628082013682, -0.024316199616760903, -0.267136371805508, -0.7508835373683884, 0.12016868493948252, 0.36934173682161536, -0.4495627063089176, -0.8437658250197284, 0.6073756083499438, -0.09511523871297456, -0.26926166581918154, 0.18969399047236543, -0.4411860652556478, -0.8965562763606503, -0.9456056297557052, -0.883541290408606, 0.6476696874157899, -0.12072335032544235, -0.4619126726026779, -0.192604485308149, 0.7243013282102537, -0.1255342789177285, 0.6512659138619243, 0.6560602747988948, 0.40177678190012744, 0.2138034821600503, 0.07899142154210592, -0.2913167548311839, 0.39716704710480855, -1.0, 0.29550568609635475, -0.9974183213485808, 0.6134266371761303, -0.7309497348244647, -0.9885794516238229, -0.2533616513837189, 0.6461883016152659, -0.014976887670870687, 0.16214314558618947, 0.754585895179438, 0.20578824372740478, -0.9446628613861361, 0.5655249395755964, 0.16994047372977494, 0.7192734799211686, -0.0523791031077423, 0.70208989496487, 0.4932584671960607, -0.5205030537929596, -0.16826738204347946, -0.8600436903287714, -0.2588851379934711, -0.962715041174308, -0.8875097757574735, 0.7162680024202883, 0.14456253591300072, 0.6761825009305356, -0.8297356143145507, 0.6693214101574518, 0.20655889517145498, 0.2454677401642913, 0.36431169070065983, 0.28474381244000546, 0.3090076435557816, -0.46400947390458347, -0.7636935941180616, 0.8974131682136417, -0.3200460828804703, -0.05064731238554021, 0.2346612305395419, -0.04243011884128012, -0.0015628317880505005, 0.34752255634643126, -0.03429007265164086, -0.35600766044715826, 0.23765278919220867, -0.16625863481764852, -0.3178504610228705, 0.536919171251569, -0.1252557044002045, -0.5844441490688738, 0.4497156106704703, 0.7621499557436331, 0.026044787631234412, -0.5612996993196113, -0.7408460515902708, 0.0610200957080389, 0.08086011978096286, -0.35685345123870604, -0.9570975928581242, -0.43915326150215206, 0.3258287905776118, 0.86424411492218, -0.19547490895606945, -0.11241789811047287, 0.35693348298781324, 0.6221393355024745, 0.9330976103879782, 0.2717487412308168, 0.5719256790707532, 0.7257846169089206, 0.01373742332100436, 0.2943406896647385, -0.6300278170534901, -0.02305962969648201]
1019.6702270507812	(8, 12, 2)	[0.14083354265192005, 0.7094936267015974, 0.9055039124120725, 0.7391276991137115, 0.9675256278852267, 0.11121443424280164, -0.32959679143976395, 0.3851223100244532, 0.9573758145860165, 0.667322705452202, 0.010461445620879806, 0.9358192437186581, 0.840990143913263, 0.9317572790316111, -0.27784969377970414, -0.7510628082013682, -0.024316199616760903, -0.267136371805508, -0.7508835373683884, 0.12016868493948252, 0.36934173682161536, -0.4495627063089176, -0.8437658250197284, 0.6073756083499438, -0.09511523871297456, -0.26926166581918154, 0.18969399047236543, -0.4411860652556478, -0.8965562763606503, -0.9456056297557052, -0.883541290408606, 0.6476696874157899, -0.12072335032544235, -0.4619126726026779, -0.192604485308149, 0.7243013282102537, -0.1255342789177285, 0.6512659138619243, 0.6560602747988948, 0.40177678190012744, 0.2138034821600503, 0.07899142154210592, -0.2913167548311839, 0.39716704710480855, -1.0, 0.29550568609635475, -0.9974183213485808, 0.6134266371761303, -0.7309497348244647, -0.9885794516238229, -0.2533616513837189, 0.6461883016152659, -0.014976887670870687, 0.16214314558618947, 0.754585895179438, 0.20578824372740478, -0.9446628613861361, 0.5655249395755964, 0.16994047372977494, 0.7192734799211686, -0.0523791031077423, 0.70208989496487, 0.4932584671960607, -0.5205030537929596, -0.16826738204347946, -0.8600436903287714, -0.2588851379934711, -0.962715041174308, -0.8875097757574735, 0.7162680024202883, 0.14456253591300072, 0.6761825009305356, -0.8297356143145507, 0.6693214101574518, 0.20655889517145498, 0.2454677401642913, 0.36431169070065983, 0.28474381244000546, 0.3090076435557816, -0.46400947390458347, -0.7636935941180616, 0.8974131682136417, -0.3200460828804703, -0.05064731238554021, 0.2346612305395419, -0.04243011884128012, -0.0015628317880505005, 0.34752255634643126, -0.03429007265164086, -0.35600766044715826, 0.23765278919220867, -0.16625863481764852, -0.3178504610228705, 0.536919171251569, -0.1252557044002045, -0.5844441490688738, 0.4497156106704703, 0.7621499557436331, 0.026044787631234412, -0.5612996993196113, -0.7408460515902708, 0.0610200957080389, 0.08086011978096286, -0.35685345123870604, -0.9570975928581242, -0.43915326150215206, 0.3258287905776118, 0.86424411492218, -0.19547490895606945, -0.11241789811047287, 0.35693348298781324, 0.6221393355024745, 0.9330976103879782, 0.2717487412308168, 0.5719256790707532, 0.7257846169089206, 0.01373742332100436, 0.2943406896647385, -0.6300278170534901, -0.02305962969648201]
2.2333545684814453	(8, 12, 2)	[0.3392140140362143, 0.07016130142904764, 1.0, 0.15564294611635954, 0.250122294070211, -0.3040506727529668, -0.31714910335446445, -0.3043186280944996, 0.294791030587114, -0.4215797188433623, -0.7066242853680522, 0.5132243269680685, 0.8620857707539309, 0.8512847602205011, 0.4005136946953889, 0.062378262938801665, 0.17946580333478324, 0.3646001426599881, 0.1605576877439876, -0.9450551558368194, -0.4067589341402056, 0.34164311880959675, -0.8437658250197284, -0.8259301007242372, 0.30733389921331944, -0.7410472908155126, -0.7794081294306967, -0.8724782980257302, 0.9309596161963987, -0.07652605551274738, 0.47477012600149204, 0.7805476106040563, -0.9003997486957078, -0.4630978992382191, 0.48739942421009186, -0.5853768697839361, -0.25282142776957395, 0.7233205522748662, -0.11237439005947314, 0.8008405063140787, 0.4619035448210689, 0.07899142154210592, -0.21893391582901311, 0.42628121208210323, 0.7367334397502983, 0.5085861398556266, -0.5949619691524306, 0.6134266371761303, 0.3637965027029926, 0.6221486708314343, -0.3207973135746056, 0.8675865202011788, 0.28989045814593184, 0.8331986390375947, 0.826800247337121, -0.059560362725183946, 0.5827924831170495, 0.9537582169823466, 1.0, -0.07010513062898949, -0.9249594954089719, 0.21391489323705204, 0.6646412084092406, -0.5024509649426727, -0.07605975573577184, -0.6801286418760963, -0.029582850202019007, 0.6445749456080279, -0.7178989577959585, 0.3242474917504543, 0.14456253591300072, 0.6761825009305356, 0.2098593125785595, -0.5409031201377237, 0.0010907967001780872, 0.24285215441133912, -0.8047900481132848, 0.27260735717010065, 0.45060210178132776, 0.994555442673712, -0.0569454693959239, -0.09243191598454326, 0.4135127431458392, -0.9273585489692464, -0.19201813648154809, 0.2875195993600088, -0.5529720186926541, -0.8310550031513595, -0.33993896951820424, 0.37204236691761916, 0.3967636449711023, -0.3577960660785888, -0.6105454416053862, 0.8096933318645885, 0.33143746539316643, 0.027524038882993374, 0.48432947215707123, -0.767795128137087, -0.9186943195501729, -0.3430565182661973, -0.9180420600285524, 0.3587326536937392, 0.7753427191596811, -0.11893202785512447, -0.035825066771232095, -0.8905813062999735, 0.31431207872078937, -0.50040258997104, 0.925333782982467, 0.2633431187609625, -0.6698285065347918, -0.5970091569557006, -0.9857655327283703, 0.9738977008133243, -0.9764450147647024, 0.7158795653382488, 0.6628833714494522, 0.10409687819985391, -0.5031705434378673, 0.13636861266799816]
1015.3322143554688	(8, 12, 2)	[-0.2633990698195283, 0.07016130142904764, 0.9055039124120725, 0.3814284685839773, 0.7110038240315038, -0.3040506727529668, -0.31714910335446445, -0.3043186280944996, 0.294791030587114, 0.667322705452202, -0.7066242853680522, 0.010225817455973951, 0.8620857707539309, 0.9317572790316111, 0.4005136946953889, 0.062378262938801665, -0.8024814706151537, -0.3237833604768523, 0.3628212039447547, -0.9450551558368194, 0.414564693636851, 0.46687176347089876, -0.9667130690772305, 0.6073756083499438, -0.6987555242707275, -0.5103361007034677, 0.705769051827176, -0.4768180528009709, -0.4493193110735838, -0.07652605551274738, 0.47477012600149204, 0.32642910031997935, -0.9003997486957078, -0.4619126726026779, 0.3355707910369128, -0.5853768697839361, -0.25282142776957395, -0.27047551827218697, -0.6005715115168337, 0.6228392305436654, 0.6887589397159344, 0.07899142154210592, 0.09829050869559142, 0.902888549265719, 0.7367334397502983, 0.35925630616419024, 0.27064443503032454, -0.6035758004634342, 0.3637965027029926, 0.7516104697712069, -0.2644197864764891, 0.8675865202011788, -0.014976887670870687, 0.08578284215261789, 0.7712984867252999, -0.059560362725183946, -0.9446628613861361, -0.4977389458606607, 0.34194348533117735, -0.07010513062898949, -0.0523791031077423, 0.31215775571375115, 0.6646412084092406, -0.5024509649426727, -0.07605975573577184, -0.8600436903287714, -0.029582850202019007, -0.962715041174308, -0.8097540994210333, 0.3040561122419654, 0.20978554979368558, -0.16801085469642718, -0.8297356143145507, -0.46536716145094337, 0.20655889517145498, 0.24285215441133912, 0.9120516972981711, 0.27260735717010065, 0.45060210178132776, 0.994555442673712, 0.5230420584348088, 0.5606037834762856, 0.17568374345332294, -0.9318450437461836, -0.19858471667525027, 0.2875195993600088, -0.3991134343928906, 0.4665234166604266, -0.33993896951820424, 0.37204236691761916, 0.23765278919220867, -0.3577960660785888, -0.6105454416053862, 0.7497265897567205, -0.1252557044002045, -0.7302090831816643, 0.4497156106704703, -0.7085790799014089, -0.9186943195501729, -0.3430565182661973, -0.9180420600285524, -0.9366994307061303, 0.7753427191596811, -0.11893202785512447, -0.035825066771232095, -0.8905813062999735, -0.9605867638643849, -0.629328919118604, 0.9466060287795866, -0.28300738848695706, -0.6698285065347918, 0.6221393355024745, -0.9892242560871216, 0.2717487412308168, -0.9764450147647024, 0.7158795653382488, 0.01373742332100436, 0.10409687819985391, -0.37875888441985, -0.02305962969648201]
999.539306640625	(8, 12, 2)	[-0.2633990698195283, 0.5237382542815594, 1.0, 0.3814284685839773, 0.9970714166983847, -0.3040506727529668, -0.5505214611761631, -0.46914542120636304, 0.294791030587114, -0.4215797188433623, -0.7066242853680522, 0.010225817455973951, 0.8620857707539309, 0.9317572790316111, 0.4005136946953889, 0.062378262938801665, -0.3138429033008783, 0.9631620842926609, 0.3628212039447547, -0.9450551558368194, 0.13327132442837342, 0.46687176347089876, -0.11820608604140359, 0.34010374650275677, 0.30733389921331944, -0.26926166581918154, 0.705769051827176, -0.4768180528009709, -0.8965562763606503, -0.07652605551274738, 0.47477012600149204, 0.18647844262790492, -0.459510449999752, -0.4619126726026779, -0.09573661637849828, -0.5853768697839361, -0.25282142776957395, 0.10504143943735333, -0.23075048775968066, 0.6228392305436654, 0.4619035448210689, 0.07899142154210592, 0.09829050869559142, 0.42628121208210323, 0.7367334397502983, -0.06890236334593824, 0.27064443503032454, 0.6144230979978862, 0.3637965027029926, 0.9206261686739765, -0.2644197864764891, 0.7055531922026879, 0.22080294868880093, 0.08578284215261789, -0.05624912734933285, 0.5233141734021818, -0.9446628613861361, -0.4977389458606607, 0.8841757464211928, -0.6707652723697122, -0.9249594954089719, -0.0020898297052933668, 0.6646412084092406, -0.5024509649426727, -0.07605975573577184, -0.813809655108374, -0.029582850202019007, 0.6445749456080279, -0.7178989577959585, 0.3040561122419654, 0.14456253591300072, 0.66976552612406, -0.2961713804822339, -0.6534090574787197, 0.20655889517145498, 0.24285215441133912, 0.9120516972981711, 0.27260735717010065, -0.8409638883349155, 0.994555442673712, 0.08216686924057881, 0.5606037834762856, 0.4135127431458392, -0.9318450437461836, 0.23913407107121598, 0.7539689736655995, -0.3991134343928906, -0.4528973306073165, -0.44971161097161505, -0.8101235862216551, -0.9558735282868174, -0.3577960660785888, -0.6105454416053862, 0.8096933318645885, -0.3607492968097912, -0.7302090831816643, -0.5849184597594377, -0.7085790799014089, -0.5338294658614693, -0.3430565182661973, -0.9180420600285524, -0.7948914393830546, 0.4265044912445288, -0.06713976599168725, -0.035825066771232095, -0.43915326150215206, -0.9605867638643849, -0.6268749030076013, 0.9466060287795866, 0.2633431187609625, -0.6698285065347918, 0.2431076958045426, -0.9892242560871216, -0.5579726217991829, -0.9764450147647024, -0.7480552221526804, -0.04226747549503829, 0.10409687819985391, -0.6065906222048503, 0.390576106308419]
980.2232055664062	(8, 12, 2)	[-0.2633990698195283, 0.7094936267015974, 1.0, 0.7391276991137115, 0.9675256278852267, 0.11121443424280164, -0.31714910335446445, 0.5498169338978931, 0.294791030587114, 0.3930533184536362, -0.20908106913569546, 0.5132243269680685, -0.9927911988248284, 0.9926034615831361, -0.27784969377970414, 0.21166395135278226, -0.3138429033008783, -0.267136371805508, 0.6044678615603818, -0.9450551558368194, 0.13327132442837342, 0.34164311880959675, -0.8437658250197284, -0.8259301007242372, -0.09511523871297456, -0.26926166581918154, 0.705769051827176, -0.40272025026591773, 0.9309596161963987, -0.07652605551274738, 0.456332707621258, 0.18647844262790492, -0.9003997486957078, -0.6588387530045143, -0.09573661637849828, -0.5853768697839361, -0.6762738360302682, 0.6512659138619243, 0.29837097216624464, 0.5839933833454669, 0.2138034821600503, 0.4113359497362301, -0.21893391582901311, 0.47034574304129023, 0.7367334397502983, 0.29550568609635475, -0.5949619691524306, 0.21039574442436249, 0.15128772016891867, 0.7516104697712069, -0.3207973135746056, 0.6461883016152659, -0.014976887670870687, 0.08578284215261789, 0.7712984867252999, -0.059560362725183946, 0.00576878884683274, -0.4977389458606607, 0.8841757464211928, -0.07010513062898949, 0.9244648342829, -0.5545967287405151, 0.6646412084092406, 0.2594201120941595, 0.06279187752951931, -0.813809655108374, 0.04572620089152335, 0.6445749456080279, -0.7178989577959585, -0.1602478959983465, 0.14456253591300072, 0.66976552612406, -0.8297356143145507, -0.46536716145094337, -0.5358129646062693, 0.24285215441133912, -0.8047900481132848, 0.922355310961293, 0.727527162908225, 0.994555442673712, -0.8263243974931602, 0.5606037834762856, 0.17568374345332294, -0.9318450437461836, 0.23913407107121598, 0.7539689736655995, -0.3991134343928906, -0.4528973306073165, 0.4923767056584498, -0.35600766044715826, 0.3967636449711023, -0.3577960660785888, -0.6129868331547705, 0.7497265897567205, -0.1252557044002045, -0.5844441490688738, -0.5849184597594377, -0.6002215411828119, 0.026044787631234412, 0.6678429513577485, -0.9180420600285524, -0.6152049118759058, 0.08086011978096286, -0.03523389355467432, -0.04635153027565386, 0.48383494397607585, 0.3258287905776118, -0.6368202962751661, 0.925333782982467, 0.38857440065901705, -0.6698285065347918, 0.6221393355024745, -0.9892242560871216, -0.5105177466115973, 0.5719256790707532, 0.46456880072612217, 0.6628833714494522, 0.2943406896647385, -0.5031705434378673, 0.390576106308419]
1016.1708374023438	(8, 12, 2)	[-0.26949970824752123, 0.7094936267015974, 0.9055039124120725, 0.7391276991137115, 0.250122294070211, -0.3040506727529668, -0.31714910335446445, 0.3851223100244532, 0.294791030587114, -0.17181286069560375, -0.8100320329839253, 0.010225817455973951, 0.8620857707539309, 0.8512847602205011, 0.4005136946953889, 0.21166395135278226, 0.4104211140209837, -0.267136371805508, 0.1605576877439876, -0.8497409390828181, -0.9528007510375782, 0.46687176347089876, 0.712191908443629, -0.0897923043776716, 0.30733389921331944, 0.6567883114765323, -0.703023909591408, -0.8724782980257302, -0.8965562763606503, 0.25576303599719585, -0.8869683957439827, 0.7805476106040563, -0.459510449999752, -0.4619126726026779, -0.09573661637849828, -0.5853768697839361, -0.25282142776957395, 0.7233205522748662, -0.11237439005947314, 0.6228392305436654, -0.9738771935275028, 0.5175752736713848, 0.09829050869559142, 0.42628121208210323, 0.7367334397502983, -0.9697863479447266, -0.9974183213485808, 0.5334448598508823, -0.3293559000346675, 0.7641793912106142, -0.2644197864764891, 0.7055531922026879, -0.014976887670870687, 0.25534100480832794, 0.826800247337121, 0.7043718780851713, 0.5827924831170495, 0.5655249395755964, 0.8841757464211928, -0.6707652723697122, -0.8366017060977644, 0.31215775571375115, 0.2569146771831896, 0.2594201120941595, -0.07605975573577184, 0.8085429857067925, -0.029582850202019007, -0.27906183309464083, -0.8097540994210333, 0.3766689113931856, 0.20978554979368558, 0.7312144217385548, -0.28718440614636276, 0.6693214101574518, -0.5315982430875087, 0.6473800796117046, 0.854268771256776, 0.27260735717010065, -0.8409638883349155, -0.250940909544221, 0.08216686924057881, 0.8974131682136417, -0.578285097478864, -0.9318450437461836, -0.19201813648154809, -0.36984312146879605, 0.32458552839958443, 0.4665234166604266, -0.33993896951820424, -0.4364663364127211, 0.23765278919220867, -0.3577960660785888, -0.256001147931342, 0.7497265897567205, 0.33143746539316643, -0.7302090831816643, -0.5849184597594377, -0.7085790799014089, -0.5338294658614693, 0.6678429513577485, -0.9180420600285524, -0.7948914393830546, -0.4607749053364749, -0.11893202785512447, -0.035825066771232095, 0.3417174551036606, -0.9605867638643849, 0.6926189266409148, 0.9466060287795866, -0.28300738848695706, -0.6698285065347918, 0.6221393355024745, -0.9857655327283703, -0.5579726217991829, 0.6098390978553663, -0.7480552221526804, 0.01373742332100436, 0.10409687819985391, -0.5031705434378673, 0.390576106308419]
1015.3421630859375	(8, 12, 2)	[-0.26949970824752123, 0.07016130142904764, 0.9055039124120725, 0.7019686625593384, 0.9970714166983847, -0.3040506727529668, -0.31714910335446445, -0.46914542120636304, 0.294791030587114, -0.4215797188433623, -0.7066242853680522, -0.05007008219891608, -0.018850828118490703, 0.9317572790316111, 0.4005136946953889, 0.062378262938801665, 0.22661056452105077, 0.3646001426599881, 0.2172158378153357, -0.8497409390828181, -0.9528007510375782, 0.46687176347089876, -0.11820608604140359, -0.0897923043776716, -0.6987555242707275, -0.13154292434698844, 0.18969399047236543, -0.5150791434178277, -0.8965562763606503, 0.25576303599719585, -0.6188936876659084, 0.18647844262790492, 0.6296280105655332, -0.4619126726026779, -0.192604485308149, 0.7243013282102537, -0.3181909159919545, 0.7233205522748662, -0.23075048775968066, 0.6228392305436654, 0.2138034821600503, 0.5175752736713848, 0.09829050869559142, 0.42628121208210323, 0.7367334397502983, -0.2628220412228559, -0.5949619691524306, 0.6464256865894908, -0.3293559000346675, 0.7641793912106142, -0.2533616513837189, 0.7055531922026879, 0.28989045814593184, 0.8331986390375947, 0.826800247337121, 0.5233141734021818, 0.7575353705836667, 0.5655249395755964, 0.34194348533117735, 0.7192734799211686, -0.9249594954089719, -0.0020898297052933668, 0.4149100955773264, 0.2594201120941595, -0.07605975573577184, -0.813809655108374, 0.6076683821035469, -0.27906183309464083, -0.7178989577959585, 0.3766689113931856, 0.1468515208159849, 0.66976552612406, -0.28718440614636276, -0.46536716145094337, 0.4714829266859615, 0.24285215441133912, 0.9120516972981711, 0.27260735717010065, 0.3090076435557816, 0.994555442673712, 0.08216686924057881, 0.38938406661001435, 0.4135127431458392, -0.05064731238554021, -0.19201813648154809, 0.7539689736655995, -0.4319179107150999, 0.4665234166604266, -0.33993896951820424, -0.35600766044715826, 0.6551749319070306, -0.03812128319574293, -0.6810888242237271, -0.41607003804091525, -0.3607492968097912, -0.7302090831816643, 0.7289422676631383, -0.7085790799014089, -0.4022215223699803, -0.3430565182661973, 0.7452484338179293, -0.6152049118759058, 0.08086011978096286, -0.11893202785512447, -0.9570975928581242, -0.43915326150215206, -0.08084814472608914, 0.86424411492218, 0.925333782982467, 0.2633431187609625, -0.6698285065347918, 0.27350547647657925, -0.9892242560871216, 0.2692659898870815, 0.5719256790707532, 0.7158795653382488, 0.6628833714494522, 0.29955161801683716, -0.6065906222048503, 0.390576106308419]
1019.9624633789062	(8, 12, 2)	[-0.26949970824752123, 0.07016130142904764, 0.9055039124120725, 0.7019686625593384, 0.9970714166983847, -0.3040506727529668, -0.31714910335446445, -0.46914542120636304, 0.294791030587114, -0.4215797188433623, -0.7066242853680522, -0.05007008219891608, -0.018850828118490703, 0.9317572790316111, 0.4005136946953889, 0.062378262938801665, 0.22661056452105077, 0.3646001426599881, 0.2172158378153357, -0.8497409390828181, -0.9528007510375782, 0.46687176347089876, -0.11820608604140359, -0.0897923043776716, -0.6987555242707275, -0.13154292434698844, 0.18969399047236543, -0.5150791434178277, -0.8965562763606503, 0.25576303599719585, -0.6188936876659084, 0.18647844262790492, 0.6296280105655332, -0.4619126726026779, -0.192604485308149, 0.7243013282102537, -0.3181909159919545, 0.7233205522748662, -0.23075048775968066, 0.6228392305436654, 0.2138034821600503, 0.5175752736713848, 0.09829050869559142, 0.42628121208210323, 0.7367334397502983, -0.2628220412228559, -0.5949619691524306, 0.6464256865894908, -0.3293559000346675, 0.7641793912106142, -0.2533616513837189, 0.7055531922026879, 0.28989045814593184, 0.8331986390375947, 0.826800247337121, 0.5233141734021818, 0.7575353705836667, 0.5655249395755964, 0.34194348533117735, 0.7192734799211686, -0.9249594954089719, -0.0020898297052933668, 0.4149100955773264, 0.2594201120941595, -0.07605975573577184, -0.813809655108374, 0.6076683821035469, -0.27906183309464083, -0.7178989577959585, 0.3766689113931856, 0.1468515208159849, 0.66976552612406, -0.28718440614636276, -0.46536716145094337, 0.4714829266859615, 0.24285215441133912, 0.9120516972981711, 0.27260735717010065, 0.3090076435557816, 0.994555442673712, 0.08216686924057881, 0.38938406661001435, 0.4135127431458392, -0.05064731238554021, -0.19201813648154809, 0.7539689736655995, -0.4319179107150999, 0.4665234166604266, -0.33993896951820424, -0.35600766044715826, 0.6551749319070306, -0.03812128319574293, -0.6810888242237271, -0.41607003804091525, -0.3607492968097912, -0.7302090831816643, 0.7289422676631383, -0.7085790799014089, -0.4022215223699803, -0.3430565182661973, 0.7452484338179293, -0.6152049118759058, 0.08086011978096286, -0.11893202785512447, -0.9570975928581242, -0.43915326150215206, -0.08084814472608914, 0.86424411492218, 0.925333782982467, 0.2633431187609625, -0.6698285065347918, 0.27350547647657925, -0.9892242560871216, 0.2692659898870815, 0.5719256790707532, 0.7158795653382488, 0.6628833714494522, 0.29955161801683716, -0.6065906222048503, 0.390576106308419]
1019.7024536132812	(8, 12, 2)	[-0.6639791470117613, 0.6232787817254493, 0.9055039124120725, 0.15564294611635954, 0.9675256278852267, -0.3040506727529668, -0.31714910335446445, -0.3043186280944996, 0.294791030587114, 0.5266373738420289, -0.7066242853680522, 0.010225817455973951, 0.8620857707539309, 0.8512847602205011, 0.4005136946953889, -0.7643946172491574, 0.22661056452105077, 0.35198987878966265, 0.2172158378153357, -0.9450551558368194, -0.9528007510375782, 0.46687176347089876, -0.8437658250197284, -0.8259301007242372, 0.30733389921331944, 0.6567883114765323, -0.7794081294306967, -0.31245067586821706, -0.8965562763606503, 0.25576303599719585, 0.47477012600149204, 0.16052033761015583, -0.9003997486957078, -0.6588387530045143, 0.3355707910369128, 0.7243013282102537, -0.1255342789177285, -0.30187840136220645, -0.11237439005947314, 0.4480840536553917, 0.2138034821600503, 0.5175752736713848, -0.21893391582901311, 0.42628121208210323, 0.7367334397502983, 0.5085861398556266, 0.8916151284666765, 0.5334448598508823, -0.7309497348244647, 0.6221486708314343, -0.2644197864764891, 0.8675865202011788, 0.4724525902423744, 0.08578284215261789, 0.2998679323977611, -0.059560362725183946, -0.9446628613861361, 0.2243225763435801, 0.8841757464211928, 0.7192734799211686, -0.8366017060977644, 0.1644317291355506, 0.2569146771831896, -0.66594381851793, 0.9933828283099626, -0.813809655108374, -0.029582850202019007, 0.6445749456080279, -0.8097540994210333, 0.7162680024202883, -0.5779060450591851, 0.9221666088405456, -0.9664720370282003, -0.5409031201377237, 0.20655889517145498, -0.9680562254645841, 0.9120516972981711, 0.27260735717010065, 0.3090076435557816, -0.250940909544221, -0.11977335381161902, -0.09243191598454326, 0.4135127431458392, -0.9318450437461836, -0.19201813648154809, -0.36984312146879605, -0.5529720186926541, -0.8310550031513595, -0.33993896951820424, 0.37204236691761916, 0.3967636449711023, -0.3577960660785888, -0.8034076571388651, -0.5933792510837077, -0.1252557044002045, 0.7148174026388807, 0.7289422676631383, -0.7085790799014089, -0.4022215223699803, -0.3430565182661973, -0.9180420600285524, 0.0610200957080389, 0.7753427191596811, -0.11893202785512447, -0.035825066771232095, -0.8905813062999735, -0.9605867638643849, -0.629328919118604, 0.925333782982467, -0.11241789811047287, -0.723128034730354, -0.5970091569557006, -0.9892242560871216, 0.2717487412308168, 0.8868931296678588, 0.7158795653382488, 0.6628833714494522, 0.10409687819985391, -0.5031705434378673, -0.23994682130437428]
1019.5064697265625	(8, 12, 2)	[0.3392140140362143, 0.5237382542815594, 1.0, 0.3814284685839773, 0.9970714166983847, -0.3040506727529668, -0.31714910335446445, -0.3043186280944996, 0.31152899549414004, -0.4215797188433623, -0.7066242853680522, 0.2894868149966665, 0.8620857707539309, 0.8512847602205011, 0.4005136946953889, 0.062378262938801665, -0.3138429033008783, -0.2809875573011731, -0.7508835373683884, -0.8497409390828181, -0.9528007510375782, 0.46687176347089876, -0.11820608604140359, -0.665300609067085, -0.5413658775026702, 0.6567883114765323, -0.7794081294306967, -0.8724782980257302, -0.4493193110735838, 0.25576303599719585, -0.883541290408606, 0.32642910031997935, 0.6296280105655332, -0.6588387530045143, -0.192604485308149, -0.5853768697839361, -0.26859815294277317, 0.7233205522748662, 0.29837097216624464, 0.40177678190012744, 0.4619035448210689, 0.5175752736713848, 0.09829050869559142, 0.42628121208210323, 0.7367334397502983, -0.06890236334593824, -0.5949619691524306, 0.961898018700411, -0.7780369275262353, 0.6221486708314343, -0.3207973135746056, 0.7055531922026879, -0.014976887670870687, 0.25534100480832794, 0.7712984867252999, -0.059560362725183946, 0.5827924831170495, 0.5655249395755964, 0.8841757464211928, -0.6707652723697122, -0.9143740119005956, 0.7194329969290263, 0.6646412084092406, 0.2594201120941595, -0.007415011358877899, -0.813809655108374, -0.029582850202019007, 0.20646230963693482, -0.8097540994210333, 0.3766689113931856, 0.14456253591300072, 0.9221666088405456, -0.28718440614636276, -0.46536716145094337, 0.4714829266859615, 0.24285215441133912, 0.9120516972981711, 0.27260735717010065, 0.3090076435557816, 0.994555442673712, 0.16502169135404227, 0.5606037834762856, -0.578285097478864, -0.9318450437461836, 0.23913407107121598, 0.2875195993600088, -0.0015628317880505005, 0.4665234166604266, -0.33993896951820424, -0.8101235862216551, -0.9558735282868174, -0.3577960660785888, -0.8034076571388651, -0.41607003804091525, -0.1252557044002045, 0.7148174026388807, 0.2716854490819419, -0.7085790799014089, -0.9186943195501729, -0.3430565182661973, -0.9180420600285524, -0.6152049118759058, 0.08086011978096286, -0.11893202785512447, -0.035825066771232095, -0.43981601587403424, -0.9605867638643849, -0.2030277624652812, 0.9466060287795866, -0.28300738848695706, -0.6698285065347918, -0.5970091569557006, -0.9892242560871216, 0.9738977008133243, 0.6098390978553663, 0.7158795653382488, 0.6628833714494522, 0.10409687819985391, 0.13690481893283302, 0.13636861266799816]
1019.893798828125	(8, 12, 2)	[-0.26949970824752123, 0.7094936267015974, 1.0, 0.7391276991137115, 0.250122294070211, -0.3040506727529668, -0.32959679143976395, -0.3043186280944996, 0.294791030587114, -0.17181286069560375, -0.9225008684655325, 0.010225817455973951, 0.8620857707539309, 0.8512847602205011, 0.4005136946953889, 0.062378262938801665, -0.3138429033008783, -0.267136371805508, 0.1605576877439876, -0.8497409390828181, -0.9528007510375782, 0.46687176347089876, -0.11820608604140359, -0.4555546825926644, -0.6987555242707275, -0.13154292434698844, -0.703023909591408, -0.5150791434178277, -0.8965562763606503, 0.25576303599719585, 0.47477012600149204, 0.7805476106040563, 0.6296280105655332, -0.4619126726026779, -0.192604485308149, 0.7243013282102537, -0.25282142776957395, 0.19689928641321286, 0.6560602747988948, 0.35806060261570893, 0.2138034821600503, 0.5175752736713848, -0.21893391582901311, 0.42628121208210323, 0.7367334397502983, -0.9697863479447266, -0.9974183213485808, -0.6035758004634342, -0.3293559000346675, 0.7641793912106142, -0.2644197864764891, 0.8675865202011788, -0.014976887670870687, 0.25534100480832794, 0.826800247337121, -0.059560362725183946, -0.9446628613861361, 0.5655249395755964, 0.8841757464211928, -0.6707652723697122, -0.9143740119005956, -0.0020898297052933668, 0.6646412084092406, 0.2594201120941595, -0.07605975573577184, -0.813809655108374, -0.2309733837268968, 0.6445749456080279, -0.8097540994210333, 0.7162680024202883, 0.14456253591300072, 0.66976552612406, -0.28718440614636276, -0.5409031201377237, 0.20655889517145498, -0.9680562254645841, 0.9120516972981711, 0.27260735717010065, 0.45060210178132776, -0.250940909544221, 0.5321421212171442, 0.5606037834762856, 0.17568374345332294, -0.7096985212341911, 0.23913407107121598, 0.7539689736655995, 0.32458552839958443, 0.4665234166604266, -0.03429007265164086, 0.37204236691761916, 0.3967636449711023, -0.3577960660785888, -0.8034076571388651, 0.8361299153591963, -0.17229232607973133, -0.7302090831816643, 0.7289422676631383, -0.7085790799014089, -0.3933823246033128, -0.3430565182661973, -0.9180420600285524, -0.7948914393830546, 0.08086011978096286, -0.11893202785512447, -0.035825066771232095, -0.8905813062999735, -0.9605867638643849, 0.86424411492218, 0.925333782982467, -0.11241789811047287, -0.6698285065347918, 0.6221393355024745, -0.9857655327283703, -0.5579726217991829, -0.9764450147647024, -0.7480552221526804, 0.6628833714494522, 0.29955161801683716, -0.5031705434378673, 0.390576106308419]
1019.865234375	(8, 12, 2)	[-0.26949970824752123, 0.07016130142904764, 1.0, -0.1779484788009452, 0.9675256278852267, -0.23561222968447024, -0.31714910335446445, -0.3043186280944996, 0.294791030587114, 0.6199177900319033, -0.9225008684655325, 0.5132243269680685, 0.8620857707539309, 0.8512847602205011, 0.4005136946953889, -0.7643946172491574, -0.3138429033008783, 0.001984509153440929, 0.6044678615603818, -0.9450551558368194, -0.4067589341402056, 0.34164311880959675, -0.8632069266124194, -0.2914469786377152, 0.30733389921331944, 0.6567883114765323, 0.18969399047236543, 0.8164418522569379, -0.8965562763606503, -0.9456056297557052, 0.3351430846137874, 0.32642910031997935, -0.24956922483909527, -0.4619126726026779, -0.09573661637849828, -0.5853768697839361, -0.3181909159919545, 0.7233205522748662, -0.11237439005947314, 0.35806060261570893, 0.5223975508089456, -0.5472755325916935, -0.21893391582901311, 0.39716704710480855, 0.7367334397502983, -0.9697863479447266, 0.30115327075492804, 0.6134266371761303, -0.3293559000346675, 0.4901977639308852, -0.3207973135746056, 0.8675865202011788, 0.28989045814593184, 0.8331986390375947, 0.2998679323977611, 0.5233141734021818, -0.9003881609186535, 0.5655249395755964, 0.8841757464211928, -0.6707652723697122, -0.8366017060977644, -0.5545967287405151, 0.4149100955773264, 0.2594201120941595, -0.07605975573577184, -0.813809655108374, -0.2588851379934711, 0.6445749456080279, -0.8097540994210333, 0.7162680024202883, 0.1468515208159849, 0.9221666088405456, -0.9664720370282003, -0.059737980790059986, -0.5358129646062693, 0.24285215441133912, -0.8047900481132848, 0.8753175773560411, 0.12594108744379784, -0.250940909544221, 0.08216686924057881, -0.3793607573051501, 0.17568374345332294, -0.9318450437461836, 0.18600570495273394, -0.45992728452066833, 0.32458552839958443, -0.8310550031513595, -0.33993896951820424, -0.8101235862216551, -0.9558735282868174, -0.3577960660785888, -0.256001147931342, 0.7497265897567205, 0.9553163867426644, -0.5844441490688738, 0.7289422676631383, -0.7139452753519545, -0.9186943195501729, -0.3430565182661973, -0.6223020576875815, -0.7948914393830546, 0.08086011978096286, -0.11893202785512447, -0.9570975928581242, -0.8905813062999735, 0.31431207872078937, 0.6926189266409148, 0.9466060287795866, 0.3783946082793692, -0.723128034730354, -0.5970091569557006, -0.9857655327283703, -0.38663357482469873, -0.9764450147647024, 0.7158795653382488, -0.4612150030421551, 0.10409687819985391, -0.6065906222048503, 0.390576106308419]
1019.9623413085938	(8, 12, 2)	[-0.6639791470117613, 0.7094936267015974, 0.9055039124120725, -0.09141847002074921, 0.7110038240315038, 0.11121443424280164, -0.31714910335446445, 0.3851223100244532, 0.05526707705968703, -0.17181286069560375, -0.8100320329839253, 0.2894868149966665, 0.8620857707539309, 0.9317572790316111, 0.4005136946953889, 0.062378262938801665, 0.4104211140209837, 0.3646001426599881, 0.1605576877439876, -0.8497409390828181, -0.4067589341402056, 0.46687176347089876, 0.712191908443629, -0.4555546825926644, 0.30733389921331944, 0.6567883114765323, 0.705769051827176, -0.8724782980257302, -0.619607476031382, 0.25576303599719585, -0.883541290408606, 0.16052033761015583, -0.24956922483909527, -0.6588387530045143, 0.2617880321927569, -0.5853768697839361, -0.25282142776957395, -0.06324414496853747, -0.2717386119163472, 0.5839933833454669, -0.9738771935275028, 0.07899142154210592, 0.09829050869559142, 0.4924693994152649, 0.7622066224755506, -0.9697863479447266, -0.49954323929307165, 0.6134266371761303, -0.3293559000346675, 0.6221486708314343, 0.7884932486226752, 0.7055531922026879, 0.28989045814593184, 0.34417075767758465, 0.826800247337121, 0.5233141734021818, 0.5827924831170495, 0.2243225763435801, 0.8841757464211928, -0.07010513062898949, -1.0, 0.21391489323705204, 0.2569146771831896, 0.2594201120941595, -0.07605975573577184, 0.8085429857067925, -0.029582850202019007, -0.27906183309464083, -0.49836565288552137, 0.7162680024202883, 0.14456253591300072, -0.16801085469642718, -0.8297356143145507, 0.6693214101574518, -0.5358129646062693, -0.2500967994181953, 0.6705353025586418, 0.27260735717010065, 0.3090076435557816, 0.994555442673712, -0.7636935941180616, 0.5606037834762856, -0.578285097478864, -0.05064731238554021, -0.19201813648154809, 0.7539689736655995, -0.0015628317880505005, -0.4528973306073165, -0.33993896951820424, 0.37204236691761916, 0.3967636449711023, -0.3577960660785888, -0.256001147931342, 0.8096933318645885, -0.17229232607973133, -0.7302090831816643, 0.48432947215707123, -0.7036827709562632, 0.026044787631234412, -0.3430565182661973, -0.9180420600285524, -0.9366994307061303, -0.4607749053364749, -0.3141510825782279, -0.035825066771232095, 0.3417174551036606, -0.9605867638643849, -0.629328919118604, -0.8077166442137926, 0.2633431187609625, -0.6698285065347918, 0.27350547647657925, -0.9892242560871216, 0.9738977008133243, 0.8868931296678588, 0.7158795653382488, 0.01373742332100436, 0.08034215369035347, 0.13690481893283302, 0.390576106308419]
1019.6064453125	(8, 12, 2)	[-0.6639791470117613, 0.7094936267015974, 0.9055039124120725, -0.09141847002074921, 0.250122294070211, -0.3040506727529668, -0.31714910335446445, 0.5498169338978931, 0.294791030587114, -0.17181286069560375, -0.8100320329839253, 0.2894868149966665, 0.8620857707539309, 0.9317572790316111, -0.14726756470317337, 0.21166395135278226, 0.4104211140209837, 0.3646001426599881, 0.1605576877439876, -0.9450551558368194, -0.4067589341402056, 0.46687176347089876, 0.712191908443629, -0.4555546825926644, 0.30733389921331944, 0.6567883114765323, -0.7794081294306967, -0.8724782980257302, -0.619607476031382, 0.25576303599719585, -0.8869683957439827, 0.7805476106040563, -0.24956922483909527, -0.6588387530045143, 0.19430135416849104, -0.5853768697839361, -0.12521238180447158, -0.27047551827218697, 0.6560602747988948, 0.5839933833454669, 0.6887589397159344, 0.07899142154210592, -0.21893391582901311, 0.4924693994152649, 0.7367334397502983, -0.9697863479447266, -0.49954323929307165, 0.5334448598508823, -0.3293559000346675, 0.9206261686739765, 0.7884932486226752, 0.7055531922026879, 0.28989045814593184, 0.25534100480832794, 0.2998679323977611, -0.059560362725183946, 0.5827924831170495, 0.5655249395755964, 0.8841757464211928, 0.10977669219100172, -0.8366017060977644, 0.1644317291355506, 0.2569146771831896, -0.6176914437353269, 0.9933828283099626, 0.8085429857067925, -0.029582850202019007, -0.27906183309464083, -0.8097540994210333, 0.3040561122419654, 0.14456253591300072, 0.9221666088405456, -0.28718440614636276, -0.46536716145094337, 0.23650818776488894, -0.2500967994181953, 0.8858421101680302, 0.27260735717010065, 0.45060210178132776, 0.994555442673712, -0.7636935941180616, 0.5606037834762856, 0.17568374345332294, -0.4924110023808575, -0.19201813648154809, 0.2875195993600088, -0.0015628317880505005, 0.4665234166604266, -0.33993896951820424, 0.37204236691761916, 0.27847200539089684, -0.3577960660785888, -0.256001147931342, 0.8096933318645885, -0.17229232607973133, -0.7302090831816643, 0.48432947215707123, -0.7036827709562632, 0.026044787631234412, 0.6678429513577485, -0.8536113081248757, -0.7948914393830546, 0.15316995624621588, -0.11893202785512447, -0.035825066771232095, 0.7876654589061478, -0.9605867638643849, -0.629328919118604, 0.8739326494328228, 0.2633431187609625, -0.6698285065347918, -0.5970091569557006, -0.9892242560871216, 0.9738977008133243, 0.8868931296678588, 0.7158795653382488, 0.01373742332100436, 0.08034215369035347, -0.5031705434378673, 0.390576106308419]
1017.5791625976562	(8, 12, 2)	[-0.26949970824752123, 0.5237382542815594, 1.0, 0.7391276991137115, 0.250122294070211, -0.3040506727529668, -0.31714910335446445, -0.3043186280944996, 0.294791030587114, -0.17181286069560375, -0.8500888544738572, 0.5132243269680685, 0.8620857707539309, 0.8512847602205011, 0.4005136946953889, 0.21166395135278226, -0.3138429033008783, -0.267136371805508, 0.1605576877439876, -0.8497409390828181, -0.9528007510375782, 0.46687176347089876, -0.11820608604140359, 0.6073756083499438, -0.33009422829669877, -0.5103361007034677, -0.703023909591408, -0.5150791434178277, -0.8965562763606503, 0.25576303599719585, 0.47592459117072916, 0.7805476106040563, 0.6296280105655332, -0.4619126726026779, 0.3355707910369128, -0.5853768697839361, -0.25282142776957395, 0.2455849219653488, 0.6560602747988948, 0.35806060261570893, 0.2138034821600503, 0.5175752736713848, -0.21893391582901311, 0.42628121208210323, 0.7367334397502983, -0.9697863479447266, -0.5265632741038644, -0.6035758004634342, -0.3293559000346675, 0.7641793912106142, -0.2644197864764891, 0.8675865202011788, -0.014976887670870687, 0.25534100480832794, 0.826800247337121, -0.059560362725183946, -0.9446628613861361, 0.5655249395755964, 0.8841757464211928, 0.10977669219100172, -0.9249594954089719, -0.0020898297052933668, 0.2569146771831896, 0.2594201120941595, -0.07605975573577184, -0.8600436903287714, -0.029582850202019007, 0.6445749456080279, -0.8097540994210333, 0.7162680024202883, 0.14456253591300072, 0.66976552612406, -0.28718440614636276, -0.6791077487788645, 0.20655889517145498, -0.9680562254645841, 0.9120516972981711, 0.27260735717010065, 0.3090076435557816, 0.8713216120553939, 0.5321421212171442, 0.8974131682136417, 0.17568374345332294, -0.05064731238554021, 0.23913407107121598, 0.7539689736655995, -0.5529720186926541, 0.4665234166604266, -0.03429007265164086, 0.37204236691761916, 0.23765278919220867, -0.3577960660785888, -0.256001147931342, 0.8361299153591963, -0.17229232607973133, -0.7302090831816643, 0.7289422676631383, -0.7085790799014089, -0.4022215223699803, -0.3430565182661973, -0.9180420600285524, -0.6397621822901739, 0.08086011978096286, -0.11893202785512447, -0.035825066771232095, -0.9746533596503129, -0.9605867638643849, -0.2030277624652812, 0.925333782982467, -0.11241789811047287, -0.723128034730354, 0.6221393355024745, -0.9857655327283703, -0.5579726217991829, -0.9764450147647024, 0.7158795653382488, 0.6628833714494522, 0.29955161801683716, -0.5031705434378673, 0.390576106308419]
1019.6136474609375	(8, 12, 2)	[-0.26949970824752123, 0.7094936267015974, 0.9055039124120725, 0.3814284685839773, 0.7110038240315038, -0.5375696623735795, -0.31714910335446445, -0.3043186280944996, 0.294791030587114, -0.17181286069560375, -0.8100320329839253, 0.010225817455973951, 0.8620857707539309, 0.8512847602205011, -0.14726756470317337, 0.21166395135278226, 0.4104211140209837, 0.3646001426599881, 0.1605576877439876, -0.8497409390828181, -0.4067589341402056, 0.46687176347089876, -0.11820608604140359, -0.0897923043776716, 0.30733389921331944, 0.6398723475690931, 0.18969399047236543, -0.8724782980257302, 0.9309596161963987, 0.25576303599719585, -0.883541290408606, 0.7805476106040563, -0.24956922483909527, -0.6588387530045143, -0.09573661637849828, -0.5853768697839361, -0.1255342789177285, 0.7233205522748662, 0.6560602747988948, 0.35806060261570893, -0.9738771935275028, 0.5175752736713848, -0.21893391582901311, 0.4924693994152649, 0.7367334397502983, -0.06890236334593824, -0.5949619691524306, -0.6035758004634342, -0.5517533685662066, 0.7641793912106142, 0.7884932486226752, 0.7055531922026879, 0.03660038947831056, 0.08578284215261789, 0.7712984867252999, -0.059560362725183946, 0.5827924831170495, 0.5655249395755964, 0.8841757464211928, -0.07010513062898949, -1.0, -0.5545967287405151, 0.2569146771831896, 0.2594201120941595, -0.07605975573577184, -0.8600436903287714, -0.029582850202019007, -0.27906183309464083, -0.49836565288552137, 0.7162680024202883, 0.14456253591300072, 0.66976552612406, 0.2098593125785595, -0.5409031201377237, 0.33381877645557523, -0.2500967994181953, 0.6705353025586418, 0.27260735717010065, 0.45060210178132776, 0.994555442673712, -0.11977335381161902, 0.5606037834762856, -0.578285097478864, -0.9318450437461836, -0.19201813648154809, 0.2875195993600088, 0.32458552839958443, -0.4528973306073165, 0.0196192232773387, -0.4364663364127211, 0.23765278919220867, -0.3577960660785888, -0.8034076571388651, 0.7497265897567205, -0.17229232607973133, -0.7302090831816643, 0.2716854490819419, -0.7036827709562632, 0.026044787631234412, -0.3430565182661973, -0.9180420600285524, -0.7948914393830546, 0.4265044912445288, -0.3141510825782279, -0.035825066771232095, 0.3417174551036606, -0.9605867638643849, 0.86424411492218, 0.47655259866943733, 0.2633431187609625, -0.6698285065347918, -0.9356378753244237, -0.9892242560871216, -0.5579726217991829, -0.9764450147647024, 0.7158795653382488, 0.01373742332100436, 0.08034215369035347, 0.13690481893283302, 0.390576106308419]
1019.9630737304688	(8, 12, 2)	[-0.26949970824752123, 0.7094936267015974, 0.9544511614930813, 0.7391276991137115, 0.250122294070211, -0.3040506727529668, -0.31714910335446445, 0.5498169338978931, 0.294791030587114, -0.17181286069560375, -0.9225008684655325, 0.2894868149966665, 0.8620857707539309, 0.9317572790316111, 0.4005136946953889, 0.1487686535493733, 0.4104211140209837, 0.3646001426599881, 0.1605576877439876, -0.9450551558368194, -0.4067589341402056, 0.46687176347089876, 0.712191908443629, -0.4555546825926644, 0.30733389921331944, 0.6567883114765323, 0.6518495224904508, -0.8724782980257302, -0.8965562763606503, -0.5808529026471327, 0.47477012600149204, 0.16052033761015583, 0.6748975366844436, -0.6588387530045143, 0.19430135416849104, 0.7160243089664154, -0.25282142776957395, 0.7233205522748662, -0.2717386119163472, 0.35806060261570893, -0.9738771935275028, 0.5175752736713848, 0.15138378284356196, 0.39716704710480855, 0.7367334397502983, -0.9697863479447266, -0.49954323929307165, 0.21039574442436249, -0.3293559000346675, 0.7641793912106142, -0.2644197864764891, 0.7055531922026879, 0.28989045814593184, 0.25534100480832794, 0.2998679323977611, 0.5233141734021818, 0.5827924831170495, 0.7657093400787776, 0.8841757464211928, -0.07010513062898949, -1.0, -0.5545967287405151, 0.2569146771831896, -0.6176914437353269, 0.9933828283099626, 0.8085429857067925, -0.029582850202019007, -0.27906183309464083, -0.7178989577959585, 0.7162680024202883, 0.14456253591300072, 0.9221666088405456, -0.28718440614636276, -0.46536716145094337, -0.5315982430875087, -0.9680562254645841, 0.8858421101680302, 0.27260735717010065, 0.45060210178132776, 0.994555442673712, -0.7636935941180616, 0.5606037834762856, -0.578285097478864, -0.4924110023808575, 0.8347883602362685, -0.3196405082023721, -0.5529720186926541, 0.4665234166604266, 0.4923767056584498, -0.4364663364127211, 0.27847200539089684, -0.3577960660785888, -0.256001147931342, 0.8096933318645885, -0.1252557044002045, -0.7302090831816643, -0.5849184597594377, -0.7036827709562632, -0.4022215223699803, 0.6678429513577485, -0.9180420600285524, 0.0610200957080389, 0.15316995624621588, 0.7268240247369668, -0.035825066771232095, 0.7876654589061478, -0.9605867638643849, -0.629328919118604, 0.8739326494328228, 0.020895997217269174, -0.6698285065347918, 0.6221393355024745, -0.9892242560871216, -0.5579726217991829, -0.9764450147647024, 0.7158795653382488, 0.01373742332100436, 0.29955161801683716, 0.13690481893283302, 0.390576106308419]
1019.9201049804688	(8, 12, 2)	[-0.6639791470117613, 0.7094936267015974, 0.9055039124120725, -0.09141847002074921, 0.7110038240315038, 0.11121443424280164, -0.31714910335446445, 0.3851223100244532, 0.294791030587114, -0.17181286069560375, -0.8100320329839253, 0.2894868149966665, 0.8620857707539309, 0.9317572790316111, -0.14726756470317337, 0.21166395135278226, 0.4104211140209837, 0.3646001426599881, 0.1605576877439876, -0.9450551558368194, -0.4067589341402056, 0.46687176347089876, 0.712191908443629, -0.4555546825926644, 0.30733389921331944, 0.6567883114765323, 0.705769051827176, -0.8724782980257302, -0.619607476031382, 0.25576303599719585, -0.8869683957439827, 0.7805476106040563, -0.24956922483909527, -0.6588387530045143, 0.19430135416849104, -0.5853768697839361, -0.12521238180447158, -0.06324414496853747, 0.6560602747988948, 0.5839933833454669, -0.9738771935275028, 0.07899142154210592, -0.21893391582901311, 0.39716704710480855, 0.7367334397502983, -0.9697863479447266, -0.49954323929307165, 0.6134266371761303, -0.29697303153098475, 0.9206261686739765, 0.7884932486226752, 0.7055531922026879, 0.28989045814593184, 0.25534100480832794, 0.2998679323977611, -0.059560362725183946, 0.5827924831170495, 0.2243225763435801, 0.8841757464211928, 0.07673872268599141, -1.0, 0.40467327491101823, 0.2569146771831896, 0.2594201120941595, 0.9933828283099626, 0.8085429857067925, -0.029582850202019007, -0.27906183309464083, -0.49836565288552137, 0.3040561122419654, 0.14456253591300072, 0.9221666088405456, -0.28718440614636276, -0.5190325758799368, -0.5358129646062693, -0.2500967994181953, 0.9414799115946594, 0.27260735717010065, 0.3090076435557816, 0.994555442673712, -0.7636935941180616, 0.5606037834762856, -0.578285097478864, -0.7096985212341911, -0.19201813648154809, 0.7539689736655995, -0.0015628317880505005, 0.4665234166604266, -0.33993896951820424, 0.37204236691761916, 0.27847200539089684, -0.3577960660785888, -0.256001147931342, 0.8096933318645885, -0.17229232607973133, -0.7302090831816643, 0.48432947215707123, -0.7036827709562632, 0.026044787631234412, -0.3430565182661973, -0.9180420600285524, -0.6152049118759058, -0.4607749053364749, -0.3141510825782279, -0.035825066771232095, 0.6071499861365763, -0.9605867638643849, -0.629328919118604, -0.6083237225652665, 0.2633431187609625, -0.6698285065347918, -0.5970091569557006, -0.9892242560871216, 0.9738977008133243, 0.8868931296678588, 0.7158795653382488, 0.01373742332100436, 0.08034215369035347, -0.5031705434378673, 0.390576106308419]
1018.16748046875	(8, 12, 2)	[-0.6639791470117613, 0.07016130142904764, 0.9055039124120725, 0.3814284685839773, 0.250122294070211, -0.650009305824081, -0.31714910335446445, -0.3043186280944996, 0.294791030587114, -0.4215797188433623, -0.7066242853680522, 0.010225817455973951, 0.6527052738646397, 0.9317572790316111, -0.14726756470317337, 0.21166395135278226, 0.4104211140209837, 0.3646001426599881, 0.1605576877439876, -0.8497409390828181, -0.4067589341402056, 0.46687176347089876, 0.712191908443629, -0.0897923043776716, 0.30733389921331944, -0.5103361007034677, -0.703023909591408, -0.8724782980257302, 0.9309596161963987, 0.25576303599719585, -0.8869683957439827, 0.32642910031997935, -0.04323009893721064, -0.4619126726026779, -0.09573661637849828, -0.5853768697839361, -0.1255342789177285, -0.06324414496853747, -0.2717386119163472, 0.5839933833454669, 0.6887589397159344, 0.5175752736713848, -0.21893391582901311, 0.4924693994152649, 0.7367334397502983, -0.06890236334593824, -0.9974183213485808, -0.6035758004634342, -0.5517533685662066, 0.7641793912106142, -0.2644197864764891, 0.8675865202011788, 0.28989045814593184, 0.08578284215261789, 0.7712984867252999, 0.5233141734021818, 0.5827924831170495, 0.2243225763435801, 0.16994047372977494, -0.07010513062898949, -0.8366017060977644, 0.1644317291355506, 0.2569146771831896, 0.2594201120941595, -0.07605975573577184, -0.813809655108374, -0.1311205067933649, 0.6445749456080279, -0.8097540994210333, 0.7162680024202883, 0.14456253591300072, 0.66976552612406, -0.28718440614636276, -0.46536716145094337, 0.33381877645557523, -0.9680562254645841, 0.8858421101680302, 0.27260735717010065, 0.3090076435557816, 0.994555442673712, -0.7636935941180616, 0.5606037834762856, -0.578285097478864, -0.05064731238554021, -0.19201813648154809, 0.2875195993600088, 0.32458552839958443, -0.4528973306073165, -0.33919026784093975, 0.37204236691761916, 0.3967636449711023, -0.17028596855007916, -0.256001147931342, 0.8361299153591963, -0.17229232607973133, 0.7148174026388807, 0.2716854490819419, -0.7085790799014089, -0.3933823246033128, 0.6678429513577485, -0.8536113081248757, -0.7948914393830546, 0.7753427191596811, -0.11893202785512447, -0.035825066771232095, 0.3417174551036606, -0.9605867638643849, 0.6926189266409148, -0.8077166442137926, 0.2633431187609625, -0.6698285065347918, -0.5970091569557006, -0.9892242560871216, 0.2717487412308168, 0.5719256790707532, 0.7158795653382488, 0.6628833714494522, 0.10409687819985391, -0.5031705434378673, -0.15874416362915372]
1019.8659057617188	(8, 12, 2)	[-0.6639791470117613, 0.7094936267015974, 0.9544511614930813, -0.09141847002074921, 0.7110038240315038, -0.3040506727529668, -0.31714910335446445, -0.3043186280944996, 0.294791030587114, -0.17181286069560375, -0.9225008684655325, 0.2894868149966665, 0.8620857707539309, 0.9317572790316111, -0.045579475606089784, 0.21166395135278226, 0.4104211140209837, 0.3646001426599881, 0.2172158378153357, -0.8497409390828181, -0.4067589341402056, 0.46687176347089876, -0.11820608604140359, -0.4555546825926644, 0.30733389921331944, 0.6567883114765323, -0.7112344642156587, -0.8724782980257302, -0.619607476031382, -0.5808529026471327, 0.47592459117072916, 0.7805476106040563, -0.24956922483909527, -0.6588387530045143, 0.2617880321927569, -0.5853768697839361, -0.12521238180447158, 0.7233205522748662, -0.2717386119163472, 0.5839933833454669, -0.9738771935275028, 0.5175752736713848, -0.21893391582901311, 0.39716704710480855, 0.7367334397502983, -0.9697863479447266, -0.49954323929307165, 0.6134266371761303, -0.3293559000346675, 0.9206261686739765, 0.7884932486226752, 0.7055531922026879, 0.28989045814593184, 0.25534100480832794, 0.2998679323977611, -0.059560362725183946, 0.5827924831170495, 0.2243225763435801, 0.8841757464211928, 0.07673872268599141, -1.0, 0.40467327491101823, 0.2569146771831896, 0.2594201120941595, 0.9933828283099626, -0.8600436903287714, -0.029582850202019007, -0.27906183309464083, -0.8097540994210333, 0.7162680024202883, 0.14456253591300072, -0.16851840561855844, -0.28718440614636276, -0.5190325758799368, -0.5315982430875087, -0.2500967994181953, 0.9440818443432946, -0.3855509522334981, 0.45060210178132776, 0.994555442673712, -0.7636935941180616, 0.5606037834762856, -0.578285097478864, -0.4924110023808575, -0.19201813648154809, 0.7539689736655995, -0.0015628317880505005, 0.4665234166604266, -0.33993896951820424, 0.37204236691761916, 0.27847200539089684, -0.3577960660785888, -0.256001147931342, 0.8096933318645885, -0.17229232607973133, -0.7302090831816643, 0.48432947215707123, -0.7036827709562632, 0.026044787631234412, -0.3430565182661973, -0.9180420600285524, 0.0610200957080389, 0.15316995624621588, -0.3141510825782279, -0.035825066771232095, -0.9746533596503129, -0.9605867638643849, -0.629328919118604, -0.6083237225652665, 0.020895997217269174, -0.6698285065347918, 0.6221393355024745, -0.9857655327283703, 0.9738977008133243, 0.8868931296678588, 0.7158795653382488, 0.01373742332100436, 0.08034215369035347, -0.6065906222048503, 0.390576106308419]
1019.6270141601562	(8, 12, 2)	[-0.26949970824752123, 0.7094936267015974, 0.9055039124120725, 0.3814284685839773, 0.7110038240315038, 0.11121443424280164, -0.32959679143976395, -0.3043186280944996, 0.33923792101868044, -0.17181286069560375, -0.9225008684655325, 0.010225817455973951, 0.8620857707539309, 0.9317572790316111, -0.14726756470317337, 0.21166395135278226, 0.4104211140209837, 0.3646001426599881, 0.5861256031148561, -0.9450551558368194, -0.4067589341402056, 0.46687176347089876, 0.712191908443629, 0.6073756083499438, 0.30733389921331944, -0.39434387131035176, 0.705769051827176, -0.8372077389998696, -0.8965562763606503, 0.25576303599719585, -0.883541290408606, 0.7805476106040563, -0.24956922483909527, -0.4630978992382191, 0.3355707910369128, 0.7160243089664154, -0.1255342789177285, -0.06324414496853747, -0.569073700629944, 0.5839933833454669, -0.9738771935275028, 0.010827519367770405, -0.21893391582901311, 0.39716704710480855, 0.7367334397502983, -0.2628220412228559, -0.5949619691524306, 0.6134266371761303, -0.3293559000346675, 0.6221486708314343, -0.3207973135746056, 0.8675865202011788, 0.28989045814593184, 0.8331986390375947, 0.2998679323977611, -0.059560362725183946, 0.5827924831170495, 0.5655249395755964, 0.8841757464211928, 0.10977669219100172, -0.9249594954089719, -0.5545967287405151, 0.2569146771831896, 0.2594201120941595, -0.07605975573577184, -0.813809655108374, -0.029582850202019007, -0.27906183309464083, -0.8097540994210333, 0.7162680024202883, -0.5779060450591851, 0.9735595275719844, -0.28718440614636276, -0.5409031201377237, 0.34467717864426006, -0.9680562254645841, 0.8858421101680302, 0.27260735717010065, 0.3090076435557816, -0.250940909544221, -0.11977335381161902, 0.5606037834762856, 0.17568374345332294, -0.9318450437461836, -0.19201813648154809, -0.36984312146879605, 0.32458552839958443, 0.4665234166604266, 0.4923767056584498, -0.2834883586658034, 0.3967636449711023, -0.3577960660785888, -0.256001147931342, 0.8096933318645885, -0.17229232607973133, 0.7148174026388807, 0.4497156106704703, -0.7036827709562632, -0.4022215223699803, 0.6678429513577485, -0.9180420600285524, -0.6152049118759058, -0.4607749053364749, -0.11893202785512447, -0.035825066771232095, 0.6176342127964651, -0.9605867638643849, 0.86424411492218, 0.47655259866943733, -0.11241789811047287, -0.6698285065347918, 0.27350547647657925, -0.9892242560871216, 0.9738977008133243, -0.9764450147647024, 0.7158795653382488, 0.01373742332100436, 0.2943406896647385, -0.6300278170534901, 0.390576106308419]
1019.9608154296875	(8, 12, 2)	[-0.26949970824752123, 0.7094936267015974, 0.9544511614930813, -0.09141847002074921, 0.7110038240315038, -0.3040506727529668, -0.32959679143976395, -0.3745609200693374, 0.294791030587114, -0.17720210304029757, -0.7066242853680522, 0.2894868149966665, 0.8620857707539309, 0.9317572790316111, -0.045579475606089784, 0.20047613422594734, 0.4104211140209837, 0.001984509153440929, 0.2172158378153357, -0.8497409390828181, -0.4067589341402056, 0.46687176347089876, -0.11820608604140359, -0.4555546825926644, 0.30733389921331944, 0.6567883114765323, -0.7112344642156587, -0.8724782980257302, -0.619607476031382, -0.9456056297557052, 0.47477012600149204, 0.16052033761015583, 0.6296280105655332, -0.6588387530045143, 0.19430135416849104, -0.5853768697839361, -0.12521238180447158, -0.06324414496853747, 0.6560602747988948, 0.35806060261570893, -0.9738771935275028, 0.5175752736713848, 0.15138378284356196, 0.39716704710480855, 0.7367334397502983, -0.9697863479447266, -0.49954323929307165, 0.5334448598508823, -0.47750510440372135, 0.9206261686739765, -0.3207973135746056, 0.8675865202011788, 0.28989045814593184, 0.25534100480832794, 0.2998679323977611, 0.5233141734021818, 0.5827924831170495, 0.5655249395755964, 0.8841757464211928, 0.07673872268599141, -1.0, 0.40467327491101823, 0.2569146771831896, -0.66594381851793, -0.07605975573577184, -0.8600436903287714, -0.029582850202019007, 0.12317490945111947, -0.7178989577959585, 0.7162680024202883, 0.14456253591300072, 0.9221666088405456, -0.8297356143145507, -0.059737980790059986, -0.5315982430875087, 0.24285215441133912, 0.8858421101680302, 0.27260735717010065, 0.45060210178132776, 0.994555442673712, 0.08216686924057881, 0.8974131682136417, -0.578285097478864, -0.4924110023808575, -0.19201813648154809, 0.2875195993600088, 0.32458552839958443, 0.34752255634643126, -0.33993896951820424, 0.37204236691761916, 0.23765278919220867, -0.17028596855007916, -0.6810888242237271, 0.8096933318645885, -0.1252557044002045, 0.252868766986399, 0.4497156106704703, -0.7085790799014089, -0.3933823246033128, 0.6678429513577485, -0.9180420600285524, 0.0610200957080389, 0.15316995624621588, -0.11893202785512447, -0.035825066771232095, 0.3417174551036606, -0.9605867638643849, -0.629328919118604, -0.6083237225652665, 0.2633431187609625, -0.6698285065347918, -0.9356378753244237, -0.9892242560871216, 0.9738977008133243, 0.8868931296678588, 0.7158795653382488, 0.01373742332100436, 0.10409687819985391, -0.6065906222048503, 0.390576106308419]
1019.8685302734375	(8, 12, 2)	[-0.26949970824752123, 0.7094936267015974, 0.9055039124120725, 0.7391276991137115, 0.7110038240315038, 0.11121443424280164, -0.31714910335446445, -0.3043186280944996, 0.294791030587114, -0.17720210304029757, -0.7066242853680522, 0.2894868149966665, 0.8620857707539309, 0.8512847602205011, 0.4005136946953889, 0.21166395135278226, 0.4104211140209837, 0.001984509153440929, 0.2172158378153357, -0.8497409390828181, -0.1992968880054694, 0.46687176347089876, 0.5732592426370455, -0.4555546825926644, -0.6987555242707275, 0.6567883114765323, 0.705769051827176, -0.8724782980257302, -0.8878540938386132, -0.9456056297557052, -0.8869683957439827, 0.7805476106040563, -0.24956922483909527, -0.6588387530045143, 0.19430135416849104, -0.4476375097060509, -0.1255342789177285, -0.06324414496853747, 0.6560602747988948, 0.4480840536553917, 0.6887589397159344, 0.010827519367770405, -0.21893391582901311, 0.42628121208210323, 0.7367334397502983, 0.35925630616419024, -0.49954323929307165, 0.5334448598508823, -0.5958768552751346, 0.6221486708314343, 0.7884932486226752, 0.7055531922026879, 0.4724525902423744, 0.9147821265768433, 0.826800247337121, 0.1238852971419181, 0.5827924831170495, 0.5655249395755964, 0.8445821902257125, -0.07010513062898949, -0.8366017060977644, 0.40467327491101823, 0.2569146771831896, -0.6176914437353269, 0.9933828283099626, -0.6801286418760963, -0.029582850202019007, 0.6445749456080279, -0.8097540994210333, 0.3071599276580225, 0.20978554979368558, 0.66976552612406, -0.28718440614636276, -0.5409031201377237, 0.33381877645557523, -0.9281900000610568, 0.9120516972981711, 0.27260735717010065, 0.3090076435557816, 0.994555442673712, -0.7636935941180616, 0.8974131682136417, -0.578285097478864, -0.05064731238554021, -0.19201813648154809, -0.36984312146879605, -0.0015628317880505005, 0.4665234166604266, -0.33993896951820424, 0.37204236691761916, 0.23765278919220867, -0.3577960660785888, -0.6810888242237271, 0.7497265897567205, -0.17229232607973133, 0.7148174026388807, -0.5849184597594377, -0.7085790799014089, -0.3933823246033128, -0.3430565182661973, -0.9180420600285524, 0.0610200957080389, -0.4607749053364749, -0.11893202785512447, 0.20699809812093362, 0.6176342127964651, -0.9605867638643849, -0.2030277624652812, 0.8739326494328228, -0.11241789811047287, -0.723128034730354, -0.47489202735742225, -0.9892242560871216, -0.5579726217991829, -0.9764450147647024, 0.743006878269787, 0.6628833714494522, 0.08034215369035347, -0.5031705434378673, 0.390576106308419]
1019.9019775390625	(8, 12, 2)	[-0.6639791470117613, 0.7094936267015974, 0.9055039124120725, 0.7391276991137115, 0.9675256278852267, -0.3040506727529668, -0.32959679143976395, -0.3043186280944996, 0.294791030587114, -0.17181286069560375, -0.684249321769612, 0.2894868149966665, 0.8620857707539309, 0.8512847602205011, 0.4005136946953889, 0.21166395135278226, -0.3138429033008783, 0.3646001426599881, 0.2172158378153357, -0.9450551558368194, -0.4067589341402056, 0.46687176347089876, -0.11820608604140359, -0.0897923043776716, -0.9436666054276671, 0.6567883114765323, -0.703023909591408, -0.8724782980257302, -0.4493193110735838, 0.25931311825328884, -0.8869683957439827, 0.7805476106040563, -0.24956922483909527, -0.6588387530045143, -0.09573661637849828, -0.5853768697839361, -0.25282142776957395, 0.2455849219653488, -0.11237439005947314, 0.5839933833454669, -0.9738771935275028, 0.5175752736713848, -0.16069532729424163, 0.39716704710480855, 0.7367334397502983, 0.35925630616419024, -0.49954323929307165, 0.5334448598508823, -0.5517533685662066, 0.7641793912106142, 0.7884932486226752, 0.8675865202011788, 0.28989045814593184, 0.08578284215261789, 0.7712984867252999, -0.059560362725183946, 0.5827924831170495, 0.5655249395755964, 0.8841757464211928, -0.07010513062898949, -1.0, -0.5545967287405151, 0.6646412084092406, -0.66594381851793, -0.07605975573577184, -0.813809655108374, -0.029582850202019007, -0.27906183309464083, -0.7178989577959585, 0.7162680024202883, -0.5779060450591851, 0.9735595275719844, -0.8297356143145507, -0.5409031201377237, -0.5358129646062693, -0.9001801364881239, 0.9120516972981711, 0.27260735717010065, 0.3090076435557816, 0.994555442673712, 0.08216686924057881, 0.8974131682136417, 0.17568374345332294, -0.05064731238554021, -0.19201813648154809, -0.36984312146879605, 0.32458552839958443, 0.4665234166604266, -0.33993896951820424, 0.37204236691761916, 0.23765278919220867, -0.3577960660785888, -0.6810888242237271, 0.8096933318645885, -0.17229232607973133, 0.252868766986399, 0.2716854490819419, -0.7085790799014089, -0.3933823246033128, 0.6678429513577485, -0.9180420600285524, 0.0610200957080389, -0.4607749053364749, -0.03523389355467432, -0.035825066771232095, -0.43915326150215206, 0.31431207872078937, -0.629328919118604, 0.925333782982467, -0.11241789811047287, -0.6698285065347918, -0.5970091569557006, -0.9892242560871216, 0.9738977008133243, -0.9764450147647024, 0.7158795653382488, -0.4612150030421551, 0.29955161801683716, 0.13690481893283302, 0.390576106308419]
1019.05615234375	(8, 12, 2)	[-0.6639791470117613, 0.7094936267015974, 0.9055039124120725, -0.09141847002074921, 0.7110038240315038, 0.11121443424280164, -0.31714910335446445, -0.3043186280944996, 0.20363692748411813, -0.4215797188433623, -0.7066242853680522, 0.010225817455973951, 0.8620857707539309, 0.9317572790316111, -0.14726756470317337, 0.21166395135278226, 0.4104211140209837, 0.3646001426599881, 0.1605576877439876, -0.8497409390828181, 0.414564693636851, 0.46687176347089876, -0.11820608604140359, -0.4555546825926644, 0.30733389921331944, 0.6567883114765323, 0.6518495224904508, -0.8724782980257302, -0.8878540938386132, -0.5808529026471327, -0.8648458812441707, 0.16052033761015583, 0.6296280105655332, -0.6588387530045143, 0.19430135416849104, -0.5853768697839361, -0.1255342789177285, 0.2455849219653488, -0.5639251741925915, 0.5839933833454669, -0.9738771935275028, 0.07899142154210592, -0.21893391582901311, 0.42628121208210323, 0.7367334397502983, -0.2628220412228559, -0.5949619691524306, 0.21039574442436249, -0.45088332598424713, 0.8390935558659535, -0.2644197864764891, 0.7055531922026879, 0.28989045814593184, 0.8331986390375947, 0.2998679323977611, 0.5233141734021818, 0.5827924831170495, 0.5655249395755964, 0.8841757464211928, -0.07010513062898949, -0.8366017060977644, -0.5545967287405151, 0.2569146771831896, -0.66594381851793, -0.45149415958176053, -0.813809655108374, -0.029582850202019007, -0.27906183309464083, -0.7178989577959585, 0.7162680024202883, 0.14456253591300072, 0.9221666088405456, -0.8297356143145507, -0.04762054112020997, -0.5315982430875087, -1.0, 0.8858421101680302, 0.27260735717010065, 0.45060210178132776, -0.250940909544221, -0.7636935941180616, 0.5606037834762856, 0.17568374345332294, -0.05064731238554021, 0.8347883602362685, -0.36984312146879605, 0.32458552839958443, 0.4665234166604266, 0.0196192232773387, -0.8101235862216551, 0.3967636449711023, -0.17028596855007916, -0.6810888242237271, 0.8096933318645885, -0.1252557044002045, -0.7302090831816643, -0.5849184597594377, -0.7085790799014089, -0.4022215223699803, -0.37563599217083693, -0.9180420600285524, 0.0610200957080389, 0.4265044912445288, -0.11893202785512447, -0.035825066771232095, 0.3417174551036606, -0.9605867638643849, 0.86424411492218, 0.925333782982467, 0.020895997217269174, -0.6698285065347918, -0.9356378753244237, -0.9857655327283703, 0.2717487412308168, 0.5719256790707532, 0.7158795653382488, 0.01373742332100436, 0.2943406896647385, 0.13690481893283302, 0.390576106308419]
1018.6368408203125	(8, 12, 2)	[-0.6639791470117613, 0.7094936267015974, 0.9055039124120725, 0.3814284685839773, 0.7110038240315038, 0.11121443424280164, -0.31714910335446445, -0.3043186280944996, 0.294791030587114, -0.17181286069560375, -0.7066242853680522, 0.010225817455973951, 0.8620857707539309, 0.9317572790316111, -0.14726756470317337, 0.21166395135278226, 0.4104211140209837, 0.3646001426599881, 0.1605576877439876, -0.9450551558368194, -0.37488012077098654, 0.46687176347089876, -0.11820608604140359, -0.0897923043776716, 0.30733389921331944, 0.6567883114765323, 0.705769051827176, -0.8724782980257302, -0.9731310135535336, 0.25576303599719585, -0.8869683957439827, 0.16052033761015583, -0.24956922483909527, -0.6588387530045143, -0.09573661637849828, -0.5853768697839361, -0.3181909159919545, -0.005341402864848417, -0.569073700629944, 0.4480840536553917, 0.6887589397159344, 0.5175752736713848, 0.15138378284356196, 0.42628121208210323, 0.7367334397502983, 0.35925630616419024, 0.8916151284666765, 0.6464256865894908, -0.47750510440372135, 0.6221486708314343, 0.7884932486226752, 0.8675865202011788, 0.4724525902423744, 0.2813650725605076, 0.7712984867252999, 0.5233141734021818, -0.9003881609186535, 0.5655249395755964, 1.0, -0.07010513062898949, -0.9249594954089719, 0.1644317291355506, 0.2569146771831896, -0.66594381851793, 0.9933828283099626, -0.813809655108374, -0.029582850202019007, 0.12317490945111947, -0.8097540994210333, 0.7162680024202883, 0.14456253591300072, 0.66976552612406, -0.28718440614636276, -0.04762054112020997, 0.33381877645557523, -0.2500967994181953, 0.9120516972981711, 0.27260735717010065, 0.3090076435557816, 0.994555442673712, 0.08216686924057881, 0.5606037834762856, 0.452046719366727, -0.05064731238554021, -0.19201813648154809, -0.3196405082023721, -0.0015628317880505005, 0.4665234166604266, -0.33993896951820424, -0.4364663364127211, 0.23765278919220867, -0.3577960660785888, -0.6810888242237271, 0.7497265897567205, -0.1252557044002045, 0.252868766986399, 0.2716854490819419, -0.7036827709562632, -0.3933823246033128, -0.3430565182661973, -0.8536113081248757, 0.0610200957080389, 0.7597018697760982, -0.3141510825782279, 0.20699809812093362, 0.6176342127964651, -0.9605867638643849, -0.2030277624652812, 0.925333782982467, 0.2633431187609625, -0.6698285065347918, -0.9356378753244237, -0.9892242560871216, 0.9738977008133243, 0.8868931296678588, 0.7158795653382488, 0.6628833714494522, 0.10409687819985391, 0.13690481893283302, 0.3139002168476921]
1019.7833251953125	(8, 12, 2)	[-0.24453092469677926, 0.7094936267015974, 0.9544511614930813, 0.3814284685839773, 0.250122294070211, 0.19859815770128797, -0.32959679143976395, -0.3043186280944996, 0.294791030587114, -0.17181286069560375, -0.684249321769612, 0.010225817455973951, 0.8620857707539309, 0.9317572790316111, -0.045579475606089784, 0.21166395135278226, 0.4104211140209837, 0.3646001426599881, 0.1605576877439876, -0.8497409390828181, -0.4067589341402056, 0.46687176347089876, -0.11820608604140359, -0.4555546825926644, -0.9436666054276671, -0.39434387131035176, 0.705769051827176, -0.8724782980257302, -0.619607476031382, -0.5808529026471327, 0.47477012600149204, 0.16052033761015583, -0.24956922483909527, -0.6588387530045143, 0.3141924483558875, -0.6478688457185189, -0.1255342789177285, 0.19689928641321286, 0.6560602747988948, 0.5839933833454669, -0.9738771935275028, 0.5175752736713848, -0.21893391582901311, 0.42628121208210323, 0.7367334397502983, -0.9697863479447266, -0.49954323929307165, 0.6134266371761303, -0.42082310908611203, 0.9206261686739765, -0.2533616513837189, 0.8675865202011788, 0.28989045814593184, 0.25534100480832794, 0.7712984867252999, 0.5233141734021818, 0.5827924831170495, 0.5655249395755964, 0.8841757464211928, -0.07010513062898949, -1.0, 0.1644317291355506, 0.2569146771831896, 0.2594201120941595, -0.07605975573577184, -0.813809655108374, -0.029582850202019007, -0.27906183309464083, -0.7490504039000909, 0.7162680024202883, 0.14456253591300072, 0.9221666088405456, -0.28718440614636276, -0.5409031201377237, 0.33381877645557523, -0.9680562254645841, 0.8858421101680302, 0.27260735717010065, 0.3090076435557816, 0.994555442673712, 0.08216686924057881, 0.5606037834762856, -0.578285097478864, -0.05064731238554021, 0.025072938472616102, -0.36984312146879605, 0.32458552839958443, 0.4665234166604266, -0.33993896951820424, 0.37204236691761916, 0.27847200539089684, -0.17028596855007916, -0.6810888242237271, 0.7497265897567205, -0.1252557044002045, 0.7148174026388807, 0.2716854490819419, 0.8884802914274315, -0.3933823246033128, 0.6678429513577485, -0.9180420600285524, -0.6152049118759058, 0.15316995624621588, -0.11893202785512447, -0.035825066771232095, -0.43915326150215206, -0.9605867638643849, 0.8407025709790655, -0.6083237225652665, -0.28300738848695706, -0.6698285065347918, 0.6221393355024745, -0.9892242560871216, 0.9738977008133243, -0.9764450147647024, 0.7158795653382488, 0.01373742332100436, 0.10409687819985391, -0.5031705434378673, -0.15874416362915372]
1019.94873046875	(8, 12, 2)	[-0.6639791470117613, 0.7094936267015974, 1.0, -0.09141847002074921, 0.9675256278852267, -0.650009305824081, -0.31714910335446445, -0.3043186280944996, 0.294791030587114, -0.4215797188433623, -0.7066242853680522, 0.2894868149966665, 0.8620857707539309, 0.9317572790316111, -0.14726756470317337, 0.27983289165344305, 0.4104211140209837, 0.3646001426599881, 0.1605576877439876, -0.8497409390828181, -0.4067589341402056, 0.46687176347089876, -0.11820608604140359, -0.4555546825926644, 0.30733389921331944, 0.6567883114765323, 0.6518495224904508, -0.8724782980257302, -0.9304825523725018, -0.5808529026471327, -0.883541290408606, 0.7805476106040563, -0.9003997486957078, -0.4630978992382191, 0.19430135416849104, -0.5853768697839361, -0.11439496271863323, 0.6698960561607226, -0.2717386119163472, 0.35806060261570893, -0.9738771935275028, 0.51405565225003, -0.21893391582901311, 0.42628121208210323, 0.7367334397502983, -0.2628220412228559, -0.5949619691524306, 0.6134266371761303, -0.45088332598424713, 0.8390935558659535, -0.2533616513837189, 0.7055531922026879, 0.28989045814593184, 0.8331986390375947, 0.2998679323977611, 0.5233141734021818, 0.5827924831170495, 0.5655249395755964, 0.8841757464211928, -0.07010513062898949, -0.8366017060977644, -0.5545967287405151, 0.28402868377241997, -0.66594381851793, 0.9933828283099626, -0.8600436903287714, -0.029582850202019007, 0.12317490945111947, -0.850928902551406, 0.7162680024202883, -0.5779060450591851, 0.9183308207143223, -0.28718440614636276, -0.04762054112020997, -0.5358129646062693, -0.2500967994181953, 0.8858421101680302, 0.27260735717010065, 0.3090076435557816, 0.994555442673712, -0.7636935941180616, 0.43758778353477257, -0.578285097478864, -0.05064731238554021, -0.2502797551617399, 0.7539689736655995, 0.32458552839958443, 0.4665234166604266, -0.33993896951820424, -0.8101235862216551, 0.3967636449711023, -0.12614292679605055, -0.256001147931342, 0.7497265897567205, -0.1252557044002045, 0.7148174026388807, 0.7289422676631383, -0.7085790799014089, -0.3933823246033128, -0.37563599217083693, -0.9180420600285524, 0.0610200957080389, 0.15316995624621588, -0.11893202785512447, -0.035825066771232095, 0.3417174551036606, -0.9605867638643849, -0.2030277624652812, 0.925333782982467, -0.11241789811047287, -0.723128034730354, -0.9356378753244237, -0.9220174829356229, -0.5579726217991829, -0.9764450147647024, 0.7158795653382488, 0.01373742332100436, 0.2943406896647385, -0.6300278170534901, 0.390576106308419]
1019.967041015625	(8, 12, 2)	[-0.6639791470117613, 0.7094936267015974, 0.9055039124120725, 0.7391276991137115, 0.7110038240315038, -0.3040506727529668, -0.31714910335446445, -0.3043186280944996, 0.294791030587114, -0.17181286069560375, -0.7066242853680522, 0.010225817455973951, 0.8644954911533907, 0.9317572790316111, -0.14726756470317337, 0.062378262938801665, 0.34500309100273197, 0.001984509153440929, 0.1605576877439876, -0.9450551558368194, -0.4067589341402056, 0.34164311880959675, 0.712191908443629, -0.8259301007242372, 0.30733389921331944, 0.6567883114765323, 0.705769051827176, -0.8724782980257302, -0.8878540938386132, 0.25576303599719585, -0.8869683957439827, 0.8733636708599909, -0.24956922483909527, -0.6588387530045143, 0.19430135416849104, -0.5853768697839361, -0.1255342789177285, 0.2455849219653488, 0.5988442927215148, 0.5839933833454669, -0.9738771935275028, 0.5175752736713848, -0.21893391582901311, 0.39716704710480855, 0.710452198607419, -0.9697863479447266, -0.5949619691524306, 0.21039574442436249, -0.5517533685662066, 0.9206261686739765, -0.2644197864764891, 0.8675865202011788, 0.4724525902423744, 0.8331986390375947, 0.32648944605667857, -0.059560362725183946, 0.5827924831170495, 0.5655249395755964, 0.8841757464211928, -0.07010513062898949, -0.8366017060977644, -0.5545967287405151, 0.2569146771831896, -0.66594381851793, 0.9933828283099626, -0.813809655108374, -0.029582850202019007, -0.27906183309464083, -0.8097540994210333, 0.7162680024202883, -0.5779060450591851, 0.9221666088405456, -0.28718440614636276, -0.4213035813656655, -0.5358129646062693, -0.9680562254645841, 0.8858421101680302, 0.27260735717010065, 0.45060210178132776, -0.250940909544221, -0.7636935941180616, 0.5606037834762856, 0.08210308292548152, -0.05064731238554021, 0.23913407107121598, 0.7539689736655995, 0.32458552839958443, 0.4665234166604266, -0.33993896951820424, -0.28438869499873926, 0.3967636449711023, -0.3577960660785888, -0.256001147931342, 0.7497265897567205, -0.1252557044002045, 0.252868766986399, -0.5849184597594377, -0.7085790799014089, -0.3933823246033128, -0.37563599217083693, -0.8536113081248757, 0.0610200957080389, -0.4607749053364749, -0.11893202785512447, -0.035825066771232095, 0.7876654589061478, -0.9605867638643849, 0.8407025709790655, 0.925333782982467, -0.11241789811047287, -0.723128034730354, -0.9356378753244237, -0.9892242560871216, 0.2717487412308168, -0.9764450147647024, 0.7158795653382488, 0.01373742332100436, 0.08034215369035347, -0.6300278170534901, 0.390576106308419]
1019.9663696289062	(8, 12, 2)	[-0.26949970824752123, 0.7094936267015974, 0.9921616987758906, 0.7391276991137115, 0.9675256278852267, 0.11121443424280164, -0.31714910335446445, -0.3043186280944996, 0.294791030587114, -0.17181286069560375, -0.7066242853680522, 0.010225817455973951, 0.8620857707539309, 0.9317572790316111, -0.14726756470317337, 0.062378262938801665, 0.4104211140209837, 0.3646001426599881, 0.1605576877439876, -0.9450551558368194, -0.4067589341402056, 0.34164311880959675, -0.11820608604140359, -0.4555546825926644, 0.30733389921331944, 0.6567883114765323, 0.6518495224904508, -0.8724782980257302, -0.619607476031382, 0.25576303599719585, -0.883541290408606, 0.7805476106040563, -0.24956922483909527, -0.6588387530045143, 0.3355707910369128, -0.5853768697839361, -0.1255342789177285, 0.2455849219653488, 0.6560602747988948, 0.5839933833454669, 0.6887589397159344, 0.51405565225003, -0.21893391582901311, 0.3474361049097062, 0.710452198607419, 0.35925630616419024, -0.4752595706177965, 0.5334448598508823, -0.47750510440372135, 0.7641793912106142, -0.2644197864764891, 0.8675865202011788, 0.4724525902423744, 0.25534100480832794, 0.7712984867252999, 0.5233141734021818, 0.5827924831170495, 0.2243225763435801, 0.8841757464211928, 0.10977669219100172, -0.9194816267117152, 0.1644317291355506, 0.2569146771831896, -0.66594381851793, -0.07605975573577184, -0.8600436903287714, -0.029582850202019007, -0.27906183309464083, -0.8097540994210333, 0.7162680024202883, 0.14456253591300072, 0.9768125377996546, -0.28718440614636276, 0.6693214101574518, 0.3182156173242724, -0.9680562254645841, 0.8858421101680302, 0.27260735717010065, 0.3090076435557816, -0.250940909544221, -0.7849393935594098, 0.5606037834762856, 0.08210308292548152, -0.05064731238554021, 0.23913407107121598, 0.7539689736655995, 0.32458552839958443, 0.4665234166604266, 0.0196192232773387, -0.4364663364127211, 0.570942463227345, -0.3577960660785888, -0.6810888242237271, 0.7497265897567205, -0.17229232607973133, 0.252868766986399, 0.2716854490819419, -0.7085790799014089, -0.3933823246033128, -0.37563599217083693, -0.9180420600285524, 0.0610200957080389, -0.3846210934721586, -0.03523389355467432, -0.035825066771232095, 0.7876654589061478, -0.9605867638643849, -0.629328919118604, 0.925333782982467, 0.0359540577630423, -0.723128034730354, 0.6221393355024745, -0.9892242560871216, 0.2717487412308168, 0.5719256790707532, 0.7158795653382488, 0.01373742332100436, 0.10409687819985391, -0.6300278170534901, 0.390576106308419]
1019.9654541015625	(8, 12, 2)	[-0.24453092469677926, 0.7094936267015974, 1.0, 0.7391276991137115, 0.7110038240315038, -0.650009305824081, -0.31714910335446445, -0.2802422142520651, 0.294791030587114, -0.17181286069560375, -0.7066242853680522, 0.010225817455973951, 0.8620857707539309, 0.9317572790316111, -0.14726756470317337, 0.21166395135278226, 0.4104211140209837, 0.3646001426599881, 0.1605576877439876, -0.9450551558368194, -0.4067589341402056, 0.46687176347089876, -0.11820608604140359, -0.4555546825926644, 0.30733389921331944, 0.7617906654155533, -0.703023909591408, -0.8724782980257302, -0.619607476031382, 0.25576303599719585, -0.8869683957439827, 0.7568070251324802, -0.24956922483909527, -0.6588387530045143, -0.09573661637849828, -0.6478688457185189, -0.1255342789177285, 0.2455849219653488, -0.569073700629944, 0.5839933833454669, 0.6887589397159344, 0.5175752736713848, -0.2554225464122548, 0.4924693994152649, 0.7367334397502983, -0.2628220412228559, -0.5265632741038644, 0.6134266371761303, -0.5958768552751346, 0.6221486708314343, -0.2644197864764891, 0.8675865202011788, 0.28989045814593184, 0.25534100480832794, 0.2998679323977611, -0.059560362725183946, 0.5827924831170495, 0.5655249395755964, 1.0, -0.07010513062898949, -1.0, -0.5545967287405151, 0.2569146771831896, -0.66594381851793, -0.07605975573577184, -0.8600436903287714, -0.029582850202019007, -0.27906183309464083, -0.8097540994210333, 0.7162680024202883, 0.14456253591300072, 0.9768125377996546, -0.300072531852862, -0.04762054112020997, -0.5358129646062693, -0.2500967994181953, 0.9368006361608062, 0.23975845534220805, 0.3090076435557816, 0.994555442673712, -0.7636935941180616, 0.8974131682136417, -0.578285097478864, -0.05064731238554021, -0.19201813648154809, 0.7539689736655995, -0.5529720186926541, 0.4665234166604266, 0.0196192232773387, -0.4364663364127211, 0.41643600284560806, -0.17028596855007916, -0.256001147931342, 0.7497265897567205, -0.1252557044002045, 0.252868766986399, 0.48432947215707123, -0.7085790799014089, -0.3933823246033128, -0.3430565182661973, -0.9180420600285524, -0.6152049118759058, 0.15316995624621588, -0.10307842959329845, 0.20699809812093362, 0.6176342127964651, -0.9605867638643849, 0.8407025709790655, -0.8077166442137926, -0.11241789811047287, -0.723128034730354, -0.9356378753244237, -0.9892242560871216, -0.5579726217991829, -0.9764450147647024, 0.7158795653382488, -0.4612150030421551, 0.10409687819985391, -0.5031705434378673, 0.3139002168476921]
1019.9984130859375	(8, 12, 2)	[-0.26949970824752123, 0.7094936267015974, 0.9055039124120725, 0.3814284685839773, 0.7110038240315038, -0.3040506727529668, -0.5505214611761631, -0.3043186280944996, 0.294791030587114, -0.4215797188433623, -0.7066242853680522, 0.010225817455973951, 0.8620857707539309, 0.8512847602205011, -0.14726756470317337, 0.21166395135278226, 0.4104211140209837, 0.3646001426599881, 0.1482446192644375, -0.8497409390828181, -0.4067589341402056, 0.46687176347089876, -0.11820608604140359, -0.0897923043776716, 0.30733389921331944, 0.6398723475690931, 0.705769051827176, -0.8700316822418306, -0.619607476031382, 0.25576303599719585, -0.8869683957439827, 0.32642910031997935, -0.24956922483909527, -0.6588387530045143, 0.3172476574846882, -0.5853768697839361, -0.1255342789177285, -0.06324414496853747, 0.6560602747988948, 0.5839933833454669, -0.9738771935275028, 0.010827519367770405, -0.21893391582901311, 0.4924693994152649, 0.7367334397502983, -0.9697863479447266, -0.49954323929307165, 0.6134266371761303, -0.47750510440372135, 0.7610011490079468, -0.2533616513837189, 0.8675865202011788, 0.4724525902423744, 0.25534100480832794, 0.7712984867252999, 0.5233141734021818, 0.5827924831170495, 0.38637418624429154, 1.0, -0.07010513062898949, -1.0, 0.1644317291355506, 0.28402868377241997, -0.66594381851793, 0.9933828283099626, -0.8600436903287714, -0.029582850202019007, -0.27906183309464083, -0.7490504039000909, 0.7162680024202883, 0.14456253591300072, 0.9768125377996546, -0.28718440614636276, 0.6693214101574518, 0.33381877645557523, -0.9001801364881239, 0.9120516972981711, 0.27260735717010065, 0.45060210178132776, 0.994555442673712, -0.7636935941180616, 0.43758778353477257, -0.578285097478864, -0.05064731238554021, -0.19201813648154809, -0.36984312146879605, -0.5529720186926541, 0.4665234166604266, -0.33919026784093975, 0.37204236691761916, 0.41643600284560806, -0.3577960660785888, -0.6810888242237271, 0.7497265897567205, -0.3607492968097912, 0.7148174026388807, 0.48432947215707123, -0.7036827709562632, 0.5162611149744083, -0.37563599217083693, -0.8536113081248757, 0.0610200957080389, -0.4607749053364749, -0.11893202785512447, -0.035825066771232095, -0.43915326150215206, -0.9605867638643849, -0.2030277624652812, 0.925333782982467, -0.11241789811047287, -0.723128034730354, -0.9356378753244237, -0.9892242560871216, -0.5579726217991829, -0.5064943303072869, 0.7158795653382488, -0.4612150030421551, -0.011544763548959502, -0.5031705434378673, -0.15874416362915372]
1019.9266357421875	(8, 12, 2)	[-0.163765936969936, 0.7094936267015974, 0.9055039124120725, 0.3814284685839773, 0.744875834611491, -0.3040506727529668, -0.4058402138884024, -0.3043186280944996, 0.294791030587114, -0.17181286069560375, -0.8500888544738572, 0.010225817455973951, 0.8620857707539309, 0.8512847602205011, -0.14726756470317337, 0.21166395135278226, 0.4104211140209837, 0.3646001426599881, 0.1605576877439876, -0.8497409390828181, -0.4067589341402056, 0.34164311880959675, -0.11820608604140359, -0.4555546825926644, 0.30733389921331944, -0.39434387131035176, 0.705769051827176, -0.8724782980257302, -0.619607476031382, 0.25576303599719585, -0.8869683957439827, 0.862016233111252, 0.6296280105655332, -0.6588387530045143, -0.09573661637849828, -0.5853768697839361, -0.1255342789177285, 0.6698960561607226, -0.04569196880373898, 0.5839933833454669, -0.9738771935275028, 0.51405565225003, -0.21893391582901311, 0.42628121208210323, 0.7367334397502983, 0.35925630616419024, 0.8916151284666765, 0.21039574442436249, -0.5517533685662066, 0.7641793912106142, -0.2644197864764891, 0.8675865202011788, 0.4724525902423744, 0.8331986390375947, 0.7712984867252999, -0.059560362725183946, 0.5827924831170495, 0.5655249395755964, 1.0, 0.10977669219100172, -0.9249594954089719, 0.1644317291355506, 0.2569146771831896, 0.25236354342556533, 0.9933828283099626, -0.8600436903287714, -0.029582850202019007, -0.22112673724725984, -0.7178989577959585, 0.7162680024202883, 0.14456253591300072, 0.9221666088405456, -0.28718440614636276, 0.6693214101574518, 0.33381877645557523, -0.9680562254645841, 0.9120516972981711, 0.27260735717010065, 0.3090076435557816, -0.3103995416424721, -0.7636935941180616, 0.5606037834762856, -0.578285097478864, -0.05064731238554021, -0.19201813648154809, 0.7539689736655995, -0.5529720186926541, 0.4665234166604266, -0.33993896951820424, 0.37204236691761916, 0.3967636449711023, -0.3577960660785888, -0.6956937528476465, 0.7843863383577285, -0.1252557044002045, 0.252868766986399, -0.5849184597594377, -0.7036827709562632, -0.3933823246033128, -0.3430565182661973, -0.9180420600285524, 0.051925579750074335, -0.4607749053364749, -0.11893202785512447, -0.035825066771232095, 0.6176342127964651, -0.9605867638643849, -0.2030277624652812, -0.8077166442137926, -0.05783716022608307, -0.6698285065347918, -0.9356378753244237, -0.9892242560871216, 0.2717487412308168, -0.5064943303072869, 0.7158795653382488, 0.01373742332100436, 0.10409687819985391, -0.6300278170534901, 0.390576106308419]
1019.9710083007812	(8, 12, 2)	[-0.6639791470117613, 0.7094936267015974, 0.9921616987758906, 0.7391276991137115, 0.250122294070211, -0.3040506727529668, -0.5505214611761631, -0.3043186280944996, 0.294791030587114, -0.17720210304029757, -0.7066242853680522, 0.2894868149966665, 0.8620857707539309, 0.9317572790316111, -0.14726756470317337, 0.21166395135278226, 0.4104211140209837, 0.3646001426599881, 0.1174690929089462, -0.9450551558368194, -0.4067589341402056, 0.46687176347089876, -0.11820608604140359, -0.4555546825926644, 0.30733389921331944, 0.7617906654155533, -0.703023909591408, -0.8724782980257302, -0.619607476031382, 0.25576303599719585, -0.8869683957439827, 0.8733636708599909, -0.9003997486957078, -0.6588387530045143, 0.3141924483558875, -0.6478688457185189, -0.1255342789177285, 0.6698960561607226, -0.569073700629944, 0.5839933833454669, -0.9738771935275028, 0.5175752736713848, -0.21893391582901311, 0.4924693994152649, 0.7367334397502983, -0.2628220412228559, -0.49954323929307165, 0.6134266371761303, -0.45088332598424713, 0.7641793912106142, -0.2644197864764891, 0.8675865202011788, 0.4724525902423744, 0.8331986390375947, 0.2998679323977611, -0.059560362725183946, 0.5827924831170495, 0.5655249395755964, 0.8841757464211928, -0.07010513062898949, -1.0, -0.5545967287405151, 0.2569146771831896, -0.66594381851793, -0.07605975573577184, -0.8600436903287714, -0.029582850202019007, -0.27906183309464083, -0.8097540994210333, 0.7162680024202883, 0.14456253591300072, 0.9221666088405456, -0.28718440614636276, 0.6693214101574518, -0.5358129646062693, -0.9680562254645841, 1.0, 0.27260735717010065, 0.3090076435557816, -0.250940909544221, -0.7636935941180616, 0.5606037834762856, -0.578285097478864, -0.05064731238554021, 0.7223160608179773, 0.7539689736655995, 0.32458552839958443, 0.4665234166604266, -0.33993896951820424, -0.2834883586658034, 0.23765278919220867, -0.30515464822495153, -0.256001147931342, 0.7497265897567205, -0.1252557044002045, 0.252868766986399, -0.5849184597594377, -0.7085790799014089, 0.5162611149744083, -0.37563599217083693, -0.9180420600285524, 0.0610200957080389, 0.15316995624621588, -0.16733061877765876, 0.20699809812093362, 0.6176342127964651, -0.9605867638643849, -0.629328919118604, -0.8077166442137926, 0.2633431187609625, -0.723128034730354, 0.6221393355024745, -0.9892242560871216, 0.2717487412308168, -0.9764450147647024, 0.7158795653382488, 0.6628833714494522, 0.2943406896647385, 0.13690481893283302, -0.15874416362915372]
1019.9984130859375	(8, 12, 2)	[-0.6639791470117613, 0.7094936267015974, 0.9055039124120725, 0.7391276991137115, 0.9675256278852267, 0.11121443424280164, -0.32959679143976395, -0.3043186280944996, 0.294791030587114, -0.17181286069560375, -0.8100320329839253, 0.010225817455973951, 0.8620857707539309, 0.9317572790316111, -0.14726756470317337, 0.21166395135278226, 0.4104211140209837, 0.3646001426599881, 0.2172158378153357, -0.9450551558368194, -0.4067589341402056, 0.34164311880959675, -0.11820608604140359, -0.4555546825926644, 0.30733389921331944, 0.6567883114765323, 0.6518495224904508, -0.8724782980257302, -0.9731310135535336, 0.25576303599719585, -0.8869683957439827, 0.8733636708599909, -0.9003997486957078, -0.6588387530045143, 0.08945835624945409, -0.6478688457185189, -0.25282142776957395, 0.2455849219653488, -0.569073700629944, 0.5724114568927818, -0.9738771935275028, -0.01775943755686997, -0.21893391582901311, 0.42628121208210323, 0.710452198607419, 0.35925630616419024, -0.4752595706177965, 0.6134266371761303, -0.3293559000346675, 0.7641793912106142, -0.2533616513837189, 0.8675865202011788, 0.4724525902423744, 0.8331986390375947, 0.2998679323977611, -0.059560362725183946, 0.5827924831170495, 0.5655249395755964, 0.8841757464211928, -0.07010513062898949, -0.9194816267117152, 0.1644317291355506, 0.2569146771831896, -0.6176914437353269, 0.9933828283099626, -0.813809655108374, -0.029582850202019007, -0.27906183309464083, -0.7490504039000909, 0.6520407060044363, 0.14456253591300072, 0.9768125377996546, -0.28718440614636276, 0.6693214101574518, -0.5358129646062693, -0.9680562254645841, 0.9368006361608062, 0.27260735717010065, 0.3090076435557816, -0.250940909544221, -0.7636935941180616, 0.5606037834762856, 0.08210308292548152, -0.05064731238554021, -0.19201813648154809, -0.36984312146879605, 0.32458552839958443, 0.6813421801343599, -0.33993896951820424, -0.28438869499873926, 0.570942463227345, -0.3577960660785888, -0.6810888242237271, 0.7497265897567205, -0.17229232607973133, 0.7148174026388807, 0.48432947215707123, -0.7085790799014089, -0.3933823246033128, -0.37563599217083693, -0.9180420600285524, 0.051925579750074335, 0.15316995624621588, -0.03523389355467432, -0.035825066771232095, -0.43915326150215206, -0.9605867638643849, 0.8407025709790655, -0.6083237225652665, -0.11241789811047287, -0.6698285065347918, -0.9356378753244237, -0.9892242560871216, 0.9901815256247986, 0.5719256790707532, 0.7158795653382488, 0.01373742332100436, 0.10409687819985391, -0.5031705434378673, -0.15874416362915372]
1019.9970703125	(8, 12, 2)	[-0.6639791470117613, 0.7094936267015974, 1.0, 0.3814284685839773, 0.9675256278852267, 0.11121443424280164, -0.2859244264689047, 0.5498169338978931, 0.294791030587114, -0.17720210304029757, -0.7066242853680522, 0.010225817455973951, 0.8620857707539309, 0.9317572790316111, -0.14726756470317337, 0.2572003161333778, 0.34500309100273197, 0.3646001426599881, 0.1605576877439876, -0.9450551558368194, -0.4067589341402056, 0.46687176347089876, -0.11820608604140359, -0.4555546825926644, 0.30733389921331944, 0.6398723475690931, 0.6518495224904508, -0.8724782980257302, -0.619607476031382, 0.25576303599719585, -0.883541290408606, 0.7568070251324802, -0.24956922483909527, -0.6588387530045143, 0.3172476574846882, -0.6478688457185189, -0.25282142776957395, 0.2455849219653488, -0.569073700629944, 0.35806060261570893, 0.6887589397159344, 0.51405565225003, -0.21893391582901311, 0.39716704710480855, 0.7367334397502983, 0.35925630616419024, 0.8916151284666765, 0.6134266371761303, -0.47750510440372135, 0.9206261686739765, -0.2644197864764891, 0.8675865202011788, 0.4724525902423744, 0.25534100480832794, 0.7712984867252999, -0.059560362725183946, 0.5827924831170495, 0.5655249395755964, 1.0, -0.07010513062898949, -0.9194816267117152, 0.1644317291355506, 0.2569146771831896, 0.2594201120941595, 0.9933828283099626, -0.8600436903287714, -0.029582850202019007, 0.12317490945111947, -0.8097540994210333, 0.7162680024202883, 0.14456253591300072, 0.9768125377996546, -0.28718440614636276, 0.6693214101574518, -0.5358129646062693, -0.2500967994181953, 0.9120516972981711, 0.23975845534220805, 0.3090076435557816, 0.994555442673712, -0.7636935941180616, 0.8974131682136417, 0.2847769651318186, -0.05064731238554021, 0.23913407107121598, -0.36984312146879605, 0.32458552839958443, 0.4665234166604266, -0.33993896951820424, 0.34525523857053525, 0.570942463227345, -0.3577960660785888, -0.440078337725471, 0.7497265897567205, -0.17229232607973133, 0.252868766986399, 0.48432947215707123, -0.7085790799014089, -0.3933823246033128, -0.37563599217083693, -0.9180420600285524, 0.051925579750074335, -0.3846210934721586, -0.03523389355467432, 0.20699809812093362, -0.43915326150215206, -0.9605867638643849, -0.629328919118604, -0.8077166442137926, 0.18036107645863111, -0.723128034730354, -0.9356378753244237, -0.9892242560871216, 0.9901815256247986, -0.9764450147647024, 0.7158795653382488, 0.6628833714494522, 0.10409687819985391, -0.5031705434378673, 0.2337351534682058]
1019.9801635742188	(8, 12, 2)	[-0.26949970824752123, 0.7094936267015974, 1.0, 0.7391276991137115, 0.7110038240315038, 0.11121443424280164, -0.5505214611761631, -0.3043186280944996, 0.294791030587114, -0.17181286069560375, -0.7402772915393173, 0.010225817455973951, 0.8620857707539309, 0.9317572790316111, -0.14726756470317337, 0.2572003161333778, 0.4104211140209837, 0.3646001426599881, 0.1605576877439876, -0.8497409390828181, -0.4067589341402056, 0.46687176347089876, -0.11820608604140359, -0.4555546825926644, 0.30733389921331944, 0.6567883114765323, -0.703023909591408, -0.8724782980257302, -0.619607476031382, 0.25576303599719585, -0.883541290408606, 0.16052033761015583, -0.9003997486957078, -0.6588387530045143, 0.3141924483558875, -0.6779685579318474, -0.1255342789177285, 0.6698960561607226, -0.6038447616029533, 0.5839933833454669, 0.6887589397159344, 0.5175752736713848, -0.2554225464122548, 0.4924693994152649, 0.7367334397502983, -0.9697863479447266, -0.49954323929307165, 0.21039574442436249, -0.45088332598424713, 0.7641793912106142, -0.2644197864764891, 0.8675865202011788, 0.4724525902423744, 0.8331986390375947, 0.7712984867252999, -0.059560362725183946, 0.6765150031449407, 0.6085437869248246, 1.0, -0.07010513062898949, -1.0, 0.1644317291355506, 0.2569146771831896, -0.6176914437353269, 0.9933828283099626, -0.813809655108374, -0.029582850202019007, -0.27906183309464083, -0.8097540994210333, 0.7162680024202883, 0.14456253591300072, 0.9768125377996546, -0.28718440614636276, 0.6693214101574518, -0.5358129646062693, -0.9680562254645841, 0.8858421101680302, 0.27260735717010065, 0.45060210178132776, -0.250940909544221, -0.7636935941180616, 0.5606037834762856, 0.2847769651318186, -0.05064731238554021, -0.19201813648154809, -0.36984312146879605, 0.32458552839958443, 0.4665234166604266, 0.4923767056584498, -0.2834883586658034, 0.3967636449711023, -0.3577960660785888, -0.6810888242237271, 0.7497265897567205, -0.17229232607973133, 0.252868766986399, -0.5849184597594377, -0.7085790799014089, -0.4546230273268515, -0.3430565182661973, -0.9180420600285524, 0.0610200957080389, 0.15316995624621588, -0.3141510825782279, -0.035825066771232095, -0.43915326150215206, -0.9605867638643849, -0.629328919118604, 0.925333782982467, 0.0359540577630423, -0.6698285065347918, 0.6221393355024745, -0.9892242560871216, 0.2717487412308168, -0.5064943303072869, 0.7158795653382488, -0.4612150030421551, 0.08034215369035347, 0.13690481893283302, 0.390576106308419]
1019.9911499023438	(8, 12, 2)	[-0.6421960355069625, 0.7094936267015974, 1.0, 0.7391276991137115, 0.7110038240315038, 0.11121443424280164, -0.32959679143976395, -0.3043186280944996, 0.294791030587114, -0.17181286069560375, -0.7066242853680522, 0.010225817455973951, 0.8644954911533907, 0.9317572790316111, -0.14726756470317337, 0.21166395135278226, 0.4104211140209837, 0.3646001426599881, 0.1605576877439876, -0.9450551558368194, -0.4067589341402056, 0.46687176347089876, -0.11820608604140359, -0.4555546825926644, 0.30733389921331944, 0.6567883114765323, 0.705769051827176, -0.8724782980257302, -0.619607476031382, -0.5808529026471327, -0.7146330713723803, 0.16052033761015583, -0.028868336889662977, -0.6588387530045143, -0.09573661637849828, -0.4476375097060509, -0.1255342789177285, 0.2455849219653488, -0.6038447616029533, 0.5839933833454669, -0.9742400787416676, 0.5175752736713848, -0.21893391582901311, 0.4924693994152649, 0.710452198607419, -0.2628220412228559, -0.49954323929307165, 0.21039574442436249, -0.45088332598424713, 0.7641793912106142, -0.2644197864764891, 0.8675865202011788, 0.28989045814593184, 0.8331986390375947, 0.2998679323977611, -0.059560362725183946, 0.6765150031449407, 0.6085437869248246, 1.0, -0.07010513062898949, -0.9194816267117152, 0.1644317291355506, 0.2569146771831896, -0.6176914437353269, 0.9933828283099626, -0.813809655108374, -0.029582850202019007, -0.27906183309464083, -0.8097540994210333, 0.6520407060044363, 0.14456253591300072, 0.66976552612406, -0.28718440614636276, -0.04762054112020997, 0.20655889517145498, 0.24285215441133912, 0.8858421101680302, 0.27260735717010065, 0.45060210178132776, -0.250940909544221, -0.7636935941180616, 0.5606037834762856, 0.452046719366727, -0.05064731238554021, 0.7223160608179773, -0.36984312146879605, 0.32458552839958443, 0.4665234166604266, 0.4923767056584498, -0.2834883586658034, 0.23765278919220867, -0.3577960660785888, -0.6810888242237271, 0.7497265897567205, -0.3607492968097912, 0.252868766986399, -0.5849184597594377, -0.7085790799014089, -0.3933823246033128, -0.3430565182661973, -0.9180420600285524, 0.0610200957080389, 0.15316995624621588, -0.3141510825782279, -0.035825066771232095, -0.43915326150215206, -0.9605867638643849, 0.8407025709790655, -0.6083237225652665, -0.11241789811047287, -0.6698285065347918, 0.6221393355024745, -0.9892242560871216, 0.9738977008133243, 0.5719256790707532, 0.7158795653382488, -0.4612150030421551, 0.08034215369035347, -0.6300278170534901, -0.15874416362915372]
1019.9996948242188	(8, 12, 2)	[-0.26949970824752123, 0.7094936267015974, 1.0, 0.7391276991137115, 0.7110038240315038, -0.650009305824081, -0.32959679143976395, -0.3043186280944996, 0.20363692748411813, -0.17181286069560375, -0.7066242853680522, 0.010225817455973951, 0.8644954911533907, 0.9317572790316111, -0.14726756470317337, 0.21166395135278226, 0.34500309100273197, 0.3646001426599881, 0.2172158378153357, -0.9450551558368194, -0.4067589341402056, 0.46687176347089876, -0.11820608604140359, -0.4555546825926644, 0.30733389921331944, 0.6398723475690931, 0.705769051827176, -0.8724782980257302, -0.619607476031382, -0.5808529026471327, -0.8869683957439827, 0.7568070251324802, -0.9003997486957078, -0.6588387530045143, -0.09573661637849828, -0.5853768697839361, -0.25282142776957395, 0.2455849219653488, -0.6332566793277139, 0.5839933833454669, -0.9738771935275028, 0.51405565225003, -0.21893391582901311, 0.39716704710480855, 0.7367334397502983, -0.2628220412228559, -0.5949619691524306, 0.6464256865894908, -0.5517533685662066, 0.7641793912106142, -0.2644197864764891, 0.8675865202011788, 0.4724525902423744, 0.25534100480832794, 0.2998679323977611, -0.059560362725183946, 0.5827924831170495, 0.5655249395755964, 0.8841757464211928, 0.10977669219100172, -0.9194816267117152, -0.5545967287405151, 0.2569146771831896, -0.6176914437353269, 0.9933828283099626, -0.813809655108374, -0.029582850202019007, -0.27906183309464083, -0.8097540994210333, 0.6520407060044363, 0.14456253591300072, 0.66976552612406, -0.28718440614636276, -0.04762054112020997, -0.5358129646062693, -0.9680562254645841, 0.9120516972981711, 0.27260735717010065, 0.45060210178132776, 0.994555442673712, -0.7636935941180616, 0.5606037834762856, -0.514382033521202, -0.05064731238554021, -0.19201813648154809, -0.3196405082023721, 0.32458552839958443, 0.4665234166604266, -0.33993896951820424, 0.3310662735596162, 0.3967636449711023, -0.3577960660785888, -0.256001147931342, 0.6914247363363843, -0.1252557044002045, 0.252868766986399, -0.5849184597594377, 0.8884802914274315, -0.3933823246033128, 0.6678429513577485, -0.9180420600285524, 0.0610200957080389, -0.4607749053364749, -0.10307842959329845, 0.20699809812093362, -0.43915326150215206, -0.9605867638643849, 0.8407025709790655, -0.8077166442137926, 0.020895997217269174, -0.6698285065347918, -0.9356378753244237, -0.9892242560871216, 0.9901815256247986, -0.5064943303072869, 0.7158795653382488, 0.01373742332100436, 0.08034215369035347, 0.13690481893283302, 0.390576106308419]
1019.999755859375	(8, 12, 2)	[-0.6639791470117613, 0.7094936267015974, 1.0, 0.7391276991137115, 0.250122294070211, -0.650009305824081, -0.5505214611761631, -0.1657256886147828, 0.20363692748411813, -0.17181286069560375, -0.7066242853680522, 0.010225817455973951, 0.8644954911533907, 0.9317572790316111, -0.14726756470317337, 0.21166395135278226, 0.34500309100273197, 0.3646001426599881, 0.2744972809722671, -0.9450551558368194, -0.4067589341402056, 0.46687176347089876, -0.11820608604140359, -0.4555546825926644, 0.30733389921331944, 0.6567883114765323, 0.705769051827176, -0.8724782980257302, -0.8878540938386132, -0.5808529026471327, -0.8869683957439827, 0.7805476106040563, -0.8482576941141893, -0.6588387530045143, 0.23713566603349254, -0.6478688457185189, -0.25282142776957395, 0.2455849219653488, -0.569073700629944, 0.5839933833454669, -0.9738771935275028, 0.5175752736713848, -0.20131760251499756, 0.39716704710480855, 0.7367334397502983, -0.2628220412228559, -0.5949619691524306, 0.6464256865894908, -0.5958768552751346, 0.7641793912106142, -0.2533616513837189, 0.8675865202011788, 0.4724525902423744, 0.25534100480832794, 0.32648944605667857, -0.059560362725183946, 0.5827924831170495, 0.5655249395755964, 1.0, 0.10977669219100172, -0.9194816267117152, -0.5545967287405151, 0.2569146771831896, -0.6176914437353269, 0.9933828283099626, -0.813809655108374, -0.029582850202019007, -0.22112673724725984, -0.8097540994210333, 0.7162680024202883, 0.14456253591300072, 0.66976552612406, -0.1841430626255463, -0.04762054112020997, -0.5358129646062693, -0.9680562254645841, 0.9368006361608062, 0.27260735717010065, 0.3090076435557816, 0.994555442673712, -0.7636935941180616, 0.5606037834762856, -0.578285097478864, -0.05064731238554021, -0.19201813648154809, 0.7539689736655995, 0.32458552839958443, 0.4665234166604266, -0.33993896951820424, -0.2834883586658034, 0.3967636449711023, -0.3577960660785888, -0.3462926783872957, 0.6914247363363843, -0.1252557044002045, 0.252868766986399, -0.5849184597594377, -0.7085790799014089, -0.3933823246033128, 0.6678429513577485, -0.9180420600285524, 0.0610200957080389, -0.4607749053364749, -0.11893202785512447, 0.20699809812093362, 0.5000758108613913, -0.9605867638643849, -0.629328919118604, -0.8077166442137926, 0.020895997217269174, -0.6698285065347918, -0.9356378753244237, -0.9892242560871216, -0.5579726217991829, -0.5064943303072869, 0.7158795653382488, -0.09969540685951322, 0.08034215369035347, 0.13690481893283302, -0.1351929467682311]
1019.9967041015625	(8, 12, 2)	[-0.6639791470117613, 0.7094936267015974, 1.0, 0.7391276991137115, 0.9675256278852267, -0.3040506727529668, -0.5505214611761631, -0.3043186280944996, 0.294791030587114, -0.17181286069560375, -0.8917567669426335, 0.010225817455973951, 0.8620857707539309, 0.9317572790316111, -0.14726756470317337, 0.062378262938801665, 0.4104211140209837, 0.3646001426599881, 0.1605576877439876, -0.9450551558368194, -0.4067589341402056, 0.34164311880959675, -0.11820608604140359, -0.4555546825926644, 0.30733389921331944, 0.6567883114765323, -0.703023909591408, -0.8724782980257302, -0.619607476031382, 0.25576303599719585, -0.883541290408606, 0.7805476106040563, -0.24956922483909527, -0.6588387530045143, -0.09573661637849828, -0.6478688457185189, -0.1255342789177285, 0.6698960561607226, -0.04569196880373898, 0.5724114568927818, 0.6887589397159344, 0.5175752736713848, -0.21893391582901311, 0.4924693994152649, 0.7367334397502983, -0.032558711844499356, -0.49954323929307165, 0.21039574442436249, -0.5517533685662066, 0.7641793912106142, -0.2644197864764891, 0.6234818581799075, 0.4724525902423744, 0.8331986390375947, 0.2998679323977611, -0.059560362725183946, 0.5827924831170495, 0.5655249395755964, 0.7148579356697378, -0.07010513062898949, -1.0, 0.1644317291355506, 0.2569146771831896, -0.6176914437353269, -0.07605975573577184, -0.813809655108374, -0.029582850202019007, -0.27906183309464083, -0.8097540994210333, 0.7162680024202883, 0.14456253591300072, 0.9768125377996546, -0.2699291579169325, -0.04762054112020997, -0.5358129646062693, -0.9680562254645841, 0.9368006361608062, 0.27260735717010065, 0.3090076435557816, 0.994555442673712, -0.8663231545320875, 0.5606037834762856, 0.2847769651318186, -0.05064731238554021, -0.19201813648154809, -0.3196405082023721, 0.32458552839958443, 0.6099375535205332, -0.33993896951820424, -0.23263477405877095, 0.3967636449711023, -0.3577960660785888, -0.6810888242237271, 0.7497265897567205, -0.17229232607973133, 0.7148174026388807, -0.4887339717609436, -0.6314539794100288, -0.3933823246033128, -0.37563599217083693, -0.8536113081248757, 0.0610200957080389, -0.4809781608812065, -0.11893202785512447, 0.20699809812093362, -0.43915326150215206, -0.9605867638643849, 0.86424411492218, -0.8077166442137926, 0.020895997217269174, -0.6698285065347918, -0.9356378753244237, -0.9892242560871216, 0.9901815256247986, -0.9764450147647024, 0.7158795653382488, -0.265429580239999, 0.10409687819985391, -0.4195597827806556, 0.390576106308419]
1019.9969482421875	(8, 12, 2)	[-0.6639791470117613, 0.7094936267015974, 1.0, 0.7391276991137115, 0.9675256278852267, 0.25281721986636707, -0.5505214611761631, -0.3043186280944996, 0.294791030587114, -0.17181286069560375, -0.7066242853680522, 0.010225817455973951, 0.8644954911533907, 0.9317572790316111, -0.2056910012946453, 0.2572003161333778, 0.4104211140209837, 0.3646001426599881, 0.1605576877439876, -0.8629710549199062, -0.4067589341402056, 0.46687176347089876, -0.11820608604140359, -0.4555546825926644, 0.30733389921331944, 0.6567883114765323, 0.705769051827176, -0.8724782980257302, -0.8878540938386132, -0.5808529026471327, -0.8869683957439827, 0.16052033761015583, -0.24956922483909527, -0.6588387530045143, 0.3141924483558875, -0.608312649530442, -0.1255342789177285, 0.6698960561607226, -0.6038447616029533, 0.42164022463474077, 0.6887589397159344, 0.51405565225003, -0.21893391582901311, 0.4924693994152649, 0.710452198607419, -0.9697863479447266, -0.5265632741038644, 0.6134266371761303, -0.5958768552751346, 0.7610011490079468, -0.2644197864764891, 0.6234818581799075, 0.4724525902423744, 0.25534100480832794, 0.2998679323977611, -0.059560362725183946, 0.6765150031449407, 0.5655249395755964, 0.8841757464211928, 0.10977669219100172, -0.9194816267117152, -0.5545967287405151, 0.2569146771831896, -0.6176914437353269, -0.07605975573577184, -0.813809655108374, -0.029582850202019007, -0.27906183309464083, -0.8097540994210333, 0.7162680024202883, 0.14456253591300072, 0.9768125377996546, -0.28718440614636276, 0.6693214101574518, -0.5358129646062693, 0.24285215441133912, 0.9368006361608062, 0.27260735717010065, 0.45060210178132776, 0.994555442673712, -0.7636935941180616, 0.5606037834762856, 0.4135127431458392, -0.05064731238554021, 0.7902105043843106, -0.36984312146879605, 0.32458552839958443, 0.6099375535205332, 0.4923767056584498, 0.16882979775540016, 0.3967636449711023, -0.12614292679605055, -0.6810888242237271, 0.7706809723209849, -0.1252557044002045, 0.252868766986399, -0.5849184597594377, -0.7085790799014089, -0.4546230273268515, -0.37563599217083693, -0.9180420600285524, 0.0610200957080389, 0.15316995624621588, -0.03523389355467432, -0.035825066771232095, 0.7876654589061478, -0.9605867638643849, -0.629328919118604, -0.8077166442137926, 0.0359540577630423, -0.6698285065347918, 0.6221393355024745, -0.9892242560871216, -0.5579726217991829, -0.9764450147647024, 0.7158795653382488, -0.4612150030421551, 0.08034215369035347, -0.6553438361777874, 0.390576106308419]
1019.9971313476562	(8, 12, 2)	[-0.6639791470117613, 0.7094936267015974, 1.0, 0.7391276991137115, 0.250122294070211, 0.11121443424280164, -0.5505214611761631, -0.3043186280944996, 0.20363692748411813, -0.17181286069560375, -0.7066242853680522, 0.010225817455973951, 0.8620857707539309, 0.9317572790316111, -0.14726756470317337, 0.2572003161333778, 0.4104211140209837, 0.3646001426599881, 0.1605576877439876, -0.9450551558368194, -0.4067589341402056, 0.46687176347089876, -0.11820608604140359, -0.4555546825926644, 0.30733389921331944, 0.6567883114765323, -0.8376040459224651, -0.8724782980257302, -0.619607476031382, 0.25576303599719585, -0.8869683957439827, 0.16052033761015583, -0.9003997486957078, -0.6588387530045143, -0.09573661637849828, -0.6478688457185189, -0.1255342789177285, 0.6698960561607226, -0.569073700629944, 0.42164022463474077, 0.6887589397159344, 0.51405565225003, -0.21893391582901311, 0.5142439472785062, 0.7367334397502983, -0.032558711844499356, -0.5949619691524306, 0.6134266371761303, -0.45088332598424713, 0.7641793912106142, -0.2644197864764891, 0.6234818581799075, 0.4724525902423744, 0.8331986390375947, 0.32648944605667857, -0.059560362725183946, 0.5827924831170495, 0.6462078400517908, 1.0, -0.1218529021136216, -1.0, 0.1644317291355506, 0.2569146771831896, -0.6176914437353269, -0.07605975573577184, -0.813809655108374, -0.029582850202019007, -0.27906183309464083, -0.8097540994210333, 0.7162680024202883, 0.14456253591300072, 0.9768125377996546, -0.28718440614636276, 0.6693214101574518, -0.5358129646062693, -0.2500967994181953, 0.9368006361608062, 0.27260735717010065, 0.3090076435557816, 0.994555442673712, -0.8663231545320875, 0.5606037834762856, 0.2847769651318186, -0.05064731238554021, -0.19201813648154809, -0.3196405082023721, 0.32458552839958443, 0.6813421801343599, 0.4923767056584498, -0.23263477405877095, 0.3967636449711023, -0.3577960660785888, -0.6810888242237271, 0.7706809723209849, -0.17229232607973133, 0.252868766986399, 0.48432947215707123, -0.7085790799014089, -0.3933823246033128, 0.6678429513577485, -0.9180420600285524, 0.051925579750074335, -0.3846210934721586, -0.11893202785512447, -0.035825066771232095, -0.43915326150215206, -0.9605867638643849, -0.629328919118604, 0.925333782982467, 0.0359540577630423, -0.6698285065347918, 0.6221393355024745, -0.9892242560871216, 0.9738977008133243, -0.5064943303072869, -0.7480552221526804, 0.01373742332100436, 0.10409687819985391, -0.5031705434378673, -0.15874416362915372]
1019.9981689453125	(8, 12, 2)	[-0.6639791470117613, 0.7094936267015974, 1.0, 0.7391276991137115, 0.9675256278852267, -0.48455537816306304, -0.5505214611761631, -0.3043186280944996, 0.20363692748411813, -0.17181286069560375, -0.7066242853680522, 0.010225817455973951, 0.8644954911533907, 0.9317572790316111, -0.14726756470317337, 0.2572003161333778, 0.2950891907133527, 0.3646001426599881, 0.1605576877439876, -0.8497409390828181, -0.4067589341402056, 0.34164311880959675, -0.11820608604140359, -0.4555546825926644, 0.30733389921331944, 0.6567883114765323, 0.705769051827176, -0.8724782980257302, -0.619607476031382, -0.5808529026471327, -0.883541290408606, 0.7805476106040563, -0.24956922483909527, -0.6588387530045143, 0.3141924483558875, -0.6478688457185189, -0.1255342789177285, 0.2455849219653488, -0.569073700629944, 0.5839933833454669, -0.9742400787416676, 0.51405565225003, -0.21893391582901311, 0.4924693994152649, 0.7367334397502983, 0.35925630616419024, -0.49954323929307165, 0.21039574442436249, -0.5958768552751346, 0.7641793912106142, -0.2644197864764891, 0.9842125273050234, 0.4724525902423744, 0.25534100480832794, 0.32648944605667857, -0.059560362725183946, 0.5827924831170495, 0.5655249395755964, 0.8841757464211928, -0.07010513062898949, -1.0, -0.5545967287405151, 0.2569146771831896, -0.6176914437353269, 0.9933828283099626, -0.813809655108374, -0.029582850202019007, -0.27906183309464083, -0.8097540994210333, 0.7162680024202883, 0.14456253591300072, 0.9768125377996546, -0.28718440614636276, 0.6693214101574518, -0.5358129646062693, -0.9680562254645841, 0.9368006361608062, 0.27260735717010065, 0.3090076435557816, 0.994555442673712, -0.7636935941180616, 0.5606037834762856, -0.578285097478864, -0.17964496196947602, 0.7223160608179773, 0.7539689736655995, 0.47866625744028496, 0.6813421801343599, -0.33993896951820424, -0.2834883586658034, 0.3967636449711023, -0.3577960660785888, -0.6810888242237271, 0.6914247363363843, -0.17229232607973133, 0.252868766986399, -0.4887339717609436, -0.7085790799014089, -0.3933823246033128, 0.6678429513577485, -0.9180420600285524, 0.0610200957080389, -0.3846210934721586, -0.11893202785512447, 0.20699809812093362, -0.43915326150215206, -0.9605867638643849, -0.629328919118604, 0.9426993247287153, 0.0359540577630423, -0.6698285065347918, -0.9356378753244237, -0.9892242560871216, -0.5579726217991829, -0.9764450147647024, 0.7158795653382488, -0.15438628480734426, 0.10409687819985391, 0.13690481893283302, 0.390576106308419]
1019.9990844726562	(8, 12, 2)	[-0.6639791470117613, 0.7592234885522663, 1.0, 0.7391276991137115, 0.8909327961225129, 0.11121443424280164, -0.5505214611761631, -0.24937359562083702, 0.294791030587114, -0.17181286069560375, -0.862995831930368, 0.010225817455973951, 0.8620857707539309, 0.9317572790316111, -0.14726756470317337, 0.062378262938801665, 0.4104211140209837, 0.3646001426599881, 0.1605576877439876, -0.9450551558368194, -0.4067589341402056, 0.5695044360073259, -0.11820608604140359, -0.4555546825926644, 0.30733389921331944, 0.6567883114765323, -0.703023909591408, -0.8724782980257302, -0.619607476031382, 0.25576303599719585, -0.883541290408606, 0.16052033761015583, -0.24956922483909527, -0.4429517966226161, -0.09573661637849828, -0.6478688457185189, -0.25282142776957395, 0.6698960561607226, -0.04569196880373898, 0.5724114568927818, 0.6887589397159344, 0.5175752736713848, -0.21893391582901311, 0.4924693994152649, 0.710452198607419, -0.23020730813609308, -0.49954323929307165, 0.6464256865894908, -0.5517533685662066, 0.7641793912106142, -0.2644197864764891, 0.6234818581799075, 0.4724525902423744, 0.8331986390375947, 0.7712984867252999, -0.059560362725183946, 0.6765150031449407, 0.5655249395755964, 0.9087639698269232, 0.03705072368094227, -0.9249594954089719, -0.6028962769318174, 0.2569146771831896, -0.6176914437353269, -0.07605975573577184, -0.8600436903287714, -0.029582850202019007, -0.27906183309464083, -0.8097540994210333, 0.7162680024202883, 0.14456253591300072, 0.9768125377996546, -0.28718440614636276, 0.11673113579748351, -0.5358129646062693, -0.2500967994181953, 0.9368006361608062, 0.27260735717010065, 0.3090076435557816, 0.994555442673712, -0.7636935941180616, 0.5606037834762856, 0.2847769651318186, -0.09029792509478585, -0.19201813648154809, -0.36984312146879605, 0.32458552839958443, 0.6813421801343599, -0.31083323043229016, -0.23263477405877095, 0.3967636449711023, -0.12614292679605055, -0.256001147931342, 0.7706809723209849, -0.17229232607973133, 0.252868766986399, -0.4887339717609436, -0.7085790799014089, -0.3933823246033128, -0.37563599217083693, -0.8536113081248757, 0.0610200957080389, 0.15316995624621588, -0.03523389355467432, -0.012745537062166502, -0.43915326150215206, -0.9605867638643849, 0.9068829693956062, -0.8077166442137926, 0.18036107645863111, -0.8601173543897279, -0.9356378753244237, -0.9892242560871216, 1.0, 0.5719256790707532, 0.7158795653382488, -0.4612150030421551, 0.10409687819985391, -0.4195597827806556, 0.390576106308419]
1019.9985961914062	(8, 12, 2)	[-0.6639791470117613, 0.7094936267015974, 1.0, 0.7391276991137115, 0.744875834611491, -0.650009305824081, -0.4216551645587079, -0.3043186280944996, 0.20363692748411813, -0.17181286069560375, -0.7066242853680522, 0.010225817455973951, 0.8644954911533907, 0.9317572790316111, -0.14726756470317337, 0.2572003161333778, 0.4104211140209837, 0.3646001426599881, 0.1605576877439876, -0.9450551558368194, -0.4067589341402056, 0.46687176347089876, -0.11820608604140359, -0.4555546825926644, 0.30733389921331944, 0.5986422191065893, 0.705769051827176, -0.8724782980257302, -0.619607476031382, 0.25576303599719585, -0.8869683957439827, 0.7805476106040563, -0.8482576941141893, -0.6588387530045143, 0.23713566603349254, -0.7349753771016762, -0.25282142776957395, 0.2455849219653488, -0.569073700629944, 0.5839933833454669, -0.9738771935275028, 0.5175752736713848, -0.20131760251499756, 0.4924693994152649, 0.7367334397502983, 0.35925630616419024, -0.49954323929307165, 0.6134266371761303, -0.5958768552751346, 0.7641793912106142, -0.2533616513837189, 0.8675865202011788, 0.28989045814593184, 0.25534100480832794, 0.32648944605667857, -0.059560362725183946, 0.5827924831170495, 0.5655249395755964, 1.0, 0.10977669219100172, -0.9194816267117152, -0.5409364941212481, 0.2569146771831896, -0.6176914437353269, 0.9933828283099626, -0.813809655108374, -0.029582850202019007, -0.22112673724725984, -0.8097540994210333, 0.6520407060044363, 0.14456253591300072, 0.66976552612406, -0.1841430626255463, 0.6693214101574518, -0.5358129646062693, -0.9680562254645841, 0.9368006361608062, 0.27260735717010065, 0.3090076435557816, 0.994555442673712, -0.7636935941180616, 0.5606037834762856, -0.7527217364650859, -0.05064731238554021, 0.7223160608179773, -0.36984312146879605, -0.0015628317880505005, 0.6099375535205332, -0.31083323043229016, -0.2834883586658034, 0.41643600284560806, -0.3577960660785888, -0.6810888242237271, 0.6914247363363843, -0.17229232607973133, 0.252868766986399, -0.5849184597594377, -0.7085790799014089, -0.3933823246033128, -0.16069685414785428, -0.9180420600285524, 0.0610200957080389, -0.4809781608812065, -0.03523389355467432, 0.20699809812093362, 0.3417174551036606, -0.9605867638643849, 0.8407025709790655, 0.9426993247287153, 0.0359540577630423, -0.6698285065347918, -0.9356378753244237, -0.9892242560871216, -0.5579726217991829, -0.9764450147647024, 0.7158795653382488, 0.01373742332100436, 0.10409687819985391, 0.13690481893283302, 0.390576106308419]
1019.9984741210938	(8, 12, 2)	[-0.6639791470117613, 0.7094936267015974, 1.0, 0.4999036453710948, 0.9675256278852267, -0.650009305824081, -0.2859244264689047, -0.3095213831538198, 0.20363692748411813, -0.17181286069560375, -0.7066242853680522, 0.010225817455973951, 0.8620857707539309, 0.9317572790316111, -0.14726756470317337, 0.2572003161333778, 0.4104211140209837, 0.3898105757408067, 0.1605576877439876, -0.9450551558368194, -0.4067589341402056, 0.34164311880959675, -0.11820608604140359, -0.4555546825926644, 0.30733389921331944, 0.6567883114765323, -0.703023909591408, -0.8724782980257302, -0.619607476031382, -0.5808529026471327, -0.7146330713723803, 0.16052033761015583, -0.24956922483909527, -0.4429517966226161, 0.17651656899441617, -0.6478688457185189, -0.1255342789177285, 0.2455849219653488, -0.569073700629944, 0.5839933833454669, 0.6887589397159344, 0.51405565225003, -0.21893391582901311, 0.5599759605779985, 0.7367334397502983, -0.03875413269213886, -0.49954323929307165, 0.21039574442436249, -0.5517533685662066, 0.7641793912106142, -0.2644197864764891, 0.9842125273050234, 0.4724525902423744, 0.25534100480832794, 0.32648944605667857, -0.059560362725183946, 0.5827924831170495, 0.6085437869248246, 1.0, -0.07010513062898949, -0.9249594954089719, -0.5545967287405151, 0.2569146771831896, -0.6176914437353269, -0.07605975573577184, -0.8600436903287714, -0.016336618801673253, -0.27906183309464083, -0.8097540994210333, 0.6520407060044363, 0.14456253591300072, 0.9768125377996546, -0.28718440614636276, 0.11673113579748351, -0.5358129646062693, -0.2500967994181953, 0.9368006361608062, 0.27260735717010065, 0.3090076435557816, 0.994555442673712, -0.7636935941180616, 0.5606037834762856, -0.514382033521202, -0.17964496196947602, -0.19201813648154809, -0.3196405082023721, 0.32458552839958443, 0.6099375535205332, -0.33993896951820424, -0.4364663364127211, 0.3967636449711023, -0.3577960660785888, -0.256001147931342, 0.7497265897567205, -0.17229232607973133, 0.252868766986399, 0.2716854490819419, -0.7085790799014089, -0.3933823246033128, -0.37563599217083693, -0.9180420600285524, 0.0610200957080389, -0.3846210934721586, -0.03523389355467432, -0.035825066771232095, -0.43915326150215206, -0.9605867638643849, -0.629328919118604, 0.925333782982467, 0.18036107645863111, -0.6698285065347918, -0.9356378753244237, -0.9892242560871216, 0.9738977008133243, 0.5719256790707532, 0.7158795653382488, -0.46530463017105156, 0.27774955831820564, 0.13690481893283302, 0.390576106308419]
1019.999755859375	(8, 12, 2)	[-0.6639791470117613, 0.7094936267015974, 1.0, 0.7391276991137115, 0.7110038240315038, 0.11121443424280164, -0.2859244264689047, -0.3043186280944996, 0.294791030587114, -0.17181286069560375, -0.7066242853680522, 0.010225817455973951, 0.8644954911533907, 0.9317572790316111, -0.14726756470317337, 0.2572003161333778, 0.4104211140209837, 0.41413327964350943, 0.2744972809722671, -0.9450551558368194, -0.4067589341402056, 0.46687176347089876, -0.11820608604140359, -0.4555546825926644, 0.30733389921331944, 0.6567883114765323, -0.703023909591408, -0.8724782980257302, -0.8878540938386132, -0.5808529026471327, -0.8869683957439827, 0.16052033761015583, -0.9003997486957078, -0.4429517966226161, -0.09573661637849828, -0.6478688457185189, -0.1255342789177285, 0.2455849219653488, -0.9328904455953515, 0.5839933833454669, -0.9851562355452326, 0.5175752736713848, -0.21893391582901311, 0.3611425200258507, 0.7367334397502983, -0.032558711844499356, -0.49954323929307165, 0.6134266371761303, -0.5958768552751346, 0.7641793912106142, -0.2644197864764891, 0.8675865202011788, 0.4724525902423744, 0.8331986390375947, 0.14615468981762722, -0.059560362725183946, 0.5827924831170495, 0.6085437869248246, 1.0, -0.07010513062898949, -0.9194816267117152, -0.6028962769318174, 0.2569146771831896, -0.6176914437353269, -0.07605975573577184, -0.813809655108374, -0.2171807197702823, -0.27906183309464083, -0.8097540994210333, 0.6520407060044363, 0.14456253591300072, 0.9768125377996546, -0.28718440614636276, -0.04762054112020997, -0.5358129646062693, 0.24285215441133912, 0.9368006361608062, 0.27260735717010065, 0.3090076435557816, 0.994555442673712, -0.7636935941180616, 0.5606037834762856, -0.514382033521202, -0.05064731238554021, 0.016066638715143244, -0.4912429132382971, 0.32458552839958443, 0.6813421801343599, -0.33993896951820424, 0.37204236691761916, 0.23765278919220867, -0.3577960660785888, -0.256001147931342, 0.7497265897567205, -0.1252557044002045, 0.252868766986399, 0.2716854490819419, -0.7085790799014089, -0.3933823246033128, 0.6678429513577485, -0.9180420600285524, 0.0610200957080389, -0.025872440256027113, -0.03523389355467432, -0.035825066771232095, -0.43915326150215206, -0.9605867638643849, 0.86424411492218, 0.925333782982467, 0.020895997217269174, -0.6698285065347918, -0.9330333513987148, -1.0, 0.9738977008133243, -0.5064943303072869, 0.7158795653382488, 0.01373742332100436, 0.27774955831820564, 0.13690481893283302, -0.15874416362915372]
1019.9988403320312	(8, 12, 2)	[-0.6639791470117613, 0.7094936267015974, 0.9055039124120725, 0.9686292579748546, 0.744875834611491, -0.3040506727529668, -0.2859244264689047, -0.3095213831538198, 0.294791030587114, -0.17181286069560375, -0.7066242853680522, 0.03510842657262396, 0.8620857707539309, 0.9317572790316111, -0.14726756470317337, 0.2572003161333778, 0.4104211140209837, 0.41413327964350943, 0.2172158378153357, -0.9450551558368194, -0.4067589341402056, 0.34164311880959675, -0.11820608604140359, -0.4555546825926644, 0.30733389921331944, 0.6567883114765323, 0.705769051827176, -0.8724782980257302, -0.619607476031382, 0.25576303599719585, -0.883541290408606, 0.7805476106040563, -0.9003997486957078, -0.4429517966226161, 0.17651656899441617, -0.5853768697839361, -0.1255342789177285, 0.2455849219653488, -0.569073700629944, 0.42164022463474077, 0.6887589397159344, 0.5175752736713848, -0.21893391582901311, 0.39716704710480855, 0.7367334397502983, -0.03875413269213886, -0.5265632741038644, 0.21039574442436249, -0.5517533685662066, 0.7641793912106142, -0.2644197864764891, 0.6234818581799075, 0.4724525902423744, 0.25534100480832794, 0.7712984867252999, -0.059560362725183946, 0.6765150031449407, 0.2243225763435801, 1.0, -0.13933280572645046, -0.9194816267117152, 0.1644317291355506, 0.2569146771831896, -0.6176914437353269, 0.9933828283099626, -0.8600436903287714, -0.029582850202019007, -0.27906183309464083, -0.8097540994210333, 0.6520407060044363, 0.14456253591300072, 0.9768125377996546, -0.28718440614636276, -0.04762054112020997, -0.5358129646062693, -0.2500967994181953, 1.0, 0.27260735717010065, 0.3090076435557816, 0.994555442673712, -0.7636935941180616, 0.5606037834762856, -0.578285097478864, -0.05064731238554021, -0.19201813648154809, -0.5199062676722955, 0.32458552839958443, 0.6813421801343599, -0.33993896951820424, -0.4364663364127211, 0.23765278919220867, -0.3577960660785888, -0.256001147931342, 0.7497265897567205, -0.287547452378642, 0.252868766986399, -0.5849184597594377, -0.7085790799014089, -0.3933823246033128, -0.13570517164541845, -0.9180420600285524, 0.0610200957080389, 0.15316995624621588, -0.03523389355467432, -0.035825066771232095, 0.7876654589061478, -0.9605867638643849, -0.629328919118604, 0.925333782982467, 0.18036107645863111, -0.6698285065347918, -0.9356378753244237, -0.9892242560871216, 0.9738977008133243, -0.5064943303072869, 0.7158795653382488, -0.46530463017105156, 0.27774955831820564, -0.5031705434378673, 0.390576106308419]
1019.9989013671875	(8, 12, 2)	[-0.6639791470117613, 0.7094936267015974, 1.0, 0.9686292579748546, 0.7110038240315038, 0.25281721986636707, -0.5505214611761631, -0.3043186280944996, 0.294791030587114, -0.17181286069560375, -0.8100320329839253, 0.010225817455973951, 0.8644954911533907, 0.9317572790316111, -0.14726756470317337, 0.062378262938801665, 0.2754947682242437, 0.3646001426599881, 0.2744972809722671, -0.9450551558368194, -0.4067589341402056, 0.46687176347089876, -0.11820608604140359, -0.4555546825926644, 0.30733389921331944, 0.6567883114765323, 0.6518495224904508, -0.8724782980257302, -0.9731310135535336, 0.25576303599719585, -0.8869683957439827, 0.19463479419045335, -0.9003997486957078, -0.7070322043361154, -0.09573661637849828, -0.6478688457185189, -0.1255342789177285, 0.2455849219653488, -0.6332566793277139, 0.5839933833454669, 0.6887589397159344, 0.5175752736713848, -0.21893391582901311, 0.39716704710480855, 0.7367334397502983, -0.032558711844499356, -0.49954323929307165, 0.21039574442436249, -0.45088332598424713, 0.7641793912106142, -0.2644197864764891, 0.8675865202011788, 0.4724525902423744, 0.8331986390375947, 0.14615468981762722, -0.059560362725183946, 0.6765150031449407, 0.5655249395755964, 1.0, -0.07010513062898949, -0.9249594954089719, -0.6028962769318174, 0.2569146771831896, -0.6176914437353269, -0.07605975573577184, -0.813809655108374, 0.05028064495222537, -0.27906183309464083, -0.8097540994210333, 0.6520407060044363, 0.14456253591300072, 0.9768125377996546, -0.28718440614636276, 0.11673113579748351, -0.5358129646062693, -0.9680562254645841, 0.9368006361608062, 0.27260735717010065, 0.3090076435557816, 0.994555442673712, -0.7636935941180616, 0.5606037834762856, 0.2847769651318186, -0.05064731238554021, 0.7223160608179773, -0.3196405082023721, 0.32458552839958443, 0.6099375535205332, -0.33993896951820424, -0.2834883586658034, 0.23765278919220867, -0.3577960660785888, -0.6810888242237271, 0.7497265897567205, -0.17229232607973133, 0.252868766986399, 0.48432947215707123, -0.7085790799014089, -0.4359784273665531, -0.37563599217083693, -0.9180420600285524, 0.0610200957080389, -0.4607749053364749, -0.03523389355467432, -0.035825066771232095, 0.5747903678199182, -0.9605867638643849, 0.86424411492218, 0.9426993247287153, 0.020895997217269174, -0.6698285065347918, -0.9356378753244237, -0.9892242560871216, 0.9901815256247986, -0.5064943303072869, 0.7158795653382488, 0.01373742332100436, 0.10409687819985391, -0.5031705434378673, 0.390576106308419]
1019.99951171875	(8, 12, 2)	[-0.6639791470117613, 0.787227193858347, 1.0, 0.7391276991137115, 0.7110038240315038, 0.11121443424280164, -0.2859244264689047, -0.3043186280944996, 0.294791030587114, -0.17181286069560375, -0.7066242853680522, 0.010225817455973951, 0.8644954911533907, 0.9317572790316111, -0.14726756470317337, 0.2572003161333778, 0.4104211140209837, 0.3646001426599881, 0.1605576877439876, -0.9450551558368194, -0.4067589341402056, 0.46687176347089876, -0.11820608604140359, -0.4555546825926644, 0.30733389921331944, 0.6567883114765323, -0.703023909591408, -0.8724782980257302, -0.619607476031382, -0.5808529026471327, -0.8869683957439827, 0.16052033761015583, -0.8482576941141893, -0.6588387530045143, -0.09573661637849828, -0.5853768697839361, -0.25282142776957395, 0.2455849219653488, -0.6038447616029533, 0.5839933833454669, -1.0, 0.5175752736713848, -0.21893391582901311, 0.39716704710480855, 0.7367334397502983, -0.032558711844499356, -0.5265632741038644, 0.6134266371761303, -0.5958768552751346, 0.7641793912106142, -0.37575721523961364, 0.8675865202011788, 0.4724525902423744, 0.25534100480832794, 0.7712984867252999, -0.059560362725183946, 0.6765150031449407, 0.6085437869248246, 0.8841757464211928, -0.07010513062898949, -0.9194816267117152, -0.5545967287405151, 0.2569146771831896, -0.6176914437353269, -0.07605975573577184, -0.813809655108374, -0.029582850202019007, -0.27906183309464083, -0.8097540994210333, 0.6520407060044363, 0.14456253591300072, 0.9768125377996546, -0.28718440614636276, 0.6693214101574518, -0.5358129646062693, -0.2500967994181953, 0.9368006361608062, 0.27260735717010065, 0.3090076435557816, 0.994555442673712, -0.7636935941180616, 0.5606037834762856, -0.514382033521202, -0.05064731238554021, 0.7223160608179773, -0.36984312146879605, 0.32458552839958443, 0.6813421801343599, 0.4923767056584498, -0.3503957677621605, 0.3967636449711023, -0.3577960660785888, -0.6810888242237271, 0.7497265897567205, -0.1252557044002045, 0.252868766986399, -0.5849184597594377, -0.7085790799014089, -0.3933823246033128, 0.6678429513577485, -0.9180420600285524, -0.07283420378517033, -0.4607749053364749, -0.03523389355467432, 0.20699809812093362, 0.3417174551036606, -0.9605867638643849, 0.8407025709790655, 0.925333782982467, 0.020895997217269174, -0.6698285065347918, -0.9356378753244237, -0.9892242560871216, 0.9738977008133243, 0.5719256790707532, 0.7158795653382488, -0.5786689440704778, 0.27774955831820564, 0.13690481893283302, 0.390576106308419]
1019.99951171875	(8, 12, 2)	[-0.6639791470117613, 0.7094936267015974, 1.0, 0.9686292579748546, 0.7110038240315038, -0.3040506727529668, -0.2859244264689047, -0.24937359562083702, 0.20363692748411813, -0.17181286069560375, -0.8100320329839253, 0.010225817455973951, 0.8620857707539309, 0.9317572790316111, -0.14726756470317337, 0.062378262938801665, 0.4104211140209837, 0.3646001426599881, 0.3209576176012874, -0.8497409390828181, -0.4067589341402056, 0.34164311880959675, -0.11820608604140359, -0.3819749744955318, 0.30733389921331944, 0.6567883114765323, 0.705769051827176, -0.8724782980257302, -0.619607476031382, 0.25576303599719585, -0.8869683957439827, 0.7805476106040563, -0.24956922483909527, -0.7070322043361154, -0.09573661637849828, -0.6478688457185189, -0.1255342789177285, 0.2455849219653488, -0.569073700629944, 0.5839933833454669, 0.6887589397159344, 0.51405565225003, -0.20131760251499756, 0.39716704710480855, 0.710452198607419, 0.35925630616419024, -0.5265632741038644, 0.2761050424827186, -0.5517533685662066, 0.7641793912106142, -0.2644197864764891, 0.9842125273050234, 0.4724525902423744, 0.8331986390375947, 0.32648944605667857, -0.059560362725183946, 0.5827924831170495, 0.5655249395755964, 1.0, -0.07010513062898949, -0.9194816267117152, -0.5545967287405151, 0.2634524988800966, -0.6176914437353269, 0.9984234637922328, -0.8600436903287714, -0.029582850202019007, -0.27906183309464083, -0.7490504039000909, 0.6520407060044363, 0.14456253591300072, 0.9221666088405456, -0.28718440614636276, -0.04762054112020997, -0.5358129646062693, -0.8141570139224504, 0.9368006361608062, 0.27260735717010065, 0.3090076435557816, 0.994555442673712, -0.7636935941180616, 0.5616286854045003, 0.2847769651318186, -0.09029792509478585, -0.19201813648154809, -0.5199062676722955, 0.32458552839958443, 0.4665234166604266, -0.33993896951820424, -0.2834883586658034, 0.3967636449711023, -0.3577960660785888, -0.6810888242237271, 0.7497265897567205, -0.17229232607973133, 0.252868766986399, -0.5849184597594377, -0.7085790799014089, -0.4546230273268515, 0.6678429513577485, -0.9180420600285524, 0.0610200957080389, 0.15316995624621588, -0.11893202785512447, 0.20699809812093362, -0.43915326150215206, -0.9605867638643849, 0.9068829693956062, -0.6083237225652665, 0.18036107645863111, -0.6698285065347918, -0.7961462675489315, -0.9892242560871216, 0.9738977008133243, -0.9764450147647024, 0.6707687635758863, -0.265429580239999, 0.10409687819985391, -0.6300278170534901, 0.390576106308419]
1019.9962768554688	(8, 12, 2)	[-0.6639791470117613, 0.787227193858347, 1.0, 0.7391276991137115, 0.7110038240315038, 0.11121443424280164, -0.5505214611761631, -0.3043186280944996, 0.20363692748411813, -0.17181286069560375, -0.7066242853680522, 0.010225817455973951, 0.8620857707539309, 0.9884708672429382, -0.14726756470317337, 0.2572003161333778, 0.4104211140209837, 0.3646001426599881, 0.1605576877439876, -0.9450551558368194, -0.4067589341402056, 0.46687176347089876, -0.11820608604140359, -0.4555546825926644, 0.30733389921331944, 0.6567883114765323, 0.705769051827176, -0.8724782980257302, -0.619607476031382, -0.5808529026471327, -0.8869683957439827, 0.0920909984576191, -0.8482576941141893, -0.6588387530045143, -0.09573661637849828, -0.5853768697839361, -0.25282142776957395, 0.2455849219653488, -0.6038447616029533, 0.5839933833454669, -1.0, 0.5175752736713848, -0.21893391582901311, 0.4924693994152649, 0.7367334397502983, 0.35925630616419024, -0.49954323929307165, 0.6134266371761303, -0.5517533685662066, 0.7641793912106142, -0.2533616513837189, 0.8675865202011788, 0.4724525902423744, 0.7510593072537175, 0.7712984867252999, -0.059560362725183946, 0.5827924831170495, 0.2243225763435801, 0.8841757464211928, -0.07010513062898949, -0.9194816267117152, -0.5545967287405151, 0.2569146771831896, -0.6176914437353269, -0.07605975573577184, -0.813809655108374, -0.029582850202019007, -0.27906183309464083, -0.7490504039000909, 0.6520407060044363, 0.14456253591300072, 0.9768125377996546, -0.28718440614636276, 0.6693214101574518, -0.5358129646062693, -0.2500967994181953, 1.0, 0.27260735717010065, 0.3090076435557816, 0.994555442673712, -0.8663231545320875, 0.5606037834762856, -0.5165243499119966, -0.05064731238554021, -0.19201813648154809, -0.36984312146879605, 0.32458552839958443, 0.4665234166604266, -0.33993896951820424, -0.3503957677621605, 0.3967636449711023, -0.3577960660785888, -0.256001147931342, 0.7497265897567205, -0.1252557044002045, 0.252868766986399, 0.2716854490819419, -0.7085790799014089, -0.3933823246033128, 0.6678429513577485, -0.9180420600285524, 0.10633536624687884, -0.4607749053364749, -0.03523389355467432, 0.20699809812093362, -0.43915326150215206, -0.9605867638643849, 0.8407025709790655, 0.8071789743045719, 0.0359540577630423, -0.6698285065347918, -0.7961462675489315, -0.9892242560871216, 0.9901815256247986, -0.5211184675005036, 0.7158795653382488, 0.01373742332100436, 0.10409687819985391, 0.13690481893283302, 0.390576106308419]
1019.99951171875	(8, 12, 2)	[-0.6639791470117613, 0.7094936267015974, 1.0, 0.8858201051044287, 0.7110038240315038, 0.25281721986636707, -0.5505214611761631, -0.3043186280944996, 0.294791030587114, -0.17181286069560375, -0.8100320329839253, 0.010225817455973951, 0.8644954911533907, 0.9317572790316111, -0.14726756470317337, 0.2572003161333778, 0.2754947682242437, 0.3646001426599881, 0.1605576877439876, -0.9450551558368194, -0.4067589341402056, 0.34164311880959675, -0.11820608604140359, -0.3819749744955318, 0.3194374590632023, 0.6567883114765323, -0.703023909591408, -0.8724782980257302, -0.9731310135535336, -0.5808529026471327, -0.7146330713723803, 0.16052033761015583, -0.24956922483909527, -0.7070322043361154, 0.17651656899441617, -0.5853768697839361, -0.1255342789177285, 0.22960339658045764, -0.6038447616029533, 0.5839933833454669, -1.0, 0.51405565225003, -0.2554225464122548, 0.4924693994152649, 0.7367334397502983, -0.032558711844499356, -0.49954323929307165, 0.6134266371761303, -0.5517533685662066, 0.7641793912106142, -0.2533616513837189, 0.7991303802561509, 0.5364038256978741, 0.8331986390375947, 0.7712984867252999, -0.059560362725183946, 0.5827924831170495, 0.6711816124665293, 0.8841757464211928, 0.10977669219100172, -0.9194816267117152, -0.5545967287405151, 0.2569146771831896, -0.6176914437353269, -0.07605975573577184, -0.813809655108374, -0.029582850202019007, -0.27906183309464083, -0.7490504039000909, 0.6520407060044363, 0.14456253591300072, 0.9768125377996546, -0.28718440614636276, -0.04762054112020997, -0.5358129646062693, -0.2500967994181953, 0.9368006361608062, 0.27260735717010065, 0.3090076435557816, 0.994555442673712, -0.676990318706618, 0.5606037834762856, -0.514382033521202, -0.05064731238554021, 0.7223160608179773, -0.36984312146879605, 0.32458552839958443, 0.6099375535205332, -0.2908519728526853, -0.2834883586658034, 0.23765278919220867, -0.3577960660785888, -0.256001147931342, 0.7497265897567205, -0.17229232607973133, 0.252868766986399, 0.2716854490819419, -0.7085790799014089, -0.4359784273665531, -0.3430565182661973, -0.9180420600285524, 0.0610200957080389, 0.15316995624621588, -0.03523389355467432, -0.035825066771232095, -0.43915326150215206, -1.0, 0.9068829693956062, 0.925333782982467, 0.020895997217269174, -0.6698285065347918, -0.7961462675489315, -0.9892242560871216, -0.5579726217991829, -0.9764450147647024, 0.8862902648053664, -0.46530463017105156, 0.27774955831820564, -0.6300278170534901, 0.390576106308419]
1019.9974975585938	(8, 12, 2)	[-0.6639791470117613, 0.787227193858347, 1.0, 0.7391276991137115, 0.7110038240315038, -0.3040506727529668, -0.5505214611761631, -0.3043186280944996, 0.294791030587114, -0.17181286069560375, -0.7066242853680522, 0.010225817455973951, 0.8620857707539309, 0.9317572790316111, -0.14726756470317337, 0.2572003161333778, 0.4104211140209837, 0.41413327964350943, 0.1605576877439876, -0.9450551558368194, -0.4067589341402056, 0.46687176347089876, -0.11820608604140359, -0.4555546825926644, 0.30733389921331944, 0.6567883114765323, -0.703023909591408, -0.8724782980257302, -0.619607476031382, -0.5808529026471327, -0.8869683957439827, 0.16052033761015583, -0.9003997486957078, -0.6588387530045143, -0.09573661637849828, -0.9288403331366746, -0.25282142776957395, 0.2455849219653488, -0.6038447616029533, 0.5839933833454669, -0.9851562355452326, 0.5175752736713848, -0.21893391582901311, 0.4924693994152649, 0.7367334397502983, 0.35925630616419024, -0.5265632741038644, 0.21039574442436249, -0.5517533685662066, 0.7641793912106142, -0.37575721523961364, 0.8675865202011788, 0.4724525902423744, 0.7510593072537175, 0.7712984867252999, -0.059560362725183946, 0.6765150031449407, 0.5655249395755964, 0.8841757464211928, -0.07010513062898949, -0.9194816267117152, 0.1644317291355506, 0.2569146771831896, -0.6176914437353269, -0.07605975573577184, -0.813809655108374, -0.029582850202019007, -0.27906183309464083, -0.7490504039000909, 0.6520407060044363, 0.14456253591300072, 0.9768125377996546, -0.28718440614636276, -0.04762054112020997, -0.5358129646062693, -0.2500967994181953, 1.0, 0.27260735717010065, 0.3090076435557816, 0.994555442673712, -0.7636935941180616, 0.5606037834762856, -0.514382033521202, -0.05064731238554021, 0.7223160608179773, -0.36984312146879605, 0.32458552839958443, 0.4665234166604266, -0.33993896951820424, -0.3503957677621605, 0.23765278919220867, -0.3577960660785888, -0.6810888242237271, 0.7497265897567205, -0.22179618160152076, 0.252868766986399, -0.5849184597594377, -0.7085790799014089, -0.3933823246033128, 0.6678429513577485, -0.9180420600285524, 0.0610200957080389, 0.15316995624621588, -0.03523389355467432, 0.20699809812093362, -0.43915326150215206, -0.9605867638643849, 0.86424411492218, 0.925333782982467, 0.020895997217269174, -0.6698285065347918, -0.9356378753244237, -0.9892242560871216, 0.9901815256247986, -0.5211184675005036, 0.7158795653382488, -0.5786689440704778, 0.10409687819985391, -0.5031705434378673, 0.390576106308419]
1019.9983520507812	(8, 12, 2)	[-0.6639791470117613, 0.7094936267015974, 1.0, 0.7391276991137115, 0.7110038240315038, -0.3040506727529668, -0.5505214611761631, -0.3043186280944996, 0.20363692748411813, -0.17181286069560375, -0.8100320329839253, 0.010225817455973951, 0.8620857707539309, 0.9317572790316111, -0.14726756470317337, 0.25041203150585134, 0.4104211140209837, 0.3646001426599881, 0.1605576877439876, -0.9450551558368194, -0.4067589341402056, 0.46687176347089876, -0.11820608604140359, -0.4555546825926644, 0.30733389921331944, 0.645835057455241, -0.703023909591408, -0.8724782980257302, -0.619607476031382, -0.5808529026471327, -0.8869683957439827, 0.16052033761015583, -0.9003997486957078, -0.7070322043361154, -0.09573661637849828, -0.6478688457185189, -0.3964494431608011, 0.6698960561607226, -0.569073700629944, 0.5839933833454669, -0.9738771935275028, 0.5175752736713848, -0.21893391582901311, 0.4924693994152649, 0.7367334397502983, 0.35925630616419024, -0.5265632741038644, 0.21039574442436249, -0.5958768552751346, 0.7641793912106142, -0.37575721523961364, 0.8675865202011788, 0.3786262299860003, 0.25534100480832794, 0.7712984867252999, -0.059560362725183946, 0.6765150031449407, 0.2243225763435801, 1.0, -0.13933280572645046, -0.9194816267117152, 0.194443754699479, 0.2569146771831896, -0.6176914437353269, -0.11168087875211749, -0.8600436903287714, -0.029582850202019007, -0.27906183309464083, -0.9317354942193945, 0.7162680024202883, 0.14456253591300072, 0.9315526519734583, -0.28718440614636276, 0.6693214101574518, -0.5358129646062693, -0.2500967994181953, 0.9368006361608062, 0.27260735717010065, 0.3090076435557816, 0.994555442673712, -0.7636935941180616, 0.5606037834762856, -0.514382033521202, -0.05064731238554021, -0.19201813648154809, -0.5199062676722955, 0.32458552839958443, 0.4665234166604266, -0.33993896951820424, -0.3503957677621605, 0.3967636449711023, -0.3577960660785888, -0.6810888242237271, 0.7497265897567205, -0.1252557044002045, 0.252868766986399, 0.4212985206760742, -0.7085790799014089, -0.3933823246033128, 0.5323132845649042, -0.9180420600285524, 0.0610200957080389, 0.15316995624621588, -0.03523389355467432, -0.035825066771232095, 0.5747903678199182, -0.9605867638643849, 0.9068829693956062, -0.6083237225652665, 0.020895997217269174, -0.6698285065347918, -0.7961462675489315, -0.9892242560871216, -0.5579726217991829, 0.5719256790707532, -0.606141774477291, 0.01373742332100436, 0.10409687819985391, 0.13690481893283302, 0.390576106308419]
1019.9996337890625	(8, 12, 2)	[-0.6639791470117613, 0.7094936267015974, 0.9055039124120725, 0.9686292579748546, 0.7110038240315038, 0.25281721986636707, -0.5505214611761631, -0.3043186280944996, 0.3308657666859655, -0.17181286069560375, -0.7066242853680522, 0.010225817455973951, 0.8644954911533907, 0.9317572790316111, -0.14726756470317337, 0.062378262938801665, 0.4104211140209837, 0.41413327964350943, 0.2744972809722671, -0.9384125507342702, -0.4067589341402056, 0.34164311880959675, -0.11820608604140359, -0.28231912867006986, 0.30733389921331944, 0.645835057455241, -0.703023909591408, -0.8724782980257302, -0.619607476031382, -0.5808529026471327, -0.883541290408606, 0.16052033761015583, -0.9003997486957078, -0.6588387530045143, -0.09573661637849828, -0.6478688457185189, -0.1255342789177285, 0.6698960561607226, -0.569073700629944, 0.5839933833454669, -0.9851562355452326, 0.51405565225003, -0.21893391582901311, 0.39716704710480855, 0.7367334397502983, 0.35925630616419024, -0.5265632741038644, 0.3163424179753015, -0.5958768552751346, 0.7641793912106142, -0.2644197864764891, 0.7991303802561509, 0.5364038256978741, 0.8331986390375947, 0.14615468981762722, -0.059560362725183946, 0.5827924831170495, 0.2243225763435801, 0.8841757464211928, 0.10977669219100172, -0.9194816267117152, -0.5781131525025589, 0.2569146771831896, -0.6176914437353269, -0.07605975573577184, -0.8600436903287714, -0.029582850202019007, -0.23151175043794536, -0.8097540994210333, 0.6520407060044363, 0.14456253591300072, 0.9768125377996546, -0.28718440614636276, 0.11609717624565347, -0.5358129646062693, 0.24285215441133912, 0.9368006361608062, 0.27260735717010065, 0.3090076435557816, 0.994555442673712, -0.676990318706618, 0.5606037834762856, -0.514382033521202, -0.05064731238554021, -0.19201813648154809, -0.34124813562438105, 0.32458552839958443, 0.6813421801343599, -0.33993896951820424, -0.2834883586658034, 0.3967636449711023, -0.3577960660785888, -0.256001147931342, 0.7497265897567205, -0.22179618160152076, 0.252868766986399, 0.2716854490819419, -0.7085790799014089, -0.3933823246033128, 0.6678429513577485, -0.9180420600285524, 0.0610200957080389, 0.15316995624621588, -0.03523389355467432, -0.035825066771232095, 0.7876654589061478, -0.9605867638643849, 0.86424411492218, -0.8077166442137926, 0.020895997217269174, -0.6698285065347918, -0.9356378753244237, -0.9892242560871216, 0.9901815256247986, -0.5211184675005036, -0.606141774477291, -0.5786689440704778, 0.27774955831820564, 0.13690481893283302, 0.390576106308419]
1019.998291015625	(8, 12, 2)	[-0.6639791470117613, 0.7094936267015974, 1.0, 0.7391276991137115, 0.7110038240315038, -0.3040506727529668, -0.5505214611761631, -0.24937359562083702, 0.20363692748411813, -0.17181286069560375, -0.7066242853680522, 0.010225817455973951, 0.8620857707539309, 0.9317572790316111, -0.2675344083193996, 0.062378262938801665, 0.2754947682242437, 0.3646001426599881, 0.1605576877439876, -0.9450551558368194, -0.3974205949913992, 0.46687176347089876, -0.11820608604140359, -0.4555546825926644, 0.30733389921331944, 0.645835057455241, -0.703023909591408, -0.8724782980257302, -0.619607476031382, -0.5808529026471327, -0.8869683957439827, 0.16052033761015583, -0.9003997486957078, -0.7042345732146756, 0.17651656899441617, -0.5853768697839361, -0.1255342789177285, 0.22960339658045764, -0.569073700629944, 0.5839933833454669, -0.9738771935275028, 0.5175752736713848, -0.2554225464122548, 0.39716704710480855, 0.7367334397502983, -0.0832005867881212, -0.49954323929307165, 0.21039574442436249, -0.5958768552751346, 0.7641793912106142, -0.2533616513837189, 0.8675865202011788, 0.3786262299860003, 0.25534100480832794, 0.7712984867252999, -0.059560362725183946, 0.5827924831170495, 0.5655249395755964, 1.0, 0.10977669219100172, -0.9194816267117152, -0.6028962769318174, 0.2569146771831896, -0.6176914437353269, -0.11168087875211749, -0.813809655108374, -0.029582850202019007, -0.27906183309464083, -0.8097540994210333, 0.6520407060044363, 0.14456253591300072, 0.9768125377996546, -0.28718440614636276, 0.6693214101574518, -0.5358129646062693, -0.2500967994181953, 0.9368006361608062, 0.27260735717010065, 0.3090076435557816, 0.994555442673712, -0.8663231545320875, 0.5606037834762856, -0.514382033521202, -0.05064731238554021, -0.19201813648154809, -0.5199062676722955, 0.32458552839958443, 0.4665234166604266, -0.33993896951820424, -0.3503957677621605, 0.23765278919220867, -0.3577960660785888, -0.256001147931342, 0.7497265897567205, -0.1252557044002045, 0.252868766986399, 0.2716854490819419, -0.7085790799014089, -0.3933823246033128, 0.5323132845649042, -0.9180420600285524, 0.0610200957080389, 0.15316995624621588, -0.03523389355467432, 0.08501319449564249, 0.5747903678199182, -0.9605867638643849, 0.86424411492218, -0.8077166442137926, 0.020895997217269174, -0.6698285065347918, -0.7961462675489315, -0.9892242560871216, -0.5579726217991829, 0.5719256790707532, 0.8862902648053664, -0.46530463017105156, 0.27774955831820564, 0.13690481893283302, 0.390576106308419]
1019.9998168945312	(8, 12, 2)	[-0.6639791470117613, 0.6857175561147506, 0.9055039124120725, 0.7391276991137115, 0.7110038240315038, 0.25281721986636707, -0.2859244264689047, -0.3043186280944996, 0.20363692748411813, -0.17181286069560375, -0.8100320329839253, 0.010225817455973951, 0.8620857707539309, 0.9317572790316111, -0.14631862548040464, 0.2572003161333778, 0.4104211140209837, 0.3646001426599881, 0.2172158378153357, -0.9450551558368194, -0.4067589341402056, 0.34164311880959675, -0.11820608604140359, -0.4555546825926644, 0.390497696126568, 0.6567883114765323, -0.7098874640648121, -0.8724782980257302, -0.619607476031382, -0.5808529026471327, -0.8869683957439827, 0.10822169200846997, -0.9003997486957078, -0.7042345732146756, -0.09573661637849828, -0.608312649530442, -0.25282142776957395, 0.2455849219653488, -0.569073700629944, 0.5839933833454669, -1.0, 0.5175752736713848, -0.21893391582901311, 0.5182232616622887, 0.7367334397502983, 0.35925630616419024, -0.5265632741038644, 0.6134266371761303, -0.45088332598424713, 0.7641793912106142, -0.2533616513837189, 0.8675865202011788, 0.5364038256978741, 0.25534100480832794, 0.7712984867252999, -0.059560362725183946, 0.6765150031449407, 0.6711816124665293, 1.0, 0.10977669219100172, -0.9194816267117152, -0.6028962769318174, 0.2569146771831896, -0.6176914437353269, -0.07605975573577184, -0.8600436903287714, -0.029582850202019007, -0.27906183309464083, -0.8097540994210333, 0.6520407060044363, 0.14456253591300072, 0.9768125377996546, -0.28718440614636276, -0.03471106953742535, -0.5358129646062693, -0.2500967994181953, 1.0, 0.27260735717010065, 0.3090076435557816, 0.994555442673712, -0.7636935941180616, 0.5606037834762856, -0.514382033521202, -0.05064731238554021, 0.5774005586359514, -0.36984312146879605, 0.32458552839958443, 0.4665234166604266, -0.33993896951820424, -0.23263477405877095, 0.23765278919220867, -0.3577960660785888, -0.256001147931342, 0.7497265897567205, -0.17229232607973133, 0.252868766986399, -0.5849184597594377, -0.7085790799014089, -0.5821307924894491, 0.6678429513577485, -0.9180420600285524, 0.0610200957080389, 0.15316995624621588, -0.03523389355467432, 0.05428309351526438, 0.7876654589061478, -0.9605867638643849, 0.9068829693956062, 0.925333782982467, 0.020895997217269174, -0.6698285065347918, -0.7961462675489315, -0.9892242560871216, -0.5579726217991829, -0.5211184675005036, -0.606141774477291, -0.5786689440704778, 0.27774955831820564, -0.6300278170534901, 0.390576106308419]
1019.998779296875	(8, 12, 2)	[-0.6639791470117613, 0.7094936267015974, 1.0, 0.7391276991137115, 0.7110038240315038, 0.25281721986636707, -0.5505214611761631, -0.3043186280944996, 0.20363692748411813, -0.17181286069560375, -0.7066242853680522, 0.07353686383920326, 0.8644954911533907, 0.9317572790316111, -0.14726756470317337, 0.062378262938801665, 0.4104211140209837, 0.3646001426599881, 0.1605576877439876, -0.9450551558368194, -0.4067589341402056, 0.46687176347089876, -0.11820608604140359, -0.4555546825926644, 0.30733389921331944, 0.6567883114765323, -0.703023909591408, -0.8724782980257302, -0.619607476031382, -0.5808529026471327, -0.883541290408606, 0.7805476106040563, -0.9003997486957078, -0.7070322043361154, -0.09573661637849828, -0.5783028620624727, -0.1255342789177285, 0.2455849219653488, -0.6038447616029533, 0.42164022463474077, -0.9738771935275028, 0.5175752736713848, -0.21893391582901311, 0.39716704710480855, 0.7367334397502983, 0.35925630616419024, -0.564077658360006, 0.6464256865894908, -0.565854477049478, 0.7641793912106142, -0.2644197864764891, 0.8675865202011788, 0.4724525902423744, 0.8331986390375947, 0.7712984867252999, -0.059560362725183946, 0.5827924831170495, 0.2243225763435801, 0.8841757464211928, 0.10977669219100172, -0.9194816267117152, -0.6028962769318174, 0.2569146771831896, -0.6176914437353269, -0.11168087875211749, -0.8600436903287714, -0.029582850202019007, -0.23151175043794536, -0.8097540994210333, 0.7162680024202883, 0.14456253591300072, 0.9768125377996546, -0.28718440614636276, 0.11609717624565347, -0.5358129646062693, -0.2500967994181953, 0.9368006361608062, 0.27260735717010065, 0.3090076435557816, 0.994555442673712, -0.7636935941180616, 0.5606037834762856, -0.514382033521202, -0.05064731238554021, -0.19201813648154809, -0.34124813562438105, 0.42937765487859675, 0.6813421801343599, -0.33993896951820424, -0.23263477405877095, 0.3967636449711023, -0.3577960660785888, -0.6810888242237271, 0.7497265897567205, -0.22179618160152076, 0.252868766986399, -0.6491412267950697, -0.7085790799014089, -0.3933823246033128, 0.6678429513577485, -0.9180420600285524, 0.0610200957080389, 0.15316995624621588, -0.03523389355467432, -0.035825066771232095, 0.7876654589061478, -0.9605867638643849, 0.9068829693956062, 0.925333782982467, 0.020895997217269174, -0.6698285065347918, -0.9356378753244237, -0.9892242560871216, -0.5579726217991829, -0.5211184675005036, 0.7158795653382488, -0.5786689440704778, 0.10409687819985391, 0.13690481893283302, 0.390576106308419]
1019.9995727539062	(8, 12, 2)	[-0.6639791470117613, 0.7094936267015974, 1.0, 0.9686292579748546, 0.7110038240315038, 0.25281721986636707, -0.5505214611761631, -0.3043186280944996, 0.20363692748411813, -0.17181286069560375, -0.7066242853680522, 0.010225817455973951, 0.847083719078277, 0.9317572790316111, -0.14726756470317337, 0.2572003161333778, 0.4104211140209837, 0.3898105757408067, 0.1605576877439876, -0.9450551558368194, -0.4067589341402056, 0.46687176347089876, -0.11820608604140359, -0.28231912867006986, 0.30733389921331944, 0.5705013494946065, -0.703023909591408, -0.8724782980257302, -0.619607476031382, 0.25576303599719585, -0.8869683957439827, 0.10822169200846997, -0.9003997486957078, -0.6588387530045143, -0.09573661637849828, -0.6478688457185189, -0.1255342789177285, 0.6698960561607226, -0.569073700629944, 0.5839933833454669, -0.9851562355452326, 0.51405565225003, -0.21893391582901311, 0.4924693994152649, 0.7367334397502983, 0.35925630616419024, -0.49954323929307165, 0.21039574442436249, -0.45088332598424713, 0.7641793912106142, -0.2533616513837189, 0.6234818581799075, 0.4724525902423744, 0.8331986390375947, 0.8207328473113025, -0.059560362725183946, 0.5827924831170495, 0.2243225763435801, 1.0, -0.13933280572645046, -0.9194816267117152, 0.1644317291355506, 0.2569146771831896, -0.6176914437353269, -0.07605975573577184, -0.813809655108374, -0.029582850202019007, -0.27906183309464083, -0.8097540994210333, 0.6520407060044363, 0.14456253591300072, 0.66976552612406, -0.28718440614636276, -0.04762054112020997, -0.5358129646062693, -0.2500967994181953, 1.0, 0.28329782129433945, 0.2986971549018664, 0.994555442673712, -0.676990318706618, 0.5606037834762856, -0.5165243499119966, -0.05064731238554021, -0.19201813648154809, -0.34124813562438105, 0.42937765487859675, 0.4665234166604266, -0.33993896951820424, -0.23263477405877095, 0.3967636449711023, -0.3577960660785888, -0.6810888242237271, 0.7497265897567205, -0.17229232607973133, 0.252868766986399, 0.2716854490819419, -0.7085790799014089, -0.3933823246033128, -0.37563599217083693, -0.9180420600285524, 0.0610200957080389, 0.15316995624621588, -0.03523389355467432, -0.035825066771232095, 0.5747903678199182, -0.9605867638643849, 0.9935877626417932, 0.9426993247287153, 0.020895997217269174, -0.6698285065347918, -0.9020027267029211, -0.9892242560871216, 0.9901815256247986, -0.5064943303072869, 0.7158795653382488, -0.5786689440704778, 0.10409687819985391, -0.5031705434378673, 0.390576106308419]
1019.9994506835938	(8, 12, 2)	[-0.6639791470117613, 0.7094936267015974, 1.0, 0.7391276991137115, 0.6696793292552449, 0.25281721986636707, -0.5505214611761631, -0.3043186280944996, 0.20363692748411813, -0.17181286069560375, -0.8100320329839253, 0.07353686383920326, 0.8644954911533907, 0.9317572790316111, -0.14726756470317337, 0.062378262938801665, 0.2754947682242437, 0.3646001426599881, 0.1605576877439876, -0.9450551558368194, -0.4067589341402056, 0.46687176347089876, -0.11820608604140359, -0.4555546825926644, 0.47155919300091576, 0.6567883114765323, -0.703023909591408, -0.8724782980257302, -0.619607476031382, -0.5808529026471327, -0.9352829311329398, 0.16052033761015583, -0.9003997486957078, -0.6588387530045143, 0.17651656899441617, -0.5853768697839361, -0.1255342789177285, 0.2455849219653488, -0.6038447616029533, 0.5839933833454669, -0.9738771935275028, 0.5175752736713848, -0.21893391582901311, 0.39716704710480855, 0.7367334397502983, -0.0832005867881212, -0.564077658360006, 0.21039574442436249, -0.565854477049478, 0.7641793912106142, -0.2644197864764891, 0.8675865202011788, 0.4724525902423744, 0.25534100480832794, 0.7712984867252999, -0.059560362725183946, 0.5827924831170495, 0.6711816124665293, 1.0, 0.10977669219100172, -1.0, -0.6028962769318174, 0.2569146771831896, -0.6176914437353269, -0.11168087875211749, -0.8600436903287714, -0.029582850202019007, -0.27906183309464083, -0.8097540994210333, 0.7162680024202883, 0.14456253591300072, 0.9768125377996546, -0.28718440614636276, -0.03471106953742535, -0.5358129646062693, -0.2500967994181953, 0.9368006361608062, 0.27260735717010065, 0.3090076435557816, 0.994555442673712, -0.7636935941180616, 0.5606037834762856, -0.514382033521202, -0.05064731238554021, -0.19201813648154809, -0.34124813562438105, 0.32458552839958443, 0.6813421801343599, -0.33993896951820424, -0.3503957677621605, 0.19621147912376258, -0.3577960660785888, -0.256001147931342, 0.7497265897567205, -0.22179618160152076, 0.252868766986399, -0.6491412267950697, -0.7085790799014089, -0.3933823246033128, 0.6678429513577485, -0.9180420600285524, 0.0610200957080389, 0.15316995624621588, -0.03523389355467432, 0.08501319449564249, 0.7876654589061478, -0.9605867638643849, 0.86424411492218, 0.925333782982467, 0.020895997217269174, -0.8601173543897279, -0.9356378753244237, -0.9892242560871216, -0.5579726217991829, -0.5211184675005036, 0.7158795653382488, -0.5786689440704778, 0.10409687819985391, 0.13690481893283302, 0.390576106308419]
1019.9990234375	(8, 12, 2)	[-0.6639791470117613, 0.7094936267015974, 1.0, 0.7391276991137115, 0.7110038240315038, 0.11121443424280164, -0.5505214611761631, -0.42574753591224546, 0.294791030587114, -0.17181286069560375, -0.7066242853680522, 0.010225817455973951, 0.8620857707539309, 0.9317572790316111, -0.14631862548040464, 0.062378262938801665, 0.4104211140209837, 0.3646001426599881, 0.1605576877439876, -0.9450551558368194, -0.4067589341402056, 0.34164311880959675, -0.11820608604140359, -0.4555546825926644, 0.30733389921331944, 0.6567883114765323, -0.703023909591408, -0.9324203608287607, -0.619607476031382, -0.734188736000329, -0.8869683957439827, 0.16052033761015583, -0.8482576941141893, -0.7249616196694006, -0.09573661637849828, -0.5853768697839361, -0.1255342789177285, 0.2455849219653488, -0.6038447616029533, 0.5839933833454669, -1.0, 0.51405565225003, -0.2554225464122548, 0.39716704710480855, 0.7367334397502983, 0.35925630616419024, -0.49954323929307165, 0.3163424179753015, -0.45088332598424713, 0.7641793912106142, -0.37575721523961364, 0.8242251933554149, 0.4724525902423744, 0.25534100480832794, 0.7712984867252999, -0.059560362725183946, 0.5827924831170495, 0.2243225763435801, 1.0, -0.13933280572645046, -0.9194816267117152, 0.1644317291355506, 0.13974337703898282, -0.6176914437353269, -0.04556766861112707, -0.813809655108374, -0.029582850202019007, -0.27906183309464083, -0.8097540994210333, 0.6520407060044363, 0.18376424056639407, 0.9768125377996546, -0.28718440614636276, -0.09107138070498569, -0.42221844177684936, -0.2500967994181953, 0.9368006361608062, 0.27260735717010065, 0.2986971549018664, 0.994555442673712, -0.7636935941180616, 0.5606037834762856, -0.5407672730415601, -0.05064731238554021, -0.19201813648154809, -0.3652652107052847, 0.32458552839958443, 0.4665234166604266, 0.4923767056584498, -0.23263477405877095, 0.3967636449711023, -0.3577960660785888, -0.256001147931342, 0.7497265897567205, -0.1252557044002045, 0.252868766986399, 0.2716854490819419, -0.7085790799014089, -0.3933823246033128, 0.6678429513577485, -0.9180420600285524, 0.0610200957080389, 0.15316995624621588, -0.03523389355467432, -0.035825066771232095, 0.7876654589061478, -0.9605867638643849, 0.9068829693956062, 0.925333782982467, 0.0359540577630423, -0.6698285065347918, -0.7961462675489315, -0.9892242560871216, 0.9901815256247986, -0.5283867566072804, 0.622899970804197, -0.5786689440704778, 0.10409687819985391, 0.13690481893283302, 0.3591082862834218]
1019.9967041015625	(8, 12, 2)	[-0.6639791470117613, 0.725738124745428, 1.0, 0.8954796047979736, 0.7110038240315038, -0.3040506727529668, -0.5505214611761631, -0.3043186280944996, 0.20363692748411813, -0.17181286069560375, -0.7066242853680522, -0.11031701177449121, 0.8620857707539309, 0.9317572790316111, -0.14726756470317337, 0.25041203150585134, 0.2754947682242437, 0.3646001426599881, 0.1605576877439876, -0.9450551558368194, -0.563253920273001, 0.46687176347089876, -0.11820608604140359, -0.5379648815750252, 0.30733389921331944, 0.6567883114765323, -0.703023909591408, -0.8724782980257302, -0.619607476031382, -0.734188736000329, -0.8869683957439827, 0.22354732708074754, -0.9003997486957078, -0.7070322043361154, 0.17651656899441617, -0.6478688457185189, -0.1255342789177285, 0.2455849219653488, -0.569073700629944, 0.5839933833454669, -0.9738771935275028, 0.51405565225003, -0.21893391582901311, 0.39716704710480855, 0.7367334397502983, 0.35925630616419024, -0.49954323929307165, 0.6134266371761303, -0.5958768552751346, 0.7641793912106142, -0.2644197864764891, 0.7991303802561509, 0.4724525902423744, 0.25534100480832794, 0.7712984867252999, -0.059560362725183946, 0.5827924831170495, 0.6711816124665293, 1.0, -0.13933280572645046, -1.0, -0.5545967287405151, 0.2569146771831896, -0.6176914437353269, -0.07605975573577184, -0.8600436903287714, -0.029582850202019007, -0.23151175043794536, -0.8097540994210333, 0.7162680024202883, 0.14456253591300072, 0.9315526519734583, -0.28718440614636276, 0.11609717624565347, -0.5358129646062693, -0.2500967994181953, 0.9368006361608062, 0.28329782129433945, 0.3090076435557816, 0.994555442673712, -0.7636935941180616, 0.5606037834762856, -0.514382033521202, -0.05064731238554021, -0.19201813648154809, -0.5199062676722955, 0.42937765487859675, 0.6813421801343599, -0.33993896951820424, -0.23263477405877095, 0.3967636449711023, -0.3577960660785888, -0.6810888242237271, 0.7497265897567205, -0.22179618160152076, 0.252868766986399, 0.2716854490819419, -0.7085790799014089, -0.3933823246033128, 0.6678429513577485, -0.9180420600285524, 0.0610200957080389, 0.15316995624621588, -0.03523389355467432, -0.035825066771232095, -0.11725195891653861, -0.9605867638643849, 0.86424411492218, 0.9426993247287153, 0.0359540577630423, -0.8601173543897279, -0.9020027267029211, -0.9892242560871216, 0.9901815256247986, -0.5283867566072804, 0.7158795653382488, -0.5786689440704778, 0.10409687819985391, 0.13690481893283302, 0.390576106308419]
1019.9995727539062	(8, 12, 2)	[-0.6639791470117613, 0.787227193858347, 1.0, 0.7391276991137115, 0.7110038240315038, 0.11121443424280164, -0.5505214611761631, -0.42574753591224546, 0.20363692748411813, -0.17181286069560375, -0.7066242853680522, 0.010225817455973951, 0.8644954911533907, 0.9317572790316111, -0.14726756470317337, 0.2572003161333778, 0.4104211140209837, 0.3646001426599881, 0.1605576877439876, -0.9248733110208628, -0.4067589341402056, 0.34164311880959675, -0.11820608604140359, -0.4555546825926644, 0.30733389921331944, 0.6567883114765323, -0.703023909591408, -0.9324203608287607, -0.619607476031382, -0.5808529026471327, -0.8869683957439827, 0.7805476106040563, -0.8482576941141893, -0.7249616196694006, -0.09573661637849828, -0.5853768697839361, -0.1255342789177285, 0.6381438251147277, -0.6038447616029533, 0.5839933833454669, -1.0, 0.51405565225003, -0.21893391582901311, 0.4924693994152649, 0.7367334397502983, 0.35925630616419024, -0.49954323929307165, 0.3163424179753015, -0.45088332598424713, 0.6734226972938573, -0.37575721523961364, 0.8675865202011788, 0.31014539227687377, 0.8331986390375947, 0.7712984867252999, -0.059560362725183946, 0.5827924831170495, 0.6085437869248246, 0.8841757464211928, -0.13933280572645046, -0.9194816267117152, -0.6028962769318174, 0.2569146771831896, -0.6176914437353269, -0.04556766861112707, -0.8600436903287714, -0.01024765724509294, -0.27906183309464083, -0.7490504039000909, 0.6520407060044363, 0.14456253591300072, 0.9768125377996546, -0.28718440614636276, -0.04762054112020997, -0.5358129646062693, -0.2500967994181953, 0.9368006361608062, 0.27260735717010065, 0.3090076435557816, 0.994555442673712, -0.7636935941180616, 0.5606037834762856, -0.578285097478864, -0.05064731238554021, -0.19201813648154809, -0.3196405082023721, 0.42937765487859675, 0.4665234166604266, 0.4923767056584498, -0.23263477405877095, 0.19621147912376258, -0.3577960660785888, -0.6810888242237271, 0.7497265897567205, -0.22179618160152076, 0.252868766986399, 0.2716854490819419, -0.7085790799014089, -0.4359784273665531, 0.6678429513577485, -0.9180420600285524, 0.0610200957080389, 0.15316995624621588, -0.03523389355467432, -0.035825066771232095, 0.7876654589061478, -0.9605867638643849, 0.9068829693956062, 0.925333782982467, 0.0359540577630423, -0.6698285065347918, -0.7961462675489315, -0.9892242560871216, 0.9901815256247986, 0.5719256790707532, 0.7158795653382488, -0.5786689440704778, 0.10409687819985391, 0.13690481893283302, 0.3591082862834218]
1019.9998168945312	(8, 12, 2)	[-0.6639791470117613, 0.7094936267015974, 1.0, 0.7391276991137115, 0.6696793292552449, 0.25281721986636707, -0.5505214611761631, -0.3043186280944996, 0.294791030587114, -0.17181286069560375, -0.8387716869577317, -0.11031701177449121, 0.8620857707539309, 0.9317572790316111, -0.14726756470317337, 0.2572003161333778, 0.4104211140209837, 0.3646001426599881, 0.1605576877439876, -0.9450551558368194, -0.4067589341402056, 0.46687176347089876, -0.11820608604140359, -0.4555546825926644, 0.47155919300091576, 0.6567883114765323, -0.703023909591408, -0.8724782980257302, -0.619607476031382, -0.5808529026471327, -0.8869683957439827, 0.10822169200846997, -0.9003997486957078, -0.6588387530045143, -0.09573661637849828, -0.6478688457185189, -0.07976573992283231, 0.2455849219653488, -0.6038447616029533, 0.5839933833454669, -1.0, 0.5175752736713848, -0.21893391582901311, 0.4924693994152649, 0.7367334397502983, 0.35925630616419024, -0.564077658360006, 0.21039574442436249, -0.5958768552751346, 0.7641793912106142, -0.2533616513837189, 0.7991303802561509, 0.4724525902423744, 0.9355965725360511, 0.070187294901722, -0.059560362725183946, 0.5827924831170495, 0.5655249395755964, 1.0, -0.07010513062898949, -0.9194816267117152, -0.6028962769318174, 0.2569146771831896, -0.6176914437353269, -0.07605975573577184, -0.8600436903287714, -0.01024765724509294, -0.27906183309464083, -0.8097540994210333, 0.7162680024202883, 0.14456253591300072, 0.9768125377996546, -0.28718440614636276, -0.04762054112020997, -0.5358129646062693, -0.2500967994181953, 0.8513141113943236, 0.27260735717010065, 0.3090076435557816, 0.994555442673712, -0.8663231545320875, 0.5606037834762856, -0.578285097478864, -0.05064731238554021, -0.19201813648154809, -0.5199062676722955, 0.32458552839958443, 0.6099375535205332, 0.4923767056584498, -0.23263477405877095, 0.3967636449711023, -0.3577960660785888, -0.6810888242237271, 0.7497265897567205, -0.22179618160152076, 0.252868766986399, -0.6491412267950697, -0.4986001179365782, -0.4359784273665531, 0.6678429513577485, -0.9180420600285524, 0.0610200957080389, -0.4607749053364749, -0.04515366981948532, -0.035825066771232095, 0.7876654589061478, -1.0, 0.9068829693956062, 0.8753127311560762, 0.020895997217269174, -0.6698285065347918, -0.9020027267029211, -0.9892242560871216, -0.5579726217991829, -0.9764450147647024, -0.606141774477291, 0.01373742332100436, 0.10409687819985391, -0.5031705434378673, 0.3591082862834218]
1019.9995727539062	(8, 12, 2)	[-0.6639791470117613, 0.7094936267015974, 1.0, 0.7391276991137115, 0.6696793292552449, 0.25281721986636707, -0.5505214611761631, -0.3043186280944996, 0.294791030587114, -0.17181286069560375, -0.8387716869577317, -0.11031701177449121, 0.8620857707539309, 0.9317572790316111, -0.14726756470317337, 0.2572003161333778, 0.4104211140209837, 0.3646001426599881, 0.1605576877439876, -0.9450551558368194, -0.4067589341402056, 0.46687176347089876, -0.11820608604140359, -0.4555546825926644, 0.47155919300091576, 0.6567883114765323, -0.703023909591408, -0.8724782980257302, -0.619607476031382, -0.5808529026471327, -0.8869683957439827, 0.10822169200846997, -0.9003997486957078, -0.6588387530045143, -0.09573661637849828, -0.6478688457185189, -0.07976573992283231, 0.2455849219653488, -0.6038447616029533, 0.5839933833454669, -1.0, 0.5175752736713848, -0.21893391582901311, 0.4924693994152649, 0.7367334397502983, 0.35925630616419024, -0.564077658360006, 0.21039574442436249, -0.5958768552751346, 0.7641793912106142, -0.2533616513837189, 0.7991303802561509, 0.4724525902423744, 0.9355965725360511, 0.070187294901722, -0.059560362725183946, 0.5827924831170495, 0.5655249395755964, 1.0, -0.07010513062898949, -0.9194816267117152, -0.6028962769318174, 0.2569146771831896, -0.6176914437353269, -0.07605975573577184, -0.8600436903287714, -0.01024765724509294, -0.27906183309464083, -0.8097540994210333, 0.7162680024202883, 0.14456253591300072, 0.9768125377996546, -0.28718440614636276, -0.04762054112020997, -0.5358129646062693, -0.2500967994181953, 0.8513141113943236, 0.27260735717010065, 0.3090076435557816, 0.994555442673712, -0.8663231545320875, 0.5606037834762856, -0.578285097478864, -0.05064731238554021, -0.19201813648154809, -0.5199062676722955, 0.32458552839958443, 0.6099375535205332, 0.4923767056584498, -0.23263477405877095, 0.3967636449711023, -0.3577960660785888, -0.6810888242237271, 0.7497265897567205, -0.22179618160152076, 0.252868766986399, -0.6491412267950697, -0.4986001179365782, -0.4359784273665531, 0.6678429513577485, -0.9180420600285524, 0.0610200957080389, -0.4607749053364749, -0.04515366981948532, -0.035825066771232095, 0.7876654589061478, -1.0, 0.9068829693956062, 0.8753127311560762, 0.020895997217269174, -0.6698285065347918, -0.9020027267029211, -0.9892242560871216, -0.5579726217991829, -0.9764450147647024, -0.606141774477291, 0.01373742332100436, 0.10409687819985391, -0.5031705434378673, 0.3591082862834218]
1019.9995727539062	(8, 12, 2)	[-0.6639791470117613, 0.7094936267015974, 0.9141544718007298, 0.7391276991137115, 0.6052788889438222, -0.3040506727529668, -0.5505214611761631, -0.3043186280944996, 0.294791030587114, -0.17181286069560375, -0.7066242853680522, 0.010225817455973951, 0.8564210723390102, 0.9317572790316111, -0.14726756470317337, 0.062378262938801665, 0.4104211140209837, 0.41413327964350943, 0.1605576877439876, -0.9248733110208628, -0.2636376475132006, 0.23604386758753157, -0.11820608604140359, -0.28231912867006986, 0.30733389921331944, 0.6567883114765323, -0.703023909591408, -0.8724782980257302, -0.619607476031382, 0.25576303599719585, -0.8869683957439827, 0.16052033761015583, -0.9003997486957078, -0.7070322043361154, -0.09573661637849828, -0.6478688457185189, -0.1255342789177285, 0.2455849219653488, -0.569073700629944, 0.5839933833454669, -1.0, 0.5175752736713848, -0.2554225464122548, 0.4924693994152649, 0.7367334397502983, 0.35925630616419024, -0.49954323929307165, 0.6134266371761303, -0.565854477049478, 0.7641793912106142, -0.2644197864764891, 0.8675865202011788, 0.4724525902423744, 0.0744966273648465, 0.7712984867252999, -0.059560362725183946, 0.5827924831170495, 0.2243225763435801, 1.0, 0.10977669219100172, -0.9194816267117152, -0.6028962769318174, 0.2569146771831896, -0.6176914437353269, -0.11168087875211749, -0.8600436903287714, -0.029582850202019007, -0.27906183309464083, -0.6862646578994912, 0.6520407060044363, 0.20064957171891576, 0.9755357634766367, -0.28718440614636276, -0.04762054112020997, -0.5358129646062693, -0.2500967994181953, 0.9368006361608062, 0.27260735717010065, 0.3090076435557816, 0.994555442673712, -0.7636935941180616, 0.5606037834762856, -0.5407672730415601, -0.05064731238554021, -0.19201813648154809, -0.5199062676722955, 0.32458552839958443, 0.4665234166604266, -0.33993896951820424, -0.3503957677621605, 0.007036732804546142, -0.3577960660785888, -0.6810888242237271, 0.7706809723209849, -0.22179618160152076, 0.252868766986399, 0.45389520301411646, -0.7085790799014089, -0.4359784273665531, 0.523102917172601, -0.9180420600285524, 0.0610200957080389, 0.15316995624621588, -0.03523389355467432, -0.035825066771232095, 0.5747903678199182, -0.9605867638643849, 0.9068829693956062, 0.925333782982467, 0.0359540577630423, -0.6698285065347918, -0.7961462675489315, -0.9892242560871216, 0.9901815256247986, -0.5283867566072804, 0.7158795653382488, -0.5786689440704778, 0.27774955831820564, 0.13690481893283302, 0.390576106308419]
1019.9996337890625	(8, 12, 2)	[-0.6639791470117613, 0.787227193858347, 1.0, 0.9686292579748546, 0.7110038240315038, -0.3040506727529668, -0.5505214611761631, -0.3043186280944996, 0.01104158251319004, -0.17181286069560375, -0.7066242853680522, -0.11031701177449121, 0.8644954911533907, 0.9317572790316111, -0.14726756470317337, 0.062378262938801665, 0.4104211140209837, 0.3646001426599881, 0.1605576877439876, -0.8629710549199062, -0.4067589341402056, 0.46687176347089876, -0.11820608604140359, -0.4555546825926644, 0.30733389921331944, 0.645835057455241, -0.703023909591408, -0.8724782980257302, -0.619607476031382, -0.5808529026471327, -0.8869683957439827, 0.7805476106040563, -0.9003997486957078, -0.7070322043361154, -0.09573661637849828, -0.6478688457185189, -0.1255342789177285, 0.2455849219653488, -0.6038447616029533, 0.5839933833454669, -0.9742400787416676, 0.51405565225003, -0.21893391582901311, 0.5142439472785062, 0.7367334397502983, 0.35925630616419024, -0.5265632741038644, 0.21039574442436249, -0.5958768552751346, 0.6734226972938573, -0.2644197864764891, 0.8675865202011788, 0.31014539227687377, 0.25534100480832794, 0.7712984867252999, -0.059560362725183946, 0.5827924831170495, 0.2243225763435801, 1.0, -0.13933280572645046, -0.9194816267117152, 0.194443754699479, 0.2569146771831896, -0.6176914437353269, -0.07605975573577184, -0.8600436903287714, -0.029582850202019007, -0.27906183309464083, -0.8097540994210333, 0.7162680024202883, 0.14456253591300072, 0.9315526519734583, -0.28718440614636276, 0.685670488052399, -0.5358129646062693, -0.2500967994181953, 0.9368006361608062, 0.27260735717010065, 0.2986971549018664, 0.994555442673712, -0.7636935941180616, 0.7685023249313392, -0.578285097478864, -0.05064731238554021, -0.19201813648154809, -0.34124813562438105, 0.32458552839958443, 0.4665234166604266, 0.4923767056584498, -0.2834883586658034, 0.3967636449711023, -0.3577960660785888, -0.6810888242237271, 0.7497265897567205, -0.18233427314691447, 0.18929911941915, 0.2716854490819419, -0.7085790799014089, -0.4359784273665531, 0.6678429513577485, -0.9180420600285524, 0.0610200957080389, 0.15316995624621588, -0.03523389355467432, -0.035825066771232095, 0.7876654589061478, -0.9605867638643849, 0.9068829693956062, 0.9426993247287153, 0.0359540577630423, -0.8601173543897279, -0.7961462675489315, -1.0, -0.5579726217991829, -0.5211184675005036, 0.6695284290514676, -0.7736255053276463, 0.10409687819985391, -0.5031705434378673, 0.390576106308419]
1019.9996337890625	(8, 12, 2)	[-0.6639791470117613, 0.787227193858347, 0.9055039124120725, 0.9686292579748546, 0.7110038240315038, -0.3040506727529668, -0.5505214611761631, -0.3043186280944996, 0.294791030587114, -0.17181286069560375, -0.7066242853680522, -0.11031701177449121, 0.8564210723390102, 0.9317572790316111, -0.14726756470317337, 0.2572003161333778, 0.4104211140209837, 0.3646001426599881, 0.1605576877439876, -0.9450551558368194, -0.4183340943426945, 0.23604386758753157, -0.11820608604140359, -0.4555546825926644, 0.30733389921331944, 0.6567883114765323, -0.703023909591408, -0.8724782980257302, -0.619607476031382, -0.5808529026471327, -0.7831930857691038, 0.16052033761015583, -0.9003997486957078, -0.7070322043361154, -0.09573661637849828, -0.6478688457185189, -0.1255342789177285, 0.2455849219653488, -0.6038447616029533, 0.5839933833454669, -0.9742400787416676, 0.5175752736713848, -0.21893391582901311, 0.4924693994152649, 0.7367334397502983, 0.35925630616419024, -0.49954323929307165, 0.21039574442436249, -0.5958768552751346, 0.7641793912106142, -0.2644197864764891, 0.8675865202011788, 0.31014539227687377, 0.9355965725360511, 0.7712984867252999, -0.059560362725183946, 0.5827924831170495, 0.2243225763435801, 1.0, -0.13933280572645046, -1.0, 0.194443754699479, 0.2569146771831896, -0.6176914437353269, -0.07605975573577184, -0.8600436903287714, -0.01024765724509294, -0.2588273588716974, -0.6862646578994912, 0.6520407060044363, 0.10035261786353705, 0.9768125377996546, -0.28718440614636276, -0.04762054112020997, -0.5358129646062693, -0.2500967994181953, 0.9368006361608062, 0.27260735717010065, 0.3090076435557816, 0.994555442673712, -0.7636935941180616, 0.5606037834762856, -0.578285097478864, -0.05064731238554021, -0.19201813648154809, -0.34124813562438105, 0.32458552839958443, 0.4665234166604266, 0.4923767056584498, -0.23263477405877095, 0.3967636449711023, -0.3577960660785888, -0.6810888242237271, 0.6124821696449032, -0.18233427314691447, 0.252868766986399, -0.6491412267950697, -0.7085790799014089, -0.4359784273665531, 0.523102917172601, -0.9180420600285524, 0.0610200957080389, 0.15316995624621588, -0.03523389355467432, -0.035825066771232095, 0.7876654589061478, -0.9605867638643849, 0.9068829693956062, 0.9426993247287153, 0.005560160062896544, -0.8601173543897279, -0.7961462675489315, -1.0, -0.5579726217991829, -0.5211184675005036, 0.7158795653382488, -0.5786689440704778, 0.10409687819985391, 0.13690481893283302, 0.390576106308419]
1019.9996948242188	(8, 12, 2)	[-0.6639791470117613, 0.787227193858347, 1.0, 0.7424559904520466, 0.7110038240315038, 0.25281721986636707, -0.5505214611761631, -0.3043186280944996, 0.20363692748411813, -0.17181286069560375, -0.7066242853680522, 0.028938058913988148, 0.8644954911533907, 0.9317572790316111, -0.14726756470317337, 0.062378262938801665, 0.4104211140209837, 0.3646001426599881, 0.1605576877439876, -0.9248733110208628, -0.4067589341402056, 0.34164311880959675, -0.11820608604140359, -0.4555546825926644, 0.3194374590632023, 0.6567883114765323, -0.703023909591408, -0.8724782980257302, -0.619607476031382, 0.25576303599719585, -0.883541290408606, 0.7805476106040563, -0.9003997486957078, -0.7249616196694006, -0.09573661637849828, -0.6478688457185189, -0.1255342789177285, 0.2455849219653488, -0.569073700629944, 0.5839933833454669, -0.9407690692926651, 0.5175752736713848, -0.21893391582901311, 0.5142439472785062, 0.7367334397502983, 0.35925630616419024, -0.5265632741038644, 0.6134266371761303, -0.5958768552751346, 0.7641793912106142, -0.37575721523961364, 0.8675865202011788, 0.31014539227687377, 0.8331986390375947, 0.7712984867252999, -0.059560362725183946, 0.5827924831170495, 0.5655249395755964, 1.0, 0.10977669219100172, -1.0, -0.6028962769318174, 0.2569146771831896, -0.6176914437353269, -0.07605975573577184, -0.8600436903287714, -0.029582850202019007, -0.27906183309464083, -0.7490504039000909, 0.7162680024202883, 0.14456253591300072, 0.9768125377996546, -0.28718440614636276, 0.11609717624565347, -0.5358129646062693, -0.2500967994181953, 0.9368006361608062, 0.27260735717010065, 0.2986971549018664, 0.994555442673712, -0.676990318706618, 0.7685023249313392, -0.514382033521202, -0.05064731238554021, -0.19201813648154809, -0.5199062676722955, 0.32458552839958443, 0.4665234166604266, 0.4923767056584498, -0.23263477405877095, 0.19621147912376258, -0.43314248702512903, -0.6810888242237271, 0.7497265897567205, -0.22179618160152076, 0.252868766986399, -0.5849184597594377, -0.7085790799014089, -0.4359784273665531, 0.6678429513577485, -0.9180420600285524, 0.0610200957080389, 0.38441470254707444, -0.03523389355467432, -0.035825066771232095, -0.43915326150215206, -0.9605867638643849, 0.86424411492218, 0.8071789743045719, 0.0359540577630423, -0.8601173543897279, -0.7961462675489315, -0.9892242560871216, -0.5579726217991829, 0.5719256790707532, 0.7158795653382488, 0.01373742332100436, 0.10409687819985391, 0.13690481893283302, 0.390576106308419]
1019.99951171875	(8, 12, 2)	[-0.6639791470117613, 0.787227193858347, 1.0, 0.7391276991137115, 0.7110038240315038, 0.25281721986636707, -0.5505214611761631, -0.3043186280944996, 0.294791030587114, -0.17181286069560375, -0.8387716869577317, 0.16309558565736457, 0.8644954911533907, 1.0, -0.15297824819237413, 0.2572003161333778, 0.4104211140209837, 0.41413327964350943, -0.0007234935150561006, -0.9450551558368194, -0.4067589341402056, 0.46687176347089876, -0.11820608604140359, -0.28231912867006986, 0.47155919300091576, 0.5705013494946065, -0.703023909591408, -0.8724782980257302, -0.619607476031382, 0.25576303599719585, -0.8869683957439827, 0.16052033761015583, -0.8482576941141893, -0.7070322043361154, -0.09573661637849828, -0.6478688457185189, -0.1255342789177285, 0.3350741088498789, -0.6038447616029533, 0.5839933833454669, -0.9738771935275028, 0.51405565225003, -0.25320822522040654, 0.4924693994152649, 0.7367334397502983, 0.3616100040304444, -0.49954323929307165, 0.21039574442436249, -0.45088332598424713, 0.6519425938485268, -0.37575721523961364, 0.8242251933554149, 0.31014539227687377, 0.0744966273648465, 0.7712984867252999, -0.059560362725183946, 0.5827924831170495, 0.2243225763435801, 0.8841757464211928, 0.10977669219100172, -0.9194816267117152, -0.6028962769318174, 0.2569146771831896, -0.6176914437353269, -0.07605975573577184, -0.813809655108374, -0.05618434650995014, -0.27906183309464083, -0.8097540994210333, 0.5857858447568791, 0.14456253591300072, 0.9768125377996546, -0.28718440614636276, -0.04762054112020997, -0.7587989131716668, -0.2500967994181953, 0.8513141113943236, 0.27260735717010065, 0.3090076435557816, 0.994555442673712, -0.7636935941180616, 0.5606037834762856, -0.578285097478864, -0.05064731238554021, -0.19201813648154809, -0.5199062676722955, 0.42937765487859675, 0.4665234166604266, -0.33993896951820424, -0.23263477405877095, 0.23765278919220867, -0.3577960660785888, -0.6810888242237271, 0.7497265897567205, -0.17229232607973133, 0.252868766986399, 0.45389520301411646, -0.7085790799014089, -0.4359784273665531, -0.37563599217083693, -0.9180420600285524, 0.0610200957080389, 0.15316995624621588, -0.03523389355467432, -0.035825066771232095, 0.7876654589061478, -0.9605867638643849, 0.9068829693956062, -0.8077166442137926, 0.020895997217269174, -0.6698285065347918, -0.7961462675489315, -0.9892242560871216, -0.5579726217991829, -0.9764450147647024, 0.7158795653382488, -0.5786689440704778, 0.3288742574072663, 0.10407774406719644, 0.3591082862834218]
1019.9998779296875	(8, 12, 2)	[-0.6639791470117613, 0.7094936267015974, 1.0, 0.9686292579748546, 0.7110038240315038, 0.11121443424280164, -0.5505214611761631, -0.42574753591224546, 0.294791030587114, -0.17181286069560375, -0.8387716869577317, -0.009944960873550384, 0.8620857707539309, 1.0, -0.14726756470317337, 0.2572003161333778, 0.4104211140209837, 0.3646001426599881, 0.1605576877439876, -0.8629710549199062, -0.4067589341402056, 0.46687176347089876, -0.11820608604140359, -0.4555546825926644, 0.3194374590632023, 0.6567883114765323, -0.703023909591408, -0.8724782980257302, -0.619607476031382, -0.734188736000329, -0.883541290408606, 0.16052033761015583, -0.9003997486957078, -0.7070322043361154, -0.11530759936279913, -0.6478688457185189, -0.25282142776957395, 0.3350741088498789, -0.6038447616029533, 0.4835689873505122, -0.9738771935275028, 0.5175752736713848, -0.25320822522040654, 0.4924693994152649, 0.6560030834138633, 0.35925630616419024, -0.49954323929307165, 0.6464256865894908, -0.5517533685662066, 0.6734226972938573, -0.33879067343203145, 0.8568291514573981, 0.4724525902423744, 0.8331986390375947, 0.070187294901722, -0.059560362725183946, 0.5827924831170495, 0.2243225763435801, 1.0, 0.10977669219100172, -0.9194816267117152, 0.1644317291355506, 0.2569146771831896, -0.6176914437353269, -0.07605975573577184, -0.813809655108374, -0.029582850202019007, -0.14349159601593398, -0.8097540994210333, 0.7162680024202883, 0.05288886374832169, 0.9768125377996546, -0.28718440614636276, -0.04762054112020997, -0.7810135937391106, -0.2500967994181953, 0.9368006361608062, 0.27260735717010065, 0.3090076435557816, 0.994555442673712, -0.7636935941180616, 0.5606037834762856, -0.578285097478864, -0.05064731238554021, -0.19201813648154809, -0.34124813562438105, 0.42937765487859675, 0.4665234166604266, -0.33993896951820424, -0.3503957677621605, 0.23765278919220867, -0.3577960660785888, -0.256001147931342, 0.7497265897567205, -0.18233427314691447, 0.252868766986399, -0.6491412267950697, -0.45376455716895303, -0.5684710700734845, 0.6678429513577485, -0.9180420600285524, 0.0610200957080389, 0.15316995624621588, -0.03523389355467432, -0.035825066771232095, 0.7876654589061478, -0.9605867638643849, 0.8937555460726124, 0.925333782982467, -0.0186716649379305, -0.8601173543897279, -0.7961462675489315, -0.9892242560871216, -0.5579726217991829, 0.5719256790707532, 0.7158795653382488, -0.5786689440704778, 0.10409687819985391, -0.5031705434378673, 0.390576106308419]
1019.9986572265625	(8, 12, 2)	[-0.6639791470117613, 0.7094936267015974, 1.0, 0.9686292579748546, 0.7110038240315038, 0.25281721986636707, -0.5682601182643892, -0.3043186280944996, 0.20363692748411813, -0.17181286069560375, -0.7066242853680522, 0.010225817455973951, 0.8644954911533907, 0.9317572790316111, -0.14726756470317337, 0.062378262938801665, 0.4104211140209837, 0.5149407714489547, 0.1605576877439876, -0.9248733110208628, -0.4067589341402056, 0.46687176347089876, -0.059674121831902294, -0.3629759394867744, 0.30733389921331944, 0.6567883114765323, -0.5870419070703048, -0.8724782980257302, -0.619607476031382, -0.5808529026471327, -0.8869683957439827, 0.7805476106040563, -0.9003997486957078, -0.6588387530045143, -0.09573661637849828, -0.8113343901894912, -0.1255342789177285, 0.2455849219653488, -0.7352215253463343, 0.5839933833454669, -1.0, 0.51405565225003, -0.2554225464122548, 0.39716704710480855, 0.7367334397502983, -0.0832005867881212, -0.5174265712294001, 0.22277388264089704, -0.5958768552751346, 0.7857931432918338, -0.2644197864764891, 0.8019928741522524, 0.47281734541637216, 0.25534100480832794, 0.7712984867252999, -0.059560362725183946, 0.5827924831170495, 0.2243225763435801, 1.0, -0.13933280572645046, -0.9194816267117152, 0.1644317291355506, 0.2569146771831896, -0.6176914437353269, -0.11168087875211749, -0.8600436903287714, -0.029582850202019007, -0.27906183309464083, -0.6862646578994912, 0.7162680024202883, 0.14456253591300072, 0.9315526519734583, -0.28718440614636276, -0.04762054112020997, -0.5358129646062693, -0.2500967994181953, 0.9368006361608062, 0.27260735717010065, 0.39854358969640113, 0.994555442673712, -0.676990318706618, 0.5606037834762856, -0.514382033521202, -0.05064731238554021, -0.19201813648154809, -0.36984312146879605, 0.3225516321364683, 0.4665234166604266, -0.33993896951820424, -0.23263477405877095, 0.3967636449711023, -0.3577960660785888, -0.6810888242237271, 0.7706809723209849, -0.1252557044002045, 0.3006001660905428, -0.5849184597594377, -0.7085790799014089, -0.4359784273665531, 0.6678429513577485, -0.9206365527547052, 0.0610200957080389, 0.15316995624621588, -0.03523389355467432, -0.035825066771232095, -0.43915326150215206, -0.9605867638643849, 0.86424411492218, -0.8077166442137926, 0.0359540577630423, -0.8601173543897279, -0.7961462675489315, -0.9892242560871216, -0.5579726217991829, 0.5719256790707532, 0.7158795653382488, -0.5786689440704778, 0.10409687819985391, -0.5031705434378673, 0.3591082862834218]
1019.9989013671875	(8, 12, 2)	[-0.6639791470117613, 0.7094936267015974, 1.0, 0.9686292579748546, 0.7110038240315038, 0.25281721986636707, -0.5505214611761631, -0.3043186280944996, 0.294791030587114, -0.17181286069560375, -0.8895748798178268, -0.21315543514915578, 0.8644954911533907, 0.9317572790316111, -0.14726756470317337, 0.2572003161333778, 0.4104211140209837, 0.3646001426599881, 0.1605576877439876, -0.9450551558368194, -0.4067589341402056, 0.46687176347089876, -0.11820608604140359, -0.4555546825926644, 0.30733389921331944, 0.6567883114765323, -0.5870419070703048, -0.8724782980257302, -0.619607476031382, -0.5808529026471327, -0.8869683957439827, 0.16052033761015583, -0.9003997486957078, -0.7070322043361154, -0.09573661637849828, -0.6478688457185189, -0.1679990887049183, 0.2455849219653488, -0.7352215253463343, 0.4835689873505122, -0.9742400787416676, 0.5175752736713848, -0.21893391582901311, 0.4924693994152649, 0.8488191722381115, 0.3616100040304444, -0.49954323929307165, 0.6464256865894908, -0.45088332598424713, 0.7855787535244563, -0.2644197864764891, 0.8675865202011788, 0.31014539227687377, 0.8331986390375947, 0.7712984867252999, -0.059560362725183946, 0.5827924831170495, 0.6711816124665293, 1.0, -0.13933280572645046, -0.9188729306999465, -0.5475666129275636, 0.22139570758456892, -0.6176914437353269, -0.07605975573577184, -0.813809655108374, -0.01024765724509294, -0.27906183309464083, -0.6862646578994912, 0.7162680024202883, 0.14456253591300072, 0.9768125377996546, -0.28718440614636276, -0.03471106953742535, -0.5358129646062693, -0.2500967994181953, 0.9368006361608062, 0.27260735717010065, 0.3090076435557816, 0.994555442673712, -0.7636935941180616, 0.5606037834762856, -0.578285097478864, -0.05064731238554021, -0.19201813648154809, -0.36984312146879605, 0.42937765487859675, 0.4665234166604266, 0.4923767056584498, -0.3503957677621605, 0.3967636449711023, -0.3577960660785888, -0.6810888242237271, 0.7497265897567205, -0.18233427314691447, 0.18929911941915, 0.27936871879598035, -0.7085790799014089, -0.3933823246033128, 0.6678429513577485, -0.9180420600285524, 0.0610200957080389, 0.15316995624621588, -0.03523389355467432, -0.035825066771232095, -0.43915326150215206, -0.9605867638643849, -0.629328919118604, -0.8077166442137926, 0.005560160062896544, -0.8601173543897279, -0.9020027267029211, -0.9892242560871216, 0.9997008141955367, -0.5283867566072804, 0.7158795653382488, -0.5786689440704778, 0.10409687819985391, 0.10407774406719644, 0.6281351997731881]
1019.9998168945312	(8, 12, 2)	[-0.6639791470117613, 0.7094936267015974, 0.9163975124918181, 0.7391276991137115, 0.7110038240315038, 0.25281721986636707, -0.5505214611761631, -0.3043186280944996, 0.20363692748411813, -0.17181286069560375, -0.7066242853680522, -0.11031701177449121, 0.8620857707539309, 0.9317572790316111, -0.14726756470317337, 0.062378262938801665, 0.4104211140209837, 0.3646001426599881, 0.1605576877439876, -0.9248733110208628, -0.4067589341402056, 0.46687176347089876, -0.11820608604140359, -0.4555546825926644, 0.30733389921331944, 0.6567883114765323, -0.5870419070703048, -0.8724782980257302, -0.619607476031382, -0.5808529026471327, -0.883541290408606, 0.10822169200846997, -0.9003997486957078, -0.7070322043361154, -0.11530759936279913, -0.5853768697839361, -0.25282142776957395, 0.3350741088498789, -0.7352215253463343, 0.4835689873505122, -1.0, 0.5601040391824713, -0.21893391582901311, 0.39716704710480855, 0.7367334397502983, 0.35925630616419024, -0.5174265712294001, 0.21039574442436249, -0.45088332598424713, 0.7641793912106142, -0.2644197864764891, 0.7790455160017373, 0.47281734541637216, 0.25534100480832794, 0.7712984867252999, -0.059560362725183946, 0.5827924831170495, 0.2243225763435801, 1.0, 0.1647534845460807, -0.9194816267117152, 0.1644317291355506, 0.15982550530969428, -0.6176914437353269, -0.07605975573577184, -0.8600436903287714, -0.029582850202019007, -0.27906183309464083, -0.6862646578994912, 0.7162680024202883, 0.05288886374832169, 0.9315526519734583, -0.28718440614636276, -0.04762054112020997, -0.6380352461264502, -0.2500967994181953, 0.958699505750209, 0.27260735717010065, 0.39854358969640113, 0.994555442673712, -0.676990318706618, 0.5606037834762856, -0.578285097478864, -0.05064731238554021, -0.19201813648154809, -0.36984312146879605, 0.32458552839958443, 0.4665234166604266, 0.4923767056584498, -0.23263477405877095, 0.3967636449711023, -0.3577960660785888, -0.6957387208038114, 0.7706809723209849, -0.287547452378642, 0.252868766986399, -0.5849184597594377, -0.7085790799014089, -0.4359784273665531, 0.6678429513577485, -0.9180420600285524, 0.0610200957080389, 0.09348967353560092, -0.03523389355467432, -0.035825066771232095, 0.7876654589061478, -0.9605867638643849, 0.86424411492218, -0.8077166442137926, 0.020895997217269174, -0.6698285065347918, -0.7961462675489315, -0.9892242560871216, -0.5579726217991829, 0.5719256790707532, 0.7158795653382488, -0.5786689440704778, 0.10409687819985391, -0.48395822859663207, -0.039914708423337886]
1019.999267578125	(8, 12, 2)	[-0.6639791470117613, 0.787227193858347, 0.9055039124120725, 0.9686292579748546, 0.7110038240315038, 0.11121443424280164, -0.5505214611761631, -0.37540040211703996, 0.20363692748411813, -0.17181286069560375, -0.7066242853680522, 0.010225817455973951, 0.8564210723390102, 0.9317572790316111, -0.15297824819237413, 0.2572003161333778, 0.4104211140209837, 0.3646001426599881, 0.1605576877439876, -0.9248733110208628, -0.563253920273001, 0.46687176347089876, -0.11820608604140359, -0.4555546825926644, 0.3194374590632023, 0.6567883114765323, -0.703023909591408, -0.8724782980257302, -0.619607476031382, -0.734188736000329, -0.883541290408606, 0.7805476106040563, -0.9003997486957078, -0.7070322043361154, -0.09573661637849828, -0.6478688457185189, -0.1255342789177285, 0.3350741088498789, -0.6038447616029533, 0.4835689873505122, -1.0, 0.5175752736713848, -0.21893391582901311, 0.4924693994152649, 0.7367334397502983, 0.35925630616419024, -0.49954323929307165, 0.6464256865894908, -0.5517533685662066, 0.7857931432918338, -0.2644197864764891, 0.8975099867996921, 0.4724525902423744, 0.8331986390375947, 0.070187294901722, -0.059560362725183946, 0.5827924831170495, 0.2243225763435801, 1.0, 0.1647534845460807, -1.0, 0.1644317291355506, 0.2569146771831896, -0.6176914437353269, -0.07605975573577184, -0.813809655108374, -0.01024765724509294, -0.23151175043794536, -0.8097540994210333, 0.6520407060044363, 0.14456253591300072, 0.9768125377996546, -0.28718440614636276, -0.12590691179231478, -0.5358129646062693, -0.2500967994181953, 0.7977376518425943, 0.27260735717010065, 0.3090076435557816, 0.994555442673712, -0.7636935941180616, 0.5606037834762856, -0.578285097478864, -0.05064731238554021, -0.19201813648154809, -0.5199062676722955, 0.42937765487859675, 0.6813421801343599, 0.6587033641068687, -0.2834883586658034, 0.3967636449711023, -0.3577960660785888, -0.6810888242237271, 0.7497265897567205, -0.1252557044002045, 0.3006001660905428, 0.2716854490819419, -0.7085790799014089, -0.5684710700734845, -0.37563599217083693, -0.9180420600285524, 0.0610200957080389, 0.15316995624621588, -0.03523389355467432, -0.035825066771232095, 0.7876654589061478, -0.9605867638643849, 0.8937555460726124, 0.925333782982467, 0.020895997217269174, -0.8601173543897279, -0.9020027267029211, -1.0, -0.5579726217991829, -0.5211184675005036, 0.7158795653382488, -0.5786689440704778, 0.10409687819985391, -0.5031705434378673, 0.3591082862834218]
1019.9998168945312	(8, 12, 2)	[-0.6639791470117613, 0.7094936267015974, 0.9163975124918181, 0.8336685747665575, 0.7110038240315038, 0.25281721986636707, -0.5505214611761631, -0.3043186280944996, 0.20363692748411813, -0.17181286069560375, -0.7066242853680522, -0.11031701177449121, 0.8644954911533907, 0.9317572790316111, -0.14726756470317337, 0.062378262938801665, 0.4104211140209837, 0.5149407714489547, -0.0007234935150561006, -0.9248733110208628, -0.4588755296997364, 0.46687176347089876, -0.11820608604140359, -0.267968615264478, 0.30733389921331944, 0.6567883114765323, -0.5870419070703048, -0.8724782980257302, -0.6394327293130124, -0.5808529026471327, -0.883541290408606, 0.10822169200846997, -0.9003997486957078, -0.6588387530045143, -0.09573661637849828, -0.6478688457185189, -0.1255342789177285, 0.2455849219653488, -0.7352215253463343, 0.4835689873505122, -1.0, 0.5601040391824713, -0.21893391582901311, 0.39716704710480855, 0.7367334397502983, -0.0832005867881212, -0.5265632741038644, 0.21039574442436249, -0.45088332598424713, 0.7641793912106142, -0.2644197864764891, 0.8675865202011788, 0.47281734541637216, 0.25534100480832794, 0.7712984867252999, -0.059560362725183946, 0.5827924831170495, 0.2243225763435801, 1.0, 0.1647534845460807, -0.9194816267117152, 0.1644317291355506, 0.2569146771831896, -0.6176914437353269, -0.07605975573577184, -0.8600436903287714, -0.029582850202019007, -0.27906183309464083, -0.7490504039000909, 0.7162680024202883, 0.14456253591300072, 0.9210572264995033, -0.28718440614636276, -0.04762054112020997, -0.6380352461264502, -0.2500967994181953, 0.9368006361608062, 0.27260735717010065, 0.3090076435557816, 0.994555442673712, -0.7636935941180616, 0.5606037834762856, -0.578285097478864, -0.05064731238554021, -0.19201813648154809, -0.36984312146879605, 0.32458552839958443, 0.6813421801343599, 0.4923767056584498, -0.23263477405877095, 0.3967636449711023, -0.3577960660785888, -0.6957387208038114, 0.7706809723209849, -0.287547452378642, 0.252868766986399, -0.6491412267950697, -0.7085790799014089, -0.4359784273665531, 0.6678429513577485, -0.9180420600285524, 0.0610200957080389, 0.15316995624621588, -0.03523389355467432, -0.035825066771232095, 0.7876654589061478, -0.9605867638643849, 0.86424411492218, -0.8077166442137926, 0.020895997217269174, -0.6698285065347918, -0.7961462675489315, -0.9892242560871216, -0.5579726217991829, -0.5211184675005036, 0.7158795653382488, -0.5786689440704778, 0.10409687819985391, 0.13690481893283302, -0.039914708423337886]
1019.9990234375	(8, 12, 2)	[-0.6639791470117613, 0.787227193858347, 0.9055039124120725, 0.9686292579748546, 0.7505565179550437, -0.3040506727529668, -0.5505214611761631, -0.42574753591224546, 0.20363692748411813, -0.17181286069560375, -0.7066242853680522, 0.010225817455973951, 0.8564210723390102, 0.9317572790316111, -0.14726756470317337, 0.2572003161333778, 0.4104211140209837, 0.3646001426599881, 0.25235244329714573, -0.9248733110208628, -0.4067589341402056, 0.46687176347089876, -0.11820608604140359, -0.4555546825926644, 0.30733389921331944, 0.6567883114765323, -0.8447211424147795, -0.8937442641096599, -0.619607476031382, -0.6519639730120562, -0.8869683957439827, 0.10822169200846997, -0.9003997486957078, -0.5303247614888389, -0.11530759936279913, -0.6478688457185189, -0.1255342789177285, 0.2455849219653488, -0.7352215253463343, 0.4835689873505122, -1.0, 0.5175752736713848, -0.21893391582901311, 0.4924693994152649, 0.8488191722381115, 0.35925630616419024, -0.5679987110152198, 0.6464256865894908, -0.45088332598424713, 0.7641793912106142, -0.37575721523961364, 0.8072767397110856, 0.31014539227687377, 0.9355965725360511, 0.7712984867252999, -0.059560362725183946, 0.5827924831170495, 0.6711816124665293, 1.0, 0.10977669219100172, -1.0, 0.1644317291355506, 0.22139570758456892, -0.6176914437353269, -0.11168087875211749, -0.813809655108374, -0.05618434650995014, -0.27906183309464083, -0.7490504039000909, 0.7162680024202883, 0.14456253591300072, 0.9833428585209122, -0.28718440614636276, -0.04762054112020997, -0.5358129646062693, -0.2500967994181953, 0.9368006361608062, 0.27260735717010065, 0.3090076435557816, 0.994555442673712, -0.7636935941180616, 0.5606037834762856, -0.578285097478864, -0.05064731238554021, -0.21722506114154136, -0.34124813562438105, 0.42937765487859675, 0.6813421801343599, 0.4923767056584498, -0.2834883586658034, 0.3967636449711023, -0.3577960660785888, -0.35050739539820525, 0.7497265897567205, -0.287547452378642, 0.252868766986399, -0.6491412267950697, -0.45376455716895303, -0.5684710700734845, -0.37563599217083693, -0.9180420600285524, 0.0610200957080389, 0.15316995624621588, -0.03523389355467432, 0.018628509711929087, 0.7876654589061478, -0.9605867638643849, -0.629328919118604, 0.9426993247287153, 0.005560160062896544, -0.6698285065347918, -0.7961462675489315, -1.0, -0.5579726217991829, 0.5719256790707532, 0.7158795653382488, -0.5786689440704778, 0.10409687819985391, 0.13690481893283302, 0.3591082862834218]
1019.9996337890625	(8, 12, 2)	[-0.6639791470117613, 0.787227193858347, 0.9055039124120725, 0.8936606605291643, 0.7110038240315038, 0.35893578468551957, -0.5505214611761631, -0.3043186280944996, 0.48497344744994264, -0.17181286069560375, -0.7066242853680522, -0.11031701177449121, 0.8644954911533907, 0.9317572790316111, -0.14726756470317337, 0.062378262938801665, 0.23637129543193774, 0.3646001426599881, 0.1605576877439876, -0.9248733110208628, -0.4067589341402056, 0.23604386758753157, 0.10385737832643055, -0.4555546825926644, 0.3194374590632023, 0.6567883114765323, -0.703023909591408, -0.8724782980257302, -0.619607476031382, -0.5808529026471327, -0.883541290408606, 0.10822169200846997, -0.9003997486957078, -0.5303247614888389, -0.1238731497110368, -0.6478688457185189, -0.061394879698024, 0.3350741088498789, -0.6038447616029533, 0.4835689873505122, -1.0, 0.5175752736713848, -0.21893391582901311, 0.43400431896573943, 0.7367334397502983, 0.35925630616419024, -0.4800627474400231, 0.6464256865894908, -0.45088332598424713, 0.7162438530165269, -0.2644197864764891, 0.8568291514573981, 0.31014539227687377, 0.8331986390375947, 0.7712984867252999, -0.059560362725183946, 0.5827924831170495, 0.2243225763435801, 1.0, 0.1647534845460807, -0.9194816267117152, 0.1644317291355506, 0.2569146771831896, -0.6176914437353269, -0.07605975573577184, -0.8600436903287714, -0.029582850202019007, -0.27906183309464083, -0.6862646578994912, 0.7162680024202883, 0.14456253591300072, 0.9768125377996546, -0.28718440614636276, -0.04762054112020997, -0.5358129646062693, -0.2500967994181953, 0.958699505750209, 0.27260735717010065, 0.3090076435557816, 0.994555442673712, -0.676990318706618, 0.5606037834762856, -0.514382033521202, -0.05064731238554021, -0.19201813648154809, -0.41527013051646744, 0.42937765487859675, 0.4665234166604266, 0.7348185361360867, -0.3503957677621605, 0.23765278919220867, -0.38841378253219166, -0.6957387208038114, 0.7497265897567205, -0.18233427314691447, 0.3006001660905428, -0.5849184597594377, -0.45376455716895303, -0.4359784273665531, 0.69029486934695, -0.9180420600285524, 0.0610200957080389, 0.15316995624621588, -0.03523389355467432, -0.035825066771232095, -0.3137681715663151, -0.9605867638643849, 0.9068829693956062, 0.8094136944651982, -0.0186716649379305, -0.8601173543897279, -0.7961462675489315, -0.9892242560871216, -0.5579726217991829, -0.9764450147647024, 0.7158795653382488, -0.5786689440704778, 0.10409687819985391, 0.13690481893283302, 0.3591082862834218]
1019.99951171875	(8, 12, 2)	[-0.6639791470117613, 0.787227193858347, 0.9055039124120725, 0.9686292579748546, 0.7110038240315038, 0.11121443424280164, -0.5505214611761631, -0.3043186280944996, 0.26296580218725796, -0.17181286069560375, -0.7066242853680522, 0.010225817455973951, 0.8644954911533907, 0.9317572790316111, -0.14726756470317337, 0.2572003161333778, 0.4104211140209837, 0.41413327964350943, 0.1605576877439876, -0.9248733110208628, -0.43705468927346763, 0.46687176347089876, -0.11820608604140359, -0.4555546825926644, 0.47155919300091576, 0.6567883114765323, -0.703023909591408, -0.8724782980257302, -0.619607476031382, -0.734188736000329, -0.883541290408606, 0.10822169200846997, -1.0, -0.7070322043361154, -0.11530759936279913, -0.6478688457185189, -0.3964494431608011, 0.2455849219653488, -0.6038447616029533, 0.4835689873505122, -0.9742400787416676, 0.5175752736713848, -0.21893391582901311, 0.5007857752349709, 0.7367334397502983, 0.35925630616419024, -0.49954323929307165, 0.5827377336417205, -0.565854477049478, 0.7855787535244563, -0.2644197864764891, 0.8072767397110856, 0.4724525902423744, 0.25534100480832794, 1.0, -0.059560362725183946, 0.5827924831170495, 0.2243225763435801, 1.0, 0.1647534845460807, -0.9194816267117152, 0.1644317291355506, 0.2569146771831896, -0.4428205728931396, -0.11168087875211749, -0.813809655108374, -0.01024765724509294, -0.27906183309464083, -0.6862646578994912, 0.7162680024202883, 0.14456253591300072, 1.0, -0.28718440614636276, -0.12590691179231478, -0.5358129646062693, -0.2500967994181953, 0.9368006361608062, 0.27260735717010065, 0.2986971549018664, 0.994555442673712, -0.7636935941180616, 0.5606037834762856, -0.514382033521202, -0.05064731238554021, -0.19201813648154809, -0.44749672384801986, 0.42937765487859675, 0.6813421801343599, 0.4923767056584498, -0.23263477405877095, 0.3967636449711023, -0.5409721552724971, -0.6810888242237271, 0.7706809723209849, -0.16297878461819038, 0.252868766986399, -0.6491412267950697, -0.7085790799014089, -0.4829208095141131, 0.6678429513577485, -0.9180420600285524, 0.0610200957080389, 0.15316995624621588, -0.03523389355467432, -0.060349572737695895, 0.7876654589061478, -0.9605867638643849, 0.9068829693956062, 0.9426993247287153, 0.002353406802640127, -0.8601173543897279, -0.7961462675489315, -0.9892242560871216, -0.5579726217991829, 0.5719256790707532, 0.7158795653382488, -0.5786689440704778, 0.27774955831820564, 0.13690481893283302, 0.3591082862834218]
1019.9992065429688	(8, 12, 2)	[-0.6639791470117613, 0.787227193858347, 0.9055039124120725, 0.9686292579748546, 0.7110038240315038, -0.3040506727529668, -0.5505214611761631, -0.3043186280944996, 0.20363692748411813, -0.17181286069560375, -0.7066242853680522, 0.010225817455973951, 0.8644954911533907, 0.9317572790316111, -0.15297824819237413, 0.2572003161333778, 0.4104211140209837, 0.41413327964350943, 0.1605576877439876, -0.8629710549199062, -0.43705468927346763, 0.3830925975276715, -0.11820608604140359, -0.4555546825926644, 0.47155919300091576, 0.6567883114765323, -0.703023909591408, -0.8724782980257302, -0.619607476031382, -0.734188736000329, -0.883541290408606, 0.14054437437063824, -0.9003997486957078, -0.7070322043361154, -0.1238731497110368, -0.6478688457185189, -0.1255342789177285, 0.2455849219653488, -0.6038447616029533, 0.4835689873505122, -1.0, 0.5175752736713848, -0.21893391582901311, 0.4924693994152649, 0.7367334397502983, 0.32145707083246194, -0.5265632741038644, 0.5827377336417205, -0.565854477049478, 0.7855787535244563, -0.2644197864764891, 0.8072767397110856, 0.4724525902423744, 0.25534100480832794, 0.070187294901722, -0.059560362725183946, 0.5827924831170495, 0.2243225763435801, 1.0, 0.1647534845460807, -0.9194816267117152, 0.1644317291355506, 0.2569146771831896, -0.4428205728931396, -0.07605975573577184, -0.813809655108374, -0.01024765724509294, -0.27906183309464083, -0.8097540994210333, 0.7162680024202883, 0.14456253591300072, 0.9768125377996546, -0.28718440614636276, -0.12590691179231478, -0.5358129646062693, -0.2500967994181953, 0.8033330463715568, 0.27260735717010065, 0.3090076435557816, 0.994555442673712, -0.7636935941180616, 0.6859689602498203, -0.514382033521202, -0.05064731238554021, 0.014301082489870526, -0.44749672384801986, 0.42937765487859675, 0.6813421801343599, 0.4923767056584498, -0.23263477405877095, 0.3967636449711023, -0.5409721552724971, -0.6810888242237271, 0.7497265897567205, -0.1252557044002045, 0.252868766986399, -0.6491412267950697, -0.7085790799014089, -0.4829208095141131, 0.6678429513577485, -0.9180420600285524, 0.0610200957080389, 0.15316995624621588, 0.031673448530892975, -0.035825066771232095, 0.7876654589061478, -0.9605867638643849, 0.9068829693956062, 0.9426993247287153, 0.002353406802640127, -0.6698285065347918, -0.7961462675489315, -0.9892242560871216, 0.9901815256247986, 0.5719256790707532, 0.7158795653382488, -0.5786689440704778, 0.27774955831820564, 0.13690481893283302, 0.3591082862834218]
1019.9998779296875	(8, 12, 2)	[-0.6639791470117613, 0.787227193858347, 0.9055039124120725, 0.9686292579748546, 0.7110038240315038, 0.11121443424280164, -0.5521511532147767, -0.3043186280944996, 0.20363692748411813, -0.17181286069560375, -0.7066242853680522, 0.028938058913988148, 0.8644954911533907, 0.9317572790316111, -0.14726756470317337, 0.2572003161333778, 0.4104211140209837, 0.41413327964350943, 0.1605576877439876, -0.9248733110208628, -0.4067589341402056, 0.46687176347089876, -0.11820608604140359, -0.4555546825926644, 0.47155919300091576, 0.6567883114765323, -0.703023909591408, -0.8724782980257302, -0.619607476031382, -0.734188736000329, -0.883541290408606, 0.10822169200846997, -1.0, -0.7070322043361154, -0.11530759936279913, -0.6478688457185189, -0.1255342789177285, 0.2455849219653488, -0.7352215253463343, 0.4835689873505122, -0.9742400787416676, 0.5175752736713848, -0.21893391582901311, 0.5007857752349709, 0.7367334397502983, 0.32145707083246194, -0.5265632741038644, 0.5827377336417205, -0.45088332598424713, 0.7162438530165269, -0.2644197864764891, 0.8675865202011788, 0.31014539227687377, 0.8331986390375947, 0.070187294901722, -0.059560362725183946, 0.5827924831170495, 0.2243225763435801, 1.0, 0.1647534845460807, -0.9194816267117152, 0.1644317291355506, 0.2569146771831896, -0.6176914437353269, -0.11168087875211749, -0.813809655108374, -0.01024765724509294, -0.27906183309464083, -0.8097540994210333, 0.6520407060044363, 0.14456253591300072, 1.0, -0.28718440614636276, -0.12590691179231478, -0.5358129646062693, -0.2500967994181953, 0.9368006361608062, 0.27260735717010065, 0.2986971549018664, 0.994555442673712, -0.7636935941180616, 0.5606037834762856, -0.578285097478864, -0.05064731238554021, 0.014301082489870526, -0.5199062676722955, 0.32458552839958443, 0.4665234166604266, 0.4923767056584498, -0.23263477405877095, 0.3967636449711023, -0.5409721552724971, -0.6810888242237271, 0.7706809723209849, -0.1252557044002045, 0.252868766986399, -0.6491412267950697, -0.45376455716895303, -0.4829208095141131, -0.37563599217083693, -0.9180420600285524, 0.0610200957080389, 0.15316995624621588, 0.031673448530892975, -0.060349572737695895, 0.7876654589061478, -0.9605867638643849, 0.9919723254748896, 0.9426993247287153, 0.020895997217269174, -0.6698285065347918, -0.7961462675489315, -0.9892242560871216, -0.5579726217991829, 0.5719256790707532, 0.7158795653382488, -0.5786689440704778, 0.27774955831820564, 0.13690481893283302, 0.3591082862834218]
1019.9996337890625	(8, 12, 2)	[-0.6639791470117613, 0.787227193858347, 0.9055039124120725, 0.7391276991137115, 0.7110038240315038, 0.25281721986636707, -0.5505214611761631, -0.42574753591224546, 0.20363692748411813, -0.17181286069560375, -0.7066242853680522, 0.010225817455973951, 0.8644954911533907, 0.9317572790316111, -0.14726756470317337, 0.2572003161333778, 0.4104211140209837, 0.41413327964350943, 0.1605576877439876, -0.9248733110208628, -0.4067589341402056, 0.46687176347089876, -0.11820608604140359, -0.36555647206025377, 0.47155919300091576, 0.6567883114765323, -0.703023909591408, -0.8724782980257302, -0.619607476031382, -0.734188736000329, -0.883541290408606, 0.10822169200846997, -1.0, -0.7070322043361154, -0.09573661637849828, -0.6478688457185189, -0.1255342789177285, 0.2455849219653488, -0.7352215253463343, 0.4835689873505122, -1.0, 0.6560536205202191, -0.21893391582901311, 0.39716704710480855, 0.7367334397502983, 0.32145707083246194, -0.564077658360006, 0.5827377336417205, -0.45088332598424713, 0.7162438530165269, -0.2644197864764891, 0.8675865202011788, 0.31014539227687377, 0.8331986390375947, 1.0, -0.059560362725183946, 0.5827924831170495, 0.2243225763435801, 1.0, 0.10977669219100172, -0.9194816267117152, 0.194443754699479, 0.2569146771831896, -0.6176914437353269, -0.11168087875211749, -0.813809655108374, -0.01024765724509294, -0.27906183309464083, -0.8097540994210333, 0.7162680024202883, 0.14456253591300072, 0.7893664306858709, -0.28718440614636276, -0.03471106953742535, -0.6380352461264502, -0.2500967994181953, 0.958699505750209, 0.27260735717010065, 0.2986971549018664, 0.994555442673712, -0.7636935941180616, 0.7685023249313392, -0.578285097478864, -0.05064731238554021, 0.014301082489870526, -0.5199062676722955, 0.32458552839958443, 0.4665234166604266, 0.4923767056584498, -0.23263477405877095, 0.3967636449711023, -0.5409721552724971, -0.6810888242237271, 0.7497265897567205, -0.1252557044002045, 0.252868766986399, -0.6491412267950697, -0.45376455716895303, -0.5684710700734845, -0.37563599217083693, -0.9180420600285524, 0.0610200957080389, -0.4607749053364749, 0.031673448530892975, -0.060349572737695895, 0.7876654589061478, -0.9605867638643849, 0.9068829693956062, 1.0, 0.020895997217269174, -0.6698285065347918, -0.7961462675489315, -0.9892242560871216, -0.5579726217991829, -0.5211184675005036, 0.7158795653382488, -0.4439575447598191, 0.27774955831820564, 0.13690481893283302, 0.3591082862834218]
1019.9996337890625	(8, 12, 2)	[-0.6639791470117613, 0.787227193858347, 0.9163975124918181, 0.7391276991137115, 0.7110038240315038, 0.11121443424280164, -0.5505214611761631, -0.42574753591224546, 0.20363692748411813, -0.17181286069560375, -0.7066242853680522, -0.11031701177449121, 1.0, 0.9317572790316111, -0.1747690073221008, 0.2572003161333778, 0.4104211140209837, 0.41413327964350943, 0.1605576877439876, -0.9248733110208628, -0.4067589341402056, 0.46687176347089876, -0.11820608604140359, -0.4555546825926644, 0.3194374590632023, 0.6567883114765323, -0.7384709233566799, -0.8724782980257302, -0.619607476031382, -0.734188736000329, -0.883541290408606, 0.10822169200846997, -0.9003997486957078, -0.7070322043361154, -0.09573661637849828, -0.6478688457185189, -0.070475578671056, 0.3350741088498789, -0.6038447616029533, 0.5839933833454669, -0.9742400787416676, 0.5175752736713848, -0.21893391582901311, 0.4924693994152649, 0.7367334397502983, -0.0832005867881212, -0.564077658360006, 0.21039574442436249, -0.45088332598424713, 0.7162438530165269, -0.37575721523961364, 0.7644539002295045, 0.4984901402719826, 0.8331986390375947, 1.0, -0.059560362725183946, 0.5827924831170495, 0.23593595217575125, 1.0, 0.1647534845460807, -0.9194816267117152, 0.1644317291355506, 0.2569146771831896, -0.6176914437353269, -0.07605975573577184, -0.813809655108374, -0.01024765724509294, -0.27906183309464083, -0.8097540994210333, 0.7162680024202883, 0.05288886374832169, 0.9833428585209122, -0.28718440614636276, -0.03471106953742535, -0.6380352461264502, -0.2500967994181953, 0.95161740973764, 0.27260735717010065, 0.3090076435557816, 0.994555442673712, -0.676990318706618, 0.5606037834762856, -0.578285097478864, -0.05064731238554021, -0.19201813648154809, -0.5199062676722955, 0.32458552839958443, 0.6813421801343599, 0.4923767056584498, -0.2834883586658034, 0.3967636449711023, -0.3577960660785888, -0.35050739539820525, 0.7497265897567205, -0.150180119798908, 0.252868766986399, -0.6491412267950697, -0.7085790799014089, -0.5489200266574326, 0.6678429513577485, -0.9180420600285524, 0.0610200957080389, -0.4607749053364749, -0.03523389355467432, -0.035825066771232095, -0.4355260327535023, -0.9605867638643849, 0.9068829693956062, 0.9426993247287153, 0.020895997217269174, -0.6698285065347918, -0.7961462675489315, -0.9892242560871216, -0.5579726217991829, -0.5283867566072804, 0.7158795653382488, -0.5786689440704778, 0.10409687819985391, 0.13690481893283302, 0.390576106308419]
1019.9998779296875	(8, 12, 2)	[-0.6639791470117613, 0.787227193858347, 1.0, 0.7391276991137115, 0.8977741174561382, 0.25281721986636707, -0.5505214611761631, -0.3043186280944996, 0.294791030587114, -0.17181286069560375, -0.7066242853680522, -0.11031701177449121, 0.8620857707539309, 0.9317572790316111, -0.14726756470317337, 0.2572003161333778, 0.4104211140209837, 0.41413327964350943, 0.1605576877439876, -0.9450551558368194, -0.2965464978611995, 0.46687176347089876, -0.11820608604140359, -0.4555546825926644, 0.30733389921331944, 0.6283535583131624, -0.703023909591408, -0.8724782980257302, -0.619607476031382, -0.5808529026471327, -0.7146330713723803, 0.10822169200846997, -0.9003997486957078, -0.5303247614888389, -0.09573661637849828, -0.6478688457185189, -0.1255342789177285, 0.2455849219653488, -0.7352215253463343, 0.5839933833454669, -0.9738771935275028, 0.5175752736713848, -0.21893391582901311, 0.39716704710480855, 0.7367334397502983, -0.0832005867881212, -0.5265632741038644, 0.6134266371761303, -0.45088332598424713, 0.7855787535244563, -0.37575721523961364, 1.0, 0.4724525902423744, 0.25534100480832794, 0.7712984867252999, -0.059560362725183946, 0.5827924831170495, 0.23593595217575125, 1.0, -0.13933280572645046, -0.9188729306999465, 0.194443754699479, 0.2569146771831896, -0.6176914437353269, -0.07605975573577184, -0.8600436903287714, -0.01024765724509294, -0.27906183309464083, -0.6862646578994912, 0.7162680024202883, 0.14456253591300072, 0.9833428585209122, -0.28718440614636276, -0.04762054112020997, -0.6380352461264502, -0.2500967994181953, 0.9368006361608062, 0.27260735717010065, 0.3090076435557816, 0.994555442673712, -0.7636935941180616, 0.5606037834762856, -0.578285097478864, -0.05064731238554021, -0.19201813648154809, -0.5199062676722955, 0.32458552839958443, 0.4665234166604266, -0.33993896951820424, -0.2834883586658034, 0.23765278919220867, -0.3577960660785888, -0.35050739539820525, 0.7497265897567205, -0.1252557044002045, 0.252868766986399, -0.6491412267950697, -0.45376455716895303, -0.4359784273665531, 0.6678429513577485, -0.9023445016642438, 0.0610200957080389, 0.15316995624621588, -0.03523389355467432, -0.060349572737695895, 0.8201328628534196, -0.9605867638643849, 0.9068829693956062, 0.925333782982467, 0.020895997217269174, -0.6698285065347918, -0.9330333513987148, -0.9892242560871216, -0.5579726217991829, 0.5719256790707532, 0.6695284290514676, -0.5786689440704778, 0.10409687819985391, 0.13690481893283302, 0.3591082862834218]
1019.9996948242188	(8, 12, 2)	[-0.6639791470117613, 0.7094936267015974, 0.9055039124120725, 0.7391276991137115, 0.7110038240315038, 0.11121443424280164, -0.5505214611761631, -0.42574753591224546, 0.20363692748411813, -0.17181286069560375, -0.7066242853680522, 0.028938058913988148, 0.8564210723390102, 0.9317572790316111, -0.14726756470317337, 0.2572003161333778, 0.4104211140209837, 0.41413327964350943, 0.27771664842547783, -0.9248733110208628, -0.563253920273001, 0.46687176347089876, -0.11820608604140359, -0.4555546825926644, 0.47155919300091576, 0.6978190691441413, -0.703023909591408, -0.8724782980257302, -0.619607476031382, -0.734188736000329, -0.8869683957439827, 0.16052033761015583, -0.9003997486957078, -0.5303247614888389, -0.294742289873716, -0.6478688457185189, -0.1255342789177285, 0.2455849219653488, -0.6038447616029533, 0.4835689873505122, -1.0, 0.51405565225003, -0.21893391582901311, 0.4924693994152649, 0.8488191722381115, 0.35925630616419024, -0.49954323929307165, 0.21039574442436249, -0.45088332598424713, 0.7641793912106142, -0.2644197864764891, 0.8568291514573981, 0.47281734541637216, 0.8992053817976596, 0.7712984867252999, -0.059560362725183946, 0.5827924831170495, 0.23593595217575125, 0.9172194800262145, 0.10977669219100172, -0.9508344283051895, 0.1644317291355506, 0.2569146771831896, -0.6176914437353269, -0.07605975573577184, -0.813809655108374, -0.04646847409965218, -0.2966570540884736, -0.9641245388910343, 0.49234093961148595, 0.14456253591300072, 0.9768125377996546, -0.28718440614636276, 0.11609717624565347, -0.7587989131716668, -0.2500967994181953, 0.9368006361608062, 0.27260735717010065, 0.3090076435557816, 1.0, -0.676990318706618, 0.5606037834762856, -0.578285097478864, -0.05064731238554021, -0.19201813648154809, -0.5199062676722955, 0.42937765487859675, 0.6813421801343599, 0.4923767056584498, -0.2834883586658034, 0.23765278919220867, -0.3577960660785888, -0.256001147931342, 0.7497265897567205, -0.287547452378642, 0.3006001660905428, -0.6491412267950697, -0.7085790799014089, -0.4359784273665531, 0.6678429513577485, -0.9180420600285524, 0.1751398146898791, 0.15316995624621588, -0.03523389355467432, -0.035825066771232095, 0.7876654589061478, -0.9605867638643849, 0.9068829693956062, -0.8077166442137926, 0.0359540577630423, -0.6698285065347918, -0.9020027267029211, -0.9892242560871216, 0.9901815256247986, 0.47442659025757034, 0.7158795653382488, -0.5786689440704778, 0.10409687819985391, 0.019641690363106312, 0.3591082862834218]
1019.9993896484375	(8, 12, 2)	[-0.6639791470117613, 0.787227193858347, 1.0, 0.8336685747665575, 0.7110038240315038, 0.11121443424280164, -0.5505214611761631, -0.42574753591224546, 0.20363692748411813, -0.17181286069560375, -0.7066242853680522, 0.03510842657262396, 0.8644954911533907, 0.9317572790316111, -0.14726756470317337, 0.2572003161333778, 0.4104211140209837, 0.41413327964350943, 0.1605576877439876, -0.9248733110208628, -0.4067589341402056, 0.46687176347089876, -0.11820608604140359, -0.4555546825926644, 0.3194374590632023, 0.6567883114765323, -0.703023909591408, -0.8724782980257302, -0.619607476031382, -0.734188736000329, -0.8869683957439827, 0.7805476106040563, -0.9003997486957078, -0.7070322043361154, -0.294742289873716, -0.6478688457185189, -0.1255342789177285, 0.2455849219653488, -0.607806707951162, 0.5839933833454669, -1.0, 0.5175752736713848, -0.21893391582901311, 0.5007857752349709, 0.7367334397502983, 0.32145707083246194, -0.4036244196256723, 0.25150132517282187, -0.5958768552751346, 0.7162438530165269, -0.2644197864764891, 0.8675865202011788, 0.31014539227687377, 0.9355965725360511, 0.7712984867252999, -0.02891676869251005, 0.5827924831170495, 0.2243225763435801, 1.0, 0.10977669219100172, -1.0, 0.1644317291355506, 0.2569146771831896, -0.6176914437353269, -0.11168087875211749, -0.813809655108374, 0.07621797747858206, -0.27906183309464083, -0.6862646578994912, 0.6520407060044363, 0.05288886374832169, 0.9768125377996546, -0.28718440614636276, -0.05508747899889074, -0.5358129646062693, -0.2500967994181953, 0.9368006361608062, 0.27260735717010065, 0.3090076435557816, 0.994555442673712, -0.7636935941180616, 0.5606037834762856, -0.578285097478864, -0.05064731238554021, -0.19201813648154809, -0.5199062676722955, 0.32458552839958443, 0.4665234166604266, 0.4923767056584498, -0.23263477405877095, 0.3967636449711023, -0.5409721552724971, -0.6810888242237271, 0.7706809723209849, -0.1252557044002045, 0.252868766986399, 0.2716854490819419, -0.45376455716895303, -0.4829208095141131, 0.6678429513577485, -0.9180420600285524, 0.0610200957080389, 0.09348967353560092, 0.031673448530892975, -0.035825066771232095, 0.8201328628534196, -0.9605867638643849, 0.9068829693956062, 0.9426993247287153, 0.020895997217269174, -0.6698285065347918, -0.7961462675489315, -0.9892242560871216, -0.5579726217991829, -0.5211184675005036, 0.7158795653382488, -0.5786689440704778, 0.27774955831820564, 0.13690481893283302, 0.390576106308419]
1019.9999389648438	(8, 12, 2)	[-0.6639791470117613, 0.787227193858347, 0.9055039124120725, 0.7391276991137115, 0.7110038240315038, 0.25281721986636707, -0.5505214611761631, -0.3043186280944996, 0.294791030587114, -0.17181286069560375, -0.7066242853680522, 0.028938058913988148, 0.8620857707539309, 0.9317572790316111, -0.14726756470317337, 0.2572003161333778, 0.4104211140209837, 0.3646001426599881, 0.1605576877439876, -0.9248733110208628, -0.4183340943426945, 0.46687176347089876, -0.11820608604140359, -0.4555546825926644, 0.3194374590632023, 0.6567883114765323, -0.703023909591408, -0.8724782980257302, -0.619607476031382, -0.834874522568845, -0.883541290408606, 0.10822169200846997, -0.9003997486957078, -0.7070322043361154, -0.09573661637849828, -0.6478688457185189, -0.1255342789177285, 0.2455849219653488, -0.6038447616029533, 0.5839933833454669, -0.9742400787416676, 0.6560536205202191, -0.21893391582901311, 0.39716704710480855, 0.7367334397502983, -0.0832005867881212, -0.5174265712294001, 0.6134266371761303, -0.45088332598424713, 0.6734226972938573, -0.2644197864764891, 0.8675865202011788, 0.31014539227687377, 0.8331986390375947, 0.7712984867252999, -0.059560362725183946, 0.5827924831170495, 0.2243225763435801, 1.0, -0.13933280572645046, -0.9194816267117152, 0.194443754699479, 0.2569146771831896, -0.6176914437353269, -0.07605975573577184, -0.8600436903287714, 0.03824514999844648, -0.27906183309464083, -0.7490504039000909, 0.6520407060044363, 0.14456253591300072, 1.0, -0.28718440614636276, -0.12590691179231478, -0.6380352461264502, -0.2500967994181953, 0.9368006361608062, 0.27260735717010065, 0.3090076435557816, 0.994555442673712, -0.7636935941180616, 0.5606037834762856, -0.5407672730415601, -0.05064731238554021, -0.19201813648154809, -0.5199062676722955, 0.32458552839958443, 0.4665234166604266, 0.4923767056584498, -0.23263477405877095, 0.23765278919220867, -0.45475916463868693, -0.35050739539820525, 0.7497265897567205, -0.287547452378642, 0.252868766986399, -0.6491412267950697, -0.45376455716895303, -0.5345679808142734, 0.6678429513577485, -0.9023445016642438, 0.0610200957080389, 0.09348967353560092, 0.031673448530892975, -0.14208477307987355, 0.7876654589061478, -0.9605867638643849, 0.86424411492218, 0.9363283529565875, 0.020895997217269174, -0.6698285065347918, -0.7961462675489315, -0.9892242560871216, 0.9997008141955367, 0.5719256790707532, 0.7158795653382488, -0.5786689440704778, 0.3288742574072663, 0.13690481893283302, 0.3591082862834218]
1019.9996948242188	(8, 12, 2)	[-0.6639791470117613, 0.7094936267015974, 0.9055039124120725, 0.8336685747665575, 0.7110038240315038, 0.11121443424280164, -0.5521511532147767, -0.3043186280944996, 0.20363692748411813, -0.17181286069560375, -0.7066242853680522, 0.010225817455973951, 0.8564210723390102, 0.9317572790316111, -0.14726756470317337, 0.2572003161333778, 0.4104211140209837, 0.41413327964350943, -0.0007234935150561006, -0.9450551558368194, -0.563253920273001, 0.46687176347089876, 0.10385737832643055, -0.4555546825926644, 0.30733389921331944, 0.6567883114765323, -0.703023909591408, -0.8724782980257302, -0.619607476031382, -0.5808529026471327, -0.883541290408606, 0.16052033761015583, -0.9003997486957078, -0.5303247614888389, -0.09573661637849828, -0.6478688457185189, -0.1255342789177285, 0.2455849219653488, -0.7352215253463343, 0.4835689873505122, -0.9407690692926651, 0.5175752736713848, -0.09908880347149371, 0.27522246397116024, 0.7367334397502983, 0.35925630616419024, -0.5264176760949567, 0.6134266371761303, -0.45088332598424713, 0.7162438530165269, -0.2644197864764891, 0.8072767397110856, 0.42199274186857894, 0.38532325269393286, 0.7712984867252999, -0.059560362725183946, 0.5827924831170495, 0.2243225763435801, 0.8957765780760072, -0.13933280572645046, -1.0, 0.1644317291355506, 0.2569146771831896, -0.6176914437353269, -0.07605975573577184, -0.8600436903287714, -0.01024765724509294, -0.3219164688172919, -0.7490504039000909, 0.49234093961148595, 0.05288886374832169, 0.9768125377996546, -0.28718440614636276, 0.11609717624565347, -0.7587989131716668, -0.2500967994181953, 0.958699505750209, 0.27260735717010065, 0.3090076435557816, 0.994555442673712, -0.7636935941180616, 0.5606037834762856, -0.578285097478864, -0.05064731238554021, -0.19201813648154809, -0.41527013051646744, 0.32458552839958443, 0.6813421801343599, -0.33993896951820424, -0.23263477405877095, 0.3967636449711023, -0.5409721552724971, -0.6810888242237271, 0.7706809723209849, -0.1252557044002045, 0.3006001660905428, -0.6491412267950697, -0.45376455716895303, -0.4359784273665531, 0.6678429513577485, -0.9180420600285524, 0.0610200957080389, 0.15316995624621588, -0.03523389355467432, -0.035825066771232095, 0.7876654589061478, -0.9605867638643849, 0.9068829693956062, 0.9363283529565875, 0.0359540577630423, -0.6419922576103205, -0.7961462675489315, -0.9892242560871216, 0.9997008141955367, -0.5211184675005036, 0.7158795653382488, -0.5786689440704778, 0.10409687819985391, 0.019641690363106312, 0.390576106308419]
1019.999755859375	(8, 12, 2)	[-0.6639791470117613, 0.8790703602530778, 0.9163975124918181, 0.8336685747665575, 0.7110038240315038, 0.25281721986636707, -0.5505214611761631, -0.3043186280944996, 0.20363692748411813, -0.17181286069560375, -0.7564307297740257, 0.11927738739216104, 0.8644954911533907, 1.0, -0.14726756470317337, 0.2572003161333778, 0.4104211140209837, 0.3646001426599881, -0.0007234935150561006, -0.9450551558368194, -0.563253920273001, 0.46687176347089876, -0.11820608604140359, -0.36555647206025377, 0.47155919300091576, 0.6567883114765323, -0.703023909591408, -0.8724782980257302, -0.619607476031382, -0.734188736000329, -0.883541290408606, 0.16052033761015583, -0.9003997486957078, -0.7070322043361154, -0.09573661637849828, -0.6476433033106472, -0.1255342789177285, 0.3350741088498789, -0.7352215253463343, 0.5839933833454669, -0.9742400787416676, 0.5175752736713848, -0.21893391582901311, 0.27522246397116024, 0.7367334397502983, 0.32145707083246194, -0.564077658360006, 0.4465554648093889, -0.45088332598424713, 0.6734226972938573, -0.2644197864764891, 0.8675865202011788, 0.31014539227687377, 0.38532325269393286, 0.14615468981762722, -0.059560362725183946, 0.5827924831170495, 0.2243225763435801, 1.0, 0.10977669219100172, -1.0, 0.1644317291355506, 0.2569146771831896, -0.6176914437353269, -0.07605975573577184, -0.813809655108374, -0.029582850202019007, -0.27906183309464083, -0.7012647467276599, 0.5995393286019418, 0.05288886374832169, 0.9768125377996546, -0.28718440614636276, -0.04762054112020997, -0.7587989131716668, -0.2500967994181953, 0.958699505750209, 0.02495872321406334, 0.3090076435557816, 0.994555442673712, -0.7636935941180616, 0.5606037834762856, -0.514382033521202, -0.13522602200119688, -0.19201813648154809, -0.41527013051646744, 0.42937765487859675, 0.6813421801343599, -0.33993896951820424, -0.23263477405877095, 0.23765278919220867, -0.3577960660785888, -0.6810888242237271, 0.7497265897567205, -0.1252557044002045, 0.252868766986399, 0.2716854490819419, -0.45376455716895303, -0.4359784273665531, 0.69029486934695, -0.9180420600285524, 0.0610200957080389, 0.09348967353560092, -0.03523389355467432, -0.060349572737695895, -0.5895010944465188, -0.9605867638643849, 0.86424411492218, 0.9363283529565875, 0.020895997217269174, -0.8779295948217215, -0.7961462675489315, -0.9740978739924381, 0.9997008141955367, -0.5211184675005036, 0.7158795653382488, -0.5786689440704778, 0.10409687819985391, 0.019641690363106312, 0.5117486317095167]
1019.9994506835938	(8, 12, 2)	[-0.6639791470117613, 0.7094936267015974, 1.0, 0.9686292579748546, 0.7110038240315038, 0.25281721986636707, -0.5505214611761631, -0.25801810221306853, 0.20363692748411813, -0.17181286069560375, -0.7066242853680522, 0.010225817455973951, 0.8564210723390102, 0.9317572790316111, -0.14726756470317337, 0.2572003161333778, 0.4104211140209837, 0.41413327964350943, 0.1605576877439876, -0.9248733110208628, -0.2636376475132006, 0.46687176347089876, -0.11820608604140359, -0.4555546825926644, 0.3194374590632023, 0.6567883114765323, -0.703023909591408, -0.8724782980257302, -0.619607476031382, -0.5808529026471327, -0.8869683957439827, 0.10822169200846997, -0.9003997486957078, -0.7070322043361154, -0.294742289873716, -0.6478688457185189, -0.1255342789177285, 0.2455849219653488, -0.6038447616029533, 0.5839933833454669, -0.9742400787416676, 0.5175752736713848, -0.21893391582901311, 0.4924693994152649, 0.7367334397502983, -0.0832005867881212, -0.5265632741038644, 0.6134266371761303, -0.45088332598424713, 0.6734226972938573, -0.37575721523961364, 0.8675865202011788, 0.42199274186857894, 0.3788968246322652, 0.7712984867252999, -0.059560362725183946, 0.5827924831170495, 0.22739730992029739, 1.0, -0.13933280572645046, -0.9194816267117152, 0.1644317291355506, 0.22139570758456892, -0.49778114367364634, -0.07605975573577184, -0.8600436903287714, -0.01024765724509294, -0.27906183309464083, -0.8097540994210333, 0.7162680024202883, 0.14456253591300072, 0.9768125377996546, -0.28718440614636276, -0.04762054112020997, -0.7587989131716668, -0.2500967994181953, 0.9368006361608062, 0.27260735717010065, 0.2658035885220334, 0.994555442673712, -0.7636935941180616, 0.5606037834762856, -0.578285097478864, -0.05064731238554021, -0.19201813648154809, -0.36984312146879605, 0.42937765487859675, 0.6813421801343599, 0.7348185361360867, -0.3503957677621605, 0.23765278919220867, -0.3577960660785888, -0.667687395990292, 0.7497265897567205, -0.287547452378642, 0.252868766986399, -0.6491412267950697, -0.45376455716895303, -0.5489200266574326, 0.69029486934695, -0.9180420600285524, 0.0610200957080389, 0.09766737736969582, -0.02329059354746648, -0.035825066771232095, 0.8201328628534196, -1.0, 0.9068829693956062, 0.925333782982467, 0.020895997217269174, -0.6698285065347918, -0.9330333513987148, -0.9892242560871216, -0.5579726217991829, 0.5719256790707532, 0.6695284290514676, -0.5786689440704778, 0.10409687819985391, 0.13690481893283302, 0.3591082862834218]
1019.9999389648438	(8, 12, 2)	[-0.6639791470117613, 0.8790703602530778, 0.9163975124918181, 0.9686292579748546, 0.7110038240315038, 0.25281721986636707, -0.5521511532147767, -0.3043186280944996, 0.20363692748411813, -0.17181286069560375, -0.7066242853680522, 0.028938058913988148, 0.8564210723390102, 0.9317572790316111, -0.14726756470317337, 0.2572003161333778, 0.4104211140209837, 0.41413327964350943, -0.0007234935150561006, -0.9450551558368194, -0.2636376475132006, 0.46687176347089876, -0.11820608604140359, -0.4555546825926644, 0.47155919300091576, 0.6567883114765323, -0.703023909591408, -0.8724782980257302, -0.619607476031382, -0.834874522568845, -0.883541290408606, 0.7805476106040563, -0.9003997486957078, -0.7070322043361154, -0.09573661637849828, -0.6478688457185189, -0.1255342789177285, 0.3350741088498789, -0.6038447616029533, 0.5839933833454669, -1.0, 0.5175752736713848, -0.21893391582901311, 0.4924693994152649, 0.7607364288185436, 0.35925630616419024, -0.5174265712294001, 0.21039574442436249, -0.45088332598424713, 0.7162438530165269, -0.2644197864764891, 0.8072767397110856, 0.31014539227687377, 0.8331986390375947, 0.7712984867252999, -0.059560362725183946, 0.5827924831170495, 0.2243225763435801, 0.8841757464211928, 0.10977669219100172, -0.9194816267117152, 0.1644317291355506, 0.2569146771831896, -0.6176914437353269, -0.11168087875211749, -0.813809655108374, -0.21282384412736055, -0.27906183309464083, -0.7490504039000909, 0.6520407060044363, 0.14456253591300072, 1.0, -0.28718440614636276, -0.04762054112020997, -0.5640587304442348, -0.2500967994181953, 0.9368006361608062, 0.27260735717010065, 0.3090076435557816, 0.994555442673712, -0.7636935941180616, 0.5606037834762856, -0.578285097478864, -0.05064731238554021, -0.19201813648154809, -0.41527013051646744, 0.32458552839958443, 0.4990496055013806, -0.33993896951820424, -0.23263477405877095, 0.23765278919220867, -0.3577960660785888, -0.256001147931342, 0.7497265897567205, -0.1252557044002045, 0.252868766986399, -0.6491412267950697, -0.45376455716895303, -0.4359784273665531, 0.6678429513577485, -0.9180420600285524, 0.0610200957080389, 0.14004742748534277, -0.02329059354746648, -0.035825066771232095, -0.5895010944465188, -0.9605867638643849, 0.86424411492218, 0.9363283529565875, 0.020895997217269174, -0.8601173543897279, -0.7961462675489315, -1.0, -0.5579726217991829, -0.5211184675005036, 0.6695284290514676, -0.5786689440704778, 0.10409687819985391, 0.13690481893283302, 0.390576106308419]
