-170.73443603515625	(8, 12, 2)	[0.576343008872598, 0.9286470269703229, -0.031121409734923944, -0.8890715865436629, 0.9662645594274779, -0.1094638472342988, -0.41926337842176387, -0.6805882552663576, 0.2645543013870515, -0.25444018814410185, -0.4975593019275788, -0.4319093336736999, -0.08737020394993755, -0.6304134487036406, -0.0876335254940559, 0.4707175132892185, -0.0554997806434796, 0.46741602169260843, -0.1646327151469218, -0.5442382989437868, 0.8025753403450542, -0.7171919695294418, -0.5405713872105828, 0.4237067560135901, -0.7549279741354076, 0.4880101115315072, -0.15459971596374844, 0.20769068606104013, -0.05040266227321899, -0.05093522558535102, -0.3679065227777045, 0.7118752770251175, -0.33139984707031345, -0.34068913926795075, 0.2726302266380396, -0.7404106543721953, -0.8389433933673336, -0.39019869571620336, 0.9906573616607659, -0.23283529992577812, 0.972576365009975, -0.2729153115819223, -0.24995929115857063, -0.6105746202545654, 0.679895022777218, 0.8974488252041446, 0.4048028812963682, -0.5906662417202044, 0.8426633168085638, 0.9602371814285044, 0.8244713647021948, 0.15494110506343994, 0.8735084822780996, 0.10869282259898494, 0.5578202261147593, -0.9978524924642254, 0.9722621971130534, 0.050648518785009866, 0.39226669983639995, -0.20829470141886164, 0.7470735552747891, -0.22935998049521222, 0.5227768740771843, -0.289147851464745, -0.7221282941617777, 0.386546315529368, -0.2715995482347049, 0.41081747217840636, -0.5970781986812124, 0.15437826685107825, 0.7838861322876238, -0.6574050589069593, 0.325145713823366, 0.7844493449718069, -0.5223788304657244, -0.43585473554476395, 0.6705096823374921, 0.24960137711521746, 0.3042133731245662, -0.5571789716664175, -0.06723855817865942, 0.11639251839170917, 0.29768769311832854, 0.6351166903170375, -0.1408824845027461, -0.6281424585660338, -0.9726256236903998, 0.29441081601781804, 0.7197990805342411, -0.03840081303533571, 0.014665142116592422, -0.8785094352491336, -0.6608156902682316, -0.4164365495026361, -0.24738065941685905, -0.669181697212091, -0.45773781187666795, -0.1875033724970283, 0.549023952548596, -0.8080257066131069, -0.38002542892557556, 0.4651292216250926, -0.8685671498408407, -0.7845013970801931, -0.6310962334277617, -0.9914345283759096, 0.9229873005502542, -0.5217674690238692, 0.4198616458918183, -0.8866185219880258, -0.32345337514511163, 0.8839603591396836, -0.6621599563931282, -0.7561899145210413, 0.5499680075688622, 0.5624269028442928, 0.902059754698457, -0.5613462750418494, -0.026649021280267027, 0.6818141992572213]
1019.7301025390625	(8, 12, 2)	[0.4685551265139094, -0.058435587040604364, -0.2799970940082688, -0.8560165135278179, -0.6162595206956765, -0.10229819487436687, -0.14475283466834576, -0.3128263176151407, -0.3681822267177375, -0.6756214248207524, -0.7800975468524718, 0.6011039378935328, 0.8056794121151327, -0.345234861944433, 0.5767331759710868, 0.34577234556903136, 0.36461818836421167, -0.15569374293468652, 0.16417436429587018, 0.46744465080512065, -0.16492792407089052, 0.7803271277742299, -0.22852686316268933, 0.3779377803073527, -0.23769023495980335, 0.2647774545366608, -0.10586996590160025, -0.0980367226606571, -0.06277135133610745, 0.5388251818773444, 0.1089276584067711, -0.7290882537554193, -0.8929315848407269, 0.18200005908467753, 0.6858869971188191, -0.09757928739215926, -0.5569938861666277, 0.5059943097131736, 0.39353887842667, -0.05488092428682467, -0.6888733037006143, 0.0061799438264145135, 0.7055165268284749, -0.10431684064390567, -0.38707596277072187, -0.6037789973149164, 0.74212379681725, 0.6200950173866238, -0.92982369641745, 0.007139994074303546, 0.8721451311994177, -0.7747958272563065, -0.7599209881900397, 0.18113664902447701, 0.47667020399041093, -0.7034005866180923, 0.20533674304765315, -0.9809467950177584, -0.7000987678092214, 0.001672434434313752, -0.003954198860249392, -0.7749167420028835, -0.5805195099069758, -0.32721806328727365, 0.019235801193837165, -0.6032195280753974, 0.14242846995870506, 0.8022743313456313, -0.08756660201429134, -0.939509908632074, 0.5971824335862759, 0.8856520516988442, -0.17812023476049044, -0.3233741271993382, -0.8229861861941552, 0.08715109052701475, -0.9603681090011147, 0.2450552860580797, 0.7138074094418487, 0.7460544513752292, -0.7405027740715029, 0.11645321650759777, 0.402770211025544, -0.14957332724002437, -0.5586340244485135, -0.6207076305326737, -0.3598705386365697, -0.15964842697037485, -0.1774039334784152, -0.5076371919045333, -0.6239730861370769, 0.45919603962790023, 0.5011278545054159, 0.03227389379945467, -0.5571013001203899, -0.6392346360382115, 0.23324637547553473, -0.6745137454538972, 0.7193885951643595, -0.6743755517109229, 0.554732746447206, 0.3072106963882726, -0.40997330776386964, 0.6330478166640705, 0.15013345334170713, 0.28712715183577187, 0.6698964797291167, 0.4337120693133958, -0.40403443349139967, 0.30908738603454133, 0.5628919450526315, 0.39397277230305705, -0.6085797483008204, -0.03548038358114303, 0.3078902425765617, -0.3098442956658807, -0.9791766213793045, 0.7392782544460865, 0.8760272355288758, -0.44322623473612]
1019.810791015625	(8, 12, 2)	[0.09319272329887895, -0.07290418348701144, 0.21497828572069833, -0.8783130076471137, 0.019427978069583185, 0.6176358755459448, 0.8514793558025251, -0.0349409812512238, -0.6422953938568952, -0.42344477541004877, -0.936238622841278, -0.26217532083114103, -0.4505662411358251, 0.7857069176070219, -0.7130963100852323, -0.5921031858305117, 0.49475261531359926, 0.48327414432378313, 0.9055482375187824, 0.5982954102708957, 0.7006471115322961, 0.1757161151055393, 0.9582390879130733, 0.17327999700213903, -0.3120203051107726, 0.3771320508030984, 0.029461472491770335, -0.6375614840634136, -0.05328364074471126, 0.00580367340522514, -0.7755517550847513, 0.4964399937908486, 0.2832946215315273, 0.8211548309012267, 0.34296574999654883, -0.8825160879182776, 0.0547305041356152, -0.42432369939087833, -0.5777846891566714, -0.7173124587830984, 0.4648516744603499, -0.5894805912357288, 0.801481245198941, 0.8480016346149, -0.40825107339871947, 0.8155131436764229, -0.44199178028970576, -0.8662397672035898, 0.8264985838828716, 0.3365638682324781, -0.9265413294821092, 0.04212404038807982, 0.4456266465275951, -0.6760809171669637, 0.1380633257861963, -0.16365845876481866, 0.5914400057300462, 0.9592221919698161, 0.3896702700547865, 0.7266493154601776, 0.4290121233775843, 0.0722583754242545, -0.02094861819350724, 0.6668570458411032, 0.7954169675484065, 0.6266482392415587, 0.06352055944666035, 0.11944428670758422, -0.8174292133190539, -0.411365948323988, 0.8844469450055159, -0.4820917862325218, -0.7260785319836465, 0.7004480897842427, -0.25346754376716163, -0.23090552736006975, 0.9062445725696615, -0.5133024452186481, 0.9062519941297973, 0.9938147240576363, 0.9768733436996044, 0.0929602878275364, -0.4668131046293005, 0.9270485021892818, -0.4216210558121609, -0.6479783006747146, 0.5748448168120277, -0.970514756575181, -0.4929994533397133, -0.795111465119624, 0.3298771483523533, -0.69419886330619, 0.47898232509062266, -0.24766214306569512, -0.9756360519885114, 0.056705944634538596, -0.7737361979937041, 0.503568585885816, -0.8585941712049965, 0.7583205780233022, 0.8565497650150804, 0.22911921933682522, -0.6136846374012317, 0.467097074288056, -0.426405961873086, -0.7065687347510856, 0.6150620537773261, 0.5942185973655902, 0.3979063409035022, -0.8642448786259243, 0.6466766246326145, -0.6044284795732997, 0.7305064396629442, 0.11806146475822099, 0.2238846188691268, 0.6511633955792793, 0.7143032271382597, 0.6715839412984932, 0.8198879019963903, -0.9914457979120896]
1019.5307006835938	(8, 12, 2)	[-0.28571710304368425, 0.5597336709283325, -0.5138699111782976, 0.4281645779798495, -0.19311952191416815, 0.06704199085252238, -0.0721320701007595, 0.7316113023717556, 0.09996339612862237, -0.4542331927224674, 0.35542789161482413, -0.7496070508359095, -0.23650688018814003, -0.9024173265220918, -0.5642270623521479, 0.9184146459178613, 0.23108362778281033, 0.13665870996621932, -0.8104710452007298, 0.6456783838934395, -0.5182696632067352, -0.15752021229724478, -0.7939256190966435, 0.7546680878382581, 0.7744827362009807, -0.06542730912857331, 0.12831549399426212, 0.3002887700079657, -0.03212471258983651, -0.2629433548433555, 0.5857286832428195, 0.9087389122783882, -0.2875107760159459, -0.7317238330075195, -0.5082450776071503, -0.5558753509130729, 0.2850001569457101, -0.02631584908921858, 0.061115591053383156, 0.33266896838875915, -0.4885670012608099, 0.9753269805561777, 0.05892492117217185, -0.2112746813707762, -0.7026233216867719, 0.10110164769869034, 0.10392276697500047, 0.618675837515577, -0.18283594841832485, 0.8153041428320524, 0.41254420355871035, 0.8009062576669819, -0.9105871633053328, -0.8972012936946563, 0.6976632183998228, -0.9626387777167764, -0.14413625520908857, -0.1067693738356763, 0.45888626529862475, 0.8027564880109006, -0.4400484001972449, -0.3040601882320837, -0.9786201714533946, 0.4639865345975551, 0.7138350301929655, -0.7425800951153092, 0.0464147134520323, -0.2062840768020855, 0.9877177628580287, -0.18655683017771918, 0.7011249420904682, 0.1855809776619859, 0.9858089834350596, -0.7000341518816575, 0.6826171647911912, -0.48704366132736854, -0.5219086371614234, -0.012638588030755349, 0.30314490974092934, 0.984057525687269, 0.5261222044484934, -0.46842789383191286, 0.48459965919307635, 0.1665679536923852, 0.9734324753086019, -0.8736554950101556, 0.9005929073848407, -0.7485016796613722, 0.8771850173950553, -0.013388426951223442, -0.0072689040988132, -0.6848805032229219, -0.33564519203688437, -0.3152422801986896, -0.03989176124333538, 0.783121767304302, 0.36800818507855837, -0.12393989946799833, 0.9592525763563722, 0.39225076350422783, 0.8230711544133034, -0.6278807902071912, 0.4870982882375865, -0.23119811347611874, -0.6176900785364405, -0.6240502867908042, 0.4477832838828446, -0.2982354221551782, 0.18468299581778358, 0.011607914233221273, 0.8614997276225074, -0.14904155503271155, -0.9663366502243815, -0.8921721568999437, -0.856149877316003, 0.6555901370516048, 0.10306544364388803, -0.537352333634673, -0.8242154690868191, -0.21700622089397426]
999.6103515625	(8, 12, 2)	[-0.28571710304368425, 0.5597336709283325, -0.5138699111782976, 0.4281645779798495, 0.5576681369147252, 0.5935901399759973, -0.0721320701007595, 0.5311229845618348, 0.4217802941034685, -0.4542331927224674, 0.1395911116207169, -0.150064932352441, -0.23650688018814003, -0.9024173265220918, 0.7032554118563983, -0.9179923028797317, 0.23108362778281033, -0.6088139804199719, -0.8486987301529054, -0.3485719396365041, 0.7167849944233804, 0.8692980393897272, 0.200312446627245, -0.14069455270020104, 0.7744827362009807, -0.06542730912857331, 0.8383876496870113, 0.04816373622080028, 0.3393755953685713, -0.22529309699055977, -0.35141735413457686, 0.19969025474155266, -0.2875107760159459, 0.4268921563757586, -0.1802426996900568, -0.5558753509130729, 0.2435428502956163, 0.6680884795547473, 0.42160047801032885, 0.33266896838875915, -0.2902762161405137, 0.5634001500455326, -0.6804921345612633, -0.6875183968868823, -0.5603438798971165, 0.6309665543231262, -0.17338716248722474, 0.9205708394239644, 0.8193730137600492, 0.8153041428320524, 0.41254420355871035, 0.11321237087068847, -0.9618473043668072, -0.8972012936946563, 0.6976632183998228, 0.3509683148743492, 0.350982375712942, -0.9162361031191664, -0.2021396560198547, 1.0, 0.32483530203581834, 0.5540027809395276, -0.9097830509339857, 0.4639865345975551, 0.7138350301929655, -0.7425800951153092, -0.7109913811509687, -0.2062840768020855, 0.9101001018728134, 0.15264959715947746, 0.43689918186564336, 0.1855809776619859, 0.9858089834350596, -0.7000341518816575, 0.6826171647911912, -0.7392957387254526, -0.5219086371614234, -0.012638588030755349, -0.7635921046466418, 0.984057525687269, -0.40372806343694445, -0.9881102484205302, 0.002982945520635827, -0.5220990240713455, -0.286224915951103, 0.4186819928652461, 0.9005929073848407, -0.7485016796613722, 0.29263890697414263, -0.013388426951223442, -0.0072689040988132, 0.15436095345496947, -0.10688256468992408, -0.5345244068540962, 0.20262778845883678, -0.927232845378489, -0.5715830389397427, -0.12393989946799833, 0.9592525763563722, -0.875850943674847, -0.23004238544082556, -0.3949767500233097, -0.36621895059894305, -0.9916808315407208, -0.19225563395177092, 0.5164511224348787, 0.06567075996455474, 0.9564913843093985, -0.05372815815745713, 0.9849667437011282, 0.6257112242380267, -0.08086955949620078, 0.26437078334180675, -0.8921721568999437, -0.022793417398442095, -0.7277800853904683, 0.10306544364388803, 0.8139615966821769, -0.20144555765748473, 0.07259759394434107]
-21.388229370117188	(8, 12, 2)	[0.817157073202122, 0.8656561234913622, -0.7622139535027321, 0.8901177342923408, -0.19318109630391045, 0.9101523869832389, -0.0721320701007595, 0.5229091096670815, -0.36033468144655445, -0.8299251091121662, 0.32796980439292, 0.4762442563355578, 0.32764963343312803, 0.8721206049042256, 0.037513264291566095, 0.296438129778424, 0.176784574896655, 0.07198671226408826, 0.41256485580556834, 0.09928971734033798, 0.47682033628547504, -0.15752021229724478, 0.7930690097945483, 0.1105569265708275, -0.3120203051107726, 0.13643558144630163, 0.8383876496870113, -0.06400498412072353, -0.9967217821671721, -0.43975765565817637, -0.5189799526745698, -0.03379450651191962, 0.5944055124892995, 0.8230734008756906, 0.255084971297747, 0.8068294690582181, 0.7870165330632459, -0.05566584168331912, 0.20540202839023936, 0.636836632167185, -0.2902762161405137, 0.1582336441808847, 0.5949104906994362, -0.3157472173265998, -0.5603438798971165, -0.13250654558249364, -0.17338716248722474, 0.47544592512350436, -0.1702740209784015, -0.4156026938693145, 0.5731260592755323, -0.08714411639546027, -0.3345769867547512, 0.3922488785145386, -0.8283613707680995, 0.24594760707711738, -0.14413625520908857, -0.1067693738356763, -0.5110245115776424, -0.43139486066640065, 0.9682421051116681, 0.17923026800780195, -0.9097830509339857, 0.9571306968750732, 0.04034878741610681, 0.24685068840916813, -0.033679996006814816, -0.5191496356610743, 0.40821983274266116, -0.9713594434218693, -0.3110980656446827, -0.0938622324355507, -0.1614291871560427, -0.010768206868739805, -0.8735174626189456, -0.20786470284410385, 0.5810791483976672, -0.5133024452186481, -0.7635921046466418, 0.32454585854496676, 0.11663204034486618, -0.27300249326296844, -0.966785873923357, -0.7654126364218727, -0.4216210558121609, -0.09368445289254823, 0.1584381396587744, -0.4196527260212046, 0.15732913674715626, -0.795111465119624, -0.837073490642732, 0.15436095345496947, -0.7633843097814719, -0.5345244068540962, 0.20262778845883678, -0.927232845378489, 0.36800818507855837, -0.44563123966557616, -0.005995093702734433, -0.875850943674847, -0.23004238544082556, -0.3949767500233097, -0.9419398905537908, -0.9916808315407208, -0.6176900785364405, -0.8017951870446349, 0.4477832838828446, 0.9564913843093985, 0.6704836936710266, -0.042378280176323224, 0.6257112242380267, 0.42829852206645347, -0.7407249425949454, -0.8921721568999437, 0.2671969389974149, 0.7125508253162376, -0.5735326571787878, 0.5005418936426578, 0.44034869829146794, 0.7644404076249052]
1019.8870239257812	(8, 12, 2)	[0.964055738691183, -0.12658452964252698, 0.9782695245767115, -0.720818401379598, 0.9847483971794675, 0.25783102309294037, 0.002179015215478586, -0.840736755603787, 0.09996339612862237, -0.16400934302927905, -0.7800975468524718, 0.5805863496630801, -0.24613661200812365, 0.09969007314141409, -0.9589473328123495, 0.5188488125356199, -0.07063892936485927, -0.9276241753849241, 0.5496618637500743, -0.11290700052082303, 0.7196394705856555, 0.09624836699388095, 0.1198182592589414, 0.7546680878382581, -0.6167268885343757, -0.6543542842966101, 0.16682438573122682, -0.8880477964121041, -0.09644249180572942, 0.7800894537593812, -0.7533122244801145, 0.19969025474155266, 0.39715143956360754, -0.8290803928108268, 0.5600812413476748, 0.9034793398136283, 0.8213484142968943, -0.29245942608175635, 0.8258206697386141, -0.4914399081836578, -0.5428351004143765, 0.9753269805561777, -0.9143360795189015, -0.6700130892439591, -0.5603438798971165, -0.13250654558249364, 0.4048028812963682, 0.47544592512350436, 0.46010642067889473, -0.5009414089094815, 0.5439020796980959, 0.11321237087068847, -0.0573826217965554, 0.22364788908467165, 0.7539446959097724, 0.06331851405427069, -0.6610384076114897, -0.6433266545069074, 0.45713036120342154, 0.7900257396996315, 0.761254899777974, -0.32761788338094466, -0.7457964837357378, -0.25074016263368515, 0.04034878741610681, 0.3954695903700052, 0.5586398393539527, 0.16923458506681177, -0.36816255109122387, -0.7049848389436801, 0.6730976045733155, 0.6371882511299656, 0.07623818678360417, 0.25638122221327575, -0.08909438650657964, 0.7875275369784422, 0.6705096823374921, -0.04177262698095907, 0.30314490974092934, 0.06254451844620146, -0.06723855817865942, 0.441206998209839, 0.047283469671539624, -0.7654126364218727, 0.9734324753086019, 0.35250807547359764, 0.9005929073848407, 0.29441081601781804, 0.5431170653222739, 0.7987783532453507, -0.9429134213674213, -0.1823215029939882, -0.8452517707459708, -0.3152422801986896, -0.8053386869813207, -0.8711112765243885, 0.5046316764522181, -0.1875033724970283, 0.7193885951643595, 0.6703991263618061, -0.22939438320677685, 0.31047002044149385, 0.4870982882375865, -0.7845013970801931, -0.9524842794768011, 0.9645019373569261, -0.04921770027054806, 0.14836399315361293, 0.4198616458918183, 0.6196605850963235, -0.32345337514511163, -0.5208712868158625, 0.30174465378280924, -0.7911828461024493, 0.7002976063532573, 0.3929838804890906, 0.32681677774652096, -0.7073966038037967, -0.5228681796272143, -0.44322623473612]
1017.7483520507812	(8, 12, 2)	[-0.28571710304368425, 0.5247525280118936, -0.5138699111782976, -0.6157391650968482, -0.19311952191416815, 0.06704199085252238, 0.5363165063931778, -0.8128119968885781, -0.8909163123567416, -0.772059104614017, -0.5980428552667696, 0.6388574292045679, 0.8601802318942358, 0.7857069176070219, 0.7032554118563983, -0.9050095570754177, 0.48911900624358284, -0.06799841220864011, 0.7175894943600805, -0.3485719396365041, 0.47682033628547504, -0.15752021229724478, -0.7939256190966435, -0.14069455270020104, -0.9766204054894858, -0.06542730912857331, 0.8383876496870113, 0.030789629579460964, 0.42171224680267094, -0.879244380800976, -0.7955140788967916, -0.03379450651191962, -0.653758549442562, -0.8067812344670171, 0.08223289945777479, -0.5558753509130729, 0.2435428502956163, -0.024377187414031054, 0.20540202839023936, 0.5737048602625385, -0.2902762161405137, -0.5894805912357288, -0.20702974408100694, -0.9450543339398285, -0.5603438798971165, 0.10110164769869034, -0.17338716248722474, -0.2869405085119938, -0.6330814252448487, 0.8153041428320524, 0.41254420355871035, -0.08714411639546027, -0.6116606036012444, 0.4171098352817304, -0.1967190781648176, 0.24594760707711738, 0.350982375712942, 0.35087591093589854, 0.45888626529862475, 0.8027564880109006, 0.4334501812483269, -0.16960865043466455, 0.058743096192312966, 0.4639865345975551, 0.7138350301929655, -0.7425800951153092, 0.03626231881127984, 0.471607855851669, 0.9877177628580287, -0.5660816872819423, 0.7011249420904682, -0.0938622324355507, -0.795454987434264, 0.7322058864452083, -0.25346754376716163, -0.48704366132736854, 0.7973420123474908, 0.33396640267873723, 0.9062519941297973, 0.984057525687269, 0.5261222044484934, 0.17361090268435908, -0.966785873923357, -0.2820182585966673, -0.286224915951103, -0.6479783006747146, 0.15543377136760483, -0.7485016796613722, 0.5431170653222739, -0.2311099552720628, -0.9689533813030649, -0.1823215029939882, -0.33564519203688437, -0.5345244068540962, 0.6963283940063056, -0.927232845378489, -0.002511824107065852, -0.44563123966557616, -0.8585941712049965, 0.7820450374192696, 0.8230711544133034, -0.3949767500233097, -0.9419398905537908, -0.284951634264736, 0.3900442160433133, 0.7489619581557556, 0.7413226230776571, -0.2982354221551782, -0.9605553301069065, 0.9849667437011282, 0.8614997276225074, -0.08086955949620078, -0.06785143911603564, -0.7911828461024493, 0.2671969389974149, -0.7277800853904683, -0.5735326571787878, -0.33632356001990527, -0.20144555765748473, 0.6127578353112852]
1019.4688720703125	(8, 12, 2)	[0.41658245225504875, 0.5534577082709295, -0.7517716511052837, 0.8083408398361489, 0.8665818008622479, 0.06704199085252238, 0.16438328692374604, -0.0349409812512238, -0.2004141633494727, 0.45336096111304713, -0.5980428552667696, 0.19061261046768596, 0.8611621223406578, -0.2899553907114025, -0.3519306081083933, -0.6027448280395833, 0.23108362778281033, 0.13665870996621932, 0.7175894943600805, -0.4630346076974121, 0.4743359035884325, 0.42828207764746185, 0.5932670803027307, -0.4609489957409194, 0.7744827362009807, -0.5590057528177208, 0.8383876496870113, 0.030789629579460964, 0.3393755953685713, 0.00580367340522514, 0.5037510406335475, -0.8659459446282025, 0.20217129562960734, -0.42914331123318905, 0.08223289945777479, -0.8825160879182776, 0.2850001569457101, 0.5059943097131736, 0.20540202839023936, 0.5737048602625385, -0.8894927874056191, 0.604650413941856, 0.05892492117217185, 0.7184206849320234, -0.46284834691536103, 0.10110164769869034, -0.6678576097001478, 0.618675837515577, 0.3872775771629584, -0.9854854858106668, -0.46520502430268795, 0.8009062576669819, -0.9406907979520867, 0.7043963937093093, -0.8283613707680995, 0.24594760707711738, 0.4621165139848073, -0.7302886845523493, 0.5078464016454356, -0.057355370687829366, 0.4334501812483269, -0.3040601882320837, -0.8400036163838105, 0.4639865345975551, -0.8538623086983428, -0.17443335029841855, 0.03626231881127984, 0.16923458506681177, 0.2874203657162733, -0.17390117486216927, -0.5922504592472402, -0.4820917862325218, -0.3901989458917916, 0.11256249029177907, -0.2146160742032992, -0.48704366132736854, 0.5684829177624375, 0.33396640267873723, 0.9062519941297973, 0.984057525687269, 0.6763181922019768, 0.17361090268435908, -0.060859450023484696, -0.8617908975822972, 0.9734324753086019, -0.6479783006747146, -0.37233500550373844, -0.4390823956368451, 0.5612329818419397, -0.2311099552720628, -0.6239730861370769, 0.37089710447950797, 0.5658603581275568, 0.21452308342728266, -0.9756360519885114, -0.927232845378489, 0.17868409007930142, -0.6175027170259657, -0.8585941712049965, 0.3139912959782962, 0.8876698158198, -0.3949767500233097, -0.9419398905537908, 0.028362761349369325, -0.6746669194227113, 0.12089101771755217, 0.7413226230776571, -0.8764517659900475, 0.061884583178258845, -0.7659929141252004, 0.5726050356675378, 0.2181106085914295, -0.9478682065463626, 0.5345450957904525, -0.856149877316003, -0.7277800853904683, -0.5735326571787878, -0.48751415644094487, -0.20144555765748473, 0.7044981316953316]
1016.2530517578125	(8, 12, 2)	[0.41658245225504875, -0.12658452964252698, -0.7517716511052837, -0.46567812196002056, 0.9847483971794675, 0.06704199085252238, -0.10993083455436303, 0.35713313856260087, 0.4217802941034685, 0.45336096111304713, 0.1395911116207169, 0.761717562900341, -0.14875424339585708, 0.8721206049042256, -0.3519306081083933, -0.566655999353219, 0.23108362778281033, -0.9270689238889147, 0.5496618637500743, 0.6456783838934395, 0.7196394705856555, 0.4104750963170518, -0.333650661750166, 0.7546680878382581, 0.7744827362009807, -0.06542730912857331, 0.16682438573122682, -0.8670244180346185, -0.05328364074471126, 0.7800894537593812, -0.35141735413457686, -0.036315074581205975, 0.39715143956360754, -0.7317238330075195, 0.34296574999654883, -0.8825160879182776, 0.8332139340658677, 0.6680884795547473, 0.8258206697386141, 0.636836632167185, 0.4648516744603499, -0.15971746578611223, 0.577764197846909, -0.9427972990021509, -0.5603438798971165, -0.13250654558249364, -0.44199178028970576, -0.8662397672035898, -0.6914639685646322, 0.6164144952097015, -0.08245935097949575, 0.11321237087068847, -0.9105871633053328, 0.7043963937093093, -0.8283613707680995, -0.16365845876481866, -0.8827295837850411, 0.8965018538009201, -0.2508523225936501, 0.8027564880109006, 0.761254899777974, -0.16960865043466455, -0.9097830509339857, 0.4639865345975551, 0.04034878741610681, -0.7425800951153092, 0.46173709809192043, 0.16923458506681177, -0.36163440324305096, -0.17390117486216927, -0.3110980656446827, 0.6082490551170483, -0.8901485335911583, -0.42640271182511436, -0.9436992089879255, -0.20786470284410385, 0.5247820974145405, -0.26059960981144825, 0.8374566514388142, 0.984057525687269, 0.5261222044484934, 0.17361090268435908, -0.6511927744862333, 0.1665679536923852, -0.2916341702912082, 0.4697081527543669, 0.9005929073848407, 0.4146716360578191, 0.5431170653222739, -0.013388426951223442, -0.9689533813030649, -0.69419886330619, 0.71863864211132, -0.5345244068540962, 0.8468768976533612, 0.783121767304302, -0.002511824107065852, -0.44563123966557616, -0.11688378138247235, 0.39225076350422783, -0.42877185015367036, 0.31047002044149385, 0.4870982882375865, 0.11583902819572289, -0.9524842794768011, 0.3411016487381928, 0.4477832838828446, 0.763404714898174, -0.9605553301069065, 0.9532741688789808, 0.19612686388673128, -0.08086955949620078, -0.8910245787460951, -0.8921721568999437, -0.05015685367468148, -0.625163862217363, 0.32681677774652096, -0.6448905309894732, -0.8470300321876436, 0.7044981316953316]
1018.623291015625	(8, 12, 2)	[-0.5369954866000661, 0.6827294871772573, -0.6793302715819816, 0.4281645779798495, 0.019427978069583185, 0.25783102309294037, -0.10993083455436303, -0.035800200781749725, -0.6358065572328258, -0.4542331927224674, 0.7784488200659614, -0.150064932352441, -0.14875424339585708, 0.24933321925644836, -0.9902463764305427, -0.566655999353219, 0.36461818836421167, -0.3725492390841494, 0.5496618637500743, -0.2488395382143027, 0.4743359035884325, 0.8692980393897272, 0.8772620315768871, 0.7546680878382581, 0.7744827362009807, -0.06542730912857331, 0.029461472491770335, -0.7937073600234115, -0.05328364074471126, -0.5295534930389367, -0.35141735413457686, -0.036315074581205975, -0.653758549442562, -0.6974383449556267, 0.6858869971188191, -0.9061774357689274, 0.3561308244811354, -0.05566584168331912, 0.42160047801032885, 0.33266896838875915, 0.4648516744603499, 0.1582336441808847, 0.6186816321988333, -0.9427972990021509, 0.7668200562450909, 0.6309665543231262, 0.9698135489144277, -0.8662397672035898, -0.18283594841832485, 0.8153041428320524, 0.5439020796980959, 0.8009062576669819, -0.9406907979520867, 0.4171098352817304, 0.47667020399041093, -0.02103319825207084, 0.350982375712942, 0.3232304260005585, -0.7296556751268413, 0.13083461112258754, -0.4400484001972449, -0.16960865043466455, -0.7457964837357378, -0.6695837975792167, -0.5433470434399437, -0.17443335029841855, -0.05585979290373444, -0.2062840768020855, 0.9101001018728134, 0.7407538130035483, -0.27192243746387823, -0.4820917862325218, 0.12653704193428217, 0.7322058864452083, 0.6826171647911912, -0.20786470284410385, 0.5810791483976672, -0.012638588030755349, -0.12789600161586967, 0.7460544513752292, -0.7405027740715029, -0.9881102484205302, 0.48459965919307635, -0.2820182585966673, 0.9734324753086019, -0.29930972873811834, 0.9005929073848407, 0.9368472858631873, 0.8771850173950553, -0.013388426951223442, -0.9689533813030649, -0.69419886330619, -0.10688256468992408, -0.3152422801986896, 0.8468768976533612, -0.927232845378489, 0.22804103994483593, -0.44563123966557616, -0.6905668765014676, 0.7583205780233022, 0.17415809692986084, 0.8119378502842161, -0.8941949088240893, -1.0, -0.9524842794768011, 0.5164511224348787, 0.38229258826829116, 0.432402836197046, -0.3778515206592272, 0.9532741688789808, 0.8614997276225074, 0.42829852206645347, 0.2751302418287249, 0.11545646152809885, -0.856149877316003, -0.6337306813807897, -0.5735326571787878, -0.7073966038037967, -0.5228681796272143, -0.21700622089397426]
1019.61376953125	(8, 12, 2)	[0.41658245225504875, -0.12658452964252698, -0.6453855184982302, 0.4281645779798495, -0.19311952191416815, 0.9101523869832389, -0.10993083455436303, 0.5261582196894037, 0.4217802941034685, -0.16400934302927905, 0.1395911116207169, 0.9577011491491152, -0.14875424339585708, 0.24933321925644836, -0.04801320769433981, -0.9050095570754177, 0.23108362778281033, -0.6088139804199719, -0.41534223658360636, 0.6456783838934395, -0.5182696632067352, 0.4104750963170518, -0.35113079601021857, 0.7546680878382581, 0.7258394866354325, -0.06542730912857331, 0.8889372797806976, 0.04816373622080028, -0.999846511833739, -0.12059097436634492, -0.17448613591026518, -0.036315074581205975, 0.3840402787035748, -0.7240601380050837, 0.6858869971188191, -0.27907600841237756, 0.8332139340658677, 0.8230011796019758, 0.2947870788024034, 0.33266896838875915, -0.4228287250458711, -0.752628375169504, -0.04742914086290834, -0.9427972990021509, -0.3566446108881989, -0.13250654558249364, -0.028326484508635286, 0.23738131626080583, -0.18283594841832485, 0.8153041428320524, -0.39990392193491653, 0.11321237087068847, -0.775063098070505, 0.4171098352817304, 0.6824493999967072, -0.02103319825207084, -0.8827295837850411, -0.1067693738356763, 0.4512923440155694, 0.13083461112258754, -0.4400484001972449, 0.0722583754242545, -0.7457964837357378, -0.6812478953217378, 0.6480128213246299, -0.17443335029841855, 0.0464147134520323, 0.16923458506681177, 0.4958457893025958, -0.3938945815623145, 0.7011249420904682, 0.4998367716610166, -0.3747313257153475, -0.010768206868739805, -0.5223788304657244, -0.20786470284410385, 0.5247820974145405, -0.012638588030755349, -0.7635921046466418, 0.7745153148478159, -0.8753173424574512, -0.40548108666209975, -0.060859450023484696, -0.04505617487224245, -0.2916341702912082, 0.9758910666700902, 0.1584381396587744, -0.7485016796613722, 0.5803078709258271, -0.013388426951223442, -0.0072689040988132, 0.15436095345496947, 0.218526072644059, -0.3152422801986896, -0.6281510974081237, 0.783121767304302, 0.8249649018871124, -0.12393989946799833, -0.6094852296032398, 0.3139912959782962, 0.8565497650150804, -0.6278807902071912, 0.4870982882375865, -0.23119811347611874, -0.19225563395177092, -0.6255382176982369, 0.5348161129912301, -0.8764517659900475, 0.18468299581778358, 0.8047114791902557, 0.19612686388673128, -0.08086955949620078, -0.8910245787460951, 0.49099197308853326, 0.17435679034229024, 0.3589573360813243, 0.2785881718837455, -0.7073966038037967, -0.8242154690868191, -0.21700622089397426]
1019.9381713867188	(8, 12, 2)	[0.41658245225504875, 0.8705687827101491, -0.6272869576579895, 0.4281645779798495, -0.19311952191416815, 0.06704199085252238, 0.21320156356410225, 0.5261582196894037, -0.6358065572328258, -0.4542331927224674, -0.5980428552667696, -0.150064932352441, 0.8611621223406578, -0.2899553907114025, -0.3519306081083933, -0.6027448280395833, 0.1588821676080901, 0.13665870996621932, -0.05012372623672939, 0.8600002106736038, 0.7196394705856555, 0.2021485085320287, 0.7930690097945483, 0.7546680878382581, -0.9766204054894858, -0.06542730912857331, 0.029461472491770335, -0.06242897393377467, -1.0, -0.2629433548433555, -0.0389674922243175, -0.8659459446282025, -0.11196345331548363, -0.35889916238274, 0.34296574999654883, -0.27907600841237756, 0.2435428502956163, 0.5684899225206146, -0.47012000226187756, -0.582480688416884, -0.4885670012608099, -0.15971746578611223, -0.6647066873321101, -0.9427972990021509, -0.3566446108881989, -0.7153131089285858, -0.1970154924485993, 0.23738131626080583, 0.48412147655115856, 0.6164144952097015, -0.39990392193491653, 0.4466833141315816, -0.9406907979520867, -0.8972012936946563, 0.23036019293419963, -0.9626387777167764, -0.14413625520908857, -0.19200283689844544, 0.48254844348200643, 0.13083461112258754, -0.4400484001972449, -0.6322456389229872, -0.7690004298309492, -0.6878307040953102, 0.5884489949628087, 0.6266482392415587, 0.5586398393539527, -0.7811582796132654, 0.9877177628580287, 0.6227424317975794, -0.5922504592472402, 0.6082490551170483, -0.3747313257153475, 0.25638122221327575, -0.2146160742032992, 0.2936007986347786, 0.5684829177624375, -0.5188212156985237, 0.3560074768416781, 0.984057525687269, -0.8753173424574512, -0.9881102484205302, 0.002982945520635827, -0.04505617487224245, -0.23605631416620465, -0.29930972873811834, 0.1584381396587744, -0.7485016796613722, 0.29263890697414263, -0.8094807803414357, -0.0072689040988132, 0.37089710447950797, -0.33564519203688437, 0.21452308342728266, -0.6281510974081237, -0.6089355797385967, 0.22804103994483593, -0.6745137454538972, 0.9592525763563722, 0.9038397536083107, -0.9265014375539173, 0.8119378502842161, 0.17315494584208446, 0.6021531383354779, -0.19225563395177092, 0.12089101771755217, 0.3703474013464114, -0.8764517659900475, -0.976054454929183, 0.9532741688789808, 0.8614997276225074, -0.08086955949620078, 0.41844196810844536, -0.8921721568999437, 0.12224270967977546, 0.6555901370516048, 0.2785881718837455, -0.6448905309894732, -0.8242154690868191, -0.06761857801028248]
1000.4610595703125	(8, 12, 2)	[0.487503513723496, 0.6827294871772573, -0.2578839823241988, 0.4281645779798495, -0.19311952191416815, 0.9101523869832389, -0.6364259119406972, 0.5311229845618348, 0.4217802941034685, -0.4542331927224674, 0.16018796511524394, -0.7688877633013852, 0.8611621223406578, 0.8721206049042256, -0.3519306081083933, -0.566655999353219, 0.23108362778281033, -0.3725492390841494, 0.5496618637500743, -0.4630346076974121, 0.7196394705856555, 0.42828207764746185, 0.7930690097945483, 0.4251447035003695, 0.7744827362009807, -0.7771591669428819, 0.12831549399426212, -0.8670244180346185, 0.22105843756163732, 0.7800894537593812, -0.35141735413457686, 0.7065128126483216, 0.3840402787035748, -0.6640791611275225, 0.255084971297747, -0.8825160879182776, 0.8332139340658677, -0.29245942608175635, 0.3411756733374356, 0.78501105156572, 0.5236230657308379, -0.15971746578611223, -0.04742914086290834, -0.6700130892439591, -0.5603438798971165, -0.5808385555866626, -0.6678576097001478, -0.8662397672035898, 0.9268887777241743, -0.04908212469971596, -0.9058187757426979, 0.11321237087068847, 0.4818476887629406, 0.7043963937093093, 0.6976632183998228, -0.02103319825207084, -0.14413625520908857, 0.35087591093589854, 0.45888626529862475, 0.8027564880109006, -0.4400484001972449, -0.16960865043466455, -0.9097830509339857, 0.4639865345975551, 0.04034878741610681, -0.7425800951153092, 0.5586398393539527, 0.16923458506681177, -0.4956975709267797, -0.17390117486216927, -0.5922504592472402, 0.1855809776619859, 0.07623818678360417, -0.010768206868739805, -0.2146160742032992, -0.5292189193673489, 0.5810791483976672, 0.33396640267873723, -0.7635921046466418, 0.984057525687269, -0.8753173424574512, -0.4265024136539146, -0.6851805755679683, -0.7654126364218727, 0.9734324753086019, -0.29930972873811834, 0.9005929073848407, 0.28066822236827216, 0.8771850173950553, -0.770903218195321, -0.6239730861370769, -0.1823215029939882, -0.33564519203688437, -0.31096061336246783, -0.03989176124333538, 0.6802455366654154, 0.17868409007930142, 0.5153261227247254, -0.11688378138247235, 0.5981065299884463, -0.23004238544082556, -0.7217479474250859, -0.9419398905537908, -0.17718411774432608, -0.19225563395177092, -0.6255382176982369, 0.7413226230776571, -0.8764517659900475, 0.11955998797510582, 0.27485623715771346, 0.19612686388673128, -0.43184624415085326, -0.8910245787460951, -0.8921721568999437, -0.05015685367468148, 0.8192557649989125, -0.521088197927156, -0.7073966038037967, -0.5228681796272143, 0.07259759394434107]
1019.8353881835938	(8, 12, 2)	[-0.4484692672163208, 0.6827294871772573, -0.7517716511052837, 0.13279901309627595, 0.9847483971794675, 0.06704199085252238, 0.16438328692374604, 0.5311229845618348, -0.36033468144655445, -0.4542331927224674, 0.1395911116207169, 0.4762442563355578, 0.8611621223406578, 0.7857069176070219, 0.7032554118563983, -0.566655999353219, 0.153900090612469, -0.5420661232502022, -0.6935542290912883, -0.3485719396365041, -0.5182696632067352, 0.4104750963170518, 0.7930690097945483, -0.4609489957409194, -0.6167268885343757, -0.7771591669428819, 0.12831549399426212, 0.6913737082407745, 0.05565869162015846, -0.879244380800976, -0.17448613591026518, -0.8659459446282025, -0.11196345331548363, -0.6434035504787894, 0.34296574999654883, -0.5739531754519309, 0.3561308244811354, -0.29245942608175635, -0.47012000226187756, -0.582480688416884, 0.2626280912153719, -0.752628375169504, -0.6647066873321101, -0.9427972990021509, 0.5117092576372437, 0.6309665543231262, -0.1970154924485993, -0.8662397672035898, -0.6914639685646322, -0.04908212469971596, -0.9058187757426979, 0.8009062576669819, -0.9105871633053328, 0.7043963937093093, 0.23036019293419963, -0.9626387777167764, -0.07556619373652666, 0.8725663179741845, -0.6760207356025059, 0.7900257396996315, -0.4400484001972449, 0.0722583754242545, -0.8400036163838105, -0.6878307040953102, -0.5433470434399437, -0.6004240662315606, 0.0464147134520323, -0.7811582796132654, 0.9101001018728134, -0.17390117486216927, -0.5922504592472402, 0.6245095232516416, 0.31449593009099486, 0.11256249029177907, -0.8423810150336091, 0.14467358592940638, 0.5247820974145405, -0.550802544243888, 0.3560074768416781, 0.7745153148478159, 0.5261222044484934, -0.4265024136539146, -0.6851805755679683, -0.04505617487224245, 0.9734324753086019, -0.2376167844263033, 0.1584381396587744, 0.7055239033673208, 0.29263890697414263, -0.013388426951223442, -0.9699986771912522, 0.37089710447950797, -0.33564519203688437, 0.21452308342728266, -0.6281510974081237, -0.927232845378489, 0.10186765346223267, 0.5153261227247254, 0.9592525763563722, 0.5981065299884463, -0.32998052125390925, -0.3949767500233097, 0.17315494584208446, 0.6021531383354779, -0.19225563395177092, -0.7065687347510856, 0.3703474013464114, -0.8764517659900475, -0.976054454929183, 0.9532741688789808, 0.5726050356675378, -0.08086955949620078, -0.8503840252886559, -0.8921721568999437, 0.6444192885266493, -0.625163862217363, 0.32681677774652096, -0.6448905309894732, -0.5228681796272143, 0.45070768204576117]
7.429239273071289	(8, 12, 2)	[0.41658245225504875, 0.49514769746959786, -0.7517716511052837, 0.13279901309627595, 0.9847483971794675, 0.25783102309294037, -0.6364259119406972, -0.0349409812512238, -0.4881024941229135, -0.4542331927224674, 0.1395911116207169, 0.761717562900341, 0.8653364021573353, 0.8721206049042256, 0.24295887722674747, -0.9179923028797317, 0.23108362778281033, -0.0013865990917192317, -0.6516289927859296, -0.3485719396365041, 0.7196394705856555, 0.4104750963170518, 0.8772620315768871, -0.4609489957409194, -0.6167268885343757, -0.6543542842966101, 0.8889372797806976, 0.6913737082407745, -0.999846511833739, 0.7800894537593812, 0.5857286832428195, 0.7065128126483216, -0.7758587828758166, -0.6434035504787894, 0.255084971297747, -0.19120963075064124, 0.2435428502956163, 0.6680884795547473, 0.42160047801032885, -0.27347510622565996, 0.4648516744603499, -0.752628375169504, -0.6804921345612633, 0.593394091033223, 0.7668200562450909, 0.10377547379272567, 1.0, -0.8662397672035898, -0.6914639685646322, 0.6164144952097015, -0.3159750141052622, 0.6916569928334377, -0.853822565058477, -0.8972012936946563, 0.1294643859366887, -0.9626387777167764, -0.6610384076114897, -0.01988333660702274, 0.5078464016454356, 0.7900257396996315, 0.761254899777974, -0.21266913707689555, -0.02094861819350724, -0.25074016263368515, 0.04034878741610681, -0.18901199018351256, 0.5846665292033186, -0.3202999639393638, -0.36163440324305096, -0.3938945815623145, -0.27192243746387823, 0.1855809776619859, 0.9858089834350596, -0.010768206868739805, -0.2146160742032992, 0.5104648361398327, 0.5810791483976672, -0.550802544243888, -0.7635921046466418, 0.984057525687269, 0.4793281210283901, 0.0929602878275364, -0.060859450023484696, 0.1665679536923852, -0.2916341702912082, 0.8221434361502209, 0.1584381396587744, -0.7485016796613722, 0.5431170653222739, -0.013388426951223442, -0.9689533813030649, -0.1823215029939882, -0.33564519203688437, -0.5345244068540962, -0.03989176124333538, 0.6802455366654154, 0.8445557296404698, -0.6175027170259657, 0.09125609604630923, 0.7583205780233022, -0.9265014375539173, -0.3949767500233097, 0.4870982882375865, 0.11583902819572289, -0.19225563395177092, 0.3411016487381928, 0.38229258826829116, -0.8764517659900475, -0.3778515206592272, 0.9532741688789808, 0.5726050356675378, 0.2181106085914295, 0.7701582921679428, 0.11806146475822099, -0.05015685367468148, -0.6337306813807897, 0.32681677774652096, -0.48751415644094487, -0.5228681796272143, 0.8309097493275066]
1019.8834838867188	(8, 12, 2)	[0.41658245225504875, -0.12658452964252698, -0.6453855184982302, 0.361264069631436, 0.9847483971794675, 0.25783102309294037, -0.0721320701007595, 0.5261582196894037, -0.4881024941229135, -0.16400934302927905, 0.1395911116207169, 0.761717562900341, 0.9196094908153982, 0.9203100373066526, -0.04801320769433981, -0.566655999353219, -0.29721514463701304, -0.6088139804199719, -0.6173391760340204, 0.6456783838934395, -0.5182696632067352, 0.4104750963170518, 0.8772620315768871, 0.7546680878382581, -0.6167268885343757, -0.5842834548851522, 0.16682438573122682, 0.009307560039569784, 0.22105843756163732, -0.879244380800976, -0.35141735413457686, 0.7293641396638044, -0.653758549442562, -0.6903543043556393, 0.34296574999654883, -0.19120963075064124, 0.8332139340658677, 0.6680884795547473, 0.2947870788024034, -0.27347510622565996, 0.4648516744603499, -0.752628375169504, 0.6186816321988333, 0.593394091033223, -0.46284834691536103, 0.6309665543231262, -0.44199178028970576, -0.8662397672035898, 0.5065433713865644, 0.8153041428320524, 0.41254420355871035, 0.8009062576669819, -0.853822565058477, 0.5925763069601725, -0.8283613707680995, -0.02103319825207084, -0.07556619373652666, -0.7302886845523493, 0.4512923440155694, 0.7900257396996315, 0.761254899777974, -0.21266913707689555, -0.8359408856722503, -0.6812478953217378, -0.5433470434399437, -0.17443335029841855, -0.3228418062804681, -0.3202999639393638, -0.4956975709267797, -0.5660816872819423, -0.5922504592472402, 0.1855809776619859, 0.31449593009099486, 0.7322058864452083, -0.9436992089879255, 0.5104648361398327, 0.5247820974145405, -0.04177262698095907, 0.30973267416610134, 0.7994660558820502, 0.5261222044484934, 0.17361090268435908, -0.060859450023484696, -0.2820182585966673, -0.2916341702912082, 0.8221434361502209, -0.37233500550373844, -0.4390823956368451, 0.5431170653222739, -0.013388426951223442, -0.6239730861370769, -0.69419886330619, 0.5658603581275568, -0.3152422801986896, -0.6281510974081237, -0.6089355797385967, 0.8445557296404698, -0.44563123966557616, -0.6905668765014676, 0.39225076350422783, 0.17415809692986084, -0.6278807902071912, 0.17315494584208446, -0.284951634264736, -0.19225563395177092, -0.6255382176982369, 0.4477832838828446, -0.8764517659900475, 0.18468299581778358, -0.9703351423384927, 0.5726050356675378, -0.43184624415085326, 0.26437078334180675, 0.11545646152809885, 0.17435679034229024, -0.6337306813807897, 0.32681677774652096, -0.48751415644094487, -0.8470300321876436, -0.21700622089397426]
1019.0855102539062	(8, 12, 2)	[0.487503513723496, 0.6827294871772573, -0.7517716511052837, 0.13279901309627595, 0.9556517317604755, 0.06704199085252238, -0.6364259119406972, -0.5351382460340715, -0.6358065572328258, -0.16400934302927905, 0.16018796511524394, 0.5805863496630801, 0.9196094908153982, 0.8721206049042256, 0.24295887722674747, -0.566655999353219, 0.23108362778281033, -0.5420661232502022, 0.04904999539425692, 0.6456783838934395, 0.6439761067270834, 0.1757161151055393, 0.6672773232014158, -0.4609489957409194, 0.7744827362009807, -0.6543542842966101, 0.8889372797806976, -0.06242897393377467, -1.0, 0.7800894537593812, 0.5857286832428195, 0.9087389122783882, 0.20217129562960734, -0.35889916238274, 0.34296574999654883, -0.8825160879182776, 0.3446961664331174, -0.29245942608175635, 0.20540202839023936, 0.636836632167185, 0.27819338841696095, -0.15971746578611223, 0.04711449377302433, -0.9427972990021509, 0.5117092576372437, 0.6309665543231262, -0.6678576097001478, 0.618675837515577, 0.9268887777241743, 0.6164144952097015, 0.41254420355871035, 0.8009062576669819, -0.853822565058477, -0.8972012936946563, -0.8283613707680995, 0.47840530136752596, 0.350982375712942, 0.8725663179741845, -0.6760207356025059, 0.8027564880109006, 0.32483530203581834, -0.16960865043466455, 0.6321288249460086, -0.25074016263368515, -0.8162239048735385, -0.7425800951153092, -0.05585979290373444, 0.9163242163095451, 0.9101001018728134, -0.3938945815623145, 0.43689918186564336, 0.6082490551170483, 0.31449593009099486, 0.11256249029177907, -0.2146160742032992, 0.14467358592940638, 0.5247820974145405, -0.5188212156985237, 0.30314490974092934, 0.984057525687269, -0.8753173424574512, 0.17361090268435908, 0.48459965919307635, 0.1665679536923852, 0.9734324753086019, 0.4186819928652461, 0.1584381396587744, -1.0, 0.5612329818419397, -0.8094807803414357, 0.11825707707900077, 0.37089710447950797, -0.893498538683106, -0.31096061336246783, -0.6281510974081237, 0.6802455366654154, -0.002511824107065852, -0.6175027170259657, 0.0947076686328634, 0.7583205780233022, -0.23004238544082556, -0.38597340318013046, 0.4870982882375865, 0.11583902819572289, -0.6746669194227113, -0.7065687347510856, 0.4477832838828446, -0.8764517659900475, 0.18468299581778358, 0.27485623715771346, 0.8614997276225074, 0.2200582130084366, -0.8377750283225607, 0.11806146475822099, -0.856149877316003, -0.7277800853904683, 0.32681677774652096, -0.48751415644094487, -0.5228681796272143, 0.07259759394434107]
1000.9240112304688	(8, 12, 2)	[0.487503513723496, 0.6827294871772573, -0.7517716511052837, 0.13279901309627595, 0.9556517317604755, 0.06704199085252238, -0.6364259119406972, -0.5351382460340715, -0.6358065572328258, -0.16400934302927905, 0.16018796511524394, 0.5805863496630801, 0.9196094908153982, 0.8721206049042256, 0.24295887722674747, -0.566655999353219, 0.23108362778281033, -0.5420661232502022, 0.04904999539425692, 0.6456783838934395, 0.6439761067270834, 0.1757161151055393, 0.6672773232014158, -0.4609489957409194, 0.7744827362009807, -0.6543542842966101, 0.8889372797806976, -0.06242897393377467, -1.0, 0.7800894537593812, 0.5857286832428195, 0.9087389122783882, 0.20217129562960734, -0.35889916238274, 0.34296574999654883, -0.8825160879182776, 0.3446961664331174, -0.29245942608175635, 0.20540202839023936, 0.636836632167185, 0.27819338841696095, -0.15971746578611223, 0.04711449377302433, -0.9427972990021509, 0.5117092576372437, 0.6309665543231262, -0.6678576097001478, 0.618675837515577, 0.9268887777241743, 0.6164144952097015, 0.41254420355871035, 0.8009062576669819, -0.853822565058477, -0.8972012936946563, -0.8283613707680995, 0.47840530136752596, 0.350982375712942, 0.8725663179741845, -0.6760207356025059, 0.8027564880109006, 0.32483530203581834, -0.16960865043466455, 0.6321288249460086, -0.25074016263368515, -0.8162239048735385, -0.7425800951153092, -0.05585979290373444, 0.9163242163095451, 0.9101001018728134, -0.3938945815623145, 0.43689918186564336, 0.6082490551170483, 0.31449593009099486, 0.11256249029177907, -0.2146160742032992, 0.14467358592940638, 0.5247820974145405, -0.5188212156985237, 0.30314490974092934, 0.984057525687269, -0.8753173424574512, 0.17361090268435908, 0.48459965919307635, 0.1665679536923852, 0.9734324753086019, 0.4186819928652461, 0.1584381396587744, -1.0, 0.5612329818419397, -0.8094807803414357, 0.11825707707900077, 0.37089710447950797, -0.893498538683106, -0.31096061336246783, -0.6281510974081237, 0.6802455366654154, -0.002511824107065852, -0.6175027170259657, 0.0947076686328634, 0.7583205780233022, -0.23004238544082556, -0.38597340318013046, 0.4870982882375865, 0.11583902819572289, -0.6746669194227113, -0.7065687347510856, 0.4477832838828446, -0.8764517659900475, 0.18468299581778358, 0.27485623715771346, 0.8614997276225074, 0.2200582130084366, -0.8377750283225607, 0.11806146475822099, -0.856149877316003, -0.7277800853904683, 0.32681677774652096, -0.48751415644094487, -0.5228681796272143, 0.07259759394434107]
1019.825439453125	(8, 12, 2)	[0.41658245225504875, 0.6827294871772573, -0.6453855184982302, -0.6157391650968482, 0.019427978069583185, 0.06704199085252238, -0.6364259119406972, 0.35713313856260087, 0.4217802941034685, 0.45336096111304713, 0.1395911116207169, 0.761717562900341, 0.9196094908153982, 0.7857069176070219, 0.24295887722674747, -0.9179923028797317, 0.36461818836421167, -0.3725492390841494, 0.04904999539425692, 0.6456783838934395, 0.7167849944233804, 0.4104750963170518, 0.8772620315768871, -0.4609489957409194, 0.9873007087844623, -0.06542730912857331, 0.8889372797806976, 0.009307560039569784, -1.0, -0.879244380800976, 0.5857286832428195, 0.9087389122783882, -0.653758549442562, -0.6434035504787894, 0.34296574999654883, -0.8825160879182776, 0.8332139340658677, 0.6680884795547473, 0.20540202839023936, 0.636836632167185, 0.27819338841696095, -0.752628375169504, -0.04742914086290834, -0.9427972990021509, 0.5117092576372437, 0.10377547379272567, -0.6678576097001478, 0.6726886629791349, -0.6330814252448487, 0.6164144952097015, 0.41254420355871035, 0.4466833141315816, -0.853822565058477, 0.2959417203464356, -0.8283613707680995, -0.9626387777167764, -0.14413625520908857, 0.8725663179741845, -0.6760207356025059, 0.8027564880109006, 0.761254899777974, -0.16960865043466455, 0.6321288249460086, -0.25074016263368515, 0.04034878741610681, -0.6803766537947709, 0.7696893522256427, -0.7811582796132654, 0.9101001018728134, -0.3938945815623145, 0.43689918186564336, 0.6245095232516416, 0.31449593009099486, -0.010768206868739805, -0.2146160742032992, -0.20786470284410385, 0.5684829177624375, -0.550802544243888, 0.30973267416610134, 0.984057525687269, -0.8753173424574512, 0.0929602878275364, 0.48459965919307635, 0.1665679536923852, 0.9734324753086019, -0.2376167844263033, 0.1584381396587744, -0.7485016796613722, 0.29263890697414263, -0.013388426951223442, 0.11825707707900077, 0.37089710447950797, -0.893498538683106, -0.5345244068540962, -0.6281510974081237, -0.927232845378489, 0.8249649018871124, -0.6175027170259657, 0.9592525763563722, 0.5981065299884463, 0.17415809692986084, 0.31047002044149385, -1.0, 0.11583902819572289, -0.991080617857751, -0.7065687347510856, 0.4477832838828446, -0.333124720671204, -0.3778515206592272, 0.27485623715771346, 0.19612686388673128, 0.2181106085914295, 0.6544680285203258, -0.8921721568999437, 0.6444192885266493, -0.625163862217363, 0.32681677774652096, -0.48751415644094487, -0.5228681796272143, 0.07259759394434107]
1011.899169921875	(8, 12, 2)	[0.30431117199985713, 0.49514769746959786, -0.5138699111782976, -0.6680389339833344, 0.9517565043420939, 0.25783102309294037, -0.6364259119406972, -0.0349409812512238, 0.3299533518500825, -0.4542331927224674, 0.0912392557651669, -0.150064932352441, 0.8611621223406578, 0.8721206049042256, 0.01961321639343772, -0.6027448280395833, 0.23108362778281033, 0.37284966184464197, 0.5496618637500743, 0.6456783838934395, 0.7196394705856555, 0.4104750963170518, 0.6672773232014158, 0.7546680878382581, 0.7744827362009807, -0.5590057528177208, 0.16682438573122682, -0.8670244180346185, -1.0, -0.879244380800976, -0.40708818329585705, -0.036315074581205975, -0.7758587828758166, -0.6640791611275225, 0.6858869971188191, -0.8743830542443436, 0.8332139340658677, -0.29245942608175635, -0.47012000226187756, 0.5737048602625385, -0.4885670012608099, -0.15971746578611223, -0.04742914086290834, -0.9450543339398285, 0.7668200562450909, 0.10377547379272567, 1.0, 0.23738131626080583, -0.6914639685646322, 0.8153041428320524, -0.3159750141052622, 0.6916569928334377, -0.9406907979520867, 0.7043963937093093, 0.23036019293419963, -0.16365845876481866, -0.14413625520908857, -0.1067693738356763, -0.7296556751268413, 0.8027564880109006, -0.4400484001972449, -0.16960865043466455, 0.6321288249460086, -0.25074016263368515, 0.5884489949628087, -0.7425800951153092, -0.05585979290373444, -0.4144035008300462, -0.36163440324305096, 0.6227424317975794, -0.5922504592472402, 0.6245095232516416, -0.521939522938612, -0.010768206868739805, -0.8423810150336091, 0.2936007986347786, 0.5810791483976672, -0.5188212156985237, 0.4697840215363027, 0.984057525687269, -0.8753173424574512, 0.0929602878275364, 0.48459965919307635, -0.7654126364218727, -0.4830590964992565, 0.4186819928652461, 0.1584381396587744, -0.8148925221103634, 0.8771850173950553, -0.013388426951223442, -0.6239730861370769, -0.1823215029939882, -0.33564519203688437, -0.5345244068540962, -0.06106069759248722, -0.927232845378489, -0.5715830389397427, -0.6175027170259657, -0.11688378138247235, 0.39225076350422783, 0.37535659154027434, -0.3949767500233097, 0.4870982882375865, 0.11583902819572289, -0.6176900785364405, 0.12089101771755217, 0.7413226230776571, -0.8764517659900475, 0.18468299581778358, 0.9532741688789808, 0.19612686388673128, -0.08086955949620078, 0.7701582921679428, 0.49099197308853326, -0.05015685367468148, 0.6555901370516048, -0.521088197927156, -0.7073966038037967, -0.8470300321876436, 0.7044981316953316]
1019.94775390625	(8, 12, 2)	[0.487503513723496, 0.6827294871772573, -0.6453855184982302, 0.13279901309627595, 0.019427978069583185, 0.9101523869832389, 0.5363165063931778, 0.35713313856260087, 0.4217802941034685, -0.6627729082862217, 0.35542789161482413, 0.761717562900341, 0.9196094908153982, 0.7857069176070219, 0.7032554118563983, -0.566655999353219, 0.23108362778281033, -0.3725492390841494, 0.04904999539425692, 0.8600002106736038, 0.7196394705856555, 0.4104750963170518, 0.7930690097945483, -0.4814605261661169, -0.9244413213225219, -0.20649395095474743, 0.2016762564910671, -0.7937073600234115, -0.842818415826007, -0.879244380800976, -0.35141735413457686, -0.036315074581205975, 0.20217129562960734, -0.6640791611275225, 0.34296574999654883, -0.9061774357689274, 0.8332139340658677, 0.6680884795547473, -0.4434825514780371, 0.7556453041308637, -0.4228287250458711, -0.752628375169504, 0.05892492117217185, -0.6700130892439591, 0.5117092576372437, 0.10377547379272567, 1.0, 0.6726886629791349, 0.5065433713865644, -0.04908212469971596, -0.46520502430268795, 0.8009062576669819, -0.9406907979520867, 0.7043963937093093, -0.8283613707680995, -0.07676826239062101, -0.8827295837850411, -0.01988333660702274, -0.6760207356025059, 0.13083461112258754, 0.761254899777974, -0.21299312201527149, -0.895951531453675, -0.25074016263368515, 0.04034878741610681, -0.7425800951153092, 0.7696893522256427, -0.7811582796132654, 1.0, 0.62749390969254, -0.5922504592472402, 0.6245095232516416, 0.31449593009099486, 0.7322058864452083, -0.2146160742032992, -0.20786470284410385, -0.7150571371701393, -0.26059960981144825, -0.9588529890886235, 0.984057525687269, -0.8753173424574512, 0.0929602878275364, -0.060859450023484696, -0.2820182585966673, 0.9734324753086019, 0.3128883280032143, 0.9005929073848407, 0.9368472858631873, -0.6845507199231993, -0.013388426951223442, 0.11825707707900077, 0.37089710447950797, -0.893498538683106, -0.31096061336246783, 0.8468768976533612, -0.6089355797385967, 0.8249649018871124, 0.12132835981980561, -0.11688378138247235, 0.5981065299884463, -0.9265014375539173, 0.2045160209992704, -0.9419398905537908, -0.284951634264736, -0.6746669194227113, -0.7065687347510856, 0.3703474013464114, 0.763404714898174, -0.3778515206592272, 0.27485623715771346, 0.8614997276225074, 0.2181106085914295, -0.8351035090936273, 0.11806146475822099, -0.9364009480566988, -0.625163862217363, -0.521088197927156, -0.6448905309894732, -0.8470300321876436, -0.06761857801028248]
1019.89453125	(8, 12, 2)	[0.41658245225504875, -0.12658452964252698, -0.7517716511052837, 0.13279901309627595, 0.9847483971794675, 0.25783102309294037, -0.6364259119406972, -0.5351382460340715, -0.6358065572328258, -0.4542331927224674, 0.35542789161482413, 0.5805863496630801, 0.9196094908153982, 0.8721206049042256, 0.24295887722674747, -0.566655999353219, 0.23108362778281033, 0.13665870996621932, 0.5496618637500743, 0.8600002106736038, 0.6439761067270834, -0.22601219058875938, -0.7939256190966435, 0.7546680878382581, 0.9873007087844623, -0.7771591669428819, 0.12831549399426212, 0.02493690959523892, 0.22105843756163732, -0.22529309699055977, -0.35141735413457686, 0.9087389122783882, 0.3840402787035748, -0.7317238330075195, 0.34296574999654883, -0.8825160879182776, 0.2850001569457101, 0.6680884795547473, 0.1098643038153581, 0.636836632167185, -0.4885670012608099, -0.15971746578611223, -0.6647066873321101, -0.9427972990021509, -0.5603438798971165, 0.6309665543231262, -0.028326484508635286, -0.7313610718142589, 0.9268887777241743, 0.8153041428320524, -0.3159750141052622, 0.11321237087068847, 0.4818476887629406, -0.39721284426352477, -0.8283613707680995, -0.9626387777167764, -0.14413625520908857, -0.15505898908059, -0.6760207356025059, -0.9870064569558403, -0.4400484001972449, -0.16960865043466455, -0.7690004298309492, 0.3102867833560061, 0.5884489949628087, -0.18901199018351256, -0.05585979290373444, -0.3202999639393638, 0.9101001018728134, 0.7407538130035483, 0.43689918186564336, 0.6082490551170483, -0.3747313257153475, -0.4186651690584109, -0.8423810150336091, 0.5104648361398327, 0.5810791483976672, -0.4950822613021166, -0.7635921046466418, 0.9034273188847078, -0.8753173424574512, -0.4265024136539146, 0.48459965919307635, -0.2820182585966673, 0.005653152295965504, 0.4186819928652461, 0.9005929073848407, -0.7485016796613722, 0.8771850173950553, -0.8094807803414357, 0.11825707707900077, 0.03983957676805305, 0.71863864211132, -0.4930341441208035, 0.8468768976533612, 0.46683962338300555, -0.002511824107065852, -0.44563123966557616, -0.8423848859986093, 0.7583205780233022, -0.9265014375539173, -0.3949767500233097, 0.4870982882375865, -0.3112770925935455, -0.6176900785364405, -0.7065687347510856, 0.7413226230776571, -0.8764517659900475, -0.976054454929183, 0.9532741688789808, 0.19612686388673128, -0.08086955949620078, -0.8377750283225607, 0.5345450957904525, -0.856149877316003, -0.7277800853904683, -0.4046684969540423, -0.48751415644094487, -0.8470300321876436, 0.5956926123708277]
1019.774658203125	(8, 12, 2)	[0.487503513723496, 0.49514769746959786, -0.6453855184982302, 0.4281645779798495, 0.9847483971794675, 0.9101523869832389, -0.6364259119406972, -0.0349409812512238, -0.6853496421952676, 0.45336096111304713, 0.35542789161482413, 0.761717562900341, 0.9196094908153982, 0.7857069176070219, 0.01961321639343772, -0.9179923028797317, 0.36461818836421167, -0.5420661232502022, -0.05012372623672939, 0.8600002106736038, 0.7196394705856555, 0.1757161151055393, 0.8958782418314539, -0.4609489957409194, 0.7744827362009807, -0.06542730912857331, 0.8889372797806976, 0.02493690959523892, -1.0, 0.7800894537593812, -0.35141735413457686, 0.9087389122783882, -0.653758549442562, -0.6434035504787894, 0.34296574999654883, -0.8825160879182776, 0.8332139340658677, 0.6680884795547473, 0.3411756733374356, 0.636836632167185, -0.4885670012608099, -0.15971746578611223, -0.04742914086290834, -0.6700130892439591, -0.3566446108881989, 0.6309665543231262, 1.0, -0.8662397672035898, -0.6914639685646322, 0.8153041428320524, -0.08245935097949575, 0.7397841118211699, -0.9105871633053328, 0.7043963937093093, 0.6976632183998228, -0.9626387777167764, -0.14413625520908857, -0.01988333660702274, -0.6760207356025059, -0.9870064569558403, 0.761254899777974, -0.16960865043466455, 0.6321288249460086, -0.25074016263368515, 0.04034878741610681, -0.7425800951153092, -0.05585979290373444, 0.9163242163095451, 0.9101001018728134, -0.3938945815623145, 0.43689918186564336, 0.6245095232516416, 0.31449593009099486, 0.11256249029177907, -0.8423810150336091, 0.5104648361398327, 0.5810791483976672, -0.3290716631335959, -0.7635921046466418, 0.984057525687269, -0.8753173424574512, -0.4265024136539146, 0.48459965919307635, -0.2820182585966673, -0.2916341702912082, 0.3128883280032143, 0.1584381396587744, 0.4146716360578191, 0.29263890697414263, -0.013388426951223442, 0.3554943556562722, 0.03983957676805305, -0.893498538683106, -0.5345244068540962, -0.03989176124333538, -0.927232845378489, -0.002511824107065852, -0.6175027170259657, 0.09125609604630923, 0.6592731983689186, 0.8876698158198, -0.3949767500233097, 0.4870982882375865, 0.11583902819572289, -0.991080617857751, 0.12089101771755217, 0.7413226230776571, -0.8764517659900475, -0.9605553301069065, 0.27485623715771346, 0.19612686388673128, 0.2200582130084366, 0.7701582921679428, 0.11806146475822099, -0.856149877316003, -0.6337306813807897, 0.32681677774652096, -0.7073966038037967, -0.8242154690868191, 0.7044981316953316]
1019.7779541015625	(8, 12, 2)	[0.41658245225504875, -0.12658452964252698, -0.5138699111782976, 0.4281645779798495, 0.9847483971794675, 0.25783102309294037, 0.16438328692374604, -0.0349409812512238, 0.36985584795571447, -0.4542331927224674, 0.35542789161482413, 0.5805863496630801, 0.9196094908153982, 0.5161010378539428, -0.3519306081083933, -0.566655999353219, 0.23108362778281033, 0.37284966184464197, 0.5496618637500743, 0.8600002106736038, 0.7560644560198295, 0.1757161151055393, 0.8772620315768871, 0.7546680878382581, -0.6167268885343757, -0.7771591669428819, 0.8889372797806976, -0.8670244180346185, 0.3237388871763871, -0.22529309699055977, -0.35141735413457686, 0.9087389122783882, 0.3840402787035748, -0.6640791611275225, 0.6858869971188191, -0.8825160879182776, 0.6741019191800128, 0.6680884795547473, -0.47012000226187756, 0.33266896838875915, 0.4648516744603499, -0.752628375169504, 0.6186816321988333, -0.9427972990021509, -0.3566446108881989, 0.6309665543231262, -0.028326484508635286, 0.6726886629791349, -0.6914639685646322, 0.8153041428320524, -0.3159750141052622, 0.6916569928334377, -0.6116606036012444, 0.7043963937093093, 0.23036019293419963, 0.47840530136752596, 0.350982375712942, -0.1067693738356763, -0.6760207356025059, 0.13083461112258754, -0.4400484001972449, -0.16960865043466455, 0.6321288249460086, -0.25074016263368515, -0.39759900775648993, -0.18901199018351256, -0.05585979290373444, -0.3202999639393638, 0.9101001018728134, 0.62749390969254, -0.5922504592472402, -0.4820917862325218, -0.3747313257153475, -0.010768206868739805, -0.8423810150336091, -0.15983425610002167, 0.5810791483976672, 0.33396640267873723, 0.30973267416610134, 0.984057525687269, -0.8753173424574512, 0.0929602878275364, 0.48459965919307635, -0.2820182585966673, 0.9734324753086019, -0.2376167844263033, 0.1584381396587744, -0.7485016796613722, 0.5803078709258271, -0.013388426951223442, 0.3554943556562722, -0.1823215029939882, 0.71863864211132, -0.31096061336246783, -0.03989176124333538, 0.6802455366654154, -0.002511824107065852, -0.8377995728772394, -0.8423848859986093, 0.7583205780233022, -0.23004238544082556, -0.46413530177306017, 0.4870982882375865, 0.028362761349369325, -0.6746669194227113, 0.12089101771755217, 0.3703474013464114, -0.9264462435908447, -0.937766571696466, 0.27485623715771346, 0.19612686388673128, 0.2181106085914295, 0.7701582921679428, 0.5345450957904525, -0.856149877316003, 0.4196130587298386, 0.3974013957712552, -0.6448905309894732, -0.8470300321876436, 0.7044981316953316]
1015.9212646484375	(8, 12, 2)	[0.41658245225504875, 0.6827294871772573, -0.6453855184982302, 0.13279901309627595, 0.019427978069583185, 0.25783102309294037, -0.6364259119406972, -0.0349409812512238, 0.3299533518500825, -0.16400934302927905, 0.0912392557651669, -0.150064932352441, 0.9196094908153982, 0.8721206049042256, 0.7032554118563983, -0.566655999353219, 0.48911900624358284, 0.37284966184464197, 0.7175894943600805, 0.8600002106736038, 0.6439761067270834, 0.20005263186903718, 0.5932670803027307, 0.7546680878382581, 0.9873007087844623, -0.6543542842966101, 0.8889372797806976, -0.06242897393377467, -1.0, -0.879244380800976, -0.35141735413457686, -0.036315074581205975, -0.2875107760159459, -0.6640791611275225, 0.34296574999654883, -0.19120963075064124, 0.8332139340658677, -0.29245942608175635, 0.8258206697386141, 0.7759875910456253, -0.9647291457719895, -0.15971746578611223, 0.6186816321988333, 0.5677786064017776, -0.3566446108881989, 0.6309665543231262, 1.0, -0.6988224478902937, 0.9268887777241743, 0.8566567932768407, 0.41254420355871035, 0.6916569928334377, -0.6116606036012444, -0.8972012936946563, 0.6976632183998228, -0.9626387777167764, -0.14413625520908857, -1.0, -0.7296556751268413, -0.9870064569558403, -0.4113091577658079, -0.6322456389229872, -0.8400036163838105, -0.25074016263368515, 0.5884489949628087, -0.7425800951153092, -0.1036040416372733, 0.16923458506681177, -0.4956975709267797, 0.6227424317975794, 0.43689918186564336, 0.6245095232516416, -0.8901485335911583, -0.010768206868739805, -0.9436992089879255, 0.5104648361398327, 0.5247820974145405, -0.5188212156985237, -0.7635921046466418, 0.984057525687269, -0.8753173424574512, 0.17361090268435908, 0.48459965919307635, -0.8617908975822972, -0.2916341702912082, 0.4186819928652461, 0.1584381396587744, -0.970514756575181, 0.8771850173950553, -0.8094807803414357, 0.11825707707900077, -0.1823215029939882, 0.8743678999747896, -0.3152422801986896, -0.6281510974081237, 0.783121767304302, -0.5715830389397427, -0.6175027170259657, -0.1485250165018268, 0.7583205780233022, -0.23004238544082556, 0.2045160209992704, 0.4870982882375865, -0.30076686070944053, -0.6746669194227113, 0.12089101771755217, 0.9745855765238944, -0.8764517659900475, -0.976054454929183, 0.27485623715771346, 0.19612686388673128, 0.2181106085914295, 0.7701582921679428, 0.11806146475822099, 0.6444192885266493, 0.8192557649989125, 0.3974013957712552, -0.48751415644094487, -0.5228681796272143, 0.6127578353112852]
1013.3890380859375	(8, 12, 2)	[-0.5369954866000661, 0.6827294871772573, -0.6453855184982302, 0.017955683507051123, 0.9847483971794675, 0.8097431057582201, -0.6445112453560811, -0.5351382460340715, -0.2004141633494727, -0.16400934302927905, 0.0912392557651669, 0.5805863496630801, 0.9196094908153982, 0.8721206049042256, -0.3519306081083933, -0.566655999353219, 0.23108362778281033, 0.13665870996621932, 0.04904999539425692, 0.6456783838934395, 0.7196394705856555, -0.07630544541501288, 0.6672773232014158, 0.7546680878382581, 0.7744827362009807, -0.06542730912857331, 0.8889372797806976, 0.009307560039569784, -1.0, -0.24382870285626684, 0.5857286832428195, 0.9087389122783882, 0.3840402787035748, -0.6640791611275225, 0.6858869971188191, -0.8825160879182776, 0.3561308244811354, 0.6680884795547473, 0.42160047801032885, 0.5737048602625385, 0.27819338841696095, -0.15971746578611223, 0.04711449377302433, -0.9427972990021509, 0.5864388483336481, 0.6309665543231262, -0.028326484508635286, -0.8662397672035898, -0.6914639685646322, -0.04908212469971596, -0.3159750141052622, 0.7397841118211699, -0.9406907979520867, -0.8972012936946563, -0.8283613707680995, 0.3509683148743492, -0.14413625520908857, -0.15505898908059, -0.7296556751268413, -0.9870064569558403, 0.761254899777974, -0.16960865043466455, -0.7457964837357378, 0.4639865345975551, -0.39759900775648993, -0.18901199018351256, -0.03395840717079123, 0.9163242163095451, 0.9101001018728134, -0.3938945815623145, 0.43689918186564336, 0.6082490551170483, 0.31449593009099486, 0.11256249029177907, -0.8423810150336091, 0.5104648361398327, 0.5197343734715876, -0.672781570589924, 0.30973267416610134, 0.9034273188847078, -0.8753173424574512, 0.17361090268435908, 0.48459965919307635, -0.7654126364218727, -0.2916341702912082, -0.29930972873811834, 0.1584381396587744, -0.7485016796613722, 0.8771850173950553, -0.8975942125576144, -0.6239730861370769, 0.37089710447950797, -0.893498538683106, 0.21452308342728266, -0.06106069759248722, -0.6089355797385967, 0.8249649018871124, -0.6175027170259657, 0.9592525763563722, 0.3792633362270119, 0.11532627201428086, -0.3949767500233097, 0.4870982882375865, 0.4753907993647526, -0.5920737700079076, -0.7065687347510856, 0.7413226230776571, -0.8764517659900475, -0.976054454929183, 0.27485623715771346, 0.8614997276225074, 0.42829852206645347, -0.8377750283225607, 0.11806146475822099, -0.856149877316003, -0.7277800853904683, -0.521088197927156, -0.7073966038037967, -0.8242154690868191, 0.07259759394434107]
1018.4307861328125	(8, 12, 2)	[0.41658245225504875, 0.5102471188793891, -0.6453855184982302, -0.6157391650968482, 0.9847483971794675, 0.25783102309294037, -0.5038358229127775, -0.5351382460340715, -0.2004141633494727, 0.45336096111304713, 0.0912392557651669, 0.7156674129102731, 1.0, 0.7857069176070219, -0.04801320769433981, -0.566655999353219, 0.23108362778281033, 0.13665870996621932, 0.6567258498376961, 0.8600002106736038, 0.7196394705856555, 0.1757161151055393, 0.6672773232014158, -0.4609489957409194, 0.7744827362009807, -0.06542730912857331, 0.8889372797806976, 0.009307560039569784, 0.3237388871763871, 0.7800894537593812, 0.5857286832428195, 0.9087389122783882, 0.3840402787035748, -0.6434035504787894, 0.255084971297747, -0.8825160879182776, 0.3561308244811354, 0.6680884795547473, 0.42160047801032885, 0.5737048602625385, 0.27819338841696095, -0.6536152795776172, -0.6647066873321101, -1.0, -0.3566446108881989, 0.6309665543231262, -0.6678576097001478, -0.7313610718142589, -0.6914639685646322, 0.6164144952097015, -0.08245935097949575, 0.7397841118211699, 0.4818476887629406, 0.7043963937093093, -0.8283613707680995, 0.3509683148743492, -0.8827295837850411, -0.15505898908059, -0.7296556751268413, -0.057355370687829366, 0.761254899777974, 0.0722583754242545, -0.7457964837357378, 0.3102867833560061, 0.5884489949628087, -0.7425800951153092, -0.029436123013291043, 0.9163242163095451, 1.0, -0.3938945815623145, 0.43689918186564336, 0.6082490551170483, 0.9858089834350596, 0.11256249029177907, -0.2633826852694797, 0.5104648361398327, -0.7150571371701393, -0.672781570589924, 0.4697840215363027, 0.9034273188847078, -0.8753173424574512, 0.0929602878275364, 0.48459965919307635, -0.7654126364218727, -0.2916341702912082, -0.29930972873811834, 0.1584381396587744, 0.4146716360578191, 0.29263890697414263, -0.013388426951223442, 0.3554943556562722, 0.37089710447950797, -0.893498538683106, 0.21452308342728266, -0.03989176124333538, -0.6089355797385967, 0.8249649018871124, -0.6175027170259657, 0.0947076686328634, 0.6592731983689186, 0.11532627201428086, -0.3949767500233097, -1.0, 0.4753907993647526, -0.6746669194227113, 0.12089101771755217, 0.7413226230776571, -0.8764517659900475, -0.9605553301069065, 0.27485623715771346, 0.8614997276225074, 0.2181106085914295, 0.7701582921679428, -0.8921721568999437, -0.856149877316003, 0.6555901370516048, -0.521088197927156, -0.7545487475403307, -0.8242154690868191, 0.5956926123708277]
1019.4920654296875	(8, 12, 2)	[0.41658245225504875, -0.12658452964252698, -0.8298337868109547, 0.017955683507051123, 0.9556517317604755, 0.9101523869832389, -0.6364259119406972, -0.0349409812512238, -0.2004141633494727, -0.16400934302927905, 0.35542789161482413, 0.5805863496630801, 0.9196094908153982, 0.8721206049042256, 0.24295887722674747, -0.6027448280395833, 0.23108362778281033, 0.37284966184464197, 0.04904999539425692, 0.8600002106736038, 0.7560644560198295, -0.07630544541501288, 0.6672773232014158, 0.7546680878382581, 0.9873007087844623, -0.7771591669428819, 0.8889372797806976, 0.009307560039569784, 0.3237388871763871, -0.24382870285626684, -0.35141735413457686, 0.9865896151454135, 0.3840402787035748, -0.6640791611275225, 0.6858869971188191, -0.8825160879182776, 0.3561308244811354, -0.29245942608175635, 0.42160047801032885, 0.5737048602625385, -0.4885670012608099, -0.15971746578611223, -0.6966724695307968, -0.9427972990021509, 0.6939152550603429, 0.6309665543231262, -0.028326484508635286, -0.8662397672035898, 0.9268887777241743, -0.04908212469971596, -0.3159750141052622, 0.7397841118211699, -0.9406907979520867, 0.7043963937093093, 0.6976632183998228, 0.3509683148743492, -0.14413625520908857, -0.15505898908059, -0.7406822718772111, 0.7900257396996315, 0.761254899777974, 0.0722583754242545, -0.9097830509339857, 0.3664649532322992, -0.39759900775648993, -0.23943414304977437, -0.03395840717079123, -0.3202999639393638, 0.9101001018728134, -0.3938945815623145, 0.43689918186564336, 0.6082490551170483, 0.31449593009099486, 0.11256249029177907, -0.6546721845147104, 0.5104648361398327, 0.5810791483976672, -0.5188212156985237, 0.30973267416610134, 0.9034273188847078, -0.8753173424574512, 0.17361090268435908, 0.48459965919307635, -0.8212530392280896, -0.2916341702912082, -0.29930972873811834, 0.1584381396587744, -0.7485016796613722, 0.5803078709258271, -0.013388426951223442, -0.6239730861370769, 0.37089710447950797, -0.893498538683106, -0.4930341441208035, -0.06106069759248722, 0.6802455366654154, 0.17868409007930142, -0.44563123966557616, 0.0947076686328634, 0.3792633362270119, -0.23004238544082556, -0.3949767500233097, 0.4870982882375865, 0.4753907993647526, -0.5920737700079076, -0.7065687347510856, 0.3703474013464114, -0.8764517659900475, -0.3778515206592272, 0.27485623715771346, 0.8614997276225074, 0.2200582130084366, 0.26437078334180675, 0.11806146475822099, -0.05015685367468148, -0.7277800853904683, -0.521088197927156, -0.7521904613666948, -0.8242154690868191, 0.5956926123708277]
1019.7018432617188	(8, 12, 2)	[0.41658245225504875, 0.5102471188793891, -0.5565848502369386, 0.4281645779798495, 0.9847483971794675, 0.25783102309294037, -0.5038358229127775, -0.0349409812512238, -0.2004141633494727, -0.16400934302927905, 0.35542789161482413, 0.7156674129102731, 1.0, 0.7857069176070219, 0.7032554118563983, -0.566655999353219, 0.23108362778281033, 0.13665870996621932, 0.6567258498376961, 0.6456783838934395, 0.7196394705856555, 0.1757161151055393, 0.6672773232014158, -0.4609489957409194, 0.9873007087844623, -0.7771591669428819, 0.8889372797806976, 0.02493690959523892, -1.0, 0.7800894537593812, -0.40708818329585705, -0.036315074581205975, 0.3840402787035748, -0.6640791611275225, 0.255084971297747, -0.8825160879182776, 0.3561308244811354, 0.6680884795547473, 0.42160047801032885, 0.5737048602625385, 0.27819338841696095, -0.6536152795776172, 0.04711449377302433, -1.0, 0.5864388483336481, -0.49475186882958067, 0.10392276697500047, -0.9699721481957988, -0.6914639685646322, -0.04908212469971596, -0.08245935097949575, 0.8009062576669819, -0.6116606036012444, 0.7043963937093093, -0.8283613707680995, 0.3509683148743492, -0.8827295837850411, -0.1067693738356763, -0.7296556751268413, -0.9870064569558403, 0.761254899777974, -0.16960865043466455, -0.7457964837357378, 0.3102867833560061, 0.04034878741610681, -0.18901199018351256, -0.05585979290373444, 0.471607855851669, 1.0, -0.3938945815623145, 0.43689918186564336, 0.6082490551170483, 0.31449593009099486, 0.11256249029177907, -0.2633826852694797, 0.5104648361398327, 0.5197343734715876, -0.672781570589924, 0.4697840215363027, 0.984057525687269, -0.8753173424574512, 0.0929602878275364, 0.48459965919307635, -0.8617908975822972, -0.2916341702912082, -0.29930972873811834, 0.1584381396587744, -0.7485016796613722, 0.8771850173950553, -0.8975942125576144, 0.3554943556562722, 0.37089710447950797, -0.893498538683106, -0.5345244068540962, -0.03989176124333538, -0.6089355797385967, 0.8249649018871124, -0.6175027170259657, -0.11688378138247235, 0.6592731983689186, -0.9265014375539173, -0.3949767500233097, 0.4870982882375865, 0.4753907993647526, -0.6746669194227113, 0.12089101771755217, 0.4477832838828446, -0.8764517659900475, -0.976054454929183, 0.9532741688789808, 0.8614997276225074, 0.13768783895531012, 0.7701582921679428, 0.11806146475822099, -0.856149877316003, -0.7277800853904683, -0.521088197927156, -0.4859542577320409, -0.8242154690868191, 0.7044981316953316]
1019.949951171875	(8, 12, 2)	[0.41658245225504875, 0.5102471188793891, -0.6453855184982302, -0.6157391650968482, 0.9847483971794675, 0.942746984021636, -0.6364259119406972, -0.0349409812512238, -0.6358065572328258, 0.45336096111304713, 0.35542789161482413, 0.5805863496630801, 1.0, 0.7568009697701278, -0.04801320769433981, -0.566655999353219, 0.23108362778281033, 0.13665870996621932, -0.05012372623672939, 0.6456783838934395, 0.6439761067270834, 0.1757161151055393, 0.6672773232014158, -0.5222779311249294, 0.7744827362009807, -0.06542730912857331, 0.8889372797806976, -0.5720698907851018, 0.3237388871763871, -0.24382870285626684, 0.5857286832428195, 0.9087389122783882, 0.3840402787035748, -0.6434035504787894, 0.6858869971188191, -0.27907600841237756, 0.3561308244811354, -0.29245942608175635, 0.1098643038153581, -0.27347510622565996, 0.27819338841696095, -0.6110963108074932, -0.6647066873321101, -1.0, -0.6117674473946342, -0.49475186882958067, 1.0, 0.618675837515577, -0.6914639685646322, 0.6164144952097015, -0.3159750141052622, 0.11321237087068847, -0.853822565058477, 0.7043963937093093, -0.8283613707680995, 0.3509683148743492, -0.8827295837850411, -0.15505898908059, -0.7296556751268413, -0.057355370687829366, 0.761254899777974, -0.16960865043466455, 0.6321288249460086, 0.323589366965032, 0.5884489949628087, -0.7425800951153092, -0.029436123013291043, 0.9163242163095451, 1.0, -0.5036475404345248, 0.43032320682516356, 0.6245095232516416, 0.9858089834350596, 0.11256249029177907, -0.8423810150336091, 0.5104648361398327, 0.5247820974145405, -0.672781570589924, 0.4697840215363027, 0.984057525687269, -0.8753173424574512, 0.0929602878275364, 0.48459965919307635, -0.8617908975822972, 0.9734324753086019, -0.29930972873811834, 0.1584381396587744, 0.4146716360578191, 0.8771850173950553, -0.013388426951223442, 0.11825707707900077, 0.37089710447950797, 0.71863864211132, 0.21452308342728266, -0.03989176124333538, -0.6089355797385967, -0.002511824107065852, -0.6175027170259657, -0.11688378138247235, 0.6592731983689186, -0.9265014375539173, -0.3949767500233097, 0.4870982882375865, 0.4753907993647526, -0.6746669194227113, 0.14387153527034915, 0.7135839804225933, -0.8764517659900475, -0.9605553301069065, -0.7659929141252004, 0.8614997276225074, 0.2200582130084366, -0.8377750283225607, 0.49099197308853326, -0.856149877316003, 0.6555901370516048, -0.521088197927156, -0.48751415644094487, -0.8242154690868191, 0.5956926123708277]
1019.9791870117188	(8, 12, 2)	[0.41658245225504875, 0.5102471188793891, -0.6453855184982302, -0.6157391650968482, 0.9847483971794675, 0.942746984021636, -0.6364259119406972, -0.0349409812512238, -0.6358065572328258, 0.45336096111304713, 0.35542789161482413, 0.5805863496630801, 1.0, 0.7568009697701278, -0.04801320769433981, -0.566655999353219, 0.23108362778281033, 0.13665870996621932, -0.05012372623672939, 0.6456783838934395, 0.6439761067270834, 0.1757161151055393, 0.6672773232014158, -0.5222779311249294, 0.7744827362009807, -0.06542730912857331, 0.8889372797806976, -0.5720698907851018, 0.3237388871763871, -0.24382870285626684, 0.5857286832428195, 0.9087389122783882, 0.3840402787035748, -0.6434035504787894, 0.6858869971188191, -0.27907600841237756, 0.3561308244811354, -0.29245942608175635, 0.1098643038153581, -0.27347510622565996, 0.27819338841696095, -0.6110963108074932, -0.6647066873321101, -1.0, -0.6117674473946342, -0.49475186882958067, 1.0, 0.618675837515577, -0.6914639685646322, 0.6164144952097015, -0.3159750141052622, 0.11321237087068847, -0.853822565058477, 0.7043963937093093, -0.8283613707680995, 0.3509683148743492, -0.8827295837850411, -0.15505898908059, -0.7296556751268413, -0.057355370687829366, 0.761254899777974, -0.16960865043466455, 0.6321288249460086, 0.323589366965032, 0.5884489949628087, -0.7425800951153092, -0.029436123013291043, 0.9163242163095451, 1.0, -0.5036475404345248, 0.43032320682516356, 0.6245095232516416, 0.9858089834350596, 0.11256249029177907, -0.8423810150336091, 0.5104648361398327, 0.5247820974145405, -0.672781570589924, 0.4697840215363027, 0.984057525687269, -0.8753173424574512, 0.0929602878275364, 0.48459965919307635, -0.8617908975822972, 0.9734324753086019, -0.29930972873811834, 0.1584381396587744, 0.4146716360578191, 0.8771850173950553, -0.013388426951223442, 0.11825707707900077, 0.37089710447950797, 0.71863864211132, 0.21452308342728266, -0.03989176124333538, -0.6089355797385967, -0.002511824107065852, -0.6175027170259657, -0.11688378138247235, 0.6592731983689186, -0.9265014375539173, -0.3949767500233097, 0.4870982882375865, 0.4753907993647526, -0.6746669194227113, 0.14387153527034915, 0.7135839804225933, -0.8764517659900475, -0.9605553301069065, -0.7659929141252004, 0.8614997276225074, 0.2200582130084366, -0.8377750283225607, 0.49099197308853326, -0.856149877316003, 0.6555901370516048, -0.521088197927156, -0.48751415644094487, -0.8242154690868191, 0.5956926123708277]
1019.9152221679688	(8, 12, 2)	[-0.5369954866000661, 0.38176007090036324, -0.6453855184982302, 0.13279901309627595, 0.9847483971794675, 0.9101523869832389, -0.6364259119406972, -0.5351382460340715, -0.4881024941229135, -0.16400934302927905, 0.35542789161482413, 0.5805863496630801, 0.9196094908153982, 0.7857069176070219, -0.3519306081083933, -0.5959830428225246, 0.23108362778281033, 0.37284966184464197, -0.05012372623672939, 0.8600002106736038, 0.6439761067270834, 0.1757161151055393, 0.8772620315768871, 0.7546680878382581, 0.7744827362009807, -0.7771591669428819, 0.8889372797806976, 0.02493690959523892, 0.3237388871763871, 0.7852418044222366, -0.319376566020489, 0.9087389122783882, 0.3840402787035748, -0.6434035504787894, 0.34296574999654883, -0.9093543125225421, 0.3561308244811354, 0.6680884795547473, -0.5149721938885062, 0.636836632167185, -0.42982755951795754, -0.752628375169504, -0.6647066873321101, -0.9427972990021509, -0.33203901294812, 0.6309665543231262, 1.0, 0.618675837515577, 0.5065433713865644, 0.6164144952097015, -0.3159750141052622, 0.7397841118211699, -0.9406907979520867, 0.7043963937093093, 0.6976632183998228, 0.3509683148743492, -0.8827295837850411, -0.1067693738356763, -0.6760207356025059, 0.7900257396996315, -0.4400484001972449, 0.0722583754242545, 0.6321288249460086, -0.25074016263368515, 0.5884489949628087, -0.7425800951153092, -0.029436123013291043, 0.16923458506681177, 0.9877177628580287, 0.6227424317975794, 0.43689918186564336, 0.6082490551170483, 0.9858089834350596, -0.010768206868739805, -0.8423810150336091, 0.2936007986347786, -0.7150571371701393, -0.5188212156985237, 0.30973267416610134, 0.984057525687269, -0.8753173424574512, 0.0929602878275364, 0.48459965919307635, -0.7351805458307892, 0.9734324753086019, -0.29930972873811834, 0.1584381396587744, 0.4146716360578191, 0.8771850173950553, -0.013388426951223442, 0.11825707707900077, -0.1823215029939882, 0.71863864211132, -0.31096061336246783, -0.03989176124333538, 0.6802455366654154, 0.8249649018871124, -0.6175027170259657, 0.9592525763563722, 0.5196159080117129, -0.9265014375539173, 0.7582531854517252, 0.4870982882375865, 0.028362761349369325, -0.6746669194227113, 0.8671532507058346, 0.7413226230776571, -0.8764517659900475, -0.9605553301069065, 0.9532741688789808, 0.8614997276225074, 0.2181106085914295, 0.7701582921679428, -0.8921721568999437, -0.856149877316003, -0.625163862217363, 0.32681677774652096, -0.7073966038037967, -0.8470300321876436, 0.5956926123708277]
1019.7429809570312	(8, 12, 2)	[0.41658245225504875, 0.49514769746959786, -0.6453855184982302, 0.4281645779798495, 0.9847483971794675, 0.942746984021636, -0.0721320701007595, -0.0349409812512238, -0.2004141633494727, -0.16400934302927905, 0.35542789161482413, 0.5805863496630801, 1.0, 0.774366396918205, 0.24295887722674747, -0.566655999353219, 0.23108362778281033, 0.13665870996621932, 0.04904999539425692, 0.8600002106736038, 0.7196394705856555, -0.07630544541501288, 0.6672773232014158, 0.7546680878382581, 0.9873007087844623, -0.06542730912857331, 0.8889372797806976, -0.8670244180346185, 0.3237388871763871, 0.7800894537593812, -0.40708818329585705, 0.9087389122783882, -0.653758549442562, -0.6640791611275225, 0.255084971297747, -0.8825160879182776, 0.0030262177490076314, 0.6680884795547473, 0.42160047801032885, 0.5737048602625385, 0.2626280912153719, -0.6536152795776172, -0.6647066873321101, -0.9427972990021509, 0.6939152550603429, -0.7410938001315659, -0.028326484508635286, -0.8662397672035898, -0.6914639685646322, 0.6164144952097015, -0.08245935097949575, 0.8009062576669819, -0.853822565058477, 0.44823228186471, -0.8283613707680995, 0.3509683148743492, -0.8827295837850411, -0.15505898908059, -0.15243928606708113, 0.13083461112258754, 0.761254899777974, 0.0722583754242545, -0.8400036163838105, 0.5659910813100297, -0.39759900775648993, -0.18901199018351256, -0.05585979290373444, 0.471607855851669, 0.9101001018728134, -0.3938945815623145, 0.43689918186564336, 0.6082490551170483, 0.9858089834350596, 0.11256249029177907, -0.5455820353621782, 0.5104648361398327, 0.5197343734715876, -0.3290716631335959, 0.30973267416610134, 0.984057525687269, -0.8753173424574512, 0.0929602878275364, 0.48459965919307635, -0.9074030061301104, -0.2916341702912082, -0.2376167844263033, -0.963014888456358, 0.4146716360578191, 0.8771850173950553, -0.013388426951223442, -0.9689533813030649, -0.005495001918495945, 0.71863864211132, -0.4930341441208035, -0.06106069759248722, 0.6802455366654154, 0.8249649018871124, -0.6175027170259657, -0.11688378138247235, 0.3792633362270119, -0.23004238544082556, -0.3949767500233097, 0.4870982882375865, -1.0, -0.6746669194227113, 0.5164511224348787, 0.4477832838828446, -0.8764517659900475, -0.3778515206592272, 0.27485623715771346, 0.8614997276225074, -0.08086955949620078, -0.8377750283225607, 0.11806146475822099, -0.856149877316003, -0.6522280088468397, -0.521088197927156, -0.4859542577320409, -0.8242154690868191, 0.7044981316953316]
1019.9974975585938	(8, 12, 2)	[0.41658245225504875, -0.12658452964252698, -0.5565848502369386, 0.017955683507051123, 0.9556517317604755, 0.9101523869832389, -0.6364259119406972, -0.0349409812512238, -0.2004141633494727, -0.16400934302927905, 0.35542789161482413, 0.5805863496630801, 0.9196094908153982, 0.8721206049042256, -0.3519306081083933, -0.5959830428225246, 0.23108362778281033, 0.37284966184464197, 0.04904999539425692, 0.8600002106736038, 0.7560644560198295, 0.1757161151055393, 0.6672773232014158, 0.6818048438718405, 0.7744827362009807, -0.7771591669428819, 0.8889372797806976, -0.7937073600234115, -1.0, 0.7800894537593812, -0.319376566020489, -0.036315074581205975, 0.3840402787035748, -0.6640791611275225, 0.34296574999654883, -0.8825160879182776, 0.3561308244811354, 0.6680884795547473, -0.5149721938885062, 0.5737048602625385, 0.27819338841696095, -0.1733287735742006, 0.04711449377302433, -1.0, 0.7668200562450909, 0.6309665543231262, -0.028326484508635286, 0.618675837515577, 0.9268887777241743, -0.04908212469971596, -0.08245935097949575, 0.7397841118211699, -0.9406907979520867, 0.7043963937093093, 0.6976632183998228, 0.3509683148743492, -0.14413625520908857, -0.1067693738356763, -0.6760207356025059, -0.9870064569558403, -0.4400484001972449, 0.0722583754242545, -0.7457964837357378, 0.3664649532322992, -0.39759900775648993, -0.23943414304977437, -0.05585979290373444, 0.16923458506681177, 0.9877177628580287, 0.6227424317975794, 0.43689918186564336, 0.6082490551170483, 0.31449593009099486, 0.11256249029177907, -0.6546721845147104, 0.5104648361398327, 0.5810791483976672, -0.5188212156985237, 0.30973267416610134, 0.984057525687269, -0.8753173424574512, 0.0929602878275364, 0.48459965919307635, -0.7351805458307892, -0.2916341702912082, -0.29930972873811834, 0.1584381396587744, -0.7485016796613722, 0.8771850173950553, -0.013388426951223442, -0.6878024755188213, 0.37089710447950797, 0.71863864211132, -0.31096061336246783, -0.06106069759248722, 0.6802455366654154, 0.17868409007930142, -0.44563123966557616, 0.7193885951643595, 0.6592731983689186, -0.9265014375539173, -0.3949767500233097, 0.4870982882375865, 0.4753907993647526, -0.6746669194227113, 0.8671532507058346, 0.3703474013464114, -0.8764517659900475, -0.9605553301069065, 0.9532741688789808, 0.8614997276225074, 0.2200582130084366, 0.26437078334180675, 0.11806146475822099, -0.05015685367468148, -0.625163862217363, -0.521088197927156, -0.7521904613666948, -0.8470300321876436, 0.5956926123708277]
1019.995849609375	(8, 12, 2)	[0.41658245225504875, -0.12658452964252698, -0.5565848502369386, 0.017955683507051123, 0.9847483971794675, 0.942746984021636, -0.6364259119406972, -0.0349409812512238, -0.2004141633494727, -0.16400934302927905, 0.35542789161482413, 0.5805863496630801, 0.9196094908153982, 0.8721206049042256, -0.04801320769433981, -0.566655999353219, 0.23108362778281033, 0.13665870996621932, 0.04904999539425692, 0.6456783838934395, 0.7196394705856555, 0.1757161151055393, 0.6672773232014158, 0.7546680878382581, 0.9873007087844623, -0.7771591669428819, 0.8889372797806976, -0.09639830756486782, 0.3237388871763871, 0.7800894537593812, -0.319376566020489, -0.036315074581205975, 0.3840402787035748, -0.6640791611275225, 0.6858869971188191, -0.8825160879182776, 0.0030262177490076314, 0.6680884795547473, -0.5149721938885062, 0.5737048602625385, -0.4885670012608099, -0.6536152795776172, -0.6647066873321101, -1.0, 0.7668200562450909, 0.6309665543231262, -0.028326484508635286, 0.618675837515577, 0.9268887777241743, -0.04908212469971596, -0.3159750141052622, 0.7397841118211699, -0.9406907979520867, 0.7043963937093093, 0.6976632183998228, 0.3509683148743492, -0.8827295837850411, -0.15505898908059, -0.6760207356025059, -0.057355370687829366, 0.761254899777974, 0.0722583754242545, -0.7457964837357378, 0.5659910813100297, -0.39759900775648993, -0.7425800951153092, -0.05585979290373444, 0.471607855851669, 0.9101001018728134, 0.6227424317975794, 0.43689918186564336, 0.6082490551170483, 0.9858089834350596, 0.11256249029177907, -0.5455820353621782, 0.5104648361398327, 0.5197343734715876, -0.672781570589924, 0.30973267416610134, 0.984057525687269, -0.8753173424574512, 0.0929602878275364, 0.48459965919307635, -0.7351805458307892, -0.2916341702912082, -0.29930972873811834, 0.1584381396587744, -0.7485016796613722, 0.8771850173950553, -0.013388426951223442, -0.9689533813030649, 0.37089710447950797, 0.71863864211132, -0.4930341441208035, -0.06106069759248722, 0.6802455366654154, 0.8249649018871124, -0.44563123966557616, 0.7193885951643595, 0.6592731983689186, -0.23004238544082556, -0.3949767500233097, 0.4870982882375865, 0.4753907993647526, -0.6746669194227113, 0.5164511224348787, 0.4477832838828446, -0.8764517659900475, -0.3778515206592272, 0.27485623715771346, 0.8614997276225074, -0.08086955949620078, 0.26437078334180675, 0.11806146475822099, -0.05015685367468148, -0.7277800853904683, -0.521088197927156, -0.7521904613666948, -0.8242154690868191, 0.7044981316953316]
1019.98046875	(8, 12, 2)	[0.41658245225504875, 0.38176007090036324, -0.8298337868109547, 0.017955683507051123, 0.9847483971794675, 0.942746984021636, -0.0721320701007595, -0.5351382460340715, -0.2004141633494727, -0.16400934302927905, 0.3131086155544841, 0.5805863496630801, 0.9196094908153982, 0.7857069176070219, -0.04801320769433981, -0.6408677775690065, 0.23108362778281033, 0.13665870996621932, 0.04904999539425692, 0.8600002106736038, 0.7196394705856555, -0.07630544541501288, 0.6672773232014158, 0.7546680878382581, 0.9873007087844623, -0.7771591669428819, 0.8889372797806976, 0.009307560039569784, 0.3237388871763871, 0.7852418044222366, -0.35141735413457686, -0.036315074581205975, -0.653758549442562, -0.6640791611275225, 0.6858869971188191, -0.27907600841237756, 0.0030262177490076314, 0.6680884795547473, -0.47012000226187756, 0.5737048602625385, 0.27819338841696095, -0.5674820756747558, -0.6647066873321101, -0.9427972990021509, 0.7668200562450909, -0.7410938001315659, -0.028326484508635286, -0.8662397672035898, -0.6914639685646322, 0.6164144952097015, -0.0987358280406683, 0.11321237087068847, -0.853822565058477, 0.7043963937093093, -0.8030754864374321, 0.24324823827355557, -0.8827295837850411, -0.1067693738356763, -0.7296556751268413, -0.057355370687829366, 0.761254899777974, 0.0722583754242545, -0.8400036163838105, 0.4639865345975551, -0.39759900775648993, -0.23943414304977437, -0.03395840717079123, 0.471607855851669, 1.0, -0.3938945815623145, 0.43689918186564336, 0.6082490551170483, 0.9858089834350596, 0.11256249029177907, -0.6546721845147104, 0.5104648361398327, 0.5197343734715876, -0.672781570589924, 0.30973267416610134, 0.984057525687269, -0.8753173424574512, 0.0929602878275364, 0.48459965919307635, -0.7654126364218727, 0.9734324753086019, -0.29930972873811834, -0.963014888456358, 0.4146716360578191, 0.5803078709258271, -0.013388426951223442, -0.6239730861370769, -0.1823215029939882, 0.71863864211132, 0.39894117031562426, -0.03989176124333538, 0.6802455366654154, -0.002511824107065852, -0.44563123966557616, 0.0947076686328634, 0.6592731983689186, -0.12899046213693183, -0.3949767500233097, 0.4870982882375865, 0.37520271135870653, -0.6746669194227113, 0.5164511224348787, 0.3703474013464114, -0.9219330833623238, -0.976054454929183, 0.27485623715771346, 0.8614997276225074, -0.08086955949620078, -0.8377750283225607, 0.11806146475822099, -0.05015685367468148, -0.6337306813807897, -0.521088197927156, -0.7521904613666948, -0.8710687243217242, 0.7044981316953316]
1019.96142578125	(8, 12, 2)	[0.41658245225504875, -0.12658452964252698, -0.8298337868109547, 0.017955683507051123, 0.9847483971794675, 0.9101523869832389, -0.6364259119406972, -0.0349409812512238, -0.2004141633494727, 0.45336096111304713, 0.35542789161482413, 0.5805863496630801, 0.9196094908153982, 0.8721206049042256, -0.137640121419665, -0.9179923028797317, 0.23108362778281033, 0.13665870996621932, 0.04904999539425692, 0.8600002106736038, 0.7560644560198295, 0.1757161151055393, 0.8473369349589714, 0.6818048438718405, 0.7744827362009807, -0.7771591669428819, 0.8889372797806976, -0.09639830756486782, -1.0, -0.24382870285626684, -0.35141735413457686, 0.9087389122783882, 0.3840402787035748, -0.6640791611275225, 0.6858869971188191, -0.8825160879182776, 0.8332139340658677, 0.6680884795547473, 0.42160047801032885, 0.5737048602625385, -0.4885670012608099, -0.15971746578611223, -0.04742914086290834, -0.9427972990021509, 0.7668200562450909, 0.6309665543231262, 1.0, -0.8662397672035898, 0.9268887777241743, -0.04908212469971596, -0.3159750141052622, 0.8009062576669819, -0.9406907979520867, 0.7043963937093093, 0.6976632183998228, 0.3509683148743492, -0.8827295837850411, -0.1067693738356763, -0.7406822718772111, -0.057355370687829366, 0.761254899777974, 0.0722583754242545, 0.6321288249460086, 0.4639865345975551, -0.39759900775648993, -0.23943414304977437, -0.03395840717079123, 0.16923458506681177, 0.9101001018728134, 0.6227424317975794, 0.43689918186564336, 0.6245095232516416, 0.9858089834350596, 0.11256249029177907, -0.6546721845147104, 0.5104648361398327, 0.5197343734715876, -0.5705638752599054, 0.30973267416610134, 0.984057525687269, -0.8753173424574512, 0.17361090268435908, 0.48459965919307635, -0.7351805458307892, -0.2916341702912082, 0.3128883280032143, 0.1584381396587744, -0.7485016796613722, 0.8771850173950553, -0.8975942125576144, -0.6239730861370769, 0.37089710447950797, -0.893498538683106, -0.5345244068540962, -0.06106069759248722, 0.6802455366654154, 0.17868409007930142, -0.6175027170259657, 0.0947076686328634, 0.7583205780233022, -0.9265014375539173, -0.3949767500233097, 0.5624639525379946, 0.4753907993647526, -0.6746669194227113, -0.7065687347510856, 0.3703474013464114, -0.9219330833623238, -0.976054454929183, 0.9532741688789808, 0.19612686388673128, 0.2200582130084366, -0.8377750283225607, 0.11806146475822099, -0.05015685367468148, -0.7277800853904683, -0.521088197927156, -0.7073966038037967, -0.8710687243217242, 0.7044981316953316]
1019.991455078125	(8, 12, 2)	[-0.5369954866000661, -0.12658452964252698, -0.8298337868109547, 0.017955683507051123, 0.9847483971794675, 0.942746984021636, -0.6445112453560811, -0.0349409812512238, -0.27439574554805835, -0.16400934302927905, 0.35542789161482413, 0.5805863496630801, 0.9196094908153982, 0.8721206049042256, 0.14165853517334787, -0.9179923028797317, 0.48911900624358284, 0.13665870996621932, 0.04904999539425692, 0.8600002106736038, 0.6439761067270834, 0.1757161151055393, 0.6672773232014158, 0.7546680878382581, 0.9873007087844623, -0.07392588373615074, 0.8889372797806976, 0.02493690959523892, -1.0, -0.24382870285626684, -0.35141735413457686, 0.9865896151454135, -0.7758587828758166, -0.6434035504787894, 0.6858869971188191, -0.8825160879182776, 0.8332139340658677, 0.6680884795547473, 0.42160047801032885, 0.5737048602625385, 0.2626280912153719, -0.15971746578611223, -0.6647066873321101, -0.9450543339398285, 0.7668200562450909, 0.6309665543231262, 1.0, -0.8662397672035898, 0.9268887777241743, 0.6164144952097015, -0.3159750141052622, 0.7397841118211699, -0.9690338533270186, 0.7043963937093093, 0.6976632183998228, 0.3509683148743492, -0.8827295837850411, -0.1067693738356763, -0.6760207356025059, -0.9870064569558403, 0.761254899777974, 0.0722583754242545, 0.6321288249460086, 0.3855910757663174, -0.39759900775648993, -0.23943414304977437, -0.03395840717079123, -0.3202999639393638, 0.9101001018728134, 0.6227424317975794, 0.43689918186564336, 0.6245095232516416, 0.31449593009099486, 0.11256249029177907, -0.8423810150336091, 0.5104648361398327, -0.7150571371701393, -0.672781570589924, 0.30973267416610134, 0.9034273188847078, -0.8753173424574512, 0.0929602878275364, 0.48459965919307635, -0.7654126364218727, -0.2916341702912082, 0.4186819928652461, 0.1584381396587744, -0.6641582612532151, 0.8771850173950553, -0.8975942125576144, -0.9689533813030649, 0.37089710447950797, 0.78119898272185, -0.4930341441208035, -0.06106069759248722, 0.6802455366654154, 0.8249649018871124, -0.44563123966557616, 0.0947076686328634, 0.3792633362270119, 0.11532627201428086, -0.3949767500233097, -1.0, 0.11583902819572289, -0.6746669194227113, -0.7065687347510856, 0.7413226230776571, -0.8764517659900475, -0.3778515206592272, 0.27485623715771346, 0.8614997276225074, 0.2181106085914295, 0.26437078334180675, 0.11806146475822099, -0.05015685367468148, -0.6522280088468397, -0.521088197927156, -0.7073966038037967, -0.8242154690868191, 0.8309097493275066]
1019.9754028320312	(8, 12, 2)	[0.41658245225504875, 0.5102471188793891, -0.8298337868109547, 0.017955683507051123, 0.9847483971794675, 0.9101523869832389, -0.6364259119406972, -0.0349409812512238, -0.2004141633494727, -0.16400934302927905, 0.35542789161482413, 0.5805863496630801, 1.0, 0.8721206049042256, 0.14165853517334787, -0.9179923028797317, 0.23108362778281033, 0.37284966184464197, 0.04904999539425692, 0.9040746865530397, 0.861046009774388, 0.1757161151055393, 0.8473369349589714, 0.7546680878382581, 0.7744827362009807, -0.7771591669428819, 0.8889372797806976, -0.09639830756486782, -1.0, -0.24382870285626684, -0.319376566020489, -0.036315074581205975, 0.3840402787035748, -0.6640791611275225, 0.6858869971188191, -0.8825160879182776, 0.3561308244811354, 0.6680884795547473, -0.5149721938885062, 0.5737048602625385, 0.2626280912153719, -0.15971746578611223, -0.6647066873321101, -0.9427972990021509, -0.31043570707903956, 0.6309665543231262, -0.028326484508635286, -0.8662397672035898, 0.5065433713865644, -0.04908212469971596, -0.3159750141052622, 0.8009062576669819, -0.9406907979520867, 0.7043963937093093, 0.6976632183998228, 0.3509683148743492, -0.8827295837850411, -0.1067693738356763, -0.7406822718772111, -0.057355370687829366, 0.761254899777974, 0.11895375883248076, 0.5903290527512365, 0.5659910813100297, -0.39759900775648993, -0.7425800951153092, -0.03395840717079123, 0.16923458506681177, 0.9877177628580287, 0.6227424317975794, 0.43689918186564336, 0.6082490551170483, 0.31449593009099486, 0.11256249029177907, -0.8423810150336091, 0.5104648361398327, 0.5810791483976672, -0.5705638752599054, 0.30973267416610134, 0.984057525687269, -0.8753173424574512, 0.17361090268435908, 0.48459965919307635, -0.7351805458307892, 0.9734324753086019, -0.29930972873811834, 0.1584381396587744, -0.7485016796613722, 0.5803078709258271, -0.013388426951223442, -0.6878024755188213, -0.1823215029939882, 0.71863864211132, -0.4930341441208035, 0.07262118618369762, 0.6802455366654154, 0.8249649018871124, -0.6175027170259657, -0.11688378138247235, 0.6592731983689186, -0.23004238544082556, -0.3949767500233097, 0.5624639525379946, 0.4753907993647526, -0.5920737700079076, -0.7065687347510856, 0.4477832838828446, -0.9219330833623238, -0.3778515206592272, 0.27485623715771346, 0.8614997276225074, 0.2200582130084366, 0.7701582921679428, 0.11806146475822099, -0.05015685367468148, -0.7277800853904683, -0.521088197927156, -0.7521904613666948, -0.8710687243217242, 0.5956926123708277]
1019.9988403320312	(8, 12, 2)	[0.41658245225504875, -0.12658452964252698, -0.8298337868109547, 0.017955683507051123, 0.9847483971794675, 0.9101523869832389, -0.6364259119406972, -0.0349409812512238, -0.2004141633494727, -0.16400934302927905, 0.35542789161482413, 0.545129719064851, 0.9196094908153982, 0.8721206049042256, 0.24295887722674747, -0.9179923028797317, 0.23108362778281033, 0.13665870996621932, 0.04904999539425692, 0.8600002106736038, 0.7560644560198295, 0.1757161151055393, 0.8473369349589714, 0.7546680878382581, 0.9873007087844623, -0.7771591669428819, 0.8889372797806976, -0.09639830756486782, -1.0, -0.24382870285626684, -0.35141735413457686, 0.9087389122783882, 0.47623987335409357, -0.6640791611275225, 0.6858869971188191, -0.8825160879182776, 0.0030262177490076314, 0.6680884795547473, 0.42160047801032885, 0.5737048602625385, -0.4976992975041954, -0.15971746578611223, 0.009047001867022099, -1.0, 0.7668200562450909, 0.6309665543231262, 1.0, -0.8662397672035898, -0.6914639685646322, -0.04908212469971596, -0.3159750141052622, 0.7397841118211699, -0.9105871633053328, 0.7043963937093093, 0.6976632183998228, 0.5292077745400744, -0.8827295837850411, -0.15505898908059, -0.7406822718772111, -0.057355370687829366, 0.761254899777974, 0.0722583754242545, 0.4754160198950951, 0.4639865345975551, -0.2847197075163974, -0.23943414304977437, -0.05585979290373444, -0.3202999639393638, 0.9101001018728134, 0.6227424317975794, 0.43689918186564336, 0.6245095232516416, 0.31449593009099486, 0.11256249029177907, -0.8423810150336091, 0.5104648361398327, 0.5197343734715876, -0.672781570589924, 0.30973267416610134, 0.984057525687269, -0.8753173424574512, 0.0929602878275364, 0.48459965919307635, -0.7351805458307892, -0.2916341702912082, 0.4186819928652461, 0.1584381396587744, -0.7485016796613722, 0.5803078709258271, -0.013388426951223442, -0.6239730861370769, 0.37089710447950797, -0.893498538683106, -0.4930341441208035, -0.06106069759248722, 0.6802455366654154, 0.17868409007930142, -0.44563123966557616, -0.11688378138247235, 0.7583205780233022, 0.11532627201428086, -0.3949767500233097, 0.5624639525379946, -1.0, -0.6746669194227113, -0.7065687347510856, 0.3703474013464114, -0.8764517659900475, -0.3778515206592272, -0.7659929141252004, 0.8614997276225074, 0.07751101722641993, -0.8377750283225607, -0.8921721568999437, -0.05015685367468148, -0.7277800853904683, -0.521088197927156, -0.7073966038037967, -0.8710687243217242, 0.7044981316953316]
1019.999267578125	(8, 12, 2)	[0.41658245225504875, 0.5102471188793891, -0.6453855184982302, 0.017955683507051123, 0.9556517317604755, 0.9101523869832389, -0.6364259119406972, -0.0349409812512238, -0.2004141633494727, -0.14167903370185986, 0.35542789161482413, 0.5805863496630801, 0.9196094908153982, 0.8721206049042256, -0.04801320769433981, -0.566655999353219, 0.23108362778281033, 0.37284966184464197, 0.04904999539425692, 0.5992695810340594, 0.7560644560198295, 0.1757161151055393, 0.6672773232014158, 0.7546680878382581, 0.9873007087844623, -0.7771591669428819, 0.8888695679418152, -0.21560360655861555, 0.3237388871763871, -0.24382870285626684, -0.35141735413457686, 0.9087389122783882, 0.3840402787035748, -0.6640791611275225, 0.6858869971188191, -0.8825160879182776, 0.8332139340658677, -0.29245942608175635, -0.5149721938885062, 0.5737048602625385, 0.27819338841696095, -0.15971746578611223, -0.6966724695307968, -1.0, -0.33203901294812, 0.6309665543231262, -0.028326484508635286, 0.618675837515577, 0.9268887777241743, -0.08969816504235498, -0.3159750141052622, 0.7397841118211699, -0.6116606036012444, 0.7043963937093093, 0.6976632183998228, 0.3509683148743492, -0.13099299199915404, -0.1067693738356763, -0.7406822718772111, -0.057355370687829366, 0.761254899777974, 0.0722583754242545, 0.6321288249460086, 0.4639865345975551, -0.39759900775648993, -0.23943414304977437, -0.03395840717079123, 0.471607855851669, 0.9101001018728134, 0.6227424317975794, 0.43689918186564336, 0.6082490551170483, 0.31449593009099486, 0.11256249029177907, -0.6546721845147104, 0.5104648361398327, 0.5197343734715876, -0.5188212156985237, 0.30973267416610134, 0.984057525687269, -0.8753173424574512, 0.0929602878275364, 0.48459965919307635, -0.8212530392280896, -0.2916341702912082, -0.29930972873811834, 0.1584381396587744, -0.7485016796613722, 0.5803078709258271, -0.013388426951223442, -1.0, 0.37089710447950797, -0.925566216457218, -0.4930341441208035, -0.03989176124333538, 0.6802455366654154, 0.8050500289472594, -0.6175027170259657, 0.7193885951643595, 0.6592731983689186, -0.9265014375539173, -0.3949767500233097, -1.0, 0.11583902819572289, -0.6746669194227113, -0.7065687347510856, 0.7135839804225933, -0.9219330833623238, -0.976054454929183, 0.9532741688789808, 0.21863254553067196, 0.2181106085914295, -0.8377750283225607, 0.5345450957904525, -0.05015685367468148, -0.625163862217363, -0.521088197927156, -0.4859542577320409, -0.8710687243217242, 0.8309097493275066]
1019.999267578125	(8, 12, 2)	[0.41658245225504875, -0.12658452964252698, -0.8298337868109547, 0.017955683507051123, 0.9847483971794675, 0.9101523869832389, -0.6364259119406972, -0.0349409812512238, -0.2004141633494727, -0.14167903370185986, 0.35542789161482413, 0.545129719064851, 0.9196094908153982, 0.8721206049042256, -0.30948896491181843, -0.9179923028797317, 0.23108362778281033, 0.13665870996621932, 0.04904999539425692, 0.8600002106736038, 0.7560644560198295, 0.1757161151055393, 0.8473369349589714, 0.7546680878382581, 0.9873007087844623, -0.7771591669428819, 0.8889372797806976, -0.09639830756486782, -1.0, -0.24382870285626684, -0.35141735413457686, -0.036315074581205975, 0.3840402787035748, -0.6640791611275225, 0.6923047576791822, -0.9093543125225421, 0.0030262177490076314, 0.5684757524880276, 0.42160047801032885, 0.5737048602625385, 0.2626280912153719, -0.15971746578611223, 0.009047001867022099, -0.9427972990021509, 0.7668200562450909, 0.6309665543231262, 1.0, -0.8662397672035898, 0.9268887777241743, -0.04908212469971596, -0.3159750141052622, 0.7397841118211699, -0.9105871633053328, 0.7043963937093093, 0.6976632183998228, 0.5292077745400744, -0.13099299199915404, -0.1067693738356763, -0.7296556751268413, -0.057355370687829366, 0.761254899777974, 0.0722583754242545, 0.4754160198950951, 0.4639865345975551, -0.2847197075163974, -0.23943414304977437, -0.05585979290373444, -0.3202999639393638, 0.9101001018728134, 0.6227424317975794, 0.43689918186564336, 0.6082490551170483, 0.31449593009099486, 0.11256249029177907, -0.8423810150336091, 0.5104648361398327, 0.5197343734715876, -0.672781570589924, 0.30973267416610134, 0.984057525687269, -0.8753173424574512, 0.0929602878275364, 0.48459965919307635, -0.7351805458307892, -0.2916341702912082, 0.4186819928652461, 0.1584381396587744, -0.7485016796613722, 0.8771850173950553, -0.013388426951223442, -0.6239730861370769, 0.37089710447950797, -0.893498538683106, -0.31096061336246783, -0.06106069759248722, 0.6802455366654154, 0.8249649018871124, -0.6175027170259657, -0.11688378138247235, 0.5196159080117129, 0.11532627201428086, -0.3949767500233097, 0.5624639525379946, 0.12467319086810108, -0.6746669194227113, -0.7065687347510856, 0.3703474013464114, -0.8764517659900475, -0.3778515206592272, 0.27485623715771346, 0.8614997276225074, 0.2200582130084366, 0.7701582921679428, 0.11806146475822099, -0.05015685367468148, -0.7277800853904683, -0.521088197927156, -0.7073966038037967, -0.8242154690868191, 0.8309097493275066]
1019.9977416992188	(8, 12, 2)	[0.49991243328108925, 0.5102471188793891, -0.8298337868109547, 0.017955683507051123, 0.9847483971794675, 0.8783735387205309, -0.6364259119406972, -0.0349409812512238, -0.2004141633494727, -0.14167903370185986, 0.35542789161482413, 0.545129719064851, 0.9196094908153982, 0.8721206049042256, -0.04801320769433981, -0.9179923028797317, 0.23108362778281033, 0.37284966184464197, 0.04904999539425692, 0.8600002106736038, 0.9275532459337539, 0.1757161151055393, 0.6672773232014158, 0.7546680878382581, 0.7744827362009807, -0.7771591669428819, 0.8889372797806976, -0.21560360655861555, -1.0, 0.7800894537593812, -0.35141735413457686, -0.036315074581205975, -0.653758549442562, -0.6640791611275225, 0.6858869971188191, -0.8825160879182776, 0.8332139340658677, 0.6680884795547473, -0.47012000226187756, 0.5737048602625385, 0.27819338841696095, -0.15971746578611223, -0.6062754683855893, -1.0, -0.31043570707903956, 0.6309665543231262, -0.028326484508635286, 0.618675837515577, -0.6914639685646322, -0.08969816504235498, -0.3159750141052622, 0.7344506439505658, -0.9105871633053328, 0.7043963937093093, 0.6976632183998228, 0.47840530136752596, -0.14413625520908857, -0.1067693738356763, -0.7296556751268413, -0.057355370687829366, 0.761254899777974, 0.0722583754242545, -0.8400036163838105, 0.5659910813100297, -0.39759900775648993, -0.23943414304977437, -0.03395840717079123, 0.16923458506681177, 0.9877177628580287, 0.6227424317975794, 0.43689918186564336, 0.6082490551170483, 0.31449593009099486, 0.11256249029177907, -0.8423810150336091, -0.15983425610002167, 0.5197343734715876, -0.672781570589924, 0.30973267416610134, 0.984057525687269, -0.8753173424574512, 0.0929602878275364, 0.48459965919307635, -0.8212530392280896, 0.9734324753086019, -0.29930972873811834, 0.1584381396587744, -0.7485016796613722, 0.5803078709258271, -0.013388426951223442, -0.6239730861370769, 0.37089710447950797, -0.893498538683106, -0.4930341441208035, -0.03989176124333538, 0.6802455366654154, 0.17868409007930142, -0.6175027170259657, 0.7193885951643595, 0.6592731983689186, -0.9265014375539173, -0.3949767500233097, 0.4870982882375865, 0.4753907993647526, -0.6746669194227113, -0.7065687347510856, 0.7413226230776571, -0.9219330833623238, -0.3778515206592272, 0.9532741688789808, 0.21863254553067196, 0.2181106085914295, -0.8377750283225607, -0.8921721568999437, -0.05015685367468148, -0.5074223068442636, -0.521088197927156, -0.7073966038037967, -0.8710687243217242, 0.5956926123708277]
1019.9989013671875	(8, 12, 2)	[0.41658245225504875, 0.5102471188793891, -0.5565848502369386, 0.017955683507051123, 0.9847483971794675, 0.942746984021636, -0.6364259119406972, -0.0349409812512238, -0.2004141633494727, -0.1896165230845752, 0.35542789161482413, 0.545129719064851, 1.0, 0.8721206049042256, -0.04801320769433981, -0.566655999353219, 0.23108362778281033, 0.37284966184464197, 0.04904999539425692, 0.8600002106736038, 0.7560644560198295, 0.1757161151055393, 0.6672773232014158, 0.6818048438718405, 0.9873007087844623, -0.7771591669428819, 0.8889372797806976, -0.09639830756486782, -1.0, 0.7800894537593812, -0.319376566020489, 0.9087389122783882, 0.3840402787035748, -0.6640791611275225, 0.6858869971188191, -0.8825160879182776, 0.8332139340658677, 0.5684757524880276, 0.42160047801032885, 0.5737048602625385, -0.4885670012608099, -0.15971746578611223, -0.6647066873321101, -0.9427972990021509, -0.31043570707903956, 0.6309665543231262, -0.028326484508635286, -0.8662397672035898, -0.6914639685646322, 0.6164144952097015, -0.3159750141052622, 0.11321237087068847, -0.9105871633053328, 0.7043963937093093, 0.6976632183998228, 0.3509683148743492, -0.8827295837850411, -0.15505898908059, -0.7406822718772111, -0.057355370687829366, 0.761254899777974, 0.0722583754242545, 0.5903290527512365, 0.5659910813100297, -0.2847197075163974, -0.23943414304977437, -0.03395840717079123, -0.3202999639393638, 0.9101001018728134, 0.6227424317975794, 0.43689918186564336, 0.6245095232516416, 0.31449593009099486, 0.11256249029177907, -0.6546721845147104, 0.5104648361398327, 0.5197343734715876, -0.5705638752599054, 0.30973267416610134, 0.984057525687269, -0.8753173424574512, 0.17361090268435908, 0.48459965919307635, -0.7351805458307892, 0.9734324753086019, -0.29930972873811834, 0.1584381396587744, -0.7165660957149289, 1.0, -0.8975942125576144, -0.6239730861370769, 0.37089710447950797, 0.71863864211132, -0.4930341441208035, 0.07262118618369762, 0.6802455366654154, 0.8249649018871124, -0.44563123966557616, -0.11688378138247235, 0.6592731983689186, -0.12899046213693183, -0.3949767500233097, 0.4870982882375865, 0.4753907993647526, -0.6746669194227113, -0.7065687347510856, 0.4477832838828446, -0.8764517659900475, -0.3778515206592272, 0.27485623715771346, 0.8614997276225074, 0.2181106085914295, 0.6929685127522105, 0.11806146475822099, -0.05015685367468148, -0.7277800853904683, -0.521088197927156, -0.7521904613666948, -0.8242154690868191, 0.7044981316953316]
1019.9998168945312	(8, 12, 2)	[-0.5369954866000661, -0.12658452964252698, -0.8298337868109547, 0.017955683507051123, 0.9847483971794675, 0.9101523869832389, -0.6445112453560811, -0.0349409812512238, -0.27439574554805835, -0.16400934302927905, 0.35542789161482413, 0.545129719064851, 0.9196094908153982, 0.8721206049042256, 0.01961321639343772, -0.9179923028797317, 0.23108362778281033, 0.13665870996621932, 0.04904999539425692, 0.8600002106736038, 0.6496820540081677, -0.07630544541501288, 0.6672773232014158, 0.6818048438718405, 0.7744827362009807, -0.7771591669428819, 0.8889372797806976, -0.09639830756486782, -1.0, -0.24382870285626684, -0.3634779184360422, 0.9865896151454135, -0.653758549442562, -0.6640791611275225, 0.6923047576791822, -0.8825160879182776, 0.3561308244811354, 0.6680884795547473, 0.42160047801032885, -0.27347510622565996, 0.27819338841696095, -0.1733287735742006, -0.6647066873321101, -1.0, -0.6785305523649605, 0.6309665543231262, 1.0, 0.618675837515577, 0.5065433713865644, -0.04908212469971596, -0.3159750141052622, 0.11321237087068847, -0.9406907979520867, 0.7043963937093093, 0.6976632183998228, 0.3509683148743492, -0.14413625520908857, -0.1067693738356763, -0.7296556751268413, -0.057355370687829366, 0.761254899777974, -0.08326491820969772, 0.6321288249460086, 0.5659910813100297, -0.39759900775648993, -0.23943414304977437, -0.03395840717079123, 0.16923458506681177, 0.9101001018728134, -0.3938945815623145, 0.43689918186564336, 0.6245095232516416, 0.31449593009099486, 0.11256249029177907, -0.6546721845147104, -0.15983425610002167, 0.5197343734715876, -0.5705638752599054, 0.30973267416610134, 0.9034273188847078, -0.8753173424574512, 0.0929602878275364, 0.48459965919307635, -0.7654126364218727, -0.2916341702912082, -0.29930972873811834, 0.1584381396587744, -0.7485016796613722, 0.8771850173950553, -0.013388426951223442, -0.9689533813030649, 0.37089710447950797, 0.71863864211132, -0.5345244068540962, 0.022942947802613245, 0.6802455366654154, 0.8249649018871124, -0.6175027170259657, 0.0947076686328634, 0.3792633362270119, -0.9265014375539173, -0.3949767500233097, 0.5624639525379946, -0.20603798424169267, -0.5920737700079076, -0.7065687347510856, 0.7135839804225933, -0.9219330833623238, -0.3778515206592272, 0.27485623715771346, 0.8614997276225074, 0.2200582130084366, 0.26437078334180675, 0.11806146475822099, -0.05015685367468148, -0.7277800853904683, -0.521088197927156, -0.7073966038037967, -0.8242154690868191, 0.7044981316953316]
1019.9996337890625	(8, 12, 2)	[0.41658245225504875, 0.49514769746959786, -0.8298337868109547, 0.017955683507051123, 0.9847483971794675, 0.9101523869832389, -0.6364259119406972, -0.0349409812512238, -0.2004141633494727, -0.22662417396458634, 0.35542789161482413, 0.545129719064851, 1.0, 0.8721206049042256, 0.14165853517334787, -0.9179923028797317, 0.23108362778281033, 0.13665870996621932, 0.04904999539425692, 0.8600002106736038, 0.861046009774388, 0.044727078550402075, 0.6672773232014158, 0.7546680878382581, 0.9429396392666063, -0.7771591669428819, 0.8889372797806976, -0.09639830756486782, -1.0, 0.7800894537593812, -0.35141735413457686, -0.036315074581205975, -0.653758549442562, -0.6640791611275225, 0.6858869971188191, -0.8825160879182776, 0.8332139340658677, 0.6680884795547473, -0.47012000226187756, 0.5737048602625385, -0.4885670012608099, -0.15971746578611223, -0.6303135801326137, -1.0, 0.7668200562450909, 0.6309665543231262, 1.0, -0.8662397672035898, -0.6914639685646322, -0.04908212469971596, -0.3159750141052622, 0.11321237087068847, -0.9105871633053328, 0.7043963937093093, 0.6976632183998228, 0.47840530136752596, -0.14413625520908857, -0.1067693738356763, -0.7406822718772111, -0.057355370687829366, 0.761254899777974, 0.11895375883248076, -0.9097830509339857, 0.5659910813100297, -0.39759900775648993, -0.23943414304977437, -0.03395840717079123, 0.16923458506681177, 0.9101001018728134, 0.6227424317975794, 0.43689918186564336, 0.6082490551170483, 0.9858089834350596, 0.11256249029177907, -0.6546721845147104, -0.15983425610002167, 0.5197343734715876, -0.5705638752599054, 0.30973267416610134, 0.984057525687269, -0.8753173424574512, 0.17361090268435908, 0.48459965919307635, -0.8212530392280896, -0.2916341702912082, -0.29930972873811834, 0.1584381396587744, -0.6641582612532151, 0.5803078709258271, -0.013388426951223442, -0.6239730861370769, 0.5074507567558282, 0.71863864211132, -0.4930341441208035, -0.03989176124333538, 0.6802455366654154, 0.17868409007930142, -0.6175027170259657, -0.11688378138247235, 0.7583205780233022, -0.9265014375539173, -0.3949767500233097, 0.4870982882375865, -1.0, -0.5920737700079076, -0.7065687347510856, 0.4477832838828446, -0.8764517659900475, -0.9605553301069065, 0.27485623715771346, 0.8614997276225074, 0.2200582130084366, 0.7701582921679428, -0.8921721568999437, -0.05015685367468148, -0.5074223068442636, -0.521088197927156, -0.7073966038037967, -0.8242154690868191, 0.7044981316953316]
1019.9995727539062	(8, 12, 2)	[0.41658245225504875, -0.12658452964252698, -0.8298337868109547, 0.017955683507051123, 0.9847483971794675, 0.9101523869832389, -0.6364259119406972, -0.0349409812512238, -0.2004141633494727, -0.14167903370185986, 0.35542789161482413, 0.5805863496630801, 0.9196094908153982, 0.8572950778458662, 0.14165853517334787, -0.566655999353219, 0.23108362778281033, 0.37284966184464197, 0.04904999539425692, 0.8600002106736038, 0.6439761067270834, 0.09372827051327709, 0.8473369349589714, 0.7546680878382581, 0.7744827362009807, -0.7771591669428819, 0.8889372797806976, -0.19032965245850172, -1.0, 0.8161125430026707, -0.35141735413457686, 0.9087389122783882, 0.3840402787035748, -0.6640791611275225, 0.6858869971188191, -0.9093543125225421, 0.3561308244811354, 0.5684757524880276, -0.47012000226187756, 0.5737048602625385, 0.5527416588409713, -0.15971746578611223, -0.6647066873321101, -0.9427972990021509, 0.7668200562450909, 0.6309665543231262, -0.028326484508635286, -0.8662397672035898, 0.9268887777241743, 0.6164144952097015, -0.08245935097949575, 1.0, -0.9105871633053328, 0.7043963937093093, 0.6976632183998228, 0.3509683148743492, -0.13099299199915404, -0.15505898908059, -0.7406822718772111, -0.057355370687829366, 0.761254899777974, 0.0722583754242545, 0.6321288249460086, 0.5659910813100297, -0.39759900775648993, -0.23943414304977437, -0.03395840717079123, 0.16923458506681177, 0.9101001018728134, 0.6227424317975794, 0.43689918186564336, 0.6082490551170483, 0.31449593009099486, 0.11256249029177907, -0.8423810150336091, 0.5104648361398327, 0.5197343734715876, -0.5705638752599054, 0.30973267416610134, 0.984057525687269, -0.8753173424574512, 0.17361090268435908, 0.48459965919307635, -0.7351805458307892, 0.9734324753086019, -0.29930972873811834, 0.1584381396587744, -0.7485016796613722, 0.5803078709258271, -0.013388426951223442, -0.6239730861370769, 0.37089710447950797, -0.893498538683106, -0.4930341441208035, -0.06106069759248722, 0.6802455366654154, 0.17868409007930142, -0.6175027170259657, -0.11688378138247235, 0.5196159080117129, -0.8512851231829123, -0.3949767500233097, 0.5624639525379946, 0.12467319086810108, -0.6746669194227113, -0.5262547989125222, 0.3703474013464114, -0.8764517659900475, -0.3778515206592272, -0.7659929141252004, 0.8614997276225074, 0.2200582130084366, 0.7701582921679428, 0.11806146475822099, -0.05015685367468148, -0.7277800853904683, -0.521088197927156, -0.7073966038037967, -0.8242154690868191, 0.5956926123708277]
1019.9992065429688	(8, 12, 2)	[0.41658245225504875, -0.12658452964252698, -0.8298337868109547, 0.017955683507051123, 0.9847483971794675, 0.9101523869832389, -0.6364259119406972, -0.0349409812512238, -0.2004141633494727, -0.16400934302927905, 0.35542789161482413, 0.545129719064851, 0.9196094908153982, 0.7857069176070219, 0.14165853517334787, -0.9179923028797317, 0.23108362778281033, 0.13665870996621932, 0.04904999539425692, 0.8600002106736038, 0.7196394705856555, 0.044727078550402075, 0.6672773232014158, 0.7546680878382581, 0.9873007087844623, -0.7771591669428819, 0.8889372797806976, -0.09639830756486782, -1.0, 0.7800894537593812, -0.35141735413457686, 0.9087389122783882, -0.653758549442562, -0.6434035504787894, 0.6858869971188191, -0.8825160879182776, 0.8332139340658677, 0.6680884795547473, -0.47012000226187756, 0.5737048602625385, 0.27819338841696095, -0.6536152795776172, -0.6303135801326137, -1.0, 0.7668200562450909, 0.5656880116848942, 1.0, 0.618675837515577, -0.6914639685646322, 0.6164144952097015, -0.08245935097949575, 0.8009062576669819, -0.9105871633053328, 0.7043963937093093, 0.6976632183998228, 0.47840530136752596, -0.14413625520908857, -0.1067693738356763, -0.7406822718772111, -0.057355370687829366, 0.761254899777974, 0.0722583754242545, -0.8400036163838105, 0.616283179834878, -0.39759900775648993, -0.23943414304977437, -0.03395840717079123, 0.16923458506681177, 0.9101001018728134, 0.6227424317975794, 0.43689918186564336, 0.6082490551170483, 0.31449593009099486, 0.27150266286579006, -0.6546721845147104, 0.5104648361398327, 0.5197343734715876, -0.672781570589924, 0.30973267416610134, 0.984057525687269, -0.8753173424574512, 0.17361090268435908, 0.48459965919307635, -0.7654126364218727, -0.2916341702912082, -0.29930972873811834, 0.1584381396587744, -0.6641582612532151, 0.5803078709258271, -0.013388426951223442, -0.9689533813030649, 0.37089710447950797, -0.893498538683106, -0.4930341441208035, -0.03989176124333538, 0.6802455366654154, 0.17868409007930142, -0.6175027170259657, -0.11688378138247235, 0.6592731983689186, -0.9265014375539173, -0.3949767500233097, 0.4870982882375865, -1.0, -0.6746669194227113, -0.7065687347510856, 0.3703474013464114, -0.8764517659900475, -0.9038870162914168, 0.9532741688789808, 0.8614997276225074, 0.2181106085914295, 0.7701582921679428, -0.8921721568999437, -0.05015685367468148, -0.6337306813807897, -0.521088197927156, -0.7073966038037967, -0.8242154690868191, 0.7044981316953316]
1019.99560546875	(8, 12, 2)	[0.41658245225504875, -0.12658452964252698, -0.6569869303442871, 0.017955683507051123, 0.9847483971794675, 0.942746984021636, -0.6364259119406972, -0.0349409812512238, -0.2004141633494727, -0.16400934302927905, 0.35542789161482413, 0.545129719064851, 0.9196094908153982, 0.8721206049042256, -0.04801320769433981, -0.9179923028797317, 0.11844942743814403, 0.13665870996621932, 0.04904999539425692, 0.8600002106736038, 0.7560644560198295, -0.07630544541501288, 0.8473369349589714, 0.6818048438718405, 0.7744827362009807, -0.7771591669428819, 0.8889372797806976, -0.09639830756486782, -1.0, 0.8161125430026707, -0.319376566020489, -0.036315074581205975, -0.653758549442562, -0.6640791611275225, 0.6923047576791822, -0.8825160879182776, 0.8332139340658677, 0.6680884795547473, -0.5149721938885062, 0.5737048602625385, 0.2626280912153719, -0.1733287735742006, 0.009047001867022099, -0.9427972990021509, -0.31043570707903956, 0.6309665543231262, -0.028326484508635286, 0.618675837515577, -0.7948378007733929, 0.02492390780101511, -0.3159750141052622, 0.09559919312434714, -0.9105871633053328, 0.7043963937093093, 0.6976632183998228, 0.47840530136752596, -0.14413625520908857, -0.1067693738356763, -0.6760207356025059, -0.057355370687829366, 0.761254899777974, 0.0722583754242545, -0.9097830509339857, 0.616283179834878, -0.39759900775648993, -0.18868791028617887, -0.05585979290373444, -0.3202999639393638, 0.9101001018728134, 0.6227424317975794, 0.43689918186564336, 0.6245095232516416, 0.31449593009099486, 0.11256249029177907, -0.6546721845147104, -0.15983425610002167, 0.5197343734715876, -0.6486779420347277, 0.30973267416610134, 0.984057525687269, -0.8753173424574512, 0.17361090268435908, 0.48459965919307635, -0.7351805458307892, -0.2916341702912082, -0.29930972873811834, 0.1584381396587744, -0.7485016796613722, 0.8771850173950553, -0.8975942125576144, -0.9689533813030649, 0.37089710447950797, -0.893498538683106, -0.5345244068540962, 0.022942947802613245, 0.6802455366654154, 0.17868409007930142, -0.44563123966557616, 0.0947076686328634, 0.3792633362270119, -0.23004238544082556, -0.3949767500233097, 0.4870982882375865, -0.20603798424169267, -0.536088407235288, 0.5164511224348787, 0.4477832838828446, -0.8764517659900475, -0.3778515206592272, 0.27485623715771346, 0.8614997276225074, 0.2181106085914295, 0.7701582921679428, 0.11806146475822099, -0.05015685367468148, -0.5074223068442636, -0.521088197927156, -0.7073966038037967, -0.8242154690868191, 0.5956926123708277]
1019.9979248046875	(8, 12, 2)	[-0.5369954866000661, -0.12658452964252698, -0.8298337868109547, 0.017955683507051123, 0.9847483971794675, 0.9101523869832389, -0.6364259119406972, -0.0349409812512238, -0.2004141633494727, -0.16400934302927905, 0.35542789161482413, 0.545129719064851, 0.9196094908153982, 0.7857069176070219, 0.01961321639343772, -0.9179923028797317, 0.23108362778281033, 0.13665870996621932, 0.04904999539425692, 0.8600002106736038, 0.861046009774388, 0.09372827051327709, 0.8473369349589714, 0.7546680878382581, 0.9873007087844623, -0.7771591669428819, 0.8889372797806976, 0.009307560039569784, -1.0, 0.7800894537593812, -0.319376566020489, -0.036315074581205975, -0.653758549442562, -0.6434035504787894, 0.6923047576791822, -0.8825160879182776, 0.0030262177490076314, 0.6680884795547473, 0.42160047801032885, -0.27347510622565996, 0.5527416588409713, -0.15971746578611223, -0.6647066873321101, -1.0, 0.7668200562450909, 0.6309665543231262, 1.0, -0.8662397672035898, 0.5065433713865644, -0.04908212469971596, -0.3159750141052622, 0.6773356511312817, -0.6116606036012444, 0.7043963937093093, 0.6976632183998228, 0.3509683148743492, -0.14413625520908857, -0.1067693738356763, -0.6760207356025059, -0.057355370687829366, 0.761254899777974, -0.08326491820969772, -0.8400036163838105, 0.5659910813100297, -0.4018397854442089, -0.23943414304977437, -0.03395840717079123, 0.471607855851669, 0.9101001018728134, 0.6227424317975794, 0.43689918186564336, 0.6245095232516416, 0.31449593009099486, 0.11256249029177907, -0.6546721845147104, 0.5104648361398327, 0.5262608881458202, -0.672781570589924, 0.21791108313365276, 0.9034273188847078, -0.8753173424574512, 0.0929602878275364, 0.48459965919307635, -0.7351805458307892, -0.2916341702912082, -0.29930972873811834, 0.1584381396587744, -0.7485016796613722, 0.6597892908426478, -0.013388426951223442, -0.9689533813030649, -0.1823215029939882, 0.71863864211132, -0.5345244068540962, -0.03989176124333538, 0.6802455366654154, 0.8249649018871124, -0.44563123966557616, -0.11688378138247235, 0.7583205780233022, -0.23004238544082556, -0.3949767500233097, -1.0, 0.4753907993647526, -0.5920737700079076, -0.7065687347510856, 0.7413226230776571, -0.9219330833623238, -0.3778515206592272, 0.9532741688789808, 0.8614997276225074, 0.2200582130084366, 0.26437078334180675, 0.11806146475822099, -0.05015685367468148, -0.6744452522082016, -0.521088197927156, -0.7521904613666948, -0.8242154690868191, 0.8309097493275066]
1019.9996337890625	(8, 12, 2)	[0.41658245225504875, 0.5102471188793891, -0.8298337868109547, 0.017955683507051123, 0.9847483971794675, 0.9101523869832389, -0.6364259119406972, -0.0349409812512238, -0.27439574554805835, -0.22662417396458634, 0.35542789161482413, 0.545129719064851, 1.0, 0.7857069176070219, 0.14165853517334787, -0.566655999353219, 0.23108362778281033, 0.37284966184464197, 0.04904999539425692, 0.8600002106736038, 0.6439761067270834, 0.1757161151055393, 0.7576771814383525, 0.6818048438718405, 0.7744827362009807, -0.7771591669428819, 0.8889372797806976, -0.09639830756486782, -1.0, -0.24382870285626684, -0.35141735413457686, 0.9865896151454135, 0.3902403687229406, -0.6640791611275225, 0.6858869971188191, -0.9309448928016586, 0.3561308244811354, 0.6680884795547473, 0.42160047801032885, -0.27347510622565996, -0.49167614749369143, -0.1733287735742006, -0.6647066873321101, -0.9427972990021509, 0.7668200562450909, 0.6309665543231262, -0.028326484508635286, -0.8662397672035898, -0.6914639685646322, 0.6164144952097015, -0.08245935097949575, 0.8009062576669819, -0.9406907979520867, 0.7043963937093093, 0.6976632183998228, 0.3328838250000655, -0.8827295837850411, -0.1067693738356763, -0.6760207356025059, 0.7900257396996315, 0.761254899777974, 0.11895375883248076, 0.6764587969628488, 0.5659910813100297, -0.2847197075163974, -0.23943414304977437, -0.03395840717079123, -0.3202999639393638, 0.9101001018728134, 0.6227424317975794, 0.43689918186564336, 0.6245095232516416, 0.31449593009099486, 0.11256249029177907, -0.7186928359691257, 0.5104648361398327, 0.5810791483976672, -0.6486779420347277, 0.30973267416610134, 0.9350002199607762, -0.8753173424574512, 0.17361090268435908, 0.48459965919307635, -0.7351805458307892, -0.2916341702912082, -0.29930972873811834, 0.1584381396587744, -0.7485016796613722, 0.8771850173950553, -0.8975942125576144, -0.9689533813030649, 0.37089710447950797, 0.71863864211132, -0.4930341441208035, -0.06106069759248722, 0.6802455366654154, 0.17868409007930142, -0.6175027170259657, 0.014226403041233987, 0.6592731983689186, -0.8512851231829123, -0.3949767500233097, 0.5624639525379946, 0.4753907993647526, -0.6746669194227113, -0.5482827349702516, 0.4477832838828446, -0.8764517659900475, -0.3778515206592272, -0.7659929141252004, 0.8614997276225074, 0.3863758940754129, 0.7701582921679428, 0.11806146475822099, -0.05015685367468148, -0.5074223068442636, -0.521088197927156, -0.7521904613666948, -0.8242154690868191, 0.7044981316953316]
1019.9990234375	(8, 12, 2)	[0.41658245225504875, -0.12658452964252698, -0.8298337868109547, 0.017955683507051123, 0.9847483971794675, 0.942746984021636, -0.6445112453560811, -0.0349409812512238, -0.6853496421952676, -0.22662417396458634, 0.35542789161482413, 0.5805863496630801, 0.9196094908153982, 0.8572950778458662, 0.14165853517334787, -0.566655999353219, 0.23108362778281033, 0.37284966184464197, 0.04904999539425692, 0.8600002106736038, 0.861046009774388, 0.09372827051327709, 0.6672773232014158, 0.6818048438718405, 0.7744827362009807, -0.7771591669428819, 0.8889372797806976, -0.09639830756486782, -1.0, 0.8161125430026707, -0.35141735413457686, 0.9865896151454135, -0.653758549442562, -0.6640791611275225, 0.6858869971188191, -0.8825160879182776, 0.0030262177490076314, 0.5684757524880276, -0.47012000226187756, 0.5567955949277872, 0.5527416588409713, -0.1733287735742006, -0.6647066873321101, -1.0, 0.7668200562450909, 0.6309665543231262, 1.0, -0.8662397672035898, -0.6914639685646322, -0.04908212469971596, -0.08245935097949575, 1.0, -0.9406907979520867, 0.8537058256668102, 0.6976632183998228, 0.47840530136752596, -0.8827295837850411, -0.1067693738356763, -0.6760207356025059, -0.057355370687829366, 0.761254899777974, 0.11895375883248076, 0.6321288249460086, 0.5659910813100297, -0.39759900775648993, -0.23943414304977437, -0.03395840717079123, -0.3202999639393638, 0.9101001018728134, 0.6227424317975794, 0.43689918186564336, 0.6245095232516416, 0.31449593009099486, 0.11256249029177907, -0.8423810150336091, -0.15983425610002167, 0.5197343734715876, -0.6486779420347277, 0.4010382409347898, 0.984057525687269, -0.8753173424574512, 0.17361090268435908, 0.48459965919307635, -0.7654126364218727, 0.9734324753086019, -0.2726861123031449, 0.1584381396587744, -0.7485016796613722, 0.5803078709258271, -0.013388426951223442, -0.9689533813030649, 0.37089710447950797, -0.893498538683106, -0.4930341441208035, -0.03989176124333538, 0.6802455366654154, 0.17868409007930142, -0.6175027170259657, 0.0947076686328634, 0.7583205780233022, -0.8512851231829123, -0.3949767500233097, 0.5624639525379946, 0.12467319086810108, -0.6746669194227113, -0.7065687347510856, 0.4477832838828446, -0.9219330833623238, -0.9605553301069065, 0.9532741688789808, 0.8614997276225074, 0.2200582130084366, 0.7701582921679428, 0.11806146475822099, -0.05015685367468148, -0.5074223068442636, -0.4559118360642783, -0.7545487475403307, -0.8242154690868191, 0.7044981316953316]
1019.999755859375	(8, 12, 2)	[0.41658245225504875, -0.12658452964252698, -0.8298337868109547, 0.017955683507051123, 0.9382280141520805, 0.9101523869832389, -0.6364259119406972, -0.0349409812512238, -0.2004141633494727, -0.11152517973998079, 0.35542789161482413, 0.545129719064851, 0.9187369503891165, 0.7857069176070219, 0.14165853517334787, -0.9179923028797317, 0.23108362778281033, 0.37284966184464197, 0.04904999539425692, 0.8600002106736038, 0.7560644560198295, -0.07630544541501288, 0.6672773232014158, 0.7546680878382581, 0.8134856393396943, -0.7771591669428819, 0.8889372797806976, -0.09639830756486782, -1.0, -0.24382870285626684, -0.35141735413457686, 0.9087389122783882, -0.653758549442562, -0.6340783282013526, 0.34296574999654883, -0.8825160879182776, 0.0030262177490076314, 0.6680884795547473, 0.42160047801032885, -0.27347510622565996, 0.27819338841696095, -0.1733287735742006, -0.6647066873321101, -1.0, 0.7810064505580419, 0.6309665543231262, 1.0, 0.618675837515577, -0.6914639685646322, -0.04908212469971596, -0.3159750141052622, 0.8009062576669819, -0.9406907979520867, 0.7043963937093093, 0.6976632183998228, 0.47840530136752596, -0.14413625520908857, -0.1067693738356763, -0.7296556751268413, -1.0, 0.761254899777974, 0.11895375883248076, 0.6321288249460086, 0.5659910813100297, -0.39759900775648993, -0.7425800951153092, -0.03395840717079123, -0.3202999639393638, 0.9101001018728134, -0.3938945815623145, 0.43689918186564336, 0.6245095232516416, 0.31449593009099486, 0.11256249029177907, -0.8423810150336091, 0.5104648361398327, 0.5197343734715876, -0.672781570589924, 0.30973267416610134, 0.9691352045991355, -0.8753173424574512, 0.17361090268435908, 0.48459965919307635, -0.7654126364218727, -0.2916341702912082, -0.29930972873811834, 0.1584381396587744, -0.7165660957149289, 0.5803078709258271, -0.013388426951223442, -0.9689533813030649, 0.37089710447950797, 0.6323676823837481, -0.5345244068540962, -0.03989176124333538, 0.6802455366654154, 0.17868409007930142, -0.6175027170259657, 0.0947076686328634, 0.7583205780233022, -0.12899046213693183, -0.3949767500233097, 0.4870982882375865, 0.37321312592545614, -0.6746669194227113, -0.5482827349702516, 0.4477832838828446, -0.8764517659900475, -0.9605553301069065, 0.9532741688789808, 0.8614997276225074, 0.2200582130084366, 0.26437078334180675, -0.8921721568999437, -0.05015685367468148, -0.7277800853904683, -0.521088197927156, -0.7521904613666948, -0.8242154690868191, 0.7044981316953316]
1019.9990844726562	(8, 12, 2)	[-0.5369954866000661, -0.12658452964252698, -0.8298337868109547, 0.017955683507051123, 0.9847483971794675, 0.9101523869832389, -0.6445112453560811, -0.0349409812512238, -0.6853496421952676, -0.14167903370185986, 0.35542789161482413, 0.545129719064851, 0.9196094908153982, 0.8721206049042256, 0.01961321639343772, -0.9179923028797317, 0.23108362778281033, 0.37284966184464197, -0.026066561752176698, 0.8809807733513283, 0.6439761067270834, 0.09372827051327709, 0.8473369349589714, 0.6818048438718405, 0.7744827362009807, -0.7771591669428819, 0.8889372797806976, -0.09639830756486782, -1.0, -0.24382870285626684, -0.35141735413457686, -0.036315074581205975, -0.653758549442562, -0.6434035504787894, 0.4364555508778247, -0.8825160879182776, 0.8332139340658677, 0.6626505038840771, -0.47012000226187756, -0.27347510622565996, -0.4612929456276863, -0.15971746578611223, -0.6647066873321101, -0.9427972990021509, 0.7668200562450909, -0.7410938001315659, 1.0, 0.618675837515577, -0.6914639685646322, 0.6164144952097015, -0.3159750141052622, 1.0, -0.9105871633053328, 0.7043963937093093, 0.6976632183998228, 0.47840530136752596, -0.14413625520908857, -0.1067693738356763, -0.7338916045474831, -0.057355370687829366, 0.761254899777974, 0.0722583754242545, 0.6321288249460086, 0.5659910813100297, -0.4018397854442089, -0.23943414304977437, -0.03395840717079123, -0.3202999639393638, 0.853932084207653, 0.6227424317975794, 0.43689918186564336, 0.6245095232516416, 0.31449593009099486, 0.11256249029177907, -0.5455820353621782, 0.5104648361398327, 0.5197343734715876, -0.5705638752599054, 0.47843320301654463, 0.984057525687269, -0.8753173424574512, 0.17361090268435908, 0.48459965919307635, -0.7351805458307892, -0.2916341702912082, -0.29930972873811834, 0.1584381396587744, -0.7485016796613722, 0.6597892908426478, -0.013388426951223442, -0.9689533813030649, 0.5074507567558282, 0.71863864211132, -0.4930341441208035, -0.06106069759248722, 0.6802455366654154, 0.17868409007930142, -0.6175027170259657, 0.0947076686328634, 0.5196159080117129, -0.8512851231829123, -0.3949767500233097, 0.5624639525379946, 0.12467319086810108, -0.5920737700079076, -0.7065687347510856, 0.4477832838828446, -0.9219330833623238, -0.3778515206592272, 0.9532741688789808, 0.8614997276225074, 0.2181106085914295, 0.7701582921679428, -0.8921721568999437, -0.05015685367468148, -0.6337306813807897, -0.521088197927156, -0.7521904613666948, -0.8242154690868191, 0.7044981316953316]
1019.9998168945312	(8, 12, 2)	[-0.5369954866000661, -0.12658452964252698, -0.8298337868109547, 0.017955683507051123, 0.9847483971794675, 0.942746984021636, -0.6445112453560811, -0.0349409812512238, -0.2957834968072455, -0.22662417396458634, 0.35542789161482413, 0.5805863496630801, 0.9196094908153982, 0.7857069176070219, 0.14165853517334787, -0.566655999353219, 0.23108362778281033, 0.13665870996621932, 0.04904999539425692, 0.8600002106736038, 0.861046009774388, 0.09372827051327709, 0.6672773232014158, 0.6818048438718405, 0.7744827362009807, -0.7771591669428819, 0.8889372797806976, -0.09639830756486782, -1.0, 0.8161125430026707, -0.35141735413457686, 0.9865896151454135, -0.653758549442562, -0.6434035504787894, 0.6858869971188191, -0.8825160879182776, 0.0030262177490076314, 0.5684757524880276, -0.47012000226187756, 0.5567955949277872, 0.5527416588409713, -0.1733287735742006, -0.6647066873321101, -0.9427972990021509, 0.7668200562450909, 0.5656880116848942, -0.028326484508635286, -0.8662397672035898, -0.6914639685646322, 0.02492390780101511, -0.08245935097949575, 0.8009062576669819, -0.9406907979520867, 0.8537058256668102, 0.6976632183998228, 0.47840530136752596, -0.8827295837850411, -0.1067693738356763, -0.6760207356025059, -0.1384643957288118, 0.761254899777974, 0.0722583754242545, 0.6321288249460086, 0.4639865345975551, -0.39759900775648993, -0.23943414304977437, -0.03395840717079123, 0.471607855851669, 0.9101001018728134, -0.3938945815623145, 0.43689918186564336, 0.6245095232516416, 0.31449593009099486, 0.11256249029177907, -0.5455820353621782, -0.15983425610002167, 0.7104146486348761, -0.672781570589924, 0.30973267416610134, 0.984057525687269, -0.8753173424574512, 0.17361090268435908, 0.48459965919307635, -0.7654126364218727, 0.9734324753086019, -0.29930972873811834, 0.07884228623672977, -0.7485016796613722, 0.5803078709258271, -0.013388426951223442, -0.9689533813030649, 0.37089710447950797, -0.893498538683106, -0.4930341441208035, -0.06106069759248722, 0.6802455366654154, 0.17868409007930142, -0.6175027170259657, 0.0947076686328634, 0.3792633362270119, -0.8512851231829123, -0.3949767500233097, 0.4870982882375865, -1.0, -0.5920737700079076, -0.7065687347510856, 0.4477832838828446, -0.8764517659900475, -0.3778515206592272, 0.9532741688789808, 0.8614997276225074, 0.2200582130084366, 0.7701582921679428, 0.11806146475822099, -0.05015685367468148, -0.7277800853904683, -0.4559118360642783, -0.7073966038037967, -0.8242154690868191, 0.5956926123708277]
1019.998779296875	(8, 12, 2)	[-0.5369954866000661, -0.12658452964252698, -0.8298337868109547, 0.017955683507051123, 0.9847483971794675, 0.942746984021636, -0.6445112453560811, -0.0349409812512238, -0.26041933605681167, -0.22662417396458634, 0.35542789161482413, 0.545129719064851, 0.9196094908153982, 0.9416047914745969, 0.14165853517334787, -0.566655999353219, 0.23108362778281033, 0.13665870996621932, -0.044024958145332804, 0.8600002106736038, 0.6439761067270834, 0.09372827051327709, 0.6672773232014158, 0.6818048438718405, 0.7744827362009807, -0.7771591669428819, 0.8889372797806976, -0.09639830756486782, -1.0, 0.7800894537593812, -0.35141735413457686, 0.9865896151454135, -0.653758549442562, -0.6434035504787894, 0.6923047576791822, -0.8369722675799927, 0.0030262177490076314, 0.5692498970580642, -0.47012000226187756, 0.5567955949277872, 0.3677415146046873, -0.15971746578611223, -0.6062754683855893, -1.0, 0.7668200562450909, 0.6309665543231262, 1.0, -0.8662397672035898, 0.9268887777241743, 0.02492390780101511, -0.3159750141052622, 0.11321237087068847, -0.9406907979520867, 0.8537058256668102, 0.6976632183998228, 0.47840530136752596, -0.8827295837850411, -0.1067693738356763, -0.6760207356025059, -0.057355370687829366, 0.761254899777974, 0.11895375883248076, 0.6321288249460086, 0.5659910813100297, -0.39759900775648993, -0.23943414304977437, 0.11085999614777203, -0.3202999639393638, 1.0, 0.6227424317975794, 0.43689918186564336, 0.6245095232516416, 0.31449593009099486, 0.11256249029177907, -0.5455820353621782, 0.5104648361398327, 0.5262608881458202, -0.672781570589924, 0.30973267416610134, 0.984057525687269, -0.8753173424574512, 0.2432059287842536, 0.48459965919307635, -0.7654126364218727, 0.9734324753086019, 0.3128883280032143, 0.1584381396587744, -0.6641582612532151, 0.5803078709258271, -0.013388426951223442, -0.9689533813030649, -0.1823215029939882, 0.71863864211132, -0.4930341441208035, -0.06106069759248722, 0.6802455366654154, 0.17868409007930142, -0.6175027170259657, -0.2556787008769732, 0.5196159080117129, -0.8512851231829123, -0.3949767500233097, 0.4870982882375865, -1.0, -0.6746669194227113, -0.7065687347510856, 0.7135839804225933, -0.9219330833623238, -0.3778515206592272, 0.9532741688789808, 0.8614997276225074, 0.2181106085914295, 0.7701582921679428, 0.11806146475822099, -0.05015685367468148, -0.7277800853904683, -0.4559118360642783, -0.7073966038037967, -0.8242154690868191, 0.8309097493275066]
1019.999267578125	(8, 12, 2)	[0.41658245225504875, -0.12658452964252698, -0.8298337868109547, 0.017955683507051123, 0.9847483971794675, 0.9101523869832389, -0.6445112453560811, -0.0349409812512238, -0.27439574554805835, -0.16400934302927905, 0.35542789161482413, 0.545129719064851, 0.9196094908153982, 0.7857069176070219, 0.14165853517334787, -0.9179923028797317, 0.23108362778281033, 0.37284966184464197, 0.04904999539425692, 0.8600002106736038, 0.6439761067270834, -0.07630544541501288, 0.6672773232014158, 0.7546680878382581, 0.8134856393396943, -0.7771591669428819, 0.8889372797806976, 0.02493690959523892, -1.0, 0.7800894537593812, -0.319376566020489, 0.9087389122783882, -0.653758549442562, -0.6640791611275225, 0.6858869971188191, -0.8825160879182776, 0.0030262177490076314, 0.524757655422314, 0.42160047801032885, 0.5737048602625385, 0.5527416588409713, -0.15971746578611223, -0.6647066873321101, -0.9427972990021509, 0.7668200562450909, 0.6309665543231262, -0.028326484508635286, -0.8662397672035898, 0.9268887777241743, -0.04908212469971596, -0.3159750141052622, 0.11321237087068847, -0.9406907979520867, 0.718293239471463, 0.6976632183998228, 0.3509683148743492, -0.14413625520908857, -0.1067693738356763, -0.7338916045474831, 0.7900257396996315, 0.761254899777974, 0.0722583754242545, 0.6321288249460086, 0.5659910813100297, -0.39759900775648993, -0.23943414304977437, -0.03395840717079123, 0.16923458506681177, 0.9101001018728134, 0.6227424317975794, 0.43689918186564336, 0.6082490551170483, 0.28972389322568803, 0.11256249029177907, -0.6546721845147104, -0.15983425610002167, 0.5197343734715876, -0.672781570589924, 0.30973267416610134, 0.984057525687269, -0.8753173424574512, 0.0929602878275364, 0.48459965919307635, -0.7654126364218727, 0.9734324753086019, -0.29930972873811834, 0.1584381396587744, -0.7485016796613722, 0.5803078709258271, -0.013388426951223442, -0.9689533813030649, -0.1823215029939882, 0.71863864211132, -0.4930341441208035, -0.03989176124333538, 0.6802455366654154, 0.17868409007930142, -0.44563123966557616, -0.11688378138247235, 0.3792633362270119, -0.23004238544082556, -0.3949767500233097, -1.0, 0.4753907993647526, -0.6746669194227113, -0.6419351108841684, 0.4477832838828446, -0.8764517659900475, -0.3778515206592272, 0.9532741688789808, 0.8614997276225074, 0.2200582130084366, 0.7701582921679428, -0.038527935972388155, -0.05015685367468148, -0.7277800853904683, -0.521088197927156, -0.7073966038037967, -0.8242154690868191, 0.8309097493275066]
1019.9996337890625	(8, 12, 2)	[-0.6046101547384659, -0.12658452964252698, -0.8298337868109547, 0.017955683507051123, 0.9847483971794675, 0.9101523869832389, -0.6364259119406972, -0.0349409812512238, -0.27439574554805835, -0.14167903370185986, 0.2980881884676818, 0.545129719064851, 0.8025975797560072, 0.7857069176070219, 0.14165853517334787, -0.9179923028797317, 0.23108362778281033, 0.37284966184464197, 0.04904999539425692, 0.8600002106736038, 0.7560644560198295, 0.09372827051327709, 0.6672773232014158, 0.6818048438718405, 0.7744827362009807, -0.7771591669428819, 0.8889372797806976, -0.09639830756486782, -1.0, 0.7800894537593812, -0.319376566020489, 0.9865896151454135, -0.653758549442562, -0.6434035504787894, 0.6858869971188191, -0.8825160879182776, 0.8332139340658677, 0.6680884795547473, 0.42160047801032885, 0.5737048602625385, -0.49167614749369143, -0.6536152795776172, -0.6647066873321101, -0.9427972990021509, 0.7668200562450909, 0.6309665543231262, -0.028326484508635286, -0.8662397672035898, 0.9268887777241743, -0.04908212469971596, -0.3159750141052622, 1.0, -0.7896242145786978, 0.7043963937093093, 0.6976632183998228, 0.3509683148743492, -0.06885426842376333, -0.15505898908059, -0.7338916045474831, 0.06810545141867033, 0.761254899777974, 0.0722583754242545, 0.6321288249460086, 0.5659910813100297, -0.39759900775648993, -0.41418035897071853, -0.03395840717079123, -0.3202999639393638, 0.9101001018728134, -0.3938945815623145, 0.43689918186564336, 0.6245095232516416, 0.31449593009099486, 0.11256249029177907, -0.6546721845147104, -0.15983425610002167, 0.5197343734715876, -0.672781570589924, 0.30973267416610134, 0.9034273188847078, -0.8753173424574512, 0.0929602878275364, 0.48459965919307635, -0.7654126364218727, -0.2916341702912082, -0.29930972873811834, 0.1584381396587744, -0.7485016796613722, 0.5803078709258271, -0.013388426951223442, -0.9689533813030649, -0.1823215029939882, 0.7569939229007805, -0.4930341441208035, -0.06106069759248722, 0.6802455366654154, 0.17868409007930142, -0.6175027170259657, 0.12870105681849986, 0.7583205780233022, -0.23004238544082556, -0.3949767500233097, 0.5624639525379946, 0.12467319086810108, -0.58833100417334, -0.7045003446967658, 0.4477832838828446, -0.8764517659900475, -0.3778515206592272, 0.27485623715771346, 0.8614997276225074, 0.2181106085914295, 0.7701582921679428, 0.11806146475822099, -0.05015685367468148, -0.7277800853904683, -0.521088197927156, -0.7073966038037967, -0.8242154690868191, 0.8309097493275066]
1019.9999389648438	(8, 12, 2)	[0.41118096774270707, -0.12658452964252698, -0.8830120450061321, 0.017955683507051123, 0.9847483971794675, 0.9101523869832389, -0.6364259119406972, -0.0349409812512238, -0.2004141633494727, -0.22662417396458634, 0.35542789161482413, 0.545129719064851, 0.9187369503891165, 0.7857069176070219, 0.14165853517334787, -0.566655999353219, 0.11844942743814403, 0.13665870996621932, 0.04904999539425692, 0.8600002106736038, 0.861046009774388, -0.07630544541501288, 0.6672773232014158, 0.6818048438718405, 0.9873007087844623, -0.7771591669428819, 0.8889372797806976, -0.09639830756486782, -1.0, 0.8161125430026707, -0.35141735413457686, 0.9087389122783882, -0.653758549442562, -0.6145128260684426, 0.6923047576791822, -0.8825160879182776, 0.3561308244811354, 0.5684757524880276, -0.47012000226187756, 0.5737048602625385, -0.49167614749369143, -0.15971746578611223, -0.6647066873321101, -1.0, 0.7668200562450909, 0.6309665543231262, 1.0, -0.8662397672035898, -0.6914639685646322, -0.04908212469971596, -0.3159750141052622, -0.08534767415680003, -0.9406907979520867, 0.7043963937093093, 0.6976632183998228, 0.3509683148743492, -0.8827295837850411, -0.1067693738356763, -0.7338916045474831, 0.7900257396996315, 0.761254899777974, 0.0722583754242545, -0.8400036163838105, 0.5659910813100297, -0.39759900775648993, -0.41418035897071853, -0.03395840717079123, -0.3202999639393638, 0.9101001018728134, 0.6227424317975794, 0.43689918186564336, 0.6245095232516416, 0.31449593009099486, 0.11256249029177907, -0.5455820353621782, 0.48486499885717904, 0.5197343734715876, -0.672781570589924, 0.30973267416610134, 0.984057525687269, -0.9413783948482594, -0.05324150328743571, 0.48459965919307635, -0.7654126364218727, -0.1682876975821191, -0.29930972873811834, 0.1584381396587744, -0.5293962523679634, 0.5803078709258271, -0.013388426951223442, -0.9689533813030649, -0.1823215029939882, -0.893498538683106, -0.4930341441208035, -0.06106069759248722, 0.6802455366654154, 0.17868409007930142, -0.6175027170259657, 0.0947076686328634, 0.7583205780233022, -0.8512851231829123, -0.3949767500233097, 0.5624639525379946, 0.4753907993647526, -0.6746669194227113, -0.7065687347510856, 0.4477832838828446, -0.8590985807035343, -0.3778515206592272, 0.9532741688789808, 0.8614997276225074, 0.2181106085914295, 0.26437078334180675, 0.18549385187230355, -0.05015685367468148, -0.46408780338616556, -0.521088197927156, -0.7073966038037967, -0.6445403487063968, 0.8309097493275066]
1019.9996337890625	(8, 12, 2)	[-0.5369954866000661, -0.12658452964252698, -0.8298337868109547, 0.017955683507051123, 0.9847483971794675, 0.9101523869832389, -0.6364259119406972, -0.0349409812512238, -0.2004141633494727, -0.14167903370185986, 0.35542789161482413, 0.5805863496630801, 0.9196094908153982, 0.9416047914745969, 0.14165853517334787, -0.9179923028797317, 0.23108362778281033, 0.37284966184464197, 0.04904999539425692, 0.8600002106736038, 0.6439761067270834, -0.07630544541501288, 0.6672773232014158, 0.6818048438718405, 0.7744827362009807, -0.7771591669428819, 0.8889372797806976, -0.20609962477285293, -1.0, 0.7800894537593812, -0.35141735413457686, 0.9865896151454135, -0.7254500416968807, -0.6434035504787894, 0.6858869971188191, -0.8825160879182776, 0.0030262177490076314, 0.6680884795547473, 0.42160047801032885, 0.5737048602625385, 0.3677415146046873, -0.15971746578611223, -0.6062754683855893, -0.9427972990021509, 0.7668200562450909, 0.6309665543231262, -0.028326484508635286, -0.8662397672035898, -0.6914639685646322, -0.04908212469971596, -0.3159750141052622, 1.0, -0.9406907979520867, 0.8537058256668102, 0.6976632183998228, 0.3509683148743492, -0.13099299199915404, -0.1067693738356763, -0.7296556751268413, 0.7900257396996315, 0.761254899777974, 0.0722583754242545, 0.6321288249460086, 0.4639865345975551, -0.4018397854442089, -0.23943414304977437, 0.11085999614777203, -0.3202999639393638, 0.9101001018728134, 0.6227424317975794, 0.43689918186564336, 0.6245095232516416, 0.31449593009099486, 0.11256249029177907, -0.5455820353621782, 0.5104648361398327, 0.5197343734715876, -0.672781570589924, 0.21791108313365276, 0.9034273188847078, -0.8753173424574512, 0.0929602878275364, 0.48459965919307635, -0.7654126364218727, -0.2916341702912082, 0.3128883280032143, 0.07884228623672977, -0.7485016796613722, 0.5803078709258271, -0.013388426951223442, -0.9689533813030649, 0.37089710447950797, 0.71863864211132, -0.4930341441208035, -0.03989176124333538, 0.6802455366654154, 0.17868409007930142, -0.44563123966557616, -0.11688378138247235, 0.5196159080117129, -0.8512851231829123, -0.3949767500233097, -1.0, -0.20603798424169267, -0.5920737700079076, -0.7065687347510856, 0.4477832838828446, -0.8764517659900475, -0.3778515206592272, 0.9532741688789808, 0.8614997276225074, 0.1359600569973048, 0.7701582921679428, 0.11806146475822099, -0.05015685367468148, -0.5074223068442636, -0.3265164844862605, -0.7073966038037967, -0.8242154690868191, 0.7044981316953316]
1019.9995727539062	(8, 12, 2)	[-0.5369954866000661, -0.12658452964252698, -0.8298337868109547, 0.017955683507051123, 0.9847483971794675, 0.9101523869832389, -0.6445112453560811, -0.0349409812512238, -0.26041933605681167, -0.14167903370185986, 0.35542789161482413, 0.545129719064851, 0.9196094908153982, 0.7857069176070219, 0.01961321639343772, -0.9179923028797317, 0.23108362778281033, 0.37284966184464197, 0.04904999539425692, 0.8600002106736038, 0.6439761067270834, -0.07630544541501288, 0.8473369349589714, 0.6818048438718405, 0.8134856393396943, -0.7771591669428819, 0.8889372797806976, -0.09639830756486782, -1.0, 0.8161125430026707, -0.35141735413457686, 0.9865896151454135, -0.653758549442562, -0.6434035504787894, 0.6858869971188191, -0.8825160879182776, 0.8332139340658677, 0.5684757524880276, -0.47012000226187756, -0.27347510622565996, 0.3677415146046873, -0.1733287735742006, -0.796576522393731, -0.9427972990021509, 0.7668200562450909, -0.7410938001315659, -0.028326484508635286, 0.618675837515577, 0.9268887777241743, 0.02492390780101511, -0.3159750141052622, 0.11321237087068847, -0.9105871633053328, 0.7043963937093093, 0.6976632183998228, 0.47840530136752596, -0.14413625520908857, -0.1067693738356763, -0.7006047082999952, -0.21599239756045918, 0.761254899777974, 0.0722583754242545, 0.6321288249460086, 0.5659910813100297, -0.4018397854442089, -0.23943414304977437, -0.03395840717079123, 0.16057702020716116, 0.9101001018728134, 0.6227424317975794, 0.4043635597681956, 0.6245095232516416, 0.31449593009099486, 0.11256249029177907, -0.8423810150336091, 0.5104648361398327, 0.6536005301517409, -0.672781570589924, 0.30973267416610134, 0.984057525687269, -0.8753173424574512, 0.2432059287842536, 0.48459965919307635, -0.5552000843036624, -0.2425538192368593, -0.29930972873811834, 0.17884548870183392, -0.7485016796613722, 0.5803078709258271, -0.013388426951223442, -0.9689533813030649, -0.1823215029939882, 0.71863864211132, -0.5244972959090954, -0.1012651363710367, 0.6544811059124717, 0.17868409007930142, -0.44563123966557616, -0.11688378138247235, 0.3792633362270119, -0.8512851231829123, -0.3949767500233097, 0.5624639525379946, 0.12467319086810108, -0.5920737700079076, -0.7481295716849613, 0.3703474013464114, -0.9219330833623238, -0.9605553301069065, 0.9532741688789808, 0.8614997276225074, 0.2181106085914295, 0.7701582921679428, -0.038527935972388155, -0.05015685367468148, -0.7277800853904683, -0.521088197927156, -0.7521904613666948, -0.8242154690868191, 0.7044981316953316]
1019.9998168945312	(8, 12, 2)	[-0.5369954866000661, -0.12658452964252698, -0.8298337868109547, 0.017955683507051123, 0.9847483971794675, 0.9101523869832389, -0.6364259119406972, -0.0349409812512238, -0.6853496421952676, -0.11152517973998079, 0.35542789161482413, 0.5805863496630801, 0.9196094908153982, 0.7857069176070219, 0.14165853517334787, -0.9179923028797317, 0.23108362778281033, 0.37284966184464197, 0.04904999539425692, 0.8600002106736038, 0.6439761067270834, 0.09372827051327709, 0.8473369349589714, 0.6818048438718405, 0.9873007087844623, -0.7771591669428819, 0.8889372797806976, -0.09639830756486782, -1.0, 0.8161125430026707, -0.35141735413457686, 0.9087389122783882, -0.653758549442562, -0.6434035504787894, 0.6923047576791822, -0.8825160879182776, -0.1452718121938589, 0.6680884795547473, 0.4824995861699647, 0.5737048602625385, -0.49167614749369143, -0.15971746578611223, -0.6647066873321101, -0.9427972990021509, 0.7668200562450909, 0.6309665543231262, -0.028326484508635286, 0.618675837515577, -0.6914639685646322, -0.04908212469971596, -0.3159750141052622, 0.6773356511312817, -0.9406907979520867, 0.7043963937093093, 0.6976632183998228, 0.3509683148743492, -0.14413625520908857, -0.1067693738356763, -0.7338916045474831, -0.1384643957288118, 0.761254899777974, 0.11895375883248076, 0.6321288249460086, 0.4639865345975551, -0.4018397854442089, -0.1704078345574765, -0.03395840717079123, -0.3202999639393638, 0.9101001018728134, 0.6227424317975794, 0.43689918186564336, 0.6245095232516416, 0.31449593009099486, 0.11256249029177907, -0.7958598516288228, 0.5104648361398327, 0.5197343734715876, -0.5870212862556734, 0.21791108313365276, 0.9034273188847078, -0.8753173424574512, 0.0929602878275364, 0.48459965919307635, -0.7007832609990234, -0.2916341702912082, -0.29930972873811834, 0.07884228623672977, -0.7245689613422084, 0.6340983447597918, -0.013388426951223442, -0.9689533813030649, 0.37089710447950797, 0.71863864211132, -0.4930341441208035, -0.03989176124333538, 0.6802455366654154, 0.17868409007930142, -0.44563123966557616, -0.11688378138247235, 0.5196159080117129, -0.12899046213693183, -0.3949767500233097, 0.5624639525379946, 0.0941556958113694, -0.5920737700079076, -0.7045003446967658, 0.4477832838828446, -0.8764517659900475, -0.3778515206592272, 0.27485623715771346, 0.8614997276225074, 0.1359600569973048, 0.7701582921679428, 0.11806146475822099, -0.05015685367468148, -0.5074223068442636, -0.521088197927156, -0.7073966038037967, -0.8242154690868191, 0.7044981316953316]
1019.9998779296875	(8, 12, 2)	[-0.5369954866000661, -0.12658452964252698, -0.8830120450061321, 0.10468885236646763, 0.9847483971794675, 0.9101523869832389, -0.6364259119406972, -0.0349409812512238, -0.27439574554805835, -0.14167903370185986, 0.35542789161482413, 0.545129719064851, 0.9187369503891165, 0.9416047914745969, 0.14165853517334787, -0.9179923028797317, 0.23108362778281033, 0.37284966184464197, 0.04904999539425692, 0.8600002106736038, 0.6439761067270834, 0.09372827051327709, 0.8473369349589714, 0.6818048438718405, 0.7744827362009807, -0.7771591669428819, 0.8889372797806976, -0.09639830756486782, -1.0, 0.8161125430026707, -0.319376566020489, 0.9865896151454135, -0.653758549442562, -0.6434035504787894, 0.6923047576791822, -0.8825160879182776, 0.8332139340658677, 0.6680884795547473, -0.47012000226187756, 0.5737048602625385, -0.49167614749369143, -0.1733287735742006, -0.9127794032051715, -0.9427972990021509, 0.7668200562450909, -0.7410938001315659, 1.0, 0.618675837515577, -0.6914639685646322, 0.6164144952097015, -0.3159750141052622, 1.0, -0.9406907979520867, 0.7043963937093093, 0.6976632183998228, 0.3509683148743492, -0.14413625520908857, -0.1067693738356763, -0.7406822718772111, -0.057355370687829366, 0.761254899777974, 0.0722583754242545, 0.6321288249460086, 0.5659910813100297, -0.39759900775648993, -0.41418035897071853, -0.03395840717079123, 0.16923458506681177, 0.9101001018728134, -0.3938945815623145, 0.43689918186564336, 0.6245095232516416, 0.31449593009099486, 0.08808205600582808, -0.5455820353621782, -0.15983425610002167, 0.5197343734715876, -0.672781570589924, 0.30973267416610134, 0.984057525687269, -0.8753173424574512, 0.0929602878275364, 0.48459965919307635, -0.7654126364218727, -0.2916341702912082, -0.29930972873811834, 0.1584381396587744, -0.7485016796613722, 0.5803078709258271, -0.013388426951223442, -0.9689533813030649, -0.1823215029939882, -0.893498538683106, -0.4930341441208035, -0.06106069759248722, 0.6802455366654154, 0.17868409007930142, -0.6175027170259657, 0.0947076686328634, 0.3792633362270119, -0.8512851231829123, -0.3949767500233097, 0.4870982882375865, 0.12467319086810108, -0.6746669194227113, -0.7065687347510856, 0.4477832838828446, -0.8590985807035343, -0.9605553301069065, 0.9532741688789808, 0.8614997276225074, 0.2181106085914295, 0.7701582921679428, 0.11806146475822099, -0.05015685367468148, -0.6337306813807897, -0.521088197927156, -0.7073966038037967, -0.8242154690868191, 0.7078729987388555]
1019.9998779296875	(8, 12, 2)	[-0.6046101547384659, -0.12658452964252698, -0.8298337868109547, 0.017955683507051123, 0.9847483971794675, 0.942746984021636, -0.6364259119406972, -0.0349409812512238, -0.26041933605681167, -0.14167903370185986, 0.35542789161482413, 0.5805863496630801, 0.9187369503891165, 0.7857069176070219, 0.14165853517334787, -1.0, 0.11844942743814403, 0.37284966184464197, 0.04904999539425692, 0.8600002106736038, 0.861046009774388, -0.07630544541501288, 0.6672773232014158, 0.6818048438718405, 0.9873007087844623, -0.7771591669428819, 0.8889372797806976, -0.09639830756486782, -1.0, 0.8161125430026707, -0.35141735413457686, 0.9865896151454135, -0.653758549442562, -0.6434035504787894, 0.4364555508778247, -0.921654857531584, 0.8332139340658677, 0.6680884795547473, -0.47012000226187756, -0.27347510622565996, 0.3677415146046873, -0.15971746578611223, -0.9127794032051715, -1.0, 0.7668200562450909, -0.7410938001315659, -0.028326484508635286, -0.8662397672035898, -0.6914639685646322, -0.04908212469971596, -0.3159750141052622, 0.6773356511312817, -0.6116606036012444, 0.7043963937093093, 0.6976632183998228, 0.3509683148743492, -0.14413625520908857, -0.1067693738356763, -0.7338916045474831, -0.21599239756045918, 0.761254899777974, 0.006238192312758309, 0.6348485616380658, 0.5659910813100297, -0.4018397854442089, -0.23943414304977437, -0.03395840717079123, 0.16923458506681177, 0.9101001018728134, 0.6227424317975794, 0.43689918186564336, 0.6245095232516416, 0.31449593009099486, 0.11256249029177907, -0.6546721845147104, 0.5104648361398327, 0.6536005301517409, -0.672781570589924, 0.30973267416610134, 0.9034273188847078, -0.8753173424574512, 0.2432059287842536, 0.48459965919307635, -0.7654126364218727, -0.2916341702912082, -0.29930972873811834, 0.17884548870183392, -0.7485016796613722, 0.5803078709258271, -0.013388426951223442, -0.9689533813030649, -0.1823215029939882, 0.71863864211132, -0.5244972959090954, 0.0800208185275112, 0.6544811059124717, 0.8249649018871124, -0.44563123966557616, -0.11688378138247235, 0.7583205780233022, -0.8512851231829123, -0.3949767500233097, 0.558533436410347, 0.12467319086810108, -0.5920737700079076, -0.40664529811940686, 0.4477832838828446, -0.8764517659900475, -0.8702621146182641, 0.9532741688789808, 0.8614997276225074, 0.2200582130084366, 0.7701582921679428, -0.038527935972388155, -0.05015685367468148, -0.46408780338616556, -0.521088197927156, -0.7521904613666948, -0.8242154690868191, 0.8309097493275066]
1019.99951171875	(8, 12, 2)	[-0.6046101547384659, -0.10497428720312128, -0.8298337868109547, 0.017955683507051123, 0.9847483971794675, 0.942746984021636, -0.6364259119406972, -0.0349409812512238, -0.2004141633494727, -0.11152517973998079, 0.35542789161482413, 0.5805863496630801, 0.9196094908153982, 0.8721206049042256, 0.14165853517334787, -0.9179923028797317, 0.23108362778281033, 0.08509206312754945, 0.04904999539425692, 0.8600002106736038, 0.6439761067270834, -0.07630544541501288, 0.6672773232014158, 0.7546680878382581, 0.9873007087844623, -0.7771591669428819, 0.8889372797806976, -0.09639830756486782, -1.0, 0.7800894537593812, -0.35141735413457686, 0.9865896151454135, -0.652463867896345, -0.6434035504787894, 0.4364555508778247, -0.8369722675799927, 0.0030262177490076314, 0.6680884795547473, 0.42160047801032885, 0.5737048602625385, 0.18303084165551736, -0.15971746578611223, -0.6647066873321101, -0.9427972990021509, 0.7668200562450909, 0.6309665543231262, -0.15577400574473485, -0.8662397672035898, -0.6914639685646322, -0.10443194345099902, -0.3159750141052622, 1.0, -0.9406907979520867, 0.7043963937093093, 0.6976632183998228, 0.3509683148743492, -0.14413625520908857, -0.15505898908059, -0.6760207356025059, 0.06810545141867033, 0.761254899777974, 0.0722583754242545, 0.6321288249460086, 0.54641098931007, -0.39759900775648993, -0.41418035897071853, -0.03395840717079123, 0.16923458506681177, 0.9101001018728134, 0.6227424317975794, 0.43689918186564336, 0.6245095232516416, 0.31449593009099486, 0.11256249029177907, -0.6546721845147104, 0.48486499885717904, 0.5197343734715876, -0.672781570589924, 0.30973267416610134, 0.9034273188847078, -0.8753173424574512, -0.05324150328743571, 0.48459965919307635, -0.5552000843036624, -0.2916341702912082, -0.5266226594413055, 0.1584381396587744, -0.7485016796613722, 0.6340983447597918, -0.013388426951223442, -0.9689533813030649, 0.37089710447950797, 0.71863864211132, -0.4930341441208035, -0.03989176124333538, 0.6802455366654154, 0.17868409007930142, -0.44563123966557616, 0.0947076686328634, 0.5196159080117129, -0.23004238544082556, -0.3949767500233097, 0.5624639525379946, 0.37321312592545614, -0.5920737700079076, -0.5482827349702516, 0.4477832838828446, -0.8764517659900475, -0.3778515206592272, 0.9532741688789808, 0.8614997276225074, 0.1359600569973048, 0.7701582921679428, -0.8921721568999437, -0.05015685367468148, -0.46408780338616556, -0.521088197927156, -0.7073966038037967, -0.8242154690868191, 0.8309097493275066]
1019.9995727539062	(8, 12, 2)	[0.41658245225504875, -0.12658452964252698, -0.8298337868109547, 0.15992283140272645, 0.959946735575889, 0.942746984021636, -0.6364259119406972, -0.0349409812512238, -0.6853496421952676, -0.14167903370185986, 0.35542789161482413, 0.545129719064851, 0.9790786017870923, 0.7857069176070219, 0.01961321639343772, -0.8952785589318755, 0.23108362778281033, 0.37284966184464197, 0.04904999539425692, 0.8600002106736038, 0.6439761067270834, 0.09372827051327709, 0.6672773232014158, 0.6818048438718405, 0.7744827362009807, -0.7771591669428819, 0.8889372797806976, -0.09639830756486782, -1.0, 0.8161125430026707, -0.35141735413457686, 0.9865896151454135, -0.653758549442562, -0.6434035504787894, 0.6858869971188191, -0.8825160879182776, -0.35194650690864915, 0.5054220495751707, -0.47012000226187756, -0.27347510622565996, -0.49167614749369143, -0.15971746578611223, -0.6647066873321101, -0.9427972990021509, 0.7810064505580419, 0.6309665543231262, -0.028326484508635286, -0.7454063824038726, -0.6914639685646322, 0.6164144952097015, -0.3159750141052622, 0.6773356511312817, -0.9406907979520867, 0.7043963937093093, 0.6976632183998228, 0.3509683148743492, -0.06885426842376333, -0.1067693738356763, -0.7338916045474831, -0.1384643957288118, 0.761254899777974, 0.2763318118005707, 0.6348485616380658, 0.5659910813100297, -0.2847197075163974, -0.23943414304977437, -0.03395840717079123, -0.3202999639393638, 0.9101001018728134, -0.3938945815623145, 0.43689918186564336, 0.6245095232516416, 0.31449593009099486, 0.11256249029177907, -0.6546721845147104, 0.48486499885717904, 0.5197343734715876, -0.7550186708691159, 0.4697840215363027, 0.984057525687269, -0.8753173424574512, 0.0929602878275364, 0.48459965919307635, -0.7654126364218727, -0.2916341702912082, -0.29930972873811834, 0.1584381396587744, -0.7485016796613722, 0.5803078709258271, -0.013388426951223442, -0.9689533813030649, -0.1823215029939882, 0.71863864211132, -0.4930341441208035, 0.0800208185275112, 0.6544811059124717, 0.8249649018871124, -0.6177454186479948, -0.2556787008769732, 0.7583205780233022, -0.23004238544082556, -0.3949767500233097, -1.0, 0.4753907993647526, -0.5920737700079076, -0.7065687347510856, 0.3703474013464114, -0.8764517659900475, -0.3778515206592272, 0.3457203690863192, 0.8614997276225074, 0.1359600569973048, 0.26437078334180675, -0.038527935972388155, -0.05015685367468148, -0.46408780338616556, -0.521088197927156, -0.7521904613666948, -0.8242154690868191, 0.8309097493275066]
1019.9998168945312	(8, 12, 2)	[-0.6046101547384659, -0.12658452964252698, -0.8298337868109547, 0.017955683507051123, 0.9847483971794675, 0.942746984021636, -0.6364259119406972, -0.0349409812512238, -0.6853496421952676, -0.14167903370185986, 0.35542789161482413, 0.5805863496630801, 0.9187369503891165, 0.7857069176070219, 0.08917926437919146, -0.9179923028797317, 0.11844942743814403, 0.37284966184464197, 0.04904999539425692, 0.8809807733513283, 0.861046009774388, -0.07630544541501288, 0.6672773232014158, 0.6818048438718405, 0.8134856393396943, -0.7771591669428819, 0.8889372797806976, -0.09639830756486782, -1.0, 0.8161125430026707, -0.35141735413457686, 0.9865896151454135, -0.653758549442562, -0.6434035504787894, 0.6858869971188191, -0.921654857531584, 0.8332139340658677, 0.6680884795547473, -0.47012000226187756, -0.27347510622565996, 0.2626280912153719, -0.040226182193068324, -0.9127794032051715, -0.9427972990021509, 0.5864388483336481, 0.7261215807654661, -0.028326484508635286, -0.8662397672035898, -0.6914639685646322, -0.04908212469971596, -0.3159750141052622, 0.6773356511312817, -0.9105871633053328, 0.7043963937093093, 0.6976632183998228, 0.45671100040183005, -0.14413625520908857, -0.1067693738356763, -0.7338916045474831, -0.21599239756045918, 0.7767004033357586, 0.11895375883248076, 0.6348485616380658, 0.5659910813100297, -0.2847197075163974, -0.23943414304977437, -0.03395840717079123, 0.16923458506681177, 0.9101001018728134, 0.6227424317975794, 0.43689918186564336, 0.6082490551170483, 0.31449593009099486, 0.11256249029177907, -0.6546721845147104, 0.488772190086015, 0.6536005301517409, -0.7550186708691159, 0.30973267416610134, 0.9034273188847078, -0.8753173424574512, -0.05324150328743571, 0.48459965919307635, -0.5552000843036624, -0.2916341702912082, -0.29930972873811834, 0.07884228623672977, -0.7485016796613722, 0.5803078709258271, -0.013388426951223442, -0.9689533813030649, -0.1823215029939882, 0.6248616754737506, -0.4930341441208035, -0.06106069759248722, 0.6802455366654154, 0.17868409007930142, -0.44563123966557616, 0.0947076686328634, 0.3792633362270119, -0.23004238544082556, -0.3949767500233097, -1.0, 0.12467319086810108, -0.5920737700079076, -0.40664529811940686, 0.3703474013464114, -0.8764517659900475, -0.3778515206592272, 0.9532741688789808, 0.8614997276225074, 0.1359600569973048, 0.7701582921679428, -0.038527935972388155, -0.05015685367468148, -0.46408780338616556, -0.521088197927156, -0.7073966038037967, -0.8242154690868191, 0.7044981316953316]
1019.999755859375	(8, 12, 2)	[-0.6046101547384659, -0.12466660650484791, -0.8298337868109547, 0.017955683507051123, 0.9847483971794675, 0.942746984021636, -0.5189468263001751, -0.0349409812512238, -0.6853496421952676, -0.14167903370185986, 0.35542789161482413, 0.5805863496630801, 0.9187369503891165, 0.7857069176070219, 0.08917926437919146, -0.9179923028797317, 0.23108362778281033, 0.37284966184464197, 0.04904999539425692, 0.8600002106736038, 0.6439761067270834, 0.09372827051327709, 0.8473369349589714, 0.6818048438718405, 1.0, -0.7771591669428819, 0.8889372797806976, -0.09639830756486782, -1.0, 0.8161125430026707, -0.35141735413457686, 0.9865896151454135, -0.7292824899449257, -0.6434035504787894, 0.6858869971188191, -0.8825160879182776, 0.8332139340658677, 0.5684757524880276, -0.47012000226187756, -0.27347510622565996, -0.49167614749369143, -0.1733287735742006, -0.4853445189832565, -0.9427972990021509, 0.5864388483336481, -0.7410938001315659, -0.028326484508635286, -0.8662397672035898, -0.6914639685646322, -0.04908212469971596, -0.3159750141052622, 1.0, -0.9105871633053328, 0.7043963937093093, 0.6976632183998228, 0.3509683148743492, -0.8827295837850411, -0.1067693738356763, -0.7338916045474831, -0.21599239756045918, 0.761254899777974, 0.0722583754242545, 0.6321288249460086, 0.5659910813100297, -0.2847197075163974, -0.23943414304977437, -0.03395840717079123, 0.16923458506681177, 0.9101001018728134, 0.6227424317975794, 0.43689918186564336, 0.6245095232516416, 0.31449593009099486, 0.11256249029177907, -0.7186928359691257, 0.488772190086015, 0.5197343734715876, -0.7550186708691159, 0.30973267416610134, 0.9034273188847078, -0.8753173424574512, 0.0929602878275364, 0.48459965919307635, -0.5552000843036624, -0.2916341702912082, -0.29930972873811834, 0.1584381396587744, -0.7485016796613722, 0.5803078709258271, -0.013388426951223442, -0.9689533813030649, -0.1823215029939882, 0.71863864211132, -0.4930341441208035, -0.06106069759248722, 0.6802455366654154, 0.8249649018871124, -0.44563123966557616, 0.28123705167768487, 0.3792633362270119, -0.23004238544082556, -0.3949767500233097, 0.558533436410347, 0.4753907993647526, -0.5920737700079076, -0.5482827349702516, 0.3703474013464114, -0.8764517659900475, -0.9605553301069065, 0.9532741688789808, 0.8614997276225074, 0.1359600569973048, 0.26437078334180675, -0.038527935972388155, -0.05015685367468148, -0.46408780338616556, -0.521088197927156, -0.7521904613666948, -0.8242154690868191, 0.7044981316953316]
1019.9998779296875	(8, 12, 2)	[-0.5369954866000661, -0.10497428720312128, -0.8298337868109547, 0.017955683507051123, 0.9847483971794675, 0.9101523869832389, -0.6364259119406972, 0.07084341100248931, -0.26041933605681167, -0.14167903370185986, 0.35542789161482413, 0.545129719064851, 0.9196094908153982, 0.7847712003035808, 0.08917926437919146, -0.9179923028797317, 0.23108362778281033, 0.37284966184464197, 0.04904999539425692, 0.8600002106736038, 0.6439761067270834, 0.09372827051327709, 0.8473369349589714, 0.6818048438718405, 0.7744827362009807, -0.7771591669428819, 0.8207088597346259, -0.09639830756486782, -1.0, -0.24382870285626684, -0.35141735413457686, 0.9865896151454135, -0.7083560550039258, -0.6434035504787894, 0.6858869971188191, -0.8369722675799927, 0.8332139340658677, 0.6680884795547473, -0.47012000226187756, 0.5737048602625385, 0.5527416588409713, -0.15971746578611223, -0.6647066873321101, -0.9427972990021509, 0.5864388483336481, 0.6309665543231262, -0.028326484508635286, 0.618675837515577, -0.6914639685646322, 0.02492390780101511, -0.3159750141052622, 0.11321237087068847, -0.6116606036012444, 0.7043963937093093, 0.6976632183998228, 0.3509683148743492, -0.06885426842376333, -0.12337481458011954, -0.7338916045474831, -0.21599239756045918, 0.761254899777974, 0.0722583754242545, 0.6321288249460086, 0.6360955574945972, -0.187715345639986, -0.41418035897071853, -0.03395840717079123, 0.16923458506681177, 0.9101001018728134, -0.3938945815623145, 0.43689918186564336, 0.6008938173713959, 0.31449593009099486, 0.11256249029177907, -0.6160095591560781, 0.5104648361398327, 0.5197343734715876, -0.672781570589924, 0.30973267416610134, 0.984057525687269, -0.8753173424574512, -0.05324150328743571, 0.48459965919307635, -0.5552000843036624, 0.9068329895667, -0.5266226594413055, 0.1584381396587744, -0.7485016796613722, 0.5803078709258271, -0.013388426951223442, -0.9689533813030649, -0.23187971469532775, 0.71863864211132, -0.4930341441208035, -0.06106069759248722, 0.6802455366654154, 0.17868409007930142, -0.6175027170259657, 0.04907498414818755, 0.5196159080117129, -0.23004238544082556, -0.3949767500233097, -1.0, 0.12467319086810108, -0.5920737700079076, -0.5482827349702516, 0.4477832838828446, -0.8764517659900475, -0.3778515206592272, 0.9532741688789808, 0.7161297247025117, 0.2181106085914295, 0.7701582921679428, -0.038527935972388155, -0.05015685367468148, -0.46408780338616556, -0.521088197927156, -0.7521904613666948, -0.8242154690868191, 0.7078729987388555]
1019.9998168945312	(8, 12, 2)	[-0.5369954866000661, -0.10497428720312128, -0.8830120450061321, 0.017955683507051123, 0.9847483971794675, 0.942746984021636, -0.6364259119406972, -0.0349409812512238, -0.6853496421952676, -0.14167903370185986, 0.35542789161482413, 0.545129719064851, 0.9187369503891165, 0.7857069176070219, 0.14165853517334787, -0.9366021469668038, 0.11844942743814403, 0.4770066928466728, 0.04904999539425692, 0.8600002106736038, 0.8663434060071815, -0.07630544541501288, 0.8473369349589714, 0.6818048438718405, 0.8134856393396943, -0.7771591669428819, 0.8889372797806976, -0.09639830756486782, -1.0, 0.8161125430026707, -0.35141735413457686, 0.9865896151454135, -0.653758549442562, -0.6434035504787894, 0.6923047576791822, -0.8369722675799927, 0.8332139340658677, 0.6680884795547473, -0.47012000226187756, -0.27347510622565996, 0.38161432175540305, -0.1733287735742006, -0.6647066873321101, -0.9427972990021509, 0.5864388483336481, 0.7261215807654661, -0.028326484508635286, -0.8662397672035898, -0.6914639685646322, -0.04908212469971596, -0.3159750141052622, 0.6773356511312817, -0.6116606036012444, 0.7043963937093093, 0.6976632183998228, 0.47840530136752596, -0.14413625520908857, -0.15505898908059, -0.7338916045474831, -0.21599239756045918, 0.761254899777974, 0.0722583754242545, 0.6348485616380658, 0.5659910813100297, -0.2847197075163974, -0.41418035897071853, -0.05585979290373444, 0.16923458506681177, 0.9101001018728134, 0.6227424317975794, 0.43689918186564336, 0.6082490551170483, 0.31449593009099486, 0.11256249029177907, -0.6546721845147104, 0.5104648361398327, 0.5197343734715876, -0.6486779420347277, 0.30973267416610134, 0.984057525687269, -0.8753173424574512, 0.0929602878275364, 0.48459965919307635, -0.7654126364218727, -0.30194137097076595, -0.29930972873811834, 0.1584381396587744, -0.7485016796613722, 0.6597892908426478, -0.013388426951223442, -0.9689533813030649, -0.1823215029939882, 0.71863864211132, -0.4930341441208035, -0.06106069759248722, 0.6802455366654154, 0.8249649018871124, -0.6175027170259657, -0.11688378138247235, 0.5196159080117129, -0.23004238544082556, -0.3949767500233097, -1.0, 0.12467319086810108, -0.6746669194227113, -0.7065687347510856, 0.3703474013464114, -0.8764517659900475, -0.3778515206592272, 0.9532741688789808, 0.8380647182758674, 0.1359600569973048, 0.7701582921679428, -0.038527935972388155, 0.10492709455616908, -0.42937586241888004, -0.521088197927156, -0.7521904613666948, -0.8242154690868191, 0.7044981316953316]
1019.9998168945312	(8, 12, 2)	[-0.5369954866000661, -0.12658452964252698, -0.8298337868109547, 0.017955683507051123, 0.9847483971794675, 0.942746984021636, -0.6364259119406972, -0.0349409812512238, -0.2004141633494727, -0.14167903370185986, 0.25445534006254367, 0.5805863496630801, 0.9790786017870923, 0.7857069176070219, 0.08917926437919146, -0.9179923028797317, 0.23108362778281033, 0.37284966184464197, 0.04904999539425692, 0.8600002106736038, 0.861046009774388, -0.07630544541501288, 0.8473369349589714, 0.7546680878382581, 0.7744827362009807, -0.7771591669428819, 0.8889372797806976, -0.09639830756486782, -1.0, 0.7800894537593812, -0.35141735413457686, 0.9087389122783882, -0.653758549442562, -0.6434035504787894, 0.6858869971188191, -0.8825160879182776, 0.8332139340658677, 0.5684757524880276, -0.47012000226187756, -0.27347510622565996, -0.5274478544477004, -0.15971746578611223, -0.9127794032051715, -0.9427972990021509, 0.7668200562450909, 0.7261215807654661, -0.028326484508635286, -0.5893135997955385, 0.9268887777241743, -0.04908212469971596, -0.3159750141052622, 0.6773356511312817, -0.9406907979520867, 0.7043963937093093, 0.6976632183998228, 0.45671100040183005, -0.8827295837850411, -0.1067693738356763, -0.7338916045474831, -0.08456137206775986, 0.761254899777974, 0.0722583754242545, 0.6321288249460086, 0.5659910813100297, -0.2847197075163974, -0.32626577763600223, -0.03395840717079123, 0.16923458506681177, 0.9101001018728134, 0.6227424317975794, 0.43689918186564336, 0.6245095232516416, 0.31449593009099486, 0.2424119953399001, -0.6546721845147104, 0.5104648361398327, 0.5197343734715876, -0.5215108141507531, 0.30973267416610134, 0.9034273188847078, -0.8753173424574512, 0.0929602878275364, 0.48459965919307635, -0.7351805458307892, -0.2916341702912082, -0.5266226594413055, 0.1584381396587744, -0.7485016796613722, 0.5803078709258271, -0.013388426951223442, -0.9689533813030649, 0.37089710447950797, 0.7569939229007805, -0.4930341441208035, -0.03989176124333538, 0.6802455366654154, 0.17868409007930142, -0.6175027170259657, 0.0947076686328634, 0.3792633362270119, -0.8512851231829123, -0.3949767500233097, 0.5624639525379946, 0.19930778787039347, -0.6746669194227113, -0.5001725721664041, 0.7135839804225933, -0.8764517659900475, -0.8702621146182641, 0.9532741688789808, 0.8614997276225074, 0.1359600569973048, 0.7701582921679428, -0.038527935972388155, -0.09087527105383031, -0.5337158330052416, -0.521088197927156, -0.7073966038037967, -0.8242154690868191, 0.7078729987388555]
1019.9999389648438	(8, 12, 2)	[-0.6046101547384659, -0.10497428720312128, -0.8298337868109547, 0.017955683507051123, 0.9847483971794675, 0.9101523869832389, -0.6445112453560811, 0.04906509666292613, -0.6853496421952676, -0.14167903370185986, 0.35542789161482413, 0.5805863496630801, 1.0, 0.7847712003035808, 0.01961321639343772, -0.9179923028797317, 0.23108362778281033, 0.37284966184464197, 0.04904999539425692, 0.8600002106736038, 0.6439761067270834, 0.09372827051327709, 0.8473369349589714, 0.6818048438718405, 0.9873007087844623, -0.7771591669428819, 0.8889372797806976, -0.09639830756486782, -1.0, 0.8161125430026707, -0.319376566020489, 0.9087389122783882, -0.7083560550039258, -0.6434035504787894, 0.6923047576791822, -0.8369722675799927, 0.3561308244811354, 0.6680884795547473, -0.47012000226187756, 0.5737048602625385, 0.38161432175540305, -0.1733287735742006, -0.6647066873321101, -0.9427972990021509, 0.5864388483336481, 0.7261215807654661, -0.028326484508635286, -0.8662397672035898, -0.6914639685646322, 0.6164144952097015, -0.3159750141052622, 0.6773356511312817, -0.9105871633053328, 0.7043963937093093, 0.6976632183998228, 0.3509683148743492, -0.14413625520908857, -0.1067693738356763, -0.7338916045474831, -0.057355370687829366, 0.761254899777974, 0.0722583754242545, 0.6321288249460086, 0.54641098931007, -0.2847197075163974, -0.23943414304977437, -0.03395840717079123, 0.16923458506681177, 0.9101001018728134, -0.3938945815623145, 0.43689918186564336, 0.6245095232516416, 0.31449593009099486, 0.11256249029177907, -0.6546721845147104, 0.5104648361398327, 0.5527024442641641, -0.672781570589924, 0.30973267416610134, 0.984057525687269, -0.8753173424574512, 0.0929602878275364, 0.48459965919307635, -0.5621083104312242, 0.9068329895667, -0.29930972873811834, 0.07884228623672977, -0.7485016796613722, 0.5803078709258271, -0.013388426951223442, -0.9689533813030649, -0.23187971469532775, 0.71863864211132, -0.6192086411579911, -0.06106069759248722, 0.6802455366654154, 0.124589664743157, -0.44563123966557616, 0.08469224333029472, 0.3792633362270119, -0.23004238544082556, -0.3949767500233097, 0.49743417560178727, 0.4753907993647526, -0.6746669194227113, -0.5482827349702516, 0.4477832838828446, -0.8764517659900475, -0.3778515206592272, 0.9532741688789808, 0.8614997276225074, 0.1359600569973048, 0.7701582921679428, 0.11806146475822099, -0.05015685367468148, -0.46408780338616556, -0.521088197927156, -0.7073966038037967, -0.8242154690868191, 0.8309097493275066]
1019.9998779296875	(8, 12, 2)	[-0.5369954866000661, -0.12658452964252698, -0.8298337868109547, 0.25282227091977516, 0.9847483971794675, 0.9101523869832389, -0.6445112453560811, 0.04906509666292613, -0.2004141633494727, -0.14167903370185986, 0.35542789161482413, 0.545129719064851, 0.9196094908153982, 0.7857069176070219, 0.14165853517334787, -0.9179923028797317, 0.23108362778281033, 0.37284966184464197, 0.004637839514541248, 0.8600002106736038, 0.861046009774388, 0.09372827051327709, 0.6672773232014158, 0.6818048438718405, 0.7744827362009807, -0.7771591669428819, 0.8889372797806976, -0.09639830756486782, -1.0, 0.7800894537593812, -0.35141735413457686, 0.9865896151454135, -0.653758549442562, -0.6434035504787894, 0.6923047576791822, -0.8825160879182776, 0.3561308244811354, 0.6680884795547473, 0.4824995861699647, -0.2835443437792864, 0.38161432175540305, -0.15971746578611223, -0.6647066873321101, -0.9427972990021509, 0.7668200562450909, 0.6309665543231262, -0.028326484508635286, -0.8662397672035898, -0.7742399194029448, -0.14298319433747486, -0.17750580101279526, 0.6773356511312817, -0.9406907979520867, 0.7043963937093093, 0.6976632183998228, 0.41579790468938616, -0.06885426842376333, -0.1067693738356763, -0.7338916045474831, 0.7900257396996315, 0.761254899777974, 0.0722583754242545, 0.6321288249460086, 0.6360955574945972, -0.2847197075163974, -0.23943414304977437, -0.03395840717079123, -0.3202999639393638, 0.9540942697771756, -0.3938945815623145, 0.43689918186564336, 0.6245095232516416, 0.31449593009099486, 0.11256249029177907, -0.6546721845147104, 0.48486499885717904, 0.5197343734715876, -0.672781570589924, 0.21791108313365276, 0.9034273188847078, -0.8753173424574512, 0.0929602878275364, 0.47083526717877994, -0.7654126364218727, 0.9068329895667, -0.29930972873811834, 0.1584381396587744, -0.7485016796613722, 0.5803078709258271, -0.013388426951223442, -0.9161756987306584, -0.1823215029939882, 0.7569939229007805, -0.4930341441208035, -0.06106069759248722, 0.6802455366654154, 0.17868409007930142, -0.6175027170259657, 0.0947076686328634, 0.5196159080117129, -0.23004238544082556, -0.3949767500233097, 0.4870982882375865, 0.12467319086810108, -0.5920737700079076, -0.6675793107853278, 0.3703474013464114, -0.8590985807035343, -0.9605553301069065, 0.9532741688789808, 0.8380647182758674, 0.1359600569973048, 0.7701582921679428, -0.8921721568999437, -0.05015685367468148, -0.46408780338616556, -0.521088197927156, -0.7521904613666948, -0.8242154690868191, 0.7044981316953316]
1019.9989013671875	(8, 12, 2)	[-0.6046101547384659, -0.10497428720312128, -0.8298337868109547, 0.017955683507051123, 0.9847483971794675, 0.942746984021636, -0.6364259119406972, -0.0349409812512238, -0.2004141633494727, -0.14167903370185986, 0.35542789161482413, 0.5805863496630801, 0.9196094908153982, 0.7857069176070219, 0.14165853517334787, -0.9179923028797317, 0.2833126915337248, 0.32703827931812496, 0.04904999539425692, 0.8600002106736038, 0.861046009774388, -0.07630544541501288, 0.6672773232014158, 0.7546680878382581, 0.7744827362009807, -0.7771591669428819, 0.8889372797806976, -0.09639830756486782, -1.0, 0.7800894537593812, -0.35141735413457686, 0.9865896151454135, -0.653758549442562, -0.6434035504787894, 0.6858869971188191, -0.8369722675799927, 0.8332139340658677, 0.5684757524880276, -0.47012000226187756, -0.3404446909033947, -0.49167614749369143, -0.15971746578611223, -0.6647066873321101, -0.9427972990021509, 0.5864388483336481, 0.6309665543231262, -0.028326484508635286, -0.7454063824038726, 0.7679548355852381, -0.14298319433747486, -0.3159750141052622, 0.6773356511312817, -0.9406907979520867, 0.7043963937093093, 0.6976632183998228, 0.47840530136752596, -0.8827295837850411, -0.1067693738356763, -0.7338916045474831, -0.057355370687829366, 0.761254899777974, 0.0722583754242545, 0.6348485616380658, 0.5659910813100297, -0.2847197075163974, -0.16686020720582329, -0.05585979290373444, 0.16923458506681177, 0.9101001018728134, -0.3938945815623145, 0.4043635597681956, 0.6245095232516416, 0.31449593009099486, 0.2424119953399001, -0.6546721845147104, 0.48486499885717904, 0.5197343734715876, -0.672781570589924, 0.47843320301654463, 0.984057525687269, -0.8753173424574512, 0.0929602878275364, 0.48459965919307635, -0.7351805458307892, -0.19837800643860548, -0.29930972873811834, 0.17884548870183392, -0.7485016796613722, 0.5803078709258271, -0.013388426951223442, -0.9161756987306584, 0.37089710447950797, 0.71863864211132, -0.4930341441208035, -0.06106069759248722, 0.6544811059124717, 0.8249649018871124, -0.6175027170259657, 0.0947076686328634, 0.2839521491025533, -0.23004238544082556, -0.4472603884847372, 0.558533436410347, 0.12467319086810108, -0.5920737700079076, -0.7065687347510856, 0.4477832838828446, -0.8067546929114687, -0.3778515206592272, 0.9532741688789808, 0.8614997276225074, 0.1359600569973048, 0.7701582921679428, -0.038527935972388155, -0.05015685367468148, -0.46408780338616556, -0.521088197927156, -0.7521904613666948, -0.8242154690868191, 0.7044981316953316]
1019.999755859375	(8, 12, 2)	[-0.5369954866000661, -0.12658452964252698, -0.8298337868109547, 0.017955683507051123, 0.9847483971794675, 0.9101523869832389, -0.5189468263001751, 0.04906509666292613, -0.2509998766342536, -0.22662417396458634, 0.35542789161482413, 0.5805863496630801, 0.9790786017870923, 0.7857069176070219, 0.14165853517334787, -0.7565630446862953, 0.23108362778281033, 0.37284966184464197, 0.04904999539425692, 0.8809807733513283, 0.861046009774388, 0.09372827051327709, 0.8473369349589714, 0.7856523756378782, 0.8134856393396943, -0.7771591669428819, 0.8889372797806976, -0.09639830756486782, -1.0, 0.7800894537593812, -0.35141735413457686, 0.974100084441868, -0.653758549442562, -0.6434035504787894, 0.6858869971188191, -0.8369722675799927, 0.8332139340658677, 0.6680884795547473, -0.47012000226187756, -0.27347510622565996, 0.5309863196556366, -0.15971746578611223, -0.9127794032051715, -0.9427972990021509, 0.6127486461682106, 0.6241294538651285, 0.032039449388373845, -0.8662397672035898, -0.6914639685646322, -0.15017031763393013, -0.17750580101279526, 1.0, -0.9853191911127898, 0.7043963937093093, 0.6976632183998228, 0.3509683148743492, -0.06885426842376333, -0.15505898908059, -0.7338916045474831, -0.057355370687829366, 0.761254899777974, 0.0722583754242545, 0.6321288249460086, 0.6360955574945972, -0.39759900775648993, -0.23943414304977437, -0.03395840717079123, 0.16923458506681177, 0.9101001018728134, 0.6227424317975794, 0.4043635597681956, 0.6245095232516416, 0.31449593009099486, 0.11256249029177907, -0.6546721845147104, 0.48486499885717904, 0.5197343734715876, -0.672781570589924, 0.34058219362767816, 0.9034273188847078, -0.8753173424574512, -0.11605494281950529, 0.47083526717877994, -0.7654126364218727, -0.19837800643860548, -0.5266226594413055, 0.17884548870183392, -0.6968521803596401, 0.5803078709258271, -0.013388426951223442, -0.9689533813030649, -0.1823215029939882, 0.6248616754737506, -0.5244972959090954, -0.03989176124333538, 0.6802455366654154, 0.8249649018871124, -0.44563123966557616, 0.0947076686328634, 0.5196159080117129, -0.23004238544082556, -0.3949767500233097, 0.4870982882375865, 0.41385905925424005, -0.6746669194227113, -0.5482827349702516, 0.3703474013464114, -0.8764517659900475, -0.3778515206592272, 0.9532741688789808, 0.8614997276225074, 0.1359600569973048, 0.7701582921679428, -0.038527935972388155, -0.05015685367468148, -0.46408780338616556, -0.521088197927156, -0.7521904613666948, -0.8242154690868191, 0.7044981316953316]
1019.9996948242188	(8, 12, 2)	[-0.5369954866000661, -0.10497428720312128, -0.8298337868109547, 0.017955683507051123, 0.9847483971794675, 0.942746984021636, -0.6445112453560811, 0.04906509666292613, -0.6853496421952676, -0.14167903370185986, 0.35542789161482413, 0.5805863496630801, 1.0, 0.7847712003035808, 0.14165853517334787, -0.9179923028797317, 0.10885063873996001, 0.37284966184464197, 0.04904999539425692, 0.8809807733513283, 0.861046009774388, -0.07630544541501288, 0.8473369349589714, 0.6818048438718405, 0.9873007087844623, -0.7771591669428819, 0.8889372797806976, -0.09639830756486782, -1.0, 0.7800894537593812, -0.35141735413457686, 0.9087389122783882, -0.652463867896345, -0.6340783282013526, 0.6858869971188191, -0.8369722675799927, 0.3561308244811354, 0.6680884795547473, 0.42160047801032885, -0.27347510622565996, 0.3677415146046873, -0.15971746578611223, -0.9127794032051715, -1.0, 0.7810064505580419, -0.7410938001315659, 0.032039449388373845, -0.8662397672035898, -0.6914639685646322, 0.6164144952097015, -0.3159750141052622, 1.0, -0.9105871633053328, 0.7043963937093093, 0.6976632183998228, 0.3509683148743492, -0.8827295837850411, -0.1067693738356763, -0.7338916045474831, -0.21599239756045918, 0.761254899777974, 0.0722583754242545, 0.6321288249460086, 0.6360955574945972, -0.2847197075163974, -0.23943414304977437, -0.03395840717079123, 0.16923458506681177, 0.9101001018728134, 0.6227424317975794, 0.43689918186564336, 0.6245095232516416, 0.31449593009099486, 0.11256249029177907, -0.6546721845147104, 0.48486499885717904, 0.5197343734715876, -0.672781570589924, 0.30973267416610134, 0.984057525687269, -0.7888165986536183, 0.0929602878275364, 0.48459965919307635, -0.7654126364218727, -0.19837800643860548, -0.5266226594413055, 0.1584381396587744, -0.6968521803596401, 0.5803078709258271, -0.013388426951223442, -0.9689533813030649, -0.23187971469532775, 0.7569939229007805, -0.6192086411579911, -0.06106069759248722, 0.6544811059124717, 0.1739326090047226, -0.6175027170259657, -0.11688378138247235, 0.3792633362270119, -0.24828197592120532, -0.3949767500233097, 0.5624639525379946, 0.4753907993647526, -0.5920737700079076, -0.5482827349702516, 0.3703474013464114, -0.8764517659900475, -0.8702621146182641, 0.9532741688789808, 0.8614997276225074, 0.1359600569973048, 0.7701582921679428, 0.11806146475822099, -0.24094177167896613, -0.46408780338616556, -0.5447010637157592, -0.7521904613666948, -0.8242154690868191, 0.7044981316953316]
1019.9996948242188	(8, 12, 2)	[-0.5369954866000661, -0.12658452964252698, -0.8298337868109547, 0.017955683507051123, 0.9847483971794675, 0.942746984021636, -0.5189468263001751, 0.04906509666292613, -0.6853496421952676, -0.22662417396458634, 0.25445534006254367, 0.5805863496630801, 0.9790786017870923, 0.7857069176070219, 0.14165853517334787, -0.9179923028797317, 0.23108362778281033, 0.37284966184464197, 0.04904999539425692, 0.8809807733513283, 0.861046009774388, 0.1948080332530968, 0.8473369349589714, 0.7856523756378782, 0.9873007087844623, -0.7771591669428819, 0.8889372797806976, -0.09639830756486782, -1.0, 0.8161125430026707, -0.35141735413457686, 0.9865896151454135, -0.653758549442562, -0.6605126429732852, 0.6923047576791822, -0.8369722675799927, 0.8332139340658677, 0.6680884795547473, 0.42160047801032885, -0.27347510622565996, 0.5527416588409713, -0.15971746578611223, -0.6647066873321101, -0.9427972990021509, 0.6127486461682106, 0.6241294538651285, -0.028326484508635286, -0.8662397672035898, -0.6914639685646322, 0.6164144952097015, -0.17750580101279526, 1.0, -0.9105871633053328, 0.7043963937093093, 0.6976632183998228, 0.3509683148743492, -0.06885426842376333, -0.15505898908059, -0.7338916045474831, -0.057355370687829366, 0.761254899777974, 0.0722583754242545, 0.6321288249460086, 0.6360955574945972, -0.39759900775648993, -0.23943414304977437, -0.03395840717079123, 0.16923458506681177, 0.9101001018728134, 0.6227424317975794, 0.43689918186564336, 0.6082490551170483, 0.31449593009099486, 0.11256249029177907, -0.6546721845147104, 0.5104648361398327, 0.5197343734715876, -0.672781570589924, 0.30973267416610134, 0.984057525687269, -0.8753173424574512, -0.05324150328743571, 0.48459965919307635, -0.7654126364218727, -0.19837800643860548, -0.5266226594413055, 0.17884548870183392, -0.6968521803596401, 0.5803078709258271, -0.013388426951223442, -0.9689533813030649, -0.1823215029939882, 0.6248616754737506, -0.5244972959090954, -0.03989176124333538, 0.6802455366654154, 0.8249649018871124, -0.44563123966557616, 0.0947076686328634, 0.3792633362270119, -0.8512851231829123, -0.3949767500233097, 0.4870982882375865, 0.19930778787039347, -0.6746669194227113, -0.5482827349702516, 0.7135839804225933, -0.8764517659900475, -0.3778515206592272, 0.9532741688789808, 0.8380647182758674, 0.1359600569973048, 0.7701582921679428, 0.11806146475822099, -0.05015685367468148, -0.46408780338616556, -0.521088197927156, -0.7073966038037967, -0.8242154690868191, 0.7044981316953316]
1019.9998779296875	(8, 12, 2)	[-0.5369954866000661, -0.12658452964252698, -0.8298337868109547, 0.017955683507051123, 0.9847483971794675, 0.9101523869832389, -0.6364259119406972, -0.0349409812512238, -0.2004141633494727, -0.14167903370185986, 0.35542789161482413, 0.545129719064851, 0.9196094908153982, 0.7857069176070219, 0.14165853517334787, -0.9366021469668038, 0.23108362778281033, 0.37284966184464197, 0.04904999539425692, 0.8600002106736038, 0.861046009774388, -0.07630544541501288, 0.8473369349589714, 0.7337634878714685, 1.0, -0.7771591669428819, 0.9348707210213748, -0.00979137919062266, -1.0, 0.8161125430026707, -0.35141735413457686, 0.9087389122783882, -0.721532421349994, -0.6434035504787894, 0.6331400141345972, -0.8369722675799927, 0.8332139340658677, 0.5684757524880276, -0.47012000226187756, -0.27347510622565996, -0.49167614749369143, -0.1733287735742006, -0.6647066873321101, -1.0, 0.7668200562450909, 0.6309665543231262, -0.028326484508635286, -0.8662397672035898, -0.6914639685646322, -0.04908212469971596, -0.3159750141052622, 0.6773356511312817, -0.9105871633053328, 0.7043963937093093, 0.6976632183998228, 0.47840530136752596, -0.06885426842376333, -0.1067693738356763, -0.7338916045474831, -0.21599239756045918, 0.761254899777974, 0.0722583754242545, 0.6321288249460086, 0.5659910813100297, -0.2847197075163974, -0.16686020720582329, -0.05585979290373444, 0.16923458506681177, 0.9101001018728134, -0.3938945815623145, 0.4043635597681956, 0.6245095232516416, 0.31449593009099486, 0.2424119953399001, -0.6546721845147104, 0.48486499885717904, 0.4479022343567719, -0.7075952881888843, 0.47843320301654463, 0.984057525687269, -0.8753173424574512, 0.0929602878275364, 0.48459965919307635, -0.7654126364218727, 0.9068329895667, -0.29930972873811834, 0.1584381396587744, -0.7485016796613722, 0.5803078709258271, -0.013388426951223442, -0.9689533813030649, 0.37089710447950797, 0.71863864211132, -0.4930341441208035, -0.03989176124333538, 0.6544811059124717, 0.17868409007930142, -0.44563123966557616, 0.0947076686328634, 0.2839521491025533, -0.8512851231829123, -0.3949767500233097, 0.558533436410347, 0.4753907993647526, -0.6746669194227113, -0.5482827349702516, 0.3703474013464114, -0.8764517659900475, -0.3778515206592272, 0.9532741688789808, 0.8614997276225074, 0.1359600569973048, 0.7701582921679428, 0.11806146475822099, -0.05015685367468148, -0.46408780338616556, -0.521088197927156, -0.7073966038037967, -0.8242154690868191, 0.7044981316953316]
1019.9998168945312	(8, 12, 2)	[-0.5369954866000661, -0.12658452964252698, -0.8830120450061321, 0.017955683507051123, 0.9847483971794675, 0.942746984021636, -0.6364259119406972, 0.04906509666292613, -0.2004141633494727, -0.14167903370185986, 0.35542789161482413, 0.545129719064851, 0.9187369503891165, 0.7857069176070219, 0.14165853517334787, -0.9179923028797317, 0.23108362778281033, 0.37284966184464197, 0.04904999539425692, 0.8600002106736038, 0.861046009774388, -0.07630544541501288, 0.8473369349589714, 0.7546680878382581, 0.9873007087844623, -0.7771591669428819, 0.8889372797806976, -0.09639830756486782, -1.0, 0.8161125430026707, -0.35141735413457686, 0.9865896151454135, -0.7083560550039258, -0.6522122090498286, 0.6858869971188191, -0.8369722675799927, 0.8332139340658677, 0.5684757524880276, -0.47012000226187756, 0.5737048602625385, 0.2626280912153719, -0.15971746578611223, -0.9127794032051715, -0.9427972990021509, 0.5864388483336481, -0.7410938001315659, -0.028326484508635286, -0.8662397672035898, -0.6914639685646322, -0.14298319433747486, -0.3159750141052622, 1.0, -0.6337562578510891, 0.7043963937093093, 0.6976632183998228, 0.3509683148743492, -0.14413625520908857, -0.1067693738356763, -0.7957474842792821, -0.08456137206775986, 0.761254899777974, 0.11895375883248076, 0.6348485616380658, 0.5659910813100297, -0.2847197075163974, -0.23943414304977437, -0.03395840717079123, 0.4677662557960213, 0.9101001018728134, 0.6227424317975794, 0.43689918186564336, 0.6008938173713959, 0.31449593009099486, 0.11256249029177907, -0.6546721845147104, 0.48486499885717904, 0.5197343734715876, -0.5801705716206347, 0.30973267416610134, 0.984057525687269, -0.8753173424574512, 0.0929602878275364, 0.48459965919307635, -0.7654126364218727, -0.19837800643860548, -0.29930972873811834, 0.07884228623672977, -0.6676266146241289, 0.5803078709258271, 0.033412902954609885, -0.9161756987306584, 0.37089710447950797, 0.71863864211132, -0.4930341441208035, -0.06106069759248722, 0.6544811059124717, 0.17868409007930142, -0.44563123966557616, 0.0947076686328634, 0.3792633362270119, -0.8512851231829123, -0.3949767500233097, 0.5624639525379946, 0.12467319086810108, -0.6746669194227113, -0.5482827349702516, 0.455576683463335, -0.8067546929114687, -0.3778515206592272, 0.9532741688789808, 0.8614997276225074, 0.1359600569973048, 0.7701582921679428, 0.11806146475822099, 0.10492709455616908, -0.46408780338616556, -0.521088197927156, -0.7073966038037967, -0.8242154690868191, 0.7044981316953316]
1019.9998168945312	(8, 12, 2)	[-0.5369954866000661, -0.12658452964252698, -0.8830120450061321, 0.10468885236646763, 0.9847483971794675, 0.942746984021636, -0.6364259119406972, -0.0349409812512238, -0.6853496421952676, -0.14167903370185986, 0.35542789161482413, 0.5630652113254184, 1.0, 0.7857069176070219, 0.023518648734983036, -0.9366021469668038, 0.23108362778281033, 0.37284966184464197, 0.04904999539425692, 0.8600002106736038, 0.6439761067270834, 0.09372827051327709, 0.6672773232014158, 0.7546680878382581, 0.9873007087844623, -0.7771591669428819, 0.8889372797806976, -0.09639830756486782, -1.0, 0.7800894537593812, -0.35141735413457686, 0.9087389122783882, -0.652463867896345, -0.6434035504787894, 0.6858869971188191, -0.8369722675799927, 0.8332139340658677, 0.6680884795547473, -0.47012000226187756, -0.3404446909033947, 0.38161432175540305, -0.15971746578611223, -0.4853445189832565, -1.0, 0.7668200562450909, 0.6309665543231262, -0.028326484508635286, -0.7454063824038726, -0.6914639685646322, -0.04908212469971596, -0.3159750141052622, 1.0, -0.9105871633053328, 0.7043963937093093, 0.6976632183998228, 0.45671100040183005, -0.06885426842376333, -0.1067693738356763, -0.7338916045474831, -0.21599239756045918, 0.761254899777974, 0.0722583754242545, 0.6321288249460086, 0.5659910813100297, -0.2847197075163974, -0.23943414304977437, -0.03395840717079123, 0.16923458506681177, 0.9101001018728134, 0.6227424317975794, 0.43689918186564336, 0.6245095232516416, 0.31449593009099486, 0.11256249029177907, -0.6546721845147104, 0.48486499885717904, 0.3972040826844057, -0.672781570589924, 0.1117172533327922, 1.0, -0.8753173424574512, 0.0929602878275364, 0.47083526717877994, -0.5552000843036624, 0.9068329895667, -0.29930972873811834, 0.17884548870183392, -0.7485016796613722, 0.5803078709258271, -0.013388426951223442, -0.9689533813030649, 0.37089710447950797, 0.71863864211132, -0.4930341441208035, -0.06106069759248722, 0.6544811059124717, 0.8249649018871124, -0.44563123966557616, 0.04907498414818755, 0.7583205780233022, -0.23004238544082556, -0.3949767500233097, -1.0, 0.6505149007251785, -0.6746669194227113, -0.5482827349702516, 0.455576683463335, -0.8423053259683477, -0.3778515206592272, 0.9532741688789808, 0.8614997276225074, 0.1359600569973048, 0.7701582921679428, 0.11806146475822099, -0.24094177167896613, -0.46408780338616556, -0.521088197927156, -0.7521904613666948, -0.8242154690868191, 0.7492386454020049]
1019.9999389648438	(8, 12, 2)	[-0.5369954866000661, -0.12658452964252698, -0.8830120450061321, 0.017955683507051123, 0.9847483971794675, 0.9101523869832389, -0.5999684333999608, -0.0349409812512238, -0.2004141633494727, -0.14167903370185986, 0.25445534006254367, 0.545129719064851, 0.9790786017870923, 0.7857069176070219, 0.08917926437919146, -0.9366021469668038, 0.2833126915337248, 0.37284966184464197, 0.04904999539425692, 0.8600002106736038, 0.861046009774388, -0.07630544541501288, 0.8473369349589714, 0.739987219586665, 0.9873007087844623, -0.7771591669428819, 1.0, -0.09639830756486782, -0.8373961544531762, 0.7800894537593812, -0.35141735413457686, 0.9865896151454135, -0.653758549442562, -0.6434035504787894, 0.6923047576791822, -0.8825160879182776, 0.8332139340658677, 0.6680884795547473, -0.47012000226187756, 0.5737048602625385, 0.2626280912153719, -0.15971746578611223, -0.6647066873321101, -1.0, 0.7668200562450909, 0.6309665543231262, -0.028326484508635286, -0.7454063824038726, -0.6914639685646322, -0.15017031763393013, -0.3159750141052622, 1.0, -0.9105871633053328, 0.7991505020196621, 0.6976632183998228, 0.3509683148743492, -0.06885426842376333, -0.1067693738356763, -0.7338916045474831, -0.21599239756045918, 0.761254899777974, 0.13554001871839516, 0.6321288249460086, 0.644956462864451, -0.2847197075163974, -0.23943414304977437, 0.11085999614777203, 0.3126344953766036, 0.9101001018728134, -0.3938945815623145, 0.43689918186564336, 0.6245095232516416, 0.31449593009099486, 0.2424119953399001, -0.6546721845147104, 0.5104648361398327, 0.5197343734715876, -0.672781570589924, 0.30973267416610134, 1.0, -0.8753173424574512, -0.11605494281950529, 0.48459965919307635, -0.5552000843036624, -0.2916341702912082, -0.1712508972637208, 0.17884548870183392, -0.7485016796613722, 0.5803078709258271, -0.013388426951223442, -0.9689533813030649, -0.1823215029939882, 0.71863864211132, -0.4930341441208035, -0.06106069759248722, 0.6802455366654154, 0.8249649018871124, -0.44563123966557616, 0.0947076686328634, 0.3792633362270119, -0.23004238544082556, -0.3949767500233097, 0.5624639525379946, 0.12467319086810108, -0.5920737700079076, -0.5482827349702516, 0.7135839804225933, -0.8764517659900475, -0.9605553301069065, 0.9532741688789808, 0.8380647182758674, 0.1359600569973048, 0.7701582921679428, 0.11806146475822099, -0.24094177167896613, -0.46408780338616556, -0.521088197927156, -0.7521904613666948, -0.8242154690868191, 0.7044981316953316]
1019.999755859375	(8, 12, 2)	[-0.5369954866000661, -0.17787736479638006, -0.8830120450061321, 0.017955683507051123, 0.9847483971794675, 0.9882927302049688, -0.6445112453560811, -0.0349409812512238, -0.2004141633494727, -0.14167903370185986, 0.35542789161482413, 0.5805863496630801, 0.9196094908153982, 0.7857069176070219, 0.14165853517334787, -0.9366021469668038, 0.23108362778281033, 0.37284966184464197, 0.04904999539425692, 0.8600002106736038, 0.6439761067270834, 0.09372827051327709, 0.8473369349589714, 0.7546680878382581, 0.9873007087844623, -0.7771591669428819, 0.8889372797806976, -0.09639830756486782, -1.0, 0.8161125430026707, -0.35141735413457686, 0.9865896151454135, -0.653758549442562, -0.6434035504787894, 0.6923047576791822, -0.8825160879182776, 0.8332139340658677, 0.6680884795547473, -0.47012000226187756, -0.27347510622565996, -0.5274478544477004, -0.15971746578611223, -0.6647066873321101, -1.0, 0.7668200562450909, 0.6309665543231262, -0.02699681022640699, -0.8662397672035898, -0.6914639685646322, -0.04908212469971596, -0.3159750141052622, 1.0, -0.9406907979520867, 0.7043963937093093, 0.6976632183998228, 0.4883163026975654, -0.06885426842376333, -0.1067693738356763, -0.7338916045474831, -0.21599239756045918, 0.761254899777974, 0.11895375883248076, 0.6321288249460086, 0.5587464834611854, -0.3942011071711481, -0.16686020720582329, -0.03395840717079123, 0.06932540132040205, 0.9101001018728134, -0.3938945815623145, 0.29863346051550455, 0.6082490551170483, 0.31449593009099486, 0.2424119953399001, -0.6160095591560781, 0.48392154563047873, 0.4479022343567719, -0.7550186708691159, 0.21791108313365276, 0.9034273188847078, -0.8753173424574512, 0.0929602878275364, 0.47083526717877994, -0.7654126364218727, -0.19837800643860548, -0.29930972873811834, 0.1584381396587744, -0.6676266146241289, 0.5803078709258271, -0.013388426951223442, -0.9689533813030649, 0.37089710447950797, 0.71863864211132, -0.4930341441208035, -0.03989176124333538, 0.6544811059124717, 0.8249649018871124, -0.44563123966557616, 0.0947076686328634, 0.3792633362270119, -0.16707167578564924, -0.3949767500233097, 0.558533436410347, 0.4753907993647526, -0.6746669194227113, -0.5482827349702516, 0.3228209410071908, -0.8764517659900475, -0.9605553301069065, 0.9532741688789808, 0.8380647182758674, 0.1359600569973048, 0.7701582921679428, 0.11806146475822099, -0.05015685367468148, -0.42937586241888004, -0.521088197927156, -0.7073966038037967, -0.8242154690868191, 0.7044981316953316]
1019.9998779296875	(8, 12, 2)	[-0.5369954866000661, -0.12658452964252698, -0.8298337868109547, 0.017955683507051123, 0.9847483971794675, 0.9101523869832389, -0.6445112453560811, 0.04906509666292613, -0.6853496421952676, -0.14167903370185986, 0.35542789161482413, 0.545129719064851, 0.9196094908153982, 0.9416047914745969, 0.08917926437919146, -0.9366021469668038, 0.23108362778281033, 0.37284966184464197, 0.04904999539425692, 0.8600002106736038, 0.861046009774388, 0.09372827051327709, 0.8473369349589714, 0.7337634878714685, 0.9873007087844623, -0.7771591669428819, 0.8889372797806976, -0.00979137919062266, -1.0, 0.7800894537593812, -0.35141735413457686, 0.9087389122783882, -0.652463867896345, -0.6782637698558314, 0.6858869971188191, -0.8825160879182776, 0.3561308244811354, 0.4849782674064915, -0.47012000226187756, -0.3404446909033947, 0.5527416588409713, -0.1733287735742006, -0.6647066873321101, -1.0, 0.7668200562450909, 0.6309665543231262, -0.028326484508635286, -0.8662397672035898, -0.6914639685646322, -0.15017031763393013, -0.36965168705987017, 1.0, -0.9105871633053328, 0.7043963937093093, 0.6976632183998228, 0.47840530136752596, -0.06885426842376333, -0.1067693738356763, -0.7338916045474831, -0.057355370687829366, 0.761254899777974, 0.0722583754242545, 0.6321288249460086, 0.5659910813100297, -0.4558956589913411, -0.23943414304977437, -0.05585979290373444, 0.16923458506681177, 0.9101001018728134, 0.6227424317975794, 0.43689918186564336, 0.6245095232516416, 0.31449593009099486, 0.11256249029177907, -0.6546721845147104, 0.48486499885717904, 0.5197343734715876, -0.672781570589924, 0.30973267416610134, 0.9034273188847078, -0.8753173424574512, 0.0929602878275364, 0.48459965919307635, -0.7654126364218727, -0.19837800643860548, -0.5266226594413055, 0.25822605050603376, -0.7485016796613722, 0.5803078709258271, 0.06160998774364951, -0.9689533813030649, 0.37089710447950797, 0.71863864211132, -0.4930341441208035, -0.07347159540730956, 0.6802455366654154, 0.8249649018871124, -0.44563123966557616, 0.006829630401741435, 0.3792633362270119, -0.23004238544082556, -0.3949767500233097, 0.5624639525379946, 0.19930778787039347, -0.6746669194227113, -0.7065687347510856, 0.7135839804225933, -0.8764517659900475, -0.9605553301069065, 0.9532741688789808, 0.8380647182758674, 0.1359600569973048, 0.7701582921679428, -0.038527935972388155, -0.05015685367468148, -0.46408780338616556, -0.521088197927156, -0.7521904613666948, -0.8242154690868191, 0.7044981316953316]
1019.9998779296875	(8, 12, 2)	[-0.5369954866000661, -0.12658452964252698, -0.8830120450061321, 0.017955683507051123, 0.9847483971794675, 0.942746984021636, -0.5189468263001751, -0.0349409812512238, -0.2004141633494727, -0.14167903370185986, 0.35542789161482413, 0.5805863496630801, 1.0, 0.7857069176070219, 0.14165853517334787, -0.9366021469668038, 0.23108362778281033, 0.37284966184464197, 0.04904999539425692, 0.8809807733513283, 0.6439761067270834, 0.09372827051327709, 0.8473369349589714, 0.6818048438718405, 0.9873007087844623, -0.7771591669428819, 0.8889372797806976, -0.00979137919062266, -1.0, 0.8161125430026707, -0.35141735413457686, 0.9087389122783882, -0.721532421349994, -0.6434035504787894, 0.6613215196856673, -0.8825160879182776, 0.8332139340658677, 0.5684757524880276, -0.47012000226187756, 0.5737048602625385, -0.5274478544477004, -0.07706395093366088, -0.9127794032051715, -0.9514186600339944, 0.5864388483336481, -0.7410938001315659, -0.028326484508635286, -0.7454063824038726, -0.6914639685646322, -0.04908212469971596, -0.3159750141052622, 0.6615865799308573, -0.9406907979520867, 0.6325310180412825, 0.6976632183998228, 0.3509683148743492, -0.06885426842376333, -0.1067693738356763, -0.7338916045474831, -0.21599239756045918, 0.761254899777974, 0.11895375883248076, 0.6321288249460086, 0.5659910813100297, -0.2847197075163974, -0.23943414304977437, 0.11085999614777203, 0.16923458506681177, 0.9101001018728134, 0.6227424317975794, 0.6048109860449985, 0.6008938173713959, 0.31449593009099486, 0.2424119953399001, -0.7186928359691257, 0.5104648361398327, 0.6062071015108007, -0.7550186708691159, 0.30973267416610134, 0.984057525687269, -0.8753173424574512, -0.11605494281950529, 0.48459965919307635, -0.7351805458307892, -0.2916341702912082, -0.29930972873811834, 0.1584381396587744, -0.7485016796613722, 0.5803078709258271, -0.013388426951223442, -0.9689533813030649, 0.2624690035027496, 0.71863864211132, -0.38022357663874584, -0.03989176124333538, 0.6544811059124717, 0.17868409007930142, -0.44563123966557616, -0.11688378138247235, 0.873207992122438, -0.8512851231829123, -0.47760028808356864, -1.0, 0.12467319086810108, -0.6729399461678849, -0.5482827349702516, 0.7847584038252029, -0.8764517659900475, -0.8702621146182641, 0.9532741688789808, 0.8380647182758674, 0.36639252894830543, 0.7701582921679428, 0.11806146475822099, -0.24094177167896613, -0.46408780338616556, -0.521088197927156, -0.5433677671020207, -0.8242154690868191, 0.7078729987388555]
1019.999755859375	(8, 12, 2)	[-0.5369954866000661, -0.12658452964252698, -0.8298337868109547, 0.017955683507051123, 0.9847483971794675, 0.9101523869832389, -0.6445112453560811, 0.04906509666292613, -0.2004141633494727, -0.14167903370185986, 0.35542789161482413, 0.5805863496630801, 0.9196094908153982, 0.9416047914745969, 0.14165853517334787, -0.9366021469668038, 0.23108362778281033, 0.37284966184464197, 0.04904999539425692, 0.8600002106736038, 0.861046009774388, 0.09372827051327709, 0.8473369349589714, 0.7546680878382581, 0.9873007087844623, -0.7771591669428819, 0.8889372797806976, -0.00979137919062266, -1.0, 0.7800894537593812, -0.35141735413457686, 0.9087389122783882, -0.653758549442562, -0.6434035504787894, 0.6858869971188191, -0.8825160879182776, 0.8332139340658677, 0.4849782674064915, -0.47012000226187756, -0.3404446909033947, 0.5527416588409713, -0.1733287735742006, -0.6647066873321101, -1.0, 0.7668200562450909, 0.6309665543231262, -0.028326484508635286, -0.8662397672035898, -0.6914639685646322, -0.15017031763393013, -0.36965168705987017, 1.0, -0.9105871633053328, 0.7043963937093093, 0.6976632183998228, 0.4883163026975654, -0.8827295837850411, -0.1067693738356763, -0.7338916045474831, -0.057355370687829366, 0.761254899777974, 0.0722583754242545, 0.6348485616380658, 0.5659910813100297, -0.4558956589913411, -0.23943414304977437, -0.03395840717079123, 0.16923458506681177, 0.9101001018728134, -0.3938945815623145, 0.43689918186564336, 0.6245095232516416, 0.31449593009099486, 0.2424119953399001, -0.6546721845147104, 0.48486499885717904, 0.6062071015108007, -0.672781570589924, 0.21791108313365276, 0.9034273188847078, -0.8753173424574512, 0.0929602878275364, 0.48459965919307635, -0.7654126364218727, -0.19837800643860548, -0.29930972873811834, 0.1584381396587744, -0.7485016796613722, 0.5803078709258271, -0.013388426951223442, -0.9689533813030649, 0.37089710447950797, 0.71863864211132, -0.4930341441208035, -0.03989176124333538, 0.6802455366654154, 0.8249649018871124, -0.44563123966557616, 0.0947076686328634, 0.3792633362270119, -0.23004238544082556, -0.3949767500233097, 0.5624639525379946, 0.19930778787039347, -0.6746669194227113, -0.7065687347510856, 0.3703474013464114, -0.8764517659900475, -0.9605553301069065, 0.9532741688789808, 0.8380647182758674, 0.1359600569973048, 0.7701582921679428, 0.11806146475822099, -0.05015685367468148, -0.46408780338616556, -0.5447010637157592, -0.7521904613666948, -0.8242154690868191, 0.7044981316953316]
1019.9996948242188	(8, 12, 2)	[-0.5369954866000661, -0.12658452964252698, -0.8018478742480761, 0.017955683507051123, 0.9847483971794675, 0.942746984021636, -0.6445112453560811, -0.0349409812512238, -0.6853496421952676, -0.14167903370185986, 0.35542789161482413, 0.5805863496630801, 0.9196094908153982, 0.7857069176070219, 0.08917926437919146, -0.9179923028797317, 0.23108362778281033, 0.37284966184464197, 0.04904999539425692, 0.8600002106736038, 0.861046009774388, 0.09372827051327709, 0.8473369349589714, 0.7546680878382581, 0.7955681075802686, -0.7771591669428819, 0.9348707210213748, -0.09639830756486782, -1.0, 0.7800894537593812, -0.35141735413457686, 0.9865896151454135, -0.7083560550039258, -0.6434035504787894, 0.6435320934649129, -0.8539807934842045, 0.8332139340658677, 0.6680884795547473, 0.42160047801032885, 0.5737048602625385, 0.5527416588409713, -0.1733287735742006, -0.6647066873321101, -0.9427972990021509, 0.7668200562450909, -0.7410938001315659, -0.028326484508635286, -0.7454063824038726, -0.6914639685646322, -0.04908212469971596, -0.3159750141052622, 1.0, -0.7634938158826262, 0.7043963937093093, 0.6976632183998228, 0.4883163026975654, -0.8827295837850411, -0.1067693738356763, -0.594417548153773, -0.21599239756045918, 0.761254899777974, -0.048361475539307794, 0.6321288249460086, 0.6360955574945972, -0.2847197075163974, -0.23943414304977437, -0.05585979290373444, 0.4677662557960213, 0.9101001018728134, 0.6227424317975794, 0.6048109860449985, 0.6245095232516416, 0.31449593009099486, 0.2424119953399001, -0.6160095591560781, 0.48486499885717904, 0.5197343734715876, -0.7075952881888843, 0.30973267416610134, 0.984057525687269, -0.8753173424574512, -0.05324150328743571, 0.47083526717877994, -0.7351805458307892, -0.19837800643860548, -0.5266226594413055, 0.1584381396587744, -0.6676266146241289, 0.5803078709258271, -0.013388426951223442, -0.9161756987306584, 0.37089710447950797, 0.71863864211132, -0.38022357663874584, -0.03989176124333538, 0.6802455366654154, 0.17868409007930142, -0.6175027170259657, 0.0947076686328634, 0.3792633362270119, -0.8512851231829123, -0.3949767500233097, -1.0, 0.617664894288766, -0.6746669194227113, -0.5482827349702516, 0.3703474013464114, -0.8764517659900475, -0.9605553301069065, 0.9532741688789808, 0.8614997276225074, 0.1359600569973048, 0.7701582921679428, 0.11806146475822099, -0.05015685367468148, -0.42937586241888004, -0.521088197927156, -0.7073966038037967, -0.8242154690868191, 0.7078729987388555]
1019.9996948242188	(8, 12, 2)	[-0.5369954866000661, -0.12658452964252698, -0.8298337868109547, 0.017955683507051123, 0.9847483971794675, 0.9101523869832389, -0.6445112453560811, 0.04906509666292613, -0.2004141633494727, -0.14167903370185986, 0.35542789161482413, 0.5805863496630801, 0.9196094908153982, 0.7847712003035808, 0.14165853517334787, -0.9366021469668038, 0.23108362778281033, 0.3262006208306842, 0.04904999539425692, 0.8600002106736038, 0.6439761067270834, 0.09372827051327709, 0.8473369349589714, 0.7546680878382581, 0.9873007087844623, -0.7771591669428819, 0.8889372797806976, -0.00979137919062266, -1.0, 0.8161125430026707, -0.35141735413457686, 0.9865896151454135, -0.669058668045391, -0.6434035504787894, 0.6858869971188191, -0.8825160879182776, 0.8332139340658677, 0.4849782674064915, -0.47012000226187756, -0.27347510622565996, 0.5527416588409713, -0.1733287735742006, -0.6647066873321101, -1.0, 0.7668200562450909, 0.6309665543231262, -0.028326484508635286, -0.8662397672035898, -0.6914639685646322, 0.6164144952097015, -0.36965168705987017, 1.0, -0.9105871633053328, 0.7043963937093093, 0.6976632183998228, 0.3509683148743492, -0.8827295837850411, -0.1067693738356763, -0.5623550145255073, -0.21599239756045918, 0.761254899777974, 0.0722583754242545, 0.6348485616380658, 0.5659910813100297, -0.4558956589913411, -0.23943414304977437, -0.03395840717079123, 0.16923458506681177, 0.9101001018728134, -0.3938945815623145, 0.43689918186564336, 0.6254283540032872, 0.31449593009099486, 0.2424119953399001, -0.6160095591560781, 0.48486499885717904, 0.6062071015108007, -0.672781570589924, 0.21791108313365276, 0.9034273188847078, -0.8753173424574512, -0.11605494281950529, 0.48459965919307635, -0.7654126364218727, -0.19837800643860548, -0.29930972873811834, 0.07884228623672977, -0.7485016796613722, 0.5803078709258271, 0.029044369331510604, -0.9689533813030649, 0.013719373333368035, 0.7569939229007805, -0.4930341441208035, -0.03989176124333538, 0.6802455366654154, 0.17868409007930142, -0.44563123966557616, 0.0947076686328634, 0.3792633362270119, -0.23004238544082556, -0.3949767500233097, 0.5624639525379946, 0.12467319086810108, -0.6746669194227113, -0.5482827349702516, 0.3703474013464114, -0.8764517659900475, -0.9605553301069065, 0.9532741688789808, 0.8380647182758674, 0.1359600569973048, 0.7701582921679428, 0.11806146475822099, 0.10492709455616908, -0.46408780338616556, -0.5447010637157592, -0.7521904613666948, -0.7915777868501349, 0.7044981316953316]
1019.9998779296875	(8, 12, 2)	[-0.5369954866000661, -0.12658452964252698, -0.8298337868109547, 0.017955683507051123, 0.9847483971794675, 0.942746984021636, -0.6445112453560811, 0.04906509666292613, -0.6853496421952676, -0.14167903370185986, 0.35542789161482413, 0.545129719064851, 0.915976676241972, 0.7857069176070219, 0.14165853517334787, -0.9366021469668038, 0.23108362778281033, 0.4993847700954246, 0.04904999539425692, 0.8600002106736038, 0.6439761067270834, 0.09372827051327709, 0.8473369349589714, 0.7546680878382581, 0.9873007087844623, -0.7771591669428819, 0.8889372797806976, -0.09639830756486782, -1.0, 0.8161125430026707, -0.41733272911386465, 0.9865896151454135, -0.7083560550039258, -0.6434035504787894, 0.6923047576791822, -0.8369722675799927, 0.3561308244811354, 0.5684757524880276, 0.42160047801032885, 0.5737048602625385, -0.5274478544477004, -0.15971746578611223, -0.9127794032051715, -1.0, 0.7810064505580419, 0.6309665543231262, -0.028326484508635286, -0.8662397672035898, -0.6914639685646322, -0.04908212469971596, -0.24922146523722816, 0.6615865799308573, -0.9105871633053328, 0.7043963937093093, 0.6976632183998228, 0.3509683148743492, -0.06885426842376333, -0.1067693738356763, -0.7296556751268413, -0.057355370687829366, 0.761254899777974, 0.11895375883248076, 0.5349608451643162, 0.6360955574945972, -0.2847197075163974, -0.23943414304977437, 0.11085999614777203, 0.16923458506681177, 0.9101001018728134, -0.3938945815623145, 0.43689918186564336, 0.6245095232516416, 0.31449593009099486, 0.2424119953399001, -0.6546721845147104, 0.5104648361398327, 0.5197343734715876, -0.672781570589924, 0.47843320301654463, 0.984057525687269, -0.8753173424574512, -0.11605494281950529, 0.48459965919307635, -0.7654126364218727, -0.2916341702912082, -0.1851064085703401, 0.1584381396587744, -0.7485016796613722, 0.5803078709258271, -0.013388426951223442, -0.8228103911119261, 0.37089710447950797, 0.7569939229007805, -0.4930341441208035, -0.03989176124333538, 0.6544811059124717, 0.8249649018871124, -0.5485956297499543, 0.0947076686328634, 0.873207992122438, -0.8512851231829123, -0.47760028808356864, 0.558533436410347, 0.12467319086810108, -0.6746669194227113, -0.7065687347510856, 0.3703474013464114, -0.8764517659900475, -0.8702621146182641, 0.9532741688789808, 0.8380647182758674, 0.1359600569973048, 0.7701582921679428, -0.038527935972388155, 0.10492709455616908, -0.46408780338616556, -0.521088197927156, -0.5433677671020207, -0.8242154690868191, 0.7078729987388555]
1019.9999389648438	(8, 12, 2)	[-0.5369954866000661, -0.17787736479638006, -0.8298337868109547, 0.017955683507051123, 0.9847483971794675, 0.942746984021636, -0.6445112453560811, 0.04906509666292613, -0.6853496421952676, -0.14167903370185986, 0.35542789161482413, 0.545129719064851, 0.9196094908153982, 0.7857069176070219, 0.14165853517334787, -0.9179923028797317, 0.23108362778281033, 0.37284966184464197, 0.04904999539425692, 0.8600002106736038, 0.6439761067270834, 0.09372827051327709, 0.8473369349589714, 0.7546680878382581, 0.9877939580637742, -0.7771591669428819, 0.8889372797806976, -0.09639830756486782, -1.0, 0.7800894537593812, -0.30310175519122845, 0.9865896151454135, -0.7083560550039258, -0.6522122090498286, 0.6858869971188191, -0.8825160879182776, 0.3561308244811354, 0.4849782674064915, -0.47012000226187756, -0.27347510622565996, -0.5274478544477004, -0.1733287735742006, -0.9127794032051715, -1.0, 0.7668200562450909, 0.6309665543231262, -0.028326484508635286, -0.8662397672035898, -0.6456382007934326, 0.6164144952097015, -0.344872429758318, 1.0, -0.7634938158826262, 0.7043963937093093, 0.6976632183998228, 0.4883163026975654, -0.14413625520908857, -0.1067693738356763, -0.5623550145255073, -0.21599239756045918, 0.761254899777974, 0.0722583754242545, 0.6321288249460086, 0.5659910813100297, -0.2847197075163974, -0.23943414304977437, -0.05585979290373444, 0.16923458506681177, 0.9101001018728134, 0.6227424317975794, 0.4043635597681956, 0.6082490551170483, 0.31449593009099486, 0.2424119953399001, -0.6160095591560781, 0.48486499885717904, 0.6062071015108007, -0.672781570589924, 0.21791108313365276, 0.984057525687269, -0.8753173424574512, -0.11605494281950529, 0.48459965919307635, -0.7654126364218727, -0.19837800643860548, -0.5266226594413055, 0.07884228623672977, -0.7485016796613722, 0.5803078709258271, -0.013388426951223442, -1.0, 0.013719373333368035, 0.7569939229007805, -0.4930341441208035, -0.03989176124333538, 0.6802455366654154, 0.8249649018871124, -0.44563123966557616, 0.0947076686328634, 0.3792633362270119, -0.8512851231829123, -0.47760028808356864, -1.0, 0.12467319086810108, -0.6746669194227113, -0.5482827349702516, 0.3703474013464114, -0.7386546681724158, -0.9605553301069065, 0.9532741688789808, 0.8614997276225074, 0.2309325075158006, 0.7701582921679428, 0.11806146475822099, -0.05015685367468148, -0.46408780338616556, -0.521088197927156, -0.7521904613666948, -0.7915777868501349, 0.7044981316953316]
1019.999755859375	(8, 12, 2)	[-0.5369954866000661, -0.12658452964252698, -0.8298337868109547, 0.017955683507051123, 0.9747247636388625, 0.942746984021636, -0.6445112453560811, -0.0349409812512238, -0.2004141633494727, -0.14167903370185986, 0.35542789161482413, 0.545129719064851, 0.915976676241972, 0.7847712003035808, 0.14165853517334787, -0.9366021469668038, 0.23108362778281033, 0.37284966184464197, 0.04904999539425692, 0.8600002106736038, 0.45756177527225084, 0.09372827051327709, 0.8473369349589714, 0.7562889080733562, 0.8058381355929769, -0.7771591669428819, 0.8889372797806976, -0.09639830756486782, -1.0, 0.8161125430026707, -0.35141735413457686, 0.9865896151454135, -0.7083560550039258, -0.6522122090498286, 0.6435320934649129, -0.8369722675799927, 0.3561308244811354, 0.5684757524880276, 0.42160047801032885, -0.27347510622565996, 0.5527416588409713, -0.07706395093366088, -0.6647066873321101, -1.0, 0.7810064505580419, 0.7261215807654661, -0.028326484508635286, -0.8662397672035898, -0.6914639685646322, -0.04908212469971596, -0.28843590884114007, 0.6615865799308573, -0.9105871633053328, 0.7043963937093093, 0.6976632183998228, 0.4883163026975654, -0.06885426842376333, -0.1067693738356763, -0.7296556751268413, -0.057355370687829366, 0.761254899777974, 0.11895375883248076, 0.6321288249460086, 0.6360955574945972, -0.2847197075163974, -0.23943414304977437, 0.11085999614777203, 0.16923458506681177, 0.9101001018728134, 0.6227424317975794, 0.43689918186564336, 0.6082490551170483, 0.31449593009099486, 0.2424119953399001, -0.6546721845147104, 0.5104648361398327, 0.6858715736906689, -1.0, 0.47843320301654463, 0.984057525687269, -0.8753173424574512, -0.11605494281950529, 0.48459965919307635, -0.7351805458307892, -0.2916341702912082, -0.1851064085703401, 0.1584381396587744, -0.7500308182612224, 0.5803078709258271, -0.013388426951223442, -1.0, 0.37089710447950797, 0.71863864211132, -0.4930341441208035, -0.07347159540730956, 0.6544811059124717, 0.8249649018871124, -0.6175027170259657, 0.08469224333029472, 0.3792633362270119, -0.16707167578564924, -0.3949767500233097, 0.558533436410347, 0.12467319086810108, -0.6746669194227113, -0.7065687347510856, 0.3703474013464114, -0.8764517659900475, -0.9605553301069065, 0.9532741688789808, 0.8380647182758674, 0.1359600569973048, 0.7701582921679428, 0.08259619583527869, 0.10492709455616908, -0.46408780338616556, -0.521088197927156, -0.5433677671020207, -0.8242154690868191, 0.7044981316953316]
1019.9999389648438	(8, 12, 2)	[-0.5369954866000661, -0.12658452964252698, -0.8830120450061321, 0.017955683507051123, 0.9747247636388625, 0.9101523869832389, -0.6445112453560811, -0.0349409812512238, -0.2004141633494727, -0.14167903370185986, 0.35542789161482413, 0.545129719064851, 0.9196094908153982, 0.7857069176070219, 0.14165853517334787, -0.9366021469668038, 0.23108362778281033, 0.37284966184464197, 0.04904999539425692, 0.8600002106736038, 0.861046009774388, 0.09372827051327709, 0.8473369349589714, 1.0, 0.9873007087844623, -0.7771591669428819, 0.8173511334030993, -0.09639830756486782, -1.0, 0.8161125430026707, -0.3097621349360121, 0.9865896151454135, -0.652463867896345, -0.6522122090498286, 0.6858869971188191, -0.8369722675799927, 0.8332139340658677, 0.4849782674064915, -0.47012000226187756, -0.27347510622565996, -0.5274478544477004, 0.05807149063656185, -0.6647066873321101, -0.9427972990021509, 0.7459988250549419, 0.6309665543231262, -0.2403426931800144, -0.7454063824038726, -0.6914639685646322, -0.04908212469971596, -0.28843590884114007, 1.0, -0.7634938158826262, 0.6325310180412825, 0.6976632183998228, 0.4883163026975654, -0.9031689294503747, -0.1067693738356763, -0.5623550145255073, -0.21599239756045918, 0.761254899777974, 0.11895375883248076, 0.6321288249460086, 0.5587464834611854, -0.4558956589913411, -0.23943414304977437, -0.03395840717079123, 0.014435733931418643, 0.9101001018728134, 0.5724163567175846, 0.43689918186564336, 0.6082490551170483, 0.31449593009099486, 0.2424119953399001, -0.7186928359691257, 0.5104648361398327, 0.5197343734715876, -0.7550186708691159, 0.30973267416610134, 0.984057525687269, -0.8753173424574512, 0.0929602878275364, 0.48459965919307635, -0.7654126364218727, -0.2916341702912082, -0.29930972873811834, 0.1584381396587744, -0.7485016796613722, 0.6102705692922107, 0.029044369331510604, -0.9689533813030649, 0.013719373333368035, 0.71863864211132, -0.4930341441208035, 0.08306571814085795, 0.6802455366654154, 0.17661301970005744, -0.44563123966557616, 0.06334175849221256, 0.2839521491025533, -0.13914660944356888, -0.47760028808356864, -1.0, 0.617664894288766, -0.6746669194227113, -0.5482827349702516, 0.3703474013464114, -0.8764517659900475, -0.9605553301069065, 0.9532741688789808, 0.8614997276225074, 0.1359600569973048, 0.7701582921679428, 0.11806146475822099, 0.10492709455616908, -0.46408780338616556, -0.4313844991338917, -0.7521904613666948, -0.7915777868501349, 0.7078729987388555]
1019.9998779296875	(8, 12, 2)	[-0.5369954866000661, -0.17787736479638006, -0.8298337868109547, 0.017955683507051123, 0.9374631129681801, 0.9355566708880574, -0.6445112453560811, 0.04906509666292613, -0.2004141633494727, -0.14167903370185986, 0.35542789161482413, 0.5031902739090501, 0.9196094908153982, 0.7847712003035808, 0.14165853517334787, -0.9366021469668038, 0.23108362778281033, 0.37284966184464197, 0.04904999539425692, 0.8600002106736038, 0.8577476194652792, 0.09372827051327709, 0.8473369349589714, 0.7546680878382581, 0.9877939580637742, -0.7771591669428819, 0.8889372797806976, -0.08236587622519446, -1.0, 0.8161125430026707, -0.41733272911386465, 0.9865896151454135, -0.714245038332634, -0.6340783282013526, 0.5870666823496368, -0.8369722675799927, 0.3561308244811354, 0.4891630122699261, -0.47012000226187756, -0.27347510622565996, 0.5527416588409713, -0.1733287735742006, -0.9127794032051715, -1.0, 0.7810064505580419, 0.6309665543231262, -0.028326484508635286, -0.8662397672035898, -0.6456382007934326, -0.04908212469971596, -0.3159750141052622, 0.9635996321596723, -0.9105871633053328, 0.5315466551182545, 0.6976632183998228, 0.47840530136752596, -0.14413625520908857, -0.15505898908059, -0.7338916045474831, -0.21599239756045918, 0.761254899777974, 0.0722583754242545, 0.6321288249460086, 0.5587464834611854, -0.2847197075163974, -0.23943414304977437, 0.11085999614777203, 0.16923458506681177, 0.9101001018728134, -0.3938945815623145, 0.4043635597681956, 0.5992092638966589, 0.31449593009099486, 0.2424119953399001, -0.6160095591560781, 0.48486499885717904, 0.6858715736906689, -0.672781570589924, 0.47843320301654463, 0.9034273188847078, -0.9165276007876262, -0.11605494281950529, 0.48459965919307635, -0.7654126364218727, -0.2916341702912082, -0.29930972873811834, 0.1584381396587744, -0.7485016796613722, 0.6102705692922107, -0.013388426951223442, -0.9689533813030649, -0.1823215029939882, 0.7569939229007805, -0.37670557789704756, -0.03989176124333538, 0.6802455366654154, 0.17868409007930142, -0.44563123966557616, 0.0947076686328634, 0.873207992122438, -0.8512851231829123, -0.6246508572616698, 0.4870982882375865, 0.6505149007251785, -0.6746669194227113, -0.5482827349702516, 0.3703474013464114, -0.8764517659900475, -0.3778515206592272, 0.3457203690863192, 0.8614997276225074, 0.2309325075158006, 0.6507571908028073, -0.038527935972388155, -0.05015685367468148, -0.46408780338616556, -0.521088197927156, -0.7521904613666948, -0.8242154690868191, 0.7078729987388555]
1019.9998779296875	(8, 12, 2)	[-0.5369954866000661, -0.17787736479638006, -0.8298337868109547, 0.017955683507051123, 0.9847483971794675, 0.942746984021636, -0.6445112453560811, -0.0349409812512238, -0.2004141633494727, -0.14167903370185986, 0.35542789161482413, 0.5805863496630801, 0.915976676241972, 0.7857069176070219, 0.14165853517334787, -0.9179923028797317, 0.23108362778281033, 0.37284966184464197, 0.04904999539425692, 0.8809807733513283, 0.6439761067270834, 0.026995811100536504, 0.8473369349589714, 0.7546680878382581, 0.9877939580637742, -0.7771591669428819, 0.8889372797806976, -0.20479792684509374, -1.0, 0.7800894537593812, -0.30310175519122845, 0.9865896151454135, -0.669058668045391, -0.6522122090498286, 0.6923047576791822, -0.8825160879182776, 0.8332139340658677, 0.4849782674064915, -0.47012000226187756, -0.27347510622565996, -0.49167614749369143, -0.1733287735742006, -0.6647066873321101, -1.0, 0.7668200562450909, 0.6309665543231262, -0.028326484508635286, -0.8662397672035898, -0.6914639685646322, 0.6164144952097015, -0.36965168705987017, 1.0, -0.7634938158826262, 0.7043963937093093, 0.6976632183998228, 0.3509683148743492, -0.14413625520908857, -0.1067693738356763, -0.7109198995608059, -0.21599239756045918, 0.6852467222767228, 0.0722583754242545, 0.6348485616380658, 0.5659910813100297, -0.4558956589913411, -0.23943414304977437, -0.03395840717079123, 0.16923458506681177, 0.9101001018728134, -0.3844112936440187, 0.4043635597681956, 0.6082490551170483, 0.31449593009099486, 0.2424119953399001, -0.6160095591560781, 0.5104648361398327, 0.5197343734715876, -0.672781570589924, 0.21791108313365276, 1.0, -0.8753173424574512, -0.11605494281950529, 0.48459965919307635, -0.7654126364218727, -0.19837800643860548, -0.29930972873811834, 0.17884548870183392, -0.7485016796613722, 0.5803078709258271, -0.013388426951223442, -1.0, -0.23187971469532775, 0.7569939229007805, -0.4930341441208035, -0.03989176124333538, 0.6294589234142034, 0.17868409007930142, -0.44563123966557616, 0.0947076686328634, 0.3792633362270119, -0.8512851231829123, -0.47760028808356864, 0.4870982882375865, 0.12467319086810108, -0.5920737700079076, -0.7065687347510856, 0.3703474013464114, -0.8764517659900475, -0.9605553301069065, 0.3457203690863192, 0.8092139288830353, 0.1359600569973048, 0.7701582921679428, 0.11806146475822099, -0.05015685367468148, -0.46408780338616556, -0.521088197927156, -0.7521904613666948, -0.8242154690868191, 0.7044981316953316]
1019.9998779296875	(8, 12, 2)	[-0.5369954866000661, -0.12658452964252698, -0.8830120450061321, -0.07115781835865156, 0.9847483971794675, 0.942746984021636, -0.6445112453560811, 0.04906509666292613, -0.2004141633494727, -0.14167903370185986, 0.35542789161482413, 0.5805863496630801, 0.9196094908153982, 0.7847712003035808, 0.14165853517334787, -0.9179923028797317, 0.23108362778281033, 0.37284966184464197, 0.04904999539425692, 0.8600002106736038, 0.6439761067270834, 0.09372827051327709, 0.8473369349589714, 0.7546680878382581, 0.9873007087844623, -0.7771591669428819, 0.8889372797806976, -0.09639830756486782, -1.0, 0.7646108984331292, -0.35141735413457686, 0.9865896151454135, -0.7083560550039258, -0.6340783282013526, 0.6858869971188191, -0.8825160879182776, 0.3561308244811354, 0.4849782674064915, -0.47012000226187756, 0.5737048602625385, 0.2626280912153719, -0.1733287735742006, -0.6647066873321101, -0.9427972990021509, 0.7668200562450909, 0.6309665543231262, -0.028326484508635286, -0.7454063824038726, -0.6914639685646322, -0.04908212469971596, -0.2572292960697085, 1.0, -0.7634938158826262, 0.7043963937093093, 0.6976632183998228, 0.3509683148743492, -0.06885426842376333, -0.1067693738356763, -0.7338916045474831, -0.21599239756045918, 0.761254899777974, 0.11895375883248076, 0.6348485616380658, 0.644956462864451, -0.43517509861597503, -0.23943414304977437, 0.11085999614777203, 0.16923458506681177, 1.0, 0.6227424317975794, 0.43689918186564336, 0.6082490551170483, 0.31449593009099486, 0.2424119953399001, -0.7186928359691257, 0.48486499885717904, 0.5197343734715876, -0.672781570589924, 0.21791108313365276, 0.9034273188847078, -0.8753173424574512, -0.11605494281950529, 0.48459965919307635, -0.7654126364218727, -0.2916341702912082, -0.1851064085703401, 0.1584381396587744, -0.7485016796613722, 0.5803078709258271, -0.013388426951223442, -0.9689533813030649, -0.23187971469532775, 0.8642474162756411, -0.4930341441208035, -0.03989176124333538, 0.6802455366654154, 0.17661301970005744, -0.44563123966557616, 0.0947076686328634, 0.3792633362270119, -0.8512851231829123, -0.3949767500233097, 0.5624639525379946, 0.6505149007251785, -0.6746669194227113, -0.5482827349702516, 0.3703474013464114, -0.8764517659900475, -0.9605553301069065, 0.9532741688789808, 0.8614997276225074, 0.12536635612823616, 0.8876107696938995, 0.11806146475822099, 0.10492709455616908, -0.46408780338616556, -0.521088197927156, -0.7521904613666948, -0.8242154690868191, 0.7078729987388555]
1019.9998779296875	(8, 12, 2)	[-0.5369954866000661, -0.12658452964252698, -0.8298337868109547, -0.027563375633857246, 0.7303587459894993, 0.942746984021636, -0.7458270422800158, -0.0349409812512238, -0.6853496421952676, -0.14167903370185986, 0.46440496534370174, 0.545129719064851, 1.0, 0.7857069176070219, 0.14165853517334787, -0.9366021469668038, 0.21644999286163485, 0.4993847700954246, 0.04904999539425692, 0.8600002106736038, 0.5846760523081731, 0.1948080332530968, 0.8473369349589714, 0.7655170480943451, 0.9873007087844623, -0.7771591669428819, 0.8173511334030993, -0.00979137919062266, -0.8373961544531762, 0.7800894537593812, -0.41733272911386465, 0.9865896151454135, -0.653758549442562, -0.6434035504787894, 0.6858869971188191, -0.8369722675799927, 0.8332139340658677, 0.6680884795547473, 0.42160047801032885, -0.27347510622565996, 0.5527416588409713, -0.1733287735742006, -0.6647066873321101, -0.9514186600339944, 0.6127486461682106, 0.6309665543231262, -0.02699681022640699, -0.8662397672035898, -0.6914639685646322, -0.04908212469971596, -0.24922146523722816, 0.6615865799308573, -0.9105871633053328, 0.6325310180412825, 0.6976632183998228, 0.4883163026975654, -0.8827295837850411, -0.1067693738356763, -0.7338916045474831, -0.21599239756045918, 0.761254899777974, 0.11895375883248076, 0.6321288249460086, 0.5833454177152028, -0.4558956589913411, -0.23943414304977437, -0.05585979290373444, 0.06932540132040205, 0.9101001018728134, -0.3938945815623145, 0.43689918186564336, 0.6082490551170483, 0.31449593009099486, 0.11256249029177907, -0.6160095591560781, 0.5104648361398327, 0.6062071015108007, -0.672781570589924, 0.30973267416610134, 0.9034273188847078, -0.8753173424574512, -0.11605494281950529, 0.47083526717877994, -0.7654126364218727, -0.2916341702912082, -0.29930972873811834, 0.07884228623672977, -0.7485016796613722, 0.5803078709258271, -0.013388426951223442, -0.8228103911119261, 0.013719373333368035, 0.7734442421690355, -0.4930341441208035, -0.03989176124333538, 0.6802455366654154, 0.8249649018871124, -0.5485956297499543, 0.0947076686328634, 0.3792633362270119, -0.8512851231829123, -0.47760028808356864, 0.558533436410347, 0.6505149007251785, -0.6746669194227113, -0.7065687347510856, 0.3703474013464114, -0.7386546681724158, -0.9605553301069065, 0.3457203690863192, 0.8614997276225074, 0.12536635612823616, 0.7701582921679428, -0.038527935972388155, -0.09087527105383031, -0.46408780338616556, -0.4313844991338917, -0.5433677671020207, -0.8242154690868191, 0.7044981316953316]
1019.999755859375	(8, 12, 2)	[-0.5369954866000661, -0.12658452964252698, -1.0, 0.03227715708225001, 0.9847483971794675, 0.942746984021636, -0.6445112453560811, -0.0349409812512238, -0.2004141633494727, -0.14167903370185986, 0.2889205697360522, 0.545129719064851, 0.915976676241972, 0.7857069176070219, 0.14165853517334787, -0.9179923028797317, 0.21644999286163485, 0.37938209178017224, 0.04904999539425692, 0.8600002106736038, 0.6439761067270834, 0.15701422113352007, 0.8473369349589714, 0.7378824774772595, 0.9877939580637742, -0.7771591669428819, 0.8889372797806976, -0.09639830756486782, -0.9500878301291453, 0.7800894537593812, -0.3097621349360121, 0.9865896151454135, -0.653758549442562, -0.6522122090498286, 0.6858869971188191, -0.8369722675799927, 0.8332139340658677, 0.5684757524880276, -0.47012000226187756, -0.27347510622565996, 0.649527565882195, -0.1733287735742006, -0.6647066873321101, -0.942435832407024, 0.7810064505580419, 0.6309665543231262, -0.028326484508635286, -0.8662397672035898, -0.6456382007934326, -0.04908212469971596, -0.3159750141052622, 1.0, -0.7634938158826262, 0.6325310180412825, 0.6976632183998228, 0.4883163026975654, -0.14413625520908857, -0.1067693738356763, -0.5623550145255073, -0.057355370687829366, 0.761254899777974, 0.11895375883248076, 0.6348485616380658, 0.5833454177152028, -0.4558956589913411, -0.23943414304977437, 0.11085999614777203, 0.16923458506681177, 0.9101001018728134, 0.6227424317975794, 0.4043635597681956, 0.6245095232516416, 0.31449593009099486, 0.30019139301298065, -0.827195781487791, 0.5104648361398327, 0.6062071015108007, -0.672781570589924, 0.30973267416610134, 0.984057525687269, -0.8753173424574512, -0.11605494281950529, 0.48459965919307635, -0.7654126364218727, -0.15122255490143113, -0.29930972873811834, 0.07884228623672977, -0.6676266146241289, 0.5803078709258271, -0.013388426951223442, -0.9689533813030649, 0.03828485103323563, 0.71863864211132, -0.4930341441208035, -0.03989176124333538, 0.6544811059124717, 0.8249649018871124, -0.44563123966557616, 0.0947076686328634, 0.43941102638901336, -0.8512851231829123, -0.3553181106525066, -1.0, 0.16915131241838569, -0.7563356573967746, -0.7065687347510856, 0.3703474013464114, -0.8764517659900475, -1.0, 0.9532741688789808, 0.8614997276225074, 0.1359600569973048, 0.7701582921679428, -0.038527935972388155, -0.05015685367468148, -0.46408780338616556, -0.4313844991338917, -0.7521904613666948, -0.8242154690868191, 0.7044981316953316]
1019.9999389648438	(8, 12, 2)	[-0.5369954866000661, -0.12658452964252698, -0.8298337868109547, 0.017955683507051123, 0.9847483971794675, 0.942746984021636, -0.6445112453560811, 0.04906509666292613, -0.2004141633494727, -0.14167903370185986, 0.35542789161482413, 0.5805863496630801, 0.9187369503891165, 0.7857069176070219, 0.14165853517334787, -0.9179923028797317, 0.23108362778281033, 0.37284966184464197, 0.04904999539425692, 0.8600002106736038, 0.6439761067270834, 0.09372827051327709, 0.8473369349589714, 0.7546680878382581, 0.9873007087844623, -0.7771591669428819, 0.8889372797806976, -0.09639830756486782, -1.0, 0.7646108984331292, -0.35141735413457686, 0.9865896151454135, -0.7083560550039258, -0.6340783282013526, 0.6858869971188191, -0.8825160879182776, 0.3561308244811354, 0.4849782674064915, -0.47012000226187756, 0.5737048602625385, -0.5274478544477004, -0.1733287735742006, -0.6647066873321101, -1.0, 0.7668200562450909, 0.6309665543231262, -0.028326484508635286, -0.7454063824038726, -0.6914639685646322, -0.04908212469971596, -0.2572292960697085, 1.0, -0.7634938158826262, 0.7043963937093093, 0.6976632183998228, 0.3509683148743492, -0.06885426842376333, -0.1067693738356763, -0.7338916045474831, -0.21599239756045918, 0.761254899777974, 0.11895375883248076, 0.6321288249460086, 0.644956462864451, -0.43517509861597503, -0.23943414304977437, 0.11085999614777203, 0.06932540132040205, 1.0, 0.6227424317975794, 0.43689918186564336, 0.6082490551170483, 0.31449593009099486, 0.2424119953399001, -0.7186928359691257, 0.48486499885717904, 0.5197343734715876, -0.672781570589924, 0.21791108313365276, 0.9034273188847078, -0.8753173424574512, -0.11605494281950529, 0.48459965919307635, -0.7654126364218727, -0.2916341702912082, -0.1851064085703401, 0.1584381396587744, -0.7485016796613722, 0.5803078709258271, -0.013388426951223442, -0.9689533813030649, -0.23187971469532775, 0.8642474162756411, -0.4930341441208035, -0.03989176124333538, 0.6802455366654154, 0.17661301970005744, -0.44563123966557616, 0.0947076686328634, 0.4750569886758638, -0.8512851231829123, -0.3949767500233097, 0.5624639525379946, 0.6505149007251785, -0.6746669194227113, -0.5482827349702516, 0.3703474013464114, -0.8764517659900475, -0.9605553301069065, 1.0, 0.8614997276225074, 0.12536635612823616, 0.8876107696938995, 0.11806146475822099, 0.10492709455616908, -0.46408780338616556, -0.521088197927156, -0.7521904613666948, -0.8242154690868191, 0.7044981316953316]
1019.9999389648438	(8, 12, 2)	[-0.5369954866000661, -0.12658452964252698, -0.8298337868109547, 0.03227715708225001, 1.0, 0.9101523869832389, -0.6445112453560811, -0.0349409812512238, -0.2004141633494727, -0.14167903370185986, 0.35542789161482413, 0.5805863496630801, 0.9196094908153982, 0.7857069176070219, 0.14165853517334787, -0.9366021469668038, 0.23108362778281033, 0.37284966184464197, 0.04904999539425692, 0.8600002106736038, 0.6439761067270834, 0.06935099637733041, 0.8473369349589714, 0.7546680878382581, 0.9873007087844623, -0.7771591669428819, 0.9215779641102152, -0.09639830756486782, -0.8373961544531762, 0.7800894537593812, -0.35141735413457686, 0.9865896151454135, -0.653758549442562, -0.6434035504787894, 0.6858869971188191, -0.8369722675799927, 0.8332139340658677, 0.4849782674064915, -0.47012000226187756, -0.27347510622565996, 0.38161432175540305, -0.15971746578611223, -0.9127794032051715, -1.0, 0.7668200562450909, 0.7261215807654661, -0.14044630868847024, -0.8662397672035898, -0.7203861870649401, -0.04908212469971596, -0.36965168705987017, 1.0, -0.7634938158826262, 0.7043963937093093, 0.8648395420460238, 0.3509683148743492, -0.14413625520908857, -0.15505898908059, -0.7338916045474831, -0.21599239756045918, 0.761254899777974, 0.11895375883248076, 0.6321288249460086, 0.5587464834611854, -0.30873756362953475, -0.23943414304977437, -0.03395840717079123, 0.014435733931418643, 0.9101001018728134, 0.6227424317975794, 0.46877181557739567, 0.6245095232516416, 0.31449593009099486, 0.11256249029177907, -0.6750488117942025, 0.5104648361398327, 0.5197343734715876, -0.672781570589924, 0.30973267416610134, 0.984057525687269, -0.8753173424574512, -0.04856038998959923, 0.48459965919307635, -0.7654126364218727, -0.2916341702912082, -0.46114493346441043, 0.1584381396587744, -0.7485016796613722, 0.5912837053994622, -0.013388426951223442, -1.0, 0.013719373333368035, 0.7569939229007805, -0.4930341441208035, -0.03989176124333538, 0.6802455366654154, 0.17868409007930142, -0.44563123966557616, 0.0947076686328634, 0.2839521491025533, -0.8512851231829123, -0.47760028808356864, -0.9258301726101162, 0.12467319086810108, -0.557126236482414, -0.5482827349702516, 0.3703474013464114, -0.7386546681724158, -0.3778515206592272, 0.9532741688789808, 0.8380647182758674, 0.1359600569973048, 0.7701582921679428, -0.038527935972388155, -0.09087527105383031, -0.46408780338616556, -0.4940961830478739, -0.5433677671020207, -0.8242154690868191, 0.7044981316953316]
1019.9998168945312	(8, 12, 2)	[-0.5369954866000661, -0.12658452964252698, -0.8298337868109547, 0.03227715708225001, 0.9847483971794675, 0.9355566708880574, -0.6445112453560811, -0.0349409812512238, -0.2004141633494727, -0.14167903370185986, 0.35542789161482413, 0.5273624871838948, 0.9196094908153982, 0.7847712003035808, 0.14165853517334787, -0.9366021469668038, 0.23108362778281033, 0.37284966184464197, 0.04904999539425692, 0.8600002106736038, 0.861046009774388, 0.1948080332530968, 0.8473369349589714, 0.7546680878382581, 0.9873007087844623, -0.7771591669428819, 0.8889372797806976, -0.09639830756486782, -1.0, 0.7800894537593812, -0.35141735413457686, 0.9865896151454135, -0.652463867896345, -0.6522122090498286, 0.6923047576791822, -0.8825160879182776, 0.3561308244811354, 0.6680884795547473, -0.47012000226187756, -0.24801100089484399, 0.5527416588409713, -0.1733287735742006, -0.6647066873321101, -0.9427972990021509, 0.7668200562450909, 0.6309665543231262, -0.028326484508635286, -0.8662397672035898, -0.6914639685646322, 0.06472593693199934, -0.2572292960697085, 1.0, -0.7634938158826262, 0.7043963937093093, 0.6976632183998228, 0.3509683148743492, -0.14413625520908857, -0.1067693738356763, -0.7957474842792821, -0.21599239756045918, 0.761254899777974, 0.0722583754242545, 0.6321288249460086, 0.644956462864451, -0.2847197075163974, -0.23943414304977437, 0.11085999614777203, 0.3126344953766036, 1.0, 0.6227424317975794, 0.2534596160304927, 0.6245095232516416, 0.3280071002390829, 0.11256249029177907, -0.6160095591560781, 0.4236975337597511, 0.5197343734715876, -0.7550186708691159, 0.30973267416610134, 0.984057525687269, -0.8753173424574512, 0.0929602878275364, 0.48459965919307635, -0.7654126364218727, -0.2916341702912082, -0.29930972873811834, 0.07884228623672977, -0.7485016796613722, 0.5803078709258271, 0.1705934390785856, -0.9689533813030649, -0.1823215029939882, 0.7569939229007805, -0.4930341441208035, 0.07655815542545544, 0.6802455366654154, 0.17661301970005744, -0.44563123966557616, -0.15308197558566758, 0.3792633362270119, -0.23004238544082556, -0.3949767500233097, 0.4870982882375865, 0.12467319086810108, -0.6746669194227113, -0.6675793107853278, 0.17708480635929436, -0.8764517659900475, -0.9605553301069065, 0.9532741688789808, 0.8380647182758674, 0.12536635612823616, 0.7701582921679428, 0.11806146475822099, -0.05015685367468148, -0.46408780338616556, -0.521088197927156, -0.7521904613666948, -0.8242154690868191, 0.8309097493275066]
1019.9996337890625	(8, 12, 2)	[-0.5369954866000661, -0.12658452964252698, -0.8298337868109547, 0.017955683507051123, 1.0, 0.9355566708880574, -0.7458270422800158, -0.0349409812512238, -0.2004141633494727, -0.14167903370185986, 0.35542789161482413, 0.545129719064851, 0.9196094908153982, 0.6473672816700728, 0.14165853517334787, -0.9179923028797317, 0.23108362778281033, 0.16608925223145457, 0.04904999539425692, 0.8600002106736038, 0.6439761067270834, 0.09372827051327709, 0.8473369349589714, 0.7546680878382581, 0.9873007087844623, -0.7771591669428819, 0.8889372797806976, -0.00979137919062266, -1.0, 0.7800894537593812, -0.41733272911386465, 0.9865896151454135, -0.653758549442562, -0.6522122090498286, 0.6858869971188191, -0.8369722675799927, 0.8332139340658677, 0.4849782674064915, -0.47012000226187756, -0.27347510622565996, 0.5527416588409713, -0.1733287735742006, -0.9127794032051715, -1.0, 0.7668200562450909, 0.6309665543231262, -0.028326484508635286, -0.8662397672035898, -0.6456382007934326, -0.04908212469971596, -0.2572292960697085, 1.0, -0.9105871633053328, 0.7043963937093093, 0.6976632183998228, 0.4883163026975654, -0.8827295837850411, -0.07802561180845938, -0.7338916045474831, -0.21599239756045918, 0.761254899777974, 0.0722583754242545, 0.6348485616380658, 0.5762613953944141, -0.2847197075163974, -0.23943414304977437, 0.11085999614777203, 0.16923458506681177, 0.9101001018728134, -0.2839502676618975, 0.43689918186564336, 0.6082490551170483, 0.31449593009099486, 0.08604815630815893, -0.7186928359691257, 0.48486499885717904, 0.6062071015108007, -0.7550186708691159, 0.30973267416610134, 1.0, -0.8753173424574512, -0.11605494281950529, 0.5485835585450854, -0.7654126364218727, -0.2916341702912082, -0.11429319640168889, 0.1584381396587744, -0.7485016796613722, 0.5803078709258271, 0.029044369331510604, -0.9689533813030649, -0.23187971469532775, 0.9656557481675836, -0.4930341441208035, -0.03989176124333538, 0.6802455366654154, 0.17661301970005744, -0.6175027170259657, 0.0947076686328634, 0.3792633362270119, -0.8512851231829123, -0.3949767500233097, 0.5624639525379946, 0.6505149007251785, -0.6746669194227113, -0.7065687347510856, 0.3703474013464114, -0.6908730470587261, -1.0, 0.9532741688789808, 0.8614997276225074, 0.2309325075158006, 0.6507571908028073, 0.11806146475822099, -0.05015685367468148, -0.46408780338616556, -0.4940961830478739, -0.7521904613666948, -0.8242154690868191, 0.7044981316953316]
