101.99467468261719	(8, 12, 2)	[-0.20240971668031804, 0.9210069977498947, 0.012326520834245125, -0.8363151317542097, -0.5189550182378035, 0.9663512344810345, 0.8960416439075427, 0.35894745196883915, -0.7797049995880374, 0.27833964405597333, -0.23023097752882715, -0.22617593523749702, -0.505363935785275, 0.10505043501877331, -0.8869048368079928, 0.7770265896793873, -0.2130793457361353, 0.4430172530971137, -0.6516454892090038, 0.743533470048914, -0.4760476863527885, 0.5550512869363331, -0.4889870750271226, -0.882445291515517, 0.18114489848065096, 0.10641341942702831, 0.31591797715567393, -0.4668580670647464, 0.48462836225116135, 0.05108535814544912, 0.46868089207744434, -0.35268865645500647, -0.04583328577427026, 0.41685075128559257, -0.12178286765252233, -0.9113916709289664, 0.5614638179664035, 0.5523523061905302, -0.016437449935178927, 0.7651584394369262, 0.9488336345425388, 0.4115001152511224, -0.2950118761337168, -0.7618218065118589, -0.2923184742109377, 0.9540946280178892, 0.46954155216282345, -0.2857195461573401, -0.45261555602677417, -0.4662757386118388, 0.23933751466626307, 0.14744284308161948, 0.30630950068815266, -0.7478692903302779, -0.17979690413555982, 0.7044328934423483, 0.682492708740364, -0.9399827208270768, -0.40199004988207343, 0.8482077799630134, -0.7539321543591548, -0.16175557704407617, 0.668091904480083, -0.2897410903775788, 0.6683302381312684, 0.29671732725426647, -0.9276998679307507, 0.07598936388569966, 0.5477678820750225, -0.8877967755528962, 0.5764047825262337, -0.6491456100773287, -0.11673217431161342, 0.8133937937295117, -0.8611942294694319, 0.7374068164948469, -0.9956505055078839, -0.14094983568915742, -0.3682433198213537, 0.31073910427925644, 0.8637369442181744, 0.5857420734311425, 0.3300633013231433, -0.36600132320705625, -0.14305039264120745, -0.20964706762397056, 0.3845999851033488, -0.7780090947461069, 0.35207432678895945, -0.6421742838636495, 0.3068340022305227, 0.5069823000100322, -0.42251750476396577, 0.6724227052098477, 0.5684872932640224, 0.3517012834851436, -0.8118247679335564, 0.969080632799497, 0.23040327122960802, -0.682025966572865, 0.7712933888253901, 0.1781638381249968, 0.9106756619339702, -0.48166782657147533, 0.8345511497451248, -0.7613527353881702, 0.886207000011072, -0.7986023327332805, -0.24810054569139117, -0.9126698516942127, 0.568637161772291, -0.23599602336710856, -0.6725536451089023, -0.4764174864569768, -0.654452358646507, 0.9948657120419815, 0.03396611311276465, 0.4351031665016869, 0.22127002558510034, 0.5073285730584471]
101.99365234375	(8, 12, 2)	[-0.9646625015876502, 0.9096225212924474, 0.24122880025052984, 0.06656959027157261, 0.9759769469514519, 0.5490297529191857, 0.9203257574251671, 0.11937814844722405, -0.8834161985978506, 0.44790973451606386, -0.42903998001975263, 0.897477244675702, 0.4175549332497501, 0.3852005008161541, 0.5775336155473236, 0.16759796241139724, -0.1130592209952781, -0.5573012404172646, 0.18427725235188075, -0.011964690420623869, -0.5832302835959509, -0.28619553259876707, -0.756757666698866, 0.2793391160845391, -0.56625069392944, -0.5174329383866674, -0.02329692846565501, 0.7421632277735117, 0.3079020493354172, 0.5250415899439114, -0.528376060628805, 0.09078516734541342, -0.2712429562729597, 0.3085149345253946, -0.9295475596669207, 0.2999492942581119, -0.19074846174096094, -0.23070476884792956, 0.951073095698008, 0.5012329412690439, 0.7145216017352192, -0.8782863571065349, 0.6700869120496489, 0.09844074632190591, 0.2215114837251893, -0.7582336451620244, -0.19456691884523192, -0.5797807233866699, -0.4061791527848795, 0.9923051042581494, -0.003489780047546631, -0.22011650659243442, -0.9193463531198356, -0.8899090478924774, 0.6613637014276044, -0.04820376900615653, 0.7202189504403584, 0.37042251106881663, 0.3869306671903383, -0.6261623082864751, 0.6560538652653243, 0.19688474778817278, 0.3116813119643227, 0.4516607188843573, 0.00481190003301224, 0.3627129993585414, -0.4590205055205736, 0.4673205522886783, 0.7386908977621338, -0.4768818538694459, 0.3439273473673772, -0.1884704349739661, 0.31384604593556586, 0.6982731165362905, 0.6301063696805829, 0.9147505583554159, 0.146265908913648, 0.12652194004520045, -0.4879707935935649, -0.8456987373912139, -0.23840133500550853, 0.0488231212887944, -0.29467404662851693, -0.7400834525910711, 0.34110342773096636, 0.7382841717755704, 0.5239808231022025, 0.6641004489578897, -0.5814055711382431, -0.9751480898393912, -0.8807121738116608, 0.35568368789056226, -0.9129824456221931, 0.03160272698204247, 0.7402727097390409, -0.6982425199576381, 0.6301819602436796, -0.9219293194210496, -0.876996910646701, -0.3136837958352401, -0.9107397156227477, 0.941094238707177, 0.4558731318156255, 0.3456403745702319, 0.11420794233295428, 0.38115816004486125, 0.23731481272295762, 0.8153332087929095, 0.4153580663401486, -0.5657289976829658, -0.18070542915036314, -0.0649770978377413, -0.2848362419130832, -0.23999417141778734, 0.28192418493582294, 0.2983450077450758, -0.37008276553031827, -0.9491940127708121, 0.9096127082578107, -0.3008391744751342]
101.99266052246094	(8, 12, 2)	[-0.9646625015876502, 0.9096225212924474, 0.24122880025052984, 0.06656959027157261, 0.9759769469514519, 0.5490297529191857, 0.9203257574251671, 0.11937814844722405, -0.8834161985978506, 0.44790973451606386, -0.42903998001975263, 0.897477244675702, 0.4175549332497501, 0.3852005008161541, 0.5775336155473236, 0.16759796241139724, -0.1130592209952781, -0.5573012404172646, 0.18427725235188075, -0.011964690420623869, -0.5832302835959509, -0.28619553259876707, -0.756757666698866, 0.2793391160845391, -0.56625069392944, -0.5174329383866674, -0.02329692846565501, 0.7421632277735117, 0.3079020493354172, 0.5250415899439114, -0.528376060628805, 0.09078516734541342, -0.2712429562729597, 0.3085149345253946, -0.9295475596669207, 0.2999492942581119, -0.19074846174096094, -0.23070476884792956, 0.951073095698008, 0.5012329412690439, 0.7145216017352192, -0.8782863571065349, 0.6700869120496489, 0.09844074632190591, 0.2215114837251893, -0.7582336451620244, -0.19456691884523192, -0.5797807233866699, -0.4061791527848795, 0.9923051042581494, -0.003489780047546631, -0.22011650659243442, -0.9193463531198356, -0.8899090478924774, 0.6613637014276044, -0.04820376900615653, 0.7202189504403584, 0.37042251106881663, 0.3869306671903383, -0.6261623082864751, 0.6560538652653243, 0.19688474778817278, 0.3116813119643227, 0.4516607188843573, 0.00481190003301224, 0.3627129993585414, -0.4590205055205736, 0.4673205522886783, 0.7386908977621338, -0.4768818538694459, 0.3439273473673772, -0.1884704349739661, 0.31384604593556586, 0.6982731165362905, 0.6301063696805829, 0.9147505583554159, 0.146265908913648, 0.12652194004520045, -0.4879707935935649, -0.8456987373912139, -0.23840133500550853, 0.0488231212887944, -0.29467404662851693, -0.7400834525910711, 0.34110342773096636, 0.7382841717755704, 0.5239808231022025, 0.6641004489578897, -0.5814055711382431, -0.9751480898393912, -0.8807121738116608, 0.35568368789056226, -0.9129824456221931, 0.03160272698204247, 0.7402727097390409, -0.6982425199576381, 0.6301819602436796, -0.9219293194210496, -0.876996910646701, -0.3136837958352401, -0.9107397156227477, 0.941094238707177, 0.4558731318156255, 0.3456403745702319, 0.11420794233295428, 0.38115816004486125, 0.23731481272295762, 0.8153332087929095, 0.4153580663401486, -0.5657289976829658, -0.18070542915036314, -0.0649770978377413, -0.2848362419130832, -0.23999417141778734, 0.28192418493582294, 0.2983450077450758, -0.37008276553031827, -0.9491940127708121, 0.9096127082578107, -0.3008391744751342]
1.6676982641220093	(8, 12, 2)	[-0.09562101685550695, 0.6654327332541425, 0.08557674910999691, 0.8001275946433347, 0.7805850831526715, 0.9570981572829158, -0.8665114673308629, -0.024024701071177157, 0.3214913118616385, -0.44104415247025996, -0.4758572321260297, -0.11165832759559491, 0.1277915102000522, -0.7360849485639083, -0.43356631803231016, 0.6637024154722866, 0.4169622233871684, -0.06543876262241799, -0.2023237819505741, 0.2362275373426952, -0.8242079647456226, -0.06091572438337933, -0.16477496323935026, 0.6527791357838333, -0.04119160101803532, 0.47628222889133953, 0.27942663294940484, -0.39191107992638385, -0.18442586661764104, 0.9023748920552821, 0.10552769108710125, 0.2780712148530562, 0.9411025221992548, -0.949830882760976, 0.7664442197909971, -0.36617830484630876, 0.07962881882406636, 0.34367289688805447, -0.9110987745714514, 0.45781778340197965, 0.6569145387829678, -0.48192789829185645, 0.7488336071355497, 0.5731559991452515, -0.6923724834086298, 0.5198006494137328, -0.31163808384750413, -0.3554010146764357, -0.7805391649822735, -0.4447005153711312, -0.197787812454437, -0.6293110949331331, -0.6589054733147988, -0.7244856646170412, -0.25976991556449747, 0.09900563017012254, 0.045676975401374165, -0.6572310542919679, 0.52704929757922, 0.23127834896873556, 0.464034812452097, -0.5439971639176018, -0.3947075306517409, 0.2478449800530158, 0.41083196106438447, 0.14425732600845387, -0.7659988461555591, 0.9748423988004096, -0.06124288641374043, -0.23488234804183983, -0.39379466592521006, -0.8960700736515135, -0.9545816469144115, -0.11426940086311288, -0.4176904842751499, -0.2643918706275974, -0.4163357996434123, -0.14548414450422498, 0.6182169954748677, -0.5117044468665652, -0.1815097769113161, 0.2605342269256743, 0.011095388309837473, 0.21692080285237658, -0.24965787408086437, 0.6901195548625638, -0.9261953617211294, 0.1184290449590264, -0.49504606380182703, 0.48926342720848703, -0.35072142847909343, 0.04732174828673075, 0.8837562291040164, 0.662966719435562, -0.37333076882182237, 0.1118914618234148, 0.04597641680433617, 0.5846684962579662, -0.10838069538199946, 0.19616288930699755, -0.8628967904675657, 0.708316547374727, 0.9336722385719056, -0.26807313187162074, -0.9164965511224135, -0.9427325299719915, -0.4038519647645151, 0.5598718911775336, 0.45800150770792225, 0.9703703914400199, -0.502862834058678, -0.9183541791624061, -0.010624749438485015, 0.6074220304298006, 0.4265720797568775, -0.6432930450654915, -0.5172155208094336, 0.4528676648592116, 0.6946480277255789, -0.7292123128349006]
101.98260498046875	(8, 12, 2)	[0.9872864720514114, -0.18108679681438522, 0.0508618597727275, -0.2506931443233895, -0.9674474997281439, -0.3340437223456416, -0.8149426451055981, -0.6327245409078097, -0.4227409227296872, 0.020535767577423814, -0.528033312636039, 0.08989007292807827, 0.40115372710592334, 0.383100079915488, 0.40036015795802093, 0.1565903372147699, 0.6758023591910667, -0.4794811648686297, 0.8472693277917005, -0.15233292044559632, -0.4660122057256655, 0.2524790789971516, 0.11539091437586291, -0.7588728928570976, 0.7308253375939671, 0.5854982692683048, -0.3572930371372962, 0.04342948180246475, -0.2614861303474305, 0.1415406814825093, 0.958421282203975, -0.28531269612117516, 0.47887411952714243, -0.6539903244307836, 0.5587317631517865, -0.3925142639936021, 0.6516347177484627, 0.6133709897393242, 0.10844556673221595, -0.8604179520618662, 0.32654649407044145, 0.3192377648825928, 0.5853321062706319, -0.637976201871165, -0.30421772449706497, -0.7232483523785194, -0.22760309471469542, 0.9083265640213531, -0.35967964946356035, 0.10288921316129152, -0.08344418806105103, 0.13901177365711082, -0.8482202998472876, -0.57091197652071, 0.31519506871970515, 0.4745476023413939, 0.08696676979669737, 0.4565301741691594, 0.47885232143474177, -0.27876028138202624, -0.740638880472172, -0.045589591680414765, -0.5028539918774753, 0.5638964131006035, -0.8153927363062952, -0.9861872009258186, -0.8239456282977582, -0.5736340246006959, -0.6268750132141945, 0.1529458012908691, -0.7309170933757763, 0.40964494535215423, 0.6865456603243849, -0.4368906254829441, 0.12059182287971693, 0.2212604220108565, -0.5533408687147636, 0.8728303613139776, -0.1055344626040653, 0.3704140359691357, 0.5769501472766843, 0.25937606722977136, 0.41040445344775867, 0.5622870768532533, 0.31839200716515514, -0.3367529103871669, 0.9717802720181445, 0.8622392668335199, 0.4674876489555495, -0.8186907382744144, -0.9198453096167429, -0.2575253151700143, 0.8265633737429376, -0.09222433923230344, -0.9465842124610873, -0.8615354608173591, 0.4670841808478794, 0.4303170744173419, -0.8305337211140968, -0.1680235621627233, -0.214369994852329, -0.2683571929686557, -0.0058775626155964655, -0.9593989799662355, -0.8526748622980107, -0.1530998177866762, -0.6028755953365608, 0.04993073056936015, -0.25721336987273946, -0.18853243819737897, -0.4439974369409718, -0.7581403530231974, -0.6667187248230184, 0.41165531074014594, -0.9061566889451274, 0.8048368708374574, -0.3178723590147401, 0.35405047124676514, -0.7108190016494929, -0.7121583176029926]
101.9928970336914	(8, 12, 2)	[-0.317151244105516, 0.6365712646113886, -0.6793982282617821, 0.0096069243729211, -0.13078560208178658, 0.9484601281859881, 0.9365638930927063, -0.23310979685490563, 0.3893603265259862, 0.7318490051834248, 0.09576001448381932, 0.41327963544687574, 0.701159014355941, 0.8798075515156354, -0.2162467004414761, 0.6504865736885299, -0.042458733608784494, 0.7107332571362388, -0.07283176701716276, -0.7808415094956056, -0.11214828508783214, -0.30149762100775646, 0.5999864586580985, 0.35133084265211, 0.8769426711994359, -0.7103691507311412, -0.06861213112782205, 0.4052950078215576, 0.19804160846821373, -0.7511399123770242, 0.986155701058075, 0.32991248494979386, -0.33654635232224894, 0.3785927008016019, -0.27999811953010056, -0.9844699618850095, -0.17391384490649542, 0.34367289688805447, 0.997470979376722, -0.7722296429662212, -0.419133449794574, -0.0091880149058432, 0.14855167543905878, -0.9207271214898285, 0.9435734685269959, -0.8461151432888832, 0.7396827435086515, -0.859084145960769, 0.8111918004965957, 0.12297208492063216, -0.38412971158782727, -0.0325567591372562, 0.41428228320734717, -0.27549547055179247, 0.0396880304535272, -0.7201070276394543, -0.7811673952680145, 0.1996688172383676, 0.641641776373221, 0.23127834896873556, -0.19120313664743427, -0.40969855282195683, 0.8307500065321161, 0.8893150683515394, -0.015315726084437653, 0.413579062399444, -0.10458447396262249, -0.2883969095525596, 0.4462964868115622, 0.7992475422719136, -0.6322086176509143, 0.9431845623130228, -0.38472908613900625, -0.5603283653181848, -0.14695353869386985, 0.7155711023007338, -0.5238736145628591, -0.28456981686192795, 0.4522040374888723, 0.06112944566607026, -0.5641358657709514, -0.9425632565210529, 0.045353066083288374, -0.27598441900165427, 0.7012028466701339, -0.6787399733315791, 2.42315435425855e-05, 0.41160631098236955, 0.7298302638321814, 0.6207285369470148, -0.6118563805840684, 0.8848627488881395, -0.6358080520514677, 0.7878873782259823, -0.3771803196749146, -0.9705565794005144, -0.9290080459293335, 0.23466809574773584, -0.7993927234016618, -0.6121650186005343, -0.6593139348408028, 0.5240912650716412, 0.462562038549847, 0.18392188392730136, 0.24248000696863323, 0.11912142938730308, 0.17198808123542997, -0.7544616885272828, 0.2190921546842266, 0.5109509567319035, 0.6411345309583416, -0.14048348434279778, 0.09012730531031798, -0.21692702342932035, 0.00037529850199069514, 0.09230990302679576, -0.5750785603976651, -0.7812895729689742, 0.6460707940931254, -0.681387052489014]
101.98429870605469	(8, 12, 2)	[0.9557714245612214, 0.5175571888730244, -0.4471410965104936, 0.0096069243729211, -0.24193031682833732, 0.9663512344810345, 0.9999096443882882, 0.9587732144659102, -0.797049790525088, 0.4870891095954566, -0.6379563810623741, -0.059921029613738463, 0.02267856080532349, -0.4280155372221166, -0.9635671377895936, 0.10600057558701081, -0.042458733608784494, 0.2652698509820781, 0.30859341660950834, -0.7808415094956056, -0.3944003882410614, 0.5262923803947079, -0.5550819613128246, -0.4621059845879032, -0.939358689763359, -0.451771111537034, 0.4528291547772887, -0.6133181187593684, -0.26909101705001226, 0.059747739350773266, 0.77745654110143, 0.8215993830203816, 0.6393826384107146, 0.266166426322908, -0.35679630853957944, 0.2606532812643574, -0.6586249792194083, 0.6133709897393242, 0.9395272065754703, -0.34949785251312915, -0.766747817524587, -0.06544117132421334, 0.14855167543905878, 0.49121795548965275, 0.5664524498070576, 0.17077169875468967, 0.5482229437337949, 0.8426598818207733, 0.36833967684314395, -0.4662757386118388, -0.085231790052688, 0.2952166943711838, 0.41428228320734717, -0.7478692903302779, 0.0396880304535272, -0.28157803971889606, 0.8623314785225442, -0.6114114127505603, 0.09391395565014848, 0.7210251274220252, -0.5336414730239607, 0.17711580492578238, 0.8307500065321161, 0.5638964131006035, 0.9977034995377081, -0.506845404064534, 0.2694630587190703, 0.06146312472947213, 0.14529156208811989, -0.7742092031034562, -0.9080278986379644, -0.7018890186875981, -0.11306326069457917, 0.24993607302007437, 0.4998416589063399, -0.749517535206164, -0.5533408687147636, -0.6174715028151285, 0.4522040374888723, 0.06112944566607026, -0.5144218736136901, 0.14753454369693914, -0.1051241604394757, -0.6335835243752286, -0.9399293881565667, -0.5292364143189834, 0.8612377197288041, 0.9008622699300506, -0.7795238573045677, 0.10483821533651505, -0.6118563805840684, 0.08777994056913967, 0.7238968113348634, -0.803521850916441, 0.33580721708115613, -0.5124692705565774, -0.9290080459293335, 0.49584647775720914, 0.6244088803847552, 0.1656948173250794, 0.951968631201785, 0.708316547374727, 0.6554466169880733, 0.6031992545498608, -0.3448252934295608, -0.853528497586715, -0.018579582905673186, -0.8699274729059747, -0.256208854113676, 0.7908824129201578, -0.15099925078190668, 0.8933230952784079, -0.6667187248230184, 0.8206486568978166, -0.06294031577135106, -0.6861240009670122, 0.9851261970180218, -0.9203159273540289, -0.9032418244831222, 0.6928583551807341]
101.99031066894531	(8, 12, 2)	[0.9557714245612214, 0.5175571888730244, -0.4471410965104936, 0.0096069243729211, -0.24193031682833732, 0.9663512344810345, 0.9999096443882882, 0.9587732144659102, -0.797049790525088, 0.4870891095954566, -0.6379563810623741, -0.059921029613738463, 0.02267856080532349, -0.4280155372221166, -0.9635671377895936, 0.10600057558701081, -0.042458733608784494, 0.2652698509820781, 0.30859341660950834, -0.7808415094956056, -0.3944003882410614, 0.5262923803947079, -0.5550819613128246, -0.4621059845879032, -0.939358689763359, -0.451771111537034, 0.4528291547772887, -0.6133181187593684, -0.26909101705001226, 0.059747739350773266, 0.77745654110143, 0.8215993830203816, 0.6393826384107146, 0.266166426322908, -0.35679630853957944, 0.2606532812643574, -0.6586249792194083, 0.6133709897393242, 0.9395272065754703, -0.34949785251312915, -0.766747817524587, -0.06544117132421334, 0.14855167543905878, 0.49121795548965275, 0.5664524498070576, 0.17077169875468967, 0.5482229437337949, 0.8426598818207733, 0.36833967684314395, -0.4662757386118388, -0.085231790052688, 0.2952166943711838, 0.41428228320734717, -0.7478692903302779, 0.0396880304535272, -0.28157803971889606, 0.8623314785225442, -0.6114114127505603, 0.09391395565014848, 0.7210251274220252, -0.5336414730239607, 0.17711580492578238, 0.8307500065321161, 0.5638964131006035, 0.9977034995377081, -0.506845404064534, 0.2694630587190703, 0.06146312472947213, 0.14529156208811989, -0.7742092031034562, -0.9080278986379644, -0.7018890186875981, -0.11306326069457917, 0.24993607302007437, 0.4998416589063399, -0.749517535206164, -0.5533408687147636, -0.6174715028151285, 0.4522040374888723, 0.06112944566607026, -0.5144218736136901, 0.14753454369693914, -0.1051241604394757, -0.6335835243752286, -0.9399293881565667, -0.5292364143189834, 0.8612377197288041, 0.9008622699300506, -0.7795238573045677, 0.10483821533651505, -0.6118563805840684, 0.08777994056913967, 0.7238968113348634, -0.803521850916441, 0.33580721708115613, -0.5124692705565774, -0.9290080459293335, 0.49584647775720914, 0.6244088803847552, 0.1656948173250794, 0.951968631201785, 0.708316547374727, 0.6554466169880733, 0.6031992545498608, -0.3448252934295608, -0.853528497586715, -0.018579582905673186, -0.8699274729059747, -0.256208854113676, 0.7908824129201578, -0.15099925078190668, 0.8933230952784079, -0.6667187248230184, 0.8206486568978166, -0.06294031577135106, -0.6861240009670122, 0.9851261970180218, -0.9203159273540289, -0.9032418244831222, 0.6928583551807341]
101.99359893798828	(8, 12, 2)	[0.9557714245612214, 0.5175571888730244, -0.22726431164734318, 0.0096069243729211, 0.7331156408203507, -0.38351749661195916, 0.5457152419198206, 0.9587732144659102, 0.4557164204558397, 0.564339040878248, -0.4758572321260297, 0.32451077344289714, 0.02267856080532349, -0.5125938614239718, -0.9635671377895936, -0.5827839744678258, -0.042458733608784494, -0.06484643348837493, 0.30859341660950834, 0.900656395451571, -0.3944003882410614, 0.5262923803947079, -0.5550819613128246, -0.4621059845879032, 0.714978333655915, -0.451771111537034, 0.4528291547772887, -0.6133181187593684, -0.5127099554272294, 0.5481167251053987, 0.77745654110143, 0.8215993830203816, 0.6393826384107146, -0.7985078208496819, -0.5449088204395383, -0.9844699618850095, -0.17132310563404585, -0.036136968666360625, -0.04293858192154221, -0.34949785251312915, -0.419133449794574, -0.06544117132421334, -0.2950118761337168, -0.09227008515747515, 0.5664524498070576, 0.17077169875468967, 0.5482229437337949, 0.8426598818207733, 0.36833967684314395, -0.7313016166315152, -0.43659979601880394, 0.5998054400631281, 0.3088996997801414, -0.11079763031425216, -0.17979690413555982, -0.1592745739611101, 0.6804278880011789, -0.4752449793391107, 0.0768174869224223, 0.26698145564199294, -0.5336414730239607, -0.16175557704407617, -0.09090947775085612, 0.2478449800530158, 0.8375372419899005, 0.06035367402502012, 0.2694630587190703, 0.8145720694831495, 0.14529156208811989, -0.9170812096866525, -0.9164569734662904, 0.35311924452180543, -0.38472908613900625, 0.24993607302007437, -0.4176904842751499, -0.4069496838952995, -0.20903025445154721, 0.5396242265271949, -0.6975777175722635, -0.2287992010144464, -0.25935631698292005, -0.6006262118315829, 0.045353066083288374, -0.6335835243752286, -0.9399293881565667, -0.19420595199040802, 0.8152967786911011, -0.9287105695490496, -0.9324859870535147, -0.10304578550803178, -0.6118563805840684, 0.08777994056913967, 0.676926460001968, -0.803521850916441, 0.33580721708115613, -0.5124692705565774, -0.07999953511194002, 0.49584647775720914, -0.01353821103748265, 0.43190994497990154, -0.9458548031610379, -0.9789640822366747, 0.9004855384007764, 0.18392188392730136, 0.5956078593348411, -0.853528497586715, 0.5291487550661842, -0.8699274729059747, -0.8694471692040946, 0.6531315446758557, -0.2898236248710646, 0.8933230952784079, -0.885740432495598, -0.854110503675129, -0.44423274963357895, -0.6174313245599496, -0.9115250830384369, 0.6953158433424629, 0.9175066826291245, 0.6928583551807341]
101.99607849121094	(8, 12, 2)	[-0.8568096166035957, 0.7153182908230955, -0.4651005531012655, 0.5919636881078589, -0.5231951007533024, 0.14282682633430288, 0.7427723064227649, 0.8281719713103539, 0.1820574727135229, -0.44104415247025996, 0.8885625187095119, 0.6872008290242231, -0.18210163036181148, -0.5125938614239718, 0.5775336155473236, -0.31000208643770755, 0.9207660067656367, 0.35470520137567885, -0.15264145123379524, -0.17374863416180597, -0.4760476863527885, -0.3579124896684651, 0.7467927153755152, 0.35133084265211, -0.3682140251886161, -0.4911331161367763, -0.9210313867439579, 0.4052950078215576, -0.2632488747845312, -0.6731339848732416, -0.7139585861807285, 0.0813999448022249, -0.7132631399540619, -0.7985078208496819, -0.3548149557256628, 0.6015075624098556, 0.07962881882406636, 0.9423008196474987, 0.2780854856088977, -0.3721805299873011, 0.45010302928340495, 0.5297732349640369, -0.09768762361439376, -0.09227008515747515, -0.8574519649595198, 0.5198006494137328, 0.39832527964390385, 0.2681072128469686, 0.10927164300836356, 0.03894927252334868, -0.43659979601880394, 0.2952166943711838, -0.39054212972656055, -0.932895092122596, 0.6682932160693578, 0.4212833118005419, -0.365262724651904, -0.7288207349820659, 0.43198000808382775, -0.398231523934544, 0.8986010064314782, -0.4846172985823296, 0.6227464443968966, -0.8874723818229555, 0.8860741697554857, 0.02068497093935212, -0.194048469529446, 0.07598936388569966, 0.9271482694365647, 0.12705846686000277, 0.4809771195395889, 0.031150449171908123, -0.8386938399948314, -0.7815787452343155, 0.0006574277305699816, 0.5439541511332797, -0.20903025445154721, -0.942128809778167, 0.7112943868225106, -0.5542984749801678, -0.7255383993447286, 0.010999860401807782, -0.5388079032412145, 0.11035701260516806, 0.3925449279780038, 0.5607152463148342, 0.8612377197288041, -0.9287105695490496, 0.5928698452296437, -0.6383274274927082, -0.3639017434245324, 0.019206653314115307, 0.48823695375759746, 0.6341055733296612, -0.9465842124610873, 0.26570576237944477, -0.4649785799707644, 0.14008246806406977, -0.01353821103748265, 0.7957022383216921, -0.8628967904675657, -0.917606384962472, -0.25987084245489456, 0.9589287047298591, 0.4728675071259192, -0.7269149636317231, -0.5229402914120536, 0.346265552181433, 0.7018433032672242, -0.2521807429961873, -0.057927377032472416, -0.14048348434279778, 0.2647805258046262, -0.21692702342932035, 0.00037529850199069514, 0.2226933956949424, 0.9211182186480209, 0.7466939962725558, 0.3214329690565436, 0.13796078368195297]
101.99545288085938	(8, 12, 2)	[-0.8216203101170774, 0.9817259139399528, -0.22726431164734318, 0.5919636881078589, -0.36882648746921154, -0.2929934136410337, -0.90718705961473, -0.6327245409078097, -0.4227409227296872, -0.8519245498766249, 0.8885625187095119, 0.04445175868668705, -0.7729516002475163, 0.8213257823178428, -0.04034857968900596, 0.5653678393050492, -0.042458733608784494, -0.06484643348837493, 0.7973088234954244, 0.40220482432570925, -0.01604084373308079, -0.7227766114825713, 0.4807824238569012, 0.0028289201584392742, -0.1149534655209179, 0.5854982692683048, -0.9684978736300476, -0.15242266353760447, 0.8494272918886927, 0.1415406814825093, -0.49145698289727635, -0.07932095360970876, -0.038694223035834474, -0.6539903244307836, 0.08070972790386532, 0.5239453173086436, 0.8956441137037727, -0.2677807332740092, 0.10844556673221595, -0.3721805299873011, -0.15946702761313158, -0.3007456628693035, -0.49301249724137297, 0.380743045014986, -0.9673427142252957, 0.5194228130400727, 0.7396827435086515, 0.5323191721953593, 0.36833967684314395, 0.7245420280622343, -0.5612273463383186, -0.907186591184258, -0.8641239663638176, -0.0669102051229482, 0.12648233148902355, -0.4329992431355283, 0.08696676979669737, 0.5086393234981461, 0.3869306671903383, -0.398231523934544, 0.8986010064314782, -0.22944472257380943, -0.5300575631816322, -0.26786902466083196, 0.3158777864453042, 0.48195196127218964, 0.6467166884988378, -0.2883969095525596, -0.7289604554782256, -0.9170812096866525, -0.5634555975832166, 0.9843007733910618, 0.6665834023782773, 0.08850876871962376, 0.12059182287971693, -0.749517535206164, -0.999682923489468, 0.6993013393057939, -0.05292708538466506, 0.027472069704150393, -0.4647378854260784, 0.14753454369693914, 0.5398305550442162, 0.4455654479043576, -0.36608573755073825, -0.20964706762397056, 0.41217212496300903, 0.41160631098236955, 0.4674876489555495, -0.3167198336524095, -0.5345467239853965, 0.9881029117214832, 0.08552707019893835, -0.5385776820874744, 0.04457108919916064, 0.24471005629196796, -0.9290080459293335, -0.636115651291421, 0.3146381765830397, 0.7957022383216921, -0.9458548031610379, -0.917606384962472, -0.25987084245489456, -0.11799553894763881, 0.01820255507865398, -0.0458035437685691, 0.5496195709121279, 0.634304042177998, 0.1726490160138563, 0.9703703914400199, -0.06924279457159543, -0.7639244925319983, -0.1973076859500198, -0.9049690305781362, 0.5853119646203286, 0.09230990302679576, 0.0019712176405846105, 0.7006854270804368, -0.23881570908795346, 0.18030369721778827]
101.9942626953125	(8, 12, 2)	[0.2880663311951541, 0.5175571888730244, 0.6870665516574388, -0.7852532624115771, 0.7331156408203507, -0.3340437223456416, 0.8960416439075427, -0.2695404789762381, 0.3893603265259862, 0.0168396992361175, 0.2814211205169521, 0.6132520523119471, 0.9420579245835154, 0.3852005008161541, 0.5775336155473236, 0.16759796241139724, 0.8752118625418215, -0.4794811648686297, -0.8111174550870235, -0.11735999292494115, -0.4760476863527885, -0.3756693700160687, 0.6961372354438935, -0.02615407322212976, -0.5804277080740377, 0.21720297676512157, 0.4528291547772887, 0.32363151486037833, -0.09178409343083094, 0.24125083141387327, 0.77745654110143, -0.28531269612117516, 0.9863654031414639, -0.9439945355388533, 0.061936181129766066, -0.05370667625949466, -0.9877159562730804, -0.3964080038808633, -0.04293858192154221, 0.05701500784896618, 0.6189807041768526, -0.3007456628693035, -0.30699621182531245, -0.5689534821763296, -0.5267017611533062, 0.5194228130400727, -0.22760309471469542, 0.2681072128469686, -0.015577148644558392, 0.03894927252334868, 0.984490087939069, -0.002464968098781606, -0.27549002572882997, 0.5378930882761315, -0.7829397423697493, -0.7735861862490625, 0.26694410309520067, -0.1702190232937506, 0.52704929757922, 0.38618876552153303, -0.017000479200063978, -0.38042409537650324, -0.751147706271104, 0.5081524409978464, -0.9608775575599788, 0.02068497093935212, -0.665180845738792, 0.8145720694831495, -0.7289604554782256, -0.8853516787359992, 0.8017001049967009, 0.14568670885732615, -0.8580594952342091, 0.034556293514937275, -0.14695353869386985, -0.3120209234745934, -0.08877832013731068, 0.13220922870962748, -0.4406717554770254, -0.3249132783630375, -0.9382418412049827, 0.17314979595592384, -0.1051241604394757, 0.11035701260516806, -0.9399293881565667, 0.45156594319957444, 0.4939380019806783, -0.9236154948505213, 0.4674876489555495, -0.6651954927957431, -0.13973870141325073, 0.019206653314115307, 0.8265633737429376, -0.5385776820874744, -0.5400631624236101, -0.5024081378823104, -0.4649785799707644, -0.9995439972575733, -0.7617619728989901, 0.7021313755932004, -0.8628967904675657, -0.4416327705263523, -0.3551495174709569, 0.6031992545498608, -0.5964371994453184, -0.6382550788191459, 0.886207000011072, 0.04993073056936015, -0.9957731864207624, -0.2521807429961873, -0.06924279457159543, -0.23599602336710856, -0.29985642486186714, -0.21692702342932035, -0.9815934035944565, 1.0, 0.7887898334803474, 0.4351031665016869, -0.9032418244831222, -0.8387242027881796]
101.99545288085938	(8, 12, 2)	[-0.6107555647273366, 0.9096225212924474, -0.4651005531012655, 0.5919636881078589, -0.3812754443185371, -0.2929934136410337, 0.5457152419198206, -0.356708816182395, 0.4557164204558397, -0.6478031648463387, -0.23023097752882715, 0.6132520523119471, -0.18210163036181148, -0.5125938614239718, -0.7848828992911367, -0.6391910165499823, 0.9207660067656367, 0.6906527153815547, -0.7603115836190737, -0.16209382882642354, 0.6568712565607622, -0.7227766114825713, 0.4807824238569012, 0.35133084265211, 0.7308253375939671, -0.00611167355942599, 0.36641626147117523, 0.4052950078215576, -0.5127099554272294, -0.6731339848732416, 0.5962923998084904, -0.7658889941774578, 0.9863654031414639, -0.7985078208496819, 0.5587317631517865, 0.8377144430677315, -0.6586249792194083, 0.6133709897393242, 0.12148005590852962, -0.3721805299873011, 0.7145216017352192, -0.06544117132421334, -0.9941710458016095, -0.7421628737578394, -0.5267017611533062, 0.5198006494137328, -0.06240288257014259, 0.5814433468415134, 0.36833967684314395, -0.709444355177649, -0.43659979601880394, 0.14744284308161948, 0.7328157924540766, -0.5441902379245454, 0.5251196964722324, -0.7735861862490625, -0.7811673952680145, -0.5894224677204531, 0.0768174869224223, -0.398231523934544, -0.4160758263746991, -0.91741708356296, -0.9891743695872737, 0.2478449800530158, -0.5329354930025987, 0.02068497093935212, 0.4458906926498516, 0.07598936388569966, 0.9271482694365647, -0.9170812096866525, -0.9164569734662904, 0.35311924452180543, -0.8386938399948314, -0.32638633742454726, -0.4176904842751499, 0.518887748519705, -0.22392426463709014, 0.5407026832246722, -0.5207504482781189, -0.5542984749801678, -0.2509742805940326, -1.0, 0.045353066083288374, 0.5103883493461836, 0.3925449279780038, 0.9478783699279154, 0.41217212496300903, 0.41160631098236955, 0.4674876489555495, -0.0858448946940027, -0.6118563805840684, -0.20049407122141516, 0.0577607967684417, -0.5385776820874744, 0.33580721708115613, -0.5124692705565774, 0.2331962074773386, 0.49584647775720914, -0.01353821103748265, 0.7957022383216921, -0.9458548031610379, -0.917606384962472, 0.9004855384007764, 0.18392188392730136, 0.5956078593348411, -0.7269149636317231, -0.5229402914120536, 0.36657066309052766, -0.8694471692040946, 0.5734837159701425, -0.057927377032472416, 0.9911535430105631, -0.29647140124158344, 0.7156432421541279, 0.5548887234526426, -0.5705668300619123, 0.9806788916554388, 0.4351031665016869, 0.1252744175319715, 0.49285579867002216]
101.99085235595703	(8, 12, 2)	[-0.9265655114228701, 0.9096225212924474, 0.012326520834245125, 0.38162536798882746, -0.13078560208178658, 0.7311730680954153, 0.6276718853733887, 0.6360103306486824, -0.6465207886655733, -0.44104415247025996, 0.7388695141752673, 0.08989007292807827, 0.07534665923780026, 0.8646357329205026, 0.9112087416038215, -0.026797846098528318, -0.5806698803393135, 0.9835398254538272, 0.9181448881822123, 0.743533470048914, 0.13295029425361338, -0.7227766114825713, 0.8864696768729974, -0.9639993691879456, 0.22456311783917893, -0.5388133988801695, -0.565639449338883, 0.32363151486037833, -0.3160508837121383, 0.6027311185172779, -0.9414919091690241, 0.693935724432285, -0.9365524604086854, -0.8721386838597964, 0.5587317631517865, -1.0, -0.9877159562730804, 0.6133709897393242, 0.5823787605505173, 0.1481046661405958, 0.19009212937322872, -0.03647449276243342, 0.9605380780742476, -0.09227008515747515, -0.10655026950804403, 0.5198006494137328, 0.37736870097176545, 0.8426598818207733, 0.36833967684314395, -0.9537706227824398, -0.43659979601880394, -0.46652510049533724, 0.7261450223815258, -0.6127578961199771, 0.4769195087484733, 0.09900563017012254, -0.8275802712266143, -0.6114114127505603, 0.641641776373221, -0.398231523934544, -0.6897956377662464, 0.4598922561513459, -0.9891743695872737, 0.8374286800515709, -0.4143777310383989, 0.9404872781627056, -0.6682454317380233, -0.5736340246006959, 0.20278590687162035, 0.14474068809776264, 0.3439273473673772, 0.014396092576406616, -0.7614207595928528, -0.32638633742454726, 0.9987204440460471, 0.2212604220108565, -0.08877832013731068, 0.5407026832246722, -0.7505248239585691, -0.9189689347466188, -0.9382418412049827, 0.17314979595592384, -0.1051241604394757, 0.5103883493461836, 0.31839200716515514, -0.25266853130863104, 0.4939380019806783, -0.9236154948505213, 0.0828676308035019, 0.019480709669311702, -0.5736075502691298, 0.15940830326395816, 0.08552707019893835, -0.6800160683625103, -0.7910224110559663, -0.5124692705565774, 0.2331962074773386, -0.23532350843395688, 0.08420282155625913, 0.7021313755932004, 0.5165150361287432, -0.917606384962472, -0.9428069825133796, -0.9593989799662355, 0.5956078593348411, 0.11912142938730308, 0.04900367423513052, 0.36657066309052766, 0.022033470379472675, -0.18657326357489024, -0.7550349738835345, -0.9688555572049815, -0.4263401649881158, -0.4764174864569768, 0.5853119646203286, -0.9479513287849874, 0.7887898334803474, -0.37903808595448596, 0.22127002558510034, 0.6349757939328782]
101.99153900146484	(8, 12, 2)	[-0.6379969647586841, 0.6365712646113886, -0.3858663399409512, 0.8082321595558093, 0.9993452634065851, 0.5397363642489659, 0.7427723064227649, -0.356708816182395, 0.3893603265259862, -0.11981207649058945, 0.7388695141752673, -0.43025652652791657, 0.701159014355941, 0.8213257823178428, -0.9635671377895936, -0.31062727562019066, -0.5806698803393135, -0.24604179720093727, -0.2160288163885407, -0.1679762904662736, 0.13295029425361338, 0.17362122929385482, 0.15344127138284458, -0.9639993691879456, 0.35514484803139923, 0.9174154280039319, 0.4528291547772887, -0.6293419455169936, -0.7517504181666395, 0.05108535814544912, 0.6007187219923253, 0.693935724432285, -0.51007060566884, -0.35847203617001555, -0.5449088204395383, 0.8377144430677315, -0.6586249792194083, 0.3573276458085408, 0.8324436682175613, -0.3721805299873011, 0.19009212937322872, 0.5188816206262998, -0.9941710458016095, -0.1434434770630389, -0.10655026950804403, -0.7232483523785194, -0.7748856478331385, -0.2314601041488612, -0.8751575173009796, -0.709444355177649, -0.43659979601880394, 0.14744284308161948, -0.7165498220260046, -0.6127578961199771, 0.8822833164108437, -0.4329992431355283, -0.365262724651904, -0.7891644850344726, 0.3869306671903383, 0.8431958484284672, -0.6897956377662464, -0.22944472257380943, 0.8307500065321161, 0.6458745872387519, -0.3690995452825574, 0.9404872781627056, -0.662460508427342, 0.8145720694831495, 0.20278590687162035, 0.14474068809776264, 0.1666093687943095, 0.27056335735897336, -0.7614207595928528, 0.5337367635230266, 0.2880148768481632, 0.2212604220108565, -0.999682923489468, -0.5514331746427643, -0.05292708538466506, -0.24423408286027848, -0.9382418412049827, -0.9425632565210529, 0.41040445344775867, 0.5103883493461836, 0.31839200716515514, -0.20964706762397056, 0.14540509528853907, 0.9008622699300506, 0.0828676308035019, 0.5344448775975863, -0.8280917528929872, -0.4897531453078494, 0.08552707019893835, -0.6800160683625103, -0.37333076882182237, 0.24471005629196796, -0.9290080459293335, -0.23532350843395688, 0.3146381765830397, -0.3136837958352401, -0.48314297420579444, -0.917606384962472, -0.30666782694133543, -0.9593989799662355, -0.42596289854035807, -0.0458035437685691, -0.8512340097659992, 0.36657066309052766, 0.36351544092834587, -0.3183405136820434, -0.7550349738835345, -0.9409374919081461, -0.5856850535187332, 0.7156432421541279, -0.9666798539841392, 0.2226933956949424, -0.9941660789804585, -0.9678786847291854, -0.9032418244831222, 0.6349757939328782]
101.97245788574219	(8, 12, 2)	[-0.6107555647273366, 0.5513534055702545, 0.012326520834245125, -0.014265238328805774, -0.13078560208178658, 0.5263845361595069, 0.9999096443882882, -0.6327245409078097, -0.7797049995880374, -0.6478031648463387, -0.8549507810268151, -0.5973902896529066, 0.2673676017278708, 0.8646357329205026, -0.04034857968900596, -0.31062727562019066, -0.5806698803393135, 0.35470520137567885, 0.14088104426186154, 0.919178658613166, -0.11358973061133848, -0.7227766114825713, 0.4807824238569012, 0.46826888196735106, -0.3682140251886161, -0.06273373375837446, -0.02329692846565501, 0.32363151486037833, -0.3160508837121383, -0.7511399123770242, 0.7598799662984259, -0.7658889941774578, 1.0, -0.7985078208496819, 0.5587317631517865, -0.9844699618850095, -0.9877159562730804, 0.9156247579551164, 0.5823787605505173, 0.1481046661405958, 0.19009212937322872, 0.5188816206262998, -0.2950118761337168, 0.06187916103609048, 0.6806875715971459, 0.5194228130400727, 0.37736870097176545, -0.2721831110113544, 0.36833967684314395, -0.709444355177649, 0.984490087939069, 0.2952166943711838, -0.8641239663638176, 0.03180907403622113, 0.0396880304535272, 0.6765816731784164, -0.7811673952680145, -0.9399827208270768, 0.641641776373221, -0.6261623082864751, -0.6897956377662464, 0.4598922561513459, 0.8307500065321161, 0.2478449800530158, 0.3158777864453042, 0.14425732600845387, 0.8967613730078459, 0.07598936388569966, -0.06124288641374043, -0.1280637050092797, 0.3439273473673772, 0.5425706961313306, -0.02857376988870279, 0.034556293514937275, -0.17509111255524834, 0.2212604220108565, -0.16786823071888446, -0.6877812702502133, -0.7505248239585691, -0.02959113881757023, -0.9382418412049827, 0.5081609512924443, 0.41040445344775867, 0.11035701260516806, -0.9399293881565667, -0.20964706762397056, -0.7978807254660583, 0.27997706930611277, 0.0828676308035019, -0.14161159109383958, -0.5736075502691298, -0.4897531453078494, -0.9129824456221931, -0.6800160683625103, 0.288526365854201, -0.996868906509778, -0.8984471042702522, 0.2161174469433802, -0.7617619728989901, 0.17786055259090627, -0.48314297420579444, 0.0335406645705878, -0.9428069825133796, -0.11799553894763881, -0.5964371994453184, -0.1530998177866762, -0.5229402914120536, -0.8699274729059747, -0.1240323951883598, 0.24237805685391067, -0.06924279457159543, -0.5526905843195709, -0.29647140124158344, -0.4764174864569768, -0.44423274963357895, 0.037546869772528746, -0.9941660789804585, -0.9678786847291854, 0.4850932819917959, 0.5126811828343805]
101.96904754638672	(8, 12, 2)	[0.2880663311951541, 0.9096225212924474, -0.22726431164734318, -0.014265238328805774, -0.9674474997281439, 0.5397363642489659, 0.8960416439075427, 0.6714438224213672, 0.4557164204558397, -0.11981207649058945, 0.2814211205169521, 0.6132520523119471, -0.07389941062721425, 0.6869934024801674, 0.46925840175465017, -0.6391910165499823, -0.042458733608784494, 0.6906527153815547, 0.8871045586514197, -0.2826240288160662, -0.4660122057256655, -0.7227766114825713, 0.15344127138284458, 0.5762288427129771, 0.2850042861329796, -0.00611167355942599, -0.09786996178069061, 0.32363151486037833, -0.09178409343083094, 0.1415406814825093, 0.5408827688575413, 0.8124938674928053, -0.038694223035834474, -0.328926934599967, 0.061936181129766066, -0.05370667625949466, 0.8956441137037727, -0.036136968666360625, 0.738890529127346, -0.34949785251312915, 0.6285848587026756, -0.3007456628693035, -0.15636478662223685, 0.5731559991452515, 0.6806875715971459, 0.5194228130400727, -0.22760309471469542, 0.2681072128469686, 0.36833967684314395, -0.709444355177649, -0.43659979601880394, -0.002464968098781606, 0.29773852083095154, 0.7320813782835849, 0.5251196964722324, 0.2348513385312163, -0.7811673952680145, -0.21969877275848337, -0.591639216505552, 0.32214405828398585, -0.017000479200063978, -0.40969855282195683, 0.7079705907866227, -0.7447665022266658, -0.9998334877412018, 0.08883910483193325, 0.4458906926498516, 0.8145720694831495, -0.7289604554782256, -0.6792454134910186, 0.3439273473673772, 0.14568670885732615, -0.1338997048929691, -0.4776927602156247, 0.9369790847773036, 0.2212604220108565, -0.999682923489468, -0.28456981686192795, -0.5436735915697, -0.2287992010144464, -0.2509742805940326, -0.719461205078424, 0.045353066083288374, 0.4844707304827616, -0.16500114913084896, 0.45156594319957444, 0.4168235221130479, -0.9236154948505213, -0.4633454209978787, 0.5344448775975863, 0.0643530823189713, -0.7240780692204731, 0.0577607967684417, 0.995268401020434, 0.288526365854201, -0.5124692705565774, -0.9063152913332256, -0.6331898485089832, 0.3146381765830397, 0.7957022383216921, -0.8628967904675657, -0.4416327705263523, 0.39288186290990357, -0.11799553894763881, 0.5956078593348411, -0.7269149636317231, 0.17198808123542997, 0.346265552181433, -0.9957731864207624, -0.18657326357489024, -0.7550349738835345, 0.9911535430105631, 0.36963134146575394, 0.7156432421541279, 0.5853119646203286, -0.9479513287849874, 0.8771243742047241, 0.7006854270804368, -0.282275203774901, 0.1688116324660136]
101.99622344970703	(8, 12, 2)	[-0.8216203101170774, 0.5513534055702545, -0.22726431164734318, 0.5919636881078589, 0.38745483628165367, 0.6563461045538734, -0.7716076082512227, -0.2695404789762381, -0.7797049995880374, -0.332923235182621, 0.7388695141752673, 0.5921180573124627, 0.02267856080532349, 0.42008268172419433, 0.5775336155473236, -0.016847887563428365, -0.042458733608784494, -0.06484643348837493, -0.7603115836190737, -0.7594257094993524, -0.4760476863527885, 0.2524790789971516, 0.15344127138284458, -0.4621059845879032, -0.37189850694433696, -0.00611167355942599, 0.4528291547772887, 0.32363151486037833, -0.2632488747845312, 0.24125083141387327, -0.9414919091690241, 0.09078516734541342, -0.2712429562729597, 0.4712333199926457, 0.5587317631517865, 0.7724763151012508, -0.15276434238614203, -0.3964080038808633, -0.3730285267486977, 0.1481046661405958, 0.19009212937322872, -0.17880279492191886, -0.9941710458016095, -0.09227008515747515, 0.5664524498070576, 0.03433569325953248, 0.9168583258430627, 0.8152382197564358, 0.36833967684314395, -0.7844746743438162, 0.8398227257637714, 0.5998054400631281, -0.10673567928124172, -0.932895092122596, 0.9960210039056615, 0.09900563017012254, 0.08696676979669737, -0.6114114127505603, 0.4633411812769641, -0.8352226814915826, -0.6897956377662464, -0.22944472257380943, -0.8976138461749594, 0.2478449800530158, -0.9998334877412018, 0.7037758413680333, -0.6682454317380233, -0.08070570728546178, -0.06124288641374043, 0.14474068809776264, 0.1666093687943095, 0.35928444998218856, -0.38472908613900625, 0.034556293514937275, 0.12059182287971693, 0.40328899222950265, 0.5322227122093732, -0.28456981686192795, -0.5436735915697, 0.8879553219410375, -0.9382418412049827, 0.010999860401807782, -0.1051241604394757, -0.013418051814724885, -0.9399293881565667, 0.45156594319957444, 0.14540509528853907, 1.0, -0.34907390335468746, 0.43480466540296436, -0.13973870141325073, -0.4897531453078494, 0.676926460001968, 0.8841818214058472, 0.33580721708115613, -0.996868906509778, 0.8118083010312186, 0.23466809574773584, -0.05939572144807805, 0.17786055259090627, 0.7148762097735812, -0.5022964991222207, 0.9004855384007764, -0.9593989799662355, 0.4728675071259192, -0.0458035437685691, -1.0, -0.7544616885272828, -0.006389770530108585, 0.18616757566754003, 0.568637161772291, -0.9688555572049815, -0.1411563815794723, -0.9049690305781362, -0.16934699472558035, -0.5940407180750413, 0.7887898334803474, -0.8921587328714462, 0.23391791950917035, -0.6935670344045648]
101.99559020996094	(8, 12, 2)	[-0.8216203101170774, 0.6365712646113886, -0.22726431164734318, 0.283922107240071, 0.9993452634065851, -0.2929934136410337, 0.6276718853733887, 0.6714438224213672, 0.4557164204558397, -0.44104415247025996, -0.4708776312552663, 0.6132520523119471, 0.9420579245835154, 0.42008268172419433, 0.663693835826298, 0.5653678393050492, -0.042458733608784494, -0.06484643348837493, -0.2160288163885407, 0.40220482432570925, 0.13295029425361338, -0.7227766114825713, 0.15344127138284458, 0.35133084265211, -0.3682140251886161, -0.06273373375837446, -0.5915059692712551, 0.32363151486037833, -0.09178409343083094, 0.1415406814825093, -0.09734499883757297, -0.7658889941774578, -0.30108142652672565, 0.018515213228722294, -0.5449088204395383, -0.27741015836350047, 0.07915660766434085, 0.3573276458085408, 0.5898805579288168, -0.34949785251312915, 0.2524321711894637, -0.0091880149058432, -0.9941710458016095, -0.7421628737578394, 0.17970953246455035, -0.2717913670544667, 0.37736870097176545, 0.9083265640213531, -0.5671635107545783, 0.3525557640858401, -0.01243362062376252, 0.33487698634333474, -0.10673567928124172, -0.932895092122596, 0.0396880304535272, 0.4745476023413939, 0.8623314785225442, -0.6114114127505603, 0.12780054471395919, -0.398231523934544, -0.06754420660580585, -0.16175557704407617, -0.5028539918774753, -0.7447665022266658, -0.4143777310383989, 0.14425732600845387, 0.8967613730078459, -0.5916944685233912, 0.15438885096404964, -0.7742092031034562, 0.2901305709469808, 0.9843007733910618, -0.1338997048929691, 0.034556293514937275, -0.14695353869386985, 0.518887748519705, -0.08877832013731068, -0.5514331746427643, -0.7505248239585691, 0.31073910427925644, 0.5769501472766843, 0.5081609512924443, 0.16185958100477693, 0.11035701260516806, 0.3538589407301119, -0.8984343156555084, 0.41217212496300903, 0.8622392668335199, 0.5928698452296437, 0.567260599994059, -0.13973870141325073, -0.20049407122141516, -0.9129824456221931, -0.6800160683625103, -0.7910224110559663, 0.3517012834851436, -0.44023856996353716, 0.2161174469433802, -0.7993927234016618, 0.7795514276666371, 0.0036737493743737026, -0.4416327705263523, 0.2885170745477106, 0.9589287047298591, 0.5956078593348411, -0.1626109207097166, 0.06091986968709073, -0.8951357519258294, 0.36351544092834587, 0.9703703914400199, -0.7550349738835345, 0.14118012384954115, 0.7655102362769768, -0.4764174864569768, -0.16934699472558035, -0.334245532860856, -0.9941660789804585, 0.6953158433424629, -0.8856283999523022, 0.49285579867002216]
101.9951171875	(8, 12, 2)	[-0.6379969647586841, 0.9096225212924474, 0.0508618597727275, -0.014265238328805774, 0.8738787807874653, -0.2929934136410337, -0.90718705961473, 0.6360103306486824, 0.40861170246788237, -0.6478031648463387, 0.7388695141752673, 0.08989007292807827, 0.9420579245835154, 0.42008268172419433, 0.9112087416038215, 0.5653678393050492, 0.6879743295157605, -0.5713294464269603, 0.30859341660950834, 0.2362275373426952, -0.4660122057256655, 0.2524790789971516, 0.10736381247871146, -0.3912916415134793, -0.3682140251886161, -0.4673057703951604, -0.9210313867439579, -0.6293419455169936, -0.26909101705001226, -0.30063902013326044, 0.5408827688575413, -0.14442383968598893, 0.47887411952714243, 0.02053309712054019, 0.5587317631517865, -0.05370667625949466, 0.8956441137037727, 0.3573276458085408, 0.6193316180016337, 0.41435479090370597, 0.45010302928340495, -0.8782712316782939, -0.49301249724137297, 0.5731559991452515, -0.10655026950804403, 0.4720235653835899, -0.12408381821334458, -0.2721831110113544, 0.3091484368710269, 0.7245420280622343, -0.43659979601880394, 0.04488823676777597, 0.03865062581209942, -0.7240544332979479, -0.9748239074941685, 0.5901137552374647, -0.7811673952680145, -0.5894224677204531, 0.3869306671903383, 0.8431958484284672, 0.8986010064314782, 0.4598922561513459, 0.3116813119643227, 0.2478449800530158, 0.00481190003301224, 0.049113707014457164, -0.662460508427342, -0.5916944685233912, -0.7289604554782256, -0.6999153368583481, -0.5634555975832166, 0.9431845623130228, -0.8580594952342091, -0.7815787452343155, 0.2880148768481632, 0.2212604220108565, -0.999682923489468, -0.36920414108769495, -0.5207504482781189, -0.9189689347466188, -0.9382418412049827, 0.17314979595592384, -0.1051241604394757, 0.11035701260516806, -0.04851239454253253, -0.20964706762397056, 0.4939380019806783, -0.9059948755383463, -0.25729944924189074, 0.5309748644191836, -0.5345467239853965, 0.019206653314115307, 0.08552707019893835, 0.5945085028720064, 0.288526365854201, -0.8615354608173591, -0.07999953511194002, -0.23532350843395688, -0.7993927234016618, 0.7021313755932004, -0.9458548031610379, -0.917606384962472, 0.9004855384007764, -0.9593989799662355, -0.5964371994453184, -0.6382550788191459, -0.6028755953365608, -0.8699274729059747, 0.36776894850905495, -0.3183405136820434, -0.7550349738835345, -0.9688555572049815, -0.4263401649881158, -0.4764174864569768, -0.9666798539841392, 0.8048368708374574, 0.03396611311276465, 0.6953158433424629, 0.22127002558510034, -0.6680392875325298]
101.99561309814453	(8, 12, 2)	[-0.8216203101170774, 0.6365712646113886, 0.0508618597727275, 0.5919636881078589, 0.9993452634065851, 0.7311730680954153, 0.5457152419198206, 0.35890266386113323, -0.7797049995880374, 0.8772826028666008, -0.38165638909582467, 0.6132520523119471, -0.18210163036181148, 0.34892238202936365, 0.5775336155473236, 0.6504865736885299, -0.042458733608784494, -0.5573012404172646, 0.14088104426186154, -0.07156508109231291, 0.26078954802901877, 0.42699815159902665, 1.0, 0.9152542874610663, -0.3682140251886161, 0.21720297676512157, 0.36641626147117523, 0.3391067160682855, 0.48462836225116135, -0.057027156893586284, -0.09734499883757297, 0.09078516734541342, -0.644005670996242, -0.35847203617001555, -0.18820942513216732, -0.9844699618850095, 0.8956441137037727, 0.3573276458085408, 0.738890529127346, -0.34949785251312915, -0.6662355907945889, -0.0091880149058432, 0.9605380780742476, -0.46536702917473727, -0.32448470331858914, -0.2717913670544667, 0.9168583258430627, 0.9083265640213531, 0.36833967684314395, 0.7245420280622343, -0.085231790052688, 0.14744284308161948, -0.7165498220260046, 0.1913962726036288, -0.7829397423697493, -0.7992151405965809, -0.6251851725280986, -0.7288207349820659, 0.12780054471395919, 0.8431958484284672, -0.06754420660580585, 0.19688474778817278, 0.8307500065321161, 0.6458745872387519, -0.4143777310383989, 0.02068497093935212, -0.6682454317380233, -0.5916944685233912, 0.20278590687162035, -0.7742092031034562, 0.8017001049967009, 0.4509671429717591, -0.16454186251839364, -0.32638633742454726, -0.8611942294694319, 0.2212604220108565, -0.16786823071888446, -0.36920414108769495, -0.5048885986294792, 0.8879553219410375, -0.9382418412049827, 0.010999860401807782, -0.8716611894561715, 0.11035701260516806, -0.8893596505444383, -0.20964706762397056, 0.14540509528853907, -0.9287105695490496, 0.4674876489555495, -0.10304578550803178, -0.5345467239853965, -0.7240780692204731, 0.0577607967684417, 0.5460722717148663, -0.28543030277785086, -0.996868906509778, 0.2331962074773386, -0.636115651291421, -0.7993927234016618, 0.9856224849203263, -0.9458548031610379, -0.917606384962472, 0.39288186290990357, 0.9589287047298591, 0.18276295140819743, -0.6156218547674208, -0.5229402914120536, -0.7493458110958169, 0.7018433032672242, -0.18657326357489024, 0.9089495405803043, 0.9911535430105631, -0.5103497507689965, 0.8206486568978166, -0.9815934035944565, -0.9479513287849874, -0.3178723590147401, -0.37903808595448596, 0.22127002558510034, 0.3943867122041744]
101.98927307128906	(8, 12, 2)	[-0.9667664463576067, 0.5513534055702545, 0.0508618597727275, 0.8082321595558093, -0.34269950686037043, 0.5263845361595069, 0.6276718853733887, 0.0485725875454146, 0.4557164204558397, 0.8772826028666008, -0.38165638909582467, 0.6132520523119471, -0.18210163036181148, 0.42008268172419433, 0.663693835826298, -0.31062727562019066, -0.042458733608784494, -0.06484643348837493, 0.14088104426186154, -0.17374863416180597, -0.4660122057256655, -0.32221073598174477, 0.6961372354438935, -0.5367347004597769, -0.5413703631881239, -0.4911331161367763, -0.02329692846565501, 0.044262413145424784, 0.5253478779061009, 0.24125083141387327, 0.5962923998084904, 0.8215993830203816, -0.21425628857718748, -0.35847203617001555, 0.5587317631517865, -0.05370667625949466, -0.9877159562730804, -0.2677807332740092, -0.8009464564451589, 0.46297298535240405, -0.13750754725904057, -0.3007456628693035, -0.9941710458016095, 0.3716938219406634, 0.6806875715971459, 0.8545459812337866, 0.7396827435086515, -0.2314601041488612, 0.6902597119828473, 0.10288921316129152, -0.43659979601880394, 0.25154468315690265, 0.7328157924540766, 0.3241717584559505, -0.21054533579572632, -0.4329992431355283, 0.08696676979669737, -0.5894224677204531, 0.71004956008269, 0.32214405828398585, -0.6897956377662464, 0.4598922561513459, -0.8976138461749594, -0.7447665022266658, -0.07017908612063373, 0.9404872781627056, -0.6682454317380233, -0.08070570728546178, -0.06124288641374043, 0.14474068809776264, 0.3439273473673772, 0.14568670885732615, -0.31740885092289495, -0.32638633742454726, 0.12059182287971693, 0.2212604220108565, -0.11677535485106882, -0.5514331746427643, -0.7505248239585691, 0.8879553219410375, -0.9382418412049827, 0.11529337403561146, 0.3300633013231433, 0.11035701260516806, 0.4735861470481568, -0.20964706762397056, 0.4939380019806783, -0.9236154948505213, -0.34907390335468746, 0.5344448775975863, -0.13973870141325073, -0.7240780692204731, 0.676926460001968, 0.5460722717148663, 0.288526365854201, -0.05652683391766833, -0.4649785799707644, 0.5664569022624639, -0.10838069538199946, 0.7795514276666371, -0.8628967904675657, -0.5022964991222207, -0.9428069825133796, 0.9171123485728764, -0.9578294122039946, -0.0458035437685691, -0.018579582905673186, 0.346265552181433, -0.9214028071572657, -0.18657326357489024, -0.7550349738835345, 0.9911535430105631, 0.36963134146575394, -0.9333492240007322, -0.9815934035944565, -0.6174313245599496, -1.0, 0.7006854270804368, 0.22127002558510034, 0.5126811828343805]
101.9911880493164	(8, 12, 2)	[-0.6107555647273366, 0.9210069977498947, -0.22726431164734318, 0.41368452577787157, 0.9993452634065851, 0.45233243295564196, 0.6276718853733887, 0.6714438224213672, 0.3893603265259862, -0.44104415247025996, -0.38165638909582467, 0.41327963544687574, -0.07389941062721425, 0.42008268172419433, 0.6475426754517839, -0.026797846098528318, -0.042458733608784494, 0.9835398254538272, -0.7603115836190737, -0.21191966650914273, 0.13295029425361338, 0.30441911739348076, 0.17543386755844392, -0.5367347004597769, -0.5804277080740377, -0.06273373375837446, -0.09786996178069061, 0.32363151486037833, 0.48462836225116135, 0.1415406814825093, -0.09734499883757297, 0.693935724432285, 0.9863654031414639, -0.7985078208496819, -0.5449088204395383, -0.9317144896427056, 0.8956441137037727, 0.8021255936670751, 0.10844556673221595, -0.34949785251312915, 0.19009212937322872, -0.06544117132421334, 0.9605380780742476, 0.06187916103609048, 0.6806875715971459, -0.11685502722912508, 0.5482229437337949, -0.2721831110113544, -0.5671635107545783, 0.03894927252334868, 0.27058881582163463, 0.2952166943711838, 0.10450467217404769, -0.0669102051229482, -0.21054533579572632, -0.7735861862490625, -0.8275802712266143, -0.6114114127505603, -0.6911062981945337, 0.32214405828398585, -0.4160758263746991, 0.4598922561513459, -0.09090947775085612, -0.8636553736026646, -0.3690995452825574, 0.14425732600845387, -0.6682454317380233, -0.5916944685233912, 0.15438885096404964, -0.7742092031034562, 0.8017001049967009, 0.14568670885732615, -0.1368842701360944, -0.4776927602156247, 0.12059182287971693, 0.518887748519705, -0.08877832013731068, -0.5514331746427643, -0.5436735915697, 0.027472069704150393, 0.7855754644277135, 0.5081609512924443, -0.6922667963607663, 0.9038095688007259, 0.31839200716515514, -0.20964706762397056, 0.4939380019806783, 0.9008622699300506, 0.5928698452296437, -0.10304578550803178, -0.5736075502691298, -0.5939771691789981, -0.9129824456221931, 0.5460722717148663, -0.16117749525552244, -0.996868906509778, -0.9063152913332256, -0.12111324940960348, -0.10838069538199946, 0.7795514276666371, 0.5165150361287432, -0.4416327705263523, -0.9428069825133796, -0.9593989799662355, 0.5956078593348411, -0.6382550788191459, -0.8512340097659992, 0.04993073056936015, 0.1726490160138563, 0.5734837159701425, -0.32568578503529655, 0.9911535430105631, 0.36963134146575394, -0.4764174864569768, -0.44423274963357895, 0.8048368708374574, 0.9211182186480209, -0.9678786847291854, 0.22127002558510034, -0.32580100002199286]
101.99603271484375	(8, 12, 2)	[-0.8216203101170774, 0.9210069977498947, -0.22726431164734318, 0.41368452577787157, 0.9993452634065851, 0.45233243295564196, 0.6276718853733887, 0.35890266386113323, -0.7797049995880374, -0.44104415247025996, -0.38165638909582467, 0.41327963544687574, -0.18210163036181148, 0.42008268172419433, 0.5770179799140926, -0.026797846098528318, 0.04336845348805582, -0.5573012404172646, 0.14088104426186154, -0.21191966650914273, 0.26078954802901877, -0.7227766114825713, 0.17543386755844392, -0.5367347004597769, -0.3682140251886161, 0.21720297676512157, -0.09786996178069061, 0.3562447613021201, 0.48462836225116135, 0.1415406814825093, 0.5962923998084904, 0.09078516734541342, -0.644005670996242, -0.7985078208496819, -0.5449088204395383, -0.9317144896427056, 0.8956441137037727, 0.3573276458085408, 0.10844556673221595, -0.34949785251312915, -0.6662355907945889, -0.0091880149058432, 0.9605380780742476, 0.06187916103609048, -0.7874289893763733, -0.2717913670544667, 0.9168583258430627, 0.9083265640213531, -0.5671635107545783, 0.7245420280622343, -0.085231790052688, 0.2952166943711838, -0.7165498220260046, -0.0669102051229482, -0.21054533579572632, 0.8775748891946011, -0.6251851725280986, -0.7288207349820659, -0.6911062981945337, 0.7210251274220252, -0.4160758263746991, 0.4598922561513459, 0.8307500065321161, 0.5081524409978464, -0.3690995452825574, 0.14425732600845387, 0.19131918743764342, -0.5916944685233912, 0.20278590687162035, -0.7742092031034562, 0.3439273473673772, 0.4509671429717591, -0.1368842701360944, -0.4776927602156247, 0.12059182287971693, 0.518887748519705, -0.16786823071888446, -0.36920414108769495, -0.2812692487079802, -0.12569608831603374, -0.34154788771950595, -0.29079318587552394, -0.8716611894561715, 0.11035701260516806, 0.31839200716515514, -0.20964706762397056, 0.4939380019806783, 0.9008622699300506, 0.08447218335702342, -0.10304578550803178, -0.5345467239853965, -0.5939771691789981, 0.8265633737429376, 0.5460722717148663, -0.16117749525552244, -0.996868906509778, 0.2331962074773386, -0.12111324940960348, -0.10838069538199946, 0.7795514276666371, 0.5165150361287432, -0.4416327705263523, 0.9004855384007764, -0.9593989799662355, 0.18276295140819743, -0.6382550788191459, -0.8512340097659992, -0.7544616885272828, 0.7018433032672242, 0.24237805685391067, -0.32568578503529655, 0.9911535430105631, 0.36963134146575394, -0.4764174864569768, -0.44423274963357895, -0.6174313245599496, 0.7887898334803474, -0.37903808595448596, 0.22127002558510034, 0.3943867122041744]
101.99506378173828	(8, 12, 2)	[-0.8216203101170774, 0.9817259139399528, -0.4471410965104936, 0.2486513987381375, 0.6076375383739782, 0.7311730680954153, 0.4965797949754468, 0.35890266386113323, 0.4557164204558397, -0.11981207649058945, 0.7388695141752673, 0.6132520523119471, 0.9495079480791989, 0.8646357329205026, 0.663693835826298, -0.31062727562019066, -0.042458733608784494, -0.4794811648686297, 0.14088104426186154, 0.2362275373426952, -0.4660122057256655, -0.7227766114825713, 0.5238417535771052, 0.5762288427129771, -0.3682140251886161, -0.0255266182993896, 0.4528291547772887, 0.32363151486037833, 0.48462836225116135, -0.30063902013326044, -0.49145698289727635, 0.8215993830203816, -0.038694223035834474, -0.6539903244307836, -0.5449088204395383, -0.9844699618850095, -0.9877159562730804, -0.036136968666360625, -0.04293858192154221, -0.34949785251312915, 0.45010302928340495, -0.3007456628693035, -0.2950118761337168, 0.06187916103609048, -0.32448470331858914, 0.740797548563551, 0.37736870097176545, 0.8426598818207733, 0.36833967684314395, 0.3525557640858401, 0.984490087939069, 0.2952166943711838, 0.9890646724865244, 0.3241717584559505, -0.7829397423697493, 0.8775748891946011, 0.8623314785225442, 0.12082539684288429, -0.6911062981945337, 0.7210251274220252, -0.4160758263746991, 0.4598922561513459, 0.8307500065321161, 0.2478449800530158, 0.3158777864453042, 0.14425732600845387, -0.6682454317380233, -0.0405712651261468, -0.19658676445777745, -0.7742092031034562, 0.3439273473673772, 0.5425706961313306, -0.7585932760503926, -0.32638633742454726, -0.17509111255524834, 0.518887748519705, -0.999682923489468, -0.5514331746427643, -0.2812692487079802, -0.12569608831603374, 0.5769501472766843, 0.010999860401807782, 0.41040445344775867, 0.4455654479043576, 0.5650764380040953, -0.3083015392334543, 0.4939380019806783, -0.9287105695490496, 0.5460110213108943, -0.12121489290015983, -0.5345467239853965, -0.20049407122141516, 0.8265633737429376, 0.960252890950797, -0.5400631624236101, -0.5024081378823104, 0.8118083010312186, -0.013087424576598219, 0.3146381765830397, 0.17118919627290763, 0.0036737493743737026, -0.4416327705263523, 0.39288186290990357, 0.9589287047298591, 0.5956078593348411, -0.0458035437685691, 0.6027998109622654, 0.346265552181433, -0.006389770530108585, -0.18657326357489024, 0.9089495405803043, 0.9911535430105631, 0.7655102362769768, -0.4764174864569768, -0.44423274963357895, -0.6174313245599496, -1.0, 0.6953158433424629, -0.282275203774901, 0.6349757939328782]
101.9891357421875	(8, 12, 2)	[-0.8216203101170774, 0.9817259139399528, 0.012326520834245125, 1.0, 0.38745483628165367, 0.45233243295564196, 0.5457152419198206, 0.35890266386113323, 0.4557164204558397, -0.6478031648463387, 0.4907382208208433, 0.08989007292807827, 0.701159014355941, 0.8213257823178428, 0.09475171666729043, -0.6391910165499823, -0.042458733608784494, -0.3703862513527325, -0.15264145123379524, -0.16209382882642354, 0.6568712565607622, 0.42821491694005154, -0.3267507437454882, 0.8143085862106334, -0.9445757333225582, 0.21720297676512157, -0.09786996178069061, 0.32363151486037833, 0.48462836225116135, 0.7638404384460586, 0.6007187219923253, -0.14442383968598893, -0.038694223035834474, -0.7985078208496819, -0.5449088204395383, -0.9844699618850095, 0.433295412851468, 0.3573276458085408, 0.10844556673221595, -0.34949785251312915, 0.45010302928340495, -0.8782712316782939, -0.8894659207872376, 0.06187916103609048, 0.6806875715971459, 0.4720235653835899, 0.9168583258430627, 0.7088467931157442, 0.36833967684314395, -0.7844746743438162, 0.27058881582163463, -0.46652510049533724, -0.8641239663638176, 0.1350711053525302, -0.7829397423697493, 0.5901137552374647, -0.7811673952680145, -0.5894224677204531, 0.3869306671903383, 0.32214405828398585, 0.8986010064314782, 0.4598922561513459, -0.8976138461749594, -0.7447665022266658, -0.12548115494827755, 0.14425732600845387, 0.19131918743764342, -0.5916944685233912, 0.20278590687162035, -0.6792454134910186, 0.2901305709469808, 0.4509671429717591, -0.7614207595928528, -0.4776927602156247, 0.12059182287971693, 0.2212604220108565, -0.08877832013731068, -0.942128809778167, -0.05292708538466506, 0.027472069704150393, -0.9382418412049827, 0.5081609512924443, 0.41040445344775867, 0.11035701260516806, -0.3461610604169277, -0.5919705242799556, -0.7978807254660583, -0.9059948755383463, 0.39886013033928297, -0.07302377203446125, -0.13973870141325073, -0.7240780692204731, 0.8265633737429376, 0.5460722717148663, 0.288526365854201, -0.05652683391766833, -0.8984471042702522, 0.5664569022624639, 0.6244088803847552, 0.43190994497990154, -0.9458548031610379, -1.0, 0.2885170745477106, -0.8508671376833097, 0.5956078593348411, -0.1530998177866762, -0.5229402914120536, -0.7986023327332805, -0.006389770530108585, -0.18657326357489024, -0.7550349738835345, -0.9394793146150263, -0.33859477934831084, -0.9333492240007322, -0.16934699472558035, -0.4153310333800524, 0.7887898334803474, -0.9709785230236165, -0.9378672698083824, 0.18413446992409654]
101.96957397460938	(8, 12, 2)	[-0.8568096166035957, 0.40679042403813426, -0.5007157907083977, 1.0, 0.9993452634065851, 0.5397363642489659, 0.5613200843399404, 0.6714438224213672, 0.4557164204558397, 0.8772826028666008, -0.38165638909582467, -0.7181604174564915, -0.18210163036181148, 0.5352094067023967, 0.09475171666729043, 0.026262526513869816, -0.042458733608784494, 0.036812646051842535, -0.2160288163885407, -0.16209382882642354, 0.28434833124800496, 0.2524790789971516, -0.3267507437454882, -0.4621059845879032, -0.5804277080740377, -0.09093798454738033, 0.36641626147117523, 0.40318595690506354, 0.28253148823641583, -0.7511399123770242, 0.5962923998084904, 0.8215993830203816, -0.21425628857718748, -0.7985078208496819, 0.4834901562677594, -0.9317144896427056, 0.8956441137037727, 0.6133709897393242, 0.7350554732618949, 0.1481046661405958, 0.2524321711894637, -0.8782712316782939, 0.9605380780742476, 0.06187916103609048, -0.7874289893763733, 0.4720235653835899, 0.5482229437337949, -0.2721831110113544, -0.5671635107545783, 0.10288921316129152, 0.03597316201027323, 0.6839626395507316, -0.10673567928124172, -0.7240544332979479, 0.5251196964722324, -0.7735861862490625, -0.7811673952680145, 0.5086393234981461, -0.6911062981945337, 0.32214405828398585, -0.4160758263746991, 0.4598922561513459, 0.8307500065321161, -0.823385011936314, -0.4271231840621956, 0.049113707014457164, -0.662460508427342, -0.0405712651261468, 0.31278706026280556, -0.6999153368583481, 0.2901305709469808, 0.9843007733910618, -0.7614207595928528, 0.046376255915860705, 0.2880148768481632, 0.05938099443923067, -0.999682923489468, -0.36920414108769495, -0.7505248239585691, -0.2287992010144464, 0.7855754644277135, 0.39664423556009526, 0.41040445344775867, 0.11035701260516806, 0.3538589407301119, -0.6787399733315791, 2.42315435425855e-05, 0.9008622699300506, -0.4633454209978787, -0.10304578550803178, -0.5736075502691298, -0.4897531453078494, -0.9129824456221931, 0.5460722717148663, -0.16117749525552244, -0.8615354608173591, -0.44023856996353716, -0.636115651291421, -0.7993927234016618, 0.43190994497990154, 0.5165150361287432, -0.4416327705263523, 0.9004855384007764, -0.14294982255884325, -0.5964371994453184, -0.6382550788191459, 0.34852314002192286, -0.7986023327332805, 0.7018433032672242, -0.6310325600309163, -0.7550349738835345, 0.14118012384954115, -0.3548213844365579, 0.7156432421541279, -0.16934699472558035, -0.334245532860856, 0.7887898334803474, 0.6953158433424629, -0.9378672698083824, 0.6928583551807341]
101.99131774902344	(8, 12, 2)	[-0.9265655114228701, 0.9817259139399528, 0.21992101306270528, 0.8082321595558093, -0.13982896113315402, 0.5263845361595069, 0.5613200843399404, 0.0485725875454146, -0.7797049995880374, 0.8772826028666008, -0.4708776312552663, -0.43025652652791657, -0.18210163036181148, 0.19477166895319303, 0.663693835826298, -0.31062727562019066, 0.9207660067656367, -0.4794811648686297, -0.15264145123379524, -0.16209382882642354, -0.4660122057256655, 0.14571869363717255, 0.6961372354438935, 0.8143085862106334, -0.939358689763359, -0.4814468850430471, -0.5516790357383542, -0.15242266353760447, 0.48462836225116135, 0.7638404384460586, -0.09734499883757297, -0.14442383968598893, -0.30108142652672565, -0.7985078208496819, -0.5449088204395383, 0.6015075624098556, 0.433295412851468, 0.5923280812617611, 0.8324436682175613, 0.46297298535240405, 0.19009212937322872, -0.8782712316782939, 0.9605380780742476, 0.3716938219406634, 0.6806875715971459, 0.740797548563551, 0.7396827435086515, 0.7088467931157442, 0.6902597119828473, -0.709444355177649, 0.27058881582163463, 0.5998054400631281, -0.8641239663638176, 0.3241717584559505, -0.21054533579572632, -0.4329992431355283, -0.8275802712266143, -0.6834416907147046, 0.30463357055737506, 0.23127834896873556, -0.017000479200063978, 0.4598922561513459, -0.8976138461749594, -0.7447665022266658, -0.4143777310383989, 0.08883910483193325, 0.19131918743764342, -0.08070570728546178, -0.19658676445777745, -0.2877331137952568, 0.2901305709469808, 0.5425706961313306, -0.7614207595928528, -0.7815787452343155, 0.2880148768481632, 0.518887748519705, -0.999682923489468, -0.9423164768283139, -0.7505248239585691, 0.8486217256150134, -0.9382418412049827, 0.5081609512924443, 0.41040445344775867, -0.36600132320705625, 0.4735861470481568, 0.45156594319957444, 0.4939380019806783, 0.9008622699300506, 0.3930964541824995, 0.43480466540296436, -0.13973870141325073, 0.8402718825564176, 0.8265633737429376, 0.5460722717148663, -0.7910224110559663, -0.5024081378823104, -0.8118247679335564, 0.5664569022624639, -0.10426564525631923, 0.7021313755932004, -0.48314297420579444, -0.33782839658891645, 0.2885170745477106, 0.6377446461845241, 0.6307319257317807, -0.6156218547674208, 0.04900367423513052, -0.827632625987354, -0.020669981650587532, 0.24237805685391067, -0.7550349738835345, 0.9911535430105631, 0.36963134146575394, -0.4764174864569768, -0.9815934035944565, -0.4811787712306574, -0.9941660789804585, -0.37903808595448596, -0.282275203774901, 0.6349757939328782]
101.99314880371094	(8, 12, 2)	[-0.6379969647586841, 0.9817259139399528, 0.012326520834245125, 0.9031679625979373, -0.3812754443185371, 0.5397363642489659, -0.2460251901852753, -0.21755620391364028, -0.7797049995880374, -0.8519245498766249, 0.34032356366219685, 0.6132520523119471, -0.18210163036181148, 0.9338192054246293, 0.09475171666729043, 0.5653678393050492, -0.042458733608784494, -0.24604179720093727, -0.5459043515450599, -0.11735999292494115, 0.13295029425361338, 0.42821491694005154, 1.0, 0.0028289201584392742, -0.3682140251886161, 0.21720297676512157, -0.10393880667925144, -0.6293419455169936, -0.3160508837121383, 0.6027311185172779, -0.09734499883757297, -0.14442383968598893, -0.30108142652672565, 0.018515213228722294, 0.10442718676055218, -0.05370667625949466, -0.9877159562730804, 0.5923280812617611, 0.8324436682175613, -0.34949785251312915, 0.33270213654650826, -0.9348077868866749, -0.2950118761337168, 0.5731559991452515, -0.10655026950804403, -0.011876764219185015, -0.22760309471469542, -0.2314601041488612, -0.5671635107545783, 0.3525557640858401, 0.984490087939069, -0.002464968098781606, -0.8641239663638176, -0.932895092122596, -0.7829397423697493, -0.7992151405965809, -0.7811673952680145, -0.6114114127505603, -0.6911062981945337, -0.9474682817089687, -0.740638880472172, -0.22944472257380943, -0.5651231064444104, 0.2478449800530158, -0.12548115494827755, 0.9404872781627056, -0.6682454317380233, -0.5916944685233912, -0.06124288641374043, -0.2877331137952568, 0.3439273473673772, 0.5425706961313306, -0.7614207595928528, -0.8596635686383864, -0.1507621234930593, 0.2212604220108565, -0.11677535485106882, -0.5514331746427643, -0.5048885986294792, 0.8879553219410375, 0.7855754644277135, 0.5081609512924443, -0.1051241604394757, -0.36600132320705625, -0.8893596505444383, 0.4821914729789925, -0.7844797182928595, 0.8622392668335199, 0.4674876489555495, 0.43480466540296436, -0.13973870141325073, 0.7769949379265795, 0.0577607967684417, -0.6800160683625103, 0.288526365854201, -0.05652683391766833, -0.9290080459293335, -0.636115651291421, 0.08420282155625913, 0.7117144861791536, -0.9458548031610379, -0.4416327705263523, 0.2885170745477106, -0.11799553894763881, 0.4728675071259192, -0.6382550788191459, 0.5496195709121279, -0.7986023327332805, -0.020669981650587532, 0.9703703914400199, -0.06924279457159543, -0.5526905843195709, -0.4263401649881158, 0.8206486568978166, -0.9815934035944565, -0.5940407180750413, -1.0, -0.9709785230236165, 0.9175066826291245, 0.3943867122041744]
101.99364471435547	(8, 12, 2)	[-0.6379969647586841, 0.9817259139399528, 0.012326520834245125, 0.9031679625979373, -0.3812754443185371, 0.5397363642489659, -0.2460251901852753, -0.21755620391364028, -0.7797049995880374, -0.8519245498766249, 0.34032356366219685, 0.6132520523119471, -0.18210163036181148, 0.9338192054246293, 0.09475171666729043, 0.5653678393050492, -0.042458733608784494, -0.24604179720093727, -0.5459043515450599, -0.11735999292494115, 0.13295029425361338, 0.42821491694005154, 1.0, 0.0028289201584392742, -0.3682140251886161, 0.21720297676512157, -0.10393880667925144, -0.6293419455169936, -0.3160508837121383, 0.6027311185172779, -0.09734499883757297, -0.14442383968598893, -0.30108142652672565, 0.018515213228722294, 0.10442718676055218, -0.05370667625949466, -0.9877159562730804, 0.5923280812617611, 0.8324436682175613, -0.34949785251312915, 0.33270213654650826, -0.9348077868866749, -0.2950118761337168, 0.5731559991452515, -0.10655026950804403, -0.011876764219185015, -0.22760309471469542, -0.2314601041488612, -0.5671635107545783, 0.3525557640858401, 0.984490087939069, -0.002464968098781606, -0.8641239663638176, -0.932895092122596, -0.7829397423697493, -0.7992151405965809, -0.7811673952680145, -0.6114114127505603, -0.6911062981945337, -0.9474682817089687, -0.740638880472172, -0.22944472257380943, -0.5651231064444104, 0.2478449800530158, -0.12548115494827755, 0.9404872781627056, -0.6682454317380233, -0.5916944685233912, -0.06124288641374043, -0.2877331137952568, 0.3439273473673772, 0.5425706961313306, -0.7614207595928528, -0.8596635686383864, -0.1507621234930593, 0.2212604220108565, -0.11677535485106882, -0.5514331746427643, -0.5048885986294792, 0.8879553219410375, 0.7855754644277135, 0.5081609512924443, -0.1051241604394757, -0.36600132320705625, -0.8893596505444383, 0.4821914729789925, -0.7844797182928595, 0.8622392668335199, 0.4674876489555495, 0.43480466540296436, -0.13973870141325073, 0.7769949379265795, 0.0577607967684417, -0.6800160683625103, 0.288526365854201, -0.05652683391766833, -0.9290080459293335, -0.636115651291421, 0.08420282155625913, 0.7117144861791536, -0.9458548031610379, -0.4416327705263523, 0.2885170745477106, -0.11799553894763881, 0.4728675071259192, -0.6382550788191459, 0.5496195709121279, -0.7986023327332805, -0.020669981650587532, 0.9703703914400199, -0.06924279457159543, -0.5526905843195709, -0.4263401649881158, 0.8206486568978166, -0.9815934035944565, -0.5940407180750413, -1.0, -0.9709785230236165, 0.9175066826291245, 0.3943867122041744]
101.97624969482422	(8, 12, 2)	[-0.8216203101170774, 0.9817259139399528, -0.24405132099489263, 0.8082321595558093, 0.9759769469514519, 0.5397363642489659, 0.6378720928322148, 0.35890266386113323, 0.4557164204558397, -0.44104415247025996, -0.38165638909582467, -0.7883617231857454, 0.9495079480791989, 0.19477166895319303, 0.09475171666729043, 0.5653678393050492, 0.04336845348805582, -0.3703862513527325, -0.8111174550870235, -0.16209382882642354, 0.13027323236456725, 0.2524790789971516, 0.8864696768729974, 0.5762288427129771, -0.3682140251886161, 0.21720297676512157, -0.5516790357383542, 0.5473239845025419, 0.48462836225116135, 0.24125083141387327, -0.09734499883757297, -0.5698215133292119, 0.9863654031414639, -0.7985078208496819, -0.5449088204395383, -0.9844699618850095, 0.13621053615335854, -0.036136968666360625, 0.10844556673221595, -0.3721805299873011, 0.16192397168267902, -0.03647449276243342, 0.9431928694482287, -0.09227008515747515, -0.10655026950804403, 0.5198006494137328, 0.5482229437337949, -0.289104677501617, 0.29073842530224475, 0.7245420280622343, 0.984490087939069, 0.5998054400631281, -0.6743842601963834, -0.932895092122596, 0.4769195087484733, 0.8775748891946011, -0.6251851725280986, 0.1475834501789806, 0.641641776373221, -0.398231523934544, -0.740638880472172, -0.40871074155163334, 0.8307500065321161, -0.7202661591307494, -0.3690995452825574, 0.14425732600845387, 0.8967613730078459, -0.0405712651261468, 0.20278590687162035, -0.6792454134910186, -0.5634555975832166, 0.27056335735897336, -0.31740885092289495, -0.32638633742454726, -0.1507621234930593, 0.518887748519705, -0.08877832013731068, -0.942128809778167, -0.05292708538466506, -0.12569608831603374, 0.7855754644277135, 0.5081609512924443, 0.41040445344775867, 0.11035701260516806, 0.3538589407301119, -0.20964706762397056, -0.6028129172406905, 0.9008622699300506, 0.0828676308035019, -0.07302377203446125, -0.13973870141325073, 0.7769949379265795, -0.9129824456221931, 0.960252890950797, -0.16117749525552244, -0.5124692705565774, -0.855802104200225, 0.5664569022624639, 0.415865593054247, 0.7795514276666371, -0.8628967904675657, -0.917606384962472, 0.4523663381588128, -0.9593989799662355, 0.6307319257317807, -0.0458035437685691, -0.8512340097659992, -0.7986023327332805, 0.7018433032672242, 0.9703703914400199, -0.7550349738835345, -0.5526905843195709, 0.36963134146575394, -0.9333492240007322, -0.16934699472558035, -0.6174313245599496, -0.9941660789804585, -0.9678786847291854, 0.1252744175319715, 0.18413446992409654]
101.99469757080078	(8, 12, 2)	[-0.9667664463576067, 0.9642130119241001, 0.012326520834245125, 0.5919636881078589, 0.38745483628165367, -0.2929934136410337, 0.669352467164285, 0.35890266386113323, -0.7797049995880374, -0.6478031648463387, -0.4708776312552663, -0.43025652652791657, 0.9495079480791989, 0.8383217025676029, 0.09475171666729043, 0.5653678393050492, 0.03920183773673944, -0.24604179720093727, -0.15264145123379524, 0.29269316184242045, 0.13295029425361338, 0.43832592242253293, 0.6961372354438935, 0.5762288427129771, -0.939358689763359, 0.21720297676512157, -0.09786996178069061, -0.15242266353760447, 0.48462836225116135, 0.6027311185172779, -0.09734499883757297, -0.14442383968598893, -0.2712429562729597, -0.7985078208496819, -0.18820942513216732, -0.9844699618850095, 0.433295412851468, -0.036136968666360625, -0.0372524956816573, -0.34949785251312915, 0.45010302928340495, -0.03647449276243342, -0.0807735178386742, 0.06187916103609048, 0.6806875715971459, 0.8545459812337866, -0.22760309471469542, 0.7088467931157442, 0.36833967684314395, 0.5564657152039054, 0.984490087939069, 0.5998054400631281, -0.7165498220260046, -0.932895092122596, 0.12648233148902355, -0.4329992431355283, -0.6251851725280986, 0.7455557279245588, 0.3869306671903383, 0.23127834896873556, 0.8986010064314782, 0.4598922561513459, 0.3116813119643227, -0.823385011936314, -0.12548115494827755, 0.08883910483193325, 0.19131918743764342, -0.5916944685233912, -0.06124288641374043, -0.2877331137952568, 0.3439273473673772, 0.5425706961313306, -0.8386938399948314, -0.4776927602156247, 0.2880148768481632, 0.518887748519705, -0.999682923489468, -0.5514331746427643, -0.7505248239585691, 0.5067755627459097, -0.9382418412049827, -0.29079318587552394, -0.1051241604394757, 0.11035701260516806, 0.4735861470481568, -0.20964706762397056, 0.4939380019806783, 0.9008622699300506, 0.5928698452296437, 0.43480466540296436, -0.5345467239853965, -0.7240780692204731, 0.8265633737429376, 0.5460722717148663, -0.20188191482873785, -0.05652683391766833, -0.9290080459293335, 0.5664569022624639, -0.7993927234016618, 0.6973343520062557, -0.9458548031610379, -0.917606384962472, 0.39288186290990357, -0.11799553894763881, 0.5956078593348411, -0.0458035437685691, -0.8512340097659992, -0.827632625987354, -0.020669981650587532, 0.24237805685391067, 0.7763880841869817, -0.9394793146150263, -0.33859477934831084, -0.4764174864569768, -0.16934699472558035, -0.27938763310932224, -1.0, -0.37903808595448596, -0.282275203774901, 0.6349757939328782]
101.97589111328125	(8, 12, 2)	[-0.9667664463576067, 0.6293633699666265, -0.4471410965104936, 0.8082321595558093, 0.9993452634065851, 0.45233243295564196, -0.2460251901852753, 0.7089607874172107, 0.3893603265259862, 0.6351580552034459, -0.38165638909582467, -0.43025652652791657, 0.9495079480791989, 0.8213257823178428, 0.09475171666729043, 0.5653678393050492, 0.04336845348805582, -0.24604179720093727, 0.14088104426186154, -0.11735999292494115, 0.13295029425361338, 0.14571869363717255, 0.15252058808175578, 0.5762288427129771, -0.3682140251886161, 0.21720297676512157, -0.09786996178069061, 0.5473239845025419, 0.48462836225116135, 0.7638404384460586, -0.09734499883757297, -0.14442383968598893, 0.9863654031414639, -0.35847203617001555, -0.5449088204395383, -1.0, 0.07915660766434085, -0.036136968666360625, -0.0372524956816573, -0.22108388045422633, 0.19009212937322872, -0.0091880149058432, -0.49301249724137297, 0.06187916103609048, 0.6806875715971459, 0.8545459812337866, 0.37736870097176545, 0.8092258145483614, -0.5671635107545783, 0.7245420280622343, -0.085231790052688, 0.5998054400631281, -0.8641239663638176, 0.1350711053525302, 0.5251196964722324, 0.8775748891946011, -0.6251851725280986, -0.6834416907147046, -0.6911062981945337, 0.23127834896873556, 0.8986010064314782, 0.19688474778817278, -0.09090947775085612, -0.7447665022266658, -0.07017908612063373, 0.14425732600845387, 0.19131918743764342, -0.08070570728546178, -0.06124288641374043, -0.2877331137952568, -0.5634555975832166, -0.7018890186875981, -0.16454186251839364, 0.034556293514937275, -0.1553722506315232, 0.4436840807098341, -0.35123733158978254, -0.5514331746427643, 0.7112943868225106, -0.968706801743067, -0.9382418412049827, -0.29079318587552394, -0.1051241604394757, 0.9038095688007259, 0.31839200716515514, 0.45156594319957444, 0.4939380019806783, 0.9008622699300506, 0.4674876489555495, -0.07302377203446125, -0.13973870141325073, -0.7240780692204731, 0.14630083908692226, 0.6341055733296612, -0.28543030277785086, -0.05652683391766833, -0.8984471042702522, 0.5664569022624639, 0.104277605233969, 0.7117144861791536, -0.8628967904675657, -0.917606384962472, 0.4523663381588128, -0.9593989799662355, -0.9578294122039946, -0.0458035437685691, -0.8512340097659992, -0.7986023327332805, -0.9214028071572657, 0.9703703914400199, -0.7550349738835345, -0.9394793146150263, -0.3548213844365579, -0.854110503675129, -0.16934699472558035, -0.9479513287849874, 0.9211182186480209, 0.35405047124676514, -0.23881570908795346, 0.6349757939328782]
101.98965454101562	(8, 12, 2)	[-0.6379969647586841, 0.9210069977498947, 0.012326520834245125, 0.9031679625979373, -0.13078560208178658, 0.5397363642489659, -0.2460251901852753, 0.9587732144659102, 0.40861170246788237, -0.44104415247025996, -0.38165638909582467, -0.7181604174564915, 0.9679278142582063, 0.9338192054246293, 0.09475171666729043, -0.31062727562019066, -0.042458733608784494, -0.24604179720093727, -0.2160288163885407, -0.11735999292494115, -0.4660122057256655, 0.14571869363717255, -0.3267507437454882, 0.8143085862106334, -0.3682140251886161, -0.09093798454738033, -0.10393880667925144, 0.3070189423960844, -0.3160508837121383, 0.24125083141387327, 0.6007187219923253, -0.31424500188273946, -0.30108142652672565, -0.7985078208496819, 0.10442718676055218, -0.05370667625949466, 0.18444116227235544, 0.5923280812617611, 0.8324436682175613, 0.46297298535240405, 0.45010302928340495, -0.06544117132421334, 0.9431928694482287, -0.09227008515747515, -0.5579287282864482, -0.7396841410902997, -0.22760309471469542, -0.2721831110113544, -0.3994341075361141, 0.3525557640858401, 0.27058881582163463, -0.1291103614300832, -0.8641239663638176, -0.7240544332979479, -0.7829397423697493, -0.7992151405965809, -0.7811673952680145, -0.5894224677204531, 0.3869306671903383, 0.32214405828398585, -0.4160758263746991, 0.4598922561513459, 0.3116813119643227, -0.7447665022266658, -0.9998334877412018, 0.049113707014457164, -0.6682454317380233, -0.05370855526906758, -0.06124288641374043, -0.1280637050092797, 0.2901305709469808, 0.5425706961313306, 0.6865456603243849, -0.7815787452343155, -0.8611942294694319, 0.2212604220108565, -0.2986075766405717, -0.36920414108769495, -0.5048885986294792, -0.9189689347466188, 0.5769501472766843, 0.5377474335584217, -0.1051241604394757, 0.4844707304827616, 0.4735861470481568, -0.20964706762397056, -0.7978807254660583, 0.8622392668335199, 0.39886013033928297, -0.6383274274927082, -0.5736075502691298, -0.7240780692204731, 0.0577607967684417, 0.5460722717148663, 0.288526365854201, -0.05652683391766833, -0.9063152913332256, -0.636115651291421, 0.6244088803847552, 0.7117144861791536, -0.8628967904675657, -0.4416327705263523, 0.2885170745477106, -0.8508671376833097, 0.18276295140819743, -0.6156218547674208, 0.5496195709121279, -0.7493458110958169, -0.020669981650587532, 0.24237805685391067, -0.7550349738835345, -0.9394793146150263, 0.21957825746015303, -0.4764174864569768, -0.9815934035944565, -0.334245532860856, 0.7887898334803474, -0.9709785230236165, 0.22127002558510034, 0.3943867122041744]
101.83545684814453	(8, 12, 2)	[-0.9667664463576067, 0.9210069977498947, -0.4471410965104936, 0.38162536798882746, 0.9993452634065851, 0.5397363642489659, 0.5613200843399404, 0.35890266386113323, -0.7797049995880374, -0.44104415247025996, -0.4708776312552663, 0.08989007292807827, 0.07955255741634576, 0.34892238202936365, 0.663693835826298, -0.026797846098528318, 0.04336845348805582, 0.036812646051842535, -0.15264145123379524, -0.11735999292494115, 0.13295029425361338, -0.7227766114825713, 0.15252058808175578, 0.5762288427129771, -0.3682140251886161, 0.21720297676512157, -0.9210313867439579, 0.32363151486037833, -0.3160508837121383, 0.24125083141387327, 0.6007187219923253, -0.14442383968598893, -0.30108142652672565, 0.018515213228722294, 0.5587317631517865, -0.9844699618850095, -0.9877159562730804, 0.5923280812617611, 0.8324436682175613, -0.34949785251312915, 0.19009212937322872, -0.06544117132421334, -0.9941710458016095, 0.6253375084205811, -0.5579287282864482, 0.7573174736697723, -0.22760309471469542, 0.7088467931157442, 0.36833967684314395, -0.709444355177649, 0.984490087939069, 0.2952166943711838, -0.8641239663638176, 0.1350711053525302, 0.12648233148902355, -0.7735861862490625, -0.7811673952680145, 0.12082539684288429, 0.641641776373221, -0.9474682817089687, -0.740638880472172, 0.19688474778817278, 0.8307500065321161, -0.823385011936314, -0.12548115494827755, 0.049113707014457164, 0.19131918743764342, -0.08070570728546178, -0.06124288641374043, 0.14474068809776264, -0.5297074811674041, 0.5425706961313306, -0.7614207595928528, 0.02544750094047073, 0.22273351142719688, 0.518887748519705, -0.999682923489468, -0.942128809778167, 0.9010001001324581, -0.9189689347466188, -0.9382418412049827, -0.4299546806585139, -0.6922667963607663, 0.4844707304827616, 0.47164510723488756, 0.45156594319957444, 0.4939380019806783, 0.8622392668335199, 0.5928698452296437, 0.019480709669311702, -0.5345467239853965, 0.8402718825564176, 0.676926460001968, 0.5460722717148663, -0.20188191482873785, -0.5024081378823104, -0.9290080459293335, 0.5664569022624639, -0.7993927234016618, 0.7117144861791536, -0.9458548031610379, -0.917606384962472, 0.39288186290990357, -0.11799553894763881, -0.5964371994453184, -0.0458035437685691, 0.34852314002192286, 0.04993073056936015, -0.9214028071572657, -0.18657326357489024, -0.7550349738835345, 0.9911535430105631, -0.4263401649881158, -0.4764174864569768, -0.44423274963357895, -0.6174313245599496, -1.0, -0.9709785230236165, 0.22127002558510034, 0.18413446992409654]
101.98164367675781	(8, 12, 2)	[-0.8216203101170774, 0.9210069977498947, -0.22726431164734318, 0.2486513987381375, -0.13078560208178658, 0.5397363642489659, 0.6276718853733887, 0.35890266386113323, 0.4557164204558397, -0.8519245498766249, -0.43630849747637407, 0.08989007292807827, 0.701159014355941, 0.9338192054246293, 0.09475171666729043, -0.31062727562019066, -0.042458733608784494, -0.24604179720093727, -0.5459043515450599, -0.16209382882642354, 0.13027323236456725, -0.7227766114825713, 0.5238417535771052, 0.5762288427129771, -0.5804277080740377, -0.09093798454738033, -0.09786996178069061, 0.044262413145424784, 0.48462836225116135, 0.6027311185172779, 0.6007187219923253, 0.8215993830203816, -0.644005670996242, 0.018515213228722294, 0.061936181129766066, -0.9844699618850095, 0.07915660766434085, 0.3573276458085408, -0.3039684648665882, 0.46297298535240405, 0.45010302928340495, -0.03647449276243342, -0.9941710458016095, 0.5731559991452515, 0.6806875715971459, 0.740797548563551, -0.22760309471469542, 0.8426598818207733, 0.36833967684314395, 0.10288921316129152, 0.984490087939069, 0.2952166943711838, -0.7165498220260046, 0.3241717584559505, -0.21054533579572632, 0.6102415603054879, -0.7811673952680145, 0.12082539684288429, 0.30463357055737506, -0.9474682817089687, 0.8986010064314782, 0.4598922561513459, -0.5028539918774753, -0.823385011936314, -0.4143777310383989, 0.049113707014457164, 0.6467166884988378, -0.08070570728546178, -0.06124288641374043, -0.9170812096866525, 0.3439273473673772, 0.44893107295487866, -0.31740885092289495, -0.09885417397716031, -0.1507621234930593, 0.2212604220108565, -0.08877832013731068, -0.5514331746427643, -0.7505248239585691, 0.8486217256150134, -0.34154788771950595, 0.010999860401807782, 0.41040445344775867, 0.11035701260516806, 0.4735861470481568, 0.45156594319957444, -0.7978807254660583, 0.9008622699300506, 0.0828676308035019, -0.6937506272534508, -0.13973870141325073, -0.5939771691789981, -2.4485764004433808e-05, -0.6800160683625103, -0.16117749525552244, -0.5124692705565774, 0.26009281051721883, -0.9995439972575733, -0.7993927234016618, 0.7795514276666371, -0.9458548031610379, -0.33782839658891645, 0.39288186290990357, -0.11799553894763881, 0.18276295140819743, -0.0458035437685691, -0.8512340097659992, -0.7986023327332805, 0.25972355990142276, -0.3183405136820434, -0.7550349738835345, -0.9394793146150263, -0.4263401649881158, 0.7156432421541279, -0.44423274963357895, 0.09230990302679576, 0.7887898334803474, 0.6953158433424629, -0.8856283999523022, 0.6928090087361691]
101.970947265625	(8, 12, 2)	[-0.9667664463576067, 0.9210069977498947, 0.012326520834245125, 0.8082321595558093, 0.9993452634065851, 0.5397363642489659, -0.2460251901852753, 0.5631007839533673, 0.4557164204558397, -0.44104415247025996, -0.4708776312552663, -0.43025652652791657, 0.9495079480791989, 0.8383217025676029, 0.09475171666729043, 0.6504865736885299, -0.042458733608784494, -0.24604179720093727, -0.15264145123379524, 0.353204315749518, 0.13295029425361338, -0.634638086946602, 0.8864696768729974, 0.5762288427129771, -0.5804277080740377, -0.09093798454738033, -0.09786996178069061, -0.6590847223884122, 0.28253148823641583, 0.6027311185172779, -0.09734499883757297, 0.8215993830203816, -0.644005670996242, -0.35847203617001555, 0.5587317631517865, -0.9844699618850095, -0.9877159562730804, 0.5923280812617611, -0.0372524956816573, -0.3721805299873011, -0.13750754725904057, -0.0091880149058432, -0.9941710458016095, 0.06187916103609048, -0.5579287282864482, -0.11685502722912508, -0.7748856478331385, -0.2721831110113544, -0.5671635107545783, -0.6850722494550725, 0.27058881582163463, 0.2952166943711838, -0.8641239663638176, -1.0, -0.7829397423697493, -0.7735861862490625, -0.7811673952680145, -0.5894224677204531, 0.641641776373221, 0.9270974619508447, -0.740638880472172, 0.4598922561513459, -0.751147706271104, -0.7447665022266658, -0.07017908612063373, 0.1269385695715723, 0.8967613730078459, -0.08070570728546178, 0.31278706026280556, 0.14474068809776264, -0.4985458155425644, 0.4509671429717591, -0.1368842701360944, -0.09885417397716031, 0.2880148768481632, 0.2212604220108565, -0.35123733158978254, -0.36920414108769495, 0.7112943868225106, -0.9189689347466188, -0.7846271568801397, 0.20563413933760638, -0.6922667963607663, 0.9038095688007259, 0.31839200716515514, 0.45156594319957444, 0.4939380019806783, 0.9008622699300506, 0.3930964541824995, -0.07302377203446125, -0.13973870141325073, 0.7769949379265795, 0.0577607967684417, -0.6800160683625103, -0.7910224110559663, -0.5124692705565774, -0.9290080459293335, -0.636115651291421, 0.01944987425048668, -0.10048475667379753, -0.8628967904675657, -0.4416327705263523, 0.061741628552782035, 0.9589287047298591, -0.9578294122039946, -0.6382550788191459, -0.018579582905673186, 0.346265552181433, -0.006389770530108585, 0.24237805685391067, -0.03827569900454463, 0.9911535430105631, 0.3574287016690756, 0.1550367485249271, -0.44423274963357895, -0.9479513287849874, 0.03396611311276465, 0.35405047124676514, 0.1252744175319715, 0.6928583551807341]
101.97455596923828	(8, 12, 2)	[-0.9265655114228701, 0.9096225212924474, -0.5007157907083977, 0.8082321595558093, 0.9993452634065851, 0.5397363642489659, -0.90718705961473, 0.35890266386113323, 0.4557164204558397, -0.8519245498766249, -0.8549507810268151, -0.7181604174564915, 0.9679278142582063, 0.8213257823178428, 0.08802385792785918, -0.31062727562019066, -0.042458733608784494, -0.24604179720093727, -0.15264145123379524, 0.353204315749518, 0.13295029425361338, 0.14571869363717255, 0.5238417535771052, 0.8143085862106334, -0.4867045264058986, 0.21720297676512157, -0.09786996178069061, -0.6293419455169936, 0.48462836225116135, 0.17558352151066692, -0.09734499883757297, -0.14442383968598893, -0.30108142652672565, 0.02053309712054019, -0.5449088204395383, -0.9844699618850095, -0.8567453207083777, 0.3573276458085408, -0.0372524956816573, -0.34949785251312915, 0.19009212937322872, -0.0091880149058432, 0.9431928694482287, -0.09227008515747515, 0.6806875715971459, 0.8545459812337866, -0.7748856478331385, -0.289104677501617, 0.36833967684314395, 0.7245420280622343, 0.03597316201027323, 0.2952166943711838, -0.8825066863926584, -0.932895092122596, -0.7829397423697493, -0.7735861862490625, -0.7811673952680145, -0.7288207349820659, -0.6911062981945337, 0.23127834896873556, 0.8986010064314782, -0.40969855282195683, -0.5651231064444104, -0.8390656741082316, -0.12548115494827755, 0.9404872781627056, -0.6682454317380233, -0.08070570728546178, 0.20278590687162035, -0.7742092031034562, 0.2901305709469808, 0.9843007733910618, -0.7614207595928528, 0.034556293514937275, -0.1507621234930593, 0.3542176420833726, -0.08877832013731068, -0.36920414108769495, -0.2812692487079802, 0.8879553219410375, -0.9382418412049827, 0.5081609512924443, -0.6922667963607663, 0.9038095688007259, 0.31839200716515514, 0.45156594319957444, 0.4375263764623725, -0.9287105695490496, 0.0828676308035019, 0.43480466540296436, -0.13973870141325073, 0.8402718825564176, 0.0577607967684417, 0.5460722717148663, -0.37333076882182237, 0.3517012834851436, 0.26009281051721883, -0.636115651291421, 0.6244088803847552, 0.7021313755932004, 0.5165150361287432, -0.4416327705263523, 0.4523663381588128, -0.11799553894763881, -0.9510298277029419, -0.6382550788191459, 0.34852314002192286, -0.7986023327332805, -0.9214028071572657, -0.18657326357489024, -0.7550349738835345, 0.9911535430105631, 0.36963134146575394, -0.4764174864569768, -0.44423274963357895, -0.9479513287849874, 0.8771243742047241, 0.34719530667936915, -0.282275203774901, 0.6928090087361691]
101.97648620605469	(8, 12, 2)	[-0.9667664463576067, 0.9210069977498947, 0.012326520834245125, 0.8082321595558093, 0.9993452634065851, 0.45233243295564196, -0.2460251901852753, 0.5631007839533673, 0.4557164204558397, -0.44104415247025996, -0.4708776312552663, -0.43025652652791657, 0.9495079480791989, 0.9338192054246293, 0.09475171666729043, -0.026797846098528318, -0.042458733608784494, -0.24604179720093727, -0.15264145123379524, -0.16209382882642354, 0.13295029425361338, -0.634638086946602, 0.5238417535771052, 0.5762288427129771, -0.3682140251886161, -0.09093798454738033, 0.36641626147117523, 0.32363151486037833, -0.3160508837121383, 0.24125083141387327, -0.09734499883757297, -0.14442383968598893, -0.30108142652672565, -0.35847203617001555, 0.061936181129766066, -0.9844699618850095, 0.433295412851468, 0.5923280812617611, 0.8324436682175613, 0.1481046661405958, -0.13750754725904057, -0.0091880149058432, 0.9431928694482287, -0.8875672739311948, -0.5579287282864482, 0.5198006494137328, -0.7748856478331385, -0.2721831110113544, -0.5671635107545783, -0.6850722494550725, -0.085231790052688, 0.5998054400631281, -0.8641239663638176, -1.0, -0.7829397423697493, -0.7735861862490625, -0.7811673952680145, -0.5894224677204531, 0.30463357055737506, 0.9270974619508447, -0.5461804381330663, 0.4598922561513459, -0.38553843481704664, -0.823385011936314, -0.3690995452825574, 0.1269385695715723, -0.662460508427342, -0.0405712651261468, 0.31278706026280556, -0.7742092031034562, -0.4985458155425644, 0.44893107295487866, -0.1368842701360944, 0.034556293514937275, 0.2880148768481632, 0.518887748519705, -0.35123733158978254, -0.36920414108769495, 0.7112943868225106, -0.32735290959184277, -0.9382418412049827, 0.20563413933760638, -0.6922667963607663, 0.9038095688007259, 0.31839200716515514, 0.4821914729789925, 0.5491109167900772, 0.9620957383455461, 0.5928698452296437, -0.07302377203446125, -0.13973870141325073, 0.7769949379265795, 0.0577607967684417, -0.6800160683625103, -0.7910224110559663, -0.05652683391766833, -0.9290080459293335, 0.5664569022624639, -0.7993927234016618, 0.7795514276666371, -0.8628967904675657, -0.917606384962472, 0.061741628552782035, -0.9593989799662355, -0.9578294122039946, -0.6382550788191459, -0.018579582905673186, 0.346265552181433, -0.006389770530108585, 0.24237805685391067, -0.06924279457159543, 0.9911535430105631, -0.3548213844365579, -0.4764174864569768, -0.44423274963357895, -0.9479513287849874, -1.0, 0.35405047124676514, 0.1252744175319715, 0.3943867122041744]
101.9817886352539	(8, 12, 2)	[-0.9265655114228701, 0.6365712646113886, 0.012326520834245125, 0.8082321595558093, 0.9993452634065851, 0.45233243295564196, -0.2460251901852753, 0.35890266386113323, 0.4557164204558397, -0.44104415247025996, -0.8549507810268151, -0.43025652652791657, 1.0, 0.8646357329205026, 0.09475171666729043, -0.026797846098528318, -0.042458733608784494, -0.24604179720093727, -0.8111174550870235, 0.353204315749518, 0.13027323236456725, -0.30149762100775646, -0.3267507437454882, 0.5762288427129771, -0.939358689763359, 0.21720297676512157, -0.09786996178069061, -0.6590847223884122, -0.3160508837121383, 0.24125083141387327, -0.09734499883757297, 0.8215993830203816, -0.644005670996242, -0.9321463746047041, 0.5587317631517865, -0.9317144896427056, 0.433295412851468, 0.5923280812617611, -0.37973263559469106, 0.1481046661405958, 0.19009212937322872, -0.0091880149058432, -0.9941710458016095, 0.6253375084205811, -0.5579287282864482, -0.11388646942502945, 0.5482229437337949, 0.6844883119904688, -0.5671635107545783, 0.7245420280622343, 0.984490087939069, 0.2952166943711838, -1.0, 0.1350711053525302, -0.21054533579572632, -0.7992151405965809, 0.8623314785225442, -0.5894224677204531, -0.6010887003438316, -0.9474682817089687, -0.4160758263746991, -0.40969855282195683, 0.8307500065321161, -0.7202661591307494, -0.3690995452825574, 0.1269385695715723, -0.662460508427342, -0.08070570728546178, -0.42020846066260786, 0.2856930128723222, 0.3439273473673772, 0.4509671429717591, -0.11306326069457917, -0.09885417397716031, 0.2880148768481632, 0.2212604220108565, -0.08877832013731068, -0.942128809778167, -0.5048885986294792, 0.8879553219410375, 0.5769501472766843, 0.0007559333505030574, -0.1051241604394757, 0.11035701260516806, 0.31839200716515514, 0.45156594319957444, -0.7978807254660583, 0.9008622699300506, 0.3930964541824995, -0.5623111238054137, -0.13973870141325073, 0.7769949379265795, -0.9253853397978213, 0.960252890950797, -0.09364066634266331, -0.8615354608173591, -0.8123652484464086, 0.5664569022624639, 0.6244088803847552, 0.7957022383216921, -0.48314297420579444, -0.4416327705263523, 0.4523663381588128, -0.9593989799662355, 0.18276295140819743, -0.0458035437685691, 0.34852314002192286, -0.773692684409747, -0.020669981650587532, -0.18657326357489024, -0.7550349738835345, -0.9394793146150263, 0.36963134146575394, 0.7156432421541279, -0.8372518268899266, -0.8036867839701395, 0.9421341722581134, 0.7466939962725558, 0.9175066826291245, 0.49285579867002216]
101.9996109008789	(8, 12, 2)	[-0.9667664463576067, 0.9210069977498947, -0.4471410965104936, 0.8082321595558093, 0.9993452634065851, 0.2380025514197451, -0.2460251901852753, 0.0485725875454146, 0.4084537605692333, -0.6478031648463387, -0.3962557937961606, -0.7181604174564915, 0.9495079480791989, 0.8646357329205026, 0.09475171666729043, -0.026797846098528318, -0.042458733608784494, -0.5573012404172646, -0.15264145123379524, -0.16209382882642354, -0.4660122057256655, 0.14571869363717255, 0.6961372354438935, 0.5762288427129771, -0.2650265847394629, 0.21720297676512157, -0.9210313867439579, 0.5473239845025419, 0.48462836225116135, 0.24125083141387327, -0.09734499883757297, -0.31424500188273946, -0.30108142652672565, -0.35847203617001555, 0.5587317631517865, -0.9317144896427056, -0.8567453207083777, 0.5923280812617611, 0.10844556673221595, -0.3721805299873011, 0.19009212937322872, -0.9545148882505662, 0.9605380780742476, -0.7421628737578394, -0.5579287282864482, -0.011876764219185015, -0.7748856478331385, -0.289104677501617, -0.5671635107545783, -0.6850722494550725, -0.085231790052688, 0.5998054400631281, -0.8641239663638176, -0.8960783585341126, -0.21054533579572632, -0.7735861862490625, -0.7811673952680145, -0.6114114127505603, 0.641641776373221, 0.23127834896873556, -0.5461804381330663, 0.4598922561513459, 0.8307500065321161, -0.7570837244667682, -0.12548115494827755, 0.14425732600845387, -0.662460508427342, -0.05370855526906758, 0.31278706026280556, -0.7742092031034562, 0.2901305709469808, 0.9843007733910618, -0.1368842701360944, 0.034556293514937275, 0.2880148768481632, 0.2212604220108565, -0.14870492573955385, -0.36920414108769495, 0.824330054272499, 0.8486217256150134, -0.9382418412049827, 0.1737402050328613, -0.1051241604394757, 0.11035701260516806, 0.31839200716515514, 0.4821914729789925, 0.448918985321072, 0.9008622699300506, 0.3930964541824995, -0.07302377203446125, -0.1117952704236211, -0.7240780692204731, 0.0577607967684417, 0.926887875174006, -0.7910224110559663, -0.05652683391766833, -0.9290080459293335, 0.5664569022624639, -0.10838069538199946, 0.7117144861791536, -0.8628967904675657, -0.917606384962472, 0.061741628552782035, -0.11799553894763881, -0.9578294122039946, -0.6382550788191459, 0.34852314002192286, 0.346265552181433, -0.006389770530108585, -0.18657326357489024, -0.06924279457159543, 0.9911535430105631, 0.36963134146575394, -0.4764174864569768, -0.44423274963357895, -0.5940407180750413, -1.0, -0.9709785230236165, 0.1252744175319715, 0.6349757939328782]
101.99071502685547	(8, 12, 2)	[-0.8216203101170774, 0.9210069977498947, -0.22726431164734318, 1.0, 0.9993452634065851, 0.5397363642489659, -0.2460251901852753, 0.6714438224213672, 0.4557164204558397, -0.44104415247025996, -0.3332340967228285, -0.7181604174564915, 0.9495079480791989, 0.8383217025676029, 0.09475171666729043, -0.026797846098528318, -0.06847566227064428, -0.06484643348837493, -0.7603115836190737, 0.353204315749518, 0.13027323236456725, 0.30441911739348076, 0.8864696768729974, 0.5762288427129771, -0.3682140251886161, -0.09093798454738033, -0.9210313867439579, -0.6590847223884122, 0.28253148823641583, 0.6027311185172779, -0.09734499883757297, 0.8215993830203816, -0.644005670996242, -0.7985078208496819, 0.5587317631517865, -0.9844699618850095, 0.13621053615335854, 0.6133709897393242, 0.8324436682175613, -0.34949785251312915, -0.013849830845401076, -0.03647449276243342, 0.9431928694482287, -0.09227008515747515, -0.8574519649595198, 0.5198006494137328, -0.7748856478331385, -0.2721831110113544, 0.36833967684314395, -0.709444355177649, 0.984490087939069, 0.5998054400631281, -0.8641239663638176, 0.3241717584559505, 0.026120497833131237, 0.8775748891946011, -0.6251851725280986, 0.12082539684288429, 0.641641776373221, 0.9270974619508447, 0.8986010064314782, -0.9404874835012098, -0.8976138461749594, -0.8390656741082316, -0.07017908612063373, 0.1269385695715723, 0.8967613730078459, 0.042513711851402514, -0.06124288641374043, 0.14474068809776264, 0.3439273473673772, 0.4509671429717591, -0.1368842701360944, -0.09885417397716031, 0.2880148768481632, 0.2737508843820742, -0.5238736145628591, -0.942128809778167, -0.05292708538466506, 0.22367539934992892, -0.7846271568801397, 0.20563413933760638, -0.1051241604394757, 0.11035701260516806, 0.3538589407301119, 0.45156594319957444, 0.4939380019806783, 0.8622392668335199, -0.5814055711382431, -0.07302377203446125, 0.0643530823189713, 0.7769949379265795, 0.0577607967684417, 0.960252890950797, -0.09364066634266331, -0.05652683391766833, -0.9290080459293335, -0.6853195570408455, -0.7993927234016618, 0.7117144861791536, -0.406889355151917, -0.917606384962472, 0.061741628552782035, 0.9589287047298591, -0.9578294122039946, -0.6156218547674208, 0.34852314002192286, 0.346265552181433, -0.006389770530108585, 0.24237805685391067, -0.06924279457159543, -0.887513706361105, -0.4263401649881158, -0.854110503675129, -0.44423274963357895, -0.9479513287849874, 0.7955227207842338, 0.35405047124676514, 0.22127002558510034, 0.6349757939328782]
101.99339294433594	(8, 12, 2)	[-0.8216203101170774, 0.9817259139399528, 0.012326520834245125, 0.8082321595558093, 0.9993452634065851, 0.45233243295564196, -0.2460251901852753, 0.6489948647922127, 0.4557164204558397, -0.44104415247025996, -0.8549507810268151, -0.46009149680975664, 0.9495079480791989, 0.42008268172419433, 0.09475171666729043, -0.026797846098528318, -0.042458733608784494, -0.24604179720093727, -0.15264145123379524, -0.16209382882642354, -0.4660122057256655, 0.14571869363717255, 0.15252058808175578, 0.5762288427129771, -0.939358689763359, -0.06273373375837446, 0.36641626147117523, -0.6590847223884122, 0.28253148823641583, 0.3705494606864731, 0.6007187219923253, 0.8215993830203816, 0.9863654031414639, 0.018515213228722294, 0.5587317631517865, -0.9317144896427056, 0.433295412851468, 0.3573276458085408, 0.738890529127346, -0.3721805299873011, 0.19009212937322872, -0.8782712316782939, 0.9431928694482287, -0.7421628737578394, -0.5579287282864482, 0.8545459812337866, -0.7748856478331385, -0.2721831110113544, 0.36833967684314395, 0.7245420280622343, 0.984490087939069, 0.2952166943711838, -0.8641239663638176, 0.1350711053525302, -0.21054533579572632, -0.7992151405965809, -0.7811673952680145, -0.5894224677204531, 0.641641776373221, -0.8896755015192819, -0.017000479200063978, 0.19688474778817278, -0.751147706271104, -0.7202661591307494, -0.12548115494827755, 0.1269385695715723, 0.8967613730078459, -0.08070570728546178, 0.31278706026280556, 0.14474068809776264, 0.2901305709469808, 0.9843007733910618, -0.8563974257579563, -0.09885417397716031, 0.2880148768481632, 0.2212604220108565, -0.35123733158978254, -0.36920414108769495, 0.7112943868225106, -0.9189689347466188, -0.7846271568801397, 0.20563413933760638, 0.41040445344775867, 0.9038095688007259, 0.31839200716515514, 0.45156594319957444, 0.4939380019806783, 0.9008622699300506, 0.3930964541824995, -0.10605249272616638, 0.0643530823189713, 0.8402718825564176, 0.09255451950112425, 0.5460722717148663, -0.09364066634266331, -0.5124692705565774, -0.4649785799707644, -0.636115651291421, -0.7993927234016618, 0.7021313755932004, -0.8628967904675657, -0.917606384962472, 0.061741628552782035, -0.9593989799662355, 0.18276295140819743, -0.1530998177866762, 0.5496195709121279, -0.773692684409747, -0.020669981650587532, 0.24237805685391067, -0.06924279457159543, -0.9409374919081461, 0.21957825746015303, -0.4764174864569768, -0.8372518268899266, -0.9479513287849874, -0.9941660789804585, 0.35405047124676514, 0.9175066826291245, 0.8832326696530408]
101.9942398071289	(8, 12, 2)	[-0.9667664463576067, 0.9210069977498947, -0.4471410965104936, 0.8082321595558093, 0.9993452634065851, 0.5397363642489659, 0.6378720928322148, -0.21755620391364028, 0.4557164204558397, -0.8519245498766249, -0.8549507810268151, -0.43025652652791657, 1.0, 0.9338192054246293, 0.663693835826298, -0.31062727562019066, -0.042458733608784494, -0.5573012404172646, -0.5459043515450599, -0.16209382882642354, -0.4660122057256655, -0.634638086946602, 0.15252058808175578, 0.0028289201584392742, -0.939358689763359, -0.09093798454738033, -0.09786996178069061, -0.6590847223884122, 0.28253148823641583, 0.7638404384460586, -0.09734499883757297, -0.1793520179233526, -0.2712429562729597, -0.7985078208496819, 0.10442718676055218, -0.9844699618850095, 0.433295412851468, 0.5923280812617611, 0.10844556673221595, -0.3721805299873011, 0.2524321711894637, -0.06544117132421334, 0.8612381401035019, -0.46536702917473727, -0.62825080401817, 0.8545459812337866, 0.37736870097176545, 0.7088467931157442, 0.36833967684314395, -0.7616245616857705, 0.27058881582163463, 0.22160570193928747, -0.8641239663638176, -0.932895092122596, -0.7829397423697493, -0.7735861862490625, -0.6161885255218662, -0.5894224677204531, 0.0768174869224223, 0.32214405828398585, -0.4160758263746991, -0.3031090244640141, 0.9168078763281379, -0.823385011936314, -0.3690995452825574, 0.2965711064882298, -0.662460508427342, -0.08070570728546178, -0.06124288641374043, 0.14474068809776264, 0.2806919752039269, 0.14568670885732615, -0.7614207595928528, -0.2960865478177952, 0.2880148768481632, 0.2212604220108565, -0.08877832013731068, -0.942128809778167, 0.8886483922107744, 0.8486217256150134, -0.7846271568801397, 0.5661743536520669, -0.6922667963607663, 0.11035701260516806, 0.3538589407301119, 0.45156594319957444, -0.9106169251603955, 0.8622392668335199, 0.5928698452296437, -0.07302377203446125, -0.48033021018793515, 0.8402718825564176, 0.8265633737429376, 0.960252890950797, 0.288526365854201, -0.996868906509778, -0.9290080459293335, -0.636115651291421, -0.7993927234016618, 0.7021313755932004, -0.8628967904675657, -0.917606384962472, 0.4523663381588128, -0.9593989799662355, 0.18276295140819743, -0.1530998177866762, -0.018579582905673186, -0.7493458110958169, 0.25972355990142276, 0.16234256090739413, -0.06924279457159543, 0.9911535430105631, 0.36963134146575394, -0.4764174864569768, -0.16934699472558035, -0.4811787712306574, 0.9421341722581134, -0.37903808595448596, 0.1252744175319715, 0.6349757939328782]
101.98860168457031	(8, 12, 2)	[-0.8216203101170774, 0.7872023838665456, -0.5007157907083977, 0.9231375513624307, 0.9993452634065851, 0.5397363642489659, 0.6378720928322148, -0.21755620391364028, -0.7797049995880374, -0.8519245498766249, -0.8549507810268151, -0.46009149680975664, 0.9495079480791989, 0.8383217025676029, 0.09475171666729043, 0.5653678393050492, -0.042458733608784494, 0.036812646051842535, -0.2160288163885407, -0.16209382882642354, 0.1333764006744181, -0.634638086946602, 0.6961372354438935, 0.5762288427129771, -0.5804277080740377, 0.21720297676512157, -0.09786996178069061, 0.5473239845025419, 0.48462836225116135, 0.24125083141387327, -0.09734499883757297, 0.9138892314267294, -0.644005670996242, -0.7985078208496819, 0.10442718676055218, -0.05370667625949466, 0.13621053615335854, 0.5923280812617611, 0.10844556673221595, -0.34949785251312915, 0.45010302928340495, -0.8782712316782939, -0.9941710458016095, 0.06187916103609048, -0.4945607660450022, 0.5593906745228433, 0.37736870097176545, 0.7088467931157442, 0.36833967684314395, 0.4292036888420148, 0.984490087939069, 0.5998054400631281, -0.8641239663638176, -1.0, -0.21054533579572632, 0.904307077382162, -0.7811673952680145, -0.5894224677204531, 0.5144703907046381, 0.32214405828398585, -0.740638880472172, 0.4598922561513459, 0.8307500065321161, 0.1275066013014111, -0.3690995452825574, 0.1269385695715723, 0.6467166884988378, -0.08070570728546178, 0.31278706026280556, -0.7742092031034562, 0.3439273473673772, 1.0, -0.8386938399948314, -0.4776927602156247, -0.1507621234930593, 0.2212604220108565, -0.5238736145628591, -0.942128809778167, -0.2812692487079802, 0.8486217256150134, -0.9382418412049827, 0.5081609512924443, -0.1051241604394757, 0.11035701260516806, 0.3538589407301119, 0.45156594319957444, -0.7978807254660583, 0.9008622699300506, 0.3930964541824995, 0.5344448775975863, -0.13973870141325073, 0.7769949379265795, 0.0577607967684417, 0.960252890950797, -0.16117749525552244, -0.996868906509778, -0.4649785799707644, -0.1960463643824022, -0.7993927234016618, 0.7771442161386398, -0.8628967904675657, -0.4416327705263523, 0.4523663381588128, -0.9593989799662355, 0.18276295140819743, -0.0458035437685691, -0.8512340097659992, -0.7986023327332805, -0.9214028071572657, 0.24237805685391067, -0.06924279457159543, -0.5526905843195709, 0.5079872622838657, 0.1550367485249271, -0.44423274963357895, -0.6174313245599496, -0.9941660789804585, 0.7466939962725558, 0.1252744175319715, 0.49285579867002216]
101.9945297241211	(8, 12, 2)	[-0.8216203101170774, 1.0, -0.5007157907083977, 0.9031679625979373, 0.9993452634065851, 0.6601936171131779, 0.6378720928322148, -0.21755620391364028, 0.4557164204558397, -0.44104415247025996, -0.5421679792794495, -0.7181604174564915, 0.9495079480791989, 0.8646357329205026, 0.3637096715526328, 0.6504865736885299, -0.042458733608784494, -0.5573012404172646, -0.8111174550870235, -0.16209382882642354, -0.4660122057256655, -0.30149762100775646, 0.8864696768729974, 0.5762288427129771, -0.3682140251886161, -0.4774176713331964, -0.09786996178069061, -0.6590847223884122, 0.48462836225116135, 0.6027311185172779, -0.09734499883757297, -0.31424500188273946, -0.30108142652672565, -0.7985078208496819, 0.061936181129766066, -0.9317144896427056, -0.8567453207083777, 0.6133709897393242, -0.0372524956816573, -0.34949785251312915, 0.45010302928340495, -0.8782712316782939, 0.9431928694482287, 0.06187916103609048, -0.5579287282864482, 0.8545459812337866, 0.37736870097176545, -0.289104677501617, -0.5671635107545783, 0.3525557640858401, 0.984490087939069, 0.33487698634333474, -0.8825066863926584, -0.932895092122596, -0.21054533579572632, 0.6102415603054879, -0.7811673952680145, -0.6114114127505603, 0.30463357055737506, 0.23127834896873556, -0.740638880472172, 0.19688474778817278, 0.8307500065321161, -0.7447665022266658, -0.3690995452825574, 0.1269385695715723, 0.6467166884988378, -0.08070570728546178, -0.06124288641374043, -0.7742092031034562, 0.3439273473673772, 0.9843007733910618, -0.26774837379908895, -0.4776927602156247, 0.2880148768481632, 0.2212604220108565, -0.4019623344595541, -0.9423164768283139, 0.824330054272499, 0.31073910427925644, -0.34154788771950595, 0.5081609512924443, -0.6922667963607663, 0.11035701260516806, 0.31839200716515514, 0.45156594319957444, 0.4939380019806783, 0.8622392668335199, 0.5928698452296437, -0.5623111238054137, 0.0643530823189713, 0.8402718825564176, 0.0577607967684417, 0.5460722717148663, -0.09364066634266331, -0.5769214394595685, -0.855802104200225, 0.44828760975700466, -0.6571768981735939, 0.7771442161386398, 0.5165150361287432, -0.4416327705263523, 0.9004855384007764, -0.11799553894763881, -0.9543088664038678, -0.6382550788191459, 0.34852314002192286, -0.7986023327332805, -0.020669981650587532, 0.9703703914400199, -0.6227923207516879, 0.9911535430105631, 0.36963134146575394, 0.7156432421541279, -0.44423274963357895, -0.6156315040550636, -1.0, 0.35405047124676514, 0.9175066826291245, 0.6349757939328782]
101.99949645996094	(8, 12, 2)	[-0.8216203101170774, 0.5175571888730244, 0.0508618597727275, 0.8082321595558093, 0.9993452634065851, 0.45233243295564196, -0.2460251901852753, 1.0, 0.4557164204558397, -0.44104415247025996, -0.4708776312552663, -0.7181604174564915, 0.9495079480791989, 0.8646357329205026, 0.6572042223925796, -0.026797846098528318, -0.042458733608784494, -0.24604179720093727, -0.5459043515450599, -0.23408510542494348, -0.4660122057256655, -0.634638086946602, 0.15252058808175578, 0.5762288427129771, -0.939358689763359, -0.05430263696114516, -0.09786996178069061, 0.044262413145424784, 0.28253148823641583, 0.24125083141387327, -0.22599750830539367, -0.14442383968598893, -0.21425628857718748, -0.7985078208496819, -0.5449088204395383, -0.889682007840046, -0.8567453207083777, 0.5923280812617611, 0.10844556673221595, -0.34949785251312915, 0.19009212937322872, -0.0091880149058432, 0.9431928694482287, -0.7421628737578394, -0.7874289893763733, -0.011876764219185015, -0.22760309471469542, -0.289104677501617, -0.5671635107545783, 0.3525557640858401, 0.984490087939069, 0.2952166943711838, -0.8641239663638176, 0.3241717584559505, -0.7829397423697493, 0.6102415603054879, -0.7811673952680145, -0.5894224677204531, -0.6911062981945337, 0.26824869401502566, -0.740638880472172, -0.40871074155163334, 0.8307500065321161, 0.2478449800530158, -0.9998334877412018, 0.14425732600845387, 0.8967613730078459, -0.0405712651261468, -0.6268750132141945, 0.2856930128723222, 0.2901305709469808, 0.9843007733910618, -0.7614207595928528, -0.32638633742454726, -0.06426746287386709, 0.2737508843820742, -0.14870492573955385, -0.5514331746427643, 0.7112943868225106, 0.9882208037342551, 0.5769501472766843, 0.5081609512924443, -0.1051241604394757, 0.11035701260516806, 0.4735861470481568, 0.28115233187898314, 0.448918985321072, 0.8622392668335199, 0.3930964541824995, 0.5344448775975863, -0.48033021018793515, 0.7769949379265795, 0.0577607967684417, 0.5460722717148663, -0.09364066634266331, -0.5124692705565774, -0.8984471042702522, -0.636115651291421, 0.6244088803847552, 0.7021313755932004, -0.8628967904675657, -0.917606384962472, 0.4523663381588128, -0.9593989799662355, 0.18276295140819743, -0.0458035437685691, -0.018579582905673186, -0.7493458110958169, -0.020669981650587532, -0.0799804554141797, 0.43514185672797606, 0.9911535430105631, 0.36963134146575394, 0.7156432421541279, -0.9815934035944565, 0.09230990302679576, 0.9185775203757425, 0.5659030750886814, 0.1252744175319715, 0.49285579867002216]
101.99758911132812	(8, 12, 2)	[-0.8619465415252979, 0.9210069977498947, -0.24405132099489263, 0.8082321595558093, 0.9993452634065851, 0.5397363642489659, -0.2460251901852753, 0.6489948647922127, 0.4557164204558397, -0.6478031648463387, -0.8549507810268151, -0.7181604174564915, 0.9679278142582063, 0.9338192054246293, 0.09475171666729043, -0.31062727562019066, -0.042458733608784494, 0.036812646051842535, -0.8111174550870235, 0.353204315749518, -0.43577947692338875, -0.30149762100775646, 0.6961372354438935, 0.5762288427129771, -0.9445757333225582, -0.09093798454738033, -0.9210313867439579, -0.6590847223884122, 0.28253148823641583, 0.24125083141387327, 0.776502821202203, -0.14442383968598893, -0.28493570614480845, -0.7985078208496819, 0.10442718676055218, -0.9844699618850095, 0.433295412851468, 0.5923280812617611, 0.10844556673221595, -0.34949785251312915, 0.19009212937322872, -0.0091880149058432, 0.9431928694482287, 0.6253375084205811, -0.5579287282864482, 0.8545459812337866, -0.22760309471469542, -0.2721831110113544, 0.36833967684314395, -0.709444355177649, 0.984490087939069, 0.22160570193928747, -0.8641239663638176, 0.1350711053525302, 0.4769195087484733, -0.7992151405965809, -0.7811673952680145, -0.4663154893634109, -0.6911062981945337, 0.9270974619508447, -0.4160758263746991, -0.40871074155163334, 0.9168078763281379, -0.7447665022266658, -0.4143777310383989, 0.1269385695715723, -0.6682454317380233, -0.08070570728546178, 0.31278706026280556, -0.7742092031034562, 0.2901305709469808, 0.5425706961313306, -0.1368842701360944, 0.034556293514937275, 0.2880148768481632, 0.518887748519705, -0.999682923489468, -0.942128809778167, 0.7112943868225106, 0.8879553219410375, -0.7846271568801397, -0.4299546806585139, -0.1051241604394757, 0.11035701260516806, 0.31839200716515514, 0.45156594319957444, -0.8591297656477648, 0.8622392668335199, 0.5928698452296437, -0.07302377203446125, -0.48033021018793515, 0.7769949379265795, 0.09255451950112425, 0.960252890950797, -0.16117749525552244, -0.8615354608173591, 0.2331962074773386, 0.5664569022624639, -0.10838069538199946, 0.7021313755932004, -0.8628967904675657, -0.917606384962472, 0.4523663381588128, 0.9589287047298591, -0.9578294122039946, -0.6382550788191459, -0.8512340097659992, -0.7493458110958169, 0.25972355990142276, 0.9703703914400199, -0.7550349738835345, 0.9911535430105631, -0.3548213844365579, 0.1550367485249271, -0.4878937416119448, -0.9479513287849874, 0.9421341722581134, 0.7466939962725558, -0.2785519462191519, 0.3943867122041744]
101.9792709350586	(8, 12, 2)	[-0.9667664463576067, 0.5175571888730244, 0.012326520834245125, 0.5688083911558346, 0.9993452634065851, 0.5397363642489659, 0.6378720928322148, 0.5343273955223932, 0.3893603265259862, -0.8519245498766249, -0.8549507810268151, -0.7181604174564915, 0.9679278142582063, 0.8646357329205026, 0.09475171666729043, -0.22139901772865345, -0.042458733608784494, -0.24604179720093727, -0.8111174550870235, -0.16209382882642354, 0.13027323236456725, -1.0, 0.8864696768729974, 0.5762288427129771, -0.9759673667479479, -0.4774176713331964, -0.09786996178069061, 0.32363151486037833, 0.28253148823641583, 0.23563032692678978, 0.7598799662984259, -0.14442383968598893, -0.644005670996242, -0.9321463746047041, 0.10442718676055218, -0.9844699618850095, 0.433295412851468, 0.6133709897393242, 0.10844556673221595, -0.34949785251312915, 0.19009212937322872, -0.0091880149058432, -0.9941710458016095, -0.09227008515747515, -0.8574519649595198, -0.11388646942502945, -0.22760309471469542, -0.2314601041488612, 0.36833967684314395, 0.10288921316129152, 0.984490087939069, 0.2952166943711838, -0.8641239663638176, 0.3241717584559505, 0.026120497833131237, 0.6102415603054879, -0.7811673952680145, -0.6114114127505603, 0.30463357055737506, -0.9474682817089687, 0.5080223638339456, -0.40871074155163334, -0.5651231064444104, 0.2478449800530158, -0.4143777310383989, 0.1269385695715723, 0.8967613730078459, -0.0405712651261468, -0.06124288641374043, 0.2856930128723222, 0.2901305709469808, 0.9843007733910618, -0.8386938399948314, -0.4776927602156247, 0.2880148768481632, 0.2212604220108565, -0.999682923489468, -0.36920414108769495, -0.2812692487079802, 1.0, 0.7855754644277135, -0.3652769584198225, -0.6922667963607663, 0.11035701260516806, 0.31839200716515514, 0.4821914729789925, -0.9106169251603955, 0.9612251004893411, -0.519561611083217, -0.07302377203446125, 0.12935356266777576, 0.8402718825564176, 0.14630083908692226, 0.960252890950797, 0.288526365854201, -0.8615354608173591, 0.2331962074773386, -0.9995439972575733, -0.6571768981735939, -0.10048475667379753, -0.48314297420579444, -0.4416327705263523, 0.44604611254731696, 0.9589287047298591, 0.5956078593348411, -0.1530998177866762, 0.18789237484361065, -0.7493458110958169, 0.25972355990142276, 0.9703703914400199, -0.7550349738835345, -0.9394793146150263, 0.36963134146575394, 0.7097001960228381, -0.9815934035944565, -0.9479513287849874, 0.7887898334803474, 0.35405047124676514, -0.282275203774901, 0.49285579867002216]
101.99844360351562	(8, 12, 2)	[-0.9667664463576067, 0.9096225212924474, -0.4471410965104936, 0.8082321595558093, 0.9993452634065851, 0.5397363642489659, 0.6378720928322148, 0.35890266386113323, 0.4557164204558397, -0.8519245498766249, -0.8549507810268151, -0.7883617231857454, 0.9495079480791989, 0.8213257823178428, 0.09475171666729043, 0.6504865736885299, -0.042458733608784494, -0.24604179720093727, -0.15264145123379524, 0.353204315749518, -0.24024376423061297, 0.2524790789971516, 0.15252058808175578, 0.5762288427129771, -1.0, -0.05430263696114516, -0.09786996178069061, -0.6293419455169936, 0.28253148823641583, 0.24125083141387327, 0.5962923998084904, -0.5698215133292119, -0.21425628857718748, -0.7985078208496819, 0.10442718676055218, -0.9844699618850095, 0.07915660766434085, 0.5923280812617611, 0.10844556673221595, -0.3721805299873011, 0.45010302928340495, -0.1081523542107855, 0.9431928694482287, -0.7421628737578394, -0.4945607660450022, -0.7396841410902997, 0.37736870097176545, -0.289104677501617, 0.36833967684314395, 0.3525557640858401, 0.984490087939069, 0.5998054400631281, -0.8641239663638176, 0.1350711053525302, 0.4769195087484733, 0.4212833118005419, -0.7811673952680145, 0.12082539684288429, 0.641641776373221, -0.9474682817089687, 0.8986010064314782, -0.40871074155163334, -0.8976138461749594, -0.8390656741082316, -0.4143777310383989, 0.1269385695715723, 0.6467166884988378, -0.0405712651261468, -0.19658676445777745, -0.6792454134910186, 0.2901305709469808, 0.4935369463235686, -0.1368842701360944, -0.09885417397716031, 0.2880148768481632, 0.2212604220108565, -0.14870492573955385, -0.36920414108769495, -0.05292708538466506, 0.8486217256150134, 0.7855754644277135, 0.5081609512924443, 0.41040445344775867, 0.11035701260516806, 0.31839200716515514, 0.4821914729789925, 0.5491109167900772, 0.8622392668335199, 0.5928698452296437, -0.07302377203446125, -0.13973870141325073, 0.7769949379265795, 0.0577607967684417, 0.5460722717148663, -0.5400631624236101, -0.5124692705565774, -0.9290080459293335, -0.636115651291421, -0.7993927234016618, 0.7021313755932004, 0.5165150361287432, -0.917606384962472, 0.09310463081046816, -0.11799553894763881, 0.5956078593348411, -0.1530998177866762, -0.018579582905673186, -0.7986023327332805, -0.020669981650587532, -0.18657326357489024, -0.7550349738835345, -0.9409374919081461, 0.36963134146575394, -0.4764174864569768, -0.9815934035944565, -0.8036867839701395, -0.9941660789804585, 0.35405047124676514, 0.1252744175319715, 0.6349757939328782]
101.99979400634766	(8, 12, 2)	[-0.9667664463576067, 1.0, -0.4471410965104936, 0.5919636881078589, 0.9993452634065851, 0.47900751178216255, 0.6378720928322148, 0.35890266386113323, 0.563279518380406, -0.44104415247025996, -0.9508761710464828, -0.7414131554047279, 0.9495079480791989, 0.8383217025676029, 0.3637096715526328, -0.31062727562019066, -0.042458733608784494, -0.24604179720093727, -0.5459043515450599, -0.16209382882642354, -0.24024376423061297, -0.634638086946602, 0.6961372354438935, 0.8143085862106334, -0.9445757333225582, 0.21720297676512157, -0.09786996178069061, -0.6590847223884122, 0.28253148823641583, 0.24125083141387327, 0.6007187219923253, -0.14442383968598893, -0.21425628857718748, -0.7985078208496819, 0.10442718676055218, -0.9844699618850095, 0.13621053615335854, 0.6133709897393242, -0.0372524956816573, -0.21199803084045932, 0.19009212937322872, -0.0091880149058432, -0.9941710458016095, 0.06187916103609048, -0.5579287282864482, 0.5593906745228433, 0.5482229437337949, -0.2314601041488612, 0.36833967684314395, 0.3525557640858401, 0.984490087939069, 0.5998054400631281, -0.8825066863926584, 0.1350711053525302, 0.4769195087484733, -0.7735861862490625, -0.7811673952680145, 0.12082539684288429, 0.5144703907046381, 0.32214405828398585, -0.017000479200063978, -0.40871074155163334, -0.8976138461749594, -0.823385011936314, -0.4143777310383989, 0.1269385695715723, -0.6682454317380233, 0.042513711851402514, -0.06124288641374043, -0.7742092031034562, -0.4985458155425644, 0.9216867638571005, -0.11306326069457917, -0.09885417397716031, 0.2880148768481632, 0.518887748519705, -0.999682923489468, -0.942128809778167, 0.824330054272499, 0.8486217256150134, -0.34154788771950595, 0.5081609512924443, -0.6922667963607663, 0.11035701260516806, 0.31839200716515514, 0.45156594319957444, 0.4939380019806783, 0.9008622699300506, 0.3930964541824995, 0.019480709669311702, -0.48033021018793515, 0.7769949379265795, 0.09255451950112425, 0.960252890950797, -0.5400631624236101, -0.996868906509778, -0.855802104200225, -0.636115651291421, -0.7993927234016618, 0.7117144861791536, 0.5165150361287432, -0.4416327705263523, 0.9004855384007764, 0.9589287047298591, 0.18276295140819743, -0.0458035437685691, -0.8512340097659992, -0.7493458110958169, -0.020669981650587532, -0.0799804554141797, 0.09516703501892454, 0.9911535430105631, 0.36963134146575394, -0.4764174864569768, -0.44423274963357895, -0.334245532860856, -1.0, 0.7466939962725558, 0.04158212128986495, 0.6928090087361691]
101.99977111816406	(8, 12, 2)	[-0.9265655114228701, 0.9817259139399528, -0.5007157907083977, 0.9231375513624307, 0.9993452634065851, 0.530768735698791, 0.6378720928322148, 0.6489948647922127, 0.4557164204558397, -0.8519245498766249, -0.43630849747637407, -0.7181604174564915, 1.0, 0.8383217025676029, 0.09475171666729043, 0.6504865736885299, -0.042458733608784494, -0.24604179720093727, -0.7603115836190737, 0.353204315749518, 0.13295029425361338, -0.30149762100775646, 0.8864696768729974, 0.5762288427129771, -0.9759673667479479, 0.21720297676512157, -0.9210313867439579, -0.6293419455169936, 0.48462836225116135, 0.6027311185172779, -0.09734499883757297, -0.5698215133292119, -0.30108142652672565, -0.7985078208496819, 0.10442718676055218, -0.9317144896427056, 0.13621053615335854, 0.1672332030619635, -0.0372524956816573, -0.3721805299873011, -0.0030993060968191877, -0.0091880149058432, 0.9431928694482287, -0.7421628737578394, -0.7874289893763733, -0.11685502722912508, -0.7748856478331385, 0.7088467931157442, -0.5364984828983568, -0.709444355177649, 0.984490087939069, 0.2952166943711838, -0.8825066863926584, 0.1350711053525302, -0.21054533579572632, 0.6102415603054879, -0.7811673952680145, -0.5894224677204531, 0.30463357055737506, 0.32214405828398585, -0.05886867703593479, -0.9404874835012098, 0.8307500065321161, -0.7202661591307494, 0.26809879915201024, 0.3072227865825139, 0.6467166884988378, -0.08070570728546178, -0.06124288641374043, 0.14474068809776264, 0.3439273473673772, 0.32138865931992366, -0.13180909120667733, -0.2702232379511429, 0.32099724971503535, 0.518887748519705, -0.08877832013731068, -0.942128809778167, -0.05292708538466506, 0.8879553219410375, -0.34154788771950595, 0.1737402050328613, -0.1051241604394757, 0.11035701260516806, 0.287934048909893, 0.45156594319957444, -0.6028129172406905, 0.8622392668335199, 0.32471313494788717, -0.7900375334642209, -0.13973870141325073, 0.8402718825564176, 0.09255451950112425, 0.5460722717148663, -0.37333076882182237, -0.5769214394595685, -0.855802104200225, 0.5741962716115492, 0.6244088803847552, 0.7035263221256979, -0.8628967904675657, -0.4416327705263523, 0.9004855384007764, -0.11799553894763881, 0.18276295140819743, -0.0458035437685691, -0.018579582905673186, -0.773692684409747, -0.020669981650587532, -0.18657326357489024, -0.6227923207516879, 0.9911535430105631, -0.3548213844365579, -0.854110503675129, -0.8374587232055971, -0.4811787712306574, 0.9185775203757425, 0.35405047124676514, 0.1252744175319715, 0.49285579867002216]
101.99874877929688	(8, 12, 2)	[-0.9667664463576067, 0.7872023838665456, -0.5007157907083977, 0.8082321595558093, 0.9993452634065851, 0.5397363642489659, -0.2460251901852753, 0.6489948647922127, 0.4557164204558397, -0.8519245498766249, -0.968360010272817, -0.7883617231857454, 0.9495079480791989, 0.9338192054246293, 0.5770179799140926, 0.6504865736885299, -0.042458733608784494, 0.036812646051842535, -0.15264145123379524, 0.353204315749518, -0.24024376423061297, -0.634638086946602, 0.18123153429537384, 0.0028289201584392742, -0.5804277080740377, -0.4774176713331964, -0.09786996178069061, -0.6293419455169936, 0.48462836225116135, 0.6027311185172779, 0.776502821202203, -0.5698215133292119, -0.644005670996242, -0.7985078208496819, 0.10442718676055218, -0.9317144896427056, 0.07915660766434085, 0.3573276458085408, 0.10844556673221595, -0.3721805299873011, 0.45010302928340495, -0.03647449276243342, 0.9431928694482287, -0.7421628737578394, -0.5579287282864482, 0.8545459812337866, 0.37736870097176545, -0.289104677501617, 0.4065573214094077, -0.709444355177649, 0.27058881582163463, 0.5998054400631281, -0.8171866311958961, 0.1350711053525302, 0.4769195087484733, -0.7735861862490625, -0.7811673952680145, 0.1475834501789806, -0.6138878539956595, 0.23127834896873556, 0.8986010064314782, -0.3031090244640141, -0.5651231064444104, -0.8390656741082316, 0.13895063268283223, 0.2965711064882298, 0.6467166884988378, -0.0405712651261468, -0.06124288641374043, -0.6792454134910186, 0.2901305709469808, 0.5425706961313306, -0.11306326069457917, -0.4776927602156247, -0.1507621234930593, 0.2212604220108565, -0.14870492573955385, -0.9423164768283139, -0.05292708538466506, 0.8486217256150134, 0.7855754644277135, 0.5081609512924443, -0.6922667963607663, 1.0, 0.31839200716515514, 0.45156594319957444, -0.9106169251603955, 0.9008622699300506, 0.35679987283864, -0.2612655449211899, 0.0643530823189713, 0.8402718825564176, 0.0577607967684417, -0.6800160683625103, -0.37333076882182237, -0.5124692705565774, -0.9290080459293335, -0.6853195570408455, -0.7993927234016618, 0.7021313755932004, -0.9276023844688991, -0.4416327705263523, 0.4523663381588128, 0.9589287047298591, -0.9510298277029419, -0.6382550788191459, 0.04900367423513052, -0.7986023327332805, -0.020669981650587532, 0.24237805685391067, -0.7550349738835345, 1.0, 0.5079872622838657, 0.7156432421541279, -0.9815934035944565, -0.4811787712306574, -0.9941660789804585, 0.7466939962725558, 0.1252744175319715, 0.6349757939328782]
101.9999771118164	(8, 12, 2)	[-0.8216203101170774, 0.5175571888730244, -0.4471410965104936, 0.9031679625979373, 0.9993452634065851, 0.45233243295564196, 0.6378720928322148, -0.21755620391364028, 0.3893603265259862, -0.8519245498766249, -0.8549507810268151, -0.7181604174564915, 0.9495079480791989, 0.8646357329205026, 0.09475171666729043, -0.22139901772865345, -0.042458733608784494, -0.24604179720093727, -0.8111174550870235, 0.353204315749518, 0.13027323236456725, -0.634638086946602, 0.8864696768729974, 0.5762288427129771, -0.939358689763359, -0.09093798454738033, -0.09786996178069061, 0.044262413145424784, 0.28253148823641583, 0.17558352151066692, -0.09734499883757297, 0.8215993830203816, -0.2712429562729597, -0.6461772858560806, 0.10442718676055218, -0.9844699618850095, 0.13621053615335854, 0.3573276458085408, 0.68424572691433, -0.3119889082204067, 0.19009212937322872, -0.0091880149058432, 0.9431928694482287, -0.7421628737578394, 0.6249199217880019, -0.11388646942502945, -0.22760309471469542, 0.6844883119904688, 0.36833967684314395, 0.3525557640858401, 0.984490087939069, 0.33487698634333474, -0.8825066863926584, -0.932895092122596, 0.026120497833131237, 0.6102415603054879, -0.7811673952680145, -0.5894224677204531, -0.6911062981945337, -0.8902808265654639, -0.017000479200063978, -0.40871074155163334, 0.8307500065321161, 0.2478449800530158, -0.4143777310383989, 0.1269385695715723, 0.8967613730078459, -0.19159458088651793, -0.06124288641374043, 0.2856930128723222, -0.4985458155425644, 0.9843007733910618, -0.7614207595928528, -0.20685835499703256, 0.2880148768481632, 0.2212604220108565, -0.14870492573955385, -0.9423164768283139, -0.05292708538466506, 1.0, -0.9382418412049827, 0.5081609512924443, -0.0025358927583987584, 0.18061690397847932, 0.31839200716515514, 0.3670034582101111, 0.4939380019806783, 0.9008622699300506, 0.3930964541824995, 0.5344448775975863, -0.13973870141325073, 0.8402718825564176, 0.14630083908692226, 0.9268719697003941, -0.09364066634266331, -0.8615354608173591, -0.9290080459293335, 0.44828760975700466, -0.7993927234016618, -0.10048475667379753, -0.48314297420579444, -0.4416327705263523, 0.4523663381588128, -0.11799553894763881, -0.9510298277029419, -0.02540298283587054, 0.055147682423432015, -0.773692684409747, -0.020669981650587532, 0.9703703914400199, -0.7550349738835345, 0.9911535430105631, 0.36963134146575394, -0.9333492240007322, -0.9815934035944565, -0.4811787712306574, -0.9941660789804585, 0.5659030750886814, -0.282275203774901, 0.6349757939328782]
101.99983215332031	(8, 12, 2)	[-0.8216203101170774, 0.5175571888730244, -0.4471410965104936, 0.9031679625979373, 0.9993452634065851, 0.45233243295564196, 0.6378720928322148, -0.21755620391364028, 0.3893603265259862, -0.8519245498766249, -0.8549507810268151, -0.7181604174564915, 0.9495079480791989, 0.8646357329205026, 0.09475171666729043, -0.22139901772865345, -0.042458733608784494, -0.24604179720093727, -0.8111174550870235, 0.353204315749518, 0.13027323236456725, -0.634638086946602, 0.8864696768729974, 0.5762288427129771, -0.939358689763359, -0.09093798454738033, -0.09786996178069061, 0.044262413145424784, 0.28253148823641583, 0.17558352151066692, -0.09734499883757297, 0.8215993830203816, -0.2712429562729597, -0.6461772858560806, 0.10442718676055218, -0.9844699618850095, 0.13621053615335854, 0.3573276458085408, 0.68424572691433, -0.3119889082204067, 0.19009212937322872, -0.0091880149058432, 0.9431928694482287, -0.7421628737578394, 0.6249199217880019, -0.11388646942502945, -0.22760309471469542, 0.6844883119904688, 0.36833967684314395, 0.3525557640858401, 0.984490087939069, 0.33487698634333474, -0.8825066863926584, -0.932895092122596, 0.026120497833131237, 0.6102415603054879, -0.7811673952680145, -0.5894224677204531, -0.6911062981945337, -0.8902808265654639, -0.017000479200063978, -0.40871074155163334, 0.8307500065321161, 0.2478449800530158, -0.4143777310383989, 0.1269385695715723, 0.8967613730078459, -0.19159458088651793, -0.06124288641374043, 0.2856930128723222, -0.4985458155425644, 0.9843007733910618, -0.7614207595928528, -0.20685835499703256, 0.2880148768481632, 0.2212604220108565, -0.14870492573955385, -0.9423164768283139, -0.05292708538466506, 1.0, -0.9382418412049827, 0.5081609512924443, -0.0025358927583987584, 0.18061690397847932, 0.31839200716515514, 0.3670034582101111, 0.4939380019806783, 0.9008622699300506, 0.3930964541824995, 0.5344448775975863, -0.13973870141325073, 0.8402718825564176, 0.14630083908692226, 0.9268719697003941, -0.09364066634266331, -0.8615354608173591, -0.9290080459293335, 0.44828760975700466, -0.7993927234016618, -0.10048475667379753, -0.48314297420579444, -0.4416327705263523, 0.4523663381588128, -0.11799553894763881, -0.9510298277029419, -0.02540298283587054, 0.055147682423432015, -0.773692684409747, -0.020669981650587532, 0.9703703914400199, -0.7550349738835345, 0.9911535430105631, 0.36963134146575394, -0.9333492240007322, -0.9815934035944565, -0.4811787712306574, -0.9941660789804585, 0.5659030750886814, -0.282275203774901, 0.6349757939328782]
101.99945831298828	(8, 12, 2)	[-0.8216203101170774, 0.5175571888730244, -0.24405132099489263, 0.7778735013048341, 0.9993452634065851, 0.5397363642489659, -0.2460251901852753, 0.5343273955223932, 0.3893603265259862, -0.8519245498766249, -0.9508761710464828, -0.7181604174564915, 0.9495079480791989, 0.9338192054246293, 0.09475171666729043, 0.6504865736885299, -0.042458733608784494, -0.5573012404172646, -0.5459043515450599, 0.353204315749518, 0.13027323236456725, -0.634638086946602, 0.8864696768729974, 0.5762288427129771, -0.3682140251886161, -0.09093798454738033, -0.09786996178069061, -0.6590847223884122, 0.28253148823641583, 0.6027311185172779, -0.09734499883757297, -0.14442383968598893, -0.21425628857718748, -0.7903366959621126, 0.061936181129766066, -0.9844699618850095, -1.0, 0.1672332030619635, 0.8324436682175613, -0.21199803084045932, 0.19009212937322872, -0.0091880149058432, 0.9431928694482287, 0.06187916103609048, -0.7874289893763733, -0.11685502722912508, -0.8616019239038898, -0.2314601041488612, 0.36833967684314395, -0.709444355177649, 0.984490087939069, 0.2952166943711838, -0.8641239663638176, 0.1350711053525302, -0.7829397423697493, 0.6102415603054879, -0.7811673952680145, -0.5894224677204531, 0.30463357055737506, -0.8902808265654639, -0.017000479200063978, -0.9404874835012098, -0.5651231064444104, -0.7202661591307494, -0.12548115494827755, 0.1269385695715723, 0.8967613730078459, -0.0405712651261468, -0.6268750132141945, 0.2856930128723222, 0.2901305709469808, 0.9843007733910618, -0.7614207595928528, -0.45502770731928943, 0.2880148768481632, 0.518887748519705, -0.999682923489468, -0.942128809778167, -0.2812692487079802, 0.8486217256150134, -0.9382418412049827, 0.5081609512924443, 0.41040445344775867, 0.11035701260516806, 0.31839200716515514, -0.20964706762397056, -0.9106169251603955, 0.8622392668335199, 0.32471313494788717, -0.07302377203446125, -0.4430486337999666, 0.7769949379265795, 0.0577607967684417, -0.6800160683625103, -0.16117749525552244, -0.5124692705565774, 0.2331962074773386, 0.5664569022624639, -0.7993927234016618, 0.7021313755932004, -0.48314297420579444, -0.4416327705263523, 0.20830925181703158, -0.11799553894763881, 0.18276295140819743, -0.0458035437685691, 0.18789237484361065, -0.773692684409747, -0.020669981650587532, 0.9703703914400199, -0.7246909871540519, 1.0, 0.5079872622838657, -0.854110503675129, -0.8372518268899266, -0.8036867839701395, -0.9213986876072863, 0.34719530667936915, 0.1252744175319715, 0.6238936160692508]
101.9999008178711	(8, 12, 2)	[-0.9667664463576067, 0.5175571888730244, -0.5007157907083977, 0.9031679625979373, 0.9993452634065851, 0.47900751178216255, 0.6378720928322148, -0.21755620391364028, 0.3893603265259862, -0.4326990688155828, -0.9508761710464828, -0.7455906194222413, 0.9495079480791989, 0.8213257823178428, 0.09475171666729043, 0.5653678393050492, -0.042458733608784494, -0.5573012404172646, -0.8111174550870235, 0.353204315749518, -0.4660122057256655, -0.634638086946602, 0.8864696768729974, 0.5762288427129771, -0.9759673667479479, -0.09093798454738033, -0.09786996178069061, -0.6590847223884122, 0.28253148823641583, 0.6027311185172779, -0.014414233859498513, -0.14442383968598893, -0.644005670996242, -0.7985078208496819, 0.061936181129766066, -0.9844699618850095, 0.13621053615335854, 0.5923280812617611, -0.0372524956816573, -0.3721805299873011, -0.13750754725904057, -0.1081523542107855, 0.9431928694482287, -0.9006783106071399, -0.4945607660450022, -0.011876764219185015, 0.37736870097176545, -0.2314601041488612, 0.36833967684314395, 0.3525557640858401, 0.984490087939069, 0.2952166943711838, -0.8825066863926584, 0.3241717584559505, -0.7829397423697493, -0.7735861862490625, -0.8275802712266143, -0.6834416907147046, 0.641641776373221, -0.9474682817089687, 0.8986010064314782, 0.4598922561513459, 0.8307500065321161, -0.6275957805845449, -0.9998334877412018, 0.14425732600845387, -0.6487524671258413, -0.0405712651261468, -0.06124288641374043, 0.2856930128723222, 0.3439273473673772, 0.5425706961313306, -0.7614207595928528, -0.45502770731928943, 0.2880148768481632, 0.518887748519705, -0.14870492573955385, -0.942128809778167, -0.05292708538466506, 0.8486217256150134, 0.5769501472766843, 0.5081609512924443, -0.6922667963607663, 0.11035701260516806, 0.287934048909893, 0.4821914729789925, -0.9106169251603955, 0.9008622699300506, -0.5814055711382431, -0.11263046265208904, -0.13973870141325073, 0.8570862105804112, 0.1325246491936426, -0.6800160683625103, -0.5400631624236101, -0.5124692705565774, -0.855802104200225, -0.636115651291421, -0.7993927234016618, 0.8559373173449555, -0.9276023844688991, -0.4416327705263523, 0.9004855384007764, 0.9589287047298591, -0.9543088664038678, -0.0458035437685691, -0.018579582905673186, -0.67040244448631, -0.04566005211423506, 0.9703703914400199, 0.43514185672797606, 1.0, 0.36963134146575394, -0.4764174864569768, -0.3653463092257966, 0.09230990302679576, -0.9213986876072863, 0.34719530667936915, 0.1252744175319715, 0.49285579867002216]
101.99996948242188	(8, 12, 2)	[-0.9265655114228701, 0.9096225212924474, -0.4471410965104936, 0.9031679625979373, 0.9993452634065851, 0.530768735698791, -0.2460251901852753, -0.21755620391364028, 0.4557164204558397, -0.44104415247025996, -0.9508761710464828, -0.7396326655032104, 0.9495079480791989, 0.8213257823178428, 0.09475171666729043, 0.5653678393050492, -0.042458733608784494, -0.24604179720093727, -0.8111174550870235, -0.16209382882642354, 0.13295029425361338, -0.634638086946602, 0.8864696768729974, 0.5762288427129771, -0.939358689763359, -0.09093798454738033, -0.09786996178069061, -0.6293419455169936, 0.28253148823641583, 0.24125083141387327, -0.09734499883757297, -0.5698215133292119, -0.21425628857718748, -0.7985078208496819, 0.10442718676055218, -0.9844699618850095, 0.07915660766434085, 0.3253731831189255, 0.10844556673221595, -0.34949785251312915, 0.45010302928340495, -0.0091880149058432, 0.9431928694482287, 0.06187916103609048, -0.5579287282864482, 0.5198006494137328, -0.7748856478331385, -0.2314601041488612, 0.36833967684314395, 0.3525557640858401, 0.984490087939069, 0.2952166943711838, -0.8641239663638176, -0.932895092122596, 0.4769195087484733, 0.6102415603054879, -0.6161885255218662, -0.6834416907147046, 0.30463357055737506, -0.9474682817089687, -0.017000479200063978, -0.5689021501698466, -0.5651231064444104, -0.823385011936314, 0.26809879915201024, 0.1269385695715723, 0.6467166884988378, -0.08070570728546178, -0.06124288641374043, 0.14474068809776264, 0.2901305709469808, 1.0, -0.11306326069457917, -0.45502770731928943, -0.1507621234930593, 0.518887748519705, -0.4019623344595541, -0.942128809778167, -0.05292708538466506, 0.8486217256150134, -0.8903656046805126, 0.5081609512924443, -0.1051241604394757, 0.11035701260516806, 0.287934048909893, 0.3670034582101111, 0.448918985321072, 0.9008622699300506, 0.0828676308035019, -0.14587366716575068, -0.13973870141325073, 0.8570862105804112, 0.0577607967684417, -0.541006072960821, -0.5400631624236101, -0.5769214394595685, -0.9290080459293335, -0.636115651291421, 0.6244088803847552, 0.8559373173449555, 0.5165150361287432, -0.917606384962472, 0.4523663381588128, 0.9589287047298591, 0.18276295140819743, -0.6382550788191459, -0.8512340097659992, -0.67040244448631, -0.9214028071572657, -0.05257601918029097, -0.7550349738835345, 1.0, 0.36963134146575394, 0.7156432421541279, -0.1978443255036314, -0.2227337929457604, 0.9421341722581134, 0.35405047124676514, 0.1252744175319715, 0.6349757939328782]
101.99995422363281	(8, 12, 2)	[-0.9667664463576067, 0.7872023838665456, -0.4471410965104936, 0.5688083911558346, 1.0, 0.45233243295564196, 0.6378720928322148, 0.5343273955223932, 0.4276424874403455, -0.8519245498766249, -0.9508761710464828, -0.7181604174564915, 1.0, 0.8646357329205026, 0.3637096715526328, -0.01240602030642678, -0.06215636286429501, -0.24604179720093727, -0.8111174550870235, 0.353204315749518, 0.13027323236456725, -0.7227766114825713, 0.15252058808175578, 0.5762288427129771, -0.5804277080740377, 0.21720297676512157, -0.9210313867439579, -0.6293419455169936, 0.28253148823641583, 0.6027311185172779, -0.09734499883757297, -0.5698215133292119, -0.644005670996242, -0.7903366959621126, -0.5449088204395383, -0.9844699618850095, 0.13621053615335854, 0.8730755530171224, -0.0372524956816573, -0.34949785251312915, -0.13750754725904057, -0.03647449276243342, 0.9431928694482287, -0.09227008515747515, -0.5579287282864482, 0.5593906745228433, -0.7846618511576989, -0.2314601041488612, 0.36833967684314395, 0.3525557640858401, 0.984490087939069, 0.2952166943711838, -0.8825066863926584, -0.7908020033195069, 0.026120497833131237, 0.6102415603054879, -0.7811673952680145, -0.3851640189804084, 0.3571339020167492, -0.9474682817089687, -0.740638880472172, -0.40969855282195683, -0.5651231064444104, -0.8390656741082316, -0.0021417245466633372, 0.1269385695715723, -0.6682454317380233, -0.0405712651261468, -0.06124288641374043, 0.2856930128723222, 0.3136221136525385, 0.9216867638571005, -0.13180909120667733, -0.4776927602156247, 0.12056158406971038, 0.518887748519705, -0.14870492573955385, -0.9423164768283139, -0.2812692487079802, 0.8879553219410375, -0.9382418412049827, 0.0007559333505030574, 0.41040445344775867, 0.11035701260516806, 0.31839200716515514, 0.45156594319957444, 0.4939380019806783, 0.9008622699300506, 0.3930964541824995, -0.07302377203446125, -0.13973870141325073, 0.7769949379265795, 0.09255451950112425, 0.5460722717148663, 0.288526365854201, -0.5124692705565774, -0.9290080459293335, -0.636115651291421, -0.7084776653740312, 0.8559373173449555, -0.48314297420579444, -0.4416327705263523, 0.9333142500698336, -0.11799553894763881, -0.9543088664038678, -0.6382550788191459, 0.34852314002192286, -0.7493458110958169, -0.04566005211423506, -0.18657326357489024, 0.43514185672797606, 0.9911535430105631, 0.36963134146575394, 0.7156432421541279, -0.9815934035944565, 0.09230990302679576, -0.9941660789804585, 0.5659030750886814, 0.1252744175319715, 0.6349757939328782]
101.99994659423828	(8, 12, 2)	[-0.9265655114228701, 0.5758292531117077, -0.4471410965104936, 0.8082321595558093, 0.9993452634065851, 0.45233243295564196, 0.6378720928322148, 0.35890266386113323, 0.4557164204558397, -0.8519245498766249, -0.8282810743742411, -0.7181604174564915, 0.9495079480791989, 0.8213257823178428, 0.09475171666729043, 0.5653678393050492, -0.042458733608784494, -0.5573012404172646, -0.8111174550870235, -0.23408510542494348, -0.24024376423061297, -0.634638086946602, 1.0, 0.6721412378796654, -0.939358689763359, -0.09093798454738033, -0.9210313867439579, -0.6590847223884122, 0.48462836225116135, 0.24125083141387327, -0.09734499883757297, -0.19212088762473575, -0.2712429562729597, -0.7985078208496819, 0.10442718676055218, -0.9844699618850095, 0.13621053615335854, 0.5923280812617611, 0.10844556673221595, -0.3119889082204067, 0.45010302928340495, -0.03647449276243342, 0.9431928694482287, 0.06187916103609048, -0.5579287282864482, 0.5198006494137328, -0.7748856478331385, 0.6844883119904688, 0.36833967684314395, 0.3525557640858401, 0.984490087939069, 0.2952166943711838, -0.8825066863926584, -0.932895092122596, 0.026120497833131237, 0.6102415603054879, -0.7811673952680145, -0.6834416907147046, 0.641641776373221, -0.8761242136389267, -0.017000479200063978, -0.4846172985823296, 0.8307500065321161, -0.823385011936314, 0.036775061535797446, 0.1269385695715723, -0.6682454317380233, -0.0405712651261468, -0.06124288641374043, -0.6792454134910186, 0.2901305709469808, 0.5425706961313306, -0.11306326069457917, -0.45502770731928943, 0.2880148768481632, 0.2212604220108565, -0.14870492573955385, -0.9423164768283139, 0.8886483922107744, 0.8486217256150134, -0.9382418412049827, 0.5081609512924443, -0.6922667963607663, 0.18061690397847932, 0.31839200716515514, 0.45156594319957444, 0.4939380019806783, 0.9454694489310382, -0.5814055711382431, -0.5623111238054137, -0.13973870141325073, 0.8995876238207318, 0.0577607967684417, -0.6800160683625103, -0.37333076882182237, -0.5124692705565774, -0.8621988612713142, -0.636115651291421, -0.7993927234016618, 0.7795514276666371, 0.5165150361287432, -0.917606384962472, 0.44604611254731696, -0.11799553894763881, 0.2932540760354334, -0.0458035437685691, -0.8512340097659992, -0.67040244448631, 0.7018433032672242, -0.1918865319964484, -0.7794855060070839, 1.0, -0.4432291198899725, -0.4764174864569768, -0.44423274963357895, -0.9479513287849874, 0.9421341722581134, 0.7466939962725558, 0.1252744175319715, 0.49285579867002216]
101.99998474121094	(8, 12, 2)	[-0.8216203101170774, 0.5175571888730244, -0.4471410965104936, 0.7778735013048341, 0.9993452634065851, 0.45233243295564196, 0.6378720928322148, 0.6489948647922127, 0.4557164204558397, -0.44104415247025996, -0.9508761710464828, -0.7181604174564915, 0.9495079480791989, 0.8213257823178428, 0.09475171666729043, 0.5653678393050492, -0.042458733608784494, -0.5573012404172646, -0.8111174550870235, -0.16209382882642354, -0.12856038519626337, -0.634638086946602, 0.15252058808175578, 0.5762288427129771, -0.939358689763359, -0.4774176713331964, -0.09786996178069061, -0.6293419455169936, 0.28253148823641583, 0.6027311185172779, -0.09734499883757297, -0.5698215133292119, -0.21425628857718748, -0.7985078208496819, -0.019981620190289928, -0.9844699618850095, 0.13621053615335854, 0.5219364795226493, 0.10844556673221595, -0.4077013210869791, -0.13750754725904057, -0.03647449276243342, 0.9431928694482287, -0.09227008515747515, -0.5579287282864482, -0.11685502722912508, -0.22760309471469542, 0.7088467931157442, 0.36833967684314395, 0.3525557640858401, 1.0, 0.2952166943711838, -0.8825066863926584, 0.1350711053525302, 0.026120497833131237, -0.7735861862490625, -0.6251851725280986, -0.7341409124458947, -0.6138878539956595, -0.8761242136389267, -0.4160758263746991, 0.4598922561513459, 0.8307500065321161, -0.8169875942885443, -0.12548115494827755, 0.1269385695715723, 0.19131918743764342, -0.0405712651261468, -0.06124288641374043, 0.2856930128723222, 0.2901305709469808, 0.32138865931992366, -0.11306326069457917, -0.45502770731928943, 0.2880148768481632, 0.518887748519705, -0.999682923489468, -0.36920414108769495, 0.7112943868225106, 0.31073910427925644, -0.8903656046805126, 0.1737402050328613, -0.1354033930885853, 0.9038095688007259, 0.31839200716515514, -0.20964706762397056, 0.4939380019806783, 0.8622392668335199, 0.32471313494788717, -0.8267871808072293, -0.13973870141325073, 0.8402718825564176, 0.09255451950112425, 0.960252890950797, -0.5400631624236101, -0.5124692705565774, 0.2331962074773386, -0.3837089857036777, -0.7993927234016618, 0.7035263221256979, -0.9276023844688991, -0.4416327705263523, 0.9004855384007764, 0.9589287047298591, -0.9543088664038678, -0.0458035437685691, -0.8512340097659992, -0.7493458110958169, 0.7018433032672242, -0.18657326357489024, -0.6227923207516879, 0.9911535430105631, 0.36963134146575394, -0.4764174864569768, -0.44423274963357895, -0.9479513287849874, -0.9941660789804585, 0.35405047124676514, 0.1252744175319715, 0.6349757939328782]
101.99999237060547	(8, 12, 2)	[-0.9667664463576067, 0.9096225212924474, -0.24405132099489263, 0.9031679625979373, 0.9993452634065851, 0.45233243295564196, -0.2460251901852753, 0.35890266386113323, 0.4557164204558397, -0.44104415247025996, -0.8282810743742411, -0.7181604174564915, 0.9679278142582063, 0.8646357329205026, 0.09475171666729043, 0.5653678393050492, -0.042458733608784494, -0.3962703081945692, -0.8111174550870235, -0.16209382882642354, 0.13295029425361338, -0.634638086946602, 1.0, 0.6721412378796654, -0.5804277080740377, -0.09093798454738033, -0.09786996178069061, -0.6293419455169936, 0.48462836225116135, 0.17558352151066692, -0.09734499883757297, -0.5698215133292119, -0.21425628857718748, -0.7985078208496819, 0.10442718676055218, -0.9844699618850095, 0.13621053615335854, 0.6133709897393242, 0.10844556673221595, -0.34949785251312915, 0.45010302928340495, -0.0091880149058432, 1.0, -0.09227008515747515, -0.5114849190146924, -0.06391714966870252, 0.5482229437337949, 0.7088467931157442, -0.5671635107545783, 0.3525557640858401, 0.984490087939069, 0.33487698634333474, -0.8641239663638176, -1.0, -0.21054533579572632, 0.6102415603054879, -0.7811673952680145, -0.6834416907147046, -0.6138878539956595, -0.9474682817089687, -0.740638880472172, -0.40871074155163334, -0.5651231064444104, -0.8169875942885443, -0.4143777310383989, 0.3072227865825139, 0.6467166884988378, -0.0405712651261468, -0.19658676445777745, -0.6792454134910186, 0.2901305709469808, 0.9843007733910618, -0.11306326069457917, -0.09885417397716031, -0.1507621234930593, 0.518887748519705, -0.14870492573955385, -0.36920414108769495, 0.8886483922107744, 0.8486217256150134, -0.5261658733536045, 0.5081609512924443, -0.1051241604394757, 0.9038095688007259, 0.31839200716515514, 0.3670034582101111, 0.5162563244233762, 0.9454694489310382, -0.5814055711382431, -0.07302377203446125, -0.48033021018793515, 0.8402718825564176, 0.09255451950112425, -0.541006072960821, -0.7910224110559663, -0.5124692705565774, -0.9290080459293335, -0.636115651291421, 0.6244088803847552, 0.7795514276666371, 0.46104538477421886, -0.4416327705263523, 0.4866536569888204, -0.11799553894763881, 0.5956078593348411, -0.6382550788191459, -0.8512340097659992, -0.773692684409747, 0.7018433032672242, -0.1918865319964484, -0.7794855060070839, 0.9911535430105631, 0.36963134146575394, 0.7156432421541279, -0.44423274963357895, -0.9479513287849874, 0.9089496987684107, 0.34719530667936915, 0.1252744175319715, 0.6349757939328782]
101.99998474121094	(8, 12, 2)	[-0.9667664463576067, 0.5175571888730244, -0.2156061405591897, 0.5688083911558346, 0.9993452634065851, 0.530768735698791, -0.2460251901852753, 0.5343273955223932, -0.7972621641148931, -0.4324290387958492, -0.8549507810268151, -0.7181604174564915, 0.9495079480791989, 0.8213257823178428, 0.09475171666729043, 0.5653678393050492, -0.042458733608784494, -0.24604179720093727, -0.8536838218183183, -0.16209382882642354, 0.13027323236456725, -0.634638086946602, 0.8864696768729974, 0.7190116785187045, -0.8838539519616572, 0.04195330818037843, -0.09786996178069061, -0.6590847223884122, 0.28253148823641583, 0.6027311185172779, -0.09734499883757297, -0.14442383968598893, -0.2712429562729597, -0.7985078208496819, 0.10442718676055218, -0.9844699618850095, 0.433295412851468, 0.5923280812617611, 0.8324436682175613, -0.3119889082204067, 0.45010302928340495, -0.0091880149058432, 0.9431928694482287, 0.06187916103609048, -0.5579287282864482, -0.011876764219185015, 0.37736870097176545, 0.6844883119904688, 0.6902597119828473, 0.3525557640858401, 0.984490087939069, 0.33487698634333474, -0.8825066863926584, -0.932895092122596, -0.7829397423697493, 0.6102415603054879, -0.9481414548969782, -0.6780047202949707, 0.641641776373221, 0.42859041127744757, -0.017000479200063978, -0.40871074155163334, 0.8307500065321161, -0.6275957805845449, -0.2519896219688116, 0.3072227865825139, 0.6696030862378334, 0.17392802889629755, -0.06124288641374043, -0.7483362573779735, 0.2901305709469808, 0.5425706961313306, -0.1368842701360944, -0.4776927602156247, -0.14984520578717006, 0.2212604220108565, -0.14870492573955385, -0.9119866043643323, 0.022153705221631015, 0.8486217256150134, -0.5261658733536045, 0.5081609512924443, -0.6922667963607663, 0.9038095688007259, 0.31839200716515514, 0.32760466243923464, 0.4939380019806783, 0.9862037339655854, -0.5814055711382431, -0.11263046265208904, -0.48033021018793515, 0.8402718825564176, -0.03204524116399782, 0.960252890950797, -0.08264391555355567, -0.5124692705565774, -0.855802104200225, -0.636115651291421, 0.7479841254133686, 0.6768476981881824, -0.9276023844688991, -0.4416327705263523, 0.9004855384007764, -0.11799553894763881, 0.37701339546981427, -0.0458035437685691, -0.018579582905673186, 0.36657066309052766, -0.04566005211423506, 0.24237805685391067, -0.7550349738835345, 1.0, 0.36963134146575394, 0.7156432421541279, -0.44423274963357895, 0.09230990302679576, -0.9213986876072863, 0.7466939962725558, 0.9175066826291245, 0.4285367058873754]
101.99999237060547	(8, 12, 2)	[-0.9667664463576067, 0.7872023838665456, -0.4471410965104936, 0.5688083911558346, 1.0, 0.45233243295564196, -0.2460251901852753, 0.6489948647922127, 0.4557164204558397, -0.8519245498766249, -0.8549507810268151, -0.7396326655032104, 1.0, 0.9338192054246293, 0.3637096715526328, 0.5653678393050492, -0.06215636286429501, -0.5573012404172646, -0.7603115836190737, 0.353204315749518, -0.24024376423061297, -0.7227766114825713, 0.15252058808175578, 0.5762288427129771, -0.5804277080740377, -0.09093798454738033, -0.09786996178069061, -0.6293419455169936, 0.48462836225116135, 0.24125083141387327, -0.09734499883757297, -0.5698215133292119, -0.2712429562729597, -0.7985078208496819, 0.10442718676055218, -0.9844699618850095, 0.13621053615335854, 0.3573276458085408, 0.8324436682175613, -0.34949785251312915, 0.45010302928340495, -0.0091880149058432, 0.9431928694482287, 0.06187916103609048, -0.5358264655277745, -0.11685502722912508, -0.22760309471469542, -0.2314601041488612, 0.36833967684314395, 0.3525557640858401, 0.984490087939069, 0.2952166943711838, -0.8825066863926584, -0.932895092122596, 0.026120497833131237, 0.6102415603054879, -0.7811673952680145, -0.6114114127505603, 0.641641776373221, 0.32214405828398585, -0.017000479200063978, -0.4052914535006782, -0.5651231064444104, -0.823385011936314, -0.0021417245466633372, 0.1269385695715723, 0.6467166884988378, -0.08070570728546178, -0.10453379742602117, -0.6792454134910186, 0.2901305709469808, 0.18525089814705753, -0.08429556245798378, -0.4776927602156247, 0.12056158406971038, 0.518887748519705, -0.08877832013731068, -0.942128809778167, -0.022731443420519165, 0.7557842979100273, -0.34154788771950595, 0.49968441865948215, 0.41040445344775867, 0.11035701260516806, 0.287934048909893, 0.3670034582101111, 0.4939380019806783, 0.9008622699300506, 0.3930964541824995, -0.07302377203446125, -0.13973870141325073, 0.8995876238207318, 0.09255451950112425, 0.960252890950797, -0.37333076882182237, -0.5124692705565774, -0.855802104200225, 0.5664569022624639, -0.7084776653740312, 0.7957022383216921, -0.48314297420579444, -0.917606384962472, 0.9004855384007764, 0.9589287047298591, -0.9543088664038678, -0.24666774793782517, -0.878614859600563, -0.67040244448631, -0.020669981650587532, -0.05257601918029097, 0.43514185672797606, 1.0, 0.36963134146575394, 0.7156432421541279, -0.44423274963357895, -0.9479513287849874, 0.9421341722581134, 0.5659030750886814, 0.1252744175319715, 0.6349757939328782]
101.99994659423828	(8, 12, 2)	[-0.8216203101170774, 0.5175571888730244, -0.24405132099489263, 0.7778735013048341, 0.9993452634065851, 0.47900751178216255, -0.2460251901852753, 0.6489948647922127, 0.4557164204558397, -0.8519245498766249, -0.8549507810268151, -0.7396326655032104, 0.9495079480791989, 0.8646357329205026, 0.0120297137115499, 0.5653678393050492, -0.042458733608784494, -0.3408694132488904, -0.5459043515450599, -0.16209382882642354, -0.05281351015034488, -0.634638086946602, 0.8864696768729974, 0.5762288427129771, -0.3682140251886161, -0.09093798454738033, -0.09786996178069061, -0.6293419455169936, 0.48462836225116135, 0.6027311185172779, -0.09734499883757297, -0.5698215133292119, -0.21425628857718748, -0.7985078208496819, -0.5449088204395383, -0.9844699618850095, 0.13621053615335854, 0.8021255936670751, 0.10844556673221595, -0.34949785251312915, 0.19009212937322872, -0.03647449276243342, 0.9431928694482287, 0.06187916103609048, -0.5579287282864482, 0.5593906745228433, 0.37736870097176545, -0.2314601041488612, 0.36833967684314395, 0.3525557640858401, 0.984490087939069, 0.33487698634333474, -0.8825066863926584, -0.932895092122596, -0.7829397423697493, 0.6102415603054879, -0.6161885255218662, -0.7341409124458947, 0.30463357055737506, -0.9474682817089687, -0.740638880472172, -0.5689021501698466, 0.8307500065321161, -0.6275957805845449, -0.12548115494827755, 0.1269385695715723, 0.19131918743764342, -0.08070570728546178, -0.09112266437198746, -0.6792454134910186, 0.2901305709469808, 0.5425706961313306, -0.11306326069457917, -0.45502770731928943, 0.3300633518186068, 0.518887748519705, -0.999682923489468, -0.36920414108769495, 0.7112943868225106, 0.8486217256150134, -0.9382418412049827, 0.1737402050328613, -0.6922667963607663, 0.11035701260516806, 0.3538589407301119, -0.20964706762397056, 0.4939380019806783, 0.9008622699300506, 0.0828676308035019, -0.14587366716575068, -0.13973870141325073, 0.7793855533719696, 0.09255451950112425, -0.6800160683625103, -0.37333076882182237, -0.5124692705565774, 0.21434194858238464, -0.636115651291421, -0.7993927234016618, 0.7957022383216921, -0.9276023844688991, -0.9958768045961041, -0.8890447726736896, -0.11799553894763881, 0.2932540760354334, -0.6382550788191459, -0.018579582905673186, -0.7493458110958169, -0.9214028071572657, 0.9703703914400199, -0.7550349738835345, 0.9911535430105631, 0.36963134146575394, -0.4764174864569768, -0.44423274963357895, -0.8036867839701395, -0.9941660789804585, 0.5659030750886814, 0.1252744175319715, 0.6349757939328782]
101.99999237060547	(8, 12, 2)	[-0.9667664463576067, 0.9096225212924474, -0.4471410965104936, 0.9031679625979373, 0.9993452634065851, 0.49085195172135593, -0.2460251901852753, 0.3142878496003167, -0.7797049995880374, -0.44104415247025996, -0.8282810743742411, -0.7181604174564915, 0.9495079480791989, 0.8213257823178428, 0.3637096715526328, -0.026797846098528318, -0.042458733608784494, -0.24604179720093727, -0.8111174550870235, -0.16209382882642354, 0.13295029425361338, -0.634638086946602, 0.8864696768729974, 0.5762288427129771, -0.9445757333225582, -0.09093798454738033, -0.09786996178069061, -0.6293419455169936, 0.48462836225116135, 0.24125083141387327, -0.09734499883757297, -0.12417398845875662, -0.2712429562729597, -0.7985078208496819, 0.10442718676055218, -0.9317144896427056, 0.13621053615335854, 0.8021255936670751, 0.1325884496815442, -0.3721805299873011, 0.45010302928340495, -0.03647449276243342, 1.0, 0.06187916103609048, -0.4945607660450022, -0.11685502722912508, 0.37736870097176545, -0.2314601041488612, 0.36833967684314395, 0.3525557640858401, 0.984490087939069, 0.22160570193928747, -0.8825066863926584, -0.7908020033195069, -0.21054533579572632, -0.7735861862490625, -0.7811673952680145, -0.6834416907147046, -0.6161405265615185, 0.32214405828398585, -0.017000479200063978, -0.30077864439556357, -0.5651231064444104, -0.823385011936314, -0.12548115494827755, 0.1269385695715723, -0.5658017425891054, -0.0405712651261468, -0.06124288641374043, 0.2856930128723222, 0.2901305709469808, 0.9843007733910618, -0.1368842701360944, -0.09885417397716031, 0.2880148768481632, 0.518887748519705, -0.14870492573955385, -0.942128809778167, 0.7112943868225106, 0.9882208037342551, -0.5261658733536045, 0.0007559333505030574, -0.1051241604394757, 0.18061690397847932, 0.287934048909893, 0.3670034582101111, -0.9106169251603955, 0.9008622699300506, 0.35679987283864, -0.7900375334642209, -0.13973870141325073, 0.8402718825564176, 0.09255451950112425, 0.960252890950797, -0.37333076882182237, -0.5124692705565774, 0.2331962074773386, -0.4634703362969722, -0.7993927234016618, 0.8559373173449555, 0.5165150361287432, -0.917606384962472, 0.4523663381588128, -0.11799553894763881, 0.5956078593348411, -0.0458035437685691, 0.18789237484361065, -0.7493458110958169, -0.8177993276253369, -0.1918865319964484, -0.06924279457159543, 1.0, 0.36963134146575394, -0.4764174864569768, -0.44423274963357895, -0.9479513287849874, 0.9421341722581134, 0.35405047124676514, 0.1252744175319715, 0.49285579867002216]
101.9999771118164	(8, 12, 2)	[-0.9667664463576067, 0.7872023838665456, -0.4471410965104936, 0.9231375513624307, 1.0, 0.45233243295564196, -0.2460251901852753, 0.35890266386113323, 0.4557164204558397, -0.8519245498766249, -0.8549507810268151, -0.7181604174564915, 0.9495079480791989, 0.8646357329205026, 0.3637096715526328, 0.5653678393050492, -0.042458733608784494, -0.24604179720093727, -0.8111174550870235, 0.353204315749518, 0.13295029425361338, -0.634638086946602, 0.8864696768729974, 0.5762288427129771, -0.9445757333225582, 0.21720297676512157, -0.23178407584971294, -0.6293419455169936, 0.28253148823641583, 0.6027311185172779, -0.09734499883757297, -0.5698215133292119, -0.2712429562729597, -0.7985078208496819, 0.061936181129766066, -0.9844699618850095, 0.13621053615335854, 0.6133709897393242, 0.10844556673221595, -0.34949785251312915, 0.19009212937322872, -0.03647449276243342, 1.0, 0.06187916103609048, -0.7874289893763733, -0.11685502722912508, 0.37736870097176545, 0.7953135388490147, 0.36833967684314395, 0.3525557640858401, 0.984490087939069, 0.33487698634333474, -0.8825066863926584, -0.932895092122596, 0.026120497833131237, 0.6102415603054879, -0.6161885255218662, -0.5894224677204531, -0.6138878539956595, -0.9474682817089687, -0.017000479200063978, -0.40969855282195683, -0.5651231064444104, -0.8390656741082316, -0.12548115494827755, 0.1269385695715723, 0.19131918743764342, -0.12891417748395448, -0.06124288641374043, -0.7742092031034562, 0.2901305709469808, 0.5425706961313306, -0.11306326069457917, -0.518785884629809, -0.1507621234930593, 0.518887748519705, -0.14870492573955385, -0.942128809778167, 0.0796692603262199, 0.31073910427925644, -0.9382418412049827, 0.5081609512924443, -0.6922667963607663, 0.9038095688007259, 0.31839200716515514, 0.45156594319957444, 0.4939380019806783, 0.8622392668335199, 0.35679987283864, -0.07302377203446125, -0.13973870141325073, 0.8402718825564176, 0.14630083908692226, -0.541006072960821, -0.37333076882182237, -0.5124692705565774, -0.9290080459293335, -1.0, 0.7479841254133686, 0.8342053625040554, -0.9276023844688991, -0.917606384962472, 0.4523663381588128, -0.11799553894763881, 0.2932540760354334, -0.0458035437685691, 0.34852314002192286, -0.8511839479202542, 0.7018433032672242, -0.18657326357489024, -0.7550349738835345, 1.0, 0.36963134146575394, 0.7156432421541279, -0.1978443255036314, -0.9479513287849874, -0.9941660789804585, 0.35405047124676514, 0.1252744175319715, 0.6349757939328782]
101.99998474121094	(8, 12, 2)	[-0.9265655114228701, 0.5175571888730244, -0.5007157907083977, 0.9031679625979373, 0.9993452634065851, 0.45233243295564196, -0.2460251901852753, 0.3142878496003167, 0.4557164204558397, -0.44104415247025996, -0.8282810743742411, -0.7181604174564915, 0.9495079480791989, 0.8213257823178428, 0.3637096715526328, 0.6504865736885299, -0.042458733608784494, -0.24604179720093727, -0.8111174550870235, -0.16209382882642354, 0.13295029425361338, -0.634638086946602, 0.15252058808175578, 0.5762288427129771, -1.0, -0.09093798454738033, -0.09786996178069061, -0.6293419455169936, 0.48462836225116135, 0.24125083141387327, -0.09734499883757297, -0.5698215133292119, -0.2712429562729597, -0.7985078208496819, 0.10442718676055218, -0.9844699618850095, 0.13621053615335854, 0.3573276458085408, 0.1325884496815442, -0.3721805299873011, 0.5504622922932706, -0.8782712316782939, 0.9431928694482287, 0.06187916103609048, -0.4945607660450022, 0.5593906745228433, -0.7748856478331385, 0.7088467931157442, 0.36833967684314395, 0.3525557640858401, 0.984490087939069, 0.33487698634333474, -0.8641239663638176, -1.0, -0.7829397423697493, 0.6102415603054879, -0.7811673952680145, -0.6834416907147046, -0.6161405265615185, -0.9474682817089687, -0.017000479200063978, -0.4358052913941628, 0.8307500065321161, -0.823385011936314, -0.12548115494827755, 0.04809337140912018, 0.19131918743764342, -0.08070570728546178, -0.09112266437198746, 0.2856930128723222, 0.2901305709469808, 0.9843007733910618, -0.1368842701360944, 0.034556293514937275, 0.3300633518186068, 0.518887748519705, -0.14870492573955385, -0.36920414108769495, 0.7112943868225106, 0.8879553219410375, -0.5261658733536045, 0.0007559333505030574, -0.5589754393491116, 0.18061690397847932, 0.287934048909893, 0.3670034582101111, 0.4939380019806783, 0.9008622699300506, 0.35679987283864, 0.2729658724548138, -0.13973870141325073, 0.8570862105804112, 0.0577607967684417, 0.960252890950797, -0.37333076882182237, -0.5124692705565774, 0.2331962074773386, -0.636115651291421, -0.7993927234016618, 0.7795514276666371, -0.9276023844688991, -0.917606384962472, -0.8890447726736896, -0.11799553894763881, -0.9578294122039946, -0.0458035437685691, -0.8512340097659992, -0.7493458110958169, -0.020669981650587532, -0.1918865319964484, -0.7550349738835345, 0.9911535430105631, 0.36963134146575394, 0.7156432421541279, -0.44423274963357895, -0.2227337929457604, -0.9941660789804585, 0.35405047124676514, 0.1252744175319715, 0.6349757939328782]
101.99996948242188	(8, 12, 2)	[-0.9265655114228701, 0.9210069977498947, -0.4471410965104936, 1.0, 0.9993452634065851, 0.45233243295564196, -0.2460251901852753, 0.35890266386113323, -0.7797049995880374, -0.44104415247025996, -0.8549507810268151, -0.7181604174564915, 0.9495079480791989, 0.8213257823178428, 0.3637096715526328, -0.026797846098528318, -0.042458733608784494, -0.24604179720093727, -0.7516327767072931, 0.353204315749518, -0.10161706770627182, -0.634638086946602, 1.0, 0.5762288427129771, -0.9445757333225582, -0.09093798454738033, -0.09786996178069061, -0.6293419455169936, 0.48462836225116135, 0.6027311185172779, -0.011683842634553073, -0.5698215133292119, -0.21425628857718748, -0.7985078208496819, 0.10442718676055218, -0.8450462443542193, 0.13621053615335854, 0.5923280812617611, 0.1325884496815442, -0.3721805299873011, -0.13750754725904057, -0.03647449276243342, 0.9431928694482287, 0.06187916103609048, -0.7874289893763733, 0.5198006494137328, 0.5482229437337949, -0.2314601041488612, 0.36833967684314395, 0.3525557640858401, 0.27058881582163463, 0.33487698634333474, -0.8825066863926584, -1.0, 0.026120497833131237, -0.6915340714025608, -0.7811673952680145, -0.7341409124458947, -0.6138878539956595, -0.9474682817089687, -0.017000479200063978, -0.30077864439556357, -0.5651231064444104, -0.823385011936314, -0.12548115494827755, 0.1269385695715723, 0.6467166884988378, -0.0405712651261468, -0.19658676445777745, -0.7483362573779735, 0.2901305709469808, 0.18525089814705753, -0.11306326069457917, -0.45502770731928943, 0.2880148768481632, 0.2212604220108565, -0.14870492573955385, -0.36920414108769495, -0.05292708538466506, 0.8486217256150134, -0.9611012297907743, 0.5081609512924443, -0.6922667963607663, 0.18061690397847932, 0.31839200716515514, 0.3670034582101111, -0.9106169251603955, 0.9008622699300506, -0.5814055711382431, -0.07302377203446125, -0.4430486337999666, 0.8402718825564176, -0.06886474840258217, -0.541006072960821, -0.5400631624236101, -0.5124692705565774, -0.9413736910341126, -0.636115651291421, -0.7084776653740312, 0.7957022383216921, -0.9276023844688991, -0.4416327705263523, 0.9004855384007764, 0.9589287047298591, 0.18276295140819743, -0.24666774793782517, 0.34852314002192286, -0.7601522125030901, -0.020669981650587532, 0.24237805685391067, -0.7550349738835345, -0.9394793146150263, 0.36963134146575394, -0.4764174864569768, -0.44423274963357895, -0.9479513287849874, -0.9941660789804585, 0.34719530667936915, 0.1252744175319715, 0.49285579867002216]
101.99998474121094	(8, 12, 2)	[-0.8131201044215203, 0.5175571888730244, -0.4471410965104936, 0.9031679625979373, 0.9993452634065851, 0.5397363642489659, -0.2460251901852753, 0.35890266386113323, 0.3893603265259862, -0.8519245498766249, -0.9508761710464828, -0.7396326655032104, 0.9679278142582063, 0.8646357329205026, 0.09475171666729043, 0.5653678393050492, -0.042458733608784494, -0.24604179720093727, -0.8111174550870235, -0.16209382882642354, -0.12856038519626337, -0.634638086946602, 0.8864696768729974, 0.7190116785187045, -0.9445757333225582, -0.06273373375837446, -0.09786996178069061, -0.6293419455169936, 0.44106338483233826, 0.24125083141387327, -0.09734499883757297, -0.5698215133292119, -0.21425628857718748, -0.7985078208496819, 0.061936181129766066, -0.9844699618850095, 0.13621053615335854, 0.5219364795226493, 0.8324436682175613, -0.34949785251312915, -0.013849830845401076, -0.001628472632070263, 0.9431928694482287, 0.06187916103609048, -0.5114849190146924, 0.5198006494137328, -0.29920981894865273, 0.7953135388490147, 0.36833967684314395, 0.3525557640858401, 0.984490087939069, 0.33487698634333474, -0.8641239663638176, -0.932895092122596, 0.026120497833131237, 0.6102415603054879, -0.7811673952680145, -0.6114114127505603, 0.3877708170154139, -0.9474682817089687, -0.017000479200063978, -0.40871074155163334, -1.0, -0.823385011936314, -0.4143777310383989, 0.1269385695715723, 0.7604063256966509, -0.08070570728546178, -0.09112266437198746, -0.7483362573779735, 0.35692535114805257, 0.5425706961313306, -0.11306326069457917, -0.518785884629809, -0.1507621234930593, 0.518887748519705, -0.14870492573955385, -0.36920414108769495, 0.7112943868225106, 0.8900615397903847, -0.9382418412049827, 0.5081609512924443, -0.6922667963607663, 0.9038095688007259, 0.31839200716515514, 0.3670034582101111, 0.4939380019806783, 0.9008622699300506, -0.5814055711382431, -0.07302377203446125, -0.1645893242132159, 0.8570862105804112, -2.4485764004433808e-05, -0.541006072960821, -0.44340177004136283, -0.5124692705565774, -0.9290080459293335, -1.0, 0.6244088803847552, 0.7795514276666371, -0.9276023844688991, -0.9958768045961041, 0.9004855384007764, -0.11799553894763881, -0.9578294122039946, -0.0458035437685691, -0.8512340097659992, -0.7493458110958169, -0.020669981650587532, -0.18657326357489024, -0.7550349738835345, 0.9911535430105631, -0.4432291198899725, -0.761631465452503, -0.1978443255036314, -0.9479513287849874, -0.9462863803136484, 0.35405047124676514, 0.1252744175319715, 0.6349757939328782]
101.9999771118164	(8, 12, 2)	[-0.9265655114228701, 0.5175571888730244, -0.24405132099489263, 0.9031679625979373, 0.9993452634065851, 0.45233243295564196, -0.2460251901852753, 0.6489948647922127, 0.4557164204558397, -0.8519245498766249, -0.8549507810268151, -0.7396326655032104, 0.9679278142582063, 0.9338192054246293, 0.09475171666729043, 0.5653678393050492, -0.06847566227064428, -0.3408694132488904, -0.8111174550870235, -0.16209382882642354, -0.05281351015034488, -0.634638086946602, 0.8864696768729974, 0.7190116785187045, -0.3682140251886161, -0.09093798454738033, -0.09786996178069061, -0.6590847223884122, 0.48462836225116135, 0.17558352151066692, -0.2334712962360528, -0.5861589340927804, -0.21425628857718748, -0.7985078208496819, 0.054571547496278086, -0.9844699618850095, 0.13621053615335854, 0.5923280812617611, 0.10844556673221595, -0.34949785251312915, 0.19009212937322872, -0.0091880149058432, 1.0, 0.06187916103609048, -0.5579287282864482, 0.5593906745228433, -0.22760309471469542, 0.7088467931157442, 0.36833967684314395, 0.3525557640858401, 0.27058881582163463, 0.2952166943711838, -0.8825066863926584, -0.932895092122596, 0.026120497833131237, 0.6102415603054879, -0.7811673952680145, 0.12082539684288429, 0.30463357055737506, 0.32214405828398585, -0.740638880472172, -0.6214896308909401, 0.8307500065321161, -0.823385011936314, -0.9998334877412018, 0.2317037375255384, 0.19131918743764342, -0.08070570728546178, -0.06124288641374043, -0.6792454134910186, 0.3439273473673772, 1.0, -0.1368842701360944, -0.09885417397716031, 0.3300633518186068, 0.518887748519705, -0.14870492573955385, -0.36920414108769495, -0.05292708538466506, 0.8486217256150134, -0.8903656046805126, 0.07180382263614186, -0.5589754393491116, 0.18061690397847932, 0.3538589407301119, 0.32760466243923464, 0.3865318256339147, 0.9454694489310382, -0.5814055711382431, -0.11263046265208904, -0.48033021018793515, 0.8570862105804112, 0.09255451950112425, -0.3866291671164359, -0.37333076882182237, -0.5769214394595685, 0.21434194858238464, -0.636115651291421, -0.6741659388654384, 0.7795514276666371, -0.9276023844688991, -0.8683693815101892, 0.9004855384007764, -0.11799553894763881, 0.5956078593348411, -0.6382550788191459, -0.018579582905673186, -0.7493458110958169, -0.9214028071572657, 0.24237805685391067, -0.6227923207516879, 0.9911535430105631, 0.36963134146575394, 0.7156432421541279, -0.8374587232055971, 0.09230990302679576, -0.9941660789804585, 0.7466939962725558, 0.1252744175319715, 0.6349757939328782]
101.99998474121094	(8, 12, 2)	[-0.8131201044215203, 0.7872023838665456, -0.4471410965104936, 0.9084983980534811, 0.9993452634065851, 0.5397363642489659, -0.37837361937943326, 0.4670506633254653, 0.3893603265259862, -0.8519245498766249, -0.9508761710464828, -0.7181604174564915, 0.9679278142582063, 0.9350450092189699, 0.3637096715526328, 0.5653678393050492, -0.042458733608784494, -0.3962703081945692, -0.5459043515450599, -0.16209382882642354, -0.12856038519626337, -0.5148732092407073, 0.8864696768729974, 0.7190116785187045, -0.5804277080740377, -0.06273373375837446, -0.09786996178069061, -0.6293419455169936, 0.44106338483233826, 0.24125083141387327, -0.09734499883757297, -0.5698215133292119, -0.30031565694699724, -0.7985078208496819, -0.5449088204395383, -0.9844699618850095, 0.13621053615335854, 0.5219364795226493, 0.8324436682175613, -0.34949785251312915, 0.19009212937322872, -0.1081523542107855, 0.9431928694482287, 0.06187916103609048, -0.7874289893763733, -0.11685502722912508, 0.37736870097176545, 0.7953135388490147, 0.36833967684314395, 0.3525557640858401, 0.984490087939069, 0.33487698634333474, -0.8641239663638176, -0.932895092122596, -0.21054533579572632, 0.6102415603054879, -0.7811673952680145, -0.7341409124458947, 0.3877708170154139, -0.9474682817089687, -0.017000479200063978, -0.40871074155163334, -0.5651231064444104, -0.6275957805845449, -0.12548115494827755, 0.1269385695715723, 0.7604063256966509, 0.17392802889629755, -0.19403892347268595, -0.7483362573779735, 0.35692535114805257, 1.0, -0.11306326069457917, -0.45502770731928943, 0.2880148768481632, 0.518887748519705, -0.23373276677718677, -0.36920414108769495, 0.7112943868225106, 0.8486217256150134, -0.9382418412049827, 0.5081609512924443, -0.6922667963607663, 0.11035701260516806, 0.31839200716515514, 0.3670034582101111, 0.4939380019806783, 0.9008622699300506, -0.5814055711382431, 0.11009771542685759, -0.1645893242132159, 0.8570862105804112, -2.4485764004433808e-05, 0.960252890950797, -0.37333076882182237, -0.5124692705565774, -0.9290080459293335, -0.636115651291421, 0.6244088803847552, 0.8559373173449555, -0.9276023844688991, -0.917606384962472, -0.8890447726736896, -0.11799553894763881, 0.2932540760354334, -0.0458035437685691, -0.018579582905673186, -0.7493458110958169, -0.04566005211423506, -0.1918865319964484, -0.7550349738835345, 0.9911535430105631, 0.36963134146575394, -0.4764174864569768, -0.1978443255036314, -0.9479513287849874, -0.9462863803136484, 0.35405047124676514, 0.1252744175319715, 0.4285367058873754]
101.99996948242188	(8, 12, 2)	[-0.7951372563905672, 0.9096225212924474, -0.4471410965104936, 0.9031679625979373, 0.9993452634065851, 0.45233243295564196, -0.2460251901852753, 0.35890266386113323, 0.4557164204558397, -0.44104415247025996, -0.8549507810268151, -0.7396326655032104, 0.9679278142582063, 0.8213257823178428, 0.3637096715526328, 0.5653678393050492, -0.042458733608784494, -0.24604179720093727, -0.7554522821618783, -0.16209382882642354, -0.24024376423061297, -0.634638086946602, 0.8864696768729974, 0.5762288427129771, -0.9445757333225582, -0.06273373375837446, -0.9210313867439579, -0.6590847223884122, 0.5264509566742831, 0.24125083141387327, -0.09734499883757297, -0.5698215133292119, -0.2712429562729597, -0.7985078208496819, 0.10442718676055218, -0.9844699618850095, 0.433295412851468, 0.5219364795226493, 0.10844556673221595, -0.34949785251312915, 0.19009212937322872, -0.06962350210623444, 0.9431928694482287, 0.06187916103609048, 0.6806875715971459, -0.06391714966870252, 0.37736870097176545, 0.7088467931157442, 0.6325780970378865, 0.3525557640858401, 1.0, 0.33487698634333474, -0.8825066863926584, -1.0, 0.026120497833131237, 0.6102415603054879, -0.7811673952680145, -0.5894224677204531, 0.30463357055737506, -0.9474682817089687, -0.017000479200063978, -0.40871074155163334, -1.0, -0.823385011936314, -0.9998334877412018, 0.1269385695715723, 0.19131918743764342, -0.08070570728546178, -0.06124288641374043, 0.14474068809776264, 0.3439273473673772, 0.9843007733910618, -0.11306326069457917, -0.32638633742454726, -0.14984520578717006, 0.2212604220108565, -0.24124543267594847, -0.9119866043643323, 0.7112943868225106, 0.9882208037342551, -0.9382418412049827, 0.0007559333505030574, -0.1354033930885853, 0.11035701260516806, 0.31839200716515514, 0.45156594319957444, 0.4939380019806783, 0.9008622699300506, 0.39886013033928297, -0.07302377203446125, -0.4430486337999666, 0.8297604917946687, -2.4485764004433808e-05, -0.7211044246744207, -0.37333076882182237, -0.5124692705565774, -0.9290080459293335, -0.9995439972575733, -0.7993927234016618, 0.7957022383216921, -0.8628967904675657, -0.4416327705263523, 0.9004855384007764, -0.11799553894763881, 0.2932540760354334, -0.24666774793782517, -0.018579582905673186, -0.7493458110958169, -0.04566005211423506, 0.24237805685391067, -0.7550349738835345, 1.0, 0.36963134146575394, 0.7156432421541279, -0.1978443255036314, -0.9479513287849874, 0.9421341722581134, 0.34719530667936915, 0.1252744175319715, 0.4285367058873754]
101.99996185302734	(8, 12, 2)	[-0.832079561713234, 0.5175571888730244, -0.2156061405591897, 0.9031679625979373, 0.9993452634065851, 0.45233243295564196, -0.2460251901852753, 0.35890266386113323, 0.4557164204558397, -0.8519245498766249, -0.8282810743742411, -0.7396326655032104, 0.9495079480791989, 0.7062287868881739, 0.3637096715526328, 0.5653678393050492, 0.05344527058006704, -0.5573012404172646, -0.6084059215352113, -0.16209382882642354, -0.24024376423061297, -0.7086253875857426, 0.884848084443265, 0.5762288427129771, -0.3682140251886161, -0.06273373375837446, -0.9210313867439579, -0.6293419455169936, 0.3392238662164826, 0.17558352151066692, -0.09734499883757297, -0.5698215133292119, -0.21425628857718748, -0.7985078208496819, 0.10442718676055218, -0.9844699618850095, 0.13621053615335854, 0.8730755530171224, 0.8324436682175613, -0.45579225986258204, 0.19009212937322872, -0.03647449276243342, 0.9431928694482287, -0.46536702917473727, -0.8746959918093604, -0.5334604110013875, 0.37736870097176545, 0.8092258145483614, 0.36833967684314395, 0.24598431023205714, 0.984490087939069, 0.2952166943711838, -0.8825066863926584, -0.932895092122596, -0.7829397423697493, 0.6102415603054879, -0.7811673952680145, -0.6114114127505603, -0.6138878539956595, -0.9474682817089687, -0.017000479200063978, -0.32821161078466293, -0.5651231064444104, -0.823385011936314, -1.0, 0.1269385695715723, 0.19131918743764342, -0.0405712651261468, -0.19658676445777745, -0.5376568021850381, 0.2901305709469808, 1.0, -0.11306326069457917, -0.4191703276487858, 0.3300633518186068, 0.518887748519705, -0.4883721978156117, -0.36920414108769495, -0.05292708538466506, 0.7557842979100273, -0.8184260360188335, 0.5081609512924443, -0.6922667963607663, 0.11035701260516806, 0.287934048909893, 0.3670034582101111, 0.448918985321072, 0.9008622699300506, 0.3360829185897881, -0.07302377203446125, -0.4430486337999666, 0.8995876238207318, 0.1325246491936426, -0.541006072960821, -0.37333076882182237, -0.5124692705565774, -1.0, -0.3837089857036777, 0.6244088803847552, 0.7957022383216921, -0.9276023844688991, -0.4416327705263523, -0.8890447726736896, -0.11799553894763881, 0.3235282205082267, -0.6382550788191459, -0.018579582905673186, -0.7493458110958169, -0.8070341874947867, 0.9703703914400199, 0.43514185672797606, 0.9911535430105631, 0.36963134146575394, -0.4764174864569768, -0.719098496243091, -0.2227337929457604, 0.9421341722581134, 0.34719530667936915, 0.1252744175319715, 0.560580048872574]
101.99993896484375	(8, 12, 2)	[-1.0, 0.7872023838665456, -0.4471410965104936, 0.7778735013048341, 0.9993452634065851, 0.5397363642489659, -0.2460251901852753, 0.5343273955223932, -0.7797049995880374, -0.8519245498766249, -0.8549507810268151, -0.7181604174564915, 0.8662654453018053, 0.8213257823178428, 0.09475171666729043, 0.5653678393050492, -0.042458733608784494, -0.3962703081945692, -0.5459043515450599, -0.16209382882642354, -0.24024376423061297, -0.634638086946602, 0.8864696768729974, 0.5762288427129771, -0.31909196064782974, -0.06273373375837446, -0.09786996178069061, -0.6293419455169936, 0.44106338483233826, 0.24125083141387327, -0.2334712962360528, -0.5698215133292119, -0.21425628857718748, -0.7985078208496819, -0.5449088204395383, -0.9844699618850095, 0.07915660766434085, 0.3573276458085408, 0.8324436682175613, -0.34949785251312915, 0.19009212937322872, -0.1081523542107855, 1.0, 0.06187916103609048, -0.7874289893763733, 0.5198006494137328, 0.5482229437337949, 0.6844883119904688, 0.36833967684314395, 0.3525557640858401, 0.984490087939069, 0.33487698634333474, -0.8825066863926584, -0.932895092122596, -0.21054533579572632, 0.6102415603054879, -0.6161885255218662, -0.7306245816503827, -0.6138878539956595, -0.9070406116261681, -0.13109223581172172, -0.40871074155163334, 0.8307500065321161, -0.823385011936314, -0.9998334877412018, 0.1269385695715723, 0.19131918743764342, 0.17392802889629755, -0.06124288641374043, -0.7742092031034562, 0.3439273473673772, 0.5425706961313306, -0.11306326069457917, -0.4776927602156247, -0.1507621234930593, 0.518887748519705, -0.999682923489468, -0.36920414108769495, 0.7112943868225106, 0.8486217256150134, -0.5261658733536045, 0.1737402050328613, -0.6922667963607663, 0.9038095688007259, 0.31839200716515514, 0.3670034582101111, 0.448918985321072, 0.9008622699300506, -0.5814055711382431, 0.11009771542685759, -0.4430486337999666, 0.5523731041640638, 0.1325246491936426, 0.960252890950797, -0.37333076882182237, -0.5124692705565774, 0.2331962074773386, -1.0, 0.6244088803847552, 0.8559373173449555, -0.8628967904675657, -0.8798487613336331, -0.8890447726736896, -0.9775386969091534, 0.5956078593348411, -0.24666774793782517, -0.018579582905673186, 0.36657066309052766, 0.20560693480471803, -0.18657326357489024, -0.7550349738835345, 1.0, 0.36963134146575394, 0.1550367485249271, -0.1978443255036314, -0.9479513287849874, -0.9941660789804585, 0.35405047124676514, 0.1252744175319715, 0.6349757939328782]
101.9999771118164	(8, 12, 2)	[-0.8131201044215203, 0.5175571888730244, -0.24405132099489263, 0.8937426907753394, 0.9993452634065851, 0.5397363642489659, -0.20756817961940074, 0.5343273955223932, -0.7972621641148931, -0.44104415247025996, -0.8282810743742411, -0.7396326655032104, 0.9495079480791989, 0.8213257823178428, 0.09475171666729043, 0.5653678393050492, 0.2558652501882123, -0.3962703081945692, -0.8111174550870235, -0.16209382882642354, -0.05281351015034488, -0.46252861543171564, 0.8864696768729974, 0.5762288427129771, -0.9445757333225582, -0.04080803664804539, -0.09786996178069061, -0.651388533726299, 0.44106338483233826, 0.24125083141387327, -0.02732410289214146, -0.5861589340927804, -0.30031565694699724, -0.7985078208496819, 0.061936181129766066, -0.9844699618850095, 0.13621053615335854, 0.3573276458085408, 0.10844556673221595, -0.3721805299873011, 0.19009212937322872, -0.08765832569357966, 1.0, -0.09227008515747515, -0.8108725307516622, 0.5593906745228433, -0.7748856478331385, 0.7953135388490147, 0.36833967684314395, 0.3525557640858401, 0.984490087939069, 0.33487698634333474, -0.8825066863926584, -0.932895092122596, 0.4769195087484733, 0.6102415603054879, -0.6161885255218662, -0.6834416907147046, 0.30463357055737506, 0.15463044503585413, -0.017000479200063978, -0.40533602467852653, -0.5651231064444104, -0.823385011936314, -0.12548115494827755, 0.1269385695715723, 0.8967613730078459, -0.08070570728546178, -0.06124288641374043, 0.2856930128723222, 0.35692535114805257, 1.0, 0.03767845771137612, -0.45502770731928943, 0.2880148768481632, 0.2212604220108565, -0.14870492573955385, -0.36920414108769495, 0.8886483922107744, 0.8486217256150134, -0.9382418412049827, 0.1737402050328613, -0.6922667963607663, 0.9038095688007259, 0.31839200716515514, 0.45156594319957444, -0.6028129172406905, 0.9008622699300506, -0.5814055711382431, -0.07302377203446125, -0.4430486337999666, 0.7289382125620182, 0.1325246491936426, 0.960252890950797, -0.37333076882182237, -0.5124692705565774, -0.9290080459293335, -0.9995439972575733, -0.7993927234016618, 0.7795514276666371, -0.8628967904675657, -0.917606384962472, 0.4866536569888204, -0.11799553894763881, 0.5470221943156377, -0.24666774793782517, -0.018579582905673186, -0.773692684409747, 0.029899636850094072, -0.18657326357489024, -0.7550349738835345, 0.9911535430105631, 0.36963134146575394, -0.761631465452503, -0.44423274963357895, -0.13687894201359313, 0.9421341722581134, 0.35405047124676514, 0.1252744175319715, 0.49285579867002216]
101.9999771118164	(8, 12, 2)	[-1.0, 0.5175571888730244, -0.4842005207894048, 0.9031679625979373, 0.9993452634065851, 0.45233243295564196, -0.2460251901852753, 0.35890266386113323, 0.3893603265259862, -0.44104415247025996, -0.8282810743742411, -0.7396326655032104, 0.9495079480791989, 0.8213257823178428, 0.09475171666729043, 0.5653678393050492, -0.042458733608784494, -0.27522064525297096, -0.8111174550870235, 0.353204315749518, -0.24024376423061297, -0.7052533122874263, 0.8864696768729974, 0.6721412378796654, -0.9445757333225582, -0.06273373375837446, -0.23178407584971294, -0.6293419455169936, 0.48462836225116135, 0.6027311185172779, -0.09734499883757297, -0.5698215133292119, -0.2712429562729597, -0.7985078208496819, 0.07208777447235579, -0.9844699618850095, 0.13621053615335854, 0.3573276458085408, 0.10844556673221595, -0.3119889082204067, 0.19009212937322872, -0.03647449276243342, 0.9431928694482287, 0.06187916103609048, -0.4945607660450022, 0.5593906745228433, -0.29920981894865273, -0.2314601041488612, 0.36833967684314395, 0.3525557640858401, 0.984490087939069, 0.33487698634333474, -0.8825066863926584, -0.932895092122596, -0.7829397423697493, 0.6102415603054879, -0.6245714631044376, -0.5482160583496968, 0.30463357055737506, -0.9474682817089687, -0.017000479200063978, -0.40999255136102936, -0.5651231064444104, -0.823385011936314, -0.12548115494827755, -0.019601693411793034, 0.8967613730078459, -0.08070570728546178, -0.06124288641374043, -0.6792454134910186, 0.3439273473673772, 0.5425706961313306, -0.7614207595928528, -0.45502770731928943, 0.2880148768481632, 0.2212604220108565, -0.4019623344595541, -0.3085765853725068, 0.8886483922107744, 0.8486217256150134, -0.5261658733536045, 0.5081609512924443, -0.6922667963607663, 0.9038095688007259, 0.287934048909893, 0.45156594319957444, 0.3865318256339147, 0.9008622699300506, -0.5814055711382431, -0.07302377203446125, -0.48033021018793515, 0.7289382125620182, 0.09255451950112425, 0.8381532296775296, -0.37333076882182237, -0.5124692705565774, -0.8153896791396755, -0.636115651291421, -0.7993927234016618, 0.7021313755932004, -0.9276023844688991, -0.917606384962472, -0.7812785210934025, -0.11799553894763881, 0.5956078593348411, -0.0458035437685691, -0.018579582905673186, -0.773692684409747, -0.9214028071572657, -0.18657326357489024, 0.43514185672797606, 1.0, 0.36963134146575394, -0.4764174864569768, -0.44423274963357895, -0.9479513287849874, -0.9462863803136484, 0.5659030750886814, 0.1252744175319715, 0.6349757939328782]
101.99998474121094	(8, 12, 2)	[-0.832079561713234, 0.7872023838665456, -0.4471410965104936, 0.9231375513624307, 0.9993452634065851, 0.47900751178216255, -0.2460251901852753, 0.5343273955223932, 0.42836089656512694, -0.44104415247025996, -0.8549507810268151, -0.7396326655032104, 0.9495079480791989, 1.0, 0.3637096715526328, 0.5653678393050492, -0.042458733608784494, -0.5573012404172646, -0.5459043515450599, -0.16209382882642354, -0.24024376423061297, -0.5148732092407073, 0.8864696768729974, 0.6721412378796654, -0.9445757333225582, 0.04510629668795885, -0.09786996178069061, -0.651388533726299, 0.28253148823641583, 0.6027311185172779, -0.09734499883757297, -0.5698215133292119, -0.2800628619571557, -0.7985078208496819, 0.061936181129766066, -0.9844699618850095, 0.13621053615335854, 0.262090012091618, 0.10844556673221595, -0.34949785251312915, 0.19009212937322872, -0.03647449276243342, 1.0, 0.06187916103609048, -0.4945607660450022, 0.07248185880673738, 0.37736870097176545, 0.8092258145483614, 0.36833967684314395, 0.3525557640858401, 1.0, 0.33487698634333474, -0.8825066863926584, -0.932895092122596, -0.7829397423697493, 0.6102415603054879, -0.5496946338819888, -0.7341409124458947, -0.6138878539956595, 0.32214405828398585, -0.017000479200063978, -0.40871074155163334, -0.5651231064444104, -0.823385011936314, -0.12548115494827755, -0.1475123718260063, 0.19131918743764342, 0.17392802889629755, -0.01918123290949072, -0.6792454134910186, 0.2901305709469808, 0.18525089814705753, -0.11306326069457917, -0.4776927602156247, 0.25604868461968544, 0.518887748519705, -0.23373276677718677, -0.9119866043643323, 0.7112943868225106, 0.8879553219410375, -0.8903656046805126, 0.0007559333505030574, -0.6922667963607663, 0.08872001829983642, 0.287934048909893, 0.3670034582101111, 0.4939380019806783, 0.9454694489310382, -0.5814055711382431, -0.14587366716575068, -0.48033021018793515, 0.8402718825564176, 0.1325246491936426, 0.960252890950797, -0.5400631624236101, -0.5124692705565774, -0.9290080459293335, -0.636115651291421, 0.6244088803847552, 0.7021313755932004, -0.8628967904675657, -0.917606384962472, 0.9278437191214575, -0.9775386969091534, 0.4843325537668668, -0.6382550788191459, -0.018579582905673186, 0.36657066309052766, 0.20560693480471803, -0.05257601918029097, -0.6227923207516879, 0.9911535430105631, -0.4432291198899725, -0.4764174864569768, -0.9675780424651221, -0.9479513287849874, 0.9421341722581134, 0.44955995884302935, 0.1252744175319715, 0.6349757939328782]
101.99999237060547	(8, 12, 2)	[-0.9337813329296948, 0.9096225212924474, -0.24405132099489263, 0.7778735013048341, 0.9993452634065851, 0.5397363642489659, -0.2460251901852753, 0.6489948647922127, -0.7972621641148931, -0.44104415247025996, -0.8549507810268151, -0.7396326655032104, 1.0, 0.7610532779502366, 0.09475171666729043, 0.5653678393050492, -0.042458733608784494, -0.5573012404172646, -0.5459043515450599, 0.353204315749518, -0.12856038519626337, -0.634638086946602, 0.8378230094990333, 0.50622064883709, -0.5804277080740377, 0.14631545380956587, -0.23178407584971294, -0.6590847223884122, 0.28253148823641583, 0.23453840557273611, -0.09734499883757297, -0.5698215133292119, -0.21425628857718748, -0.7985078208496819, -0.019981620190289928, -0.9844699618850095, 0.13621053615335854, 0.3573276458085408, 0.1325884496815442, -0.34949785251312915, 0.31222530899527645, -0.06698865829175567, 1.0, 0.06187916103609048, -0.4945607660450022, 0.5593906745228433, -0.22760309471469542, -0.2314601041488612, 0.36833967684314395, 0.3525557640858401, 0.984490087939069, 0.33487698634333474, -0.8405534289589527, -0.932895092122596, 0.4769195087484733, -0.6915340714025608, -0.7811673952680145, -0.6834416907147046, 0.30463357055737506, -0.9474682817089687, -0.017000479200063978, -0.32821161078466293, -0.5651231064444104, -0.823385011936314, -0.12548115494827755, 0.0938235334179193, 0.19131918743764342, -0.08070570728546178, -0.19403892347268595, -0.8004785673251178, 0.289074598124952, 1.0, -0.11306326069457917, -0.4776927602156247, 0.2880148768481632, 0.518887748519705, -0.4019623344595541, -0.9423164768283139, -0.05292708538466506, 0.8486217256150134, -0.9382418412049827, 0.1737402050328613, -0.6922667963607663, 0.9038095688007259, 0.35975097390231353, 0.3670034582101111, -0.7864732360452298, 0.9008622699300506, -0.5814055711382431, 0.11009771542685759, -0.4430486337999666, 0.8402718825564176, 0.1325246491936426, -0.541006072960821, -0.5400631624236101, -0.5124692705565774, -0.855802104200225, -0.636115651291421, 0.6244088803847552, 0.7795514276666371, -0.8628967904675657, -0.4416327705263523, 0.9004855384007764, -0.24218702564271266, 0.2932540760354334, -0.0458035437685691, -0.09062759723498258, -0.7493458110958169, -0.020669981650587532, 0.24237805685391067, -0.7550349738835345, 1.0, 0.36963134146575394, 0.40533495864916946, -0.1978443255036314, -0.2227337929457604, 0.9421341722581134, 0.7466939962725558, 0.1252744175319715, 0.5315793734429282]
101.9999771118164	(8, 12, 2)	[-1.0, 0.5175571888730244, -0.4471410965104936, 0.9084983980534811, 0.9993452634065851, 0.45233243295564196, -0.2460251901852753, 0.35890266386113323, 0.4557164204558397, -0.8519245498766249, -0.8614183045857223, -0.7396326655032104, 1.0, 0.9338192054246293, 0.3637096715526328, 0.7974234662191624, -0.06215636286429501, -0.5573012404172646, -0.7603115836190737, 0.40820297156368596, 0.13295029425361338, -0.4911855336122488, 0.8864696768729974, 0.5762288427129771, -0.31909196064782974, -0.06273373375837446, -0.09786996178069061, -0.6590847223884122, 0.28253148823641583, 0.6027311185172779, -0.08336113858503197, -0.5698215133292119, -0.21425628857718748, -0.7985078208496819, 0.10442718676055218, -0.9844699618850095, 0.13621053615335854, 0.8730755530171224, 0.8324436682175613, -0.2741933500704591, -0.0030993060968191877, -0.17780049127439052, 1.0, 0.06187916103609048, -0.7874289893763733, 0.9412065723068248, 0.19920406402167867, 0.7953135388490147, 0.36833967684314395, 0.4557612058064058, 1.0, 0.2952166943711838, -0.8825066863926584, -0.932895092122596, 0.4769195087484733, 0.6591873169593123, -0.7811673952680145, 0.12082539684288429, -0.5346874695167426, -0.9474682817089687, -0.017000479200063978, -0.6214896308909401, -0.5651231064444104, -0.6275957805845449, 0.13895063268283223, 0.1269385695715723, 0.7604063256966509, -0.08362920554248815, -0.06124288641374043, -0.6792454134910186, 0.2901305709469808, 0.5425706961313306, -0.7614207595928528, -0.4776927602156247, -0.1507621234930593, 0.518887748519705, -0.14870492573955385, -0.942128809778167, 0.8886483922107744, 0.8486217256150134, -0.8903656046805126, 0.5081609512924443, -0.6922667963607663, 0.9038095688007259, 0.3538589407301119, -0.20964706762397056, 0.4939380019806783, 0.8943807237878149, 0.41482019699628414, 0.11009771542685759, -0.4430486337999666, 0.8570862105804112, -2.4485764004433808e-05, 0.960252890950797, -0.319528425573258, -0.5124692705565774, -0.9290080459293335, -0.6212749286527479, 0.6244088803847552, 0.7117144861791536, -0.8628967904675657, -0.4416327705263523, 0.9004855384007764, -0.11799553894763881, 0.2932540760354334, -0.17698794034493737, -0.018579582905673186, 0.36657066309052766, 0.12830732497191155, 0.24237805685391067, -0.06924279457159543, 1.0, 0.36963134146575394, 0.7156432421541279, -0.44423274963357895, 0.09230990302679576, -0.9941660789804585, 0.34719530667936915, 0.1252744175319715, 0.6720177960464675]
101.99996185302734	(8, 12, 2)	[-1.0, 0.3948407421658049, -0.4471410965104936, 0.9084983980534811, 0.9514760199230681, 0.5140999341604131, -0.2460251901852753, 0.35890266386113323, -0.7797049995880374, -0.44104415247025996, -0.8549507810268151, -0.7396326655032104, 0.9495079480791989, 0.9338192054246293, 0.3637096715526328, 0.7974234662191624, 0.024787707890169774, -0.5573012404172646, -0.7603115836190737, 0.353204315749518, 0.13295029425361338, -0.4911855336122488, 0.9834970208563338, 0.6721412378796654, -0.5804277080740377, -0.06273373375837446, -0.12465654268011606, -0.6590847223884122, 0.48462836225116135, 0.6027311185172779, -0.08336113858503197, -0.5698215133292119, -0.2800628619571557, -0.7985078208496819, 0.10442718676055218, -0.9844699618850095, 0.13621053615335854, 0.8730755530171224, 0.10844556673221595, -0.2741933500704591, 0.45010302928340495, -0.17780049127439052, 0.9431928694482287, 0.06187916103609048, -0.4945607660450022, 0.9412065723068248, 0.19920406402167867, -0.2314601041488612, 0.36833967684314395, 0.3525557640858401, 1.0, 0.2952166943711838, -0.8825066863926584, -1.0, 0.4769195087484733, 0.6591873169593123, -0.7811673952680145, -0.7341409124458947, -0.6381309670728643, -0.9474682817089687, -0.017000479200063978, -0.6214896308909401, 0.8307500065321161, -0.6275957805845449, 0.13895063268283223, 0.1269385695715723, 0.7604063256966509, -0.08070570728546178, -0.06124288641374043, -0.6792454134910186, 0.2901305709469808, 0.5425706961313306, -0.11306326069457917, -0.4776927602156247, -0.1507621234930593, 0.518887748519705, -0.4019623344595541, -0.29087570899846515, 0.8886483922107744, 0.8486217256150134, -0.5261658733536045, 0.47053411946650575, -0.6922667963607663, 0.9038095688007259, 0.3538589407301119, 0.3670034582101111, 0.4939380019806783, 0.9008622699300506, 0.41482019699628414, -0.07302377203446125, -0.33738176923874375, 0.8570862105804112, -2.4485764004433808e-05, -0.7211044246744207, -0.319528425573258, -0.5124692705565774, -0.8153896791396755, -0.636115651291421, 0.6244088803847552, 0.7117144861791536, -0.8628967904675657, -0.4416327705263523, 0.9278437191214575, 0.9589287047298591, -0.9543088664038678, -0.0458035437685691, 0.04002467886854706, 0.36657066309052766, -0.020669981650587532, 0.24237805685391067, -0.06924279457159543, 1.0, 0.34719428544340863, 0.7156432421541279, -0.44423274963357895, 0.09230990302679576, 0.9421341722581134, 0.34719530667936915, 0.1252744175319715, 0.6720177960464675]
101.99998474121094	(8, 12, 2)	[-0.8147816246821706, 0.5175571888730244, -0.33723891293833086, 0.9084983980534811, 0.9993452634065851, 0.45233243295564196, -0.2460251901852753, 0.35890266386113323, 0.4557164204558397, -0.8519245498766249, -0.8282810743742411, -0.7396326655032104, 0.9495079480791989, 1.0, 0.09475171666729043, 0.5653678393050492, -0.042458733608784494, -0.5573012404172646, -0.5459043515450599, -0.16209382882642354, 0.13295029425361338, -0.7052533122874263, 0.8864696768729974, 0.6721412378796654, -0.5804277080740377, -0.06273373375837446, -0.9210313867439579, -0.6293419455169936, 0.20184703034037832, 0.6027311185172779, -0.05361861997659595, -0.5698215133292119, -0.21425628857718748, -0.7985078208496819, -0.019981620190289928, -0.9844699618850095, 0.13621053615335854, 0.5923280812617611, 0.10844556673221595, -0.3119889082204067, 0.19009212937322872, -0.03647449276243342, 0.9431928694482287, 0.06187916103609048, -0.5579287282864482, 0.5593906745228433, -0.29920981894865273, 0.7953135388490147, 0.36833967684314395, 0.3525557640858401, 0.984490087939069, 0.33487698634333474, -0.8825066863926584, -0.932895092122596, -0.7829397423697493, 0.6102415603054879, -0.7811673952680145, -0.5894224677204531, -0.6138878539956595, -0.8761242136389267, -0.017000479200063978, 0.4598922561513459, -0.5651231064444104, -0.823385011936314, 0.13895063268283223, 0.0938235334179193, 0.7604063256966509, -0.0405712651261468, -0.06124288641374043, -0.6168613082594037, 0.289074598124952, 0.5425706961313306, 0.03767845771137612, -0.4776927602156247, 0.31086150446762206, 0.518887748519705, -0.14870492573955385, -0.36920414108769495, 0.08235106753804458, 0.8486217256150134, -0.8166338015268599, 0.5081609512924443, -0.6922667963607663, 0.11035701260516806, 0.287934048909893, 0.3670034582101111, 0.448918985321072, 0.9008622699300506, -0.5814055711382431, -0.11263046265208904, -0.4430486337999666, 0.9436388787911582, 0.09255451950112425, 0.960252890950797, -0.37333076882182237, -0.5779336518166686, -0.9290080459293335, -0.636115651291421, 0.6244088803847552, 0.7117144861791536, -0.8628967904675657, -0.917606384962472, 0.9004855384007764, 0.9589287047298591, 0.3235282205082267, -0.6382550788191459, -0.018579582905673186, 0.36657066309052766, 0.7018433032672242, 0.9703703914400199, 0.43514185672797606, 1.0, -0.4432291198899725, 0.7156432421541279, -0.44423274963357895, -0.9479513287849874, -0.9462863803136484, 0.34719530667936915, 0.1252744175319715, 0.5008268427752425]
102.0	(8, 12, 2)	[-1.0, 0.5175571888730244, -0.4471410965104936, 0.9031679625979373, 0.9993452634065851, 0.45233243295564196, -0.2460251901852753, 0.35890266386113323, 0.4557164204558397, -0.8519245498766249, -0.8282810743742411, -0.7396326655032104, 0.9495079480791989, 0.8213257823178428, 0.09475171666729043, 0.7974234662191624, -0.042458733608784494, -0.5573012404172646, -0.5459043515450599, -0.16209382882642354, -0.18716232702874905, -0.634638086946602, 0.8864696768729974, 0.6721412378796654, -0.9445757333225582, -0.06273373375837446, -0.09786996178069061, -0.6293419455169936, 0.20184703034037832, 0.6027311185172779, -0.05361861997659595, -0.5698215133292119, -0.21425628857718748, -0.7985078208496819, 0.061936181129766066, -0.9844699618850095, 0.13621053615335854, 0.5923280812617611, 0.8324436682175613, -0.3119889082204067, -0.0030993060968191877, -0.03647449276243342, 0.8982690285168036, 0.06187916103609048, -0.5579287282864482, 0.5643936954403812, 0.19920406402167867, 0.7953135388490147, 0.36833967684314395, 0.4557612058064058, 0.984490087939069, 0.33487698634333474, -0.8825066863926584, -0.932895092122596, -0.7829397423697493, 0.6102415603054879, -0.7811673952680145, -0.7341409124458947, 0.30463357055737506, -0.8761242136389267, -0.017000479200063978, 0.4598922561513459, -0.5651231064444104, -0.823385011936314, 0.13895063268283223, 0.1269385695715723, 0.7604063256966509, -0.0405712651261468, -0.2921336431723154, -0.6792454134910186, 0.2901305709469808, 0.5425706961313306, 0.03767845771137612, -0.4776927602156247, 0.2880148768481632, 0.518887748519705, -0.999682923489468, -0.36920414108769495, -0.05292708538466506, 0.8486217256150134, -0.8903656046805126, 0.5081609512924443, -0.6922667963607663, 0.18061690397847932, 0.31839200716515514, -0.3820288234521677, 0.4939380019806783, 0.9008622699300506, -0.5814055711382431, -0.14587366716575068, -0.13973870141325073, 0.8402718825564176, 0.1325246491936426, 0.960252890950797, -0.37333076882182237, -0.5779336518166686, -0.9290080459293335, -0.6212749286527479, 0.6244088803847552, 0.7117144861791536, -0.8628967904675657, -0.917606384962472, 0.9004855384007764, 0.9589287047298591, 0.3235282205082267, -0.6382550788191459, -0.018579582905673186, 0.36657066309052766, -0.020669981650587532, 0.06024250762215944, -0.7794855060070839, 1.0, 0.36963134146575394, -0.761631465452503, -0.44423274963357895, -0.9479513287849874, -0.9941660789804585, 0.34719530667936915, 0.1252744175319715, 0.5008268427752425]
101.99996948242188	(8, 12, 2)	[-1.0, 0.3948407421658049, -0.4471410965104936, 0.9084983980534811, 0.9993452634065851, 0.45233243295564196, -0.2460251901852753, 0.5343273955223932, 0.4557164204558397, -0.44104415247025996, -0.8282810743742411, -0.7840498435229183, 0.9495079480791989, 0.9338192054246293, 0.3637096715526328, 0.5653678393050492, -0.06215636286429501, -0.5573012404172646, -0.5459043515450599, 0.353204315749518, 0.13295029425361338, -0.634638086946602, 0.8864696768729974, 0.6721412378796654, -0.5804277080740377, -0.06273373375837446, -0.09786996178069061, -0.6590847223884122, 0.48462836225116135, 0.6027311185172779, -0.08336113858503197, -0.5698215133292119, -0.2800628619571557, -0.7985078208496819, 0.10442718676055218, -0.9844699618850095, 0.13621053615335854, 0.6133709897393242, 0.8324436682175613, -0.2741933500704591, 0.19009212937322872, -0.17780049127439052, 0.9431928694482287, 0.06187916103609048, -0.5011282615370881, 0.9412065723068248, 0.19920406402167867, 0.7088467931157442, 0.36833967684314395, 0.4557612058064058, 1.0, 0.2952166943711838, -0.8825066863926584, -0.932895092122596, 0.4769195087484733, 0.6591873169593123, -0.5496946338819888, -0.7877352973743845, 0.30463357055737506, -0.9474682817089687, -0.017000479200063978, -0.30077864439556357, -1.0, -0.8390656741082316, 0.13895063268283223, 0.1269385695715723, 0.7604063256966509, -0.08070570728546178, -0.12282413541288238, -0.6792454134910186, 0.2901305709469808, 0.5425706961313306, -0.7614207595928528, -0.4776927602156247, 0.2880148768481632, 0.518887748519705, -0.4019623344595541, -0.29087570899846515, 0.8886483922107744, 0.8486217256150134, -0.5261658733536045, 0.5081609512924443, -0.6922667963607663, 0.11035701260516806, 0.3538589407301119, 0.45156594319957444, 0.4939380019806783, 0.8943807237878149, -0.5814055711382431, 0.03571068435608167, -0.33738176923874375, 0.8570862105804112, 0.1325246491936426, -0.7211044246744207, -0.319528425573258, -0.5124692705565774, -0.9290080459293335, -0.636115651291421, 0.6244088803847552, 0.6508682023551269, -0.9276023844688991, -0.4416327705263523, 0.9004855384007764, -0.24218702564271266, -0.9543088664038678, -0.24666774793782517, -0.018579582905673186, -0.773692684409747, 0.20560693480471803, -0.18657326357489024, -0.6227923207516879, 1.0, 0.36963134146575394, 0.7156432421541279, -0.44423274963357895, 0.09230990302679576, -0.9941660789804585, 0.34719530667936915, 0.1252744175319715, 0.6720003404713524]
101.99999237060547	(8, 12, 2)	[-1.0, 0.5175571888730244, -0.46423814531002316, 0.9084983980534811, 0.9993452634065851, 0.45233243295564196, -0.20756817961940074, 0.5343273955223932, 0.4557164204558397, -0.44104415247025996, -0.8282810743742411, -0.7396326655032104, 0.9495079480791989, 0.9338192054246293, 0.3637096715526328, 0.5653678393050492, 0.024787707890169774, -0.3962703081945692, -0.5459043515450599, 0.353204315749518, 0.13295029425361338, -0.634638086946602, 0.9834970208563338, 0.5762288427129771, -0.3682140251886161, -0.06273373375837446, -0.09786996178069061, -0.6590847223884122, 0.48462836225116135, 0.23453840557273611, -0.028427793142523174, -0.5698215133292119, -0.2800628619571557, -0.7985078208496819, 0.07208777447235579, -0.9844699618850095, 0.07915660766434085, 0.6133709897393242, 0.10844556673221595, -0.2741933500704591, 0.19009212937322872, -0.1081523542107855, 0.9431928694482287, 0.06187916103609048, -0.8108725307516622, 0.5593906745228433, -0.29920981894865273, 0.7088467931157442, 0.36833967684314395, 0.10288921316129152, 0.984490087939069, 0.23341270709797882, -0.8825066863926584, -1.0, 0.4769195087484733, 0.6591873169593123, -0.9481414548969782, -0.7877352973743845, 0.30463357055737506, -0.9474682817089687, -0.017000479200063978, -0.40871074155163334, -0.5651231064444104, -0.8390656741082316, -0.12548115494827755, 0.1269385695715723, 0.7604063256966509, -0.08070570728546178, -0.01918123290949072, -0.6792454134910186, 0.2901305709469808, 0.5425706961313306, -0.11306326069457917, -0.32638633742454726, 0.2880148768481632, 0.518887748519705, -0.5238736145628591, -0.36920414108769495, 0.8886483922107744, 0.8486217256150134, -0.9611012297907743, 0.4507056611123611, -0.6922667963607663, 0.11035701260516806, 0.3538589407301119, 0.3670034582101111, -0.6028129172406905, 0.9008622699300506, -0.5814055711382431, 0.03571068435608167, -0.33738176923874375, 0.8903507244921347, 0.05419814146234591, 0.960252890950797, -0.319528425573258, -0.5824319764200488, -0.8153896791396755, -0.636115651291421, -0.7993927234016618, 0.7957022383216921, -0.8628967904675657, -0.917606384962472, 0.9278437191214575, -0.9775386969091534, 0.2932540760354334, -0.0458035437685691, -0.018579582905673186, -0.7493458110958169, 0.20560693480471803, -0.17335609309373753, -0.7550349738835345, 0.9911535430105631, 0.36963134146575394, 0.7156432421541279, -0.44423274963357895, -0.8411453078731597, -0.9941660789804585, 0.5659030750886814, 0.1252744175319715, 0.560580048872574]
102.0	(8, 12, 2)	[-0.8742801388862979, 0.5175571888730244, -0.4471410965104936, 0.9031679625979373, 1.0, 0.45233243295564196, -0.2460251901852753, 0.5343273955223932, 0.4557164204558397, -0.8519245498766249, -0.8282810743742411, -0.7181604174564915, 0.9679278142582063, 0.7062287868881739, 0.013983610864714724, 0.5653678393050492, 0.03830863920920083, -0.5573012404172646, -0.5459043515450599, -0.16209382882642354, -0.18716232702874905, -0.634638086946602, 0.8864696768729974, 0.6721412378796654, -0.31909196064782974, -0.06273373375837446, -0.09092301536459967, -0.6590847223884122, 0.28253148823641583, 0.17558352151066692, -0.05361861997659595, -0.5698215133292119, -0.21425628857718748, -0.7985078208496819, 0.061936181129766066, -0.9844699618850095, 0.07915660766434085, 0.5219364795226493, 0.8324436682175613, -0.3119889082204067, -0.0030993060968191877, -0.1081523542107855, 0.9431928694482287, 0.06187916103609048, -0.5579287282864482, 0.5198006494137328, -0.29920981894865273, -0.2314601041488612, 0.36833967684314395, 0.3525557640858401, 0.984490087939069, 0.33487698634333474, -0.8825066863926584, -0.932895092122596, 0.026120497833131237, 0.6102415603054879, -0.7811673952680145, -0.7341409124458947, 0.31739265734711786, 0.32214405828398585, 0.7886767381004557, -0.40871074155163334, -0.5651231064444104, -0.823385011936314, -0.2519896219688116, 0.1269385695715723, 0.19131918743764342, -0.08070570728546178, -0.12282413541288238, -0.6792454134910186, 0.3439273473673772, 0.18525089814705753, -0.11306326069457917, -0.6353060873350619, 0.2880148768481632, 0.32602647464482365, -0.23373276677718677, -0.36920414108769495, -0.05292708538466506, 0.7557842979100273, -0.9611012297907743, 0.5081609512924443, -0.6922667963607663, 0.9038095688007259, 0.287934048909893, 0.3670034582101111, 0.4939380019806783, 0.9008622699300506, -0.5814055711382431, -0.07302377203446125, -0.4430486337999666, 0.8508784772668135, 0.1325246491936426, 0.960252890950797, -0.08264391555355567, -0.5884764200686268, 0.1714649928487627, -0.9995439972575733, 0.6244088803847552, 0.7117144861791536, -0.9817533143910807, -0.8798487613336331, -0.8909283399496001, 0.9589287047298591, 0.4027238246481733, -0.6294112345291041, -0.018579582905673186, -0.7493458110958169, -0.9214028071572657, -0.18657326357489024, -0.7550349738835345, 1.0, 0.36963134146575394, 0.7156432421541279, -0.44423274963357895, -0.9479513287849874, 0.9421341722581134, 0.5659030750886814, 0.1252744175319715, 0.560580048872574]
101.9999771118164	(8, 12, 2)	[-0.9667664463576067, 0.5215026816970482, -0.4471410965104936, 0.9084983980534811, 0.9993452634065851, 0.45233243295564196, -0.2460251901852753, 0.6489948647922127, 0.4557164204558397, -0.8519245498766249, -0.9125126920736767, -0.8284112288826236, 0.9495079480791989, 0.9338192054246293, 0.09475171666729043, 0.5653678393050492, -0.06847566227064428, -0.24604179720093727, -0.5459043515450599, 0.48963532694235246, 0.13295029425361338, -0.634638086946602, 0.8864696768729974, 0.6721412378796654, -0.31909196064782974, 0.04510629668795885, -0.9210313867439579, -0.6590847223884122, 0.28253148823641583, 0.17558352151066692, -0.09734499883757297, -0.5698215133292119, -0.21425628857718748, -0.7985078208496819, 0.10442718676055218, -0.9844699618850095, 0.13621053615335854, 0.6451146952358078, 0.1325884496815442, -0.2741933500704591, 0.19009212937322872, -0.17780049127439052, 1.0, 0.06187916103609048, -0.5579287282864482, 0.5198006494137328, 0.5482229437337949, -0.2314601041488612, 0.36833967684314395, 0.3525557640858401, 0.984490087939069, 0.22160570193928747, -0.8825066863926584, -1.0, -0.21054533579572632, 0.6102415603054879, -0.6161885255218662, 0.12082539684288429, -0.5346874695167426, -0.9474682817089687, -0.017000479200063978, -0.40999255136102936, -1.0, -0.823385011936314, -0.12548115494827755, -0.1475123718260063, 0.7604063256966509, 0.17392802889629755, -0.19658676445777745, -0.6792454134910186, 0.2175619587466997, 0.5085309829206838, -0.11306326069457917, -0.4776927602156247, 0.3300633518186068, 0.518887748519705, -0.4019623344595541, -0.36920414108769495, -0.05292708538466506, 0.8879553219410375, -0.9382418412049827, 0.47053411946650575, -0.6922667963607663, 0.9038095688007259, 0.3538589407301119, -0.20964706762397056, 0.4939380019806783, 0.9008622699300506, -0.5814055711382431, -0.07302377203446125, -0.13973870141325073, 0.6382082150281394, 0.09255451950112425, 0.960252890950797, -0.37333076882182237, -0.25785621110897383, -0.855802104200225, -0.636115651291421, 0.6244088803847552, 0.7957022383216921, -0.8628967904675657, -0.3700376279895023, 0.9004855384007764, -0.11799553894763881, 0.2932540760354334, -0.0458035437685691, -0.018579582905673186, 0.2898278729698664, -0.020669981650587532, 0.24237805685391067, -0.2543186759203243, 1.0, -0.4432291198899725, -0.4764174864569768, -0.44423274963357895, -0.2227337929457604, 0.7488525621443551, 0.34719530667936915, 0.1252744175319715, 0.6720177960464675]
101.99999237060547	(8, 12, 2)	[-0.9667664463576067, 0.5175571888730244, -0.5151759734700124, 0.9031679625979373, 0.9993452634065851, 0.45233243295564196, -0.2460251901852753, 0.35890266386113323, 0.4557164204558397, -0.8519245498766249, -0.9508761710464828, -0.8284112288826236, 0.9495079480791989, 0.8646357329205026, 0.3637096715526328, 0.5653678393050492, -0.042458733608784494, -0.3962703081945692, -0.7603115836190737, 0.353204315749518, -0.18716232702874905, -0.634638086946602, 0.8864696768729974, 0.6721412378796654, -0.9445757333225582, 0.06947824023552807, -0.09786996178069061, -0.6590847223884122, 0.28253148823641583, 0.17558352151066692, -0.028427793142523174, -0.5698215133292119, -0.21425628857718748, -0.7985078208496819, 0.10442718676055218, -0.9844699618850095, 0.1851736390827307, 0.8730755530171224, 0.8324436682175613, -0.34949785251312915, 0.19009212937322872, -0.03647449276243342, 0.9431928694482287, 0.06187916103609048, -0.5579287282864482, -0.07664994410163492, -0.29920981894865273, 0.7088467931157442, 0.6902597119828473, 0.3525557640858401, 0.984490087939069, 0.31990276320767586, -0.8641239663638176, -1.0, -0.230097512311024, 0.6102415603054879, -0.6161885255218662, -0.7306245816503827, 0.31739265734711786, -0.8761242136389267, -0.017000479200063978, -0.5392615036296253, 0.8307500065321161, -0.823385011936314, -0.2519896219688116, 0.1269385695715723, 0.19131918743764342, 0.17392802889629755, -0.06124288641374043, -0.6792454134910186, 0.35692535114805257, 0.5085309829206838, -0.11306326069457917, -0.32638633742454726, 0.2524446700196271, 0.6019722980649229, -0.4019623344595541, -0.36920414108769495, 0.8886483922107744, 0.8486217256150134, -0.9611012297907743, 0.5081609512924443, -0.5831837959615915, 0.11723859800850328, 0.3538589407301119, 0.3670034582101111, 0.448918985321072, 0.7846449827524042, -0.5814055711382431, -0.07302377203446125, -0.4430486337999666, 0.8402718825564176, 0.1325246491936426, 0.960252890950797, -0.5400631624236101, -0.5124692705565774, -0.8153896791396755, -0.636115651291421, 0.6244088803847552, 0.7957022383216921, -0.8628967904675657, -0.4416327705263523, 0.9004855384007764, -0.11799553894763881, 0.2421935895071457, -0.24666774793782517, -0.018579582905673186, -0.773692684409747, -0.9214028071572657, -0.18657326357489024, -0.2543186759203243, 1.0, 0.36963134146575394, 0.7156432421541279, -0.44423274963357895, -0.9479513287849874, 0.9421341722581134, 0.5659030750886814, 0.1252744175319715, 0.6349757939328782]
101.99998474121094	(8, 12, 2)	[-0.9667664463576067, 0.5175571888730244, -0.4471410965104936, 0.9031679625979373, 1.0, 0.45233243295564196, -0.2460251901852753, 0.35890266386113323, 0.38953508569984774, -0.8338930100704763, -0.8549507810268151, -0.8284112288826236, 0.9495079480791989, 0.9338192054246293, 0.09475171666729043, 0.5653678393050492, -0.042458733608784494, -0.24604179720093727, -0.5459043515450599, 0.353204315749518, -0.18716232702874905, -0.634638086946602, 0.8864696768729974, 0.5762288427129771, -0.3682140251886161, -0.09093798454738033, -0.09786996178069061, -0.6293419455169936, 0.5393951686324765, 0.17558352151066692, -0.10664225912034948, -0.5698215133292119, -0.2712429562729597, -0.7985078208496819, 0.10442718676055218, -0.9844699618850095, 0.13621053615335854, 0.8730755530171224, 0.8324436682175613, -0.34949785251312915, 0.19009212937322872, -0.1081523542107855, 0.9431928694482287, 0.06187916103609048, -0.7874289893763733, 0.5198006494137328, 0.37736870097176545, -0.2314601041488612, 0.36833967684314395, 0.3525557640858401, 0.984490087939069, 0.31990276320767586, -0.8825066863926584, -0.932895092122596, -0.7829397423697493, 0.6102415603054879, -0.7811673952680145, 0.12082539684288429, 0.30463357055737506, -0.9474682817089687, -0.740638880472172, -0.40871074155163334, -0.5651231064444104, -0.823385011936314, 0.13895063268283223, 0.2453259517169712, 0.19131918743764342, -0.08070570728546178, -0.19658676445777745, -0.6792454134910186, 0.35692535114805257, 0.5085309829206838, -0.7614207595928528, -0.45502770731928943, 0.2880148768481632, 0.518887748519705, -0.4019623344595541, -0.29087570899846515, -0.05292708538466506, 0.7557842979100273, -0.8903656046805126, 0.5081609512924443, -0.866998149760735, 0.11035701260516806, 0.3538589407301119, 0.3670034582101111, 0.4939380019806783, 0.9008622699300506, -0.5814055711382431, -0.07302377203446125, -0.05808953372158557, 0.8402718825564176, 0.1325246491936426, 0.960252890950797, -0.5400631624236101, -0.5124692705565774, -0.855802104200225, -0.636115651291421, -0.7993927234016618, 0.7021313755932004, -0.8628967904675657, -0.4416327705263523, 0.9004855384007764, -0.9775386969091534, 0.5956078593348411, -0.17698794034493737, -0.018579582905673186, -0.773692684409747, 0.20560693480471803, 0.24237805685391067, -0.7550349738835345, 1.0, 0.3632257765065253, 0.7156432421541279, -0.44423274963357895, -0.8036867839701395, 0.9421341722581134, 0.35405047124676514, 0.1252744175319715, 0.6349757939328782]
101.99999237060547	(8, 12, 2)	[-1.0, 0.7872023838665456, -0.4471410965104936, 0.9231375513624307, 0.9993452634065851, 0.45233243295564196, -0.2460251901852753, 0.35890266386113323, 0.4557164204558397, -0.8519245498766249, -0.8282810743742411, -0.7840498435229183, 0.9495079480791989, 0.8213257823178428, 0.3637096715526328, 0.5653678393050492, 0.05344527058006704, -0.3962703081945692, -0.5459043515450599, -0.16209382882642354, -0.24024376423061297, -0.634638086946602, 0.8864696768729974, 0.5762288427129771, -0.31909196064782974, -0.06273373375837446, -0.09092301536459967, -0.6293419455169936, 0.4061875453115647, 0.6027311185172779, -0.13229677285905894, -0.5698215133292119, -0.2712429562729597, -0.7985078208496819, 0.10442718676055218, -0.9844699618850095, 0.13621053615335854, 0.262090012091618, 0.10844556673221595, -0.2741933500704591, 0.45010302928340495, -0.03647449276243342, 0.9431928694482287, 0.06187916103609048, -0.5579287282864482, 0.5643936954403812, 0.5432638224166962, -0.2314601041488612, 0.6902597119828473, 0.3525557640858401, 1.0, 0.33487698634333474, -0.8825066863926584, -0.932895092122596, 0.4769195087484733, 0.6102415603054879, -0.7811673952680145, -0.7341409124458947, -0.6237292033832552, -0.9474682817089687, -0.017000479200063978, -0.40871074155163334, -1.0, -0.8390656741082316, 0.13895063268283223, 0.1269385695715723, 0.19131918743764342, -0.08070570728546178, -0.12282413541288238, -0.6792454134910186, 0.3439273473673772, 1.0, -0.11306326069457917, -0.6353060873350619, 0.2880148768481632, 0.518887748519705, -0.4019623344595541, -0.29087570899846515, -0.05292708538466506, 0.8879553219410375, -0.9382418412049827, 0.4507056611123611, -0.5589754393491116, 0.11035701260516806, 0.3538589407301119, 0.3670034582101111, 0.4939380019806783, 0.9008622699300506, -0.5814055711382431, -0.14587366716575068, -0.4430486337999666, 0.8570862105804112, 0.1325246491936426, 0.960252890950797, -0.37333076882182237, -0.5124692705565774, -0.8153896791396755, -0.636115651291421, -0.7993927234016618, 0.7795514276666371, -0.8628967904675657, -0.4416327705263523, 0.39288186290990357, -0.4003413406622564, 0.3235282205082267, -0.5520592155627546, -0.018579582905673186, -0.773692684409747, 0.7018433032672242, -0.18657326357489024, -0.6227923207516879, 0.8015846378990023, 0.36963134146575394, 0.7156432421541279, -0.44423274963357895, -0.9479513287849874, -0.9941660789804585, 0.35405047124676514, 0.1252744175319715, 0.5008268427752425]
101.99998474121094	(8, 12, 2)	[-0.9526227957473494, 0.6876595997831894, -0.4471410965104936, 0.9084983980534811, 0.9993452634065851, 0.530768735698791, -0.2460251901852753, 0.35890266386113323, 0.4557164204558397, -0.8519245498766249, -0.8282810743742411, -0.7181604174564915, 0.9679278142582063, 0.7062287868881739, 0.3637096715526328, 0.5653678393050492, 0.024787707890169774, -0.5573012404172646, -0.7554522821618783, 0.353204315749518, 0.13295029425361338, -0.7086253875857426, 0.8864696768729974, 0.5762288427129771, -0.3682140251886161, 0.04510629668795885, -0.09786996178069061, -0.6590847223884122, 0.28253148823641583, 0.6027311185172779, -0.05361861997659595, -0.5698215133292119, -0.21425628857718748, -0.7985078208496819, 0.10442718676055218, -0.9445081649475364, 0.13621053615335854, 0.8730755530171224, 0.1325884496815442, -0.27858779664702493, 0.19009212937322872, -0.03647449276243342, 0.9431928694482287, 0.025585787834049065, -0.4945607660450022, 0.5643936954403812, 0.37736870097176545, 0.8092258145483614, 0.36833967684314395, 0.3525557640858401, 0.984490087939069, 0.31990276320767586, -0.8825066863926584, -0.932895092122596, 0.026120497833131237, -0.6134657791557946, -0.6161885255218662, -0.7306245816503827, 0.31739265734711786, -0.9474682817089687, -0.017000479200063978, -0.40871074155163334, -0.9444695274662475, -0.8390656741082316, 0.13895063268283223, -0.019601693411793034, 0.19131918743764342, -0.08070570728546178, -0.12282413541288238, -0.6792454134910186, 0.3439273473673772, 0.6504324023974026, -0.11306326069457917, -0.45502770731928943, 0.3300633518186068, 0.6471696348888752, -0.14870492573955385, -0.29087570899846515, -0.05292708538466506, 0.6908963052096466, -0.9382418412049827, 0.5081609512924443, -0.6922667963607663, 0.18061690397847932, 0.3538589407301119, 0.45156594319957444, 0.448918985321072, 0.9008622699300506, -0.5814055711382431, -0.07302377203446125, -0.4430486337999666, 0.8570862105804112, 0.09255451950112425, 0.960252890950797, -0.08264391555355567, -0.5124692705565774, 0.1714649928487627, -0.636115651291421, 0.6244088803847552, 0.7795514276666371, -0.8628967904675657, -0.917606384962472, 0.9278437191214575, 0.9589287047298591, 0.4027238246481733, -0.6382550788191459, -0.10249285958968885, 0.36657066309052766, -0.9595948799482547, -0.18657326357489024, -0.06924279457159543, 1.0, 0.36963134146575394, 0.7156432421541279, -0.44423274963357895, -0.9479513287849874, 0.9421341722581134, 0.37809864996662895, 0.1252744175319715, 0.6349757939328782]
101.99999237060547	(8, 12, 2)	[-0.9667664463576067, 0.5175571888730244, -0.5151759734700124, 0.9084983980534811, 0.9993452634065851, 0.45233243295564196, -0.2460251901852753, 0.35890266386113323, 0.4557164204558397, -0.8519245498766249, -0.9508761710464828, -0.8310676332353859, 0.9495079480791989, 0.8646357329205026, 0.3637096715526328, 0.5653678393050492, -0.06847566227064428, -0.24604179720093727, -0.8111174550870235, -0.16209382882642354, -0.24024376423061297, -0.634638086946602, 0.8864696768729974, 0.6721412378796654, -0.3682140251886161, -0.09093798454738033, -0.09786996178069061, -0.6590847223884122, 0.28253148823641583, 0.05800408971399537, -0.09734499883757297, -0.5698215133292119, -0.21425628857718748, -0.7985078208496819, 0.07208777447235579, -0.9844699618850095, 0.13621053615335854, 0.6133709897393242, 0.8324436682175613, -0.10835232113088744, -0.0030993060968191877, -0.1081523542107855, 0.9431928694482287, 0.06187916103609048, -0.4945607660450022, 0.5198006494137328, -0.29920981894865273, -0.2314601041488612, 0.6902597119828473, 0.3525557640858401, 0.984490087939069, 0.22160570193928747, -0.8825066863926584, -1.0, 0.5292215424461026, 0.6102415603054879, -0.7124121752488094, -0.7341409124458947, 0.31739265734711786, -0.9474682817089687, 0.09609882068348495, -0.40999255136102936, -1.0, -0.823385011936314, -0.12548115494827755, 0.1269385695715723, 0.8967613730078459, 0.17392802889629755, -0.6268750132141945, -0.6792454134910186, 0.2175619587466997, 0.5425706961313306, -0.11306326069457917, -0.32638633742454726, 0.3300633518186068, 0.518887748519705, -0.4019623344595541, -0.36920414108769495, 0.8106176004082603, 0.8486217256150134, -0.9611012297907743, 0.5081609512924443, -0.6922667963607663, 0.11035701260516806, 0.5010395174249413, 0.3670034582101111, 0.3865318256339147, 0.9008622699300506, -0.5814055711382431, -0.07302377203446125, -0.4430486337999666, 0.8411162520245121, 0.29374186998952356, 0.960252890950797, -0.5400631624236101, -0.25785621110897383, -1.0, -0.636115651291421, 0.6244088803847552, 0.7957022383216921, -0.8081171514499939, -0.3700376279895023, 0.39288186290990357, 0.9589287047298591, 0.2932540760354334, -0.6294112345291041, 0.04002467886854706, -0.7493458110958169, -0.9214028071572657, -0.18657326357489024, -0.06924279457159543, 1.0, 0.36963134146575394, 0.7156432421541279, -0.44423274963357895, -0.8432460626868488, 0.7488525621443551, 0.34719530667936915, 0.1252744175319715, 0.6349757939328782]
102.0	(8, 12, 2)	[-1.0, 0.5175571888730244, -0.5151759734700124, 0.9084983980534811, 0.9993452634065851, 0.530768735698791, -0.2460251901852753, 0.5343273955223932, 0.4557164204558397, -0.8519245498766249, -0.8282810743742411, -0.7181604174564915, 1.0, 0.849966762390791, 0.09475171666729043, 0.5653678393050492, 0.024787707890169774, -0.24604179720093727, -0.7554522821618783, -0.16209382882642354, 0.13295029425361338, -0.7086253875857426, 0.8531850764055388, 0.5762288427129771, -0.3682140251886161, -0.06273373375837446, -0.8798359901691932, -0.6590847223884122, 0.28253148823641583, 0.05800408971399537, -0.08336113858503197, -0.5698215133292119, -0.2800628619571557, -0.7985078208496819, 0.07208777447235579, -0.9844699618850095, 0.07915660766434085, 0.6133709897393242, 0.8324436682175613, -0.24518083753662268, -0.0030993060968191877, -0.03647449276243342, 0.9431928694482287, 0.06187916103609048, -0.4945607660450022, 0.9412065723068248, -0.29920981894865273, -0.2314601041488612, 0.36833967684314395, 0.3525557640858401, 0.984490087939069, 0.2952166943711838, -0.8825066863926584, -0.932895092122596, 0.026120497833131237, 0.7707666402796296, -0.7811673952680145, -0.7306245816503827, -0.6381309670728643, -0.9474682817089687, 0.09721542147661857, -0.40999255136102936, -0.5651231064444104, -0.823385011936314, 0.13895063268283223, 0.0938235334179193, 0.20687398271944354, -0.0405712651261468, -0.09435913448890776, -0.6168613082594037, 0.2175619587466997, 0.5425706961313306, 0.03767845771137612, -0.45502770731928943, 0.2880148768481632, 0.518887748519705, -0.5212928294761965, -0.36920414108769495, 0.7112943868225106, 0.8486217256150134, -1.0, 0.5081609512924443, -0.6922667963607663, 0.18061690397847932, 0.3538589407301119, 0.3330248395924236, 0.4939380019806783, 0.9008622699300506, -0.5814055711382431, -0.07302377203446125, -0.4430486337999666, 0.8570862105804112, 0.1325246491936426, 0.960252890950797, -0.5400631624236101, -0.5779336518166686, -0.9290080459293335, -0.636115651291421, -0.7993927234016618, 0.7795514276666371, -0.8628967904675657, -0.917606384962472, 0.9004855384007764, -0.11866750728887304, 0.5470221943156377, -0.5286867508462562, -0.1527806344865015, 0.36657066309052766, 0.7018433032672242, -0.18657326357489024, -0.06924279457159543, 1.0, 0.3632257765065253, 0.7156432421541279, -0.44423274963357895, -0.9479513287849874, -0.9941660789804585, 0.5659030750886814, 0.1252744175319715, 0.6720177960464675]
101.99999237060547	(8, 12, 2)	[-0.9667664463576067, 0.5175571888730244, -0.5333379418571321, 0.9031679625979373, 0.9993452634065851, 0.45233243295564196, -0.2460251901852753, 0.5343273955223932, 0.4557164204558397, -0.8519245498766249, -0.8282810743742411, -0.7181604174564915, 0.9679278142582063, 0.7062287868881739, 0.3637096715526328, 0.5653678393050492, -0.06215636286429501, -0.24604179720093727, -0.5459043515450599, -0.16209382882642354, -0.2594077451739268, -0.4911855336122488, 0.8864696768729974, 0.5762288427129771, -0.3682140251886161, -0.06273373375837446, 0.04983834451832918, -0.6590847223884122, 0.5393951686324765, 0.17558352151066692, -0.08336113858503197, -0.5698215133292119, -0.21425628857718748, -0.7985078208496819, -0.019981620190289928, -0.9844699618850095, 0.07915660766434085, 0.262090012091618, 0.8324436682175613, -0.3119889082204067, 0.45010302928340495, -0.17780049127439052, 0.9431928694482287, 0.06187916103609048, -0.4945607660450022, 0.18242730333072846, -0.29920981894865273, 0.8092258145483614, 0.6325780970378865, 0.3525557640858401, 0.984490087939069, 0.2952166943711838, -0.8825066863926584, -0.932895092122596, 0.026120497833131237, 0.6591873169593123, -0.7811673952680145, 0.03027781154252354, 0.31739265734711786, -0.9474682817089687, -0.017000479200063978, -0.40871074155163334, 0.8307500065321161, -0.8581712992806316, -0.12548115494827755, -0.019601693411793034, 0.20687398271944354, -0.0405712651261468, -0.19658676445777745, -0.6792454134910186, 0.35692535114805257, 0.5425706961313306, -0.11306326069457917, -0.4090284193308342, 0.2880148768481632, 0.6019722980649229, -0.14870492573955385, -0.36920414108769495, -0.05292708538466506, 0.8486217256150134, -0.7614732911167456, 0.5081609512924443, -0.6922667963607663, 0.2890492036461812, 0.3538589407301119, 0.3670034582101111, 0.4939380019806783, 0.9008622699300506, -0.6030323864339524, -0.07302377203446125, -0.13973870141325073, 0.7289382125620182, -0.011721041332712234, -0.541006072960821, -0.5400631624236101, -0.5124692705565774, -0.855802104200225, -0.636115651291421, 0.6244088803847552, 0.7957022383216921, -0.8628967904675657, -0.4416327705263523, 0.39288186290990357, -0.24218702564271266, 0.2932540760354334, -0.5286867508462562, -0.018579582905673186, 0.36657066309052766, -0.6926545822648619, -0.18657326357489024, -0.06924279457159543, 1.0, 0.6021010977903787, 0.7156432421541279, -0.44423274963357895, -0.9479513287849874, 0.9421341722581134, 0.34719530667936915, 0.1252744175319715, 0.5008268427752425]
101.99998474121094	(8, 12, 2)	[-0.9667664463576067, 0.5215026816970482, -0.4471410965104936, 0.9231375513624307, 0.9993452634065851, 0.45233243295564196, -0.2460251901852753, 0.35890266386113323, 0.4557164204558397, -0.8519245498766249, -0.8282810743742411, -0.8284112288826236, 0.9495079480791989, 0.8213257823178428, 0.3803944454253092, 0.7974234662191624, -0.042458733608784494, -0.5573012404172646, -0.8111174550870235, -0.16209382882642354, -0.24024376423061297, -0.634638086946602, 0.8864696768729974, 0.5762288427129771, -0.31909196064782974, 0.04510629668795885, -0.19036829829559132, -0.6590847223884122, 0.5393951686324765, 0.6027311185172779, -0.09734499883757297, -0.5698215133292119, -0.21425628857718748, -0.7985078208496819, -0.019981620190289928, -0.9844699618850095, 0.07915660766434085, 0.9283938004459018, 0.10844556673221595, -0.26546629917388115, 0.45010302928340495, -0.08765832569357966, 1.0, 0.06187916103609048, -0.7874289893763733, 0.5198006494137328, -0.22465834824728537, 0.7088467931157442, 0.36833967684314395, 0.3525557640858401, 0.984490087939069, 0.23341270709797882, -0.8825066863926584, -0.932895092122596, 0.4769195087484733, 0.6102415603054879, -0.7811673952680145, -0.7306245816503827, -0.6381309670728643, -0.9474682817089687, -0.017000479200063978, -0.40871074155163334, 0.7459528108220627, -0.8581712992806316, -0.2519896219688116, 0.0938235334179193, 0.7604063256966509, -0.0405712651261468, -0.12282413541288238, -0.5083535552850804, 0.3439273473673772, 0.5217686679681064, -0.11306326069457917, -0.518785884629809, 0.25604868461968544, 0.518887748519705, -0.4019623344595541, -0.36920414108769495, -0.05292708538466506, 0.7557842979100273, -0.9382418412049827, 0.5081609512924443, -0.5589754393491116, 0.11035701260516806, 0.5818472342933811, 0.3670034582101111, 0.4939380019806783, 0.9008622699300506, -0.5814055711382431, -0.07302377203446125, -0.4430486337999666, 0.7492485259225332, -0.011721041332712234, 0.8381532296775296, -0.5400631624236101, -0.5124692705565774, 0.1714649928487627, -0.636115651291421, 0.6244088803847552, 0.7021313755932004, -0.8628967904675657, -0.4416327705263523, 0.9004855384007764, 0.9589287047298591, 0.2932540760354334, -0.24666774793782517, -0.018579582905673186, -0.773692684409747, 0.7018433032672242, -0.18657326357489024, -0.06924279457159543, 1.0, 0.36963134146575394, 0.7156432421541279, -0.44423274963357895, -0.9479513287849874, -0.9941660789804585, 0.5659030750886814, 0.1252744175319715, 0.6349757939328782]
101.99999237060547	(8, 12, 2)	[-0.9712421696275015, 0.5175571888730244, -0.5333379418571321, 0.9084983980534811, 0.9993452634065851, 0.45233243295564196, -0.2460251901852753, 0.49714092852135916, 0.4557164204558397, -0.8519245498766249, -0.8282810743742411, -0.7840498435229183, 0.9499769196980054, 0.8646357329205026, 0.3637096715526328, 0.5653678393050492, -0.06215636286429501, -0.5573012404172646, -0.8111174550870235, 0.353204315749518, 0.13295029425361338, -0.634638086946602, 0.8378230094990333, 0.5762288427129771, -0.9445757333225582, 0.04510629668795885, 0.04983834451832918, -0.6590847223884122, 0.28253148823641583, 0.6027311185172779, -0.08336113858503197, -0.5698215133292119, -0.2800628619571557, -0.7985078208496819, -0.019981620190289928, -0.9844699618850095, 0.13621053615335854, 0.6133709897393242, 0.8324436682175613, -0.24518083753662268, 0.45010302928340495, -0.03647449276243342, 0.9431928694482287, 0.050388682483636704, -0.4945607660450022, 0.5593906745228433, -0.29920981894865273, -0.2314601041488612, 0.6325780970378865, 0.3525557640858401, 0.984490087939069, 0.33487698634333474, -0.8825066863926584, -0.932895092122596, 0.026120497833131237, 0.6102415603054879, -0.6161885255218662, -0.5894224677204531, 0.31739265734711786, -0.9474682817089687, 0.06882276095590363, -0.5392615036296253, -0.5651231064444104, -0.6275957805845449, 0.13895063268283223, 0.1269385695715723, 0.20687398271944354, -0.08070570728546178, -0.06124288641374043, -0.6792454134910186, 0.2901305709469808, 0.6504324023974026, -0.11306326069457917, -0.4191703276487858, 0.3260017419822067, 0.6019722980649229, -0.4019623344595541, -0.36920414108769495, -0.05292708538466506, 0.8486217256150134, -0.5261658733536045, 0.5081609512924443, -0.6922667963607663, 0.06844025419269824, 0.3538589407301119, 0.3670034582101111, 0.448918985321072, 0.7846449827524042, -0.6030323864339524, -0.07302377203446125, -0.4430486337999666, 0.7289382125620182, 0.09255451950112425, -0.541006072960821, -0.37333076882182237, -0.5779336518166686, -0.8153896791396755, -0.636115651291421, 0.6244088803847552, 0.7957022383216921, -0.8628967904675657, -0.4416327705263523, 0.39288186290990357, -0.24218702564271266, 0.5956078593348411, -0.5286867508462562, -0.018579582905673186, 0.36657066309052766, -0.6926545822648619, 0.24237805685391067, -0.06924279457159543, 1.0, 0.6021010977903787, -0.4764174864569768, -0.44423274963357895, -0.9479513287849874, 0.9421341722581134, 0.5659030750886814, 0.1252744175319715, 0.5008268427752425]
102.0	(8, 12, 2)	[-0.8742801388862979, 0.5175571888730244, -0.4471410965104936, 0.9084983980534811, 0.9993452634065851, 0.45233243295564196, -0.34822518951357156, 0.35890266386113323, 0.4087158099324264, -0.8519245498766249, -0.8549507810268151, -0.8284112288826236, 1.0, 0.8646357329205026, 0.3637096715526328, 0.5653678393050492, -0.042458733608784494, -0.5573012404172646, -0.7554522821618783, -0.16209382882642354, -0.24024376423061297, -0.634638086946602, 0.8864696768729974, 0.6103167185257401, -0.3682140251886161, -0.06273373375837446, -0.09092301536459967, -0.6590847223884122, 0.5393951686324765, 0.6027311185172779, -0.08336113858503197, -0.5698215133292119, -0.2712429562729597, -0.7985078208496819, 0.10442718676055218, -0.9844699618850095, 0.13621053615335854, 0.8730755530171224, 0.10844556673221595, -0.34949785251312915, 0.19009212937322872, -0.03647449276243342, 0.9431928694482287, 0.06187916103609048, -0.5579287282864482, 0.5643936954403812, -0.23213476422197646, 0.5384474741952219, 0.36833967684314395, 0.3525557640858401, 0.984490087939069, 0.31990276320767586, -0.70375144753295, -0.932895092122596, -0.21054533579572632, 0.6102415603054879, -0.6161885255218662, -0.7306245816503827, -0.6381309670728643, -1.0, 0.021015367809059965, -0.32821161078466293, 0.8307500065321161, -0.8581712992806316, 0.13895063268283223, 0.1269385695715723, 0.20687398271944354, -0.0405712651261468, -0.6268750132141945, -0.6168613082594037, 0.35692535114805257, 0.5425706961313306, -0.11306326069457917, -0.45502770731928943, 0.2880148768481632, 0.518887748519705, -0.4019623344595541, -0.36920414108769495, -0.05292708538466506, 0.8486217256150134, -0.8497508423813431, 0.5081609512924443, -0.6922667963607663, 0.06844025419269824, 0.5010395174249413, 0.3670034582101111, 0.4939380019806783, 0.7846449827524042, -0.5814055711382431, -0.11263046265208904, -0.4430486337999666, 0.8402718825564176, 0.20908399069521003, 0.960252890950797, -0.37333076882182237, -0.25785621110897383, -0.855802104200225, -0.636115651291421, -0.7993927234016618, 0.7795514276666371, -0.8628967904675657, -0.4416327705263523, 0.9004855384007764, 0.9589287047298591, 0.2932540760354334, -0.6382550788191459, -0.019435472517676192, -0.7493458110958169, -0.04566005211423506, -0.18657326357489024, -0.06924279457159543, 0.9820910431892755, -0.4432291198899725, -0.4764174864569768, -0.44423274963357895, -0.9479513287849874, -0.9941660789804585, 0.5659030750886814, 0.1252744175319715, 0.6720177960464675]
102.0	(8, 12, 2)	[-0.9667664463576067, 0.5175571888730244, -0.4471410965104936, 0.9231375513624307, 0.9993452634065851, 0.45233243295564196, -0.2611219509637796, 0.35890266386113323, 0.4557164204558397, -0.8519245498766249, -0.8282810743742411, -0.7181604174564915, 0.8715603116392391, 0.8646357329205026, 0.3803944454253092, 0.7974234662191624, -0.042458733608784494, -0.24604179720093727, -0.8111174550870235, 0.353204315749518, -0.24024376423061297, -0.7086253875857426, 0.8864696768729974, 0.5762288427129771, -0.9445757333225582, 0.04510629668795885, -0.09786996178069061, -0.6590847223884122, 0.5393951686324765, 0.17558352151066692, -0.05361861997659595, -0.5698215133292119, -0.2800628619571557, -0.7985078208496819, 0.10442718676055218, -0.9844699618850095, 0.433295412851468, 0.8730755530171224, 0.8324436682175613, -0.27858779664702493, 0.0913505834465437, -0.03647449276243342, 0.9431928694482287, 0.06187916103609048, -0.4945607660450022, 0.5198006494137328, -0.29920981894865273, -0.2314601041488612, 0.36833967684314395, 0.10288921316129152, 1.0, 0.31990276320767586, -0.8825066863926584, -0.932895092122596, 0.026120497833131237, 0.6591873169593123, -0.7811673952680145, -0.7306245816503827, -0.6381309670728643, -0.9474682817089687, -0.017000479200063978, -0.40999255136102936, 0.8307500065321161, -0.823385011936314, -0.12548115494827755, 0.0938235334179193, 0.19131918743764342, -0.08070570728546178, -0.12282413541288238, -0.6168613082594037, 0.3439273473673772, 0.18525089814705753, -0.11306326069457917, -0.518785884629809, -0.1507621234930593, 0.518887748519705, -0.14870492573955385, -0.36920414108769495, -0.05292708538466506, 0.7557842979100273, -0.5261658733536045, 0.47053411946650575, -0.5831837959615915, 0.2890492036461812, 0.6670276457075554, 0.3900529695798251, 0.43532181249292917, 0.7846449827524042, -0.5814055711382431, -0.07302377203446125, -0.12604105482492403, 0.6914892070066667, 0.29374186998952356, 0.960252890950797, -0.5400631624236101, -0.5124692705565774, -0.8153896791396755, -0.636115651291421, 0.7547583039628976, 0.7957022383216921, -0.8758969349561756, -0.47545172683971926, 0.9004855384007764, -0.11799553894763881, 0.2932540760354334, -0.24666774793782517, -0.018579582905673186, 0.36657066309052766, -0.9214028071572657, -0.18657326357489024, -0.06924279457159543, 1.0, -0.4432291198899725, 0.7156432421541279, -0.44423274963357895, -0.9479513287849874, -0.9941660789804585, 0.7466939962725558, 0.1252744175319715, 0.6349757939328782]
101.99999237060547	(8, 12, 2)	[-0.9667664463576067, 0.5175571888730244, -0.4471410965104936, 0.9084983980534811, 0.9993452634065851, 0.45233243295564196, -0.2460251901852753, 0.35890266386113323, 0.4557164204558397, -0.8519245498766249, -0.8282810743742411, -0.8284112288826236, 1.0, 0.8213257823178428, 0.3637096715526328, 0.5653678393050492, -0.042458733608784494, -0.5573012404172646, -0.8111174550870235, 0.353204315749518, -0.18716232702874905, -0.634638086946602, 0.8864696768729974, 0.6721412378796654, -0.3682140251886161, -0.06273373375837446, -0.09786996178069061, -0.6590847223884122, 0.28253148823641583, 0.17558352151066692, -0.08336113858503197, -0.5698215133292119, -0.21425628857718748, -0.7985078208496819, 0.061936181129766066, -0.9844699618850095, 0.07915660766434085, 0.6133709897393242, 0.10844556673221595, -0.2741933500704591, 0.19009212937322872, -0.03647449276243342, 0.9404705955649546, 0.06187916103609048, -0.5011282615370881, 0.40613722131833224, -0.23213476422197646, 0.8092258145483614, 0.6902597119828473, 0.3525557640858401, 0.984490087939069, 0.31990276320767586, -0.70375144753295, -1.0, 0.5292215424461026, 0.6102415603054879, -0.7811673952680145, -0.7511982904495152, 0.30463357055737506, -1.0, 0.7886767381004557, -0.40871074155163334, 0.8307500065321161, -0.823385011936314, 0.13895063268283223, 0.1269385695715723, 0.8967613730078459, -0.08070570728546178, -0.02277679022347391, -0.6792454134910186, 0.35692535114805257, 0.18525089814705753, -0.11306326069457917, -0.4776927602156247, 0.2880148768481632, 0.518887748519705, -0.14870492573955385, -0.36920414108769495, -0.05292708538466506, 0.8486217256150134, -0.8497508423813431, 0.5081609512924443, -0.6922667963607663, 0.18061690397847932, 0.5010395174249413, 0.44481704755499485, 0.4939380019806783, 0.8956695211324399, -0.5814055711382431, -0.11263046265208904, -0.19068528303370638, 0.7793855533719696, 0.006600478361297343, -0.7211044246744207, -0.5400631624236101, -0.25785621110897383, -0.855802104200225, -0.636115651291421, 0.6244088803847552, 0.7957022383216921, -0.8628967904675657, -0.8798487613336331, 0.9004855384007764, 0.9589287047298591, 0.2932540760354334, -0.6382550788191459, -0.019435472517676192, -0.7493458110958169, -0.04566005211423506, -0.18657326357489024, 0.43514185672797606, 1.0, -0.4432291198899725, -0.4764174864569768, -0.44423274963357895, -0.8432460626868488, -0.9941660789804585, 0.34719530667936915, 0.1252744175319715, 0.6720003404713524]
101.99998474121094	(8, 12, 2)	[-0.9667664463576067, 0.5215026816970482, -0.4471410965104936, 0.9084983980534811, 0.9993452634065851, 0.530768735698791, -0.2460251901852753, 0.35890266386113323, 0.4557164204558397, -0.8519245498766249, -0.8282810743742411, -0.8284112288826236, 1.0, 0.9419711329958647, 0.26958595824496057, 0.5653678393050492, -0.042458733608784494, -0.5573012404172646, -0.5459043515450599, -0.06142098269646917, -0.24024376423061297, -0.7279366477974099, 0.8378230094990333, 0.5762288427129771, -0.3682140251886161, 0.04510629668795885, -0.09092301536459967, -0.6590847223884122, 0.5393951686324765, 0.6027311185172779, -0.09734499883757297, -0.5698215133292119, -0.21425628857718748, -0.7985078208496819, 0.07208777447235579, -0.9445081649475364, 0.13621053615335854, 0.6133709897393242, 0.8324436682175613, -0.3721805299873011, -0.0030993060968191877, -0.17780049127439052, 0.9431928694482287, 0.06187916103609048, -0.5579287282864482, 0.5643936954403812, 0.5482229437337949, -0.2314601041488612, 0.36833967684314395, 0.3525557640858401, 0.984490087939069, 0.23341270709797882, -0.8825066863926584, -0.932895092122596, 0.48512777662649104, 0.6380684615747797, -0.7811673952680145, -0.5894224677204531, -0.6381309670728643, -1.0, -0.017000479200063978, -0.40999255136102936, -0.5651231064444104, -0.7808343216462355, 0.13895063268283223, 0.1269385695715723, 0.19131918743764342, -0.08070570728546178, -0.06124288641374043, -0.7001906758907639, 0.3439273473673772, 0.5425706961313306, -0.11306326069457917, -0.45502770731928943, 0.2880148768481632, 0.518887748519705, -1.0, -0.36920414108769495, -0.05292708538466506, 0.8486217256150134, -0.8497508423813431, 0.5081609512924443, -0.6922667963607663, 0.11035701260516806, 0.5010395174249413, 0.3670034582101111, 0.4939380019806783, 0.8956695211324399, -0.5814055711382431, -0.12024902847226926, -0.4430486337999666, 0.8570862105804112, 0.20908399069521003, 0.8381532296775296, -0.5400631624236101, -0.25785621110897383, -0.9290080459293335, -0.636115651291421, -0.7993927234016618, 0.7117144861791536, -0.8628967904675657, -0.4416327705263523, 0.9004855384007764, -0.2142911177194377, 0.2932540760354334, -0.24666774793782517, -0.019435472517676192, 0.36657066309052766, -0.020669981650587532, -0.18657326357489024, -0.06924279457159543, 1.0, -0.4432291198899725, -0.4764174864569768, -0.44423274963357895, 0.09230990302679576, -0.9941660789804585, 0.37809864996662895, 0.1252744175319715, 0.560580048872574]
101.99999237060547	(8, 12, 2)	[-0.9667664463576067, 0.7872023838665456, -0.4471410965104936, 0.8751654221959189, 0.9514760199230681, 0.6243768049998617, -0.2460251901852753, 0.35890266386113323, 0.4557164204558397, -0.8519245498766249, -0.8282810743742411, -0.7840498435229183, 0.9499769196980054, 0.8646357329205026, 0.3637096715526328, 0.5202441956488922, -0.042458733608784494, -0.24604179720093727, -0.7603115836190737, -0.16209382882642354, 0.13295029425361338, -0.7086253875857426, 0.8864696768729974, 0.6721412378796654, -0.3682140251886161, 0.04510629668795885, -0.09786996178069061, -0.6590847223884122, 0.44106338483233826, 0.17558352151066692, -0.09734499883757297, -0.5698215133292119, -0.2800628619571557, -0.7985078208496819, 0.01155612491153743, -0.9445081649475364, 0.07915660766434085, 0.6133709897393242, 0.8324436682175613, -0.27858779664702493, 0.45010302928340495, -0.11316476600881026, 0.9404705955649546, 0.06187916103609048, -0.5579287282864482, 0.5198006494137328, 0.37736870097176545, -0.2506906373087141, 0.36833967684314395, 0.3525557640858401, 0.984490087939069, 0.2952166943711838, -0.8825066863926584, -0.932895092122596, 0.026120497833131237, 0.589898530309744, -0.7811673952680145, -0.7341409124458947, -0.6381309670728643, -0.9474682817089687, 0.09721542147661857, -0.40871074155163334, -0.6502039123058699, -0.7808343216462355, -0.12548115494827755, 0.0938235334179193, 0.19131918743764342, -0.08070570728546178, -0.02277679022347391, -0.6792454134910186, 0.2901305709469808, 0.5085309829206838, -0.3232814189373807, -0.45502770731928943, 0.3300633518186068, 0.518887748519705, -0.4019623344595541, -0.36920414108769495, -0.05292708538466506, 0.8486217256150134, -0.9611012297907743, 0.5081609512924443, -0.6922667963607663, 0.2890492036461812, 0.3538589407301119, 0.44481704755499485, 0.4939380019806783, 0.9008622699300506, -0.5814055711382431, -0.07302377203446125, -0.48033021018793515, 0.8570862105804112, -2.4485764004433808e-05, -0.7211044246744207, -0.37333076882182237, -0.5124692705565774, -0.855802104200225, -0.636115651291421, 0.6244088803847552, 0.7117144861791536, -0.8628967904675657, -1.0, 0.9004855384007764, -0.11866750728887304, -0.9578294122039946, -0.6382550788191459, -0.018579582905673186, 0.36657066309052766, -0.6926545822648619, -0.2818672565792943, -0.06924279457159543, 1.0, 0.36963134146575394, -0.8581019915058311, -0.44423274963357895, -0.9493775472899025, -0.8623773549231823, 0.34719530667936915, 0.1252744175319715, 0.560580048872574]
