-9.550573348999023	(8, 12, 2)	[-0.7838396985913303, 0.49795926512165667, -0.8983222803312938, 0.0908297406355496, 0.4810478492134127, 0.23107226899579114, 0.3417118260224461, 0.09771058450288206, 0.2825459948382636, 0.7818027074612006, -0.5589105667378915, 0.0648599371470433, -0.44215133659651906, 0.12151011612796836, -0.7141157973881878, -0.8018958340469406, -0.8685420135355539, 0.9720985618206655, -0.5252155564529395, 0.3094208537831169, -0.5437002323538225, -0.044738222660736016, -0.0023344793682438247, 0.08088684963371096, 0.6075485376557848, -0.595952925621283, 0.6952238614962671, -0.5997618967230289, -0.7186289933873813, -0.8249083392159886, 0.9056706283163376, -0.5961395410243815, -0.4592004820289839, -0.9584317923113179, -0.7019308500247645, -0.43457915390164015, -0.6588789485062851, -0.8672886101984463, -0.09820813904186365, 0.7520776518014745, -0.4596719563280496, 0.8331469454412255, -0.4503945400553171, 0.7478045324162412, 0.71279821559293, 0.06514494308908292, -0.7274568036092761, -0.014080909261594332, -0.7774589242544805, -0.568310015856955, -0.12373889483662537, 0.5684228842856713, 0.31003674371679946, 0.20245835219299035, -0.717717692563214, -0.3627629276858073, 0.18495392979111225, 0.8596067896549537, -0.46403486469440214, -0.35111237175158916, 0.4091489506821213, 0.6659388143578677, -0.6014106855290184, 0.7395685527374105, 0.4879536703175249, -0.5602629697201043, -0.8256172969424058, -0.043276214288509474, 0.1625635002597543, -0.59218050099173, 0.691015750238182, -0.29617653589282966, -0.9209205409646604, -0.5693139472030253, 0.9572569823715875, 0.744828204933371, -0.04018485742764466, -0.3359405664666424, -0.48006034289012467, 0.765374735458336, 0.7902623286965986, -0.4489539433828038, -0.5552024863512233, 0.3013605548824503, -0.02608812495354118, -0.046856845651968015, 0.7697570944593817, 0.09358814511570923, 0.957010000065351, 0.8780514777788395, 0.6344764161087948, -0.3694764161336872, -0.4971775736910158, 0.5267107215388684, -0.7565912515944626, 0.6983016128781716, 0.9061668551753335, -0.2009592893829537, -0.39946896870622783, -0.3755898554332382, 0.6730854285403329, 0.7435001440463025, 0.0434255968212911, -0.8230165216290928, -0.47359839146520644, -0.7891115236149568, 0.7843584030052444, 0.5459759967448119, 0.6642166162373673, 0.008272814189292266, 0.300571939008764, -0.8621800441596397, -0.6861026469719229, 0.2113930059183815, -0.1700362106366895, 0.5789259260245836, 0.9311961167731353, -0.2351928072102185, -0.23998807546528877, -0.3216118896305926]
1013.8363647460938	(8, 12, 2)	[0.4065078231117565, -0.11577522821429853, 0.8871414709796135, 0.48402991052907307, 0.2505026746141883, 0.3296376564774921, 0.7311048183038265, 0.7677866018313217, -0.36398828611633305, 0.5247733507546615, 0.9228905436069461, 0.8742004748166754, -0.7808839364498474, -0.3945411248755577, 0.8593384826453228, -0.7762567242798117, -0.2257969403560025, 0.27765440142691067, 0.14293852629434345, 0.605940080948979, -0.7574593780972556, -0.11342979010982224, 0.40432295786000827, 0.5198418231900142, -0.39910220702286536, -0.597654011715709, 0.022203596637534462, -0.8117276200656722, 0.7007267634189915, 0.3676996085368398, 0.6880123317240292, -0.32259011296734896, -0.9594143727318716, -0.03837377390185104, -0.21138148854450245, -0.008079790021894961, 0.9828480177601211, -0.8256501453367182, -0.6844770574720926, 0.8211514517189391, 0.854214707861642, -0.7125161663281907, -0.5015439064290403, -0.7871931876191802, -0.26808282374962933, 0.3202463761993197, -0.057561891675288246, -0.6112719385544443, -0.8440151823604674, -0.9422182113754971, 0.9314582914292404, -0.26277211537483325, -0.9878294888390311, 0.7917453199667788, -0.3317576280946093, -0.0036822834834184803, -0.5788907559459175, 0.1342859867125199, 0.7297635974330274, -0.9425381432344, 0.6426551291618134, -0.6443113830131746, -0.30876885642461205, 0.8211189077572472, -0.9182543979043394, 0.6057902262315651, -0.7590138787931502, 0.9228469211099772, 0.7194832369371993, -0.8468393834060475, 0.9968466869268258, -0.25078138364849956, 0.390223571165778, 0.011389599730078359, 0.8994948316593951, -0.7753358964945478, 0.9949254566833525, 0.13561947816033437, 0.2210449996890138, -0.3896447923054962, -0.982501684236764, 0.6749803257820968, 0.8395596523064293, 0.2747228062801783, 0.7486616347223627, 0.31425323856425025, -0.30230099213969996, -0.8829319459822846, 0.09806436402530538, -0.9639024225599009, -0.4747920966332111, 0.46910412784827704, -0.9438505685888559, 0.06859498558553234, 0.5121235458929998, -0.8758056168119221, 0.18104673479422195, -0.1004506284335176, 0.5536235627481831, -0.39942247288586374, 0.5334176026063364, 0.5922796451257573, -0.6963781674865615, 0.09889738604219889, 0.41358494707043336, 0.7544429383091567, -0.1252888707937978, -0.5606320848377364, -0.9101647989885204, -0.6148954013134238, -0.9398515851977403, -0.73327649895635, 0.3205321099088576, -0.3921984256808204, -0.36235467184548575, -0.5484541410121759, -0.5841925694812078, -0.8217960055279541, -0.5105031781948202, 0.16164091739574737]
-128.62417602539062	(8, 12, 2)	[-0.1752922580043108, 0.4111986654978512, 0.47897390995211797, -0.17251735809993418, 0.21865524561270555, -0.7038036123334153, -0.3147803700779741, -0.9431946809835268, 0.40644215416407214, -0.20808904021638064, -0.48315374823734003, 0.4010577321299811, -0.5934378491059846, -0.772525300526852, 0.3158790674415102, -0.12867616367196533, -0.9280106908060282, 0.31121523407206797, -0.5649635877583197, -0.14269660574523302, 0.09371628273267762, -0.21961205516090554, 0.37951012750982627, -0.45582806930177777, 0.49697795330751204, 0.4743992569312465, 0.6392440133473984, -0.21729567766458313, 0.5181500995129573, 0.42874964541271043, -0.38420101704365583, 0.3945728829137869, 0.05624211799516776, 0.39524591817260935, -0.6661613396345913, -0.48419638386115205, -0.9562980304040747, -0.8446697811189949, 0.5535136164029466, -0.23436956687635635, -0.904613252653953, 0.39462575223828655, 0.9046710823741029, -0.08911586721940745, 0.5131026732141242, 0.1997911046076093, 0.44796581351423526, -0.33043747118113953, -0.6739976459896653, 0.09981209314028394, -0.652874762130033, -0.1556653434155153, 0.7755095609891554, -0.5045512261838403, 0.6938794265885149, -0.6422151172031487, -0.1023047563771089, -0.349969939154394, 0.4379757639242394, 0.6239705769103874, 0.7689954721729533, 0.6253856744934645, 0.02283231994146795, 0.4728152391615405, -0.9605093575895542, 0.5742573339249188, 0.5046634669828383, 0.16253647509515168, -0.29893274236204204, 0.10662571713127655, -0.5085793670349565, -0.4659209158547677, -0.8176548280310598, -0.11340219100242299, 0.7241743208014066, -0.14988286820770624, 0.767518343223162, 0.41965673679743665, 0.5399500227622616, 0.1275114272842437, 1.0, 0.4168774393646024, 0.8630329597807023, -0.21522779293579308, -0.4141202078170601, 0.9609954917183559, -0.27739435987003525, 0.5991298808306049, 0.6620989708305631, -0.6446805357099834, -0.8652488917819483, 0.06490700151925122, -0.5304170919841618, 0.5351439955833648, -0.9627100481628212, 0.5495914387082974, -0.03753590832460274, 0.6117018301390842, -0.8651797371481937, -0.027621563494418355, -0.20545253872124647, -0.06434244326842875, 0.04773065648118324, 0.9517464141820489, -0.0010279267781945212, -0.7881701789674069, 0.6543599272401734, 0.5622605732609887, -0.11560494109505326, -0.6525076968053036, 0.9914214885884707, 0.528230790666409, -0.8402217307236242, -0.979664750654109, -0.08881736097504711, 0.025837808895866593, -0.12951345177970763, 0.26090434057976286, 0.5426010776182146, 0.5145377929813779]
1019.6414184570312	(8, 12, 2)	[0.6250205216783751, -0.11577522821429853, 0.8871414709796135, -0.6003991796126227, -0.02639599131001802, 0.027017671916245378, 0.7311048183038265, 0.7677866018313217, 0.7101662107332491, 0.6281484484320137, -0.48315374823734003, 0.8742004748166754, -0.2754429065922295, 0.21383308685050562, -0.4520693935797231, -0.21589487856430334, 0.2047594483884665, -0.24561156796337658, -0.6473582672999176, -0.6717103264837918, -0.19991639297796793, 0.8485962876962003, 0.6005990896217579, -0.0039269387413432, 0.40277243924060047, 0.7797437592771082, 0.09216757180731519, 0.687483344971618, 0.5972199122772222, 0.4623110607953229, -0.788483546272335, 0.00030970456435763793, 0.33649790176239125, -0.03837377390185104, 0.2844372803207085, 0.81228307239482, -0.903764484908915, -0.8970064705276912, 0.032895137969723987, 0.4186379999060199, 0.8818681758963101, 0.7058311926849112, 0.5467880772173606, -0.8077778893445875, -0.9926150420982247, 0.7394865771158916, -0.9049936118650983, -0.21749373336047584, -0.8440151823604674, -0.8006872800638727, -0.8865775741385447, -0.1556653434155153, 0.7476162521791883, -0.7858874900571091, -0.511415075883709, -0.5647350623249299, 0.9126618229350874, 0.1342859867125199, -0.4181124843742059, 0.7081443720330891, -0.8422072535997929, -0.6443113830131746, -0.472643348672948, 0.8211189077572472, 0.5010530132465729, -0.8363007155882161, -0.37586863930639014, 0.7862685046629643, -0.7465395314297492, -0.4972407718367162, -0.048716264643059226, 0.5985727907135794, 0.390223571165778, -0.271902449653338, -0.2849245019061073, 0.04937569574698952, 0.00013129467542705164, -0.2533119654621725, -0.3557180697647966, 0.798870631735707, -0.8324830546998956, 0.8439958351173755, -0.9187397350025805, 0.563059630385752, 0.05821106735539083, -0.21120254294336682, -0.7179996565612352, -0.5653048494746293, -0.47659202610813356, -0.9316382334479214, -0.4747920966332111, 0.06490700151925122, 0.6487061522363888, -0.9596799262062479, -0.2277334565769462, -0.8758056168119221, -0.2359666460712273, -0.13359898742571152, -0.13080169430220323, 0.08428936017283384, 0.8253388939645132, -0.6965997212368267, -0.6963781674865615, 0.02473680365443065, 0.19611849099502732, -0.43898105187074243, -0.04890411883033008, 0.19530757474342741, -0.11560494109505326, 0.04605090442810633, -0.1040775993487304, 0.12216498374420026, -0.33580997459370154, -0.8315972971253576, -0.08881736097504711, 0.6852975060491469, -0.5841925694812078, 0.26090434057976286, 0.5426010776182146, -0.03298548485082353]
1016.0982055664062	(8, 12, 2)	[-0.1752922580043108, 0.4111986654978512, -0.38209029687470797, -0.17251735809993418, -0.1060842352893403, -0.7038036123334153, 0.056170549374731094, 0.8026773934116433, 0.44534870551700423, -0.45891881267857193, -0.4537232710383865, -0.11206153349189152, -0.43196676224657904, 0.3444783362852033, 0.4214157885805785, -0.7641736841499185, 0.2047594483884665, 0.254141478570574, -0.5649635877583197, -0.6717103264837918, 0.09371628273267762, -0.21961205516090554, 0.37951012750982627, 0.04540069912711542, -0.23690713552326148, 0.7797437592771082, 0.6392440133473984, -0.21729567766458313, 0.5181500995129573, 0.5777044671572296, 0.09811571407431163, 0.3945728829137869, 0.016974157263481393, -0.9949946099803593, -0.7019308500247645, -0.48419638386115205, -0.7529921809126014, -0.8970064705276912, 0.5535136164029466, -0.297439875095296, -0.4596719563280496, -0.4875287041967884, 0.9046710823741029, -0.7899364769644719, 0.5131026732141242, -0.1331622299639812, 0.44796581351423526, -0.33043747118113953, 0.6993143055674307, -0.787616790694547, -0.652874762130033, -0.15184841838092722, -0.3752843148643614, -0.5045512261838403, -0.07711972815694845, -0.9387173129665121, -0.1023047563771089, -0.25334569410857743, -0.9027355214080821, 0.9715838646526973, 0.7689954721729533, -0.6944269657009519, -0.7051038179249733, 0.4728152391615405, 0.39165646235245477, 0.5742573339249188, 0.36313687032686426, 0.6991340894009819, 0.4064136526675892, -0.4972407718367162, -0.048716264643059226, -0.4659209158547677, -0.2609316366134562, -0.11340219100242299, -0.2849245019061073, -0.14988286820770624, 0.767518343223162, -0.01990828201343775, 0.019421578749600155, -0.06735170396541812, 0.7902623286965986, 0.4168774393646024, -0.7665635218342939, 0.8202944042461497, 0.8935122078883839, 0.8510162165970769, 0.030132633927212993, -0.06173197265322394, 0.4286833206705496, -0.7398524032635487, -0.4747920966332111, -0.049686000011117004, -0.5304170919841618, -0.46322612858325485, -0.44032252108779124, -0.8758056168119221, 0.6282981647219386, 0.6117018301390842, -0.8651797371481937, -0.6477447236264933, -0.20545253872124647, -0.6487746204855891, 0.0434255968212911, 0.9100575633689254, -0.0010279267781945212, 0.023166193516332534, 0.7843584030052444, 0.5622605732609887, -0.10832879899822778, -0.6525076968053036, 0.300571939008764, 0.528230790666409, 0.6565002291747546, 0.2113930059183815, -0.15048378385195504, 0.025837808895866593, -0.4338738616163016, 0.26090434057976286, -0.6720286653414296, 0.5145377929813779]
-23.61457061767578	(8, 12, 2)	[0.4281624191339757, -0.8363220017667607, -0.8983222803312938, 0.21480025292568983, 0.07433150501201369, -0.2998159394276687, -0.6524313036617448, -0.9657348117493683, -0.7418522153970906, 0.5247733507546615, -0.4537232710383865, 0.4010577321299811, -0.43196676224657904, 0.3444783362852033, -0.6067995214393325, -0.12867616367196533, 0.2993471841686932, 0.31121523407206797, 0.9064693899715528, 0.7374388993983227, -0.7862730470313972, 0.08247325234568437, 0.3007076889830582, -0.45582806930177777, 0.6412467195294973, -0.23507524261869017, -0.34912745718068905, 0.5995880957114392, 0.5181500995129573, 0.7189394518106857, -0.9994320080697732, 0.6802984129375309, -0.9274028522990854, 0.2032769284512861, -0.6487470895220151, 0.10943077023153203, -0.34885043523140635, -0.8256501453367182, -0.26825243596770987, -0.4943922401771912, -0.904613252653953, 0.39462575223828655, -0.8951094038242489, 0.29301694470597384, 0.4907488789278087, -0.43925926020358586, -0.4706925726641409, -0.6112719385544443, 0.11901721097407258, 0.09981209314028394, 0.44965110829879706, 0.5684228842856713, -0.3752843148643614, -0.6111677677188332, 0.2999860831364711, -0.0036822834834184803, 0.18495392979111225, 0.1342859867125199, -0.46403486469440214, 0.9837331089616963, 0.0014682631296940585, 0.6253856744934645, -0.30876885642461205, 0.4728152391615405, -0.9605093575895542, 0.4434824564855748, -0.2414719971867607, 0.9228469211099772, 0.5776236794293612, -0.7228071250391344, 0.9968466869268258, 0.4792950237691205, 0.7280264047117433, -0.11340219100242299, 0.8994948316593951, -0.14988286820770624, -0.5480189655196328, -0.8362343354657837, -0.7619068205105524, -0.3896447923054962, 0.29033207298934544, 0.6749803257820968, 0.8630329597807023, 0.8202944042461497, 0.8981184769984067, 0.6562600428083796, 0.5128291891517425, 0.5991298808306049, 0.4542255739718941, 0.1407212735914738, -0.6944447775230498, -0.5034498299911141, -0.0397617837319546, 0.5351439955833648, 0.08587645148156553, -0.8749546455133888, 0.733729065159402, -0.24813373084613508, -0.2202806579284371, -0.6477447236264933, 0.5005267425243407, -0.06434244326842875, -0.779008164301427, -0.5930084202207382, 0.33642264194036775, -0.7082729196242803, 0.6543599272401734, -0.6278146863283989, -0.44164533589591604, 0.36745872107811, 0.5439337515062805, -0.9078716988887614, 0.8039608341015914, -0.10042887690549085, -0.36235467184548575, 0.025837808895866593, -0.12951345177970763, -0.8854989515577922, -0.5105031781948202, 0.5145377929813779]
-104.19493103027344	(8, 12, 2)	[0.8301506667403795, 0.4111986654978512, 0.3500865444624166, -0.24320575946687706, 0.21865524561270555, 0.0043235442734033125, -0.07711177359855381, 0.09771058450288206, -0.6850592496928354, -0.20808904021638064, -0.5873831438308874, 0.4010577321299811, -0.6663137146190834, 0.3444783362852033, -0.5952797092016409, -0.8018958340469406, -0.9280106908060282, 0.2777791321738171, 0.844403868889293, -0.4761041008289286, 0.7019091967709608, 0.9619010582298779, 0.37951012750982627, 0.04540069912711542, -0.3342322001609397, 0.18654742708431815, 0.6392440133473984, 0.371490337807046, 0.5181500995129573, 0.47924822261142924, -0.5405016620758492, -0.018398949686322608, 0.05624211799516776, -0.7825152418450041, 0.14289024318882015, 0.9265512539306071, 0.036347564304789026, -0.4903999864179509, 0.5535136164029466, 0.8062414754951812, -0.904613252653953, 0.8413499550748527, 0.9046710823741029, -0.07090129482480931, -0.8518680334442787, 0.29619723937611386, 0.27294448120722126, -0.2865634827587076, -0.28041785487320126, -0.787616790694547, -0.431173103848312, -0.2782267369860793, 0.7755095609891554, 0.20245835219299035, -0.07711972815694845, 0.7459584048896339, 0.9749620871893676, -0.349969939154394, 0.4379757639242394, 0.9404773114952917, 0.7689954721729533, -0.847100447844559, 0.0037081633937610103, -0.5605719910556954, -0.5810272449208096, -0.040948024803065364, 0.5046634669828383, 0.16253647509515168, 0.4064136526675892, -0.4972407718367162, 0.7444113803752062, 0.4792950237691205, -0.2609316366134562, -0.5693139472030253, -0.4472087824937634, 0.4714645974239924, 0.7231128989853124, 0.3726628678919599, 0.8316875690932506, 0.4586314965486509, -0.6429442467032274, 0.4168774393646024, 0.011027517960389144, -0.21522779293579308, 0.8935122078883839, 0.7249208489771468, 0.030132633927212993, 0.5284524067196135, 0.6620989708305631, -0.006840676594588313, -0.4747920966332111, 0.06490700151925122, -0.1676850004360919, -0.46322612858325485, -0.44032252108779124, -0.6590013024977199, -0.7837342224617494, 0.12195073126281342, -0.8651797371481937, -0.39942247288586374, -0.20545253872124647, -0.6487746204855891, -0.8747516846667285, 0.9517464141820489, -0.9359683409087396, 0.5455858865340533, 0.6543599272401734, 0.5780078033618181, -0.447123229791184, -0.6148954013134238, 0.300571939008764, 0.0009505074760288029, -0.7577895583997774, -0.5126283403462772, -0.08881736097504711, 0.3635160881533488, -0.4338738616163016, 0.8188536639682573, -0.4274350425499889, 0.16164091739574737]
1019.8802490234375	(8, 12, 2)	[0.6250205216783751, -0.11577522821429853, -0.6676089602441351, -0.8194027192127504, 0.7000991627048665, 0.027017671916245378, 0.7311048183038265, 0.6375436904352643, 0.15624601878916344, 0.8659045885328003, -0.5589105667378915, -0.11206153349189152, -0.44215133659651906, 0.9423763051601687, -0.4520693935797231, -0.21589487856430334, -0.9760229217871532, 0.8994603710444254, 0.844403868889293, 0.605940080948979, -0.19991639297796793, 0.8485962876962003, 0.46776944645587837, 0.03532395273466483, 0.40277243924060047, 0.18654742708431815, 0.6392440133473984, 0.687483344971618, 0.2013914913635093, 0.4623110607953229, 0.8533653085336086, 0.1951049870507615, 0.33649790176239125, -0.6471495480206264, 0.2844372803207085, -0.43457915390164015, 0.38547335986811504, -0.8970064705276912, 0.6194756729959223, -0.23436956687635635, -0.7502022200757439, 0.7058311926849112, 0.5467880772173606, -0.8077778893445875, -0.25097299744600926, 0.29619723937611386, -0.4706925726641409, -0.4139874876640335, -0.28041785487320126, -0.9338077226276531, -0.8865775741385447, -0.1556653434155153, 0.11692829998489396, 0.9287205825099019, -0.18748441664273563, -0.3627629276858073, 0.27621135387944085, -0.25334569410857743, 0.7443784617357205, 0.7081443720330891, -0.8422072535997929, -0.6443113830131746, -0.472643348672948, 0.8211189077572472, 0.39165646235245477, -0.8363007155882161, 0.27654261101753774, 0.7862685046629643, -0.7465395314297492, -0.30357457528214593, 0.6005263829894274, -0.0742921048751013, -1.0, -0.9337499410162609, -0.2849245019061073, 0.8329323321934465, 0.889618479860576, 0.2953626068592856, 0.8316875690932506, -0.7200770367388276, 0.7902623286965986, -0.9178488806744582, -0.758689338243888, -0.408813328370546, 0.05821106735539083, -0.21120254294336682, 0.6714418433457333, 0.27848113730562973, -0.5835131363675983, -0.7398524032635487, -0.4747920966332111, -0.8356949148362494, -0.4912073943918022, -0.9596799262062479, 0.4839186833527319, -0.8758056168119221, 0.6282981647219386, -0.2253033537642557, 0.07219367205844951, -0.6477447236264933, 0.20884638664858995, -0.5881240574167055, 0.0434255968212911, 0.02473680365443065, 0.19611849099502732, 0.5042038918424318, -0.3539684228293294, -0.6278146863283989, 0.23514812585940104, -0.6148954013134238, -0.1040775993487304, -0.7443604912105843, -0.33580997459370154, -0.05059988847893426, -0.08881736097504711, -0.7090454252752629, 0.8815688075758146, 0.05224983100728209, 0.5489455893573896, 0.16164091739574737]
1019.9531860351562	(8, 12, 2)	[-0.7838396985913303, 0.4111986654978512, 0.0382424546489768, -0.6193290305462846, -0.1060842352893403, 0.0043235442734033125, 0.056170549374731094, 0.09771058450288206, 0.44534870551700423, -0.8683211204924814, 0.8721140537326495, -0.11206153349189152, -0.6663137146190834, 0.3444783362852033, -0.6070905418107145, -0.4895304858003384, -0.9280106908060282, 0.31121523407206797, 0.844403868889293, -0.4761041008289286, 0.09371628273267762, 0.9619010582298779, 0.37951012750982627, -0.08969387159312814, 0.870034241679569, 0.777076263324936, 0.6392440133473984, -0.21729567766458313, 0.5181500995129573, 0.1960613910177349, -0.3849954967074054, 0.4476467552776504, 0.016974157263481393, -0.7825152418450041, 0.5453406772964912, 0.9265512539306071, -0.05579545891753113, -0.9277713646456789, 0.6194756729959223, 0.8062414754951812, -0.7502022200757439, 0.9886210376203686, 0.06551699129203192, -0.7899364769644719, -0.8518680334442787, 0.29619723937611386, 0.7606887114624019, -0.2865634827587076, -0.48125269156864414, -0.787616790694547, 0.26908258596781875, 0.1310559319598419, 0.6244941074533921, 0.49600680071301584, -0.041467719240707135, -0.9387173129665121, 0.18495392979111225, -0.349969939154394, 0.7443784617357205, -0.11142871809786703, 0.5829261508464056, -0.20981042370833292, 0.0037081633937610103, 0.05841846737484491, 0.39165646235245477, -0.5602629697201043, 0.5046634669828383, 0.6991340894009819, 0.5776236794293612, -0.4972407718367162, 0.6005263829894274, 0.4792950237691205, -0.35022726296654505, 0.9125027319579155, -0.4472087824937634, -0.14988286820770624, -0.638073974549269, -0.020634584520967003, 0.019421578749600155, 0.4586314965486509, -0.982501684236764, -0.08064594834600292, 0.011027517960389144, 0.2774066651055338, 0.8935122078883839, 0.6562600428083796, 0.030132633927212993, -0.5653048494746293, 0.6620989708305631, -0.006840676594588313, -0.4747920966332111, 0.06490700151925122, -0.1676850004360919, -0.46322612858325485, 0.5526287015431466, 0.17195429496922782, 0.6282981647219386, 0.6117018301390842, 0.033836523584114486, 0.906542426190915, -0.20545253872124647, -0.6487746204855891, 0.29332091220449974, 0.9517464141820489, -0.9359683409087396, 0.5969362676814887, 0.6543599272401734, 0.5780078033618181, -0.447123229791184, -0.6148954013134238, 0.300571939008764, -0.8621800441596397, 0.6565002291747546, 0.28023336113477826, -0.15048378385195504, -0.7834322864835443, 0.6081557769251338, 0.26090434057976286, -0.0771315991491941, 0.5145377929813779]
1019.9486083984375	(8, 12, 2)	[0.05693080191889166, -0.11577522821429853, 0.8871414709796135, 0.48402991052907307, 0.7000991627048665, 0.0043235442734033125, 0.7311048183038265, 0.7677866018313217, 0.15624601878916344, 0.8659045885328003, -0.4076121419031753, 0.8742004748166754, -0.5934378491059846, 1.0, -0.4520693935797231, -0.7641736841499185, 0.06427262495015018, -0.23442047302256364, 0.844403868889293, 0.605940080948979, -0.19991639297796793, 0.28991491631832367, 0.37951012750982627, 0.04540069912711542, 0.870034241679569, 0.5074730768808149, 0.6392440133473984, -0.21729567766458313, 0.5972199122772222, 0.42874964541271043, -0.788483546272335, 0.9325391964280478, 0.016974157263481393, -0.6471495480206264, 0.14289024318882015, 0.041315210882634235, -0.9562980304040747, -0.8970064705276912, 0.1478613257991226, -0.23436956687635635, -0.7502022200757439, -0.4875287041967884, 0.9046710823741029, -0.47724450891275383, -0.9926150420982247, 0.1963289652405109, 0.43696652641544476, -0.21233057646797368, -0.7558935868789942, -0.8006872800638727, -0.8865775741385447, -0.1556653434155153, 0.11692829998489396, -0.7858874900571091, -0.6657844191202649, -0.9727855124182836, 0.27621135387944085, 0.1342859867125199, -0.4181124843742059, -0.08477506903037647, 0.11803799427942252, -0.8967522230942817, -0.472643348672948, 0.4728152391615405, 0.39165646235245477, 0.22902745428529525, 0.6168722562520199, 0.6991340894009819, -0.7465395314297492, -0.4972407718367162, 0.6005263829894274, -0.0742921048751013, -1.0, -0.11340219100242299, -0.2849245019061073, -0.3073641813585939, -0.638073974549269, 0.41965673679743665, 0.828160719187675, -0.7200770367388276, 0.7902623286965986, -0.34045357716563873, -0.9187397350025805, -0.408813328370546, 0.7842829675957292, -0.5195996406053252, 0.9799868829685865, 0.27848113730562973, -0.5417418910245398, -0.7398524032635487, -0.4747920966332111, -0.049686000011117004, 0.6487061522363888, -0.46322612858325485, 0.4268730323452896, 0.8653318763080287, 0.2213560022164034, 0.6117018301390842, -0.8289848596585905, 0.06758478619832342, -0.20545253872124647, -0.6965997212368267, -0.6963781674865615, 0.02473680365443065, -0.39384157545492005, 0.5455858865340533, -0.3539684228293294, 0.5780078033618181, -0.10832879899822778, 0.04605090442810633, 0.7336635120122628, 0.32896228006529427, -0.33580997459370154, 0.2113930059183815, -0.08881736097504711, -0.7090454252752629, -0.5841925694812078, 0.26090434057976286, 0.4080508507594247, -0.03298548485082353]
1019.960205078125	(8, 12, 2)	[-0.7838396985913303, 0.4111986654978512, 0.8871414709796135, -0.17251735809993418, 0.19955229322620638, -0.7014591732352966, 0.7311048183038265, 0.7677866018313217, -0.6159842466100984, 0.7818027074612006, -0.5589105667378915, 0.6539892811615668, -0.43196676224657904, 0.3444783362852033, -0.4520693935797231, -0.4895304858003384, -0.47839944346690433, 0.31121523407206797, -0.6473582672999176, -0.6717103264837918, -0.5437002323538225, 0.9619010582298779, 0.37951012750982627, 0.5198418231900142, -0.3342322001609397, 0.5074730768808149, -0.7172392003703436, 0.687483344971618, -0.7186289933873813, 0.5231966926877389, -0.018236136471606823, 0.3945728829137869, 0.33649790176239125, -0.03837377390185104, -0.7019308500247645, -0.43457915390164015, -0.9562980304040747, -0.8970064705276912, 0.6194756729959223, 0.0779330775982221, -0.904613252653953, 0.7058311926849112, 0.5467880772173606, 0.16096979247144327, 0.7515216801456337, -0.1331622299639812, 0.14735315100651603, 0.7101336175055382, -0.48125269156864414, 0.09981209314028394, -0.431173103848312, -0.1556653434155153, 0.276277718152927, -0.7858874900571091, -0.511415075883709, -0.2683402474460743, -0.1023047563771089, -0.25334569410857743, 0.7443784617357205, 0.6239705769103874, 0.5829261508464056, -0.6944269657009519, -0.472643348672948, 0.4728152391615405, 0.5010530132465729, -0.8363007155882161, 0.061093444306143496, 0.6991340894009819, 0.4064136526675892, -0.4972407718367162, -0.048716264643059226, -0.14832362648396358, 0.390223571165778, -0.11340219100242299, -0.2849245019061073, 0.18180390643732092, 0.7231128989853124, -0.8396620155083021, 0.8316875690932506, -0.7200770367388276, 0.7902623286965986, 0.4168774393646024, -0.8695200991082341, 0.563059630385752, 0.8935122078883839, -0.21120254294336682, 0.030132633927212993, -0.06173197265322394, 0.4286833206705496, -0.006840676594588313, 0.5466525367884083, 0.4143776833566526, -0.4971775736910158, 0.24419717750319858, -0.2277334565769462, 0.5495914387082974, 0.6282981647219386, 0.6117018301390842, 0.033836523584114486, 0.9025618475260029, -0.20545253872124647, 0.002360607415088589, -0.9163064343748322, -0.3216715357933717, -0.39384157545492005, 0.26249234129354204, 0.42355809463659494, -0.9201691243789571, -0.10832879899822778, -0.6225210667215326, -0.5008946496009337, 0.528230790666409, 0.5158426005516414, -0.3921984256808204, -0.08881736097504711, -0.7837288643054908, -0.5841925694812078, 0.26090434057976286, 0.23027689287287223, 0.16164091739574737]
1019.7335205078125	(8, 12, 2)	[-0.710899904355812, 0.2828265359200663, 0.4238319395610848, -0.8194027192127504, 0.7000991627048665, -0.6587031080171849, 0.7311048183038265, 0.8026773934116433, 0.44534870551700423, 0.7818027074612006, -0.5589105667378915, 0.6539892811615668, -0.4222231128304672, 0.4618570527900867, -0.4520693935797231, -0.21589487856430334, 0.06427262495015018, -0.15578344810611178, 0.8477421112389651, 0.5853453160666757, 0.31891115622480304, -0.17333722160541987, 0.37951012750982627, 0.03532395273466483, -0.6489129157130848, 0.5074730768808149, 0.6392440133473984, 0.687483344971618, 0.5972199122772222, -0.2882386061313458, 0.6880123317240292, 0.00030970456435763793, 0.33649790176239125, 0.9385530122629073, 0.14289024318882015, 0.041315210882634235, -0.05579545891753113, -0.8970064705276912, -0.2941883512693544, 0.7520776518014745, 0.3555695735038922, 0.10451187567715792, 0.5467880772173606, -0.7899364769644719, 0.08337400004133633, 0.7394865771158916, -0.4706925726641409, -0.33043747118113953, -0.8440151823604674, 0.2431804930118293, 0.7971016835684941, -0.1556653434155153, 0.6244941074533921, -0.19724535352798078, -0.6231661404396436, 0.5811318959965085, 0.9749620871893676, -0.25334569410857743, 0.35014436497733414, 0.6239705769103874, -0.8422072535997929, -0.20981042370833292, 0.1447359114311384, -0.14870072839071025, 0.5092856577989453, -0.9528403363624565, 0.6168722562520199, 0.6991340894009819, 0.8252075333911191, -0.4972407718367162, -0.6520674892802487, -0.0742921048751013, -0.2609316366134562, -0.271902449653338, -0.2849245019061073, 0.8329323321934465, 0.8397352384218608, 0.6677225202723217, -0.5578184226808789, 0.798870631735707, 0.7902623286965986, 0.8439958351173755, -0.758689338243888, -0.21522779293579308, 0.7842829675957292, 0.31425323856425025, 0.9799868829685865, 0.5284524067196135, 0.957010000065351, -0.7398524032635487, -0.4747920966332111, -0.8356949148362494, -0.4912073943918022, -0.9596799262062479, 0.4839186833527319, -0.8758056168119221, -0.9742835607468865, -0.2009592893829537, -0.7066653055696246, -0.23412235016545724, 0.20884638664858995, -0.5881240574167055, 0.0434255968212911, -0.3216715357933717, 0.10600463678381367, 0.5969362676814887, 0.6179434742004204, 0.5780078033618181, -0.11560494109505326, -0.6148954013134238, -0.4530573072558368, -0.8621800441596397, -0.8402217307236242, 0.03898140640656078, 0.9184761003968485, 0.6852975060491469, 0.955273556805857, -0.10186889662631815, 0.5426010776182146, 0.33795809970999224]
1019.9165649414062	(8, 12, 2)	[0.4281624191339757, 0.4111986654978512, 0.8871414709796135, -0.5449196091987945, 0.7000991627048665, 0.027017671916245378, 0.7311048183038265, 0.8026773934116433, -0.25196642590956514, 0.6281484484320137, -0.5589105667378915, 0.8742004748166754, 0.1844402379654766, 0.9810489872054236, -0.4520693935797231, 0.7551016085056528, -0.9200532947972648, 0.5114587180487928, 0.9064693899715528, 0.605940080948979, -0.7574593780972556, 0.9619010582298779, 0.3007076889830582, 0.04540069912711542, -0.39910220702286536, 0.7797437592771082, 0.6392440133473984, 0.687483344971618, 0.5181500995129573, -0.2882386061313458, -0.3849954967074054, -0.5911561425890133, 0.6010905718400923, -0.8529706587684875, 0.5776915299080256, 0.041315210882634235, -0.9562980304040747, -0.8970064705276912, 0.6194756729959223, 0.0779330775982221, -0.7502022200757439, 0.39462575223828655, -0.8951094038242489, -0.18363020441900701, 0.7515216801456337, -0.1331622299639812, 0.7606887114624019, -0.6112719385544443, -0.6739976459896653, -0.8006872800638727, -0.8865775741385447, -0.1556653434155153, 0.6244941074533921, 0.7917453199667788, -0.18748441664273563, 0.8079725597860943, 0.27621135387944085, -0.349969939154394, 0.4379757639242394, 0.6254051768614688, -0.7328721445254529, 0.5321196638759769, 0.1447359114311384, 0.11811671540277868, 0.2075872711463298, -0.001465910007176885, 0.6168722562520199, -0.5554864904918333, -0.7465395314297492, -0.4972407718367162, 0.7444113803752062, 0.5985727907135794, -1.0, -0.271902449653338, -0.2849245019061073, -0.14988286820770624, 0.767518343223162, 0.31719818132676303, -0.3557180697647966, 0.06561075598188913, -0.8324830546998956, -0.9178488806744582, -0.7665635218342939, -0.408813328370546, 0.8935122078883839, -0.21120254294336682, -0.30230099213969996, -0.06173197265322394, -0.47659202610813356, -0.9316382334479214, 0.5466525367884083, -0.3694764161336872, -0.4971775736910158, -0.46322612858325485, 0.8363145377955588, -0.8758056168119221, -0.9742835607468865, 0.8077279602762906, 0.07219367205844951, -0.6477447236264933, -0.20545253872124647, 0.19043362682022003, -0.779008164301427, 0.02473680365443065, 0.19611849099502732, 0.5042038918424318, -0.3539684228293294, 0.5780078033618181, 0.23514812585940104, 0.04605090442810633, 0.7336635120122628, -0.7443604912105843, 0.5158426005516414, 0.03898140640656078, -0.08881736097504711, 0.6852975060491469, -0.5841925694812078, 0.26090434057976286, -0.5105031781948202, -0.5835474657807758]
1019.8518676757812	(8, 12, 2)	[0.6250205216783751, 0.4111986654978512, -0.3580617261034569, -0.5449196091987945, 0.7000991627048665, -0.2998159394276687, 0.7311048183038265, 0.8026773934116433, -0.25196642590956514, 0.6281484484320137, -0.5589105667378915, 0.8742004748166754, -0.44215133659651906, 0.9810489872054236, -0.4520693935797231, 0.7551016085056528, -0.9200532947972648, 0.5114587180487928, 0.844403868889293, 0.7374388993983227, -0.19991639297796793, 0.9619010582298779, 0.37951012750982627, 0.04540069912711542, -0.6489129157130848, 0.7797437592771082, 0.6392440133473984, 0.5995880957114392, 0.5181500995129573, -0.2882386061313458, 0.6880123317240292, 0.3945728829137869, 0.9140979640024585, -0.8529706587684875, 0.2844372803207085, 0.041315210882634235, -0.9562980304040747, -0.8970064705276912, -0.9223964080309865, 0.0779330775982221, 0.993678467001009, 0.39462575223828655, -0.8951094038242489, 0.16096979247144327, 0.495420352477404, -0.1331622299639812, 0.7606887114624019, -0.33043747118113953, -0.6739976459896653, 0.2431804930118293, 0.8108755153059539, -0.1556653434155153, 0.6244941074533921, 0.7917453199667788, -0.041467719240707135, 0.6313727754470111, 0.27621135387944085, -0.349969939154394, 0.6255068252856548, 0.6254051768614688, -0.8422072535997929, 0.6253856744934645, -0.30876885642461205, 0.05841846737484491, 0.39165646235245477, -0.001465910007176885, 0.6168722562520199, -0.5554864904918333, -0.7465395314297492, -0.4972407718367162, 0.9389005388067038, -0.0742921048751013, -1.0, -0.271902449653338, -0.2849245019061073, -0.14988286820770624, 0.767518343223162, 0.9829844216527777, -0.3557180697647966, 0.765374735458336, -0.8324830546998956, -0.08064594834600292, -0.7665635218342939, -0.408813328370546, 0.8935122078883839, 0.7249208489771468, -0.7594382488370806, -0.8829319459822846, -0.47659202610813356, -0.9316382334479214, -0.4747920966332111, -0.8356949148362494, -0.4971775736910158, -0.46322612858325485, 0.8363145377955588, -0.8758056168119221, 0.6282981647219386, -0.2253033537642557, 0.07219367205844951, -0.6477447236264933, -0.20545253872124647, 0.19043362682022003, -0.779008164301427, 0.02473680365443065, 0.8838119296370568, 0.5042038918424318, -0.3539684228293294, 0.5780078033618181, 0.2767288789791818, 0.6299131495252022, 0.7336635120122628, -0.5028924098420142, -0.33580997459370154, -0.979664750654109, -0.08881736097504711, -0.7090454252752629, -0.5841925694812078, 0.26090434057976286, 0.4080508507594247, -0.5835474657807758]
1019.7955322265625	(8, 12, 2)	[0.6250205216783751, 0.48782135211376626, 0.0382424546489768, -0.24320575946687706, 0.36295685173840786, 0.027017671916245378, 0.7311048183038265, 0.8026773934116433, 0.44534870551700423, 0.6281484484320137, -0.03827361830908749, 0.8742004748166754, -0.44215133659651906, 1.0, -0.4520693935797231, -0.4895304858003384, -0.9200532947972648, 0.5114587180487928, 0.844403868889293, -0.6717103264837918, -0.19991639297796793, -0.17333722160541987, 1.0, 0.04540069912711542, -0.6489129157130848, 0.18654742708431815, 0.6392440133473984, 0.687483344971618, -0.7186289933873813, -0.10719682539603159, -0.018236136471606823, 0.17760890647354688, -0.6018543846424491, 0.4522548324194058, -0.5133281779168404, 0.35756434750621624, -0.4812549742092711, -0.8970064705276912, -0.9223964080309865, -0.3787830956533421, 0.993678467001009, 0.7058311926849112, 0.8446180903801828, 0.16096979247144327, -1.0, 0.1963289652405109, 0.43696652641544476, 0.5831569148360201, -0.3734516649227299, -0.8006872800638727, -0.431173103848312, -0.4834022667384068, 0.6244941074533921, 0.49600680071301584, -0.6657844191202649, -0.5647350623249299, -0.3719100761672405, -0.25334569410857743, 0.7443784617357205, 0.7081443720330891, 0.7689954721729533, -0.1325374593673024, 0.1447359114311384, 0.11811671540277868, 0.5092856577989453, 0.5344332023522147, 0.0187263706722971, -0.5893528193855864, -0.717020565980869, 0.48686097878365886, -0.048716264643059226, 0.5985727907135794, -1.0, -0.6899220506714785, -0.4472087824937634, -0.7753358964945478, 0.767518343223162, 0.555312498854827, 0.8316875690932506, 0.08524915600484792, -0.982501684236764, 0.4168774393646024, -0.8695200991082341, -0.19629894177850502, 0.05821106735539083, 0.7249208489771468, -0.7594382488370806, -0.5653048494746293, -0.47659202610813356, -0.9316382334479214, -0.4747920966332111, 0.9412430005139152, -0.5309842279858636, -0.9596799262062479, 0.4839186833527319, 0.8653318763080287, -0.03753590832460274, -0.2253033537642557, -0.7066653055696246, 0.8702269893114792, 0.20884638664858995, -0.6487746204855891, -0.33340387567316826, 0.02473680365443065, 0.2370157080928465, -0.7181333685193869, -0.04890411883033008, 0.5459759967448119, -0.4715772350828735, 0.6299131495252022, 0.01714085690343814, 0.32896228006529427, 0.7411810542946351, -0.3921984256808204, 0.9184761003968485, -0.7090454252752629, 0.955273556805857, 0.26090434057976286, 0.5489455893573896, -0.8868833710109556]
1019.9629516601562	(8, 12, 2)	[0.6250205216783751, -0.11577522821429853, 0.0382424546489768, -0.24320575946687706, 0.36295685173840786, 0.027017671916245378, 0.8079006234956534, 0.8097175321068664, -0.6159842466100984, 0.7818027074612006, -0.03827361830908749, 0.6539892811615668, -0.7178507002030057, 1.0, -0.4520693935797231, -0.4895304858003384, -0.47839944346690433, -0.15578344810611178, 0.844403868889293, -0.6717103264837918, -0.19991639297796793, 0.28991491631832367, 1.0, -0.009819702964602398, -0.3342322001609397, 0.7797437592771082, 0.6392440133473984, 0.687483344971618, -0.7186289933873813, 0.42874964541271043, -0.9485430044823611, 0.17760890647354688, -0.6018543846424491, -0.03837377390185104, -0.5133281779168404, 0.35756434750621624, 0.38547335986811504, -0.903805958361198, 0.6194756729959223, 0.7520776518014745, 0.993678467001009, 0.7058311926849112, 0.8446180903801828, 0.16096979247144327, -1.0, 0.1963289652405109, 0.43696652641544476, 0.7101336175055382, -0.3734516649227299, -0.8006872800638727, -0.431173103848312, -0.15184841838092722, 1.0, 0.49600680071301584, -0.6657844191202649, -0.3627629276858073, -0.3719100761672405, -0.25334569410857743, 0.7443784617357205, 0.7081443720330891, -0.6486252588981966, -0.6443113830131746, -0.30876885642461205, -0.07689450477355556, 0.39165646235245477, 0.5742573339249188, 0.0187263706722971, -0.2000872843910948, -0.717020565980869, 0.48686097878365886, 0.6497731492340193, 0.5985727907135794, -1.0, -0.6899220506714785, -0.2849245019061073, -0.14988286820770624, 0.8397352384218608, 0.555312498854827, -0.5578184226808789, 0.4586314965486509, -0.982501684236764, 0.4168774393646024, -0.8695200991082341, -0.19629894177850502, 0.05821106735539083, 0.7249208489771468, -0.7594382488370806, -0.06173197265322394, 0.957010000065351, -0.9316382334479214, -0.5798597288900853, 0.9412430005139152, 0.6487061522363888, -0.3867562148210111, 0.4839186833527319, 0.8653318763080287, -0.03753590832460274, -0.2253033537642557, 0.07219367205844951, 0.8702269893114792, 0.5334176026063364, -0.6487746204855891, -0.33340387567316826, -0.8230165216290928, 0.9040319160487126, -0.7181333685193869, -0.04890411883033008, 0.5459759967448119, -0.4715772350828735, -0.6843765324475116, 0.4400908806760111, -0.5028924098420142, 0.5158426005516414, -0.3921984256808204, 0.9184761003968485, 0.5789259260245836, 0.955273556805857, 0.26090434057976286, 0.5489455893573896, -0.8868833710109556]
1019.7589721679688	(8, 12, 2)	[0.6250205216783751, 0.48782135211376626, 0.47897390995211797, -0.8194027192127504, -0.1060842352893403, -0.6319591543706271, 0.5360382494116587, 0.21664061049382233, -0.7286014083480842, 0.6281484484320137, -0.4537232710383865, 0.8742004748166754, -0.44215133659651906, -0.3945411248755577, -0.7141157973881878, 0.165874449685399, -0.47839944346690433, -0.15578344810611178, 0.844403868889293, 0.7374388993983227, -0.19991639297796793, -0.17651719657658682, -0.4099561712387194, 0.04540069912711542, -0.6489129157130848, 0.5074730768808149, 0.6392440133473984, 0.173243665041922, 0.5181500995129573, -0.2882386061313458, -0.3849954967074054, 0.8162767022618884, 0.33649790176239125, 0.38794904872709624, -0.7019308500247645, 0.041315210882634235, 0.38547335986811504, -0.8970064705276912, 0.5535136164029466, 0.4186379999060199, 0.3555695735038922, 0.8413499550748527, 0.5467880772173606, -0.07090129482480931, -0.928100986547075, -0.1331622299639812, 0.7606887114624019, -0.6112719385544443, -0.28041785487320126, 0.2431804930118293, 0.70400833017141, -0.15184841838092722, 0.6244941074533921, -0.5045512261838403, -0.6657844191202649, 0.5811318959965085, 0.9749620871893676, -0.25334569410857743, -0.4181124843742059, -0.08477506903037647, 0.7689954721729533, 0.19442681019297198, -0.26022866039708603, 0.11811671540277868, 0.5092856577989453, -0.9528403363624565, -0.2414719971867607, -0.3609511600544981, 0.5512439268828557, -0.8468393834060475, -0.048716264643059226, -0.0742921048751013, 0.3103086079762817, -0.11340219100242299, -0.2849245019061073, 0.8329323321934465, 0.24600901447971135, 0.41965673679743665, 0.17730975740652655, 0.798870631735707, 0.49430393360560076, 0.8439958351173755, -0.8695200991082341, -0.19629894177850502, 0.8935122078883839, -0.21120254294336682, 0.030132633927212993, 0.4057294059618347, 0.7270009457224468, -0.4674046913825265, -0.5798597288900853, 0.4143776833566526, 0.6487061522363888, 0.6154059205192883, 0.5526287015431466, -0.7319346360640882, 0.6282981647219386, 0.12195073126281342, 0.033836523584114486, 0.5999324521269351, 0.5334176026063364, 0.002360607415088589, 0.04773065648118324, 0.9100575633689254, -0.39384157545492005, 0.5969362676814887, 0.6179434742004204, 0.5747497176095847, -0.4715772350828735, -0.6291341486568711, 0.4400908806760111, -0.5028924098420142, -0.33580997459370154, -0.05059988847893426, 0.9184761003968485, 0.9966848383075022, 0.955273556805857, -0.2351928072102185, 0.4080508507594247, 0.16164091739574737]
1019.9342041015625	(8, 12, 2)	[0.6250205216783751, 0.48782135211376626, -0.8633456061878491, 0.48402991052907307, 0.8095900395104436, 0.0043235442734033125, 0.7311048183038265, 0.6375436904352643, -0.36398828611633305, -0.20808904021638064, -0.5589105667378915, 0.8742004748166754, -0.7178507002030057, 1.0, -0.6067995214393325, -0.21589487856430334, -0.47839944346690433, 0.5816033913165479, -0.5055765943564412, 0.7374388993983227, -0.19991639297796793, 0.9619010582298779, 0.37951012750982627, 0.04540069912711542, 0.870034241679569, 0.7797437592771082, 0.09216757180731519, -0.21729567766458313, 0.5181500995129573, 0.26602811896982614, -0.493632273486195, 0.3945728829137869, 0.9140979640024585, -0.7825152418450041, 0.2844372803207085, 0.35756434750621624, 0.38547335986811504, -0.8970064705276912, 0.5535136164029466, -0.3787830956533421, 0.993678467001009, 0.39462575223828655, -0.8951094038242489, -0.07090129482480931, -0.8518680334442787, 0.2066261328736184, 0.27294448120722126, 0.5831569148360201, -0.8440151823604674, -0.787616790694547, -0.431173103848312, -0.2782267369860793, 0.9471701833498873, -0.7858874900571091, -0.07711972815694845, 0.6313727754470111, -0.1023047563771089, 0.6155341189186869, 0.4379757639242394, 0.6254051768614688, 0.7689954721729533, -0.6443113830131746, -0.472643348672948, -0.14870072839071025, -0.5810272449208096, 0.5344332023522147, 0.6168722562520199, 0.16253647509515168, -0.717020565980869, 0.48686097878365886, -0.6520674892802487, -0.0742921048751013, -1.0, -0.5693139472030253, -0.2849245019061073, -0.7753358964945478, 0.8397352384218608, 0.9829844216527777, 0.8316875690932506, 0.1275114272842437, 0.7902623286965986, -0.4489539433828038, -0.8695200991082341, -0.408813328370546, 0.7842829675957292, 0.7249208489771468, 0.9799868829685865, 0.5284524067196135, -0.5835131363675983, -0.9316382334479214, -0.4747920966332111, 0.7164812319871572, -0.4001601522845506, -0.46322612858325485, 0.4839186833527319, 0.8653318763080287, 0.2213560022164034, 0.6117018301390842, -0.7066653055696246, -0.4516924546326043, -0.20545253872124647, -0.6487746204855891, -0.33340387567316826, 0.02473680365443065, 0.16772249226405797, 0.5969362676814887, 0.6543599272401734, 0.5622605732609887, -0.447123229791184, 0.6299131495252022, 0.01714085690343814, -0.5028924098420142, -0.8402217307236242, -0.979664750654109, -0.08881736097504711, 0.6852975060491469, 0.8555109994245026, -0.10186889662631815, 0.506203973435724, 0.16164091739574737]
955.3336791992188	(8, 12, 2)	[0.6250205216783751, 0.3635698484561743, -0.3580617261034569, -0.8194027192127504, 0.7000991627048665, -0.2998159394276687, 0.7311048183038265, 0.7677866018313217, 0.44534870551700423, -0.20808904021638064, -0.48315374823734003, 0.6539892811615668, -0.44215133659651906, 0.21383308685050562, -0.7141157973881878, -0.4895304858003384, -0.9200532947972648, -0.15578344810611178, 0.844403868889293, 0.7374388993983227, -0.19991639297796793, 0.28991491631832367, 0.37951012750982627, 0.14789030900554095, 0.870034241679569, 0.5074730768808149, 0.8259049234499043, 0.687483344971618, 0.2013914913635093, -0.2882386061313458, -0.018236136471606823, 0.3945728829137869, -0.6018543846424491, -0.8529706587684875, -0.5133281779168404, 0.2697744756194813, -0.9562980304040747, -0.8970064705276912, 0.1478613257991226, 0.4186379999060199, 0.993678467001009, 0.10451187567715792, -0.9930085129412449, 0.16096979247144327, 0.5131026732141242, -0.1331622299639812, -0.4706925726641409, 0.5831569148360201, -0.8440151823604674, 0.2431804930118293, 0.44965110829879706, -0.15184841838092722, 0.6244941074533921, 0.7917453199667788, -0.07711972815694845, 0.7459584048896339, 0.7881910916963913, -0.349969939154394, 0.2361872511125751, 0.6254051768614688, 0.6495528063703833, -0.847100447844559, 0.0037081633937610103, 0.06725190744499954, 0.39165646235245477, 0.5742573339249188, 0.6168722562520199, 0.16253647509515168, -0.717020565980869, -0.4972407718367162, 0.9389005388067038, -0.0742921048751013, -1.0, -0.271902449653338, -0.4472087824937634, 0.18180390643732092, 0.767518343223162, 0.9829844216527777, 0.8316875690932506, 0.798870631735707, 0.7902623286965986, -0.08064594834600292, -0.8695200991082341, -0.408813328370546, 0.8935122078883839, 0.31425323856425025, -0.7594382488370806, -0.5653048494746293, -0.47659202610813356, -0.4674046913825265, -0.4747920966332111, -0.8356949148362494, -0.019185712249137232, -0.875970162257175, 0.8363145377955588, -0.8758056168119221, 0.6282981647219386, -0.2253033537642557, 0.07219367205844951, 0.8702269893114792, -0.20545253872124647, 0.19043362682022003, -0.33340387567316826, -0.3216715357933717, 0.8838119296370568, 0.5042038918424318, -0.3539684228293294, 0.5459759967448119, 0.2767288789791818, 0.6299131495252022, 0.7336635120122628, -0.73327649895635, 0.5158426005516414, -0.3921984256808204, -0.08881736097504711, 0.5789259260245836, -0.5841925694812078, 0.26090434057976286, 0.506203973435724, 0.16164091739574737]
1019.9557495117188	(8, 12, 2)	[-0.7838396985913303, 0.2828265359200663, -0.3580617261034569, -0.8194027192127504, -0.1060842352893403, -0.6587031080171849, 0.056170549374731094, 0.6375436904352643, 0.3169399159656997, 0.5091356319374656, -0.013782190878821501, 0.6539892811615668, -0.6663137146190834, 0.3444783362852033, 0.3158790674415102, -0.4895304858003384, -0.9200532947972648, 0.5114587180487928, 0.844403868889293, -0.6717103264837918, -0.7574593780972556, 0.9619010582298779, 0.37951012750982627, 0.04540069912711542, -0.6489129157130848, -0.23507524261869017, 0.8259049234499043, 0.687483344971618, -0.7186289933873813, -0.10719682539603159, -0.9485430044823611, 0.1951049870507615, 0.9140979640024585, -0.34725247456537256, 0.2844372803207085, -0.4315823172483322, -0.08150409648078344, -1.0, 0.6194756729959223, 0.4186379999060199, 0.993678467001009, 0.9886210376203686, -0.8951094038242489, 0.29301694470597384, -0.211882067308383, 0.1963289652405109, -0.4706925726641409, -0.6112719385544443, -0.8440151823604674, -0.787616790694547, 0.8108755153059539, -0.1556653434155153, 0.6244941074533921, 0.7917453199667788, -0.1012035431582265, 0.8079725597860943, 0.9749620871893676, -0.25334569410857743, 0.24618956493798216, 0.6239705769103874, 0.7689954721729533, -0.847100447844559, -0.30876885642461205, 0.05841846737484491, 0.5092856577989453, 0.22902745428529525, 0.9434771880283854, -0.3609511600544981, 0.4064136526675892, -0.4972407718367162, -0.048716264643059226, 0.5985727907135794, -0.06107231462440699, -0.5693139472030253, -0.2849245019061073, -0.7753358964945478, 0.8397352384218608, 0.41965673679743665, -0.3067410279287919, 0.08524915600484792, 0.7902623286965986, 0.4168774393646024, -0.11436985168231861, -0.21522779293579308, 0.05821106735539083, 0.6562600428083796, 0.030132633927212993, -0.5653048494746293, 0.7270009457224468, -0.006840676594588313, -0.5798597288900853, 0.4143776833566526, -0.4971775736910158, -0.3867562148210111, -0.44032252108779124, 0.8653318763080287, 0.2213560022164034, -0.2253033537642557, 0.07219367205844951, -0.23412235016545724, -0.20545253872124647, -0.6487746204855891, -0.33340387567316826, 0.02473680365443065, 0.8838119296370568, 0.281156013011668, 0.6179434742004204, 0.5622605732609887, 0.2767288789791818, -0.6843765324475116, -0.9202206337726198, 0.32896228006529427, 0.7411810542946351, -0.979664750654109, -0.08881736097504711, -0.7090454252752629, 0.955273556805857, 0.26090434057976286, -0.0771315991491941, -0.03298548485082353]
1019.9480590820312	(8, 12, 2)	[0.6481080912619477, -0.11577522821429853, -0.8633456061878491, -0.8194027192127504, 0.36295685173840786, 0.027017671916245378, 0.7311048183038265, 0.7677866018313217, 0.44534870551700423, -0.20808904021638064, -0.4537232710383865, 0.6539892811615668, -0.44215133659651906, 0.3444783362852033, -0.7141157973881878, -0.4895304858003384, -0.47839944346690433, -0.23442047302256364, 0.844403868889293, -0.6717103264837918, -0.19991639297796793, 0.28991491631832367, 0.37951012750982627, -0.08969387159312814, -0.1347208070367646, 0.5074730768808149, 0.6392440133473984, 0.687483344971618, 0.5181500995129573, -0.9626524224491347, -0.018236136471606823, 0.17760890647354688, 0.39755654055536044, -0.43357943104093977, 0.2844372803207085, 0.81228307239482, 0.38547335986811504, -0.8970064705276912, 0.6194756729959223, -0.23436956687635635, 0.993678467001009, 0.7058311926849112, 0.06551699129203192, 0.29301694470597384, 0.4177490213888786, -0.1331622299639812, 0.43696652641544476, -0.4139874876640335, -0.28041785487320126, -0.8006872800638727, -0.027018426481885127, -0.07452266812186803, 1.0, 1.0, -0.041467719240707135, 0.8079725597860943, 0.9749620871893676, -0.25334569410857743, 0.6255068252856548, -0.11142871809786703, -0.6486252588981966, -0.6443113830131746, 0.1447359114311384, 0.05841846737484491, 0.5092856577989453, 0.22902745428529525, -0.09906128284813698, -0.3609511600544981, 0.4064136526675892, -0.4972407718367162, 0.9389005388067038, 0.5985727907135794, -0.2609316366134562, -0.271902449653338, -0.2849245019061073, -0.7753358964945478, 0.7231128989853124, -0.020634584520967003, 0.8316875690932506, 0.798870631735707, -0.982501684236764, 0.4168774393646024, -0.11436985168231861, -0.19629894177850502, 1.0, 0.6562600428083796, 0.030132633927212993, -0.8829319459822846, 0.957010000065351, -0.006840676594588313, -0.4747920966332111, 0.4143776833566526, -0.5309842279858636, -0.46322612858325485, 0.4839186833527319, 0.5495914387082974, 0.6282981647219386, 0.619039622516314, -0.7066653055696246, 0.8702269893114792, 0.5334176026063364, 0.002360607415088589, 0.04773065648118324, 0.9100575633689254, -0.39384157545492005, 0.281156013011668, 0.6179434742004204, 0.5747497176095847, -0.539538332505751, -0.6843765324475116, 0.01714085690343814, -0.5028924098420142, -0.6994985719004959, -0.3921984256808204, -0.08881736097504711, 0.9966848383075022, -0.5841925694812078, 0.26090434057976286, 0.506203973435724, -1.0]
1019.935302734375	(8, 12, 2)	[0.6481080912619477, -0.11577522821429853, -0.8633456061878491, -0.8194027192127504, 0.36295685173840786, 0.027017671916245378, 0.7311048183038265, 0.7677866018313217, 0.44534870551700423, -0.20808904021638064, -0.4537232710383865, 0.6539892811615668, -0.44215133659651906, 0.3444783362852033, -0.7141157973881878, -0.4895304858003384, -0.47839944346690433, -0.23442047302256364, 0.844403868889293, -0.6717103264837918, -0.19991639297796793, 0.28991491631832367, 0.37951012750982627, -0.08969387159312814, -0.1347208070367646, 0.5074730768808149, 0.6392440133473984, 0.687483344971618, 0.5181500995129573, -0.9626524224491347, -0.018236136471606823, 0.17760890647354688, 0.39755654055536044, -0.43357943104093977, 0.2844372803207085, 0.81228307239482, 0.38547335986811504, -0.8970064705276912, 0.6194756729959223, -0.23436956687635635, 0.993678467001009, 0.7058311926849112, 0.06551699129203192, 0.29301694470597384, 0.4177490213888786, -0.1331622299639812, 0.43696652641544476, -0.4139874876640335, -0.28041785487320126, -0.8006872800638727, -0.027018426481885127, -0.07452266812186803, 1.0, 1.0, -0.041467719240707135, 0.8079725597860943, 0.9749620871893676, -0.25334569410857743, 0.6255068252856548, -0.11142871809786703, -0.6486252588981966, -0.6443113830131746, 0.1447359114311384, 0.05841846737484491, 0.5092856577989453, 0.22902745428529525, -0.09906128284813698, -0.3609511600544981, 0.4064136526675892, -0.4972407718367162, 0.9389005388067038, 0.5985727907135794, -0.2609316366134562, -0.271902449653338, -0.2849245019061073, -0.7753358964945478, 0.7231128989853124, -0.020634584520967003, 0.8316875690932506, 0.798870631735707, -0.982501684236764, 0.4168774393646024, -0.11436985168231861, -0.19629894177850502, 1.0, 0.6562600428083796, 0.030132633927212993, -0.8829319459822846, 0.957010000065351, -0.006840676594588313, -0.4747920966332111, 0.4143776833566526, -0.5309842279858636, -0.46322612858325485, 0.4839186833527319, 0.5495914387082974, 0.6282981647219386, 0.619039622516314, -0.7066653055696246, 0.8702269893114792, 0.5334176026063364, 0.002360607415088589, 0.04773065648118324, 0.9100575633689254, -0.39384157545492005, 0.281156013011668, 0.6179434742004204, 0.5747497176095847, -0.539538332505751, -0.6843765324475116, 0.01714085690343814, -0.5028924098420142, -0.6994985719004959, -0.3921984256808204, -0.08881736097504711, 0.9966848383075022, -0.5841925694812078, 0.26090434057976286, 0.506203973435724, -1.0]
1019.9519653320312	(8, 12, 2)	[0.6764599607773093, 0.2828265359200663, -0.3580617261034569, -0.8194027192127504, -0.1060842352893403, 0.027017671916245378, 0.056170549374731094, 0.6375436904352643, 0.3169399159656997, 0.5091356319374656, -0.5589105667378915, 0.6539892811615668, -0.6663137146190834, 1.0, -0.4520693935797231, 0.165874449685399, -0.9760229217871532, 0.5114587180487928, 0.844403868889293, -0.6717103264837918, -0.19991639297796793, 0.9619010582298779, 0.37951012750982627, 0.04540069912711542, -0.1602125759476029, 0.7797437592771082, 0.8259049234499043, 0.687483344971618, -0.7186289933873813, 0.42874964541271043, -0.9485430044823611, 0.3945728829137869, 0.9140979640024585, -0.43357943104093977, -0.5133281779168404, 0.81228307239482, -0.08150409648078344, -0.903805958361198, -0.9223964080309865, 0.7520776518014745, 0.993678467001009, 0.9886210376203686, -0.8951094038242489, 0.16096979247144327, -0.9910757662294769, 0.1963289652405109, -0.4706925726641409, 0.7101336175055382, -0.8440151823604674, -0.8006872800638727, 0.8108755153059539, -0.1556653434155153, 1.0, 0.7917453199667788, -0.1012035431582265, -0.3627629276858073, 0.9749620871893676, -0.25334569410857743, 0.7443784617357205, 0.6239705769103874, -0.8422072535997929, -0.847100447844559, -0.30876885642461205, 0.11811671540277868, 0.5092856577989453, 0.22902745428529525, -0.09906128284813698, -0.3609511600544981, -0.29893274236204204, -0.44162898286762486, 0.6005263829894274, 0.5985727907135794, -0.06107231462440699, -0.5693139472030253, -0.2849245019061073, -0.7753358964945478, 0.8397352384218608, 0.41965673679743665, 0.8316875690932506, 0.798870631735707, -0.982501684236764, 0.4168774393646024, -0.758689338243888, -0.21522779293579308, 0.05821106735539083, -0.5195996406053252, 0.8755070470715389, 0.5284524067196135, 0.7270009457224468, -0.006840676594588313, -0.4747920966332111, -0.2417462996103128, -0.5309842279858636, -0.3867562148210111, 0.5526287015431466, 0.8653318763080287, 0.2213560022164034, -0.2253033537642557, 0.07219367205844951, -0.23412235016545724, 0.289686559788753, -0.6487746204855891, -0.33340387567316826, 0.02473680365443065, 0.2370157080928465, 0.281156013011668, 0.6179434742004204, 0.5780078033618181, -0.539538332505751, 0.6299131495252022, -0.9202206337726198, 0.32896228006529427, 0.7411810542946351, -0.979664750654109, -0.08881736097504711, 0.9966848383075022, -0.5841925694812078, 0.26090434057976286, 0.4080508507594247, -0.8868833710109556]
1019.9261474609375	(8, 12, 2)	[0.6250205216783751, -0.11577522821429853, -0.8633456061878491, -0.8194027192127504, 0.7000991627048665, 0.027017671916245378, 0.7311048183038265, 0.7677866018313217, 0.44534870551700423, 0.11011398884477952, -0.03827361830908749, 0.6539892811615668, -0.6663137146190834, 0.3444783362852033, -0.7141157973881878, -0.4895304858003384, -0.47839944346690433, -0.23442047302256364, 0.844403868889293, -0.6717103264837918, -0.10686039073286091, 0.28991491631832367, 0.37951012750982627, 0.14789030900554095, -0.6304097696557885, 0.7797437592771082, 0.6392440133473984, 0.687483344971618, 0.5181500995129573, -0.9626524224491347, -0.7290556982201868, 0.3945728829137869, 0.9140979640024585, -0.8529706587684875, -0.5133281779168404, 0.2697744756194813, 0.38547335986811504, -0.8970064705276912, 0.1478613257991226, 0.0779330775982221, 0.25257459810824345, 0.10451187567715792, 0.5467880772173606, 0.29301694470597384, 0.5131026732141242, -0.1331622299639812, 0.7606887114624019, -0.4139874876640335, -0.28041785487320126, -0.8006872800638727, 0.44965110829879706, -0.1556653434155153, 0.6336238336770936, 0.7917453199667788, -0.07711972815694845, 0.5811318959965085, 0.9749620871893676, -0.349969939154394, -0.4181124843742059, 0.6254051768614688, 0.7689954721729533, 0.44390764573235564, 0.0037081633937610103, -0.14870072839071025, 0.5092856577989453, 0.22902745428529525, -0.09906128284813698, 0.16253647509515168, 0.4064136526675892, -0.4972407718367162, 0.9389005388067038, -0.0742921048751013, 0.390223571165778, -0.271902449653338, -0.4472087824937634, -0.7753358964945478, -0.638073974549269, 0.9829844216527777, -0.3557180697647966, 0.798870631735707, -0.8324830546998956, 0.8439958351173755, -0.8695200991082341, -0.19629894177850502, 0.8935122078883839, 0.7249208489771468, -0.30230099213969996, -0.8829319459822846, 0.957010000065351, -0.9316382334479214, -0.4747920966332111, 0.4143776833566526, -0.19141204036218976, -0.875970162257175, 0.4839186833527319, 0.5495914387082974, 0.6282981647219386, 0.619039622516314, 0.033836523584114486, 0.8702269893114792, -0.20545253872124647, -0.6487746204855891, 0.04773065648118324, 0.9624944984788748, 0.8838119296370568, 0.5969362676814887, -0.3539684228293294, 0.5747497176095847, -0.539538332505751, 0.6299131495252022, 0.7336635120122628, 0.32896228006529427, 0.7411810542946351, -0.979664750654109, -0.08881736097504711, 0.48179661927155193, -0.5841925694812078, 0.26090434057976286, 0.506203973435724, -0.03298548485082353]
1019.88525390625	(8, 12, 2)	[0.6250205216783751, -0.11577522821429853, 0.8871414709796135, -0.8194027192127504, -0.1060842352893403, -0.6319591543706271, 0.7311048183038265, 0.7677866018313217, 0.44534870551700423, 0.5247733507546615, -0.5589105667378915, 0.6539892811615668, -0.44215133659651906, 1.0, -0.7141157973881878, 0.7551016085056528, -0.47839944346690433, -0.23442047302256364, 0.844403868889293, 0.7374388993983227, -0.19991639297796793, 0.9619010582298779, 0.37951012750982627, 0.14789030900554095, -0.6489129157130848, 0.18654742708431815, 0.09216757180731519, 0.687483344971618, -0.7186289933873813, -0.2882386061313458, -0.7290556982201868, 0.3945728829137869, 0.5567411868635659, -0.8529706587684875, 0.2844372803207085, 0.041315210882634235, 0.38547335986811504, -0.903805958361198, 0.1478613257991226, 0.7520776518014745, 0.993678467001009, 0.7058311926849112, -0.8951094038242489, 0.29456838675395247, -0.928100986547075, -0.1331622299639812, -0.4706925726641409, 0.5831569148360201, -0.28041785487320126, 0.2431804930118293, 0.44965110829879706, -0.15184841838092722, 0.6244941074533921, 0.20245835219299035, -0.07711972815694845, 0.5811318959965085, -0.39280617729719436, -0.25334569410857743, -0.4181124843742059, 0.6254051768614688, -0.9026386807456585, -0.8967522230942817, -0.30876885642461205, 0.11811671540277868, 0.5092856577989453, 0.22902745428529525, 0.6168722562520199, 0.16253647509515168, 0.4064136526675892, -0.8468393834060475, -0.048716264643059226, -0.0742921048751013, -0.06107231462440699, -0.5693139472030253, -0.4472087824937634, -0.7753358964945478, 0.8397352384218608, -0.020634584520967003, 0.8316875690932506, 0.798870631735707, -0.982501684236764, -0.4489539433828038, -0.8695200991082341, -0.21522779293579308, 0.8935122078883839, -0.5195996406053252, -0.7594382488370806, 0.4057294059618347, -0.5835131363675983, -0.4674046913825265, -0.5798597288900853, -0.8356949148362494, 0.6487061522363888, -0.3867562148210111, -0.44032252108779124, 0.8653318763080287, 0.6282981647219386, -0.2253033537642557, -0.7066653055696246, 0.8702269893114792, 0.5334176026063364, -0.6965997212368267, 0.0434255968212911, -0.07204680938799951, 0.8838119296370568, 0.5455858865340533, -0.3539684228293294, 0.5780078033618181, -0.4715772350828735, -0.7756789587194808, 0.6990862780925868, -0.5028924098420142, 0.5158426005516414, -0.4244210160455222, 0.9184761003968485, 0.5789259260245836, 0.8555109994245026, -0.2351928072102185, 0.5489455893573896, -0.5835474657807758]
1019.91064453125	(8, 12, 2)	[-0.7838396985913303, 0.2828265359200663, -0.8633456061878491, -0.8194027192127504, -0.1060842352893403, -0.6319591543706271, 0.7311048183038265, 0.7677866018313217, 0.3169399159656997, 0.5247733507546615, -0.5589105667378915, 0.6539892811615668, -0.6663137146190834, 0.3444783362852033, -0.4520693935797231, 0.165874449685399, -0.9280106908060282, -0.15578344810611178, 0.844403868889293, -0.6717103264837918, -0.7574593780972556, 0.28991491631832367, 0.37951012750982627, -0.08969387159312814, -0.3342322001609397, 0.5074730768808149, 0.8259049234499043, 0.687483344971618, 0.5181500995129573, 0.42874964541271043, -0.9485430044823611, 0.1951049870507615, -0.6018543846424491, -0.046793548593941976, 0.8325523815925282, 0.041315210882634235, 0.38547335986811504, -0.8970064705276912, 0.6194756729959223, 0.7520776518014745, 0.993678467001009, 0.8413499550748527, 0.8446180903801828, 0.082624677852144, 0.5131026732141242, 0.6389797192797766, 0.7606887114624019, 0.5831569148360201, -0.28041785487320126, 0.2431804930118293, 0.8108755153059539, -0.15184841838092722, 0.6244941074533921, 0.4405380004158508, -0.6657844191202649, -0.3627629276858073, 0.9749620871893676, -0.349969939154394, -0.4181124843742059, 0.6239705769103874, -0.8422072535997929, 0.19442681019297198, -0.30876885642461205, -0.14870072839071025, 0.5092856577989453, 0.2970089092465338, -0.09906128284813698, -0.3609511600544981, 0.4064136526675892, 0.48686097878365886, -0.048716264643059226, 0.5985727907135794, -0.1525148326135562, -0.11340219100242299, -0.2849245019061073, -0.7753358964945478, 0.8397352384218608, -0.020634584520967003, 0.8751400235888631, 0.798870631735707, -0.982501684236764, -0.08064594834600292, -0.8695200991082341, -0.3074533603577627, 0.8935122078883839, -0.5195996406053252, 0.030132633927212993, 0.45963720187401386, 0.7270009457224468, -0.006840676594588313, -0.4747920966332111, -0.2417462996103128, 0.6487061522363888, -0.875970162257175, -0.44032252108779124, 0.5495914387082974, 0.6166786892274543, -0.2253033537642557, -0.7066653055696246, 0.8702269893114792, 0.5334176026063364, -0.6487746204855891, 0.29022961109855516, 0.02473680365443065, 0.2370157080928465, 0.5455858865340533, -0.04890411883033008, 0.5459759967448119, 0.2767288789791818, -0.6843765324475116, -0.9202206337726198, -0.5028924098420142, -0.6994985719004959, -0.979664750654109, -0.08881736097504711, 0.9966848383075022, 0.955273556805857, 0.26090434057976286, -0.0771315991491941, -0.03298548485082353]
1019.77294921875	(8, 12, 2)	[-0.7838396985913303, 0.4111986654978512, -0.3580617261034569, -0.8238741761231498, 0.36295685173840786, 0.027017671916245378, 0.7311048183038265, 0.7677866018313217, -0.7286014083480842, 0.5247733507546615, -0.12761125815765822, 0.6539892811615668, -0.44215133659651906, -0.3945411248755577, 0.3158790674415102, 0.7551016085056528, -0.9280106908060282, 0.5114587180487928, 0.844403868889293, -0.6717103264837918, -0.10686039073286091, 0.9619010582298779, -0.4099561712387194, 0.04540069912711542, -0.3342322001609397, 0.18654742708431815, 0.7304319528261586, 0.687483344971618, -0.7179666320796347, -0.2882386061313458, -0.7290556982201868, 0.1951049870507615, 0.9140979640024585, -0.8529706587684875, -0.5336900165355741, 0.2697744756194813, 0.38547335986811504, -0.903805958361198, 0.1478613257991226, 0.7520776518014745, 0.3555695735038922, -0.7812324117046003, 0.06551699129203192, 0.324030184494244, -0.211882067308383, 0.6389797192797766, 0.7606887114624019, -0.6112719385544443, -0.28041785487320126, 0.2431804930118293, 0.8108755153059539, -0.15184841838092722, 0.6244941074533921, 1.0, -0.041467719240707135, 0.8079725597860943, 0.9749620871893676, -0.31036938012482285, -0.4181124843742059, -0.08477506903037647, -0.9026386807456585, 0.19442681019297198, -0.26022866039708603, -0.14870072839071025, 0.5092856577989453, -0.8363007155882161, 0.9434771880283854, -0.0856705105733497, 0.32908044440079487, 0.48686097878365886, -0.048716264643059226, -0.0742921048751013, -1.0, -0.271902449653338, -0.2849245019061073, -0.14988286820770624, 0.7231128989853124, 0.41965673679743665, 0.8751400235888631, 0.1275114272842437, 0.6878939575464291, 0.8439958351173755, -0.7665635218342939, 0.563059630385752, 0.8935122078883839, 0.6372456784220739, 0.030132633927212993, -0.8829319459822846, -0.38532977832092774, -0.006840676594588313, 0.5466525367884083, 0.4143776833566526, 0.6487061522363888, 0.24419717750319858, 0.8363145377955588, 0.5495914387082974, 0.6282981647219386, -0.2253033537642557, -0.7066653055696246, 0.8702269893114792, 0.5334176026063364, -0.6487746204855891, 0.04773065648118324, 0.02473680365443065, 0.8838119296370568, 0.5455858865340533, -0.04890411883033008, 0.5780078033618181, 0.23514812585940104, 0.04605090442810633, 0.4400908806760111, 0.32896228006529427, -0.6994985719004959, -0.3921984256808204, -0.08881736097504711, 0.5789259260245836, 0.9316850014261013, 0.26090434057976286, 0.5489455893573896, -0.03298548485082353]
1019.95947265625	(8, 12, 2)	[0.6250205216783751, 0.4111986654978512, -0.8633456061878491, -0.7897544619790853, 0.36295685173840786, -0.6587031080171849, 0.7311048183038265, 0.7677866018313217, 0.44809576079910507, 0.5091356319374656, -0.5589105667378915, 0.6539892811615668, -0.44215133659651906, 1.0, -0.4520693935797231, -0.4895304858003384, -0.9280106908060282, 0.5114587180487928, 0.844403868889293, 0.7374388993983227, -0.19991639297796793, 0.9619010582298779, 0.37951012750982627, 0.14789030900554095, -0.6489129157130848, 0.7797437592771082, 0.09216757180731519, 0.687483344971618, -0.7186289933873813, -0.2882386061313458, -0.7290556982201868, 0.3945728829137869, 0.9140979640024585, -0.8529706587684875, -0.5336900165355741, 0.041315210882634235, 0.38547335986811504, -0.4903999864179509, -0.9223964080309865, 0.7520776518014745, 0.993678467001009, 0.7058311926849112, 0.06551699129203192, -0.7899364769644719, -0.211882067308383, 0.1963289652405109, 0.43696652641544476, -0.6112719385544443, -0.28041785487320126, 0.2431804930118293, 0.8108755153059539, -0.1556653434155153, 1.0, 0.20245835219299035, -0.07711972815694845, 0.8079725597860943, 0.27621135387944085, -0.25334569410857743, -0.4181124843742059, 0.6254051768614688, -0.9026386807456585, -0.6443113830131746, -0.30876885642461205, 0.05841846737484491, -0.5810272449208096, 0.5742573339249188, 0.6168722562520199, 0.16253647509515168, 0.4064136526675892, -0.8468393834060475, 0.6005263829894274, -0.0742921048751013, -0.06107231462440699, -0.271902449653338, -0.4472087824937634, 0.18180390643732092, 0.6412354502579382, -0.020634584520967003, 0.8316875690932506, 0.798870631735707, 0.6878939575464291, -0.07818375964514737, -0.997613256736278, -0.47595411040603985, 0.8935122078883839, -0.5195996406053252, -0.7594382488370806, 0.4057294059618347, 0.957010000065351, -0.4674046913825265, -0.5400761836705514, -0.3350504878914185, 0.6487061522363888, 0.45589030345661385, 0.4839186833527319, 0.5495914387082974, 0.4011909872110562, -0.2253033537642557, 0.07219367205844951, 0.8702269893114792, 0.5334176026063364, -0.6487746204855891, 0.0434255968212911, -0.07204680938799951, 0.8838119296370568, 0.5455858865340533, -0.04890411883033008, 0.5780078033618181, 0.2767288789791818, 0.04605090442810633, 0.7336635120122628, 0.32896228006529427, -0.33580997459370154, -0.3921984256808204, 0.9184761003968485, 0.5789259260245836, 0.7993751260602988, -0.2351928072102185, 0.506203973435724, -0.03298548485082353]
1019.9530639648438	(8, 12, 2)	[0.6250205216783751, 0.4111986654978512, -0.8633456061878491, -0.7897544619790853, 0.36295685173840786, -0.6587031080171849, 0.7311048183038265, 0.7677866018313217, 0.44809576079910507, 0.5091356319374656, -0.5589105667378915, 0.6539892811615668, -0.44215133659651906, 1.0, -0.4520693935797231, -0.4895304858003384, -0.9280106908060282, 0.5114587180487928, 0.844403868889293, 0.7374388993983227, -0.19991639297796793, 0.9619010582298779, 0.37951012750982627, 0.14789030900554095, -0.6489129157130848, 0.7797437592771082, 0.09216757180731519, 0.687483344971618, -0.7186289933873813, -0.2882386061313458, -0.7290556982201868, 0.3945728829137869, 0.9140979640024585, -0.8529706587684875, -0.5336900165355741, 0.041315210882634235, 0.38547335986811504, -0.4903999864179509, -0.9223964080309865, 0.7520776518014745, 0.993678467001009, 0.7058311926849112, 0.06551699129203192, -0.7899364769644719, -0.211882067308383, 0.1963289652405109, 0.43696652641544476, -0.6112719385544443, -0.28041785487320126, 0.2431804930118293, 0.8108755153059539, -0.1556653434155153, 1.0, 0.20245835219299035, -0.07711972815694845, 0.8079725597860943, 0.27621135387944085, -0.25334569410857743, -0.4181124843742059, 0.6254051768614688, -0.9026386807456585, -0.6443113830131746, -0.30876885642461205, 0.05841846737484491, -0.5810272449208096, 0.5742573339249188, 0.6168722562520199, 0.16253647509515168, 0.4064136526675892, -0.8468393834060475, 0.6005263829894274, -0.0742921048751013, -0.06107231462440699, -0.271902449653338, -0.4472087824937634, 0.18180390643732092, 0.6412354502579382, -0.020634584520967003, 0.8316875690932506, 0.798870631735707, 0.6878939575464291, -0.07818375964514737, -0.997613256736278, -0.47595411040603985, 0.8935122078883839, -0.5195996406053252, -0.7594382488370806, 0.4057294059618347, 0.957010000065351, -0.4674046913825265, -0.5400761836705514, -0.3350504878914185, 0.6487061522363888, 0.45589030345661385, 0.4839186833527319, 0.5495914387082974, 0.4011909872110562, -0.2253033537642557, 0.07219367205844951, 0.8702269893114792, 0.5334176026063364, -0.6487746204855891, 0.0434255968212911, -0.07204680938799951, 0.8838119296370568, 0.5455858865340533, -0.04890411883033008, 0.5780078033618181, 0.2767288789791818, 0.04605090442810633, 0.7336635120122628, 0.32896228006529427, -0.33580997459370154, -0.3921984256808204, 0.9184761003968485, 0.5789259260245836, 0.7993751260602988, -0.2351928072102185, 0.506203973435724, -0.03298548485082353]
1019.9586181640625	(8, 12, 2)	[0.6250205216783751, 0.4111986654978512, -0.8633456061878491, -0.7897544619790853, 0.36295685173840786, -0.6587031080171849, 0.7311048183038265, 0.7677866018313217, 0.44809576079910507, 0.5091356319374656, -0.5589105667378915, 0.6539892811615668, -0.44215133659651906, 1.0, -0.4520693935797231, -0.4895304858003384, -0.9280106908060282, 0.5114587180487928, 0.844403868889293, 0.7374388993983227, -0.19991639297796793, 0.9619010582298779, 0.37951012750982627, 0.14789030900554095, -0.6489129157130848, 0.7797437592771082, 0.09216757180731519, 0.687483344971618, -0.7186289933873813, -0.2882386061313458, -0.7290556982201868, 0.3945728829137869, 0.9140979640024585, -0.8529706587684875, -0.5336900165355741, 0.041315210882634235, 0.38547335986811504, -0.4903999864179509, -0.9223964080309865, 0.7520776518014745, 0.993678467001009, 0.7058311926849112, 0.06551699129203192, -0.7899364769644719, -0.211882067308383, 0.1963289652405109, 0.43696652641544476, -0.6112719385544443, -0.28041785487320126, 0.2431804930118293, 0.8108755153059539, -0.1556653434155153, 1.0, 0.20245835219299035, -0.07711972815694845, 0.8079725597860943, 0.27621135387944085, -0.25334569410857743, -0.4181124843742059, 0.6254051768614688, -0.9026386807456585, -0.6443113830131746, -0.30876885642461205, 0.05841846737484491, -0.5810272449208096, 0.5742573339249188, 0.6168722562520199, 0.16253647509515168, 0.4064136526675892, -0.8468393834060475, 0.6005263829894274, -0.0742921048751013, -0.06107231462440699, -0.271902449653338, -0.4472087824937634, 0.18180390643732092, 0.6412354502579382, -0.020634584520967003, 0.8316875690932506, 0.798870631735707, 0.6878939575464291, -0.07818375964514737, -0.997613256736278, -0.47595411040603985, 0.8935122078883839, -0.5195996406053252, -0.7594382488370806, 0.4057294059618347, 0.957010000065351, -0.4674046913825265, -0.5400761836705514, -0.3350504878914185, 0.6487061522363888, 0.45589030345661385, 0.4839186833527319, 0.5495914387082974, 0.4011909872110562, -0.2253033537642557, 0.07219367205844951, 0.8702269893114792, 0.5334176026063364, -0.6487746204855891, 0.0434255968212911, -0.07204680938799951, 0.8838119296370568, 0.5455858865340533, -0.04890411883033008, 0.5780078033618181, 0.2767288789791818, 0.04605090442810633, 0.7336635120122628, 0.32896228006529427, -0.33580997459370154, -0.3921984256808204, 0.9184761003968485, 0.5789259260245836, 0.7993751260602988, -0.2351928072102185, 0.506203973435724, -0.03298548485082353]
1019.9393920898438	(8, 12, 2)	[0.6250205216783751, -0.11577522821429853, -0.3580617261034569, -0.9090168044105127, -0.1060842352893403, -0.2998159394276687, 0.7311048183038265, 0.8026773934116433, 0.44534870551700423, 0.5091356319374656, -0.5589105667378915, 0.8742004748166754, -0.44215133659651906, 0.3444783362852033, -0.7141157973881878, -0.4895304858003384, -0.47839944346690433, 0.5114587180487928, 0.844403868889293, -0.6717103264837918, -0.7574593780972556, 0.9619010582298779, 0.37951012750982627, 0.14789030900554095, -0.6489129157130848, 0.7797437592771082, 0.7304319528261586, 0.371490337807046, 0.2013914913635093, 0.26861972429507314, -0.9485430044823611, 0.3945728829137869, 0.9140979640024585, -0.8529706587684875, -0.5336900165355741, 0.31394867835788276, 0.38547335986811504, -0.9969227831774811, -0.9223964080309865, -0.3787830956533421, 0.993678467001009, 0.7058311926849112, 0.06551699129203192, 0.29301694470597384, -0.211882067308383, 0.1963289652405109, -0.4706925726641409, -0.4139874876640335, -0.28041785487320126, -0.8006872800638727, 0.8108755153059539, -0.07452266812186803, 1.0, 0.7917453199667788, -0.07711972815694845, 0.7459584048896339, 0.9749620871893676, -0.25334569410857743, 0.2361872511125751, -0.08477506903037647, -0.605367638091064, -0.6443113830131746, -0.30876885642461205, 0.05841846737484491, 0.5092856577989453, -0.8363007155882161, 0.9434771880283854, -0.5893528193855864, -0.672681272108872, -0.8468393834060475, 0.6005263829894274, -0.0742921048751013, -0.06107231462440699, -0.5693139472030253, -0.4472087824937634, -0.7753358964945478, 0.767518343223162, -0.020634584520967003, 0.8751400235888631, 0.08524915600484792, 0.7902623286965986, -0.08064594834600292, -0.6225939099574693, -0.47595411040603985, 0.7842829675957292, 0.31425323856425025, -0.7594382488370806, 0.4057294059618347, 0.4286833206705496, -0.4674046913825265, -0.4747920966332111, -0.8356949148362494, 0.6487061522363888, 0.6154059205192883, 0.4839186833527319, 0.5495914387082974, 0.6282981647219386, 0.12195073126281342, 0.0064012238173889735, -0.23412235016545724, -0.1004301632921458, -0.6487746204855891, -0.4158335682902319, -0.3216715357933717, 0.2370157080928465, -0.7181333685193869, -0.310037531979966, 0.5459759967448119, 0.2767288789791818, -0.6843765324475116, 0.7336635120122628, 0.23044609913503258, -0.33580997459370154, -0.3921984256808204, 0.9184761003968485, 0.9966848383075022, 0.8555109994245026, 0.26090434057976286, 0.5489455893573896, 0.16164091739574737]
999.1676025390625	(8, 12, 2)	[0.6250205216783751, -0.11577522821429853, -0.3580617261034569, -0.7897544619790853, -0.1060842352893403, -0.6319591543706271, 0.7311048183038265, 0.7677866018313217, 0.44534870551700423, 0.7764779749994871, -0.5589105667378915, 0.8742004748166754, -0.44215133659651906, 0.3444783362852033, -0.4520693935797231, 0.165874449685399, -0.9200532947972648, 0.5114587180487928, 0.844403868889293, 0.7374388993983227, -0.19991639297796793, 0.9619010582298779, 0.37951012750982627, 0.14789030900554095, -0.7354083319647043, 0.5074730768808149, 0.8259049234499043, 0.687483344971618, 0.2013914913635093, -0.2882386061313458, -0.7290556982201868, 0.17760890647354688, 0.9140979640024585, -0.046793548593941976, -0.43171052637074375, 0.81228307239482, -0.4812549742092711, -0.4903999864179509, 0.1478613257991226, -0.011112348124228372, 0.25257459810824345, 0.7058311926849112, -0.8951094038242489, 0.29301694470597384, 0.5349905400106502, -0.1331622299639812, 0.42899681063934203, -0.4139874876640335, -0.28041785487320126, -0.8006872800638727, 0.39844250940621606, -0.1556653434155153, 1.0, 0.20245835219299035, -0.041467719240707135, 0.8079725597860943, -0.39280617729719436, -0.25334569410857743, -0.4181124843742059, -0.08477506903037647, -0.8422072535997929, 0.19442681019297198, -0.30876885642461205, 0.25542974819014386, 0.39165646235245477, -0.8363007155882161, 0.27654261101753774, -0.5893528193855864, -0.717020565980869, -0.8468393834060475, -0.048716264643059226, -0.18057659328641573, -1.0, -0.5693139472030253, -0.4472087824937634, -0.7753358964945478, -0.638073974549269, -0.020634584520967003, -0.3557180697647966, 0.08524915600484792, -0.982501684236764, -0.08064594834600292, -0.758689338243888, -0.47595411040603985, 0.8935122078883839, 0.31425323856425025, 0.030132633927212993, -0.8829319459822846, 0.957010000065351, -0.39024822250432417, 0.5466525367884083, -0.8356949148362494, -0.019185712249137232, -0.875970162257175, 0.4839186833527319, 0.5495914387082974, 0.6282981647219386, 0.619039622516314, 0.07219367205844951, 0.8702269893114792, -0.20545253872124647, -0.6487746204855891, 0.04773065648118324, 0.3579465521846168, -0.39384157545492005, -0.6808058276599572, -0.04890411883033008, 0.2903285826767064, 0.2767288789791818, 0.6299131495252022, 0.15152300451891085, -0.5028924098420142, 0.9065615352425229, -0.979664750654109, 0.9184761003968485, 0.6852975060491469, 0.9324156863211974, 0.26090434057976286, 0.5489455893573896, -1.0]
1019.122802734375	(8, 12, 2)	[0.6250205216783751, -0.11577522821429853, 0.8871414709796135, -0.8194027192127504, -0.1060842352893403, -0.6587031080171849, 0.7311048183038265, 0.7677866018313217, 0.44534870551700423, 0.5091356319374656, -0.5589105667378915, 0.8742004748166754, -0.6663137146190834, 0.31137719072562003, -0.4520693935797231, 0.165874449685399, -0.9760229217871532, 0.5114587180487928, 0.844403868889293, -0.6717103264837918, -0.7574593780972556, 0.9619010582298779, 0.37951012750982627, 0.14789030900554095, -0.6304097696557885, 0.18654742708431815, 0.6392440133473984, 0.687483344971618, 0.5181500995129573, -0.2882386061313458, -0.9485430044823611, 0.17760890647354688, 0.772243238683805, -0.43357943104093977, 0.2844372803207085, 0.31394867835788276, 0.38547335986811504, -0.4903999864179509, -0.9223964080309865, 0.7520776518014745, 0.25257459810824345, 0.10451187567715792, -0.8951094038242489, 0.29456838675395247, 0.5131026732141242, -0.1331622299639812, 0.27294448120722126, 0.5831569148360201, -0.28041785487320126, 0.2431804930118293, -0.431173103848312, -0.1556653434155153, 1.0, 0.20245835219299035, -0.041467719240707135, 0.8079725597860943, 0.9749620871893676, -0.25334569410857743, 0.7443784617357205, 0.6153795955448886, -0.9026386807456585, -0.6443113830131746, -0.30876885642461205, 0.25542974819014386, 0.39165646235245477, -0.8363007155882161, 0.9434771880283854, 0.16253647509515168, 0.4064136526675892, -0.8468393834060475, 0.6005263829894274, -0.0742921048751013, -0.9184107141849462, -0.271902449653338, -0.2849245019061073, -0.7753358964945478, 0.7231128989853124, 0.9829844216527777, -0.5578184226808789, 0.08524915600484792, -0.982501684236764, -0.08064594834600292, -0.11436985168231861, -0.47595411040603985, 0.8935122078883839, 0.31425323856425025, 0.17935363472525995, -0.8829319459822846, 0.957010000065351, -0.39024822250432417, -0.4747920966332111, -0.8356949148362494, -0.5309842279858636, -0.875970162257175, 0.4839186833527319, -0.8758056168119221, 0.6282981647219386, -0.2253033537642557, 0.07219367205844951, 0.8702269893114792, 0.5334176026063364, 0.002360607415088589, 0.023350501495978376, 0.3579465521846168, 0.8838119296370568, -0.7181333685193869, -0.3539684228293294, 0.5747497176095847, 0.2767288789791818, 0.6299131495252022, 0.4400908806760111, -0.7222522528133657, 0.5158426005516414, 0.03898140640656078, 0.9184761003968485, 0.5789259260245836, 0.8555109994245026, -0.2351928072102185, 0.506203973435724, -1.0]
1018.888916015625	(8, 12, 2)	[0.6250205216783751, 0.4111986654978512, -0.3580617261034569, -0.7897544619790853, 0.36295685173840786, 0.027017671916245378, 0.7311048183038265, 0.7677866018313217, 0.44809576079910507, 0.8659045885328003, -0.5589105667378915, 0.8742004748166754, -0.4260520809985449, 1.0, -0.7141157973881878, -0.4895304858003384, -0.47839944346690433, 0.5114587180487928, 0.844403868889293, 0.7374388993983227, -0.19991639297796793, 0.9018987366355611, 0.37951012750982627, -0.08969387159312814, -0.6489129157130848, 0.7797437592771082, 0.7524649318298077, 0.173243665041922, -0.7186289933873813, 0.42874964541271043, -0.7244388328006788, 0.3945728829137869, 0.772243238683805, -0.43357943104093977, -0.43171052637074375, -0.4315823172483322, -0.4812549742092711, -0.903805958361198, 0.5535136164029466, -0.011112348124228372, 0.993678467001009, 0.10451187567715792, -1.0, -0.7899364769644719, 0.6762611713957387, 0.1963289652405109, 0.43696652641544476, -0.4139874876640335, -0.8801769875862873, -0.8006872800638727, 0.39844250940621606, -0.1556653434155153, 1.0, 0.7917453199667788, -0.1012035431582265, 0.5811318959965085, 0.9749620871893676, -0.349969939154394, -0.4181124843742059, -0.08477506903037647, -0.8422072535997929, 0.19442681019297198, -0.30876885642461205, 0.11811671540277868, 0.5092856577989453, -0.8363007155882161, 0.6168722562520199, -0.3609511600544981, -0.672681272108872, -0.8468393834060475, 0.5797205523881083, -0.0742921048751013, -0.04653293370057153, -0.271902449653338, -0.4472087824937634, -0.7753358964945478, 0.6412354502579382, 1.0, 0.8316875690932506, 0.1892601425976248, -0.8921834405537132, -0.08064594834600292, -0.997613256736278, -0.20227102780891743, 0.8935122078883839, -0.5195996406053252, -0.7594382488370806, 0.4057294059618347, -0.47659202610813356, -0.4674046913825265, -0.4747920966332111, -0.8356949148362494, -0.019185712249137232, -0.20234263578370948, 0.5526287015431466, 0.5495914387082974, 0.6282981647219386, -0.095852417691521, -0.7066653055696246, -0.23412235016545724, -0.20545253872124647, 0.19043362682022003, -0.24312928997186112, -0.3216715357933717, 0.8838119296370568, 0.5455858865340533, -0.04890411883033008, 0.5459759967448119, 0.2767288789791818, 0.04605090442810633, 0.4400908806760111, -0.5028924098420142, 0.5158426005516414, 0.03898140640656078, 0.9184761003968485, 0.9966848383075022, 0.8555109994245026, 0.26090434057976286, 0.5489455893573896, 0.16164091739574737]
1017.28955078125	(8, 12, 2)	[0.6250205216783751, -0.11577522821429853, 0.8871414709796135, -0.8194027192127504, -0.1060842352893403, -0.2998159394276687, 0.7311048183038265, 0.7677866018313217, 0.44534870551700423, 0.5091356319374656, -0.5589105667378915, 0.8742004748166754, -0.6663137146190834, 0.31137719072562003, -0.4520693935797231, 0.165874449685399, -0.9280106908060282, 0.5114587180487928, 0.844403868889293, -0.6717103264837918, -0.7574593780972556, 0.9619010582298779, 0.37951012750982627, 0.14789030900554095, -0.6304097696557885, 0.18654742708431815, 0.7304319528261586, 0.687483344971618, 0.5181500995129573, -0.2882386061313458, -0.9485430044823611, 0.17760890647354688, 0.772243238683805, -0.8529706587684875, 0.2844372803207085, 0.31394867835788276, 0.38547335986811504, -0.4903999864179509, -0.9223964080309865, -0.3787830956533421, 0.993678467001009, 0.10451187567715792, 0.2134948842300395, 0.29456838675395247, 0.5131026732141242, 0.1963289652405109, 0.27294448120722126, -0.4139874876640335, -0.28041785487320126, 0.2431804930118293, 0.8108755153059539, -0.1556653434155153, 1.0, 0.7917453199667788, -0.07711972815694845, 0.8079725597860943, 0.9749620871893676, -0.25334569410857743, 0.7443784617357205, 0.6153795955448886, -0.605367638091064, -0.6443113830131746, -0.30876885642461205, 0.25542974819014386, 0.5092856577989453, -0.8363007155882161, 0.9434771880283854, 0.16253647509515168, -0.717020565980869, -0.8468393834060475, 0.9389005388067038, -0.0742921048751013, -0.9184107141849462, -0.5693139472030253, -0.4472087824937634, -0.7753358964945478, 0.6412354502579382, 0.9829844216527777, -0.5578184226808789, 0.08524915600484792, -0.982501684236764, -0.08064594834600292, -0.6225939099574693, -0.47595411040603985, 0.7486616347223627, 0.31425323856425025, -0.7594382488370806, -0.8829319459822846, 0.957010000065351, -0.39024822250432417, -0.4747920966332111, -0.8356949148362494, 0.6487061522363888, -0.875970162257175, 0.4839186833527319, 0.5495914387082974, 0.6282981647219386, -0.05342756490353591, 0.0064012238173889735, 0.8702269893114792, 0.5334176026063364, 0.002360607415088589, 0.023350501495978376, 0.3579465521846168, 0.2370157080928465, -0.7181333685193869, -0.3539684228293294, 0.5459759967448119, 0.2767288789791818, 0.04605090442810633, 0.4400908806760111, 0.23044609913503258, 0.5158426005516414, -0.3921984256808204, 0.9184761003968485, 0.5789259260245836, 0.8555109994245026, 0.26090434057976286, 0.506203973435724, -1.0]
1000.6470336914062	(8, 12, 2)	[0.6250205216783751, 0.4111986654978512, -0.8633456061878491, -0.7897544619790853, 0.36295685173840786, -0.6587031080171849, 0.7311048183038265, 0.7677866018313217, 0.44809576079910507, 0.5091356319374656, -0.5589105667378915, 0.8742004748166754, -0.44215133659651906, 0.3444783362852033, -0.5952797092016409, -0.4895304858003384, -0.9280106908060282, 0.5114587180487928, 0.844403868889293, 0.7374388993983227, -0.19991639297796793, 0.9619010582298779, 0.37951012750982627, 0.04540069912711542, -0.6489129157130848, 0.5074730768808149, 0.8259049234499043, 0.687483344971618, -0.7186289933873813, -0.2882386061313458, -0.9485430044823611, 0.17760890647354688, 0.772243238683805, -0.8529706587684875, -0.5133281779168404, 0.31394867835788276, -0.4812549742092711, -0.8970064705276912, 0.1478613257991226, 0.4186379999060199, 0.993678467001009, 1.0, -0.8951094038242489, 0.29301694470597384, -0.211882067308383, -0.1331622299639812, 0.7606887114624019, -0.6112719385544443, -0.8616525541530413, -0.8006872800638727, 0.8108755153059539, -0.15184841838092722, 1.0, 0.7917453199667788, -0.07711972815694845, 0.8079725597860943, 0.9749620871893676, -0.25334569410857743, -0.4181124843742059, -0.11142871809786703, -0.8422072535997929, -0.1325374593673024, -0.30876885642461205, -0.14870072839071025, 0.5092856577989453, 0.22902745428529525, 0.6168722562520199, -0.3609511600544981, -0.717020565980869, -0.8468393834060475, 0.9389005388067038, -0.0742921048751013, 0.04833144055585392, -0.5693139472030253, -0.4472087824937634, -0.7753358964945478, 0.6412354502579382, -0.020634584520967003, 0.17730975740652655, 0.08524915600484792, 0.6878939575464291, -0.08064594834600292, -0.6225939099574693, -0.19629894177850502, 0.9167206937473793, -0.5195996406053252, 0.17935363472525995, 0.4057294059618347, -0.5835131363675983, -0.4674046913825265, -0.5798597288900853, -0.8356949148362494, -0.019185712249137232, -0.3867562148210111, 0.4042645479691043, -0.8758056168119221, 0.6282981647219386, -0.095852417691521, 0.07219367205844951, -0.23412235016545724, -0.1004301632921458, -0.6965997212368267, 0.04773065648118324, -0.3216715357933717, -0.38252134532274223, 0.5455858865340533, -0.04890411883033008, 0.5459759967448119, 0.2767288789791818, 0.04605090442810633, 0.7336635120122628, -0.7222522528133657, -0.33580997459370154, -0.3921984256808204, 0.9184761003968485, -0.7090454252752629, 0.9324156863211974, 0.26090434057976286, 0.506203973435724, -0.03298548485082353]
1018.5425415039062	(8, 12, 2)	[0.6250205216783751, -0.11577522821429853, -0.3580617261034569, -0.9090168044105127, -0.1060842352893403, -0.2998159394276687, 0.7311048183038265, 0.7677866018313217, 0.44534870551700423, 0.5091356319374656, -0.5589105667378915, 0.8742004748166754, -0.4260520809985449, 0.3444783362852033, -0.7141157973881878, -0.4895304858003384, -0.47839944346690433, 0.5114587180487928, 0.844403868889293, 0.7374388993983227, -0.7574593780972556, 0.28991491631832367, 0.37951012750982627, 0.14789030900554095, -0.6489129157130848, 0.8919828946388875, 0.7304319528261586, 0.371490337807046, 0.2013914913635093, 0.26861972429507314, -0.9485430044823611, 0.5552937144500382, 0.772243238683805, -0.8529706587684875, -0.5336900165355741, 0.31394867835788276, 0.38547335986811504, -0.9969227831774811, -0.9223964080309865, -0.011112348124228372, 0.993678467001009, 0.7058311926849112, 0.06551699129203192, -0.7899364769644719, -0.211882067308383, 0.1963289652405109, -0.4706925726641409, -0.6112719385544443, -0.28041785487320126, 0.2431804930118293, 0.39844250940621606, -0.07452266812186803, 1.0, 0.7917453199667788, -0.1012035431582265, 0.7024003236584614, 0.9749620871893676, -0.25334569410857743, 0.2361872511125751, -0.11142871809786703, 0.9602675674066673, 0.19442681019297198, -0.30876885642461205, 0.05841846737484491, 0.5092856577989453, -0.8363007155882161, 0.6168722562520199, -0.5893528193855864, -0.717020565980869, -0.8468393834060475, 0.9389005388067038, -0.0742921048751013, -0.06107231462440699, -0.5636227455503067, -0.2849245019061073, -0.7753358964945478, 0.767518343223162, -0.020634584520967003, 0.8751400235888631, 0.08524915600484792, -0.982501684236764, -0.9734804264594501, -0.758689338243888, 0.563059630385752, 0.7842829675957292, 0.31425323856425025, -0.7594382488370806, 0.4057294059618347, -0.47659202610813356, -0.4674046913825265, -0.5400761836705514, -0.8356949148362494, -0.019185712249137232, 0.6154059205192883, 0.5526287015431466, 0.5495914387082974, 0.6282981647219386, -0.095852417691521, 0.0064012238173889735, 0.8702269893114792, 0.5334176026063364, -0.6487746204855891, 0.04773065648118324, -0.3216715357933717, 0.8838119296370568, -0.7181333685193869, -0.310037531979966, 0.5459759967448119, 0.2767288789791818, -0.6843765324475116, 0.4400908806760111, -0.5028924098420142, 0.5158426005516414, -0.3921984256808204, -0.08881736097504711, 0.5789259260245836, 0.955273556805857, 0.26090434057976286, 0.5489455893573896, -0.03298548485082353]
1019.4779663085938	(8, 12, 2)	[0.6250205216783751, 0.4111986654978512, -0.3580617261034569, -0.7897544619790853, -0.1060842352893403, 0.027017671916245378, 0.7311048183038265, 0.7677866018313217, 0.44534870551700423, 0.5091356319374656, -0.5589105667378915, 0.8742004748166754, -0.44215133659651906, 0.3444783362852033, -0.4520693935797231, -0.4895304858003384, -0.9200532947972648, 0.5114587180487928, 0.844403868889293, 0.7374388993983227, -0.19991639297796793, 0.9619010582298779, 0.37951012750982627, 0.04540069912711542, -0.6489129157130848, 0.5074730768808149, 0.8259049234499043, 0.687483344971618, 0.5181500995129573, -0.2882386061313458, -0.9485430044823611, 0.3945728829137869, 0.772243238683805, -0.8529706587684875, 0.2844372803207085, 0.041315210882634235, -0.4812549742092711, -0.8970064705276912, 0.6194756729959223, -0.3787830956533421, 0.993678467001009, 0.10451187567715792, 0.2134948842300395, 0.29456838675395247, 0.5131026732141242, 0.1963289652405109, 0.7606887114624019, -0.6112719385544443, -0.28041785487320126, -0.8006872800638727, 0.39844250940621606, -0.1556653434155153, 1.0, 1.0, -0.1012035431582265, 0.5811318959965085, 0.9749620871893676, -0.25334569410857743, -0.4181124843742059, -0.08477506903037647, -0.605367638091064, 0.2659512157082039, -0.30876885642461205, -0.14870072839071025, -0.5810272449208096, 0.5742573339249188, 0.6276251888718851, -0.3609511600544981, -0.717020565980869, -0.4972407718367162, -0.048716264643059226, -0.0742921048751013, 0.04833144055585392, -0.271902449653338, -0.5183843340203161, -0.7753358964945478, 0.6412354502579382, 0.9829844216527777, 0.17730975740652655, 0.08524915600484792, -0.982501684236764, -0.08064594834600292, -0.6225939099574693, -0.19629894177850502, 0.8935122078883839, 0.6562600428083796, 0.17935363472525995, 0.4057294059618347, -0.47659202610813356, -0.39024822250432417, -0.4747920966332111, -0.8356949148362494, -0.019185712249137232, -0.3867562148210111, 0.4042645479691043, -0.8758056168119221, 0.6282981647219386, 0.619039622516314, 0.07219367205844951, -0.23412235016545724, -0.1004301632921458, -0.6965997212368267, 0.04773065648118324, -0.3216715357933717, -0.38252134532274223, 0.5455858865340533, -0.1658558404925457, 0.5459759967448119, 0.2767288789791818, 0.04605090442810633, 0.7336635120122628, 0.32896228006529427, -0.33580997459370154, 0.03898140640656078, 0.9184761003968485, 0.9966848383075022, 0.8555109994245026, 0.26090434057976286, 0.5489455893573896, -0.03298548485082353]
1019.44140625	(8, 12, 2)	[0.6250205216783751, 0.4111986654978512, -0.3580617261034569, -0.7897544619790853, 0.36295685173840786, 0.027017671916245378, 0.7311048183038265, 0.7677866018313217, 0.44534870551700423, 0.5091356319374656, -0.5589105667378915, 0.6539892811615668, -0.44215133659651906, 0.3444783362852033, -0.7008629551230683, -0.4895304858003384, -0.9760229217871532, 0.5114587180487928, 0.844403868889293, -0.6717103264837918, -0.19991639297796793, 0.9018987366355611, 0.37951012750982627, 0.012379127412093682, -0.6489129157130848, 0.7797437592771082, 0.6392440133473984, 0.371490337807046, 0.5181500995129573, 0.42874964541271043, -0.7244388328006788, 0.3945728829137869, 0.772243238683805, -0.42697399514863443, 0.2844372803207085, 0.041315210882634235, -0.4812549742092711, -0.903805958361198, 0.5535136164029466, -0.011112348124228372, 0.993678467001009, 0.10451187567715792, -0.8951094038242489, 0.38209541426118976, -0.211882067308383, 0.1963289652405109, 0.43696652641544476, 0.5831569148360201, -0.8801769875862873, 0.2431804930118293, 0.8108755153059539, -0.1556653434155153, 1.0, 0.7917453199667788, -0.1012035431582265, -0.9727855124182836, 0.9749620871893676, -0.349969939154394, -0.4181124843742059, 0.5798394678504017, -0.8422072535997929, -0.6443113830131746, -0.30876885642461205, 0.05841846737484491, -0.5810272449208096, -0.7618881585378541, 0.6168722562520199, -0.3609511600544981, -0.672681272108872, -0.4972407718367162, 0.6497731492340193, -0.0742921048751013, -0.1525148326135562, -0.271902449653338, -0.4472087824937634, -0.7753358964945478, 0.6412354502579382, 0.9829844216527777, 0.8751400235888631, 0.08524915600484792, -0.8921834405537132, -0.9734804264594501, -0.997613256736278, -0.47595411040603985, 0.8935122078883839, 0.6562600428083796, -0.7594382488370806, -0.8829319459822846, 0.957010000065351, -0.4674046913825265, -0.4747920966332111, -0.8356949148362494, 0.11975105493133806, -0.875970162257175, 0.4839186833527319, 0.5495914387082974, 0.4011909872110562, 0.619039622516314, 0.07219367205844951, 0.8702269893114792, -0.26426627674383596, 0.19043362682022003, -0.4158335682902319, -0.3216715357933717, 0.8838119296370568, 0.5455858865340533, -0.14760731980802283, 0.5747497176095847, -0.4715772350828735, 0.04605090442810633, 0.7336635120122628, 0.32896228006529427, -0.33580997459370154, -0.3921984256808204, 0.9184761003968485, 0.5789259260245836, 0.8555109994245026, 0.26090434057976286, 0.5489455893573896, -1.0]
1017.58056640625	(8, 12, 2)	[0.74417676609348, -0.11577522821429853, -0.8633456061878491, -0.908781983210199, -0.1060842352893403, -0.2998159394276687, 0.7311048183038265, 0.6206908080891874, 0.44534870551700423, 0.5091356319374656, -0.5589105667378915, 0.6539892811615668, -0.44215133659651906, 1.0, -0.4520693935797231, -0.4895304858003384, -0.47839944346690433, -0.15578344810611178, 0.844403868889293, 0.7374388993983227, -0.19991639297796793, 0.9906530041213875, 0.37951012750982627, 0.14789030900554095, -0.6489129157130848, 0.8919828946388875, 0.6392440133473984, 0.687483344971618, -0.7186289933873813, 0.42874964541271043, -0.9485430044823611, 0.3945728829137869, 0.5567411868635659, -0.43357943104093977, -0.5336900165355741, -0.4315823172483322, -0.4812549742092711, -0.8970064705276912, 0.1478613257991226, 0.05999980429416664, 0.993678467001009, 0.10451187567715792, 0.06551699129203192, 0.29301694470597384, 0.5131026732141242, -0.1331622299639812, 0.42899681063934203, -0.6112719385544443, -0.8801769875862873, 0.2431804930118293, 0.8108755153059539, -0.15184841838092722, 1.0, 0.20245835219299035, -0.07711972815694845, -0.9727855124182836, -0.39280617729719436, -0.25334569410857743, -0.4181124843742059, -0.11142871809786703, 0.6495528063703833, -0.6443113830131746, -0.30876885642461205, 0.05841846737484491, 0.5092856577989453, -0.8363007155882161, 0.6168722562520199, -0.5893528193855864, -0.717020565980869, -0.8046607182823035, -0.048716264643059226, 0.5875937326552418, -0.06107231462440699, -0.5693139472030253, -0.4472087824937634, -0.7753358964945478, 0.6412354502579382, -0.020634584520967003, -0.5578184226808789, 0.08524915600484792, 0.6878939575464291, -0.08064594834600292, -0.6225939099574693, -0.47595411040603985, 0.8935122078883839, 0.31425323856425025, -0.7594382488370806, 0.4057294059618347, 0.957010000065351, -0.4674046913825265, 0.34918636317820184, -0.8356949148362494, 0.6487061522363888, 0.6154059205192883, 0.5526287015431466, -0.8758056168119221, 0.4011909872110562, -0.2253033537642557, 0.07219367205844951, 0.8702269893114792, -0.1825048063325998, -0.6965997212368267, -0.510178753213122, -0.2043372442034026, 0.2734252678402734, 0.5455858865340533, -0.3539684228293294, 0.6198105459864834, 0.2767288789791818, -0.6843765324475116, 0.300571939008764, 0.32896228006529427, 0.5158426005516414, 0.03898140640656078, 0.9184761003968485, 0.614974563241943, 0.8555109994245026, 0.26090434057976286, 0.506203973435724, 0.16164091739574737]
1019.6197509765625	(8, 12, 2)	[0.6250205216783751, -0.11577522821429853, -0.3580617261034569, -0.8194027192127504, -0.1060842352893403, -0.6587031080171849, 0.7311048183038265, 0.7677866018313217, 0.44534870551700423, 0.5091356319374656, -0.5589105667378915, 0.6539892811615668, -0.44215133659651906, 0.2472615260036599, -0.4520693935797231, -0.4895304858003384, -0.47839944346690433, 0.5114587180487928, 0.844403868889293, -0.6717103264837918, -0.19991639297796793, 0.9619010582298779, 0.37951012750982627, 0.04540069912711542, -0.6304097696557885, 0.7797437592771082, 0.6392440133473984, 0.687483344971618, 0.3681338126181761, -0.2882386061313458, -0.9485430044823611, 0.3945728829137869, 0.772243238683805, -0.8529706587684875, -0.43171052637074375, 0.041315210882634235, -0.4812549742092711, -0.903805958361198, -0.9223964080309865, -0.28441303563717263, 0.993678467001009, 0.7058311926849112, -1.0, 0.16096979247144327, 0.5131026732141242, -0.1331622299639812, 0.27294448120722126, 0.5831569148360201, -0.8801769875862873, 0.2431804930118293, 0.8108755153059539, -0.07452266812186803, 1.0, 0.7917453199667788, -0.041467719240707135, -0.9727855124182836, 0.9749620871893676, -0.25334569410857743, 0.3392918195920248, -0.11142871809786703, -0.7107791137175612, -0.6443113830131746, -0.30876885642461205, 0.05841846737484491, 0.39165646235245477, 0.5742573339249188, 0.9434771880283854, 0.16253647509515168, -0.717020565980869, -0.4972407718367162, -0.048716264643059226, -0.0742921048751013, -1.0, -0.271902449653338, -0.4472087824937634, 0.18180390643732092, 0.767518343223162, 0.9829844216527777, 0.8316875690932506, 0.08524915600484792, 0.7902623286965986, -0.08064594834600292, -0.6225939099574693, -0.21522779293579308, 0.7842829675957292, -0.5195996406053252, -0.613161793806981, 0.4057294059618347, -0.47659202610813356, -0.4674046913825265, 0.5466525367884083, -0.29550838725123063, 0.6487061522363888, -0.3867562148210111, 0.4839186833527319, -0.8758056168119221, 0.6282981647219386, -0.095852417691521, 0.07219367205844951, 0.8702269893114792, -0.1004301632921458, -0.6487746204855891, 0.04568867196806291, -0.3216715357933717, 0.8838119296370568, -0.7181333685193869, -0.04890411883033008, 0.5747497176095847, 0.2767288789791818, -0.6843765324475116, 0.7336635120122628, 0.32896228006529427, 0.5158426005516414, -0.979664750654109, 0.9184761003968485, 0.5789259260245836, 0.9324156863211974, -0.2351928072102185, 0.5489455893573896, -0.03298548485082353]
1019.7682495117188	(8, 12, 2)	[0.6871114591637393, -0.11577522821429853, -0.3580617261034569, -0.8194027192127504, 0.36295685173840786, -0.6587031080171849, 0.7311048183038265, 0.7677866018313217, 0.44534870551700423, 0.4474612873472411, -0.5589105667378915, 0.6539892811615668, -0.44215133659651906, 0.3444783362852033, -0.4520693935797231, -0.4895304858003384, -0.9280106908060282, 0.5234802269952319, 0.844403868889293, 0.7374388993983227, -0.7574593780972556, 0.9619010582298779, 0.37951012750982627, 0.14789030900554095, -0.6489129157130848, 0.8919828946388875, 0.6392440133473984, 0.687483344971618, 0.2013914913635093, 0.26861972429507314, -0.7290556982201868, 0.17760890647354688, 0.9140979640024585, -0.43357943104093977, -0.43171052637074375, 0.12199833641875407, -0.4812549742092711, -0.9969227831774811, -0.9223964080309865, -0.011112348124228372, 0.993678467001009, 0.10451187567715792, 0.06551699129203192, 0.29301694470597384, 0.4177490213888786, 0.1963289652405109, 0.43696652641544476, -0.4139874876640335, -0.28041785487320126, -0.7898715178950101, 0.8108755153059539, -0.07452266812186803, 0.7138996421538182, 0.20245835219299035, -0.041467719240707135, -0.9727855124182836, 0.9749620871893676, -0.25334569410857743, -0.4181124843742059, -0.11142871809786703, -0.630130494627129, -0.1325374593673024, -0.30876885642461205, 0.05841846737484491, -0.5810272449208096, -0.7582399028974904, 0.9758894487684229, -0.5893528193855864, -0.717020565980869, -0.48582217085964563, 0.6005263829894274, -0.0742921048751013, -1.0, -0.271902449653338, -0.4472087824937634, -0.7753358964945478, 0.767518343223162, -0.020634584520967003, 0.8316875690932506, 0.798870631735707, 0.6878939575464291, -0.08064594834600292, -0.6225939099574693, -0.19629894177850502, 0.8935122078883839, -0.5195996406053252, -0.7594382488370806, 0.4057294059618347, -0.5835131363675983, -0.4674046913825265, -0.5798597288900853, -0.8356949148362494, -0.5309842279858636, -0.875970162257175, 0.5526287015431466, -0.8758056168119221, 0.6282981647219386, -0.095852417691521, 0.07219367205844951, 0.8702269893114792, -0.20545253872124647, -0.6487746204855891, 0.0434255968212911, -0.3216715357933717, 0.8838119296370568, -0.7181333685193869, -0.04890411883033008, 0.6492955797655944, 0.2767288789791818, 0.6299131495252022, 0.7694029758880243, -0.5028924098420142, 0.5158426005516414, -0.3921984256808204, 0.9184761003968485, 0.9966848383075022, 0.955273556805857, 0.26090434057976286, 0.5489455893573896, 0.16164091739574737]
1018.4404296875	(8, 12, 2)	[0.6250205216783751, -0.11577522821429853, -0.3580617261034569, -0.7897544619790853, -0.1060842352893403, 0.027017671916245378, 0.7311048183038265, 0.5905877973024981, 0.44534870551700423, 0.5091356319374656, -0.5589105667378915, 0.8742004748166754, -0.44215133659651906, 0.3444783362852033, -0.4520693935797231, -0.4895304858003384, -0.9934622413291725, 0.5234802269952319, 0.844403868889293, 0.7374388993983227, -0.7574593780972556, 0.9619010582298779, 0.37951012750982627, 0.012379127412093682, -0.6489129157130848, 0.8919828946388875, 0.6392440133473984, 0.687483344971618, -0.7186289933873813, 0.42874964541271043, -0.7290556982201868, 0.17760890647354688, 0.772243238683805, -0.8529706587684875, 0.2844372803207085, 0.041315210882634235, -0.5089959759268893, -0.9969227831774811, -0.9223964080309865, -0.011112348124228372, 0.993678467001009, 0.10451187567715792, 0.06551699129203192, 0.29301694470597384, 0.5131026732141242, 0.1963289652405109, 0.42899681063934203, -0.4139874876640335, -0.28041785487320126, -0.6832191083834315, 0.8108755153059539, -0.15184841838092722, 1.0, 0.7917453199667788, 0.03921675189084331, -0.9727855124182836, 0.9749620871893676, -0.25334569410857743, -0.4181124843742059, -0.08477506903037647, -0.630130494627129, 0.2659512157082039, -0.30876885642461205, 0.06725190744499954, 0.5092856577989453, 0.22902745428529525, 0.9434771880283854, 0.16253647509515168, -0.717020565980869, -0.4972407718367162, 0.6497731492340193, -0.0742921048751013, -1.0, -0.271902449653338, -0.4472087824937634, -0.7753358964945478, 0.767518343223162, 0.9829844216527777, -0.5578184226808789, 0.08524915600484792, 0.6878939575464291, -0.8196857340751132, -0.6225939099574693, -0.19629894177850502, 0.8935122078883839, 0.31425323856425025, 0.17935363472525995, -0.8829319459822846, 0.957010000065351, -0.4674046913825265, -0.4747920966332111, -0.8356949148362494, 0.6487061522363888, -0.3867562148210111, 0.5526287015431466, -0.8363004553766699, 0.4011909872110562, 0.619039622516314, 0.07219367205844951, -0.23412235016545724, -0.1004301632921458, -0.6487746204855891, 0.0434255968212911, -0.3216715357933717, -0.38252134532274223, -0.7181333685193869, -0.1658558404925457, 0.5459759967448119, 0.2767288789791818, -0.6843765324475116, 0.7694029758880243, 0.23044609913503258, -0.33580997459370154, 0.03898140640656078, 0.9184761003968485, 0.5789259260245836, 0.955273556805857, 0.26090434057976286, 0.5489455893573896, 0.16164091739574737]
1019.2491455078125	(8, 12, 2)	[0.6250205216783751, 0.4111986654978512, -0.42501362358236017, -0.7897544619790853, 0.7000991627048665, 0.027017671916245378, 0.7311048183038265, 0.7677866018313217, 0.44534870551700423, 0.5091356319374656, -0.5589105667378915, 0.6539892811615668, -0.44215133659651906, 0.3444783362852033, -0.4520693935797231, -0.4895304858003384, -0.9280106908060282, 0.5234802269952319, 0.844403868889293, 0.7374388993983227, -0.7574593780972556, 0.9619010582298779, 0.37951012750982627, 0.04540069912711542, -0.6304097696557885, 0.5074730768808149, 0.8259049234499043, 0.173243665041922, 0.5181500995129573, 0.26861972429507314, -0.7290556982201868, 0.3945728829137869, 0.772243238683805, -0.8529706587684875, -0.5133281779168404, -0.4315823172483322, -0.4812549742092711, -0.9969227831774811, 0.5535136164029466, -0.3787830956533421, 0.993678467001009, 0.10451187567715792, -1.0, 0.16096979247144327, 0.495420352477404, 0.1963289652405109, -0.4706925726641409, -0.4139874876640335, -0.28041785487320126, 0.2431804930118293, 0.39844250940621606, -0.07452266812186803, 1.0, 0.7917453199667788, -0.07711972815694845, 0.5811318959965085, 0.9749620871893676, -0.25334569410857743, -0.4181124843742059, -0.11142871809786703, -0.630130494627129, 0.2659512157082039, -0.30876885642461205, 0.06725190744499954, 0.5092856577989453, 0.5742573339249188, 0.6168722562520199, 0.16253647509515168, -0.717020565980869, -0.8468393834060475, 0.9389005388067038, -0.0742921048751013, -1.0, -0.271902449653338, -0.4472087824937634, -0.7753358964945478, 0.767518343223162, 0.9829844216527777, 0.8316875690932506, 0.08524915600484792, -0.9467184603102694, -0.08064594834600292, -0.6225939099574693, -0.19629894177850502, 0.7309083339061289, -0.5195996406053252, -0.613161793806981, 0.4057294059618347, -0.47659202610813356, -0.4674046913825265, 0.5466525367884083, -0.8356949148362494, 0.11975105493133806, -0.3867562148210111, 0.7982167987775736, 0.5495914387082974, 0.4011909872110562, 0.619039622516314, 0.07219367205844951, -0.23412235016545724, -0.1004301632921458, 0.19043362682022003, 0.0434255968212911, -0.3216715357933717, 0.2370157080928465, -0.7181333685193869, -0.3539684228293294, 0.5780078033618181, 0.2767288789791818, 0.08982814073204681, 0.7336635120122628, -0.5028924098420142, -0.33580997459370154, 0.03898140640656078, 0.9184761003968485, 0.5789259260245836, 0.955273556805857, 0.15856914817993323, 0.5667195659134128, 0.16164091739574737]
1018.4078369140625	(8, 12, 2)	[0.74417676609348, -0.11577522821429853, -0.3580617261034569, -0.7897544619790853, -0.1060842352893403, 0.027017671916245378, 0.7311048183038265, 0.7677866018313217, 0.44534870551700423, 0.5091356319374656, -0.5589105667378915, 0.8742004748166754, -0.44215133659651906, 0.3444783362852033, -0.4520693935797231, -0.4895304858003384, -0.9760229217871532, 0.5114587180487928, 0.844403868889293, 0.7374388993983227, -0.19991639297796793, 0.9619010582298779, 0.37951012750982627, 0.14789030900554095, -0.6489129157130848, 0.5074730768808149, 0.6392440133473984, 0.687483344971618, -0.7186289933873813, -0.2882386061313458, -0.7290556982201868, 0.17760890647354688, 0.5567411868635659, -0.43357943104093977, -0.43171052637074375, -0.4315823172483322, -0.4812549742092711, -0.8970064705276912, 0.5535136164029466, -0.3787830956533421, 0.993678467001009, 1.0, -0.8951094038242489, 0.29301694470597384, 0.4177490213888786, -0.1331622299639812, -0.4706925726641409, -0.4139874876640335, -0.8616525541530413, -0.8006872800638727, 0.8108755153059539, -0.15184841838092722, 1.0, 0.20245835219299035, -0.07711972815694845, -0.9865960236389019, 0.9749620871893676, -0.25334569410857743, -0.4181124843742059, -0.11142871809786703, -0.630130494627129, -0.1325374593673024, -0.24118342752151098, 0.05841846737484491, 0.5092856577989453, -0.8363007155882161, 0.6276251888718851, 0.16253647509515168, -0.717020565980869, -0.8046607182823035, 0.6005263829894274, -0.0742921048751013, -0.907315698364698, -0.271902449653338, -0.4472087824937634, -0.7829688661188619, 0.767518343223162, -0.020634584520967003, -0.5578184226808789, 0.798870631735707, -0.9224770874548859, -0.08064594834600292, -0.6225939099574693, -0.19629894177850502, 0.8935122078883839, 0.31425323856425025, -0.7594382488370806, 0.4057294059618347, 0.957010000065351, -0.4674046913825265, 0.5466525367884083, -0.8356949148362494, 0.6487061522363888, 0.6154059205192883, 0.5526287015431466, -0.8758056168119221, 0.2213560022164034, 0.619039622516314, 0.07219367205844951, -0.252418227061774, 0.5334176026063364, -0.6487746204855891, -0.510178753213122, -0.3216715357933717, 0.2734252678402734, 0.5455858865340533, -0.04890411883033008, 0.5459759967448119, 0.2767288789791818, 0.6299131495252022, 0.300571939008764, 0.27746614363462196, 0.5158426005516414, 0.03898140640656078, 0.9184761003968485, 0.614974563241943, 0.9324156863211974, -0.2351928072102185, 0.5489455893573896, -0.03298548485082353]
1019.119384765625	(8, 12, 2)	[0.6250205216783751, -0.11577522821429853, -0.42501362358236017, -0.7897544619790853, -0.1060842352893403, 0.027017671916245378, 0.7311048183038265, 0.7677866018313217, 0.44534870551700423, 0.5091356319374656, -0.5589105667378915, 0.6539892811615668, -0.547250078111031, 0.3444783362852033, -0.4520693935797231, -0.4895304858003384, -0.9200532947972648, 0.5114587180487928, 0.844403868889293, -0.6717103264837918, -0.7574593780972556, 0.9619010582298779, 0.37951012750982627, 0.04540069912711542, -0.6304097696557885, 0.7797437592771082, 0.8259049234499043, 0.687483344971618, 0.3681338126181761, 0.42874964541271043, -0.7290556982201868, 0.17760890647354688, 0.772243238683805, -0.8529706587684875, 0.2844372803207085, -0.4315823172483322, -0.4812549742092711, -0.903805958361198, -0.7956800287295893, 0.08211116026964091, 0.993678467001009, 0.10451187567715792, -0.8951094038242489, 0.29301694470597384, 0.5131026732141242, 0.1963289652405109, -0.4706925726641409, -0.4139874876640335, -0.8616525541530413, 0.2431804930118293, 0.39844250940621606, -0.07452266812186803, 1.0, 0.7917453199667788, -0.07711972815694845, 0.5811318959965085, 0.9749620871893676, -0.25334569410857743, -0.4181124843742059, -0.11142871809786703, -0.605367638091064, -0.038010022868740306, -0.30876885642461205, 0.05841846737484491, 0.5092856577989453, 0.5742573339249188, 0.6276251888718851, 0.16253647509515168, -0.717020565980869, -0.8468393834060475, 0.5797205523881083, -0.0742921048751013, 0.04833144055585392, -0.271902449653338, -0.2849245019061073, -0.7829688661188619, 0.767518343223162, 0.9829844216527777, 0.17730975740652655, 0.08524915600484792, -0.9224770874548859, -0.08064594834600292, -0.6225939099574693, -0.19629894177850502, 0.8935122078883839, 0.21455119505784898, -0.7594382488370806, -0.8829319459822846, 0.957010000065351, -0.39024822250432417, -0.4747920966332111, -0.8356949148362494, 0.11975105493133806, -0.3867562148210111, 0.7982167987775736, -0.8758056168119221, 0.6282981647219386, 0.619039622516314, 0.07219367205844951, 0.8702269893114792, 0.6150712101099401, -0.6487746204855891, 0.0434255968212911, -0.3216715357933717, -0.38252134532274223, 0.6821646316870634, -0.04890411883033008, 0.5459759967448119, 0.2767288789791818, -0.6843765324475116, 0.7694029758880243, -0.5028924098420142, 0.5158426005516414, -0.3921984256808204, 0.9184761003968485, 0.9966848383075022, 0.955273556805857, 0.26090434057976286, 0.5489455893573896, -0.03898714830739092]
1015.4850463867188	(8, 12, 2)	[0.6250205216783751, -0.11577522821429853, -0.3580617261034569, -0.7897544619790853, -0.1060842352893403, 0.027017671916245378, 0.7311048183038265, 0.7677866018313217, 0.44534870551700423, 0.5091356319374656, -0.5589105667378915, 0.8742004748166754, -0.44215133659651906, 1.0, -0.7141157973881878, -0.4895304858003384, -0.9280106908060282, 0.5114587180487928, 0.844403868889293, 0.7374388993983227, -0.7574593780972556, 0.9619010582298779, 0.37951012750982627, 0.14789030900554095, -0.6489129157130848, 0.5074730768808149, 0.8259049234499043, 0.687483344971618, 0.5181500995129573, -0.2882386061313458, -0.7290556982201868, 0.17760890647354688, 0.772243238683805, -0.8529706587684875, 0.2844372803207085, -0.4315823172483322, -0.4812549742092711, -0.9969227831774811, 0.1478613257991226, -0.3787830956533421, 0.993678467001009, 0.7058311926849112, -0.8951094038242489, 0.29301694470597384, 0.4177490213888786, -0.1331622299639812, 0.7606887114624019, -0.4139874876640335, -0.8616525541530413, -0.8006872800638727, 0.8108755153059539, -0.07452266812186803, 1.0, 0.7917453199667788, -0.07711972815694845, -0.9727855124182836, 0.9749620871893676, -0.25334569410857743, -0.4181124843742059, -0.11142871809786703, 0.6495528063703833, -0.1325374593673024, -0.30876885642461205, 0.05841846737484491, 0.5171958345828669, -0.7582399028974904, 0.9434771880283854, 0.16253647509515168, -0.672681272108872, -0.8468393834060475, 0.5213669181278496, -0.0742921048751013, -1.0, -0.271902449653338, -0.4472087824937634, -0.7829688661188619, 0.767518343223162, 1.0, 0.8316875690932506, 0.08524915600484792, -0.9224770874548859, -0.10806668099360564, -0.6225939099574693, -0.19629894177850502, 0.8935122078883839, 0.21455119505784898, -0.7594382488370806, -0.8829319459822846, 0.957010000065351, -0.4674046913825265, -0.5798597288900853, -0.8356949148362494, 0.11975105493133806, -0.875970162257175, 0.5526287015431466, -0.8758056168119221, 0.6282981647219386, 0.619039622516314, 0.07219367205844951, -0.23412235016545724, -0.26426627674383596, -0.6487746204855891, 0.01335922896009225, -0.3216715357933717, 0.2734252678402734, -0.7181333685193869, -0.04890411883033008, 0.6198105459864834, 0.2767288789791818, -0.6843765324475116, 0.7336635120122628, -0.5028924098420142, 0.5158426005516414, -0.3921984256808204, 0.9184761003968485, 0.614974563241943, 0.955273556805857, 0.26090434057976286, 0.5489455893573896, -0.19064333421564297]
1019.6614379882812	(8, 12, 2)	[0.6250205216783751, -0.11577522821429853, -0.3580617261034569, -0.7897544619790853, -0.1060842352893403, 0.027017671916245378, 0.7311048183038265, 0.7677866018313217, 0.44534870551700423, 0.5091356319374656, -0.5589105667378915, 0.8742004748166754, -0.547250078111031, 0.2472615260036599, -0.3698986770600423, -0.4895304858003384, -0.9934622413291725, 0.5234802269952319, 0.844403868889293, 0.7374388993983227, -0.7574593780972556, 1.0, 0.37951012750982627, 0.012379127412093682, -0.6489129157130848, 0.9534408746709282, 0.6392440133473984, 0.173243665041922, 0.3681338126181761, 0.26861972429507314, -0.9485430044823611, 0.2962979971364919, 0.772243238683805, -0.8529706587684875, -0.5133281779168404, -0.4315823172483322, -0.4812549742092711, -0.9969227831774811, -0.9223964080309865, 0.08211116026964091, 0.993678467001009, 0.7058311926849112, 0.009426929614092368, 0.4138349697155985, 0.5131026732141242, 0.1963289652405109, 0.42899681063934203, -0.4139874876640335, -1.0, 0.09956141995046855, 0.39844250940621606, -0.15184841838092722, 1.0, 0.7917453199667788, -0.07711972815694845, 0.5811318959965085, 0.9749620871893676, -0.25334569410857743, -0.4181124843742059, -0.11142871809786703, -0.630130494627129, -0.6443113830131746, -0.30876885642461205, 0.06725190744499954, -0.5810272449208096, -0.8363007155882161, 0.9434771880283854, -0.3609511600544981, -0.672681272108872, -0.8468393834060475, 0.6497731492340193, -0.0742921048751013, -1.0, -0.3251018803969894, -0.4472087824937634, -0.7753358964945478, 0.767518343223162, 0.9829844216527777, 0.8316875690932506, 0.08524915600484792, -0.982501684236764, -0.08064594834600292, -0.6225939099574693, -0.19629894177850502, 0.8935122078883839, -0.5195996406053252, -0.7594382488370806, -0.8829319459822846, 0.957010000065351, -0.4674046913825265, 0.5466525367884083, -0.8356949148362494, 0.7632620173832848, -0.3867562148210111, 0.5526287015431466, -0.8758056168119221, 0.2213560022164034, 0.12195073126281342, 0.07219367205844951, 0.8702269893114792, -0.20545253872124647, 0.19043362682022003, 0.0434255968212911, -0.3216715357933717, 0.8838119296370568, -0.7181333685193869, -0.310037531979966, 0.5459759967448119, 0.2767288789791818, 0.6299131495252022, 0.7694029758880243, -0.7222522528133657, 0.5158426005516414, -0.3921984256808204, 0.9184761003968485, 0.5789259260245836, 0.955273556805857, -0.2351928072102185, 0.5489455893573896, -0.03298548485082353]
1019.4317626953125	(8, 12, 2)	[0.6250205216783751, 0.4111986654978512, -0.3580617261034569, -0.7897544619790853, -0.1060842352893403, 0.027017671916245378, 0.7311048183038265, 0.7677866018313217, 0.44534870551700423, 0.5091356319374656, -0.5589105667378915, 0.6539892811615668, -0.547250078111031, 0.2472615260036599, -0.4520693935797231, -0.4895304858003384, -0.9934622413291725, 0.5114587180487928, 0.844403868889293, 0.7374388993983227, -0.7574593780972556, 1.0, 0.3519948342598497, 0.012379127412093682, -0.6489129157130848, 0.9534408746709282, 0.6392440133473984, 0.09442922508632971, 0.3681338126181761, -0.2882386061313458, -0.9485430044823611, 0.17760890647354688, 0.5567411868635659, -0.8529706587684875, 0.2844372803207085, -0.4315823172483322, -0.4812549742092711, -1.0, 0.5535136164029466, -0.011112348124228372, 0.993678467001009, 0.7058311926849112, 0.009426929614092368, 0.29301694470597384, 0.5131026732141242, 0.1963289652405109, -0.4706925726641409, -0.4139874876640335, -1.0, -0.6832191083834315, 0.39844250940621606, -0.1556653434155153, 1.0, 0.7917453199667788, -0.07711972815694845, 0.5811318959965085, 0.9749620871893676, -0.25334569410857743, -0.4181124843742059, -0.11142871809786703, -0.630130494627129, -0.6443113830131746, -0.30876885642461205, 0.06725190744499954, -0.5810272449208096, -0.8363007155882161, 0.6168722562520199, -0.3609511600544981, -0.672681272108872, -0.8468393834060475, 0.9389005388067038, -0.0742921048751013, -1.0, -0.3251018803969894, -0.4472087824937634, -0.7753358964945478, 0.767518343223162, 0.9829844216527777, 0.8316875690932506, 0.08524915600484792, -0.982501684236764, -0.08064594834600292, -0.6225939099574693, -0.4224003336252854, 0.8935122078883839, -0.5195996406053252, -0.7594382488370806, -0.8829319459822846, 0.957010000065351, -0.4674046913825265, -0.4747920966332111, -0.8356949148362494, 0.7632620173832848, -0.3867562148210111, 0.5526287015431466, -0.8758056168119221, 0.2213560022164034, 0.12195073126281342, 0.07219367205844951, 0.8702269893114792, -0.1004301632921458, -0.7934747622825985, 0.0434255968212911, -0.3216715357933717, 0.8838119296370568, -0.7181333685193869, -0.310037531979966, 0.5780078033618181, 0.2767288789791818, 0.6299131495252022, 0.7694029758880243, -0.5028924098420142, 0.5158426005516414, -0.3921984256808204, 0.9184761003968485, 0.5789259260245836, 0.955273556805857, 0.26090434057976286, 0.5667195659134128, -0.03298548485082353]
1019.497314453125	(8, 12, 2)	[0.6250205216783751, -0.11577522821429853, -0.3580617261034569, -0.7897544619790853, -0.1060842352893403, 0.027017671916245378, 0.7311048183038265, 0.6206908080891874, 0.44534870551700423, 0.7764779749994871, -0.5589105667378915, 0.8742004748166754, -0.44215133659651906, 0.2472615260036599, -0.7141157973881878, -0.4895304858003384, -0.9760229217871532, 0.5114587180487928, 0.844403868889293, 0.7374388993983227, -0.7574593780972556, 0.9619010582298779, 0.37951012750982627, 0.012379127412093682, -0.7028435418405458, 0.18654742708431815, 0.8259049234499043, 0.687483344971618, -0.7186289933873813, -0.2882386061313458, -0.7290556982201868, 0.17760890647354688, 0.9140979640024585, -0.8529706587684875, -0.43171052637074375, 0.041315210882634235, -0.4812549742092711, -1.0, 0.5535136164029466, -0.03371089795092735, 0.993678467001009, 0.10451187567715792, -0.8951094038242489, 0.29301694470597384, 0.5131026732141242, 0.1963289652405109, 0.42899681063934203, -0.4139874876640335, -0.8616525541530413, 0.2431804930118293, 0.40946329087132427, -0.15184841838092722, 1.0, 0.7917453199667788, -0.1012035431582265, 0.8079725597860943, 0.9749620871893676, -0.25334569410857743, -0.4181124843742059, -0.08477506903037647, -0.630130494627129, -0.6443113830131746, -0.3624422435229429, 0.05841846737484491, 0.39165646235245477, 0.5742573339249188, 0.6276251888718851, 0.16253647509515168, -0.672681272108872, -0.8468393834060475, 0.6005263829894274, -0.18827706437587058, -0.907315698364698, -0.5693139472030253, -0.5376522198482148, -0.7753358964945478, 0.767518343223162, 0.9829844216527777, -0.5578184226808789, 0.08524915600484792, -0.982501684236764, -0.08064594834600292, -0.758689338243888, -0.19629894177850502, 0.8935122078883839, 0.31425323856425025, 0.17935363472525995, 0.4057294059618347, 0.957010000065351, -0.4674046913825265, 0.5466525367884083, -0.8356949148362494, 0.7632620173832848, -0.3867562148210111, 0.4042645479691043, -0.8214664498416234, 0.4011909872110562, 0.619039622516314, 0.07219367205844951, 0.8702269893114792, 0.5334176026063364, -0.6487746204855891, 0.04568867196806291, 0.3579465521846168, 0.8838119296370568, -0.7181333685193869, -0.3539684228293294, 0.6198105459864834, 0.2767288789791818, -0.6843765324475116, 0.7336635120122628, 0.23044609913503258, -0.33580997459370154, -0.3921984256808204, 0.9184761003968485, 0.614974563241943, 0.955273556805857, 0.26090434057976286, 0.5489455893573896, -0.11968747802986088]
1019.1007690429688	(8, 12, 2)	[0.6250205216783751, 0.4111986654978512, -0.3580617261034569, -0.7897544619790853, -0.1060842352893403, -0.5816907769659145, 0.7311048183038265, 0.7677866018313217, 0.44534870551700423, 0.5091356319374656, -0.5589105667378915, 0.8742004748166754, -0.547250078111031, 1.0, -0.5166927511621408, -0.4895304858003384, -0.9200532947972648, 0.5234802269952319, 0.844403868889293, 0.7374388993983227, -0.19991639297796793, 0.9619010582298779, 0.37951012750982627, 0.14789030900554095, -0.6489129157130848, 0.8278422360282192, 0.8259049234499043, 0.173243665041922, 0.5181500995129573, -0.2882386061313458, -0.7290556982201868, 0.17760890647354688, 0.5567411868635659, -0.8529706587684875, 0.10639604333932659, 0.041315210882634235, -0.4812549742092711, -0.9969227831774811, 0.1478613257991226, -0.3787830956533421, 0.993678467001009, 0.10451187567715792, -1.0, 0.29301694470597384, 0.5131026732141242, 0.1963289652405109, -0.4706925726641409, -0.4139874876640335, -1.0, 0.2431804930118293, 0.5161451168266428, -0.15184841838092722, 1.0, 0.7917453199667788, -0.041467719240707135, -0.9727855124182836, 0.9749620871893676, -0.3375916338971655, -0.4181124843742059, -0.11142871809786703, 0.6495528063703833, -0.1325374593673024, -0.30876885642461205, 0.06725190744499954, 0.29731728216521547, 0.5742573339249188, 0.9434771880283854, 0.16253647509515168, -0.672681272108872, -0.8468393834060475, 0.9389005388067038, -0.0742921048751013, -1.0, -0.271902449653338, -0.29525571031048436, -0.7753358964945478, 0.767518343223162, -0.020634584520967003, -0.5578184226808789, 0.08524915600484792, -0.982501684236764, -0.08064594834600292, -0.5769122949143555, -0.19629894177850502, 0.8935122078883839, 0.31425323856425025, -0.7594382488370806, 0.332467246164441, 0.957010000065351, -0.4674046913825265, -0.4747920966332111, -0.8356949148362494, 0.6487061522363888, -0.20234263578370948, 0.4839186833527319, -0.8758056168119221, 0.6282981647219386, 0.12195073126281342, 0.07219367205844951, -0.23412235016545724, 0.6150712101099401, -0.6487746204855891, 0.0434255968212911, -0.3216715357933717, 0.8838119296370568, -0.7181333685193869, -0.14400813633204632, 0.5459759967448119, 0.2767288789791818, -0.6843765324475116, 0.7336635120122628, -0.5028924098420142, -0.5685563055530793, -0.3921984256808204, 0.9184761003968485, 0.614974563241943, 0.955273556805857, 0.26090434057976286, 0.6991972012330853, 0.16164091739574737]
1019.7872924804688	(8, 12, 2)	[0.6758979838029535, 0.4111986654978512, -0.42501362358236017, -0.7897544619790853, -0.1060842352893403, -0.5816907769659145, 0.7311048183038265, 0.7677866018313217, 0.44534870551700423, 0.5091356319374656, -0.5589105667378915, 0.7833072237823091, -0.547250078111031, 1.0, -0.5166927511621408, -0.5623520748305151, -0.9934622413291725, 0.5234802269952319, 0.844403868889293, 0.7374388993983227, -0.19991639297796793, 0.9619010582298779, 0.37951012750982627, 0.14789030900554095, -0.6489129157130848, 0.8278422360282192, 0.8259049234499043, 0.173243665041922, 0.5181500995129573, -0.2882386061313458, -0.7290556982201868, 0.17760890647354688, 1.0, -0.8529706587684875, 0.10639604333932659, 0.041315210882634235, -0.4812549742092711, -1.0, 0.1478613257991226, -0.3787830956533421, 0.993678467001009, 0.7058311926849112, -1.0, 0.29301694470597384, 0.5131026732141242, 0.1963289652405109, -0.4706925726641409, 0.5831569148360201, -1.0, 0.2431804930118293, 0.8108755153059539, -0.15184841838092722, 1.0, 0.7917453199667788, 0.03921675189084331, -0.9727855124182836, 0.9749620871893676, -0.3375916338971655, -0.4181124843742059, -0.11142871809786703, 0.6495528063703833, -0.1325374593673024, -0.30876885642461205, 0.06725190744499954, 0.39165646235245477, -0.9326042779419432, 0.9434771880283854, 0.16253647509515168, -0.672681272108872, -0.4972407718367162, 0.9389005388067038, -0.0742921048751013, -1.0, -0.271902449653338, -0.29525571031048436, -0.7753358964945478, 0.6538712717687589, 0.9829844216527777, -0.5578184226808789, 0.798870631735707, -0.982501684236764, -0.08064594834600292, -0.564628928756137, 0.5736130648468477, 0.8935122078883839, 0.6372456784220739, -0.7594382488370806, 0.332467246164441, 0.957010000065351, -0.39024822250432417, -0.4747920966332111, -0.8356949148362494, 0.6487061522363888, -0.20234263578370948, 0.5526287015431466, -0.8758056168119221, 0.6282981647219386, 0.12195073126281342, 0.07219367205844951, -0.23412235016545724, -0.1004301632921458, -0.6487746204855891, 0.0434255968212911, -0.3150672253317556, 0.8838119296370568, -0.7181333685193869, -0.3539684228293294, 0.5780078033618181, 0.2767288789791818, -0.6843765324475116, 0.7694029758880243, -0.5028924098420142, -0.5685563055530793, 0.03898140640656078, 0.9184761003968485, 0.9966848383075022, 0.6891497539368863, -0.06531831703428048, 0.5489455893573896, 0.16164091739574737]
1019.6046142578125	(8, 12, 2)	[0.6758979838029535, 0.1005264326884262, -0.3580617261034569, -0.7897544619790853, -0.1060842352893403, 0.027017671916245378, 0.7311048183038265, 0.7677866018313217, 0.44534870551700423, 0.5091356319374656, -0.5589105667378915, 0.5480900291806301, -0.547250078111031, 1.0, -0.5166927511621408, -0.4895304858003384, -0.9200532947972648, 0.5234802269952319, 0.844403868889293, 0.7374388993983227, -0.7574593780972556, 0.9619010582298779, 0.37951012750982627, 0.14789030900554095, -0.6489129157130848, 0.7797437592771082, 0.8259049234499043, 0.687483344971618, 0.5181500995129573, 0.42874964541271043, -0.9485430044823611, 0.17760890647354688, 0.772243238683805, -0.43357943104093977, -0.5133281779168404, 0.041315210882634235, -0.4812549742092711, -0.9969227831774811, 0.1478613257991226, -0.011112348124228372, 0.993678467001009, 0.10451187567715792, -0.8423406757619022, 0.29301694470597384, 0.5131026732141242, 0.1963289652405109, -0.4706925726641409, -0.4139874876640335, -0.33161828349061806, -0.8006872800638727, 0.39844250940621606, -0.07452266812186803, 1.0, 0.7917453199667788, -0.041467719240707135, -0.9727855124182836, 0.9749620871893676, -0.3375916338971655, -0.4181124843742059, -0.08477506903037647, 0.6495528063703833, -0.038010022868740306, -0.24118342752151098, 0.06725190744499954, 0.29731728216521547, -0.8363007155882161, 0.6028536824603631, 0.16253647509515168, -0.6293806042824983, -0.4972407718367162, 0.9389005388067038, -0.0742921048751013, -1.0, -0.271902449653338, -0.4472087824937634, -0.7753358964945478, 0.767518343223162, 0.9829844216527777, -0.5578184226808789, 0.08524915600484792, -0.982501684236764, -0.08064594834600292, -0.5769122949143555, -0.19629894177850502, 0.8935122078883839, 0.31425323856425025, -0.7594382488370806, 0.332467246164441, 0.957010000065351, -0.4674046913825265, -0.4747920966332111, -0.8356949148362494, 0.6487061522363888, -0.3867562148210111, 0.4839186833527319, -0.8758056168119221, 0.4011909872110562, 0.12195073126281342, 0.07219367205844951, -0.23412235016545724, 0.6150712101099401, 0.19043362682022003, 0.0434255968212911, -0.3216715357933717, 0.2734252678402734, -0.7181333685193869, -0.14400813633204632, 0.5459759967448119, 0.2767288789791818, -0.6843765324475116, 0.7694029758880243, -0.5028924098420142, -0.5685563055530793, -0.3921984256808204, 0.9184761003968485, 0.614974563241943, 0.8555109994245026, -0.2351928072102185, 0.5489455893573896, 0.16164091739574737]
1018.3259887695312	(8, 12, 2)	[0.6250205216783751, -0.11577522821429853, -0.3580617261034569, -0.7897544619790853, -0.06056434947249814, 0.027017671916245378, 0.7311048183038265, 0.5905877973024981, 0.6983816870646622, 0.5091356319374656, -0.5589105667378915, 0.6539892811615668, -0.547250078111031, 1.0, -0.4520693935797231, -0.4895304858003384, -0.9200532947972648, 0.5114587180487928, 0.844403868889293, 0.7374388993983227, -0.7574593780972556, 1.0, 0.37951012750982627, 0.14789030900554095, -0.6489129157130848, 0.7797437592771082, 0.8259049234499043, 0.687483344971618, 0.2013914913635093, -0.2882386061313458, -0.6570949200718655, 0.17760890647354688, 0.5567411868635659, -0.8538099969660139, 0.2844372803207085, 0.041315210882634235, -0.4812549742092711, -0.9969227831774811, -0.9223964080309865, -0.03371089795092735, 0.993678467001009, 0.10451187567715792, 0.06551699129203192, 0.29301694470597384, 0.5131026732141242, 0.19183264751182397, 0.43696652641544476, 0.5831569148360201, -0.8616525541530413, 0.35432190391582497, 0.39844250940621606, -0.15184841838092722, 1.0, 0.20245835219299035, -0.1012035431582265, -0.9865960236389019, 0.9749620871893676, -0.3375916338971655, -0.4181124843742059, -0.08477506903037647, 0.6495528063703833, -0.6443113830131746, -0.30876885642461205, 0.06725190744499954, 0.29731728216521547, 0.5742573339249188, 0.6168722562520199, 0.16253647509515168, -0.672681272108872, -0.4972407718367162, 0.6497731492340193, -0.0742921048751013, -1.0, -0.271902449653338, -0.2849245019061073, -0.7753358964945478, 0.767518343223162, 1.0, 0.8316875690932506, 0.08524915600484792, -0.982501684236764, -0.08064594834600292, -0.5769122949143555, -0.19629894177850502, 0.7309083339061289, 0.31425323856425025, -0.7594382488370806, 0.4057294059618347, 0.957010000065351, -0.4674046913825265, -0.4747920966332111, -0.8356949148362494, -0.13983299469675342, -0.3867562148210111, 0.7982167987775736, -0.8758056168119221, 0.2213560022164034, 0.619039622516314, 0.07219367205844951, -0.23412235016545724, -0.18952416583461726, -0.6487746204855891, -0.08612158195902994, 0.3579465521846168, 0.8838119296370568, -0.7181333685193869, -0.04890411883033008, 0.5459759967448119, 0.2767288789791818, 0.6299131495252022, 0.7694029758880243, -0.5028924098420142, -0.33580997459370154, -0.3921984256808204, 0.8359423193764562, 0.614974563241943, 0.955273556805857, 0.26090434057976286, 0.5667195659134128, -0.03298548485082353]
1019.1190185546875	(8, 12, 2)	[0.6758979838029535, -0.11577522821429853, -0.3580617261034569, -0.7897544619790853, -0.013961860201790577, 0.027017671916245378, 0.7311048183038265, 0.5905877973024981, 0.44534870551700423, 0.5091356319374656, -0.5589105667378915, 0.8742004748166754, -0.547250078111031, 0.2472615260036599, -0.7141157973881878, -0.4895304858003384, -0.9200532947972648, 0.5234802269952319, 0.844403868889293, 0.7374388993983227, -0.7574593780972556, 0.9619010582298779, 0.37951012750982627, 0.012379127412093682, -0.6489129157130848, 0.5074730768808149, 0.8259049234499043, 0.687483344971618, 0.5181500995129573, 0.42874964541271043, -0.7290556982201868, 0.29696436964732187, 0.772243238683805, -0.43357943104093977, 0.10639604333932659, -0.4315823172483322, -0.4812549742092711, -0.9969227831774811, 0.5535136164029466, -0.011112348124228372, 0.993678467001009, 1.0, 0.06551699129203192, 0.29301694470597384, 0.5131026732141242, 0.16646911035684736, 0.43696652641544476, -0.4139874876640335, -0.8616525541530413, -0.6832191083834315, 0.8108755153059539, -0.15184841838092722, 1.0, 0.7917453199667788, -0.07711972815694845, -0.9865960236389019, 0.9740076313034296, -0.25334569410857743, -0.4181124843742059, -0.11142871809786703, -0.630130494627129, -0.1325374593673024, -0.30876885642461205, -0.219430204173304, 0.5092856577989453, -0.8363007155882161, 0.6168722562520199, 0.16253647509515168, -0.672681272108872, -0.4972407718367162, 0.9389005388067038, -0.0742921048751013, -1.0, -0.271902449653338, -0.4472087824937634, -0.7753358964945478, 0.767518343223162, -0.020634584520967003, -0.5578184226808789, 0.08524915600484792, -0.9467184603102694, -0.08064594834600292, -0.6225939099574693, -0.19629894177850502, 0.8935122078883839, 0.21455119505784898, -0.7594382488370806, 0.332467246164441, 0.957010000065351, -0.39024822250432417, -0.4747920966332111, -0.8356949148362494, 0.7632620173832848, -0.3867562148210111, 0.4839186833527319, -0.8758056168119221, 0.5650309003683874, -0.095852417691521, 0.07219367205844951, -0.23412235016545724, -0.13663173318552457, 0.19043362682022003, 0.0434255968212911, -0.3216715357933717, 0.2734252678402734, -0.7181333685193869, -0.14400813633204632, 0.5780078033618181, 0.2767288789791818, -0.6843765324475116, 0.7336635120122628, -0.5028924098420142, 0.5158426005516414, -0.3921984256808204, 0.9184761003968485, 0.614974563241943, 0.9324156863211974, 0.26090434057976286, 0.5667195659134128, -0.06502818941920624]
1018.8855590820312	(8, 12, 2)	[0.6758979838029535, -0.11577522821429853, -0.3580617261034569, -0.7897544619790853, -0.06056434947249814, -0.2998159394276687, 0.7311048183038265, 0.5905877973024981, 0.44534870551700423, 0.5091356319374656, -0.5589105667378915, 0.6539892811615668, -0.547250078111031, 0.1638206291180394, -0.4520693935797231, -0.4895304858003384, -0.9200532947972648, 0.5114587180487928, 0.844403868889293, 0.7374388993983227, -0.15805840481122713, 1.0, 0.37951012750982627, 0.14789030900554095, -0.6489129157130848, 0.7797437592771082, 0.8259049234499043, 0.687483344971618, 0.2013914913635093, -0.2882386061313458, -0.7290556982201868, 0.3945728829137869, 0.5567411868635659, -0.43357943104093977, 0.2844372803207085, -0.4315823172483322, -0.4812549742092711, -0.9969227831774811, 0.5535136164029466, -0.03371089795092735, 0.993678467001009, 0.10451187567715792, 0.06551699129203192, 0.11471646311423833, 0.5131026732141242, 0.19183264751182397, 0.43696652641544476, -0.5932244811549181, -0.8616525541530413, 0.35432190391582497, 0.39844250940621606, -0.15184841838092722, 1.0, 0.20245835219299035, -0.1012035431582265, -0.9727855124182836, 0.9512380801585398, -0.3375916338971655, -0.4181124843742059, -0.11142871809786703, 0.6495528063703833, -0.6443113830131746, -0.30876885642461205, 0.06725190744499954, 0.29731728216521547, -0.8363007155882161, 0.6168722562520199, 0.16253647509515168, -0.672681272108872, -0.4972407718367162, 0.9389005388067038, -0.0742921048751013, -1.0, -0.271902449653338, -0.4472087824937634, -0.7753358964945478, 0.767518343223162, 0.961284396342138, 0.8316875690932506, 0.08524915600484792, -1.0, -0.08064594834600292, -0.5769122949143555, -0.19629894177850502, 0.7309083339061289, 0.31425323856425025, -0.5736996751867988, 0.38799891647146884, 0.957010000065351, -0.4674046913825265, -0.4747920966332111, -0.8356949148362494, -0.13983299469675342, -0.3867562148210111, 0.7982167987775736, -0.8758056168119221, 0.2213560022164034, 0.619039622516314, 0.07219367205844951, -0.23412235016545724, -0.1004301632921458, -0.6487746204855891, -0.24312928997186112, 0.3579465521846168, 0.8838119296370568, -0.7181333685193869, -0.04890411883033008, 0.5459759967448119, 0.2767288789791818, -0.6843765324475116, 0.7694029758880243, -0.5028924098420142, -0.33580997459370154, -0.3921984256808204, 0.8359423193764562, 0.6671486506219068, 0.9324156863211974, 0.26090434057976286, 0.5489455893573896, -0.03298548485082353]
1019.0142822265625	(8, 12, 2)	[0.6758979838029535, -0.11577522821429853, -0.3580617261034569, -0.7897544619790853, -0.06056434947249814, -0.2998159394276687, 0.7311048183038265, 0.6206908080891874, 0.44534870551700423, 0.5091356319374656, -0.5589105667378915, 0.7833072237823091, -0.30756479321152524, 0.3444783362852033, -0.4520693935797231, -0.505724785833437, -0.9934622413291725, 0.5114587180487928, 0.844403868889293, -0.6717103264837918, -0.7574593780972556, 0.9619010582298779, 0.37951012750982627, 0.14789030900554095, -0.6489129157130848, 0.8919828946388875, 0.8259049234499043, 0.687483344971618, -0.7186289933873813, -0.2882386061313458, -0.7290556982201868, 0.17760890647354688, 0.9140979640024585, -0.43357943104093977, 0.2844372803207085, 0.2844518722409402, -0.4812549742092711, -0.9722657369122573, 0.5535136164029466, -0.011112348124228372, 0.993678467001009, 0.7058311926849112, -1.0, 0.29301694470597384, 0.5131026732141242, 0.1963289652405109, 0.43696652641544476, -0.4139874876640335, -0.8616525541530413, 0.09956141995046855, 0.5161451168266428, -0.15184841838092722, 1.0, 0.7917453199667788, -0.1012035431582265, -0.9727855124182836, 0.9749620871893676, -0.2599708878608282, -0.4181124843742059, -0.08477506903037647, -0.630130494627129, -0.1325374593673024, -0.30876885642461205, 0.06725190744499954, 0.39165646235245477, 0.5742573339249188, 0.9434771880283854, 0.16253647509515168, -0.672681272108872, -0.4972407718367162, 0.9389005388067038, -0.0742921048751013, -1.0, -0.271902449653338, -0.2849245019061073, -0.7753358964945478, 0.767518343223162, -0.020634584520967003, -0.5578184226808789, 0.023291942148094213, -1.0, -0.08064594834600292, -0.5769122949143555, -0.19629894177850502, 0.7309083339061289, -0.5195996406053252, -0.7594382488370806, 0.4057294059618347, 0.957010000065351, -0.4450886576560314, -0.4747920966332111, -0.8356949148362494, 0.6537561702058748, -0.3867562148210111, 0.494776703463261, -0.8214664498416234, 0.3939635120954907, -0.095852417691521, 0.07219367205844951, -0.21211356276251214, 0.6150712101099401, 0.19043362682022003, 0.04568867196806291, -0.3216715357933717, 0.3639103502218549, 0.5455858865340533, -0.04890411883033008, 0.6506516552484806, 0.2767288789791818, -0.6843765324475116, 0.7694029758880243, -0.5028924098420142, -0.2989114737968278, 0.03898140640656078, 0.8359423193764562, 0.5789259260245836, 0.955273556805857, 0.26090434057976286, 0.5489455893573896, 0.16164091739574737]
1019.5918579101562	(8, 12, 2)	[0.6758979838029535, 0.4111986654978512, -0.3580617261034569, -0.7897544619790853, -0.06056434947249814, -0.5816907769659145, 0.7311048183038265, 0.6286223131615243, 0.6983816870646622, 0.5091356319374656, -0.5589105667378915, 0.8742004748166754, -0.4576862178612258, 0.3444783362852033, -0.3698986770600423, -0.4895304858003384, -0.9200532947972648, 0.5114587180487928, 0.844403868889293, 0.7374388993983227, -0.19991639297796793, 0.9018987366355611, 0.37951012750982627, 0.14789030900554095, -0.7028435418405458, 0.8919828946388875, 0.8259049234499043, 0.687483344971618, -0.7186289933873813, 0.42874964541271043, -0.9485430044823611, 0.17760890647354688, 0.5567411868635659, -0.8538099969660139, 0.10639604333932659, -0.4315823172483322, -0.4812549742092711, -0.9722657369122573, 0.6194756729959223, -0.3787830956533421, 0.993678467001009, 1.0, -1.0, 0.29301694470597384, 0.5131026732141242, 0.1963289652405109, 0.7606887114624019, -0.4139874876640335, -0.8616525541530413, -0.8006872800638727, 0.5161451168266428, -0.15184841838092722, 1.0, 0.7917453199667788, -0.041467719240707135, 0.5811318959965085, 0.9749620871893676, -0.3375916338971655, -0.4181124843742059, -0.11142871809786703, -0.630130494627129, -0.6443113830131746, -0.30876885642461205, 0.06725190744499954, 0.29731728216521547, -0.8363007155882161, 0.9434771880283854, 0.16253647509515168, -0.672681272108872, -0.4972407718367162, 0.9389005388067038, -0.0742921048751013, -1.0, -0.271902449653338, -0.4472087824937634, -0.7438703276113995, 0.767518343223162, -0.020634584520967003, -0.5578184226808789, 0.08524915600484792, -1.0, -0.08064594834600292, -0.6225939099574693, -0.19629894177850502, 0.7309083339061289, -0.34185928276878286, -0.7594382488370806, 0.26419543646632637, 0.957010000065351, -0.4674046913825265, -0.4747920966332111, -0.8356949148362494, -0.13983299469675342, -0.3867562148210111, 0.494776703463261, -0.8214664498416234, 0.4011909872110562, -0.095852417691521, 0.07219367205844951, 0.9339543235441629, -0.20545253872124647, 0.07345557347581204, 0.0434255968212911, 0.3579465521846168, 0.3639103502218549, 0.5455858865340533, -0.04890411883033008, 0.6492955797655944, 0.2767288789791818, -0.6843765324475116, 0.7694029758880243, 0.23044609913503258, 0.594552991324847, -0.3921984256808204, 0.9184761003968485, 0.5789259260245836, 0.9324156863211974, 0.26090434057976286, 0.5489455893573896, 0.16164091739574737]
1019.877685546875	(8, 12, 2)	[0.6250205216783751, 0.4111986654978512, -0.3580617261034569, -0.7897544619790853, -0.06056434947249814, -0.6587031080171849, 0.7311048183038265, 0.7677866018313217, 0.44534870551700423, 0.5091356319374656, -0.5589105667378915, 0.8742004748166754, -0.547250078111031, 0.2625559139577171, -0.7141157973881878, -0.4895304858003384, -0.9934622413291725, 0.5114587180487928, 0.844403868889293, -0.6717103264837918, -0.7574593780972556, 0.9619010582298779, 0.37951012750982627, 0.14789030900554095, -0.6489129157130848, 0.7797437592771082, 0.8259049234499043, 0.687483344971618, 0.2013914913635093, 0.42874964541271043, -0.9485430044823611, 0.17760890647354688, 0.772243238683805, -0.8538099969660139, -0.4391323322668491, 0.041315210882634235, -0.4812549742092711, -0.9969227831774811, 0.5535136164029466, -0.3787830956533421, 0.993678467001009, 0.6100390305364718, -1.0, 0.29301694470597384, 0.5131026732141242, 0.19183264751182397, 0.7606887114624019, -0.5932244811549181, -0.8616525541530413, -0.8006872800638727, 0.39844250940621606, -0.15184841838092722, 0.7138996421538182, 0.7917453199667788, -0.1945444569250654, -0.9727855124182836, 0.9512380801585398, -0.3375916338971655, -0.4181124843742059, -0.11142871809786703, -0.630130494627129, -0.6443113830131746, -0.30876885642461205, 0.06725190744499954, 0.39165646235245477, -0.8363007155882161, 0.9434771880283854, 0.16253647509515168, -0.672681272108872, -0.8468393834060475, 0.6497731492340193, -0.0742921048751013, -1.0, -0.271902449653338, -0.5376522198482148, -0.7753358964945478, 0.767518343223162, -0.020634584520967003, 0.17730975740652655, 0.023291942148094213, 0.567851101092739, -0.08064594834600292, -0.6225939099574693, -0.19629894177850502, 0.8935122078883839, 0.42384783089940364, -0.7594382488370806, 0.43041541619820506, 0.957010000065351, -0.4674046913825265, -0.4747920966332111, -0.8356949148362494, -0.13983299469675342, -0.875970162257175, 0.7982167987775736, -0.8214664498416234, 0.4011909872110562, -0.095852417691521, 0.07219367205844951, -0.23412235016545724, 0.6150712101099401, -0.6487746204855891, 0.0434255968212911, -0.3216715357933717, 0.2734252678402734, -0.7181333685193869, -0.04890411883033008, 0.5780078033618181, 0.2767288789791818, -0.6843765324475116, 0.7694029758880243, -0.5028924098420142, -0.33580997459370154, -0.3921984256808204, 0.9184761003968485, 0.614974563241943, 0.8555109994245026, 0.26090434057976286, 0.6991972012330853, -0.11968747802986088]
1018.4906005859375	(8, 12, 2)	[0.7405620420782792, 0.4111986654978512, -0.3580617261034569, -0.7897544619790853, -0.1060842352893403, 0.027017671916245378, 0.7311048183038265, 0.7677866018313217, 0.44534870551700423, 0.5091356319374656, -0.5589105667378915, 0.8742004748166754, -0.4576862178612258, 0.2472615260036599, -0.7141157973881878, -0.4895304858003384, -0.9200532947972648, 0.5114587180487928, 0.844403868889293, 0.7374388993983227, -0.7574593780972556, 0.9619010582298779, 0.37951012750982627, 0.14789030900554095, -0.6489129157130848, 0.7797437592771082, 0.6392440133473984, 0.687483344971618, 0.5181500995129573, -0.2882386061313458, -0.7075068873229452, 0.2962979971364919, 0.5567411868635659, -0.43357943104093977, 0.2844372803207085, -0.4315823172483322, -0.4812549742092711, -0.9969227831774811, 0.1478613257991226, -0.011112348124228372, 0.993678467001009, 0.10451187567715792, 0.06551699129203192, 0.29301694470597384, 0.5131026732141242, -0.1331622299639812, 0.7606887114624019, 0.5831569148360201, -0.33161828349061806, 0.2431804930118293, 0.8108755153059539, -0.15184841838092722, 1.0, 0.7917453199667788, -0.07711972815694845, -0.9727855124182836, 0.9749620871893676, -0.3375916338971655, -0.4181124843742059, 0.5798394678504017, 0.6495528063703833, -0.6443113830131746, -0.30876885642461205, 0.06725190744499954, 0.29731728216521547, -0.8363007155882161, 0.9434771880283854, 0.16253647509515168, -0.672681272108872, -0.8468393834060475, 0.9389005388067038, -0.0742921048751013, -1.0, -0.271902449653338, -0.4472087824937634, -0.7753358964945478, 0.767518343223162, -0.020634584520967003, -0.5578184226808789, 0.08524915600484792, -0.9268826292902529, -0.08064594834600292, -0.6225939099574693, -0.19629894177850502, 0.8935122078883839, -0.5195996406053252, -0.7594382488370806, 0.4057294059618347, 0.957010000065351, -0.4674046913825265, -0.4747920966332111, -0.8356949148362494, -0.13983299469675342, -0.3867562148210111, 0.7982167987775736, -0.8758056168119221, 0.4011909872110562, -0.095852417691521, 0.07219367205844951, 0.9339543235441629, -0.1004301632921458, -0.6487746204855891, 0.0434255968212911, 0.24429445023786456, 0.8838119296370568, 0.5455858865340533, -0.3539684228293294, 0.5644266776913688, 0.2767288789791818, 0.04605090442810633, 0.7336635120122628, 0.23044609913503258, -0.33580997459370154, 0.03530547164312986, 0.9184761003968485, 0.6671486506219068, 0.9324156863211974, -0.2351928072102185, 0.5489455893573896, -0.03298548485082353]
1018.3928833007812	(8, 12, 2)	[0.6758979838029535, 0.4111986654978512, -0.3580617261034569, -0.7897544619790853, -0.06056434947249814, -0.6587031080171849, 0.7311048183038265, 0.7677866018313217, 0.44534870551700423, 0.5206455621857771, -0.5589105667378915, 0.7833072237823091, -0.547250078111031, 1.0, -0.5166927511621408, -0.4895304858003384, -0.9200532947972648, 0.5234802269952319, 0.844403868889293, -0.6717103264837918, -0.7574593780972556, 0.9619010582298779, 0.37951012750982627, 0.14789030900554095, -0.6489129157130848, 0.8919828946388875, 0.6392440133473984, 0.687483344971618, 0.2013914913635093, -0.2882386061313458, -0.9485430044823611, 0.4088397077910933, 0.772243238683805, -0.8529706587684875, -0.5133281779168404, 0.041315210882634235, -0.4812549742092711, -0.9969227831774811, 0.6472558241930202, -0.011112348124228372, 0.993678467001009, 1.0, 0.06551699129203192, 0.29301694470597384, 0.5131026732141242, 0.1963289652405109, -0.4706925726641409, 0.5831569148360201, -0.33161828349061806, 0.2431804930118293, 0.5161451168266428, -0.15184841838092722, 0.7941902156593389, 0.7917453199667788, -0.1012035431582265, -0.9727855124182836, 0.9749620871893676, -0.3375916338971655, -0.4181124843742059, -0.11142871809786703, -0.630130494627129, -0.6443113830131746, -0.30876885642461205, -0.11269477139300352, 0.29731728216521547, 0.5742573339249188, 0.6028536824603631, 0.16253647509515168, -0.672681272108872, -0.4972407718367162, 0.9389005388067038, -0.0742921048751013, -1.0, -0.271902449653338, -0.43124185288371897, -0.7753358964945478, 0.767518343223162, -0.020634584520967003, -0.5578184226808789, 0.08524915600484792, -0.982501684236764, -0.08064594834600292, -0.5769122949143555, -0.19629894177850502, 0.8935122078883839, 0.31425323856425025, -0.7594382488370806, -0.8829319459822846, -0.42799120272913294, -0.4674046913825265, -0.4747920966332111, -0.8356949148362494, 0.6487061522363888, -0.32820046376006934, 0.4839186833527319, -0.8214664498416234, 0.4011909872110562, 0.46177312552898386, 0.07219367205844951, 0.8702269893114792, -0.20545253872124647, 0.19043362682022003, 0.0434255968212911, 0.3579465521846168, 0.8838119296370568, -0.7181333685193869, -0.04890411883033008, 0.5459759967448119, 0.2767288789791818, 0.04605090442810633, 0.7694029758880243, -0.5028924098420142, 0.5158426005516414, -0.3921984256808204, 0.9184761003968485, 0.5789259260245836, 0.9324156863211974, -0.2351928072102185, 0.5489455893573896, -0.03298548485082353]
1019.8353271484375	(8, 12, 2)	[0.6250205216783751, -0.11577522821429853, -0.3580617261034569, -0.7897544619790853, -0.1060842352893403, -0.2998159394276687, 0.7311048183038265, 0.5905877973024981, 0.44543766818922326, 0.5091356319374656, -0.49894992361360985, 0.8742004748166754, -0.5585847372445731, 0.2625559139577171, -0.7141157973881878, -0.4895304858003384, -0.9934622413291725, 0.5234802269952319, 0.844403868889293, -0.6717103264837918, -0.19991639297796793, 0.9619010582298779, 0.37951012750982627, 0.14789030900554095, -0.6489129157130848, 0.7797437592771082, 0.6392440133473984, 0.687483344971618, 0.2013914913635093, -0.2882386061313458, -0.9485430044823611, 0.17760890647354688, 0.772243238683805, -0.9827720226907126, 0.10639604333932659, 0.041315210882634235, -0.4812549742092711, -0.9969227831774811, 0.5535136164029466, -0.011112348124228372, 1.0, 0.6100390305364718, 0.009426929614092368, 0.11471646311423833, 0.5131026732141242, 0.1963289652405109, 0.43696652641544476, -0.6112719385544443, -1.0, -0.8006872800638727, 0.8108755153059539, -0.15184841838092722, 0.7138996421538182, 0.7917453199667788, -0.07711972815694845, -0.9865960236389019, 0.9512380801585398, -0.3375916338971655, -0.4181124843742059, -0.11142871809786703, -0.630130494627129, -0.6443113830131746, -0.30876885642461205, 0.05841846737484491, 0.39165646235245477, -0.8363007155882161, 0.9434771880283854, 0.16253647509515168, -0.672681272108872, -0.8468393834060475, 0.9389005388067038, -0.0742921048751013, -0.907315698364698, -0.271902449653338, -0.5376522198482148, -0.7753358964945478, 0.767518343223162, -0.020634584520967003, 0.8316875690932506, 0.08524915600484792, 0.567851101092739, -0.08064594834600292, -0.5769122949143555, -0.19629894177850502, 0.8935122078883839, 0.31425323856425025, -0.7594382488370806, 0.38799891647146884, 0.957010000065351, -0.4674046913825265, -0.4747920966332111, -0.8356949148362494, -0.13983299469675342, -0.3867562148210111, 0.5122711623540935, -0.8758056168119221, 0.4011909872110562, -0.095852417691521, 0.15442021178376575, 0.9339543235441629, 0.6150712101099401, -0.6487746204855891, 0.0434255968212911, 0.3579465521846168, 0.8838119296370568, -0.7181333685193869, -0.04890411883033008, 0.6506516552484806, 0.2767288789791818, -0.6843765324475116, 0.7694029758880243, -0.5028924098420142, -0.33580997459370154, -0.3921984256808204, 0.9184761003968485, 0.614974563241943, 0.955273556805857, 0.26090434057976286, 0.5489455893573896, -0.11968747802986088]
1019.9628295898438	(8, 12, 2)	[0.6250205216783751, -0.11577522821429853, -0.3580617261034569, -0.7897544619790853, -0.1060842352893403, -0.2998159394276687, 0.7311048183038265, 0.5905877973024981, 0.44543766818922326, 0.5091356319374656, -0.49894992361360985, 0.8742004748166754, -0.5585847372445731, 0.2625559139577171, -0.7141157973881878, -0.4895304858003384, -0.9934622413291725, 0.5234802269952319, 0.844403868889293, -0.6717103264837918, -0.19991639297796793, 0.9619010582298779, 0.37951012750982627, 0.14789030900554095, -0.6489129157130848, 0.7797437592771082, 0.6392440133473984, 0.687483344971618, 0.2013914913635093, -0.2882386061313458, -0.9485430044823611, 0.17760890647354688, 0.772243238683805, -0.9827720226907126, 0.10639604333932659, 0.041315210882634235, -0.4812549742092711, -0.9969227831774811, 0.5535136164029466, -0.011112348124228372, 1.0, 0.6100390305364718, 0.009426929614092368, 0.11471646311423833, 0.5131026732141242, 0.1963289652405109, 0.43696652641544476, -0.6112719385544443, -1.0, -0.8006872800638727, 0.8108755153059539, -0.15184841838092722, 0.7138996421538182, 0.7917453199667788, -0.07711972815694845, -0.9865960236389019, 0.9512380801585398, -0.3375916338971655, -0.4181124843742059, -0.11142871809786703, -0.630130494627129, -0.6443113830131746, -0.30876885642461205, 0.05841846737484491, 0.39165646235245477, -0.8363007155882161, 0.9434771880283854, 0.16253647509515168, -0.672681272108872, -0.8468393834060475, 0.9389005388067038, -0.0742921048751013, -0.907315698364698, -0.271902449653338, -0.5376522198482148, -0.7753358964945478, 0.767518343223162, -0.020634584520967003, 0.8316875690932506, 0.08524915600484792, 0.567851101092739, -0.08064594834600292, -0.5769122949143555, -0.19629894177850502, 0.8935122078883839, 0.31425323856425025, -0.7594382488370806, 0.38799891647146884, 0.957010000065351, -0.4674046913825265, -0.4747920966332111, -0.8356949148362494, -0.13983299469675342, -0.3867562148210111, 0.5122711623540935, -0.8758056168119221, 0.4011909872110562, -0.095852417691521, 0.15442021178376575, 0.9339543235441629, 0.6150712101099401, -0.6487746204855891, 0.0434255968212911, 0.3579465521846168, 0.8838119296370568, -0.7181333685193869, -0.04890411883033008, 0.6506516552484806, 0.2767288789791818, -0.6843765324475116, 0.7694029758880243, -0.5028924098420142, -0.33580997459370154, -0.3921984256808204, 0.9184761003968485, 0.614974563241943, 0.955273556805857, 0.26090434057976286, 0.5489455893573896, -0.11968747802986088]
1017.8590698242188	(8, 12, 2)	[0.7405620420782792, -0.11577522821429853, -0.3580617261034569, -0.7897544619790853, -0.1060842352893403, -0.5816907769659145, 0.7311048183038265, 0.5905877973024981, 0.6983816870646622, 0.5091356319374656, -0.5589105667378915, 0.8742004748166754, -0.30756479321152524, 1.0, -0.5166927511621408, -0.4895304858003384, -0.9200532947972648, 0.5114587180487928, 0.844403868889293, -0.6717103264837918, -0.19991639297796793, 1.0, 0.37951012750982627, 0.14789030900554095, -0.6489129157130848, 0.7797437592771082, 0.6392440133473984, 0.687483344971618, 0.5181500995129573, -0.2882386061313458, -0.7290556982201868, 0.2962979971364919, 0.5567411868635659, -0.45469007557042895, 0.10639604333932659, -0.4315823172483322, -0.4812549742092711, -0.9969227831774811, 0.5535136164029466, -0.3787830956533421, 0.993678467001009, 0.10451187567715792, 0.06551699129203192, 0.29301694470597384, 0.5131026732141242, -0.1331622299639812, 0.7606887114624019, 0.5831569148360201, -0.8616525541530413, 0.40591238904348936, 0.39844250940621606, -0.15184841838092722, 0.8584466918891881, 0.7917453199667788, -0.07711972815694845, -0.9865960236389019, 0.9749620871893676, -0.3375916338971655, -0.4181124843742059, 0.5798394678504017, -0.630130494627129, -0.6443113830131746, -0.30876885642461205, 0.06725190744499954, 0.5092856577989453, 0.5742573339249188, 0.7520521750364838, 0.16253647509515168, -0.672681272108872, -0.7560680487376861, 0.9389005388067038, -0.0742921048751013, -1.0, -0.271902449653338, -0.5376522198482148, -0.7753358964945478, 0.767518343223162, 0.961284396342138, -0.5578184226808789, -0.023184360461154296, -0.982501684236764, -0.08064594834600292, -0.6225939099574693, -0.19629894177850502, 0.8935122078883839, 0.36999173390914847, -0.7594382488370806, 0.4057294059618347, -0.41474644997511295, -0.4674046913825265, -0.4747920966332111, -0.8356949148362494, 0.7632620173832848, -0.3867562148210111, 0.7982167987775736, -0.8885958277056744, 0.6282981647219386, 0.5890964332406656, 0.1722609106865644, 0.8702269893114792, -0.2399326400236017, 0.19043362682022003, 0.0434255968212911, 0.3579465521846168, 0.2734252678402734, -0.7181333685193869, -0.04890411883033008, 0.6506516552484806, 0.2767288789791818, -0.7593798115223301, 0.7694029758880243, 0.06872738216370644, 0.5158426005516414, -0.3921984256808204, 0.9184761003968485, 0.6356176771805386, 0.955273556805857, 0.26090434057976286, 0.5489455893573896, -0.03298548485082353]
1019.8331298828125	(8, 12, 2)	[0.6250205216783751, -0.11577522821429853, -0.3580617261034569, -0.7897544619790853, -0.1060842352893403, -0.2998159394276687, 0.7311048183038265, 0.5905877973024981, 0.44543766818922326, 0.5091356319374656, -0.49894992361360985, 0.8742004748166754, -0.5585847372445731, 0.2625559139577171, -0.7141157973881878, -0.4895304858003384, -0.9934622413291725, 0.576038296481877, 0.844403868889293, -0.6717103264837918, -0.19991639297796793, 0.9619010582298779, 0.37951012750982627, 0.14789030900554095, -0.6489129157130848, 0.7797437592771082, 0.6392440133473984, 0.687483344971618, 0.2013914913635093, -0.2882386061313458, -0.9485430044823611, 0.17760890647354688, 0.772243238683805, -0.9827720226907126, 0.10639604333932659, 0.041315210882634235, -0.4812549742092711, -0.9969227831774811, 0.5535136164029466, -0.011112348124228372, 1.0, 0.6100390305364718, 0.009426929614092368, 0.11471646311423833, 0.5131026732141242, 0.1963289652405109, 0.43696652641544476, -0.6112719385544443, -1.0, -0.8006872800638727, 0.8108755153059539, -0.15184841838092722, 0.7138996421538182, 0.7917453199667788, -0.07711972815694845, -0.9865960236389019, 0.9512380801585398, -0.3375916338971655, -0.4181124843742059, -0.11142871809786703, -0.630130494627129, -0.6443113830131746, -0.30876885642461205, 0.05841846737484491, 0.39165646235245477, -0.8363007155882161, 0.9434771880283854, 0.16253647509515168, -0.672681272108872, -0.8468393834060475, 0.9389005388067038, -0.0742921048751013, -0.907315698364698, -0.271902449653338, -0.5376522198482148, -0.7753358964945478, 0.767518343223162, -0.020634584520967003, 0.8316875690932506, 0.08524915600484792, 0.567851101092739, -0.08064594834600292, -0.5769122949143555, -0.19629894177850502, 0.8935122078883839, 0.31425323856425025, -0.7594382488370806, 0.38799891647146884, 0.957010000065351, -0.4674046913825265, -0.4747920966332111, -0.8356949148362494, -0.13983299469675342, -0.3867562148210111, 0.5122711623540935, -0.8758056168119221, 0.4011909872110562, -0.095852417691521, 0.15442021178376575, 0.9339543235441629, 0.6150712101099401, -0.6487746204855891, 0.0434255968212911, 0.3579465521846168, 0.8838119296370568, -0.7181333685193869, -0.04890411883033008, 0.6506516552484806, 0.2767288789791818, -0.6843765324475116, 0.7694029758880243, -0.5028924098420142, -0.33580997459370154, -0.3921984256808204, 0.9184761003968485, 0.614974563241943, 0.955273556805857, 0.26090434057976286, 0.5489455893573896, -0.11968747802986088]
1018.9788208007812	(8, 12, 2)	[0.7405620420782792, 0.4111986654978512, -0.3580617261034569, -0.7897544619790853, -0.1060842352893403, -0.2998159394276687, 0.7311048183038265, 0.5905877973024981, 0.5284627838276301, 0.5091356319374656, -0.5589105667378915, 0.8524322575723694, -0.547250078111031, 0.3444783362852033, -0.4520693935797231, -0.4895304858003384, -0.9200532947972648, 0.5234802269952319, 0.844403868889293, 0.7374388993983227, -0.19991639297796793, 0.9619010582298779, 0.5746930995372692, 0.14789030900554095, -0.6489129157130848, 0.9185205031722451, 0.6392440133473984, 0.687483344971618, -0.7186289933873813, -0.2882386061313458, -0.9485430044823611, 0.2962979971364919, 0.772243238683805, -0.43357943104093977, 0.10639604333932659, -0.4315823172483322, -0.4812549742092711, -0.9969227831774811, 0.5535136164029466, -0.3787830956533421, 0.993678467001009, 1.0, 0.06551699129203192, 0.29301694470597384, 0.5131026732141242, 0.1963289652405109, 0.5363950835607978, -0.5932244811549181, -0.8616525541530413, 0.35432190391582497, 0.5161451168266428, -0.15184841838092722, 1.0, 0.7917453199667788, -0.07711972815694845, -0.9865960236389019, 0.9749620871893676, -0.3375916338971655, -0.4181124843742059, -0.11142871809786703, 0.6495528063703833, -0.6443113830131746, -0.30876885642461205, 0.06725190744499954, -0.5810272449208096, 0.22902745428529525, 0.7520521750364838, 0.16253647509515168, -0.672681272108872, -0.8468393834060475, 0.9389005388067038, -0.0742921048751013, -1.0, -0.271902449653338, -0.4472087824937634, -0.7753358964945478, 0.767518343223162, -0.020634584520967003, -0.6516128983532067, 0.012584583603243896, -1.0, -0.08064594834600292, -0.6225939099574693, -0.19629894177850502, 0.9667537273761235, -0.5195996406053252, -0.5736996751867988, 0.332467246164441, -0.47659202610813356, -0.4545034563250281, -0.4747920966332111, -0.8356949148362494, 0.7632620173832848, -0.3867562148210111, 0.7982167987775736, -0.8758056168119221, 0.4011909872110562, 0.05953712222995455, 0.1722609106865644, 0.8702269893114792, -0.2399326400236017, -0.6487746204855891, -0.08612158195902994, 0.3579465521846168, 0.2734252678402734, -0.7181333685193869, -0.04890411883033008, 0.5780078033618181, 0.2767288789791818, -0.6843765324475116, 0.7694029758880243, -0.5654250883078805, -0.24365478048224998, -0.3921984256808204, 0.9184761003968485, 0.5789259260245836, 0.9324156863211974, 0.26090434057976286, 0.5489455893573896, -0.11968747802986088]
1018.4874877929688	(8, 12, 2)	[0.6758979838029535, 0.23464551863900746, -0.3580617261034569, -0.7897544619790853, -0.1060842352893403, 0.07035331151448833, 0.7311048183038265, 0.7677866018313217, 0.6983816870646622, 0.5091356319374656, -0.5589105667378915, 0.8742004748166754, -0.5367171822806143, 1.0, -0.4520693935797231, -0.4895304858003384, -0.9200532947972648, 0.5114587180487928, 0.844403868889293, 0.7374388993983227, -0.19991639297796793, 1.0, 0.37951012750982627, 0.14789030900554095, -0.6489129157130848, 0.7797437592771082, 0.6392440133473984, 0.687483344971618, 0.2013914913635093, -0.2882386061313458, -0.7290556982201868, 0.17760890647354688, 0.772243238683805, -0.43357943104093977, -0.5133281779168404, 0.055096307241072784, -0.4812549742092711, -0.9969227831774811, 0.5535136164029466, -0.3787830956533421, 0.993678467001009, 0.10451187567715792, -0.8951094038242489, 0.29301694470597384, 0.5131026732141242, -0.1331622299639812, 0.43696652641544476, -0.4139874876640335, -0.8616525541530413, 0.40591238904348936, 0.8108755153059539, -0.15184841838092722, 1.0, 0.7917453199667788, -0.07711972815694845, -0.9865960236389019, 0.9512380801585398, -0.1652362373622397, -0.4181124843742059, -0.08477506903037647, 0.6495528063703833, -0.6443113830131746, -0.30876885642461205, 0.06725190744499954, 0.5092856577989453, 0.22902745428529525, 0.6028536824603631, 0.16253647509515168, -0.672681272108872, -0.4972407718367162, 0.9389005388067038, -0.0742921048751013, -1.0, -0.3113292075280215, -0.4472087824937634, -0.7753358964945478, 0.767518343223162, -0.020634584520967003, -0.5578184226808789, 0.012584583603243896, -0.982501684236764, -0.08064594834600292, -0.6225939099574693, -0.19629894177850502, 0.7309083339061289, 0.31425323856425025, -0.5736996751867988, 0.4057294059618347, 0.957010000065351, -0.4674046913825265, -0.40267151063837253, -0.8356949148362494, 0.7632620173832848, 0.9172145028252182, 0.494776703463261, -0.5868825545846759, 0.4011909872110562, -0.095852417691521, 0.07219367205844951, 0.9339543235441629, -0.13663173318552457, 0.19043362682022003, 0.0434255968212911, 0.24429445023786456, 0.5226916982326544, -0.7181333685193869, -0.04890411883033008, 0.5342646219791651, 0.2767288789791818, -0.7593798115223301, 0.7694029758880243, 0.23044609913503258, -0.33580997459370154, -0.3921984256808204, 0.9184761003968485, 0.6671486506219068, 0.9324156863211974, 0.26090434057976286, 0.5489455893573896, -0.11968747802986088]
1018.8900756835938	(8, 12, 2)	[0.6250205216783751, -0.11577522821429853, -0.3580617261034569, -0.7897544619790853, -0.06056434947249814, -0.2998159394276687, 0.7311048183038265, 0.7677866018313217, 0.44543766818922326, 0.5091356319374656, -0.49894992361360985, 0.8742004748166754, -0.5585847372445731, 1.0, -0.7141157973881878, -0.4895304858003384, -0.9200532947972648, 0.5114587180487928, 0.844403868889293, 0.7374388993983227, -0.7091374797492407, 0.9619010582298779, 0.37951012750982627, 0.14789030900554095, -0.6489129157130848, 0.7797437592771082, 0.6392440133473984, 0.7605870786217245, 0.2013914913635093, -0.2882386061313458, -0.7290556982201868, 0.17760890647354688, 0.772243238683805, -0.45469007557042895, 0.10639604333932659, -0.5056101373924036, -0.4812549742092711, -0.9969227831774811, -0.9223964080309865, -0.011112348124228372, 1.0, 0.23652495112523317, -0.8951094038242489, 0.29301694470597384, 0.5131026732141242, 0.1963289652405109, 0.4770276028497252, 0.5831569148360201, -0.8616525541530413, -0.6832191083834315, 0.5161451168266428, -0.04433776111812071, 0.7138996421538182, 0.20245835219299035, -0.07711972815694845, -1.0, 0.9749620871893676, -0.3375916338971655, -0.4181124843742059, -0.11142871809786703, -0.630130494627129, -0.6443113830131746, -0.30876885642461205, 0.05841846737484491, 0.39165646235245477, -0.8363007155882161, 0.9434771880283854, 0.16253647509515168, -0.672681272108872, -0.7560680487376861, 0.9097762051361904, -0.0742921048751013, -1.0, -0.271902449653338, -0.12009292012013734, -0.7753358964945478, 0.767518343223162, -0.020634584520967003, 0.8316875690932506, -0.023184360461154296, -0.982501684236764, -0.08064594834600292, -0.6225939099574693, -0.19629894177850502, 0.7309083339061289, 0.31425323856425025, -0.7594382488370806, 0.4057294059618347, 0.9104900960101777, -0.4450886576560314, -0.4747920966332111, -0.8356949148362494, -0.13983299469675342, -0.32820046376006934, 0.5122711623540935, -0.8758056168119221, 0.4011909872110562, 0.5890964332406656, 0.1722609106865644, 0.9339543235441629, 0.6150712101099401, 0.19043362682022003, -0.24312928997186112, 0.24429445023786456, 0.2734252678402734, -0.7181333685193869, -0.04890411883033008, 0.5459759967448119, 0.2767288789791818, -0.7593798115223301, 0.7694029758880243, -0.5028924098420142, -0.33580997459370154, -0.3921984256808204, 0.9184761003968485, 0.6671486506219068, 0.9324156863211974, 0.26090434057976286, 0.41868307443814906, -0.03298548485082353]
1019.6242065429688	(8, 12, 2)	[0.6758979838029535, 0.4111986654978512, -0.3580617261034569, -0.7897544619790853, -0.18347059030244683, -0.5816907769659145, 0.7311048183038265, 0.7677866018313217, 0.44534870551700423, 0.5091356319374656, -0.5589105667378915, 0.8742004748166754, -0.30756479321152524, 0.2472615260036599, -0.7141157973881878, -0.4895304858003384, -0.9200532947972648, 0.5114587180487928, 0.844403868889293, 0.7374388993983227, -0.8634305930722455, 0.9619010582298779, 0.37951012750982627, 0.14789030900554095, -0.6489129157130848, 0.8919828946388875, 0.6392440133473984, 0.687483344971618, -0.7186289933873813, -0.2882386061313458, -0.7290556982201868, 0.2962979971364919, 0.5567411868635659, -0.43357943104093977, 0.10639604333932659, -0.4315823172483322, -0.4812549742092711, -1.0, 0.5535136164029466, -0.03371089795092735, 0.993678467001009, 1.0, -0.8951094038242489, 0.29301694470597384, 0.5131026732141242, 0.1963289652405109, 0.7606887114624019, -0.6112719385544443, -0.8616525541530413, 0.09956141995046855, 0.5161451168266428, -0.16103944107605744, 1.0, 0.20245835219299035, -0.07711972815694845, -0.9865960236389019, 0.9740076313034296, -0.1652362373622397, -0.4181124843742059, 0.5798394678504017, 0.6495528063703833, -0.6443113830131746, -0.30876885642461205, 0.06725190744499954, 0.29731728216521547, 0.5742573339249188, 0.6168722562520199, 0.16253647509515168, -0.672681272108872, -0.4972407718367162, 0.9389005388067038, -0.0742921048751013, -1.0, -0.3251018803969894, -0.5376522198482148, -0.8331469140208576, 0.767518343223162, 0.961284396342138, 0.8316875690932506, 0.08524915600484792, -1.0, -0.08064594834600292, -0.5769122949143555, -0.19629894177850502, 0.7309083339061289, -0.5195996406053252, -0.5736996751867988, 0.38799891647146884, 0.957010000065351, -0.4674046913825265, -0.4747920966332111, -0.8356949148362494, 0.11975105493133806, -0.32820046376006934, 0.6672856680213719, -0.8758056168119221, 0.4011909872110562, -0.095852417691521, 0.07219367205844951, 0.8702269893114792, 0.6150712101099401, -0.6487746204855891, -0.24312928997186112, -0.3216715357933717, 0.3639103502218549, -0.7181333685193869, -0.25125151387424655, 0.49704841410665274, 0.2767288789791818, -0.6210109060400577, 0.21029852338098187, -0.5028924098420142, 0.5158426005516414, -0.3921984256808204, 0.9184761003968485, 0.6671486506219068, 0.9324156863211974, 0.3147614190634206, 0.5489455893573896, -0.03298548485082353]
1019.8823852539062	(8, 12, 2)	[0.6758979838029535, -0.11577522821429853, -0.3580617261034569, -0.7897544619790853, -0.1060842352893403, -0.6587031080171849, 0.7311048183038265, 0.6286223131615243, 0.6983816870646622, 0.5091356319374656, -0.5589105667378915, 0.8742004748166754, -0.30756479321152524, 1.0, -0.4520693935797231, -0.4895304858003384, -0.9200532947972648, 0.5114587180487928, 0.844403868889293, 0.7374388993983227, -0.7574593780972556, 1.0, 0.5776698538045819, 0.14789030900554095, -0.423847212032399, 0.8919828946388875, 0.6392440133473984, 0.687483344971618, -0.7186289933873813, -0.2882386061313458, -0.7290556982201868, 0.4088397077910933, 0.5567411868635659, -0.8529706587684875, -0.42015933817659956, 0.041315210882634235, -0.4812549742092711, -1.0, 0.1478613257991226, -0.011112348124228372, 0.993678467001009, 0.10451187567715792, -0.8423406757619022, 0.11471646311423833, 0.5131026732141242, 0.1963289652405109, 0.43369340850859767, 0.5831569148360201, -0.8029272936681646, -0.7732050645533899, 0.8108755153059539, -0.15184841838092722, 0.8584466918891881, 0.7917453199667788, -0.07711972815694845, -0.9727855124182836, 0.9749620871893676, -0.25334569410857743, -0.4181124843742059, 0.5798394678504017, 0.516482722764377, -0.1325374593673024, -0.30876885642461205, 0.05841846737484491, 0.5092856577989453, -0.8363007155882161, 0.9434771880283854, 0.16253647509515168, -0.672681272108872, -0.7454977871139679, 0.9389005388067038, -0.0742921048751013, -1.0, -0.271902449653338, -0.5376522198482148, -0.7753358964945478, 0.767518343223162, -0.020634584520967003, -0.5578184226808789, -0.023184360461154296, -0.982501684236764, -0.08064594834600292, -0.6225939099574693, -0.19629894177850502, 0.7309083339061289, 0.31425323856425025, -0.7594382488370806, 0.38799891647146884, -0.47659202610813356, -0.4674046913825265, -0.4747920966332111, -0.8356949148362494, -0.13983299469675342, -0.3867562148210111, 0.494776703463261, -0.8885958277056744, 0.3939635120954907, -0.09282595934112063, 0.1722609106865644, 0.8702269893114792, 0.6150712101099401, 0.19043362682022003, 0.0434255968212911, 0.3579465521846168, 0.3639103502218549, -0.7181333685193869, -0.04890411883033008, 0.5459759967448119, 0.2767288789791818, 0.6299131495252022, 0.8826560634617152, -0.5028924098420142, 0.5158426005516414, -0.3921984256808204, 0.9184761003968485, 0.6671486506219068, 0.9324156863211974, 0.26090434057976286, 0.5489455893573896, -0.03298548485082353]
1019.6717529296875	(8, 12, 2)	[0.7405620420782792, 0.23464551863900746, -0.3580617261034569, -0.7248953886761085, -0.1060842352893403, -0.6587031080171849, 0.7311048183038265, 0.7677866018313217, 0.44534870551700423, 0.5091356319374656, -0.5589105667378915, 0.8742004748166754, -0.547250078111031, 0.2472615260036599, -0.4520693935797231, -0.4895304858003384, -0.9190382452387096, 0.5114587180487928, 0.844403868889293, 0.7374388993983227, -0.7574593780972556, 0.9619010582298779, 0.37951012750982627, 0.012379127412093682, -0.6489129157130848, 0.7797437592771082, 0.6392440133473984, 0.687483344971618, 0.2013914913635093, -0.2882386061313458, -0.9485430044823611, 0.17760890647354688, 0.5567411868635659, -0.8529706587684875, 0.20226998547877012, -0.4315823172483322, -0.4812549742092711, -0.9969227831774811, -0.9223964080309865, -0.011112348124228372, 0.993678467001009, 0.10451187567715792, -0.8951094038242489, 0.33563331946784886, 0.5131026732141242, 0.1963289652405109, 0.4770276028497252, 0.5831569148360201, -0.8616525541530413, -0.6832191083834315, 0.5161451168266428, -0.15184841838092722, 0.7138996421538182, 0.7917453199667788, -0.07711972815694845, -0.9727855124182836, 0.9749620871893676, -0.3375916338971655, -0.4181124843742059, -0.08477506903037647, -0.5808784558042616, -0.6443113830131746, -0.30876885642461205, 0.06725190744499954, -0.5810272449208096, -0.8363007155882161, 0.9434771880283854, 0.16253647509515168, -0.672681272108872, -0.7560680487376861, 0.6005263829894274, -0.0742921048751013, -0.907315698364698, -0.3251018803969894, -0.5376522198482148, -0.7753358964945478, 0.767518343223162, 0.961284396342138, 0.8316875690932506, 0.012584583603243896, -0.982501684236764, -0.08064594834600292, -0.6225939099574693, -0.19629894177850502, 0.7309083339061289, 0.31425323856425025, -0.7122896770144707, 0.332467246164441, 0.9104900960101777, -0.4674046913825265, -0.4747920966332111, -0.8356949148362494, -0.13983299469675342, -0.3867562148210111, 0.5526287015431466, -0.5868825545846759, 0.4011909872110562, 0.5890964332406656, -0.5113392772912373, 0.8702269893114792, -0.20545253872124647, 0.19043362682022003, 0.0434255968212911, 0.24429445023786456, 0.8838119296370568, -0.7181333685193869, -0.04890411883033008, 0.5459759967448119, 0.2767288789791818, -0.7593798115223301, 0.7694029758880243, -0.5028924098420142, 0.5158426005516414, -0.3921984256808204, 0.9184761003968485, 0.6671486506219068, 0.9324156863211974, 0.26090434057976286, 0.5489455893573896, -0.11968747802986088]
1017.2596435546875	(8, 12, 2)	[0.6758979838029535, 0.4111986654978512, -0.3580617261034569, -0.7897544619790853, -0.06056434947249814, -0.5816907769659145, 0.7311048183038265, 0.7677866018313217, 0.44534870551700423, 0.5091356319374656, -0.5589105667378915, 0.8742004748166754, -0.547250078111031, 0.2472615260036599, -0.7141157973881878, -0.4895304858003384, -0.9200532947972648, 0.5234802269952319, 0.844403868889293, -0.6717103264837918, -0.8634305930722455, 0.9619010582298779, 0.37951012750982627, 0.14789030900554095, -0.6489129157130848, 0.7797437592771082, 0.6392440133473984, 0.687483344971618, -0.7186289933873813, -0.20141398847431632, -0.7290556982201868, 0.2962979971364919, 0.772243238683805, -0.8529706587684875, 0.10639604333932659, -0.4315823172483322, -0.4812549742092711, -1.0, 0.5535136164029466, -0.3787830956533421, 0.993678467001009, 0.10451187567715792, -0.8951094038242489, 0.29301694470597384, 0.5131026732141242, 0.1963289652405109, 0.4770276028497252, -0.6112719385544443, -0.80849912916074, 0.09956141995046855, 0.8108755153059539, -0.16103944107605744, 0.7138996421538182, 0.8481520025068976, -0.07711972815694845, -0.8581120432680309, 0.9740076313034296, -0.1652362373622397, -0.4181124843742059, -0.11142871809786703, -0.630130494627129, -0.6443113830131746, -0.30876885642461205, 0.06725190744499954, 0.5092856577989453, -0.8363007155882161, 0.9434771880283854, 0.16253647509515168, -0.672681272108872, -0.4972407718367162, 0.6005263829894274, -0.0742921048751013, -0.8463450651159797, -0.3251018803969894, -0.3955065117854324, -0.7753358964945478, 0.767518343223162, -0.020634584520967003, -0.5578184226808789, 0.012584583603243896, -0.8704172849874399, -0.023188827569676614, -0.6619617750006223, -0.19629894177850502, 0.7309083339061289, 0.21455119505784898, 0.17935363472525995, 0.4057294059618347, 0.957010000065351, -0.4674046913825265, -0.40267151063837253, -0.8356949148362494, -0.13983299469675342, -0.32820046376006934, 0.7982167987775736, -0.8758056168119221, 0.4011909872110562, -0.095852417691521, 0.07219367205844951, -0.23412235016545724, 0.6150712101099401, -0.7918440911209745, -0.08612158195902994, 0.24429445023786456, 0.2734252678402734, -0.7181333685193869, -0.04890411883033008, 0.5459759967448119, 0.2767288789791818, -0.6225252003427761, 0.7694029758880243, -0.5654250883078805, 0.5158426005516414, 0.03530547164312986, 0.9184761003968485, 0.6671486506219068, 0.9324156863211974, 0.26090434057976286, 0.5489455893573896, -0.03298548485082353]
1019.6519165039062	(8, 12, 2)	[0.7405620420782792, 0.23464551863900746, -0.3580617261034569, -0.7897544619790853, -0.1060842352893403, -0.2998159394276687, 0.6698950526305069, 0.5905877973024981, 0.44534870551700423, 0.5091356319374656, -0.5589105667378915, 0.8742004748166754, -0.547250078111031, 0.2472615260036599, -0.4520693935797231, -0.17836073122682033, -0.9200532947972648, 0.5114587180487928, 0.844403868889293, 0.870991091073152, -0.19991639297796793, 0.9619010582298779, 0.37951012750982627, -0.02208822663411844, -0.6448167126839057, 0.9994733764199154, 0.6392440133473984, 0.687483344971618, 0.2013914913635093, -0.2882386061313458, -0.7290556982201868, 0.17760890647354688, 0.5567411868635659, -0.8529706587684875, 0.10639604333932659, -0.4315823172483322, -0.4812549742092711, -0.9969227831774811, 0.5535136164029466, -0.3787830956533421, 0.993678467001009, 0.10451187567715792, 0.009426929614092368, 0.29301694470597384, 0.5131026732141242, 0.1963289652405109, 0.4770276028497252, -0.5932244811549181, -0.8616525541530413, 0.40591238904348936, 0.5161451168266428, -0.15184841838092722, 0.8584466918891881, 0.20245835219299035, -0.25406162943545724, -0.9727855124182836, 0.9749620871893676, -0.3375916338971655, -0.4181124843742059, -0.08477506903037647, 0.6495528063703833, -0.6443113830131746, -0.30876885642461205, 0.06725190744499954, 0.29731728216521547, -0.8363007155882161, 0.9434771880283854, 0.16253647509515168, -0.672681272108872, -0.8468393834060475, 0.9389005388067038, -0.0742921048751013, -1.0, -0.271902449653338, -0.4472087824937634, -0.7753358964945478, 0.767518343223162, 0.961284396342138, -0.5578184226808789, 0.012584583603243896, -0.982501684236764, -0.08064594834600292, -0.5769122949143555, -0.19629894177850502, 0.7309083339061289, 0.31425323856425025, 0.17935363472525995, 0.38799891647146884, -0.47659202610813356, -0.4674046913825265, -0.4747920966332111, -0.8356949148362494, 0.6487061522363888, -0.3867562148210111, 0.7982167987775736, -0.8758056168119221, 0.6282981647219386, 0.5890964332406656, -0.5113392772912373, 0.8702269893114792, -0.2399326400236017, -0.6487746204855891, -0.24312928997186112, 0.24429445023786456, 0.2734252678402734, -0.7181333685193869, -0.04890411883033008, 0.5459759967448119, 0.2767288789791818, -0.7593798115223301, 0.7694029758880243, 0.06872738216370644, -0.5685563055530793, -0.3921984256808204, 0.8840260106209834, 0.5789259260245836, 0.9324156863211974, 0.26090434057976286, 0.5489455893573896, 0.16164091739574737]
1019.412841796875	(8, 12, 2)	[0.6758979838029535, 0.23464551863900746, -0.3580617261034569, -0.7897544619790853, -0.1060842352893403, -0.2998159394276687, 0.7311048183038265, 0.6286223131615243, 0.44220564600318857, 0.5719110428946583, -0.6941889552375775, 0.8742004748166754, -0.547250078111031, 0.2472615260036599, -0.4520693935797231, -0.4895304858003384, -0.9200532947972648, 0.5114587180487928, 0.7271050039754021, 0.7374388993983227, -0.19991639297796793, 1.0, 0.37951012750982627, -0.02208822663411844, -0.6489129157130848, 0.7797437592771082, 0.6392440133473984, 0.687483344971618, 0.2013914913635093, -0.2882386061313458, -0.7290556982201868, 0.2962979971364919, 0.5567411868635659, -0.8529706587684875, -0.4391323322668491, -0.4315823172483322, -0.4812549742092711, -0.9969227831774811, 0.5535136164029466, -0.3787830956533421, 0.993678467001009, 0.10451187567715792, 0.009426929614092368, 0.11471646311423833, 0.5131026732141242, -0.1331622299639812, 0.43696652641544476, -0.6336469774260118, -0.8616525541530413, 0.20572545491116373, 0.5161451168266428, -0.15184841838092722, 0.8584466918891881, 0.20245835219299035, -0.07711972815694845, -0.9727855124182836, 0.9749620871893676, -0.3375916338971655, -0.4181124843742059, -0.11142871809786703, 0.6495528063703833, -0.6443113830131746, -0.4709862574700542, 0.06725190744499954, 0.5092856577989453, 0.22902745428529525, 0.6276251888718851, 0.16253647509515168, -0.672681272108872, -0.8468393834060475, 0.9389005388067038, -0.0742921048751013, -1.0, -0.3251018803969894, -0.4472087824937634, -0.7753358964945478, 0.767518343223162, 0.961284396342138, -0.5578184226808789, 0.012584583603243896, -1.0, -0.08064594834600292, -0.5769122949143555, -0.19629894177850502, 0.7309083339061289, 0.21455119505784898, -0.7122896770144707, 0.4057294059618347, -0.47659202610813356, -0.4674046913825265, -0.4747920966332111, -0.8356949148362494, 0.6487061522363888, -0.3867562148210111, 0.7982167987775736, -0.8758056168119221, 0.4011909872110562, -0.095852417691521, -0.5113392772912373, 0.8702269893114792, -0.2399326400236017, 0.19043362682022003, 0.0434255968212911, 0.24429445023786456, 0.2734252678402734, -0.7671534765793957, -0.25125151387424655, 0.6506516552484806, 0.2767288789791818, -0.7593798115223301, 0.21029852338098187, 0.06872738216370644, -0.5685563055530793, -0.3921984256808204, 0.9184761003968485, 0.614974563241943, 0.969166245423284, 0.26090434057976286, 0.5489455893573896, 0.115828474184448]
1019.6245727539062	(8, 12, 2)	[0.6758979838029535, 0.4111986654978512, -0.3580617261034569, -0.7897544619790853, 0.041320401836620224, -0.2998159394276687, 0.7311048183038265, 0.5905877973024981, 0.31534179357142633, 0.601567446724927, -0.45162061315725227, 0.8742004748166754, -0.30756479321152524, 0.2625559139577171, -0.4520693935797231, -0.4895304858003384, -0.9760229217871532, 0.5114587180487928, 0.844403868889293, 0.7374388993983227, -0.19991639297796793, 0.9619010582298779, 0.37951012750982627, 0.012379127412093682, -0.6448167126839057, 0.7797437592771082, 0.6392440133473984, 0.687483344971618, -0.7186289933873813, 0.26861972429507314, -0.9485430044823611, 0.2962979971364919, 0.5567411868635659, -0.4789615535332597, 0.2844372803207085, -0.4315823172483322, -0.3904769797755319, -0.9741725428067506, 0.6231449013722251, -0.3787830956533421, 0.993678467001009, 0.23652495112523317, -0.8951094038242489, 0.31060329000643905, 0.5131026732141242, 0.1963289652405109, 0.43696652641544476, -0.5932244811549181, -0.8616525541530413, -0.7732050645533899, 0.5161451168266428, -0.15184841838092722, 0.8584466918891881, 0.7917453199667788, -0.07711972815694845, -0.9865960236389019, 0.9512380801585398, -0.3375916338971655, -0.4181124843742059, -0.08477506903037647, 0.6495528063703833, -0.1325374593673024, -0.4709862574700542, 0.06725190744499954, 0.5699754687675505, -0.8363007155882161, 0.9434771880283854, 0.16253647509515168, -0.672681272108872, -0.4972407718367162, 0.6005263829894274, -0.0742921048751013, -1.0, -0.271902449653338, -0.3955065117854324, -0.7753358964945478, 0.767518343223162, 0.961284396342138, -0.5578184226808789, 0.08524915600484792, -1.0, -0.08064594834600292, -0.5769122949143555, -0.19629894177850502, 0.9261993084061231, 0.21455119505784898, -0.7594382488370806, 0.38799891647146884, -0.47659202610813356, -0.4674046913825265, -0.4747920966332111, -0.8356949148362494, 0.7632620173832848, -0.3867562148210111, 0.6672856680213719, -0.5868825545846759, 0.4011909872110562, 0.5152923275872952, -0.5113392772912373, 0.8702269893114792, -0.18952416583461726, -0.6487746204855891, -0.24312928997186112, 0.24429445023786456, 0.2734252678402734, -0.7671534765793957, -0.25125151387424655, 0.49704841410665274, 0.2767288789791818, -0.6843765324475116, 0.21029852338098187, -0.5028924098420142, -0.33580997459370154, -0.3921984256808204, 0.9184761003968485, 0.5789259260245836, 0.9324156863211974, 0.26090434057976286, 0.5489455893573896, 0.22657600127042227]
1018.603759765625	(8, 12, 2)	[0.7405620420782792, 0.4111986654978512, -0.3580617261034569, -0.7897544619790853, -0.1060842352893403, -0.6587031080171849, 0.7311048183038265, 0.6286223131615243, 0.44534870551700423, 0.601567446724927, -0.5589105667378915, 0.8742004748166754, -0.6518675195237631, 1.0, -0.4520693935797231, -0.4895304858003384, -0.9200532947972648, 0.5114587180487928, 0.844403868889293, 0.7374388993983227, -0.19991639297796793, 0.9619010582298779, 0.37951012750982627, 0.14789030900554095, -0.6489129157130848, 0.7797437592771082, 0.6392440133473984, 0.687483344971618, 0.2013914913635093, -0.2882386061313458, -0.7290556982201868, 0.17760890647354688, 0.5567411868635659, -0.8529706587684875, -0.4391323322668491, -0.4315823172483322, -0.4812549742092711, -0.9969227831774811, 0.5535136164029466, -0.3787830956533421, 0.993678467001009, 0.10451187567715792, -0.8423406757619022, 0.29301694470597384, 0.5131026732141242, 0.1963289652405109, 0.35665528382291317, 0.5831569148360201, -0.8616525541530413, 0.35432190391582497, 0.5161451168266428, -0.15184841838092722, 0.7138996421538182, 0.7917453199667788, -0.07711972815694845, -1.0, 0.9749620871893676, -0.3375916338971655, -0.4181124843742059, -0.08477506903037647, 0.6495528063703833, -0.7881865217719933, -0.30876885642461205, 0.06725190744499954, 0.5092856577989453, 0.22902745428529525, 0.7520521750364838, 0.16253647509515168, -0.672681272108872, -0.8468393834060475, 0.9389005388067038, -0.0742921048751013, -0.907315698364698, -0.271902449653338, -0.4472087824937634, -0.7753358964945478, 0.767518343223162, -0.020634584520967003, -0.6516128983532067, 0.08524915600484792, -1.0, -0.08064594834600292, -0.6225939099574693, -0.19629894177850502, 0.7309083339061289, 0.31425323856425025, 0.17935363472525995, 0.4057294059618347, 0.9104900960101777, -0.4674046913825265, -0.4747920966332111, -0.8483225040512068, -0.13983299469675342, -0.3867562148210111, 0.7982167987775736, -0.5868825545846759, 0.4011909872110562, 0.5890964332406656, -0.5113392772912373, 0.8702269893114792, -0.18952416583461726, -0.6487746204855891, 0.0434255968212911, 0.24429445023786456, 0.2734252678402734, -0.7671534765793957, -0.12603535831565604, 0.5459759967448119, 0.2767288789791818, -0.7593798115223301, 0.7247167391915874, -0.5028924098420142, -0.3732082135907342, -0.3921984256808204, 0.9184761003968485, 0.5789259260245836, 0.9860985382452909, 0.26090434057976286, 0.5489455893573896, -0.11968747802986088]
1018.8558349609375	(8, 12, 2)	[0.6758979838029535, 0.4111986654978512, -0.3580617261034569, -0.7897544619790853, -0.1060842352893403, -0.6587031080171849, 0.7311048183038265, 0.6286223131615243, 0.44543766818922326, 0.5091356319374656, -0.5589105667378915, 0.8742004748166754, -0.547250078111031, 1.0, -0.4520693935797231, -0.4895304858003384, -0.9974240688506022, 0.5114587180487928, 0.844403868889293, -0.6760124788747477, -0.7574593780972556, 1.0, 0.37951012750982627, 0.2568039906991119, -0.6448167126839057, 0.7797437592771082, 0.6392440133473984, 0.687483344971618, 0.2013914913635093, -0.2882386061313458, -0.7290556982201868, 0.17760890647354688, 0.772243238683805, -0.8529706587684875, -0.4391323322668491, 0.041315210882634235, -0.4812549742092711, -1.0, 0.5535136164029466, -0.3787830956533421, 0.993678467001009, 0.23652495112523317, 0.06551699129203192, 0.31060329000643905, 0.5131026732141242, 0.1963289652405109, 0.7606887114624019, 0.5831569148360201, -0.8029272936681646, -0.6832191083834315, 0.5161451168266428, -0.04433776111812071, 1.0, 0.19674362022029712, -0.07711972815694845, -0.9727855124182836, 0.9740076313034296, -0.3375916338971655, -0.4181124843742059, -0.08477506903037647, 0.516482722764377, -0.6443113830131746, -0.537497955255688, 0.06725190744499954, -0.5810272449208096, -0.8363007155882161, 0.7520521750364838, 0.16253647509515168, -0.672681272108872, -0.4972407718367162, 0.9389005388067038, -0.0742921048751013, -1.0, -0.271902449653338, -0.43124185288371897, -0.7753358964945478, 0.767518343223162, -0.020634584520967003, 0.8316875690932506, -0.013149020000240805, -1.0, -0.08064594834600292, -0.6225939099574693, -0.19629894177850502, 0.7309083339061289, 0.31425323856425025, -0.7122896770144707, 0.38799891647146884, -0.47659202610813356, -0.4674046913825265, -0.4747920966332111, -0.8356949148362494, 0.7632620173832848, -0.43557849624934625, 0.7982167987775736, -0.5868825545846759, 0.6282981647219386, -0.095852417691521, 0.1722609106865644, 0.8702269893114792, -0.20545253872124647, 0.19043362682022003, -0.08612158195902994, 0.24429445023786456, 0.2734252678402734, -0.7671534765793957, -0.111761141859272, 0.5459759967448119, 0.2767288789791818, -0.7593798115223301, 0.21029852338098187, 0.06872738216370644, -0.5191669854816257, 0.03530547164312986, 0.9505694221830082, 0.614974563241943, 0.9324156863211974, 0.26090434057976286, 0.5489455893573896, -0.03298548485082353]
1019.9262084960938	(8, 12, 2)	[0.6758979838029535, 0.4111986654978512, -0.3580617261034569, -0.7897544619790853, 0.07824960694716472, -0.6587031080171849, 0.7733519501354704, 0.6286223131615243, 0.44543766818922326, 0.45347661090844016, -0.6941889552375775, 0.8742004748166754, -0.30756479321152524, 0.3444783362852033, -0.4520693935797231, -0.4895304858003384, -0.9182361930906807, 0.5114587180487928, 0.844403868889293, -0.6717103264837918, -0.8634305930722455, 0.9619010582298779, 0.37951012750982627, 0.14789030900554095, -0.6448167126839057, 0.7797437592771082, 0.6392440133473984, 0.7605870786217245, 0.2013914913635093, 0.26971508448107817, -0.7290556982201868, 0.17760890647354688, 0.772243238683805, -0.43357943104093977, -0.4391323322668491, 0.041315210882634235, -0.4812549742092711, -1.0, 0.5535136164029466, -0.011112348124228372, 0.993678467001009, 0.10451187567715792, 0.009426929614092368, 0.29301694470597384, 0.5131026732141242, 0.1963289652405109, 0.3522069747314474, 0.5831569148360201, -0.8616525541530413, -0.6832191083834315, 0.39844250940621606, -0.04433776111812071, 0.7138996421538182, 0.8465583915902974, -0.07711972815694845, -0.9727855124182836, 0.9749620871893676, -0.3375916338971655, -0.4181124843742059, -0.08477506903037647, 0.6495528063703833, -0.7881865217719933, -0.4709862574700542, 0.06725190744499954, 0.4462450302484411, -0.8363007155882161, 0.9292422954240552, 0.16253647509515168, -0.672681272108872, -0.7560680487376861, 0.9389005388067038, -0.0742921048751013, -1.0, -0.15003567806358248, -0.12009292012013734, -0.7753358964945478, 0.767518343223162, 0.961284396342138, 0.8316875690932506, 0.012584583603243896, -1.0, 0.03198545885969262, -0.6225939099574693, -0.19629894177850502, 0.8935122078883839, 0.36999173390914847, -0.7594382488370806, 0.38799891647146884, -0.47659202610813356, -0.4674046913825265, -0.4747920966332111, -0.8356949148362494, 0.7632620173832848, -0.3867562148210111, 0.7982167987775736, -0.8758056168119221, 0.2213560022164034, 0.5890964332406656, 0.1722609106865644, 0.8702269893114792, -0.20545253872124647, -0.6487746204855891, -0.24312928997186112, 0.24429445023786456, 0.2734252678402734, -0.7671534765793957, -0.111761141859272, 0.5459759967448119, 0.2767288789791818, -0.7593798115223301, 0.7336635120122628, -0.5028924098420142, -0.20012652306178408, -0.3921984256808204, 0.9184761003968485, 0.6671486506219068, 1.0, 0.26090434057976286, 0.5489455893573896, -0.03298548485082353]
1019.54150390625	(8, 12, 2)	[0.6250205216783751, 0.4111986654978512, -0.3580617261034569, -0.7897544619790853, -0.013961860201790577, -0.6587031080171849, 0.7733519501354704, 0.6286223131615243, 0.44534870551700423, 0.45347661090844016, -0.6941889552375775, 0.8742004748166754, -0.547250078111031, 0.2625559139577171, -0.4520693935797231, -0.4593882285916132, -0.9200532947972648, 0.5114587180487928, 0.844403868889293, 0.7374388993983227, -0.7574593780972556, 0.9619010582298779, 0.37951012750982627, 0.14789030900554095, -0.6448167126839057, 0.7797437592771082, 0.6392440133473984, 0.7605870786217245, 0.2013914913635093, 0.26971508448107817, -0.7290556982201868, 0.2962979971364919, 0.5567411868635659, -0.8529706587684875, -0.4391323322668491, 0.041315210882634235, -0.4812549742092711, -1.0, 0.1478613257991226, -0.011112348124228372, 0.993678467001009, 0.23652495112523317, 0.009426929614092368, 0.29301694470597384, 0.3793408880594701, 0.1963289652405109, 0.3522069747314474, 0.5831569148360201, -0.8616525541530413, -0.6832191083834315, 0.39844250940621606, -0.15184841838092722, 0.7138996421538182, 0.7917453199667788, -0.07711972815694845, -0.9865960236389019, 0.9749620871893676, -0.3375916338971655, -0.4181124843742059, -0.08477506903037647, 0.6495528063703833, -0.7881865217719933, -0.30876885642461205, -0.06159467455358589, 0.4462450302484411, 0.22902745428529525, 0.9292422954240552, 0.16253647509515168, -0.672681272108872, -0.7560680487376861, 0.9389005388067038, -0.0742921048751013, -1.0, -0.15003567806358248, -0.3955065117854324, -0.7753358964945478, 0.8314609517408399, 0.961284396342138, -0.537086139349693, 0.012584583603243896, -0.8704172849874399, 0.03198545885969262, -0.6225939099574693, -0.19629894177850502, 0.7309083339061289, 0.36999173390914847, -0.7594382488370806, 0.4057294059618347, -0.47659202610813356, -0.4674046913825265, -0.5381029927414881, -0.8356949148362494, 0.7632620173832848, -0.3867562148210111, 0.5122711623540935, -0.8758056168119221, 0.2213560022164034, 0.5890964332406656, 0.1722609106865644, 0.8702269893114792, -0.20545253872124647, -0.6487746204855891, -0.24312928997186112, 0.24429445023786456, 0.2734252678402734, -0.7181333685193869, -0.04890411883033008, 0.5459759967448119, 0.2767288789791818, -0.7593798115223301, 0.7694029758880243, -0.5028924098420142, -0.33580997459370154, -0.3921984256808204, 0.9184761003968485, 0.6764656640351646, 1.0, 0.3147614190634206, 0.5489455893573896, -0.03298548485082353]
1019.6858520507812	(8, 12, 2)	[0.6250205216783751, 0.4111986654978512, -0.3580617261034569, -0.7101524500489109, -0.1060842352893403, -0.2998159394276687, 0.7311048183038265, 0.6286223131615243, 0.44534870551700423, 0.5091356319374656, -0.45162061315725227, 0.8742004748166754, -0.547250078111031, 1.0, -0.7141157973881878, -0.4895304858003384, -0.9200532947972648, 0.5114587180487928, 0.844403868889293, 0.870991091073152, -0.8634305930722455, 0.9619010582298779, 0.37951012750982627, 0.012379127412093682, -0.6489129157130848, 0.9185205031722451, 0.6392440133473984, 0.7605870786217245, 0.2013914913635093, 0.26861972429507314, -0.7290556982201868, 0.2962979971364919, 0.5567411868635659, -0.8529706587684875, 0.2844372803207085, -0.4315823172483322, -0.4812549742092711, -0.9969227831774811, 0.5535136164029466, -0.3787830956533421, 0.993678467001009, 0.19094962043018956, 0.009426929614092368, 0.29301694470597384, 0.5131026732141242, 0.1963289652405109, 0.7606887114624019, 0.5831569148360201, -0.8616525541530413, -0.6832191083834315, 0.5161451168266428, -0.15184841838092722, 1.0, 0.7917453199667788, -0.07711972815694845, -0.9727855124182836, 0.8741865124678835, -0.3375916338971655, -0.43379376204190323, -0.08477506903037647, 0.516482722764377, -0.6443113830131746, -0.30876885642461205, 0.06725190744499954, 0.5092856577989453, -0.8363007155882161, 0.9434771880283854, 0.16253647509515168, -0.672681272108872, -0.8291079431815416, 0.6005263829894274, -0.0742921048751013, -1.0, -0.271902449653338, -0.43124185288371897, -0.7438703276113995, 0.767518343223162, -0.020634584520967003, -0.6516128983532067, 0.08524915600484792, -0.982501684236764, -0.08064594834600292, -0.6225939099574693, -0.19629894177850502, 0.8935122078883839, 0.21455119505784898, -0.7594382488370806, 0.4057294059618347, 0.957010000065351, -0.4674046913825265, -0.4747920966332111, -0.8356949148362494, -0.13983299469675342, -0.3867562148210111, 0.6672856680213719, -0.5868825545846759, 0.4011909872110562, 0.5890964332406656, 0.07219367205844951, 0.8702269893114792, -0.20545253872124647, -0.6487746204855891, -0.24312928997186112, 0.24429445023786456, 0.3639103502218549, -0.7181333685193869, -0.12603535831565604, 0.5459759967448119, 0.2767288789791818, -0.7593798115223301, 0.7336635120122628, -0.5654250883078805, -0.33580997459370154, -0.3921984256808204, 0.8840260106209834, 0.6671486506219068, 0.9324156863211974, 0.26090434057976286, 0.5489455893573896, 0.16164091739574737]
1019.5775756835938	(8, 12, 2)	[0.7405620420782792, 0.4111986654978512, -0.3580617261034569, -0.7897544619790853, -0.013961860201790577, -0.2998159394276687, 0.7311048183038265, 0.6725442360020076, 0.5562676173015602, 0.5091356319374656, -0.5589105667378915, 0.8742004748166754, -0.30756479321152524, 1.0, -0.7141157973881878, -0.5300602002576437, -0.9200532947972648, 0.5114587180487928, 0.844403868889293, 0.7374388993983227, -0.7293841081685517, 0.9619010582298779, 0.37951012750982627, 0.14789030900554095, -0.6489129157130848, 0.7797437592771082, 0.6392440133473984, 0.7605870786217245, 0.5181500995129573, -0.2882386061313458, -0.7290556982201868, 0.17760890647354688, 0.772243238683805, -0.8529706587684875, -0.4391323322668491, 0.041315210882634235, -0.4812549742092711, -1.0, 0.6231449013722251, -0.011112348124228372, 0.993678467001009, 0.19094962043018956, 0.009426929614092368, 0.29301694470597384, 0.3793408880594701, 0.1963289652405109, 0.43696652641544476, 0.5831569148360201, -0.8616525541530413, 0.2689151619849982, 0.5161451168266428, -0.04433776111812071, 0.8584466918891881, 0.7346387019804805, -0.07711972815694845, -0.9727855124182836, 0.9512380801585398, -0.3375916338971655, -0.4181124843742059, -0.08477506903037647, 0.6495528063703833, -0.6443113830131746, -0.4709862574700542, 0.05841846737484491, 0.5092856577989453, 0.5742573339249188, 0.9434771880283854, 0.16253647509515168, -0.672681272108872, -0.8468393834060475, 0.9389005388067038, -0.0742921048751013, -1.0, -0.3251018803969894, -0.12009292012013734, -0.7753358964945478, 0.767518343223162, -0.020634584520967003, -0.5381601104512156, 0.012584583603243896, -1.0, -0.023188827569676614, -0.5769122949143555, -0.19629894177850502, 0.8935122078883839, 0.36999173390914847, -0.7122896770144707, 0.3010094995795555, -0.47659202610813356, -0.4674046913825265, -0.4747920966332111, -0.8356949148362494, 0.7632620173832848, -0.3867562148210111, 0.7982167987775736, -0.5868825545846759, 0.4011909872110562, 0.5890964332406656, 0.07219367205844951, -0.23412235016545724, -0.2399326400236017, -0.6487746204855891, -0.24312928997186112, 0.3579465521846168, 0.2734252678402734, -0.7181333685193869, -0.04890411883033008, 0.5459759967448119, 0.2767288789791818, -0.6843765324475116, 0.7336635120122628, -0.5028924098420142, -0.33580997459370154, -0.3921984256808204, 0.9184761003968485, 0.5789259260245836, 1.0, 0.26090434057976286, 0.5489455893573896, 0.16164091739574737]
1019.4041748046875	(8, 12, 2)	[0.6250205216783751, 0.4111986654978512, -0.3580617261034569, -0.7897544619790853, -0.013961860201790577, -0.6587031080171849, 0.6698950526305069, 0.6286223131615243, 0.44534870551700423, 0.5091356319374656, -0.45162061315725227, 0.8742004748166754, -0.547250078111031, 0.2625559139577171, -0.4520693935797231, -0.4895304858003384, -0.9200532947972648, 0.5114587180487928, 0.844403868889293, 0.7374388993983227, -0.7574593780972556, 0.9619010582298779, 0.37951012750982627, 0.14789030900554095, -0.6448167126839057, 0.7797437592771082, 0.6392440133473984, 0.687483344971618, 0.2013914913635093, -0.2882386061313458, -0.7290556982201868, 0.2962979971364919, 0.5567411868635659, -0.8529706587684875, 0.2844372803207085, -0.4315823172483322, -0.4812549742092711, -1.0, 0.1478613257991226, -0.011112348124228372, 0.9469454969310631, 0.23652495112523317, 0.009426929614092368, 0.31060329000643905, 0.3793408880594701, 0.1963289652405109, 0.43696652641544476, 0.5831569148360201, -0.80849912916074, 0.09956141995046855, 0.8108755153059539, -0.15184841838092722, 0.7138996421538182, 0.7917453199667788, -0.07711972815694845, -0.9865960236389019, 0.9512380801585398, -0.2708711556980668, -0.4181124843742059, -0.08477506903037647, 0.516482722764377, -0.7235394016762046, -0.30876885642461205, 0.06725190744499954, 0.5092856577989453, 0.22902745428529525, 0.9434771880283854, 0.16253647509515168, -0.672681272108872, -0.4992133557830694, 0.9389005388067038, -0.0742921048751013, -1.0, -0.3251018803969894, -0.3955065117854324, -0.7753358964945478, 0.8314609517408399, 0.961284396342138, -0.6516128983532067, 0.012584583603243896, -0.8704172849874399, -0.08064594834600292, -0.6225939099574693, -0.19629894177850502, 0.7309083339061289, 0.18675071390684805, -0.7594382488370806, 0.4057294059618347, 0.957010000065351, -0.4674046913825265, -0.4747920966332111, -0.8356949148362494, -0.13983299469675342, -0.3057922509273952, 0.5122711623540935, -0.5868825545846759, 0.6282981647219386, 0.5890964332406656, 0.1722609106865644, 0.8702269893114792, -0.20545253872124647, -0.6487746204855891, -0.24312928997186112, 0.3555903928782779, 0.2734252678402734, -0.7181333685193869, -0.04890411883033008, 0.6506516552484806, 0.2767288789791818, -0.7593798115223301, 0.6978329347808662, -0.5028924098420142, -0.33580997459370154, 0.03530547164312986, 0.9184761003968485, 0.6764656640351646, 1.0, 0.3147614190634206, 0.5489455893573896, -0.03298548485082353]
1019.6685791015625	(8, 12, 2)	[0.6250205216783751, 0.4111986654978512, -0.3580617261034569, -0.7897544619790853, -0.1060842352893403, -0.2998159394276687, 0.6698950526305069, 0.6725442360020076, 0.44543766818922326, 0.5719110428946583, -0.45162061315725227, 0.8742004748166754, -0.547250078111031, 1.0, -0.7141157973881878, -0.4895304858003384, -0.9200532947972648, 0.5114587180487928, 0.844403868889293, 0.7374388993983227, -0.7574593780972556, 0.9619010582298779, 0.37951012750982627, 0.14789030900554095, -0.6489129157130848, 0.7797437592771082, 0.6392440133473984, 0.687483344971618, 0.2013914913635093, -0.2882386061313458, -0.7290556982201868, 0.17760890647354688, 0.7630180423808037, -0.8529706587684875, 0.2844372803207085, -0.4315823172483322, -0.4812549742092711, -0.9969227831774811, 0.1478613257991226, -0.011112348124228372, 0.9469454969310631, 0.23652495112523317, 0.009426929614092368, 0.31060329000643905, 0.5131026732141242, 0.1963289652405109, 0.3522069747314474, -0.5932244811549181, -0.80849912916074, 0.09956141995046855, 0.5161451168266428, -0.15184841838092722, 1.0, 0.7917453199667788, -0.07711972815694845, -0.9727855124182836, 0.9512380801585398, -0.2708711556980668, -0.3672969113594613, -0.08477506903037647, 0.6495528063703833, -0.7235394016762046, -0.4709862574700542, 0.06725190744499954, 0.5092856577989453, 0.22902745428529525, 0.9434771880283854, 0.16253647509515168, -0.672681272108872, -0.4992133557830694, 0.9389005388067038, -0.0742921048751013, -1.0, -0.3251018803969894, -0.3955065117854324, -0.7753358964945478, 0.8314609517408399, -0.020634584520967003, -0.6516128983532067, 0.012584583603243896, -0.8704172849874399, -0.08064594834600292, -0.6225939099574693, -0.19629894177850502, 0.7309083339061289, 0.31425323856425025, -0.7594382488370806, 0.4057294059618347, -0.47659202610813356, -0.4674046913825265, -0.4747920966332111, -0.8356949148362494, -0.13983299469675342, -0.3867562148210111, 0.5122711623540935, -0.5868825545846759, 0.6282981647219386, 0.5890964332406656, 0.1722609106865644, 0.8702269893114792, -0.20545253872124647, -0.6487746204855891, -0.24312928997186112, 0.3555903928782779, 0.2734252678402734, -0.7671534765793957, -0.04890411883033008, 0.5459759967448119, 0.2767288789791818, -0.7593798115223301, 0.6978329347808662, -0.5028924098420142, -0.33580997459370154, -0.3921984256808204, 0.9184761003968485, 0.5789259260245836, 1.0, 0.3147614190634206, 0.5489455893573896, -0.03298548485082353]
1017.8171997070312	(8, 12, 2)	[0.6250205216783751, 0.23464551863900746, -0.3580617261034569, -0.7101524500489109, -0.1060842352893403, -0.6475685301051743, 0.7311048183038265, 0.6286223131615243, 0.44534870551700423, 0.5091356319374656, -0.45162061315725227, 0.8742004748166754, -0.547250078111031, 1.0, -0.7141157973881878, -0.5300602002576437, -0.9190382452387096, 0.5114587180487928, 0.844403868889293, 0.7374388993983227, -0.7574593780972556, 0.9619010582298779, 0.37951012750982627, -0.02208822663411844, -0.6448167126839057, 0.7797437592771082, 0.6392440133473984, 0.687483344971618, 0.2013914913635093, 0.26861972429507314, -0.7114515235984533, 0.2962979971364919, 0.5567411868635659, -0.7348088249953554, -0.4391323322668491, -0.4315823172483322, -0.4812549742092711, -0.9969227831774811, 0.1478613257991226, -0.3787830956533421, 0.993678467001009, 0.23652495112523317, -0.8951094038242489, 0.31060329000643905, 0.3793408880594701, 0.1963289652405109, 0.43696652641544476, 0.5831569148360201, -0.80849912916074, 0.09956141995046855, 0.5161451168266428, -0.15184841838092722, 0.7138996421538182, 0.7917453199667788, -0.07711972815694845, -0.9727855124182836, 0.9740076313034296, -0.2708711556980668, -0.4181124843742059, -0.08477506903037647, 0.6495528063703833, -0.6443113830131746, -0.30876885642461205, -0.14081266243916432, 0.29731728216521547, -0.8363007155882161, 0.9434771880283854, 0.16253647509515168, -0.672681272108872, -0.4992133557830694, 0.6005263829894274, -0.1992257021257926, -1.0, -0.271902449653338, -0.3955065117854324, -0.7753358964945478, 0.767518343223162, 0.961284396342138, 0.8316875690932506, 0.012584583603243896, -1.0, -0.023188827569676614, -0.5769122949143555, -0.19629894177850502, 0.7309083339061289, 0.18675071390684805, -0.7594382488370806, 0.38799891647146884, 0.957010000065351, -0.4674046913825265, -0.4747920966332111, -0.8356949148362494, 0.7632620173832848, -0.3057922509273952, 0.5526287015431466, -0.641198469016229, 0.6282981647219386, 0.5890964332406656, -0.5113392772912373, 0.8702269893114792, -0.18952416583461726, -0.6487746204855891, -0.08612158195902994, 0.24429445023786456, 0.3639103502218549, -0.7181333685193869, -0.04890411883033008, 0.6506516552484806, 0.2767288789791818, -0.7593798115223301, 0.6978329347808662, -0.5028924098420142, 0.5158426005516414, 0.03530547164312986, 0.9184761003968485, 0.5789259260245836, 0.9559945290345955, 0.3147614190634206, 0.5489455893573896, -0.03298548485082353]
1018.5656127929688	(8, 12, 2)	[0.6250205216783751, 0.23464551863900746, -0.3580617261034569, -0.7897544619790853, -0.013961860201790577, -0.2998159394276687, 0.6698950526305069, 0.6286223131615243, 0.44534870551700423, 0.5091356319374656, -0.5589105667378915, 0.8742004748166754, -0.30756479321152524, 1.0, -0.7141157973881878, -0.5300602002576437, -0.9974240688506022, 0.5114587180487928, 0.844403868889293, 0.870991091073152, -0.7574593780972556, 0.9619010582298779, 0.37951012750982627, 0.012379127412093682, -0.6448167126839057, 1.0, 0.6392440133473984, 0.687483344971618, 0.2013914913635093, -0.2882386061313458, -0.7114515235984533, 0.13818383493172928, 0.772243238683805, -0.7348088249953554, 0.2844372803207085, -0.4315823172483322, -0.542546021498611, -0.9969227831774811, 0.5535136164029466, -0.011112348124228372, 0.993678467001009, 0.23652495112523317, -0.8951094038242489, 0.29301694470597384, 0.3793408880594701, 0.1963289652405109, 0.43696652641544476, 0.5831569148360201, -0.8616525541530413, -0.6832191083834315, 0.7223989272401748, 0.0029004372990217783, 0.8584466918891881, 0.6874145395135446, -0.07711972815694845, -0.9865960236389019, 0.9749620871893676, -0.3375916338971655, -0.4181124843742059, -0.08477506903037647, 0.6495528063703833, -0.6443113830131746, -0.30876885642461205, 0.10865656885574898, 0.5092856577989453, 0.22902745428529525, 0.9434771880283854, 0.16253647509515168, -0.672681272108872, -0.8291079431815416, 0.9389005388067038, 0.039785275137564205, -1.0, -0.3251018803969894, -0.43124185288371897, -0.7438703276113995, 0.6869116763969338, -0.020634584520967003, -0.537086139349693, 0.08524915600484792, -0.982501684236764, -0.08064594834600292, -0.6225939099574693, -0.2673159338634697, 0.8935122078883839, 0.4849861795602733, 0.17935363472525995, 0.32357608349336164, -0.47659202610813356, -0.4674046913825265, -0.5381029927414881, -0.8356949148362494, -0.13983299469675342, -0.3867562148210111, 0.6672856680213719, -0.5868825545846759, 0.2213560022164034, 0.5890964332406656, 0.1722609106865644, -0.4103389758028745, -0.20545253872124647, -0.6487746204855891, -0.24312928997186112, 0.3555903928782779, 0.5226916982326544, -0.7181333685193869, -0.04890411883033008, 0.6506516552484806, 0.2767288789791818, -0.5168985097285201, 0.7336635120122628, -0.5028924098420142, -0.33580997459370154, -0.3921984256808204, 0.8129300698118737, 0.6671486506219068, 1.0, 0.3147614190634206, 0.5489455893573896, -0.11968747802986088]
1018.0864868164062	(8, 12, 2)	[0.6250205216783751, 0.4111986654978512, -0.3580617261034569, -0.7897544619790853, -0.1060842352893403, -0.2998159394276687, 0.7311048183038265, 0.6286223131615243, 0.44534870551700423, 0.5091356319374656, -0.45162061315725227, 0.8742004748166754, -0.547250078111031, 1.0, -0.7141157973881878, -0.4895304858003384, -0.9200532947972648, 0.5114587180487928, 0.844403868889293, 0.7374388993983227, -0.7574593780972556, 0.9619010582298779, 0.37951012750982627, -0.02208822663411844, -0.6448167126839057, 0.7797437592771082, 0.6392440133473984, 0.687483344971618, 0.2013914913635093, 0.38535981799409513, -0.7114515235984533, 0.13818383493172928, 0.7630180423808037, -0.8529706587684875, -0.4391323322668491, 0.041315210882634235, -0.36301839687636767, -0.9969227831774811, 0.5535136164029466, -0.3787830956533421, 0.993678467001009, 0.23652495112523317, 0.009426929614092368, 0.29301694470597384, 0.5131026732141242, 0.1963289652405109, 0.43696652641544476, 0.5831569148360201, -0.8616525541530413, -0.6832191083834315, 0.6041838863332499, -0.15184841838092722, 0.7664651269045581, 0.7917453199667788, -0.07711972815694845, -0.9865960236389019, 0.9740076313034296, -0.4475968330855285, -0.4181124843742059, -0.08477506903037647, 0.6495528063703833, -0.6443113830131746, -0.30876885642461205, -0.06159467455358589, 0.5092856577989453, -0.8363007155882161, 0.9434771880283854, 0.16253647509515168, -0.672681272108872, -0.8291079431815416, 0.6005263829894274, -0.0742921048751013, -1.0, -0.271902449653338, -0.4546806046330428, -0.7753358964945478, 0.8314609517408399, -0.020634584520967003, 0.8316875690932506, 0.012584583603243896, -1.0, -0.08064594834600292, -0.6225939099574693, -0.19629894177850502, 0.7309083339061289, 0.36999173390914847, -0.7594382488370806, 0.38799891647146884, -0.47659202610813356, -0.4674046913825265, -0.4747920966332111, -0.8356949148362494, -0.13983299469675342, -0.1580504940427195, 0.7982167987775736, -0.902068490481989, 0.4011909872110562, -0.09282595934112063, -0.5113392772912373, 0.8702269893114792, -0.18952416583461726, -0.6487746204855891, -0.24312928997186112, 0.24429445023786456, 0.3639103502218549, -0.7671534765793957, -0.04890411883033008, 0.5459759967448119, 0.2767288789791818, -0.6843765324475116, 0.7694029758880243, -0.5028924098420142, -0.33580997459370154, -0.3921984256808204, 0.8129300698118737, 0.6764656640351646, 1.0, 0.3147614190634206, 0.5489455893573896, -0.24213986544660188]
1019.6552734375	(8, 12, 2)	[0.6425535651550317, 0.4111986654978512, -0.3580617261034569, -0.7897544619790853, -0.013961860201790577, -0.6876086773432208, 0.8140164889619014, 0.6286223131615243, 0.45104799541198926, 0.5719110428946583, -0.45162061315725227, 0.8742004748166754, -0.30756479321152524, 1.0, -0.4520693935797231, -0.4593882285916132, -0.9200532947972648, 0.5114587180487928, 0.844403868889293, 0.870991091073152, -0.8634305930722455, 0.9619010582298779, 0.37951012750982627, -0.02208822663411844, -0.6489129157130848, 0.7797437592771082, 0.6392440133473984, 0.687483344971618, 0.2013914913635093, 0.26861972429507314, -0.7290556982201868, 0.17760890647354688, 0.7630180423808037, -0.8529706587684875, 0.2844372803207085, -0.4315823172483322, -0.542546021498611, -0.9969227831774811, 0.5535136164029466, -0.3787830956533421, 0.9469454969310631, 0.23652495112523317, -0.8951094038242489, 0.29301694470597384, 0.5131026732141242, 0.1963289652405109, 0.27442562195003367, 0.5831569148360201, -0.8616525541530413, 0.09956141995046855, 0.5161451168266428, -0.15184841838092722, 0.7321866191987079, 0.7233686098808388, -0.07711972815694845, -0.9865960236389019, 0.9740076313034296, 0.044539495247717775, -0.4181124843742059, -0.08477506903037647, 0.516482722764377, -0.7881865217719933, -0.30876885642461205, 0.06725190744499954, 0.4462450302484411, -0.8363007155882161, 0.9434771880283854, 0.16253647509515168, -0.672681272108872, -0.7560680487376861, 0.6005263829894274, -0.0742921048751013, -1.0, -0.271902449653338, -0.3955065117854324, -0.7753358964945478, 0.8314609517408399, -0.020634584520967003, -0.6516128983532067, 0.08524915600484792, -0.9435991842647641, -0.023188827569676614, -0.6225939099574693, -0.15986058953132146, 0.8935122078883839, 0.36999173390914847, -0.7122896770144707, 0.38799891647146884, -0.47659202610813356, -0.4674046913825265, -0.4747920966332111, -0.8356949148362494, 0.7632620173832848, -0.3867562148210111, 0.6672856680213719, -0.8758056168119221, 0.2213560022164034, 0.5890964332406656, 0.1722609106865644, 0.8702269893114792, -0.20545253872124647, -0.6487746204855891, -0.24312928997186112, 0.3555903928782779, 0.5226916982326544, -0.7181333685193869, -0.04890411883033008, 0.5459759967448119, 0.2767288789791818, -0.6843765324475116, 0.7336635120122628, -0.5028924098420142, -0.33580997459370154, -0.3921984256808204, 0.8129300698118737, 0.5789259260245836, 1.0, 0.3147614190634206, 0.5489455893573896, -0.11968747802986088]
1019.7105712890625	(8, 12, 2)	[0.6250205216783751, 0.4111986654978512, -0.3580617261034569, -0.7897544619790853, -0.1060842352893403, -0.6876086773432208, 0.8140164889619014, 0.6286223131615243, 0.44543766818922326, 0.5091356319374656, -0.45162061315725227, 0.8742004748166754, -0.547250078111031, 1.0, -0.4520693935797231, -0.5300602002576437, -0.9200532947972648, 0.5234802269952319, 1.0, 0.7374388993983227, -0.8586258521859641, 0.9619010582298779, 0.37951012750982627, -0.02208822663411844, -0.6448167126839057, 0.7797437592771082, 0.6392440133473984, 0.687483344971618, 0.2013914913635093, 0.26861972429507314, -0.7290556982201868, 0.2962979971364919, 0.9355636574840287, -0.8529706587684875, -0.4103677556404453, -0.4315823172483322, -0.4812549742092711, -0.9969227831774811, 0.5535136164029466, -0.3787830956533421, 0.993678467001009, 0.23652495112523317, -0.8253650777965083, 0.29301694470597384, 0.5131026732141242, 0.1963289652405109, 0.27442562195003367, -0.5932244811549181, -0.8616525541530413, 0.2689151619849982, 0.7223989272401748, -0.04433776111812071, 0.7138996421538182, 0.7917453199667788, -0.07711972815694845, -0.9727855124182836, 0.9512380801585398, -0.2534887014389356, -0.4181124843742059, -0.08477506903037647, 0.6495528063703833, -0.6443113830131746, -0.30876885642461205, 0.06725190744499954, 0.4462450302484411, 0.22902745428529525, 0.9434771880283854, 0.16253647509515168, -0.672681272108872, -0.7560680487376861, 0.6005263829894274, -0.1992257021257926, -1.0, -0.3251018803969894, -0.3955065117854324, -0.7753358964945478, 0.767518343223162, -0.020634584520967003, -0.537086139349693, 0.012584583603243896, -1.0, -0.08064594834600292, -0.6225939099574693, -0.19629894177850502, 0.7309083339061289, 0.18675071390684805, -0.7594382488370806, 0.22922275816040055, -0.47659202610813356, -0.4674046913825265, -0.5381029927414881, -0.8356949148362494, -0.13983299469675342, -0.3867562148210111, 0.5122711623540935, -0.8758056168119221, 0.4011909872110562, 0.5890964332406656, 0.07219367205844951, 0.8702269893114792, -0.20545253872124647, -0.6487746204855891, -0.24312928997186112, 0.3579465521846168, 0.3639103502218549, -0.7671534765793957, -0.04890411883033008, 0.6506516552484806, 0.2767288789791818, -0.5168985097285201, 0.7336635120122628, 0.23044609913503258, 0.5158426005516414, -0.3921984256808204, 0.8129300698118737, 0.5789259260245836, 1.0, 0.3147614190634206, 0.5489455893573896, 0.16164091739574737]
1019.6378173828125	(8, 12, 2)	[0.6758979838029535, 0.23464551863900746, -0.3580617261034569, -0.7897544619790853, -0.1060842352893403, -0.6475685301051743, 0.7311048183038265, 0.6286223131615243, 0.44543766818922326, 0.5091356319374656, -0.45162061315725227, 0.8742004748166754, -0.547250078111031, 1.0, -0.4520693935797231, -0.5300602002576437, -0.9200532947972648, 0.5114587180487928, 0.844403868889293, 0.7374388993983227, -0.7574593780972556, 0.9619010582298779, 0.37951012750982627, -0.02208822663411844, -0.6448167126839057, 0.7797437592771082, 0.6392440133473984, 0.7605870786217245, 0.2013914913635093, 0.26861972429507314, -0.7290556982201868, 0.17760890647354688, 0.7630180423808037, -0.8538099969660139, -0.4391323322668491, 0.041315210882634235, -0.542546021498611, -0.9969227831774811, 0.5535136164029466, -0.011112348124228372, 0.993678467001009, 0.23652495112523317, -0.8951094038242489, 0.33563331946784886, 0.5131026732141242, 0.1963289652405109, 0.43696652641544476, 0.5831569148360201, -0.8616525541530413, -0.6832191083834315, 0.5161451168266428, -0.04433776111812071, 1.0, 0.7917453199667788, -0.07711972815694845, -0.9865960236389019, 0.9740076313034296, -0.3375916338971655, -0.4181124843742059, -0.08477506903037647, 0.516482722764377, -0.6443113830131746, -0.30876885642461205, 0.06725190744499954, 0.4462450302484411, 0.22902745428529525, 0.9434771880283854, 0.16253647509515168, -0.5541789650321773, -0.8291079431815416, 0.9389005388067038, 0.039785275137564205, -1.0, -0.3251018803969894, -0.43124185288371897, -0.7753358964945478, 0.767518343223162, -0.020634584520967003, -0.6332983590036114, 0.08524915600484792, -0.982501684236764, -0.023188827569676614, -0.5769122949143555, -0.19629894177850502, 0.7309083339061289, 0.42212956624707193, -0.7594382488370806, 0.38799891647146884, -0.47659202610813356, -0.4674046913825265, -0.5381029927414881, -0.8356949148362494, -0.13983299469675342, -0.3867562148210111, 0.5526287015431466, -0.5868825545846759, 0.4011909872110562, 0.6661730164954422, 0.1722609106865644, 0.8702269893114792, -0.20545253872124647, -0.6487746204855891, -0.3041530269731547, 0.3579465521846168, 0.5574186805865116, -0.7671534765793957, -0.04890411883033008, 0.5459759967448119, 0.2767288789791818, -0.7391292809352138, 0.7694029758880243, 0.23044609913503258, -0.33580997459370154, -0.3921984256808204, 0.8129300698118737, 0.5789259260245836, 0.9324156863211974, 0.26090434057976286, 0.5489455893573896, -0.11968747802986088]
1019.4901733398438	(8, 12, 2)	[0.6250205216783751, 0.4111986654978512, -0.3580617261034569, -0.7897544619790853, -0.1060842352893403, -0.6876086773432208, 0.7733519501354704, 0.6286223131615243, 0.44543766818922326, 0.45347661090844016, -0.45162061315725227, 0.8742004748166754, -0.30756479321152524, 1.0, -0.7141157973881878, -0.5300602002576437, -0.9200532947972648, 0.5114587180487928, 0.844403868889293, 0.7374388993983227, -0.8634305930722455, 1.0, 0.37951012750982627, -0.02208822663411844, -0.6489129157130848, 0.7797437592771082, 0.6392440133473984, 0.687483344971618, 0.2013914913635093, 0.26861972429507314, -0.7478888846286906, 0.19724293348216243, 0.9355636574840287, -0.43357943104093977, 0.23223093192695335, -0.4315823172483322, -0.542546021498611, -0.9969227831774811, 0.5535136164029466, -0.011112348124228372, 0.993678467001009, 0.23652495112523317, -0.8951094038242489, 0.29301694470597384, 0.5131026732141242, 0.1963289652405109, 0.2463785515885275, 0.5986898016903469, -0.8616525541530413, 0.23066296635161138, 0.5161451168266428, -0.15184841838092722, 0.7138996421538182, 0.7917453199667788, -0.07711972815694845, -0.9727855124182836, 0.9749620871893676, -0.3375916338971655, -0.4181124843742059, -0.08477506903037647, 0.6495528063703833, -0.6443113830131746, -0.30876885642461205, 0.06725190744499954, 0.29731728216521547, 0.22902745428529525, 0.9434771880283854, 0.16253647509515168, -0.672681272108872, -0.8291079431815416, 0.6005263829894274, -0.0742921048751013, -1.0, -0.3251018803969894, -0.43124185288371897, -0.7753358964945478, 0.8314609517408399, -0.020634584520967003, -0.537086139349693, 0.08524915600484792, -0.9206437869921659, -0.08064594834600292, -0.6225939099574693, -0.266874794524168, 0.7309083339061289, 0.3593193966933281, -0.6176284008644503, 0.38799891647146884, -0.47659202610813356, -0.4674046913825265, -0.5381029927414881, -0.8356949148362494, 0.7632620173832848, -0.3867562148210111, 0.5122711623540935, -0.5868825545846759, 0.4011909872110562, 0.5890964332406656, 0.1722609106865644, 0.8702269893114792, -0.20545253872124647, -0.6487746204855891, -0.08612158195902994, 0.24429445023786456, 0.2734252678402734, -0.7671534765793957, -0.04890411883033008, 0.6506516552484806, 0.2767288789791818, -0.5168985097285201, 0.7694029758880243, 0.23044609913503258, 0.5158426005516414, -0.3921984256808204, 0.8129300698118737, 0.5789259260245836, 1.0, 0.3147614190634206, 0.5489455893573896, 0.16164091739574737]
1019.4741821289062	(8, 12, 2)	[0.6250205216783751, 0.4111986654978512, -0.3580617261034569, -0.7897544619790853, -0.1060842352893403, -0.6876086773432208, 0.7733519501354704, 0.6286223131615243, 0.44543766818922326, 0.45347661090844016, -0.45162061315725227, 0.8742004748166754, -0.30756479321152524, 1.0, -0.7141157973881878, -0.5300602002576437, -0.9200532947972648, 0.5114587180487928, 0.844403868889293, 0.7374388993983227, -0.8634305930722455, 1.0, 0.37951012750982627, -0.02208822663411844, -0.6489129157130848, 0.7797437592771082, 0.6392440133473984, 0.687483344971618, 0.2013914913635093, 0.26861972429507314, -0.7478888846286906, 0.19724293348216243, 0.9355636574840287, -0.43357943104093977, 0.23223093192695335, -0.4315823172483322, -0.542546021498611, -0.9969227831774811, 0.5535136164029466, -0.011112348124228372, 0.993678467001009, 0.23652495112523317, -0.8951094038242489, 0.29301694470597384, 0.5131026732141242, 0.1963289652405109, 0.2463785515885275, 0.5986898016903469, -0.8616525541530413, 0.23066296635161138, 0.5161451168266428, -0.15184841838092722, 0.7138996421538182, 0.7917453199667788, -0.07711972815694845, -0.9727855124182836, 0.9749620871893676, -0.3375916338971655, -0.4181124843742059, -0.08477506903037647, 0.6495528063703833, -0.6443113830131746, -0.30876885642461205, 0.06725190744499954, 0.29731728216521547, 0.22902745428529525, 0.9434771880283854, 0.16253647509515168, -0.672681272108872, -0.8291079431815416, 0.6005263829894274, -0.0742921048751013, -1.0, -0.3251018803969894, -0.43124185288371897, -0.7753358964945478, 0.8314609517408399, -0.020634584520967003, -0.537086139349693, 0.08524915600484792, -0.9206437869921659, -0.08064594834600292, -0.6225939099574693, -0.266874794524168, 0.7309083339061289, 0.3593193966933281, -0.6176284008644503, 0.38799891647146884, -0.47659202610813356, -0.4674046913825265, -0.5381029927414881, -0.8356949148362494, 0.7632620173832848, -0.3867562148210111, 0.5122711623540935, -0.5868825545846759, 0.4011909872110562, 0.5890964332406656, 0.1722609106865644, 0.8702269893114792, -0.20545253872124647, -0.6487746204855891, -0.08612158195902994, 0.24429445023786456, 0.2734252678402734, -0.7671534765793957, -0.04890411883033008, 0.6506516552484806, 0.2767288789791818, -0.5168985097285201, 0.7694029758880243, 0.23044609913503258, 0.5158426005516414, -0.3921984256808204, 0.8129300698118737, 0.5789259260245836, 1.0, 0.3147614190634206, 0.5489455893573896, 0.16164091739574737]
1019.2542114257812	(8, 12, 2)	[0.6250205216783751, 0.4111986654978512, -0.432149463805947, -0.7897544619790853, -0.13001195542519503, -0.2998159394276687, 0.7311048183038265, 0.6286223131615243, 0.44543766818922326, 0.45347661090844016, -0.5458007780675275, 0.8742004748166754, -0.547250078111031, 1.0, -0.7141157973881878, -0.5300602002576437, -0.9200532947972648, 0.5114587180487928, 0.844403868889293, 0.870991091073152, -0.8634305930722455, 0.9619010582298779, 0.4472099719432382, -0.02208822663411844, -0.6489129157130848, 0.9185205031722451, 0.6392440133473984, 0.7605870786217245, 0.2013914913635093, 0.26861972429507314, -0.7478888846286906, 0.2962979971364919, 0.772243238683805, -0.8529706587684875, 0.2844372803207085, -0.4315823172483322, -0.4812549742092711, -0.9969227831774811, 0.5535136164029466, -0.011112348124228372, 0.993678467001009, 0.23652495112523317, -0.8951094038242489, 0.29301694470597384, 0.5131026732141242, 0.1963289652405109, 0.27442562195003367, 0.5831569148360201, -0.80849912916074, 0.2689151619849982, 0.5161451168266428, -0.15184841838092722, 0.7138996421538182, 0.7917453199667788, -0.07711972815694845, -0.9727855124182836, 0.9740076313034296, -0.3375916338971655, -0.4181124843742059, -0.08477506903037647, 0.6495528063703833, -0.6443113830131746, -0.30876885642461205, 0.06725190744499954, 0.29731728216521547, 0.22902745428529525, 0.9434771880283854, 0.16253647509515168, -0.672681272108872, -0.8291079431815416, 0.6005263829894274, -0.1992257021257926, -1.0, -0.3251018803969894, -0.3955065117854324, -0.7753358964945478, 0.8314609517408399, -0.020634584520967003, -0.6516128983532067, 0.08524915600484792, -0.982501684236764, -0.08064594834600292, -0.6225939099574693, -0.266874794524168, 0.7309083339061289, 0.36999173390914847, -0.7594382488370806, 0.38799891647146884, -0.47659202610813356, -0.4674046913825265, -0.5381029927414881, -0.8356949148362494, 0.7632620173832848, -0.3867562148210111, 0.5122711623540935, -0.5868825545846759, 0.6282981647219386, 0.5890964332406656, 0.1722609106865644, 0.8702269893114792, -0.20545253872124647, -0.6487746204855891, 0.0434255968212911, 0.3555903928782779, 0.2734252678402734, -0.7671534765793957, -0.04890411883033008, 0.6506516552484806, 0.2767288789791818, -0.7593798115223301, 0.7336635120122628, -0.5028924098420142, -0.33580997459370154, -0.3921984256808204, 0.9184761003968485, 0.5789259260245836, 1.0, 0.3147614190634206, 0.5489455893573896, -0.03298548485082353]
1019.721435546875	(8, 12, 2)	[0.6250205216783751, 0.4111986654978512, -0.3580617261034569, -0.7897544619790853, -0.1060842352893403, -0.44094720539499754, 0.7733519501354704, 0.6286223131615243, 0.44543766818922326, 0.45347661090844016, -0.45162061315725227, 0.8742004748166754, -0.30756479321152524, 1.0, -0.7141157973881878, -0.4895304858003384, -0.9200532947972648, 0.5114587180487928, 0.844403868889293, 0.7374388993983227, -0.8634305930722455, 0.8408426099220481, 0.37951012750982627, -0.02208822663411844, -0.6489129157130848, 0.7797437592771082, 0.7035397530407929, 0.687483344971618, 0.2013914913635093, 0.26861972429507314, -0.7290556982201868, 0.17760890647354688, 0.9355636574840287, -0.43357943104093977, 0.2730819599180783, -0.4315823172483322, -0.542546021498611, -1.0, 0.5535136164029466, -0.011112348124228372, 0.993678467001009, 0.23652495112523317, -0.8951094038242489, 0.3600378304160534, 0.5131026732141242, 0.1963289652405109, 0.2463785515885275, 0.5986898016903469, -0.8616525541530413, 0.23066296635161138, 0.5161451168266428, -0.15184841838092722, 1.0, 0.7917453199667788, -0.07711972815694845, -0.9727855124182836, 0.9749620871893676, -0.2534887014389356, -0.4181124843742059, -0.08477506903037647, 0.6495528063703833, -0.6443113830131746, -0.30876885642461205, 0.06725190744499954, 0.29731728216521547, 0.22902745428529525, 0.9434771880283854, 0.16253647509515168, -0.672681272108872, -0.8291079431815416, 0.6005263829894274, -0.0742921048751013, -1.0, -0.3251018803969894, -0.43124185288371897, -0.7753358964945478, 0.767518343223162, -0.020634584520967003, -0.537086139349693, 0.08524915600484792, -0.9206437869921659, -0.08064594834600292, -0.5769122949143555, -0.266874794524168, 0.7309083339061289, 0.3593193966933281, -0.6176284008644503, 0.22922275816040055, -0.47659202610813356, -0.4674046913825265, -0.5381029927414881, -0.8356949148362494, 0.7632620173832848, -0.3867562148210111, 0.5122711623540935, -0.5868825545846759, 0.4011909872110562, 0.5890964332406656, 0.07219367205844951, 0.8702269893114792, -0.18952416583461726, -0.6487746204855891, -0.24312928997186112, 0.24429445023786456, 0.5226916982326544, -0.7671534765793957, -0.04890411883033008, 0.6506516552484806, 0.2767288789791818, -0.5168985097285201, 0.7694029758880243, -0.5028924098420142, 0.5158426005516414, -0.3921984256808204, 0.9184761003968485, 0.5789259260245836, 1.0, 0.3147614190634206, 0.5489455893573896, 0.16164091739574737]
1019.606201171875	(8, 12, 2)	[0.6250205216783751, 0.4111986654978512, -0.3580617261034569, -0.7897544619790853, -0.1060842352893403, -0.6876086773432208, 0.7733519501354704, 0.6286223131615243, 0.44543766818922326, 0.45347661090844016, -0.45162061315725227, 0.8742004748166754, -0.30756479321152524, 1.0, -0.7141157973881878, -0.5300602002576437, -0.9200532947972648, 0.5114587180487928, 0.844403868889293, 0.7374388993983227, -0.8634305930722455, 1.0, 0.37951012750982627, -0.02208822663411844, -0.6489129157130848, 0.7797437592771082, 0.6392440133473984, 0.687483344971618, 0.2013914913635093, 0.26861972429507314, -0.7478888846286906, 0.19724293348216243, 0.9355636574840287, -0.43357943104093977, 0.23223093192695335, -0.4315823172483322, -0.542546021498611, -0.9969227831774811, 0.5535136164029466, -0.011112348124228372, 0.993678467001009, 0.23652495112523317, -0.8951094038242489, 0.29301694470597384, 0.5131026732141242, 0.1963289652405109, 0.2463785515885275, 0.5986898016903469, -0.8616525541530413, 0.23066296635161138, 0.5161451168266428, -0.15184841838092722, 0.7138996421538182, 0.7917453199667788, -0.07711972815694845, -0.9727855124182836, 0.9749620871893676, -0.3375916338971655, -0.4181124843742059, -0.08477506903037647, 0.6495528063703833, -0.6443113830131746, -0.30876885642461205, 0.06725190744499954, 0.29731728216521547, 0.22902745428529525, 0.9434771880283854, 0.16253647509515168, -0.672681272108872, -0.8291079431815416, 0.6005263829894274, -0.0742921048751013, -1.0, -0.3251018803969894, -0.43124185288371897, -0.7753358964945478, 0.8314609517408399, -0.020634584520967003, -0.537086139349693, 0.08524915600484792, -0.9206437869921659, -0.08064594834600292, -0.6225939099574693, -0.266874794524168, 0.7309083339061289, 0.3593193966933281, -0.6176284008644503, 0.38799891647146884, -0.47659202610813356, -0.4674046913825265, -0.5381029927414881, -0.8356949148362494, 0.7632620173832848, -0.3867562148210111, 0.5122711623540935, -0.5868825545846759, 0.4011909872110562, 0.5890964332406656, 0.35980462978717476, 0.8702269893114792, -0.32373271282166605, -0.6487746204855891, -0.08612158195902994, 0.24429445023786456, 0.2734252678402734, -0.7671534765793957, -0.04890411883033008, 0.6506516552484806, 0.2767288789791818, -0.5168985097285201, 0.7694029758880243, 0.23044609913503258, 0.5158426005516414, -0.3921984256808204, 0.8129300698118737, 0.5789259260245836, 1.0, 0.3147614190634206, 0.5489455893573896, 0.16164091739574737]
1019.5408935546875	(8, 12, 2)	[0.6250205216783751, 0.4111986654978512, -0.3580617261034569, -0.7897544619790853, -0.1060842352893403, -0.6876086773432208, 0.7311048183038265, 0.6286223131615243, 0.44543766818922326, 0.45347661090844016, -0.45162061315725227, 0.8742004748166754, -0.547250078111031, 1.0, -0.7141157973881878, -0.4593882285916132, -0.9200532947972648, 0.5114587180487928, 0.844403868889293, 0.7374388993983227, -0.8634305930722455, 1.0, 0.37951012750982627, -0.02208822663411844, -0.6489129157130848, 0.7797437592771082, 0.6392440133473984, 0.687483344971618, 0.2013914913635093, 0.26861972429507314, -0.7114515235984533, 0.34410318813519103, 0.772243238683805, -0.8529706587684875, 0.23223093192695335, -0.4315823172483322, -0.4812549742092711, -1.0, 0.5535136164029466, -0.21489842203531695, 0.993678467001009, 0.23652495112523317, -0.8951094038242489, 0.29301694470597384, 0.5131026732141242, 0.1963289652405109, 0.2463785515885275, 0.5986898016903469, -0.8616525541530413, 0.2431804930118293, 0.5161451168266428, -0.04433776111812071, 0.7138996421538182, 0.7917453199667788, -0.07711972815694845, -0.9865960236389019, 0.9749620871893676, -0.3375916338971655, -0.4181124843742059, 0.07365412238312934, 0.516482722764377, -0.7881865217719933, -0.30876885642461205, 0.06725190744499954, 0.29731728216521547, 0.22167506242961896, 0.9434771880283854, 0.16253647509515168, -0.672681272108872, -0.8291079431815416, 0.6005263829894274, -0.1992257021257926, -1.0, -0.3251018803969894, -0.43124185288371897, -0.7753358964945478, 0.8314609517408399, -0.020634584520967003, -0.537086139349693, 0.012584583603243896, -0.9206437869921659, -0.023188827569676614, -0.6225939099574693, -0.19629894177850502, 0.7309083339061289, 0.31425323856425025, -0.6176284008644503, 0.38799891647146884, -0.47659202610813356, -0.4674046913825265, -0.4747920966332111, -0.8356949148362494, 0.8080028331459966, -0.3867562148210111, 0.7617161478056211, -0.5868825545846759, 0.4011909872110562, 0.5890964332406656, 0.2495923008075222, 0.8702269893114792, -0.23366682369734829, -0.6487746204855891, -0.08612158195902994, 0.24429445023786456, 0.3639103502218549, -0.7671534765793957, -0.04890411883033008, 0.6506516552484806, 0.2767288789791818, -0.7593798115223301, 0.7694029758880243, -0.5028924098420142, 0.5158426005516414, -0.3921984256808204, 0.8129300698118737, 0.5789259260245836, 0.9324156863211974, 0.3147614190634206, 0.5489455893573896, -0.11968747802986088]
1019.4910888671875	(8, 12, 2)	[0.6250205216783751, 0.4111986654978512, -0.3580617261034569, -0.7897544619790853, -0.1060842352893403, -0.6587031080171849, 0.7733519501354704, 0.6286223131615243, 0.44534870551700423, 0.45347661090844016, -0.45162061315725227, 0.8742004748166754, -0.547250078111031, 1.0, -0.4520693935797231, -0.5300602002576437, -0.9200532947972648, 0.5114587180487928, 0.844403868889293, 0.620069225108834, -0.8634305930722455, 0.9619010582298779, 0.37951012750982627, 0.018760011428434545, -0.6489129157130848, 0.7797437592771082, 0.6392440133473984, 0.7605870786217245, 0.2013914913635093, 0.26971508448107817, -0.7290556982201868, 0.17760890647354688, 0.772243238683805, -0.8529706587684875, 0.2844372803207085, 0.041315210882634235, -0.3937629092745968, -0.9969227831774811, 0.5535136164029466, -0.011112348124228372, 0.9469454969310631, 0.19094962043018956, -0.8423406757619022, 0.29301694470597384, 0.5131026732141242, 0.1963289652405109, 0.43696652641544476, 0.5831569148360201, -0.8616525541530413, 0.2689151619849982, 0.5161451168266428, -0.04433776111812071, 0.8584466918891881, 0.7917453199667788, -0.07711972815694845, -0.9410557365497517, 0.9749620871893676, -0.3375916338971655, -0.4181124843742059, -0.08477506903037647, 0.8340202061163553, -0.6443113830131746, -0.30876885642461205, 0.06725190744499954, 0.29731728216521547, 0.22902745428529525, 0.9434771880283854, 0.16253647509515168, -0.672681272108872, -0.8468393834060475, 0.6005263829894274, -0.14012760407469477, -1.0, -0.271902449653338, -0.43124185288371897, -0.7753358964945478, 0.9334462964532022, -0.020634584520967003, -0.537086139349693, 0.08524915600484792, -1.0, -0.08064594834600292, -0.6225939099574693, -0.15986058953132146, 0.8935122078883839, 0.4849861795602733, 0.17935363472525995, 0.38799891647146884, -0.47659202610813356, -0.4674046913825265, -0.5381029927414881, -0.8356949148362494, -0.13983299469675342, -0.3867562148210111, 0.6672856680213719, -0.8758056168119221, 0.4011909872110562, 0.5890964332406656, 0.1722609106865644, 0.8206680863951757, -0.20545253872124647, 0.19043362682022003, -0.3041530269731547, 0.3555903928782779, 0.5226916982326544, -0.7671534765793957, -0.04890411883033008, 0.5459759967448119, 0.2767288789791818, -0.5168985097285201, 0.7694029758880243, -0.5028924098420142, -0.33580997459370154, -0.3393370789818986, 0.9184761003968485, 0.6764656640351646, 1.0, 0.26090434057976286, 0.5489455893573896, -0.03298548485082353]
1018.9280395507812	(8, 12, 2)	[0.55623364809412, 0.4111986654978512, -0.3580617261034569, -0.7897544619790853, -0.32911059499642226, -0.26214484048073483, 0.7311048183038265, 0.6286223131615243, 0.44543766818922326, 0.45347661090844016, -0.6254105397964729, 0.8742004748166754, -0.547250078111031, 1.0, -0.4520693935797231, -0.4593882285916132, -0.9200532947972648, 0.5114587180487928, 0.844403868889293, 0.7374388993983227, -0.8752002742543289, 0.9619010582298779, 0.37951012750982627, -0.02208822663411844, -0.6489129157130848, 0.6789609780235148, 0.6392440133473984, 0.7605870786217245, 0.2013914913635093, -0.2882386061313458, -0.7114515235984533, 0.2962979971364919, 0.7630180423808037, -0.8529706587684875, 0.23223093192695335, -0.4315823172483322, -0.4812549742092711, -1.0, 0.5535136164029466, -0.21489842203531695, 1.0, 0.23652495112523317, -0.8951094038242489, 0.29301694470597384, 0.5131026732141242, 0.1963289652405109, 0.27442562195003367, 0.5986898016903469, -0.8616525541530413, 0.2689151619849982, 0.5161451168266428, -0.04433776111812071, 0.7138996421538182, 0.7917453199667788, -0.07711972815694845, -1.0, 0.9749620871893676, -0.3375916338971655, -0.4181124843742059, -0.08477506903037647, 0.6799027175840673, -0.6443113830131746, -0.30876885642461205, 0.06725190744499954, 0.5092856577989453, 0.22902745428529525, 0.9434771880283854, 0.16253647509515168, -0.672681272108872, -0.8291079431815416, 0.6005263829894274, -0.0742921048751013, -1.0, -0.3251018803969894, -0.43124185288371897, -0.7753358964945478, 0.8314609517408399, -0.020634584520967003, -0.537086139349693, 0.012584583603243896, -0.982501684236764, -0.023188827569676614, -0.5769122949143555, -0.19629894177850502, 0.8935122078883839, 0.31425323856425025, -0.6176284008644503, 0.38799891647146884, -0.47659202610813356, -0.4674046913825265, -0.5381029927414881, -0.8356949148362494, 0.7632620173832848, -0.3867562148210111, 0.7617161478056211, -0.5868825545846759, 0.4011909872110562, 0.5890964332406656, 0.2495923008075222, 0.8702269893114792, -0.23366682369734829, -0.6487746204855891, -0.24312928997186112, 0.24429445023786456, 0.2734252678402734, -0.7671534765793957, -0.04890411883033008, 0.5459759967448119, 0.2767288789791818, -0.7593798115223301, 0.7336635120122628, -0.5028924098420142, -0.33580997459370154, -0.3921984256808204, 0.9184761003968485, 0.5789259260245836, 0.888613737216796, 0.3147614190634206, 0.5489455893573896, 0.16164091739574737]
1019.597900390625	(8, 12, 2)	[0.5781303336070621, 0.27810579874169356, -0.3580617261034569, -0.7101524500489109, -0.013961860201790577, -0.304492170523106, 0.7733519501354704, 0.6725442360020076, 0.308707113843178, 0.5091356319374656, -0.5589105667378915, 0.8742004748166754, -0.547250078111031, 1.0, -0.6467320816850003, -0.5300602002576437, -0.9200532947972648, 0.5114587180487928, 0.844403868889293, 0.7374388993983227, -0.8634305930722455, 0.8408426099220481, 0.37951012750982627, -0.02208822663411844, -0.6489129157130848, 0.7797437592771082, 0.6392440133473984, 0.687483344971618, 0.2013914913635093, 0.26971508448107817, -0.7290556982201868, 0.2962979971364919, 0.5931265365799188, -0.8529706587684875, 0.2730819599180783, 0.041315210882634235, -0.32359541613813425, -1.0, 0.5535136164029466, -0.3787830956533421, 0.9469454969310631, 0.23652495112523317, -0.8423406757619022, 0.29301694470597384, 0.5131026732141242, 0.1963289652405109, 0.43696652641544476, 0.5831569148360201, -0.8616525541530413, 0.2689151619849982, 0.5161451168266428, -0.04433776111812071, 0.8307794477146941, 0.7917453199667788, -0.07711972815694845, -1.0, 0.9749620871893676, -0.3375916338971655, -0.4181124843742059, -0.08477506903037647, 0.6495528063703833, -0.6443113830131746, -0.30876885642461205, 0.06725190744499954, 0.29731728216521547, 0.22167506242961896, 0.9434771880283854, 0.16253647509515168, -0.672681272108872, -0.8291079431815416, 0.6005263829894274, -0.0742921048751013, -1.0, -0.3251018803969894, -0.43124185288371897, -0.7753358964945478, 0.8314609517408399, -0.020634584520967003, -0.537086139349693, 0.012584583603243896, -0.8704172849874399, -0.08064594834600292, -0.6225939099574693, -0.19629894177850502, 0.7309083339061289, 0.4849861795602733, -0.7821065931439983, 0.38799891647146884, -0.47659202610813356, -0.4674046913825265, -0.5381029927414881, -0.8356949148362494, -0.13983299469675342, -0.3867562148210111, 0.6672856680213719, -0.5868825545846759, 0.6282981647219386, 0.5890964332406656, 0.1722609106865644, 0.8702269893114792, -0.029908488577227832, 0.19043362682022003, -0.24312928997186112, 0.3555903928782779, 0.5226916982326544, -0.7671534765793957, -0.04890411883033008, 0.5459759967448119, 0.2767288789791818, -0.6843765324475116, 0.7336635120122628, -0.5028924098420142, 0.5158426005516414, -0.3921984256808204, 0.9184761003968485, 0.7526012803170169, 1.0, 0.26090434057976286, 0.5489455893573896, -0.03298548485082353]
1019.744873046875	(8, 12, 2)	[0.6250205216783751, 0.4111986654978512, -0.3580617261034569, -0.7897544619790853, -0.013961860201790577, -0.44094720539499754, 0.7733519501354704, 0.6286223131615243, 0.44543766818922326, 0.45347661090844016, -0.45162061315725227, 0.8742004748166754, -0.547250078111031, 1.0, -0.4520693935797231, -0.4895304858003384, -0.9200532947972648, 0.5114587180487928, 0.844403868889293, 0.7374388993983227, -0.8634305930722455, 0.9619010582298779, 0.37951012750982627, -0.02208822663411844, -0.6489129157130848, 0.7797437592771082, 0.6392440133473984, 0.7605870786217245, 0.2013914913635093, 0.26861972429507314, -0.7478888846286906, 0.34410318813519103, 0.772243238683805, -0.8529706587684875, 0.23223093192695335, -0.4315823172483322, -0.4812549742092711, -0.989284038349372, 0.5535136164029466, -0.011112348124228372, 0.993678467001009, 0.23652495112523317, -0.8951094038242489, 0.29301694470597384, 0.5131026732141242, 0.1963289652405109, 0.43696652641544476, 0.5831569148360201, -0.8616525541530413, 0.2431804930118293, 0.5161451168266428, -0.15184841838092722, 0.7138996421538182, 0.7917453199667788, -0.07711972815694845, -0.9410557365497517, 0.9749620871893676, -0.3375916338971655, -0.4181124843742059, -0.08477506903037647, 0.8340202061163553, -0.6443113830131746, -0.28144942089260666, 0.23259048414363315, 0.29731728216521547, 0.22902745428529525, 0.9363564517787948, 0.16253647509515168, -0.672681272108872, -0.8291079431815416, 0.6005263829894274, -0.0742921048751013, -1.0, -0.271902449653338, -0.45700189981608724, -0.7753358964945478, 0.8314609517408399, -0.020634584520967003, -0.5832405641798211, 0.012584583603243896, -0.8704172849874399, -0.08064594834600292, -0.6225939099574693, -0.19629894177850502, 0.8935122078883839, 0.31425323856425025, -0.7310826317749913, 0.38799891647146884, -0.47659202610813356, -0.4674046913825265, -0.4747920966332111, -0.8356949148362494, 0.7632620173832848, -0.3867562148210111, 0.5526287015431466, -0.8758056168119221, 0.4011909872110562, 0.5890964332406656, -0.03220678406175087, 0.8702269893114792, -0.18952416583461726, -0.6487746204855891, -0.08612158195902994, 0.3579465521846168, 0.5226916982326544, -0.7671534765793957, -0.04890411883033008, 0.5459759967448119, 0.2767288789791818, -0.7593798115223301, 0.6978329347808662, -0.5028924098420142, -0.33580997459370154, -0.3921984256808204, 0.9184761003968485, 0.5789259260245836, 0.9324156863211974, 0.3147614190634206, 0.7898335020043975, -0.03298548485082353]
1019.6964111328125	(8, 12, 2)	[0.6250205216783751, 0.4111986654978512, -0.3580617261034569, -0.7897544619790853, -0.1060842352893403, -0.8070241614714438, 0.6698950526305069, 0.7677866018313217, 0.5562240532100498, 0.45347661090844016, -0.45162061315725227, 0.8742004748166754, -0.547250078111031, 0.2625559139577171, -0.4520693935797231, -0.4895304858003384, -0.9200532947972648, 0.5114587180487928, 0.844403868889293, 0.7374388993983227, -0.8025704634169825, 1.0, 0.37951012750982627, -0.02208822663411844, -0.6489129157130848, 0.7797437592771082, 0.6392440133473984, 0.687483344971618, 0.2013914913635093, 0.26861972429507314, -0.7290556982201868, 0.17760890647354688, 0.6919956276370579, -0.43357943104093977, 0.2844372803207085, -0.4315823172483322, -0.4812549742092711, -0.9969227831774811, 0.5535136164029466, -0.3787830956533421, 0.993678467001009, 0.23652495112523317, -0.8951094038242489, 0.29301694470597384, 0.5131026732141242, 0.1963289652405109, 0.43696652641544476, 0.5831569148360201, -0.8616525541530413, 0.2689151619849982, 0.5161451168266428, -0.07401221471132674, 0.7138996421538182, 0.7917453199667788, -0.07711972815694845, -0.9865960236389019, 0.9749620871893676, -0.3375916338971655, -0.4181124843742059, -0.08477506903037647, 0.6495528063703833, -0.6443113830131746, -0.30876885642461205, 0.06725190744499954, 0.29731728216521547, 0.2060478875504989, 0.9434771880283854, 0.16253647509515168, -0.672681272108872, -0.7560680487376861, 0.6005263829894274, -0.14012760407469477, -1.0, -0.3251018803969894, -0.43124185288371897, -0.7753358964945478, 0.8314609517408399, -0.020634584520967003, -0.537086139349693, 0.012584583603243896, -0.982501684236764, -0.08064594834600292, -0.6225939099574693, -0.19629894177850502, 0.7309083339061289, 0.31425323856425025, -0.7310826317749913, 0.22922275816040055, -0.47659202610813356, -0.4674046913825265, -0.5381029927414881, -0.8511593656421607, 0.7632620173832848, -0.3867562148210111, 0.5122711623540935, -0.5868825545846759, 0.4011909872110562, 0.5890964332406656, 0.1722609106865644, 0.8702269893114792, -0.20545253872124647, -0.6487746204855891, -0.08612158195902994, 0.3555903928782779, 0.3639103502218549, -0.7671534765793957, -0.25125151387424655, 0.5459759967448119, 0.2767288789791818, -0.7391292809352138, 0.7336635120122628, -0.5028924098420142, 0.5158426005516414, -0.3921984256808204, 0.9184761003968485, 0.5789259260245836, 0.9324156863211974, 0.26090434057976286, 0.5489455893573896, 0.16164091739574737]
1019.6671142578125	(8, 12, 2)	[0.6250205216783751, 0.4111986654978512, -0.3580617261034569, -0.7897544619790853, -0.1060842352893403, -0.8070241614714438, 0.6698950526305069, 0.7677866018313217, 0.5562240532100498, 0.45347661090844016, -0.45162061315725227, 0.8742004748166754, -0.547250078111031, 1.0, -0.4520693935797231, -0.4895304858003384, -0.9200532947972648, 0.5114587180487928, 0.844403868889293, 0.7374388993983227, -0.8025704634169825, 1.0, 0.37951012750982627, -0.02208822663411844, -0.6489129157130848, 0.7797437592771082, 0.6392440133473984, 0.687483344971618, 0.2013914913635093, 0.26971508448107817, -0.7114515235984533, 0.17760890647354688, 0.6919956276370579, -0.43357943104093977, 0.2844372803207085, -0.4315823172483322, -0.4812549742092711, -0.8502087747016313, 0.5535136164029466, -0.3787830956533421, 0.993678467001009, 0.23652495112523317, -0.8423406757619022, 0.29301694470597384, 0.5131026732141242, 0.1963289652405109, 0.27442562195003367, 0.5831569148360201, -0.8616525541530413, 0.2689151619849982, 0.5161451168266428, -0.15184841838092722, 0.7138996421538182, 0.7917453199667788, -0.07711972815694845, -1.0, 0.9749620871893676, -0.3375916338971655, -0.4181124843742059, -0.08477506903037647, 0.6495528063703833, -0.6443113830131746, -0.30876885642461205, 0.06725190744499954, 0.29731728216521547, 0.22902745428529525, 0.9434771880283854, 0.16253647509515168, -0.672681272108872, -0.7560680487376861, 0.6005263829894274, -0.1992257021257926, -1.0, -0.3251018803969894, -0.3955065117854324, -0.7753358964945478, 0.8314609517408399, -0.020634584520967003, -0.48528198087829766, 0.012584583603243896, -0.982501684236764, -0.08064594834600292, -0.6225939099574693, -0.19629894177850502, 0.7309083339061289, 0.31425323856425025, -0.7310826317749913, 0.38799891647146884, -0.47659202610813356, -0.4674046913825265, -0.5381029927414881, -0.8511593656421607, 0.7632620173832848, -0.3867562148210111, 0.6779187865724242, -0.5868825545846759, 0.36121023686863063, 0.5890964332406656, 0.1722609106865644, 0.8702269893114792, -0.20545253872124647, -0.6487746204855891, -0.08612158195902994, 0.3555903928782779, 0.3639103502218549, -0.7671534765793957, -0.25125151387424655, 0.5459759967448119, 0.2767288789791818, -0.7391292809352138, 0.7336635120122628, -0.5028924098420142, 0.5158426005516414, -0.3921984256808204, 0.9184761003968485, 0.5789259260245836, 0.9324156863211974, 0.26090434057976286, 0.5489455893573896, 0.16164091739574737]
