1012.3300170898438	(8, 12, 2)	[0.12798955631598585, 0.9423147392199795, 0.3735758333089205, 0.9977771714778958, 0.3604913885842098, 0.5298800530180856, -0.278154607506643, 0.059475981431667435, -0.013093764819110953, 0.03638087512621535, 0.4071679691141794, -0.20821212564199976, 0.8486860656608135, -0.44532150371774715, -0.2908302724093399, -0.7350242655050172, -0.6373507769350075, 0.49385207617036286, -0.8639134676898916, 0.12772359128529698, -0.09804011377457189, -0.1563097727688092, -0.7806531186509102, 0.9693464551775026, -0.2997373935429959, -0.7756949157731055, -0.9028529082984253, -0.013917483749333215, -0.9274798039974248, 0.5115167494239221, 0.10821081192461479, 0.8300054408466451, 0.30195048562056326, -0.7355686039662614, 0.22182876049450884, -0.7392341666648414, 0.426368489343274, 0.773358899228278, 0.35065183449701265, -0.584680828996619, -0.5323807427434484, -0.6619021443466762, -0.0923036180036374, -0.05604178862190912, -0.8889883145375514, -0.03786663349358488, 0.4389119909413701, -0.8391434024529729, 0.762197057049099, 0.012753277037121702, 0.9809995659036042, -0.3925681548636546, -0.9254746781487424, 0.13206207122177482, 0.6263765110917645, 0.46798163355810685, -0.7160198436482308, 0.1840236025178188, -0.9445504622385534, -0.9028462347576216, -0.6014287206318991, 0.18712099342366018, 0.8605867781600414, -0.35562066318040597, -0.8610188166574388, -0.9408535076920501, -0.789438971780206, 0.0023744853377618558, -0.8326725626741911, -0.6250654680364578, -0.7311773036312146, 0.7945493142271542, 0.4609919319582938, 0.8879574277032873, -0.6444813518272352, 0.17201407397445845, 0.021213992671587745, 0.5724898079159058, 0.1519416267604301, 0.5019046267815159, -0.09305303501795348, -0.5629789161153864, 0.32808720056609575, -0.4889287047091555, 0.6041874573302903, 0.010169267448624675, -0.4548857514812856, 0.28088870330235416, -0.8281321458910047, -0.6098458186426796, 0.03947123399861274, 0.9304115102220327, -0.2671132752461465, -0.6950117919896408, 0.25908286224926225, -0.44942307468582365, 0.16192204327760362, -0.3117376117103585, 0.6925183220294058, -0.6821505510483361, -0.39216939968468933, -0.6873997743808462, -0.6343839112488547, -0.5637000386117268, -0.5909602792918967, 0.3348788783012697, 0.3624590891118151, -0.6894489633217011, 0.1283401774948023, -0.2737872725702024, -0.6911931503884334, 0.5633702639848686, 0.5892208944090733, -0.5165489171132025, 0.21587578268130092, -0.7928458161094756, 0.7912007586622878, -0.3149081291983493, 0.8400780313509457, 0.8512013656081578]
926.191162109375	(8, 12, 2)	[-0.09246812705625573, -0.25172317276267187, -0.6798809659189167, 0.14235687118142248, 0.7160555605791707, -0.36166662943124517, -0.6032007800323365, 0.23951769937018486, -0.7085212852283644, 0.15917711936104384, 0.4374788465566781, 0.950875250143723, 0.5133031715401164, 0.41515808207099547, 0.08645932137307066, -0.3749181345572312, 0.037385891398795, 0.7961691797859596, -0.8041948597496027, 0.750039794609211, 0.8424216666713258, -0.5289014932000691, 0.8888688930338704, -0.08393352516508834, 0.36537862339391114, -0.5762580529117438, 0.017982725847573322, 0.9952052100951541, -0.8559123881241819, -0.2030839936691866, -0.5179145126394913, 0.8897303828723722, 0.1755314494837681, -0.9780110023120807, 0.19930031895328781, -0.5992727962448421, -0.6001143592988494, 0.19107067540150502, 0.10171549697688698, 0.09569137103471514, -0.6686698741626198, 0.0696897517251831, -0.5563075106358022, 0.4470246066531902, -0.012555541651440905, 0.2214214477186085, -0.5788910731474401, 0.39078157039441397, -0.05142857165819903, 0.4989165882117528, 0.873914125424949, 0.7709939923746356, -0.4141381217787423, -0.22484340885380277, 0.4384946621100996, 0.8555774898165955, 0.721653406363707, 0.9020723781249496, -0.5588238302942534, 0.5485681392320647, 0.6057498866988427, -0.9256953016824347, 0.05353597939813137, -0.2428058010133325, -0.18369349897411524, 0.3834132107938777, 0.9876344980962779, 0.22816866190587848, 0.1107467652439671, 0.43550914890318815, 0.9235129509760085, -0.19363069779783282, -0.5502713973195159, -0.5415429964276601, 0.2557897095306969, 0.5651585065613158, 0.8124458017453358, 0.29512418519812433, -0.10907650715602912, -0.6033102066844447, -0.02408508041502322, 0.5469776595558589, 0.6868525032963306, 0.8745320110910182, 0.5046528698420862, 0.2493795871689961, -0.8176015839910822, 0.8216705263932795, -0.3324312245937797, -0.6011506367160786, 0.8662796629887697, -0.9773006816558161, 0.6748791038647937, -0.8060141993284187, 0.26873062329919883, 0.8164712916667338, 0.6820223914619523, -0.9172296034581795, -0.5161481433405453, 0.11730823566380488, 0.40873900120014395, 0.5054597903085629, 0.4240938330885662, 0.3253984178607048, -0.9326649410906647, -0.5671538253397856, 0.8339369143937938, -0.07675762042623901, -0.1273480088563994, 0.41946058022052823, 0.4376989850117232, 0.5618206601366873, -0.7143154902446807, 0.8627815814881623, -0.5895743018343997, -0.45820770584958415, -0.47591566584099887, 0.22646634998409, 0.7672329727414666, -0.48261645014764776]
1013.0851440429688	(8, 12, 2)	[-0.10083606907247189, -0.2990560243624363, 0.009284420088415679, 0.22821871804555727, 0.8398116097891892, 0.7881832545394882, 0.8078619622750836, -0.3225543234246595, -0.8267231625529863, 0.17948434181137984, -0.7727784468633467, -0.20664104178348763, 0.2075017912711279, 0.17951441871313034, -0.05860601439391755, -0.31702121424924257, 0.4512592577814185, -0.3335545643244504, 0.9128885313661326, 0.48848519393468126, -0.3492523280544346, -0.6663647669244526, 0.5702066827466818, -0.5372891989711839, 0.2807113920649218, -0.9084656252880985, -0.07472512378126295, 0.7105363982858415, -0.34624732889078036, 0.43440729070387785, 0.8630777246217414, 0.6662322564079581, 0.3366801976475102, 0.2807032051318705, -0.9032587579862912, 0.2857343764045581, 0.8962691173402357, -0.2968727923473595, 0.33805905167859396, 0.9202295475764528, -0.4211964777405488, -0.3751195899461439, -0.1706387062040038, -0.5959708004019972, 0.7179576530635257, 0.22838730570252608, -0.9977271063229742, 1.0, -0.3906523727044444, -0.4683185981179745, -0.7896467763711172, -0.6326015842502812, 0.4735714236562514, -0.6708550706552647, -0.9701507711226769, 0.48496008372050436, 0.4465889472767608, 0.022068655248773883, 0.4058406705683033, 0.5052444200927837, 0.4875228908132543, 0.541368256694942, 0.41136079488478594, -0.5638939976649735, 0.2378819386073161, -0.10390186624336595, 0.5917994626416299, -0.3187798051042625, -0.7355156242507175, -0.5038532083178218, -0.6778997135494016, -0.5193967119393128, 0.2479389783875534, -0.8737087422298786, -0.16491286466403698, -0.9024477476927466, -0.9204399034111506, 0.7775366043125078, -0.5538846472535721, 0.7109126949358824, 0.13548429762901915, -0.7164565078953982, 0.8630359494439195, -0.6745748503381503, 0.9760517231743784, 0.7657907230423471, -0.5333627863699271, -0.6619603459173551, 0.7374330676319829, 0.7854982273379754, -0.2619854565015558, -0.9525099855296402, 0.2633890436665043, 0.6171281581270207, -0.9980824502637602, 0.6390571228008401, -0.3250975886148091, -0.7096833551869448, 0.7569351601331342, 0.4852390272260283, 0.3990755286135286, 0.32274171555140896, 0.590805045288977, 0.47092833719230476, -0.20930210343070366, 0.7999379742493562, -0.709072390768152, -0.7596105238467745, -0.6203639076000289, -0.6401443717118072, 0.7877363826705819, 0.3706477596542186, -0.1920633728109699, 0.01455247690671757, 0.24193370221878752, -0.0088381353790552, -0.5489419202735428, -0.39155706648779653, -0.0951211323088832, -0.628207945446627]
1019.7351684570312	(8, 12, 2)	[-0.7588313180880368, -0.40512477909019085, 0.81673366026015, -0.49747914041428487, 0.45494030866528035, 0.14942344496290572, 0.1669834472192222, 0.16579485807426453, -0.9477363436481265, 0.4927588067250481, 0.7105403498659024, 0.24620587572074948, -0.7684785005348647, -0.12430421099413103, 0.08645932137307066, -0.30188991142807886, -0.5079387959157922, 0.7558360057794087, -0.05931732353652741, 0.1090359121520923, -0.7182108242571954, -0.32849130838017776, 0.44810324466393836, 0.9000000319395067, -0.5493130310109795, 0.8598679328847683, -0.2878929683767868, -0.7747848573181748, -0.6161655619581894, -0.9635687515345277, -0.30539133130920515, -0.9168078042418999, 0.28882751004836593, 0.041737717606470603, -0.6952073059592099, 0.503385774580291, 0.5745527545196103, -0.324121737989328, -0.4379968212964709, 0.4963473913551688, -0.12117822568482683, 0.21188057763806545, -0.085225814326372, 0.8288257678809858, 0.8591795095452941, 0.5827941867577253, -0.2182422796110377, -0.9679972696516153, -0.3221296922598089, 0.5804585264723687, 0.6994084102597051, 0.8975882556044754, -0.37027641974307146, -0.9638402841848641, 0.4384946621100996, 0.7710200198650168, 0.01180978272609745, 0.2635815437379599, -0.9553451962373565, 0.7639361345176845, 0.6057498866988427, -0.9168200310177514, -0.5267015968187998, 0.7595520971318492, -0.9454390523668921, 0.3834132107938777, -0.7687794236889931, -0.3688697183001348, -0.969752291533728, -0.9804002621778669, 0.3915022234249328, -0.010732941097973736, -0.5031423438143874, -0.25612615216619616, 0.5680653661460944, -0.3612109227016313, -0.6101644612177639, -0.45845434827352083, -0.6515632175793682, -0.6033102066844447, -0.20275362125133078, -0.1791889638412847, 0.6958818813228058, -0.3774467476770149, 0.4561196430689498, 0.7639971632402722, 0.6831182805170102, -0.6159484339725823, 0.5274763984636912, 0.7787258503905996, 0.8662796629887697, -0.5305042246822718, 0.0599601669038996, -0.4125173268583613, -0.46035570141481696, 0.5649626306353435, 0.05348751967703258, 0.001932232635137865, -0.255085719795312, -0.8410104415734938, 0.9039975951190657, 0.026894631507130784, 0.19457739630478943, -0.7386668338310081, 0.18037441481579952, -0.6889259095004368, -0.3174812041377073, -0.6359791572715427, -0.9114646011723029, 0.1423677103218579, 0.9038131169610064, -0.8735131135241363, 0.6917726189216078, -0.9459885301774218, 0.8110817115547935, -0.15800519956114356, 0.5181921703736527, 0.10566797719378962, 0.7954090987667324, 0.26808324078431234]
1018.9873657226562	(8, 12, 2)	[-0.7588313180880368, -0.40512477909019085, 0.81673366026015, -0.49747914041428487, 0.45494030866528035, 0.14942344496290572, 0.1669834472192222, 0.16579485807426453, -0.9477363436481265, 0.4927588067250481, 0.7105403498659024, 0.24620587572074948, -0.7684785005348647, -0.12430421099413103, 0.08645932137307066, -0.30188991142807886, -0.5079387959157922, 0.7558360057794087, -0.05931732353652741, 0.1090359121520923, -0.7182108242571954, -0.32849130838017776, 0.44810324466393836, 0.9000000319395067, -0.5493130310109795, 0.8598679328847683, -0.2878929683767868, -0.7747848573181748, -0.6161655619581894, -0.9635687515345277, -0.30539133130920515, -0.9168078042418999, 0.28882751004836593, 0.041737717606470603, -0.6952073059592099, 0.503385774580291, 0.5745527545196103, -0.324121737989328, -0.4379968212964709, 0.4963473913551688, -0.12117822568482683, 0.21188057763806545, -0.085225814326372, 0.8288257678809858, 0.8591795095452941, 0.5827941867577253, -0.2182422796110377, -0.9679972696516153, -0.3221296922598089, 0.5804585264723687, 0.6994084102597051, 0.8975882556044754, -0.37027641974307146, -0.9638402841848641, 0.4384946621100996, 0.7710200198650168, 0.01180978272609745, 0.2635815437379599, -0.9553451962373565, 0.7639361345176845, 0.6057498866988427, -0.9168200310177514, -0.5267015968187998, 0.7595520971318492, -0.9454390523668921, 0.3834132107938777, -0.7687794236889931, -0.3688697183001348, -0.969752291533728, -0.9804002621778669, 0.3915022234249328, -0.010732941097973736, -0.5031423438143874, -0.25612615216619616, 0.5680653661460944, -0.3612109227016313, -0.6101644612177639, -0.45845434827352083, -0.6515632175793682, -0.6033102066844447, -0.20275362125133078, -0.1791889638412847, 0.6958818813228058, -0.3774467476770149, 0.4561196430689498, 0.7639971632402722, 0.6831182805170102, -0.6159484339725823, 0.5274763984636912, 0.7787258503905996, 0.8662796629887697, -0.5305042246822718, 0.0599601669038996, -0.4125173268583613, -0.46035570141481696, 0.5649626306353435, 0.05348751967703258, 0.001932232635137865, -0.255085719795312, -0.8410104415734938, 0.9039975951190657, 0.026894631507130784, 0.19457739630478943, -0.7386668338310081, 0.18037441481579952, -0.6889259095004368, -0.3174812041377073, -0.6359791572715427, -0.9114646011723029, 0.1423677103218579, 0.9038131169610064, -0.8735131135241363, 0.6917726189216078, -0.9459885301774218, 0.8110817115547935, -0.15800519956114356, 0.5181921703736527, 0.10566797719378962, 0.7954090987667324, 0.26808324078431234]
1019.5089721679688	(8, 12, 2)	[0.7261311202507892, -0.32304482332530715, 0.2913357148110616, 0.9977771714778958, 0.8398116097891892, -0.202199964767255, -0.6537300682576519, 0.36990993117267323, -0.36866351649558093, -0.7006337095343231, -0.15662215255151257, -0.45303986014348974, 0.9488345334074164, -0.8437354366918857, 0.24386826837935627, -0.31702121424924257, -0.6809672455758097, -0.2545815451722673, -0.3143818683010906, 0.12772359128529698, -0.20255731767443086, -0.6255927067364723, 0.5702066827466818, 0.3834236484306923, 0.8013999131841958, -0.7131783626289225, -0.9396201008472562, -0.4873722347941831, 0.5029490813471429, 0.43440729070387785, -0.5179145126394913, 0.22365474258665752, -0.40834031870542287, -0.6555455457292496, -0.9032587579862912, -0.7675060144596009, -0.8418223735094015, -0.5194483495430149, -0.8459794887489014, 0.039270692635683835, 0.47550274745328536, -0.6619021443466762, -0.5474771779187975, -0.8924543634569735, -0.6985726779761026, 0.8278867199565552, 0.9742335797210304, 0.5750802952112086, -0.02499188874741498, -0.7183044259028011, -0.526148342046304, 0.8214151601460544, -0.9229720889240494, -0.3067278504038049, 0.16233610525805986, 0.258097685820771, 0.721653406363707, -0.1734464265416482, -0.568303332575832, -0.3926357677111576, 0.6057498866988427, -0.9256953016824347, 0.31992790767663815, -0.5638939976649735, 0.2378819386073161, -0.10390186624336595, 0.9876344980962779, -0.3187798051042625, -0.7355156242507175, -0.02741734296144882, -0.3870128219111171, -0.5193967119393128, -0.5973502710343745, -0.5415429964276601, 0.48003219404165565, 0.062188568485453066, 0.8299996164850787, -0.6824828811605868, 0.11980704491765981, 0.855688591555372, 0.1396205532157868, -0.7164565078953982, 0.538732067518332, -0.20584369947244752, -0.05636069534945776, 0.027242193928435077, -0.3137354680375566, -0.4947482516336634, -0.42356032682784206, 0.19018704334076575, -0.7859373685828508, -0.6965348901557011, 0.2899961828729871, 0.3642586146608866, 0.4290245800449404, 0.7457025277131177, 0.4362267233877566, -0.6050219085670228, 0.2618518069269413, -0.5301535635436967, 0.19951793531924022, -0.6873997743808462, 0.4240938330885662, -0.9320885933238683, 0.435500017831171, 0.7999379742493562, 0.8339369143937938, -0.6953877089425633, 0.7983254123575017, -0.6307313374486665, 0.5225060211853718, -0.3631192086038071, -0.48673552809521814, 0.5750310271540908, -0.8135006212202223, -0.45820770584958415, 0.9800604486592392, -0.39155706648779653, -0.10200836801812652, 0.1576654458900011]
1019.351318359375	(8, 12, 2)	[-0.9143456302830688, -0.40512477909019085, 0.4841461227529238, -0.49747914041428487, 0.7858466384246741, -0.5008289823999488, -0.6537300682576519, -0.9048996120435153, -0.7140479330471816, 0.6044679603394578, -0.7796067758223166, -0.9966424613755862, 0.6149674474536526, 0.02327208460411212, 0.09466418543683486, -0.4282809834748488, -0.5079387959157922, 0.7558360057794087, -0.07012557617587337, -0.2651945577199608, -0.7182108242571954, -0.4308295829132194, 0.8888688930338704, 0.9000000319395067, -0.5493130310109795, -0.7586678326877363, -0.2878929683767868, -0.690488880739093, -0.016642162622076295, -0.9635687515345277, 0.7837627529213518, -0.8490184919747423, -0.40834031870542287, 0.07352434106907779, 0.8620595484827058, -0.4547230954009336, -0.6001143592988494, -0.30352610606116004, -0.8459794887489014, 0.09569137103471514, -0.12117822568482683, 0.09432864278680597, -0.5563075106358022, 0.3786747070974352, -0.012555541651440905, -0.4447001963783366, -0.4996877820005883, 0.011128345945668361, -0.05142857165819903, -0.45642871918887096, 0.873914125424949, -0.604880489787172, -0.37027641974307146, -0.9638402841848641, -0.44939074626106157, 0.7710200198650168, 0.9469893790579584, 0.838374119761933, 0.7912025164117773, -0.11163044825606327, 0.6057498866988427, 0.1922894188051707, 0.5178756356772416, 0.8158578284292326, -0.18369349897411524, 0.3834132107938777, -0.7687794236889931, 0.22816866190587848, -0.5731333360692641, -0.02741734296144882, 0.05354228931072802, -0.19363069779783282, -0.5031423438143874, -0.25612615216619616, 0.2557897095306969, 0.1955231168085858, -0.6101644612177639, 0.5724898079159058, 0.2432270247310102, 0.7456615720068633, -0.02408508041502322, -0.2820183378237191, 0.6958818813228058, 0.8745320110910182, 0.4561196430689498, 0.7639971632402722, 0.8562243388097308, 0.3169869108645582, 0.47963748994698663, 0.6582473112717564, 0.8662796629887697, -0.5305042246822718, 0.12960098813334175, 0.5698879076248866, -0.04249711085166208, -0.6380169808032736, -0.15582243319760503, -0.01556721694063581, -0.5161481433405453, 0.11730823566380488, 0.40873900120014395, 0.5232707969225947, -0.424578884167361, -0.7386668338310081, 0.18037441481579952, -0.6889259095004368, 0.8617036105350255, -0.07675762042623901, -0.9114646011723029, 0.41946058022052823, -0.6911931503884334, -0.5648945673804358, 0.43080304304992856, -0.9459885301774218, -0.5556983554435333, -0.3741028627242442, 0.4189622654039396, -0.8128284488859363, -0.10200836801812652, -0.48261645014764776]
1019.9465942382812	(8, 12, 2)	[-0.8350072593326741, -0.40512477909019085, 0.009284420088415679, 0.14235687118142248, 0.7858466384246741, 0.5276348685919601, 0.11464337498589372, -0.9433764425023408, 0.8339973441383239, -0.008887663466367712, 0.7105403498659024, 0.950875250143723, 0.5133031715401164, 0.02327208460411212, 0.08645932137307066, -0.31702121424924257, -0.6221098092616546, 0.7558360057794087, -0.8041948597496027, 0.750039794609211, -0.6863645514510048, -0.6663647669244526, 0.5702066827466818, -0.5372891989711839, -0.7666205414825817, -0.9084656252880985, 0.017982725847573322, 0.9952052100951541, -0.8102117328658034, 0.23525750143164736, -0.6521982909611128, -0.1526245256017733, -0.9043605336777987, -0.04626588705689949, 0.19930031895328781, -0.4547230954009336, 0.640399007778605, -0.30352610606116004, -0.8459794887489014, -0.6552084153626183, -0.6686698741626198, -0.33028920564319497, -0.14923550607597624, 0.8288257678809858, -0.012555541651440905, -0.48041036453312636, -0.5788910731474401, 0.39078157039441397, -0.05142857165819903, 0.5804585264723687, 0.6994084102597051, -0.010559862010836696, 0.17173056439771117, -0.22484340885380277, 0.4384946621100996, 0.48496008372050436, 0.08138626152704775, 0.9020723781249496, 0.7912025164117773, -0.8553165115087606, 0.6057498866988427, 0.39899198078562925, 0.41136079488478594, 0.38183340382083153, -0.2140785802848778, 0.3834132107938777, 0.5917994626416299, 0.22816866190587848, -0.7355156242507175, 0.8290020958634314, 0.8209595480248717, -0.6707946445954793, -0.5973502710343745, -0.8295539075886744, 0.2557897095306969, 0.5651585065613158, 0.014880628586854794, 0.05218303187553852, 0.1708884799384518, -0.6033102066844447, 0.08095990234796857, -0.47213644170507263, 0.6868525032963306, -0.11971109581911432, 0.5046528698420862, 0.20173503830042705, 0.22384295535890364, 0.8216705263932795, 0.7374330676319829, -0.6011506367160786, -0.1521100564427793, -0.10357494105459497, 0.6748791038647937, 0.6171281581270207, -0.9980824502637602, 0.6390571228008401, 0.6820223914619523, -0.378076852770997, -0.255085719795312, 0.4852390272260283, 0.3990755286135286, 0.32274171555140896, 0.2663731290732767, 0.3253984178607048, -0.13549304806563645, -0.5013821280830545, -0.31709196101780757, 0.14755676507784754, 0.15613387857679517, 0.41946058022052823, -0.13944393622480278, 0.5618206601366873, 0.6194688944901308, 0.8627815814881623, -0.5895743018343997, -0.45820770584958415, 0.2955312302238937, 0.010376779876291709, -0.10200836801812652, -0.48261645014764776]
1019.7974243164062	(8, 12, 2)	[-0.8350072593326741, -0.40512477909019085, 0.009284420088415679, 0.14235687118142248, 0.7858466384246741, 0.5276348685919601, 0.11464337498589372, -0.9433764425023408, 0.8339973441383239, -0.008887663466367712, 0.7105403498659024, 0.950875250143723, 0.5133031715401164, 0.02327208460411212, 0.08645932137307066, -0.31702121424924257, -0.6221098092616546, 0.7558360057794087, -0.8041948597496027, 0.750039794609211, -0.6863645514510048, -0.6663647669244526, 0.5702066827466818, -0.5372891989711839, -0.7666205414825817, -0.9084656252880985, 0.017982725847573322, 0.9952052100951541, -0.8102117328658034, 0.23525750143164736, -0.6521982909611128, -0.1526245256017733, -0.9043605336777987, -0.04626588705689949, 0.19930031895328781, -0.4547230954009336, 0.640399007778605, -0.30352610606116004, -0.8459794887489014, -0.6552084153626183, -0.6686698741626198, -0.33028920564319497, -0.14923550607597624, 0.8288257678809858, -0.012555541651440905, -0.48041036453312636, -0.5788910731474401, 0.39078157039441397, -0.05142857165819903, 0.5804585264723687, 0.6994084102597051, -0.010559862010836696, 0.17173056439771117, -0.22484340885380277, 0.4384946621100996, 0.48496008372050436, 0.08138626152704775, 0.9020723781249496, 0.7912025164117773, -0.8553165115087606, 0.6057498866988427, 0.39899198078562925, 0.41136079488478594, 0.38183340382083153, -0.2140785802848778, 0.3834132107938777, 0.5917994626416299, 0.22816866190587848, -0.7355156242507175, 0.8290020958634314, 0.8209595480248717, -0.6707946445954793, -0.5973502710343745, -0.8295539075886744, 0.2557897095306969, 0.5651585065613158, 0.014880628586854794, 0.05218303187553852, 0.1708884799384518, -0.6033102066844447, 0.08095990234796857, -0.47213644170507263, 0.6868525032963306, -0.11971109581911432, 0.5046528698420862, 0.20173503830042705, 0.22384295535890364, 0.8216705263932795, 0.7374330676319829, -0.6011506367160786, -0.1521100564427793, -0.10357494105459497, 0.6748791038647937, 0.6171281581270207, -0.9980824502637602, 0.6390571228008401, 0.6820223914619523, -0.378076852770997, -0.255085719795312, 0.4852390272260283, 0.3990755286135286, 0.32274171555140896, 0.2663731290732767, 0.3253984178607048, -0.13549304806563645, -0.5013821280830545, -0.31709196101780757, 0.14755676507784754, 0.15613387857679517, 0.41946058022052823, -0.13944393622480278, 0.5618206601366873, 0.6194688944901308, 0.8627815814881623, -0.5895743018343997, -0.45820770584958415, 0.2955312302238937, 0.010376779876291709, -0.10200836801812652, -0.48261645014764776]
1019.9616088867188	(8, 12, 2)	[-0.8350072593326741, 0.9423147392199795, 0.009284420088415679, -0.2911717384824615, 0.038276521521459106, -0.6097875597157265, 0.11464337498589372, 0.16579485807426453, -0.7085212852283644, 0.7875792429708572, 0.4374788465566781, 0.5050817991095392, -0.056607607685241756, 0.41515808207099547, 0.08645932137307066, -0.3749181345572312, -0.34418585906501176, 0.7961691797859596, -0.8639134676898916, 0.750039794609211, -0.1277544303340843, -0.6663647669244526, 0.5702066827466818, 0.07503508720227292, 0.08765512338432324, -0.5762580529117438, 0.4001515556272641, 0.7105363982858415, -0.8559123881241819, -0.21335556458549876, 0.8630777246217414, -0.9959948997381978, 0.3366801976475102, 0.5704538418916909, 0.19930031895328781, -0.5992727962448421, -0.6001143592988494, 0.7587960136342888, 0.9583772008244205, 0.09569137103471514, -0.6686698741626198, 0.0696897517251831, -0.5563075106358022, 0.3786747070974352, -0.012555541651440905, 0.2214214477186085, -0.9977271063229742, 0.011128345945668361, -0.05142857165819903, 0.4989165882117528, -0.7896467763711172, 0.7709939923746356, -0.9229720889240494, 0.4829230538526559, 0.2572429699656329, 0.46798163355810685, 0.721653406363707, -0.3316927794484654, -0.9445504622385534, -0.8553165115087606, -0.1256793275536241, -0.9256953016824347, 0.05353597939813137, -0.5638939976649735, 0.2378819386073161, 0.5265016661506625, 0.9876344980962779, 0.19481243898542244, 0.1372962648377387, -0.2603614887473251, 0.44415036482702863, -0.5193967119393128, 0.4609919319582938, -0.0855245332879, -0.21010278168434326, 0.19216116279369477, 0.8124458017453358, 0.29512418519812433, -0.9180836954588927, -0.6033102066844447, 0.9758641810867974, 0.5078951617118324, 0.6868525032963306, 0.8745320110910182, 0.7415761599633919, 0.7657907230423471, -0.16963102572962296, 0.8216705263932795, -0.3324312245937797, -0.6011506367160786, -0.2619854565015558, -0.9525099855296402, 0.6748791038647937, 0.5698879076248866, 0.25908286224926225, -0.6182405399989463, 0.6820223914619523, -0.9172296034581795, -0.5161481433405453, 0.7164038339039622, -0.6303876915374851, 0.5232707969225947, 0.4240938330885662, -0.3789416978528326, -0.9326649410906647, -0.5671538253397856, 0.8617036105350255, -0.07675762042623901, 0.15613387857679517, -1.0, -0.13944393622480278, -0.8735131135241363, 0.5815991121717285, 0.8755106288254203, -0.8135006212202223, -0.7340266349916715, 0.9800604486592392, 0.22646634998409, -0.0951211323088832, -0.628207945446627]
1019.62841796875	(8, 12, 2)	[0.6732826161306531, -0.40512477909019085, 0.009284420088415679, -0.07293633723999937, 0.7160555605791707, 0.38543499988251373, -0.19848036441547068, 0.26807366025453855, -0.7140479330471816, 0.6044679603394578, 0.08555109152268403, -0.45303986014348974, 0.6859146458229355, 0.12214437820603173, -0.05860601439391755, -0.31702121424924257, -0.6221098092616546, 0.7961691797859596, -0.813327823985696, 0.750039794609211, -0.6863645514510048, -0.6663647669244526, 0.8888688930338704, -0.0715235222946548, 0.36537862339391114, 0.4238113175961009, 0.017982725847573322, 0.9952052100951541, -0.6694813218316098, -0.9635687515345277, -0.5179145126394913, 0.8897303828723722, -0.8334328058209559, -0.9780110023120807, 0.19930031895328781, 0.40090446340672314, 0.5745527545196103, 0.19107067540150502, 0.9583772008244205, -0.6135323942348565, -0.13941174083256214, 0.0696897517251831, -0.33986755481938924, 0.4470246066531902, -0.012555541651440905, 0.12283085726538179, -0.7098628076888188, 0.7094901637339863, 0.762197057049099, -0.45642871918887096, 0.28265381882508755, 0.5600465199909916, -0.9254746781487424, 0.743996846013935, 0.4384946621100996, 0.48496008372050436, 0.5734105831350088, 0.42230879436454605, -0.9445504622385534, -0.5208885837551187, -0.1256793275536241, -0.9256953016824347, 0.41136079488478594, -0.5638939976649735, -0.18369349897411524, -0.10390186624336595, 0.9876344980962779, 0.22816866190587848, 0.1107467652439671, 0.2938164063989386, 0.44415036482702863, -0.5193967119393128, 0.4609919319582938, 0.7902961809058, 0.5680653661460944, -0.9024477476927466, -0.8290196829227192, -0.1604809990420626, -0.28373339786856144, -0.3222775772931581, 0.1396205532157868, -0.7164565078953982, -0.6039276474016537, 0.8745320110910182, 0.5046528698420862, 0.20173503830042705, 0.6848429100516167, 0.8216705263932795, -0.3324312245937797, -0.5389761832172637, -0.2619854565015558, -0.712446975689518, 0.2633890436665043, -0.8060141993284187, -0.04249711085166208, 0.37582271540421663, 0.6820223914619523, -0.9172296034581795, -0.5161481433405453, -0.9334315957847222, -0.5195341330577721, 0.5054597903085629, 0.590805045288977, 0.3253984178607048, -0.4195354857110254, 0.5666698286750502, 0.8337600476117426, -0.23968730825712425, 0.4451111900308209, 0.4016736115128008, 0.4376989850117232, -0.5648945673804358, 0.18928022712566417, 0.7254479683039515, 0.10862937912282919, -0.45820770584958415, -0.5489419202735428, 0.13919676969169936, -0.8312512074900393, 0.42530011684959246]
1019.6690063476562	(8, 12, 2)	[-0.8350072593326741, 0.9423147392199795, 0.009284420088415679, 0.9977771714778958, 0.038276521521459106, -0.202199964767255, 0.8078619622750836, 0.16579485807426453, -0.19198458729398593, 0.7875792429708572, 0.4374788465566781, -0.45303986014348974, -0.21889736182966302, 0.17951441871313034, -0.05860601439391755, -0.31702121424924257, -0.34418585906501176, -0.2545815451722673, -0.8041948597496027, 0.750039794609211, -0.20255731767443086, -0.6663647669244526, 0.5702066827466818, -0.4050351775044463, 0.08765512338432324, -0.2790792546944607, -0.09468915737734192, 0.9952052100951541, -0.6694813218316098, 0.5310522102475737, -0.45023208260238706, -0.8490184919747423, 0.3366801976475102, 0.5704538418916909, 0.19930031895328781, 0.503385774580291, -0.9837269591677227, -0.980079135276571, -0.8459794887489014, -0.6135323942348565, -0.6686698741626198, 0.0696897517251831, -0.5563075106358022, 0.3786747070974352, -0.012555541651440905, 0.2214214477186085, 0.16116881153530493, 0.2581773610592717, -0.05142857165819903, -0.45642871918887096, -0.7896467763711172, 0.7709939923746356, -0.9229720889240494, -0.10463595569995987, 0.6263765110917645, -0.8042441994501364, 0.5734105831350088, -0.3316927794484654, -0.568303332575832, 0.5485681392320647, 0.6057498866988427, -0.27199922501440565, -0.4921078457120618, -0.5638939976649735, 0.2378819386073161, 0.5265016661506625, 0.9876344980962779, 0.22816866190587848, 0.1372962648377387, -0.9804002621778669, 0.44415036482702863, -0.5193967119393128, 0.4609919319582938, -0.8737087422298786, 0.2557897095306969, 0.19216116279369477, -0.9204399034111506, -0.7073939269334621, -0.9180836954588927, -0.6033102066844447, 0.1396205532157868, -0.9337368542622217, 0.538732067518332, 0.8745320110910182, 0.9760517231743784, 0.20173503830042705, -0.8176015839910822, 0.8216705263932795, -0.42356032682784206, 0.7854982273379754, 0.8662796629887697, -0.9525099855296402, 0.2633890436665043, 0.5698879076248866, 0.7523325446393785, -0.6182405399989463, 0.6820223914619523, -0.6050219085670228, -0.5161481433405453, 0.11730823566380488, -0.2447112422294795, 0.5232707969225947, 0.6841259223824947, 0.47092833719230476, -0.9326649410906647, 0.8716365530785917, 0.8337600476117426, 0.5001200336995517, 0.4451111900308209, 0.41946058022052823, 0.7877363826705819, -0.5648945673804358, -0.48673552809521814, 0.6762849486059472, 0.10862937912282919, -0.0088381353790552, 0.9800604486592392, 0.13919676969169936, -0.0951211323088832, -0.628207945446627]
1019.1851806640625	(8, 12, 2)	[0.8927675007817732, -0.40512477909019085, 0.009284420088415679, 0.14235687118142248, 0.7858466384246741, 0.009086425087223127, -0.5534524024511029, -0.3225543234246595, 0.6481447658359273, 0.2689928091398517, -0.9008632155632561, -0.20821212564199976, 0.810877899948921, 0.02327208460411212, 0.08645932137307066, -0.31702121424924257, -0.6221098092616546, 0.8007656355395929, -0.01734349470785701, 0.750039794609211, 0.8323443609203114, -0.0035731844150825864, 0.8697184117728209, -0.5372891989711839, -0.7666205414825817, 0.4238113175961009, 0.017982725847573322, 0.9952052100951541, -0.8102117328658034, -0.8394220272357136, -0.6521982909611128, -0.1526245256017733, -0.9043605336777987, 0.2807032051318705, 0.19930031895328781, 0.2857343764045581, 0.27667520490338027, -0.30352610606116004, 0.9583772008244205, -0.26647208541899725, -0.13941174083256214, 0.0696897517251831, -0.5563075106358022, 0.8288257678809858, -0.012555541651440905, 0.2214214477186085, 0.9742335797210304, -0.4160355851113253, 0.004458427260282755, 0.5804585264723687, -0.526148342046304, 0.7709939923746356, -0.9229720889240494, -0.6708550706552647, -0.9091032760635651, -0.8227420398552077, 0.5734105831350088, 0.1840236025178188, 0.4058406705683033, -0.8553165115087606, 0.6057498866988427, 0.39899198078562925, 0.41136079488478594, 0.38183340382083153, -0.9454390523668921, 0.3834132107938777, 0.9876344980962779, 0.22816866190587848, -0.7355156242507175, 0.8290020958634314, 0.8209595480248717, 0.5266724567908692, -0.5973502710343745, -0.8737087422298786, 0.2557897095306969, 0.5651585065613158, 0.3635430356701297, 0.5724898079159058, -0.9180836954588927, -0.6033102066844447, 0.08095990234796857, -0.47213644170507263, -0.2763058184568534, -0.1715973716438886, 0.5046528698420862, 0.20173503830042705, -0.5333627863699271, 0.8216705263932795, 0.7374330676319829, -0.6284258837345783, -0.1521100564427793, -0.9525099855296402, 0.2574728073868807, 0.6171281581270207, -0.28264135782944244, 0.7457025277131177, 0.7825934763831526, -0.9172296034581795, -0.5161481433405453, 0.11730823566380488, -0.2447112422294795, 0.5054597903085629, 0.4476585011067722, 0.47092833719230476, -0.9326649410906647, 0.510263496103315, 0.8337600476117426, -0.23968730825712425, 0.4451111900308209, 0.4016736115128008, 0.7877363826705819, 0.5618206601366873, -0.20601747476682752, 0.6762849486059472, 0.24193370221878752, -0.4263965194617355, 0.9800604486592392, 0.010376779876291709, -0.8312512074900393, -0.48261645014764776]
1019.8668823242188	(8, 12, 2)	[0.8927675007817732, -0.40512477909019085, 0.009284420088415679, 0.14235687118142248, 0.7858466384246741, 0.009086425087223127, -0.5534524024511029, -0.3225543234246595, 0.6481447658359273, 0.2689928091398517, -0.9008632155632561, -0.20821212564199976, 0.810877899948921, 0.02327208460411212, 0.08645932137307066, -0.31702121424924257, -0.6221098092616546, 0.8007656355395929, -0.01734349470785701, 0.750039794609211, 0.8323443609203114, -0.0035731844150825864, 0.8697184117728209, -0.5372891989711839, -0.7666205414825817, 0.4238113175961009, 0.017982725847573322, 0.9952052100951541, -0.8102117328658034, -0.8394220272357136, -0.6521982909611128, -0.1526245256017733, -0.9043605336777987, 0.2807032051318705, 0.19930031895328781, 0.2857343764045581, 0.27667520490338027, -0.30352610606116004, 0.9583772008244205, -0.26647208541899725, -0.13941174083256214, 0.0696897517251831, -0.5563075106358022, 0.8288257678809858, -0.012555541651440905, 0.2214214477186085, 0.9742335797210304, -0.4160355851113253, 0.004458427260282755, 0.5804585264723687, -0.526148342046304, 0.7709939923746356, -0.9229720889240494, -0.6708550706552647, -0.9091032760635651, -0.8227420398552077, 0.5734105831350088, 0.1840236025178188, 0.4058406705683033, -0.8553165115087606, 0.6057498866988427, 0.39899198078562925, 0.41136079488478594, 0.38183340382083153, -0.9454390523668921, 0.3834132107938777, 0.9876344980962779, 0.22816866190587848, -0.7355156242507175, 0.8290020958634314, 0.8209595480248717, 0.5266724567908692, -0.5973502710343745, -0.8737087422298786, 0.2557897095306969, 0.5651585065613158, 0.3635430356701297, 0.5724898079159058, -0.9180836954588927, -0.6033102066844447, 0.08095990234796857, -0.47213644170507263, -0.2763058184568534, -0.1715973716438886, 0.5046528698420862, 0.20173503830042705, -0.5333627863699271, 0.8216705263932795, 0.7374330676319829, -0.6284258837345783, -0.1521100564427793, -0.9525099855296402, 0.2574728073868807, 0.6171281581270207, -0.28264135782944244, 0.7457025277131177, 0.7825934763831526, -0.9172296034581795, -0.5161481433405453, 0.11730823566380488, -0.2447112422294795, 0.5054597903085629, 0.4476585011067722, 0.47092833719230476, -0.9326649410906647, 0.510263496103315, 0.8337600476117426, -0.23968730825712425, 0.4451111900308209, 0.4016736115128008, 0.7877363826705819, 0.5618206601366873, -0.20601747476682752, 0.6762849486059472, 0.24193370221878752, -0.4263965194617355, 0.9800604486592392, 0.010376779876291709, -0.8312512074900393, -0.48261645014764776]
1019.766357421875	(8, 12, 2)	[-0.0638195218082271, -0.25172317276267187, -0.2843554229877824, 0.22821871804555727, 0.7858466384246741, 0.7438281580297663, -0.6032007800323365, 0.7183081201212267, -0.7085212852283644, 0.7875792429708572, 0.08555109152268403, -0.20821212564199976, 0.810877899948921, -0.07736756181226867, 0.08645932137307066, -0.42874224309715636, 0.4512592577814185, 0.7558360057794087, -0.01734349470785701, 0.750039794609211, -0.5015552107211946, 0.6092995256870699, 0.5702066827466818, -0.5372891989711839, -0.7666205414825817, -0.7586678326877363, 0.017982725847573322, -0.013917483749333215, -0.8559123881241819, -0.2030839936691866, -0.4858846864895278, 0.8897303828723722, 0.28882751004836593, 0.2807032051318705, 0.19930031895328781, 0.40090446340672314, -0.9837269591677227, -0.30352610606116004, 0.1376922638490613, -0.992379917841097, -0.13941174083256214, -0.6561214756420803, 0.0595246568855432, 0.4470246066531902, -0.012555541651440905, 0.22838730570252608, -0.4996877820005883, 0.2581773610592717, -0.05142857165819903, -0.4683185981179745, -0.7896467763711172, -0.6326015842502812, -0.9229720889240494, 0.4829230538526559, -0.9701507711226769, -0.9614277267836377, 0.721653406363707, 0.42230879436454605, -0.9445504622385534, -0.8553165115087606, -0.24795878191499132, 0.1922894188051707, 0.05353597939813137, -0.6357751487592782, -0.9454390523668921, -0.10390186624336595, 0.9952679205691716, 0.22816866190587848, -0.7355156242507175, -0.2603614887473251, 0.8209595480248717, -0.19363069779783282, -0.5031423438143874, -0.0855245332879, 0.2557897095306969, 0.34266878776123466, 0.014880628586854794, -0.45845434827352083, -0.9180836954588927, -0.3222775772931581, 0.9758641810867974, -0.1791889638412847, 0.8630359494439195, -0.11971109581911432, 0.5046528698420862, -0.946017869111144, 0.6246381305189417, 0.8894036257765661, 0.7374330676319829, 0.19018704334076575, 0.8662796629887697, -0.10357494105459497, 0.6748791038647937, -0.8060141993284187, -0.9980824502637602, 0.6390571228008401, -0.3250975886148091, -0.7096833551869448, -0.5161481433405453, 0.11730823566380488, -0.5195341330577721, 0.5054597903085629, -0.531466916174711, 0.47092833719230476, -0.4195354857110254, -0.5671538253397856, 0.8337600476117426, -0.7596105238467745, -0.1273480088563994, 0.41946058022052823, 0.12592633727872454, 0.3706477596542186, -0.1920633728109699, 0.8627815814881623, -0.6213420698551453, 0.6495765811106435, 0.9800604486592392, 0.22646634998409, 0.007351327491300408, -0.48261645014764776]
1019.962158203125	(8, 12, 2)	[-0.638127567489368, -0.25172317276267187, 0.009284420088415679, -0.07293633723999937, 0.038276521521459106, -0.36166662943124517, -0.5534524024511029, -0.3225543234246595, -0.7140479330471816, 0.7875792429708572, -0.15662215255151257, -0.20821212564199976, 0.6859146458229355, 0.41515808207099547, -0.05860601439391755, -0.31702121424924257, 0.4512592577814185, 0.7961691797859596, -0.8041948597496027, 0.26150632672364926, -0.6863645514510048, -0.6663647669244526, 0.5702066827466818, -0.051731260808354884, 0.08765512338432324, -0.5762580529117438, -0.07472512378126295, 0.7105363982858415, -0.27500581617202924, -0.21335556458549876, 0.8630777246217414, -0.9959948997381978, 0.3366801976475102, -0.9780110023120807, 0.15761630698869028, -0.4547230954009336, -0.8418223735094015, 0.7587960136342888, -0.7482272559890928, 0.9202295475764528, -0.6686698741626198, 0.0696897517251831, 0.0595246568855432, 0.4470246066531902, -0.012555541651440905, 0.2214214477186085, -0.16273221452621003, -0.8391434024529729, -0.23020884772204675, 0.7595957666113695, -0.7896467763711172, 0.2709165656436896, -0.9229720889240494, -0.22484340885380277, 0.049642813010325026, 0.46798163355810685, 0.721653406363707, 0.1840236025178188, -0.9445504622385534, -0.8553165115087606, 0.6057498866988427, 0.541368256694942, -0.6776267858534584, -0.5638939976649735, 0.3067166524361097, -0.31557102117207125, 0.9876344980962779, 0.22816866190587848, 0.1372962648377387, -0.2603614887473251, 0.9235129509760085, 0.5266724567908692, -0.15402818360692971, -0.8737087422298786, -0.21010278168434326, -0.7395509072087749, 0.8124458017453358, 0.5724898079159058, -0.9964399589684123, -0.01743357338938134, 0.08095990234796857, 0.5078951617118324, 0.6868525032963306, 0.8745320110910182, 0.6699767126081553, 0.2493795871689961, -0.8654711018565902, -0.6619603459173551, -0.3324312245937797, -0.5389761832172637, -0.2619854565015558, -0.10357494105459497, 0.6748791038647937, 0.6171281581270207, 0.25908286224926225, -0.1625013894860765, 0.6107178942382439, -0.7096833551869448, -0.5161481433405453, 0.4852390272260283, -0.43921957984150284, 0.5054597903085629, 0.4240938330885662, 0.47092833719230476, -0.9326649410906647, 0.7999379742493562, 0.1212159818579559, -0.23968730825712425, -0.1273480088563994, -0.6401443717118072, 0.4376989850117232, -0.8735131135241363, -0.1920633728109699, 0.12344534931751458, -0.6213420698551453, 0.6495765811106435, 0.1047720103713572, -0.39155706648779653, -0.0951211323088832, -0.48554427382657606]
1019.849609375	(8, 12, 2)	[-0.09246812705625573, 0.9423147392199795, 0.009284420088415679, 0.9977771714778958, 0.7160555605791707, 0.38543499988251373, -0.19848036441547068, -0.9731133318638445, -0.7085212852283644, 0.15917711936104384, 0.7105403498659024, 0.24620587572074948, 0.6859146458229355, 0.02327208460411212, 0.08645932137307066, -0.3749181345572312, -0.34418585906501176, -0.3335545643244504, -0.7722606723070462, 0.15199825258301503, -0.35618018346636043, -0.6663647669244526, 0.5702066827466818, -0.5372891989711839, 0.08765512338432324, -0.5762580529117438, -0.6360891765398267, -0.6173182946177613, -0.8559123881241819, 0.5310522102475737, -0.6521982909611128, 0.989708148654638, -0.8334328058209559, 0.2807032051318705, 0.3106158274775561, 0.2857343764045581, -0.8418223735094015, -0.980079135276571, -0.7482272559890928, -0.6135323942348565, -0.6686698741626198, -0.6619021443466762, -0.40831615227984386, 0.3786747070974352, -0.012555541651440905, 0.2214214477186085, -0.16273221452621003, 0.2581773610592717, -0.23020884772204675, -0.4683185981179745, -0.7896467763711172, -0.3925681548636546, -0.7400344096289777, -0.6708550706552647, -0.9091032760635651, 0.48496008372050436, -0.7941826850885652, 0.1840236025178188, 0.3678281082187129, -0.3926357677111576, 0.6057498866988427, 0.39899198078562925, 0.41136079488478594, -0.5638939976649735, 0.2378819386073161, 0.2592734523829512, 0.9876344980962779, 0.22816866190587848, 0.1372962648377387, -0.2603614887473251, -0.21031760133701072, -0.5193967119393128, -0.15402818360692971, -0.8737087422298786, -0.23763511988622446, -0.7395509072087749, 0.8124458017453358, -0.45845434827352083, -0.9180836954588927, -0.01743357338938134, -0.02408508041502322, -0.47213644170507263, -0.6622267547812231, 0.8745320110910182, 0.5046528698420862, 0.7657907230423471, -0.8176015839910822, 0.719367727115698, -0.007279840356593681, -0.5389761832172637, -0.2619854565015558, -0.9525099855296402, 0.2633890436665043, -0.274588598926524, -0.3754589595289361, 0.6390571228008401, 0.6820223914619523, -0.9172296034581795, -0.5161481433405453, 0.11730823566380488, -0.2447112422294795, -0.9423418540038093, 0.2663731290732767, 0.47092833719230476, -0.9326649410906647, 0.7999379742493562, -0.31709196101780757, -0.07675762042623901, 0.40211387905843793, 0.4016736115128008, 0.7877363826705819, 0.3706477596542186, 0.4736904810682814, 0.9984730306556397, -0.6213420698551453, 0.9122029949489603, 0.2955312302238937, -0.39155706648779653, -0.14620488228214523, -0.5373484241775275]
996.8728637695312	(8, 12, 2)	[-0.09246812705625573, -0.25172317276267187, 0.009284420088415679, 0.14235687118142248, 0.9610690333148708, -0.2258934253911821, -0.19848036441547068, -0.3225543234246595, -0.7085212852283644, 0.7875792429708572, -0.15662215255151257, 0.950875250143723, 0.6859146458229355, 0.41515808207099547, 0.08645932137307066, -0.42874224309715636, -0.34418585906501176, 0.7961691797859596, -0.5294543185528775, 0.26150632672364926, -0.6863645514510048, -0.6663647669244526, 0.5702066827466818, -0.5372891989711839, -0.7666205414825817, -0.5762580529117438, -0.07472512378126295, 0.9952052100951541, -0.27500581617202924, -0.2030839936691866, 0.7978280685952981, -0.9959948997381978, 0.3366801976475102, -0.9780110023120807, 0.3106158274775561, -0.5992727962448421, 0.5745527545196103, -0.30352610606116004, 0.9583772008244205, -0.6135323942348565, -0.6686698741626198, 0.0696897517251831, -0.5474771779187975, 0.4470246066531902, -0.012555541651440905, 0.2214214477186085, 0.12766191366108448, -0.8391434024529729, -0.7093375372078377, 0.5804585264723687, -0.7896467763711172, 0.7709939923746356, 0.17173056439771117, -0.6708550706552647, 0.4384946621100996, 0.48496008372050436, 0.721653406363707, -0.3316927794484654, 0.4058406705683033, -0.8553165115087606, -0.5783877753890019, 0.541368256694942, 0.41136079488478594, -0.6142255709116471, -0.18369349897411524, -0.31557102117207125, 0.9876344980962779, 0.22816866190587848, 0.1372962648377387, -0.9804002621778669, -0.6778997135494016, 0.5266724567908692, -0.15402818360692971, -0.0855245332879, 0.2557897095306969, -0.7395509072087749, 0.37091380232330873, 0.5724898079159058, -0.9180836954588927, -0.3222775772931581, -0.02408508041502322, 0.5078951617118324, 0.6868525032963306, 0.8745320110910182, 0.6506369397448886, 0.20173503830042705, -0.8654711018565902, 0.8216705263932795, -0.007279840356593681, 0.19018704334076575, -0.2619854565015558, -0.9525099855296402, 0.6748791038647937, 0.5268259180796269, -0.9980824502637602, 0.6390571228008401, 0.6820223914619523, -0.7096833551869448, -0.5161481433405453, 0.11730823566380488, 0.40873900120014395, 0.5054597903085629, -0.531466916174711, 0.47092833719230476, -0.9326649410906647, -0.5671538253397856, 0.8339369143937938, -0.23968730825712425, 0.4451111900308209, 0.41946058022052823, 0.7877363826705819, -0.3631192086038071, -0.1920633728109699, 0.12344534931751458, -0.8135006212202223, 0.022443474113920114, 0.2955312302238937, 0.22646634998409, -0.0951211323088832, -0.48554427382657606]
1019.8722534179688	(8, 12, 2)	[-0.09246812705625573, 0.19367157419548642, 0.009284420088415679, -0.49747914041428487, 0.7160555605791707, -0.2725862862863797, -0.19848036441547068, -0.8455740268940167, -0.7085212852283644, 0.15917711936104384, 0.7105403498659024, -0.45303986014348974, -0.056607607685241756, 0.02327208460411212, 0.08645932137307066, -0.3749181345572312, -0.34418585906501176, 0.8041658643064112, -0.813327823985696, 0.5239458128443077, -0.35618018346636043, 0.6159067737030222, 0.49599553979048383, 0.07503508720227292, -0.5788654003343645, -0.2790792546944607, 0.4001515556272641, 0.9952052100951541, -0.8559123881241819, 0.43440729070387785, -0.5179145126394913, 0.8897303828723722, 0.6684714325677352, -0.6555455457292496, 0.19930031895328781, 0.40090446340672314, 0.5745527545196103, 0.9955646416677384, 0.9583772008244205, -0.6135323942348565, -0.13941174083256214, 0.0696897517251831, -0.9504827713943189, 0.4470246066531902, -0.012555541651440905, 0.2214214477186085, -0.4996877820005883, -0.8391434024529729, -0.05142857165819903, -0.3302752880442805, 0.6994084102597051, 0.7709939923746356, 0.17173056439771117, 0.4829230538526559, 0.7748432046782445, 0.48496008372050436, 0.5734105831350088, 0.1840236025178188, -0.5588238302942534, 0.49745256066569987, 0.6057498866988427, -1.0, 0.05353597939813137, -0.3521133996541703, 0.2378819386073161, 0.28229247803491253, 0.5917994626416299, -0.3187798051042625, -0.7355156242507175, -1.0, 0.44415036482702863, -0.19363069779783282, -0.5973502710343745, -0.8737087422298786, 0.2557897095306969, -0.7395509072087749, -0.6574336000430436, -0.49844895100317044, -0.9180836954588927, -0.568828885820971, 0.08095990234796857, -0.5455224533672067, -0.6622267547812231, 0.8745320110910182, 0.5046528698420862, 0.027242193928435077, 0.6246381305189417, 0.8216705263932795, 0.7374330676319829, 0.19018704334076575, -0.1521100564427793, -0.10357494105459497, 0.2899961828729871, -0.274588598926524, -0.3754589595289361, 0.8164712916667338, 0.5776256143081038, -0.7096833551869448, -0.5161481433405453, 0.11730823566380488, -0.5195341330577721, 0.5054597903085629, 0.2663731290732767, 0.4868689382525568, -0.9326649410906647, 0.7999379742493562, -0.31709196101780757, -0.23968730825712425, 0.4451111900308209, 0.41946058022052823, 0.7877363826705819, 0.38894321111976354, 0.5815991121717285, 0.8627815814881623, -0.8135006212202223, -0.45820770584958415, -0.5489419202735428, 0.13919676969169936, 0.9099296373197137, -0.48554427382657606]
1019.9285278320312	(8, 12, 2)	[-0.09246812705625573, 0.19367157419548642, 0.009284420088415679, -0.49747914041428487, 0.7160555605791707, -0.2725862862863797, -0.19848036441547068, -0.8455740268940167, -0.7085212852283644, 0.15917711936104384, 0.7105403498659024, -0.45303986014348974, -0.056607607685241756, 0.02327208460411212, 0.08645932137307066, -0.3749181345572312, -0.34418585906501176, 0.8041658643064112, -0.813327823985696, 0.5239458128443077, -0.35618018346636043, 0.6159067737030222, 0.49599553979048383, 0.07503508720227292, -0.5788654003343645, -0.2790792546944607, 0.4001515556272641, 0.9952052100951541, -0.8559123881241819, 0.43440729070387785, -0.5179145126394913, 0.8897303828723722, 0.6684714325677352, -0.6555455457292496, 0.19930031895328781, 0.40090446340672314, 0.5745527545196103, 0.9955646416677384, 0.9583772008244205, -0.6135323942348565, -0.13941174083256214, 0.0696897517251831, -0.9504827713943189, 0.4470246066531902, -0.012555541651440905, 0.2214214477186085, -0.4996877820005883, -0.8391434024529729, -0.05142857165819903, -0.3302752880442805, 0.6994084102597051, 0.7709939923746356, 0.17173056439771117, 0.4829230538526559, 0.7748432046782445, 0.48496008372050436, 0.5734105831350088, 0.1840236025178188, -0.5588238302942534, 0.49745256066569987, 0.6057498866988427, -1.0, 0.05353597939813137, -0.3521133996541703, 0.2378819386073161, 0.28229247803491253, 0.5917994626416299, -0.3187798051042625, -0.7355156242507175, -1.0, 0.44415036482702863, -0.19363069779783282, -0.5973502710343745, -0.8737087422298786, 0.2557897095306969, -0.7395509072087749, -0.6574336000430436, -0.49844895100317044, -0.9180836954588927, -0.568828885820971, 0.08095990234796857, -0.5455224533672067, -0.6622267547812231, 0.8745320110910182, 0.5046528698420862, 0.027242193928435077, 0.6246381305189417, 0.8216705263932795, 0.7374330676319829, 0.19018704334076575, -0.1521100564427793, -0.10357494105459497, 0.2899961828729871, -0.274588598926524, -0.3754589595289361, 0.8164712916667338, 0.5776256143081038, -0.7096833551869448, -0.5161481433405453, 0.11730823566380488, -0.5195341330577721, 0.5054597903085629, 0.2663731290732767, 0.4868689382525568, -0.9326649410906647, 0.7999379742493562, -0.31709196101780757, -0.23968730825712425, 0.4451111900308209, 0.41946058022052823, 0.7877363826705819, 0.38894321111976354, 0.5815991121717285, 0.8627815814881623, -0.8135006212202223, -0.45820770584958415, -0.5489419202735428, 0.13919676969169936, 0.9099296373197137, -0.48554427382657606]
1019.9425048828125	(8, 12, 2)	[-0.09246812705625573, 0.19367157419548642, 0.009284420088415679, -0.49747914041428487, 0.7160555605791707, -0.2725862862863797, -0.19848036441547068, -0.8455740268940167, -0.7085212852283644, 0.15917711936104384, 0.7105403498659024, -0.45303986014348974, -0.056607607685241756, 0.02327208460411212, 0.08645932137307066, -0.3749181345572312, -0.34418585906501176, 0.8041658643064112, -0.813327823985696, 0.5239458128443077, -0.35618018346636043, 0.6159067737030222, 0.49599553979048383, 0.07503508720227292, -0.5788654003343645, -0.2790792546944607, 0.4001515556272641, 0.9952052100951541, -0.8559123881241819, 0.43440729070387785, -0.5179145126394913, 0.8897303828723722, 0.6684714325677352, -0.6555455457292496, 0.19930031895328781, 0.40090446340672314, 0.5745527545196103, 0.9955646416677384, 0.9583772008244205, -0.6135323942348565, -0.13941174083256214, 0.0696897517251831, -0.9504827713943189, 0.4470246066531902, -0.012555541651440905, 0.2214214477186085, -0.4996877820005883, -0.8391434024529729, -0.05142857165819903, -0.3302752880442805, 0.6994084102597051, 0.7709939923746356, 0.17173056439771117, 0.4829230538526559, 0.7748432046782445, 0.48496008372050436, 0.5734105831350088, 0.1840236025178188, -0.5588238302942534, 0.49745256066569987, 0.6057498866988427, -1.0, 0.05353597939813137, -0.3521133996541703, 0.2378819386073161, 0.28229247803491253, 0.5917994626416299, -0.3187798051042625, -0.7355156242507175, -1.0, 0.44415036482702863, -0.19363069779783282, -0.5973502710343745, -0.8737087422298786, 0.2557897095306969, -0.7395509072087749, -0.6574336000430436, -0.49844895100317044, -0.9180836954588927, -0.568828885820971, 0.08095990234796857, -0.5455224533672067, -0.6622267547812231, 0.8745320110910182, 0.5046528698420862, 0.027242193928435077, 0.6246381305189417, 0.8216705263932795, 0.7374330676319829, 0.19018704334076575, -0.1521100564427793, -0.10357494105459497, 0.2899961828729871, -0.274588598926524, -0.3754589595289361, 0.8164712916667338, 0.5776256143081038, -0.7096833551869448, -0.5161481433405453, 0.11730823566380488, -0.5195341330577721, 0.5054597903085629, 0.2663731290732767, 0.4868689382525568, -0.9326649410906647, 0.7999379742493562, -0.31709196101780757, -0.23968730825712425, 0.4451111900308209, 0.41946058022052823, 0.7877363826705819, 0.38894321111976354, 0.5815991121717285, 0.8627815814881623, -0.8135006212202223, -0.45820770584958415, -0.5489419202735428, 0.13919676969169936, 0.9099296373197137, -0.48554427382657606]
983.888671875	(8, 12, 2)	[-0.09246812705625573, 0.9423147392199795, 0.009284420088415679, -0.49747914041428487, 0.9610690333148708, -0.202199964767255, -0.19848036441547068, -0.3225543234246595, -0.2724298055331403, 0.7875792429708572, -0.15662215255151257, -0.5406326105878798, 0.6859146458229355, 0.41515808207099547, 0.08645932137307066, -0.42874224309715636, 0.4512592577814185, 0.7961691797859596, -0.8041948597496027, 0.5239458128443077, -0.6863645514510048, -0.4308295829132194, 0.5702066827466818, -0.5372891989711839, 0.3318428838692692, -0.5762580529117438, -0.07472512378126295, -0.013917483749333215, -0.8559123881241819, -0.21335556458549876, 0.7978280685952981, -0.9959948997381978, 0.3366801976475102, -0.9780110023120807, 0.3106158274775561, -0.5992727962448421, 0.5745527545196103, -0.30352610606116004, 0.9583772008244205, 0.09569137103471514, -0.6686698741626198, 0.0696897517251831, -0.33986755481938924, 0.4470246066531902, -0.012555541651440905, 0.2214214477186085, 0.12766191366108448, -0.8391434024529729, -0.05142857165819903, 0.5804585264723687, -0.14881106749994655, 0.776658750844802, -0.9229720889240494, -0.6708550706552647, 0.4384946621100996, -1.0, 0.721653406363707, 0.1840236025178188, -0.9445504622385534, -0.8553165115087606, 0.6057498866988427, 0.541368256694942, 0.41136079488478594, -0.3478134983100204, 0.2378819386073161, 0.28229247803491253, 0.9876344980962779, -0.3187798051042625, 0.1372962648377387, -0.9804002621778669, 0.9235129509760085, 0.5266724567908692, -0.15402818360692971, -0.0855245332879, -0.21010278168434326, -0.7395509072087749, 0.37091380232330873, 0.5724898079159058, -0.9964399589684123, -0.3222775772931581, 0.08095990234796857, -0.5455224533672067, 0.6868525032963306, 0.8745320110910182, 0.6506369397448886, 0.20173503830042705, -0.8654711018565902, 0.8216705263932795, 0.7374330676319829, -0.6539355162482168, 0.1653418645909308, -0.9525099855296402, 0.2899961828729871, -0.8060141993284187, -0.28264135782944244, 0.8164712916667338, 0.5776256143081038, -0.7096833551869448, -0.5161481433405453, 0.11730823566380488, 0.40873900120014395, 0.5054597903085629, 0.2485625072298615, 0.47092833719230476, 0.7256487803391714, -0.5671538253397856, 0.1212159818579559, -0.23968730825712425, 0.4451111900308209, 0.41946058022052823, 0.4376989850117232, 0.38894321111976354, 0.5815991121717285, 0.8627815814881623, -0.8135006212202223, 0.022443474113920114, 0.9800604486592392, 0.22646634998409, 0.007351327491300408, -0.48554427382657606]
1019.83984375	(8, 12, 2)	[-0.09246812705625573, -0.25172317276267187, -0.021127593244107446, 0.9977771714778958, 0.7945423045837028, -0.202199964767255, 0.8078619622750836, -0.3225543234246595, -0.2724298055331403, 0.9797441674414085, -0.15662215255151257, 0.950875250143723, 0.6859146458229355, 0.41515808207099547, 0.08645932137307066, -0.3511681210494493, 0.4512592577814185, 0.7961691797859596, -0.8041948597496027, 0.48848519393468126, -0.6863645514510048, -0.6663647669244526, 0.6047566428495265, 0.6454412725279083, -0.7666205414825817, -0.5762580529117438, -0.07472512378126295, 0.7105363982858415, -0.7513126881633818, -0.21335556458549876, -0.4858846864895278, -0.9959948997381978, -0.8334328058209559, -0.04626588705689949, 0.3106158274775561, 0.2857343764045581, 0.5745527545196103, -0.30352610606116004, -0.8459794887489014, -0.6135323942348565, -0.6686698741626198, 0.0696897517251831, -0.5563075106358022, 0.4470246066531902, -0.012555541651440905, 0.2214214477186085, 0.7665584366068141, -0.8391434024529729, -0.23020884772204675, 0.5804585264723687, -0.7896467763711172, 0.776658750844802, -0.9229720889240494, -0.6708550706552647, 0.4384946621100996, -1.0, 0.8115702070646642, -0.3316927794484654, -0.5588238302942534, -0.8553165115087606, 0.6057498866988427, 0.1922894188051707, 0.41136079488478594, -0.5638939976649735, 0.3067166524361097, 0.2169600432978629, 0.9876344980962779, 0.22816866190587848, -0.7355156242507175, -0.9804002621778669, 0.9235129509760085, -0.29823437840001077, -0.15402818360692971, -0.8737087422298786, 0.2557897095306969, -0.7395509072087749, 0.13515547655143806, 0.5724898079159058, -0.9964399589684123, -0.01743357338938134, -0.02408508041502322, 0.5078951617118324, 0.3374215895803967, 0.8745320110910182, 0.6506369397448886, 0.7657907230423471, 0.6246381305189417, -0.6619603459173551, 0.7374330676319829, -0.6539355162482168, -0.2619854565015558, -1.0, 0.2633890436665043, 0.6171281581270207, -0.28264135782944244, 0.6390571228008401, 0.5776256143081038, 0.5798131077206623, -0.5161481433405453, -0.05874865146385835, -0.6303876915374851, 0.5054597903085629, 0.2485625072298615, 0.47092833719230476, 0.7256487803391714, 0.7999379742493562, 0.802490846862399, -0.23968730825712425, 0.4451111900308209, 0.41946058022052823, 0.7877363826705819, 0.3706477596542186, -0.01188925298460286, 0.12344534931751458, -0.8205464580995526, -0.45820770584958415, 0.1047720103713572, -0.39155706648779653, -0.0951211323088832, -0.30874320729952465]
1019.9605102539062	(8, 12, 2)	[-0.09246812705625573, -0.25172317276267187, -0.021127593244107446, 0.9977771714778958, 0.7945423045837028, -0.202199964767255, 0.8078619622750836, -0.3225543234246595, -0.2724298055331403, 0.9797441674414085, -0.15662215255151257, 0.950875250143723, 0.6859146458229355, 0.41515808207099547, 0.08645932137307066, -0.3511681210494493, 0.4512592577814185, 0.7961691797859596, -0.8041948597496027, 0.48848519393468126, -0.6863645514510048, -0.6663647669244526, 0.6047566428495265, 0.6454412725279083, -0.7666205414825817, -0.5762580529117438, -0.07472512378126295, 0.7105363982858415, -0.7513126881633818, -0.21335556458549876, -0.4858846864895278, -0.9959948997381978, -0.8334328058209559, -0.04626588705689949, 0.3106158274775561, 0.2857343764045581, 0.5745527545196103, -0.30352610606116004, -0.8459794887489014, -0.6135323942348565, -0.6686698741626198, 0.0696897517251831, -0.5563075106358022, 0.4470246066531902, -0.012555541651440905, 0.2214214477186085, 0.7665584366068141, -0.8391434024529729, -0.23020884772204675, 0.5804585264723687, -0.7896467763711172, 0.776658750844802, -0.9229720889240494, -0.6708550706552647, 0.4384946621100996, -1.0, 0.8115702070646642, -0.3316927794484654, -0.5588238302942534, -0.8553165115087606, 0.6057498866988427, 0.1922894188051707, 0.41136079488478594, -0.5638939976649735, 0.3067166524361097, 0.2169600432978629, 0.9876344980962779, 0.22816866190587848, -0.7355156242507175, -0.9804002621778669, 0.9235129509760085, -0.29823437840001077, -0.15402818360692971, -0.8737087422298786, 0.2557897095306969, -0.7395509072087749, 0.13515547655143806, 0.5724898079159058, -0.9964399589684123, -0.01743357338938134, -0.02408508041502322, 0.5078951617118324, 0.3374215895803967, 0.8745320110910182, 0.6506369397448886, 0.7657907230423471, 0.6246381305189417, -0.6619603459173551, 0.7374330676319829, -0.6539355162482168, -0.2619854565015558, -1.0, 0.2633890436665043, 0.6171281581270207, -0.28264135782944244, 0.6390571228008401, 0.5776256143081038, 0.5798131077206623, -0.5161481433405453, -0.05874865146385835, -0.6303876915374851, 0.5054597903085629, 0.2485625072298615, 0.47092833719230476, 0.7256487803391714, 0.7999379742493562, 0.802490846862399, -0.23968730825712425, 0.4451111900308209, 0.41946058022052823, 0.7877363826705819, 0.3706477596542186, -0.01188925298460286, 0.12344534931751458, -0.8205464580995526, -0.45820770584958415, 0.1047720103713572, -0.39155706648779653, -0.0951211323088832, -0.30874320729952465]
1019.8317260742188	(8, 12, 2)	[0.7198784606905029, -0.25172317276267187, -0.8653351395080061, 0.14235687118142248, 0.6535091439610301, -0.202199964767255, -0.19848036441547068, -0.4642046061192342, -0.8267231625529863, 0.9797441674414085, -0.15662215255151257, 0.950875250143723, 0.6859146458229355, 0.41515808207099547, 0.08645932137307066, -0.45369633783408625, 0.4512592577814185, 0.7961691797859596, -0.7722606723070462, 0.750039794609211, -0.6863645514510048, -0.6663647669244526, 0.6047566428495265, 0.6454412725279083, -0.7666205414825817, -0.9084656252880985, 0.4001515556272641, -0.013917483749333215, -0.7513126881633818, -0.21335556458549876, -0.4858846864895278, 0.8897303828723722, -0.8334328058209559, 0.2807032051318705, 0.19930031895328781, -0.5992727962448421, -0.8418223735094015, 0.9955646416677384, 1.0, 0.09569137103471514, -0.6686698741626198, 0.0696897517251831, -0.5474771779187975, 0.4470246066531902, -0.012555541651440905, 0.2214214477186085, -0.4996877820005883, -0.8391434024529729, -0.05142857165819903, -0.3302752880442805, -0.14881106749994655, 0.7709939923746356, -0.9229720889240494, -0.6708550706552647, -0.9701507711226769, -1.0, -1.0, 0.1840236025178188, -0.5588238302942534, 0.5485681392320647, 0.6057498866988427, 0.541368256694942, 0.41136079488478594, -0.3478134983100204, 0.2378819386073161, 0.28232319235393377, 0.9876344980962779, 0.22816866190587848, 0.1372962648377387, -0.9804002621778669, 0.9235129509760085, -0.29823437840001077, -0.2289173028733429, -0.0855245332879, -0.21010278168434326, -0.7395509072087749, 0.014880628586854794, 0.5724898079159058, -0.9964399589684123, -0.3222775772931581, 0.08095990234796857, -0.47213644170507263, 0.3374215895803967, 0.8745320110910182, 0.9760517231743784, 0.027242193928435077, -0.8176015839910822, -0.6619603459173551, 0.7374330676319829, -0.6539355162482168, -0.2619854565015558, -0.9525099855296402, 0.6748791038647937, -0.8060141993284187, -0.3754589595289361, 0.6390571228008401, -0.2685225533062988, -0.9172296034581795, -0.5161481433405453, -0.05874865146385835, -0.43921957984150284, 0.5054597903085629, 0.5864594713060003, -0.7386668338310081, -0.9326649410906647, -0.5671538253397856, 0.1212159818579559, -0.07675762042623901, -0.1273480088563994, 0.41946058022052823, 0.4376989850117232, -0.3631192086038071, -0.1920633728109699, 0.8627815814881623, 0.371756986636246, -0.45820770584958415, 0.5181921703736527, 0.13919676969169936, 0.007351327491300408, -0.48554427382657606]
1019.9874877929688	(8, 12, 2)	[0.7198784606905029, -0.25172317276267187, -0.8653351395080061, 0.14235687118142248, 0.6535091439610301, -0.202199964767255, -0.19848036441547068, -0.4642046061192342, -0.8267231625529863, 0.9797441674414085, -0.15662215255151257, 0.950875250143723, 0.6859146458229355, 0.41515808207099547, 0.08645932137307066, -0.45369633783408625, 0.4512592577814185, 0.7961691797859596, -0.7722606723070462, 0.750039794609211, -0.6863645514510048, -0.6663647669244526, 0.6047566428495265, 0.6454412725279083, -0.7666205414825817, -0.9084656252880985, 0.4001515556272641, -0.013917483749333215, -0.7513126881633818, -0.21335556458549876, -0.4858846864895278, 0.8897303828723722, -0.8334328058209559, 0.2807032051318705, 0.19930031895328781, -0.5992727962448421, -0.8418223735094015, 0.9955646416677384, 1.0, 0.09569137103471514, -0.6686698741626198, 0.0696897517251831, -0.5474771779187975, 0.4470246066531902, -0.012555541651440905, 0.2214214477186085, -0.4996877820005883, -0.8391434024529729, -0.05142857165819903, -0.3302752880442805, -0.14881106749994655, 0.7709939923746356, -0.9229720889240494, -0.6708550706552647, -0.9701507711226769, -1.0, -1.0, 0.1840236025178188, -0.5588238302942534, 0.5485681392320647, 0.6057498866988427, 0.541368256694942, 0.41136079488478594, -0.3478134983100204, 0.2378819386073161, 0.28232319235393377, 0.9876344980962779, 0.22816866190587848, 0.1372962648377387, -0.9804002621778669, 0.9235129509760085, -0.29823437840001077, -0.2289173028733429, -0.0855245332879, -0.21010278168434326, -0.7395509072087749, 0.014880628586854794, 0.5724898079159058, -0.9964399589684123, -0.3222775772931581, 0.08095990234796857, -0.47213644170507263, 0.3374215895803967, 0.8745320110910182, 0.9760517231743784, 0.027242193928435077, -0.8176015839910822, -0.6619603459173551, 0.7374330676319829, -0.6539355162482168, -0.2619854565015558, -0.9525099855296402, 0.6748791038647937, -0.8060141993284187, -0.3754589595289361, 0.6390571228008401, -0.2685225533062988, -0.9172296034581795, -0.5161481433405453, -0.05874865146385835, -0.43921957984150284, 0.5054597903085629, 0.5864594713060003, -0.7386668338310081, -0.9326649410906647, -0.5671538253397856, 0.1212159818579559, -0.07675762042623901, -0.1273480088563994, 0.41946058022052823, 0.4376989850117232, -0.3631192086038071, -0.1920633728109699, 0.8627815814881623, 0.371756986636246, -0.45820770584958415, 0.5181921703736527, 0.13919676969169936, 0.007351327491300408, -0.48554427382657606]
1019.6419677734375	(8, 12, 2)	[-0.09246812705625573, -0.25172317276267187, -0.8653351395080061, 0.22821871804555727, 0.7160555605791707, 0.38543499988251373, -0.19848036441547068, -0.3225543234246595, -0.2724298055331403, 0.9797441674414085, -0.15662215255151257, 0.950875250143723, 0.6859146458229355, 0.41515808207099547, 0.08645932137307066, -0.31702121424924257, 0.4512592577814185, 0.7961691797859596, -0.7722606723070462, 0.26150632672364926, -0.6863645514510048, -0.6663647669244526, 0.42871862161205987, 0.6454412725279083, -0.7666205414825817, -0.5762580529117438, -0.07472512378126295, 0.29266666789622775, -0.7513126881633818, -0.21335556458549876, -0.699993028581096, 0.8897303828723722, -0.8334328058209559, -0.75170381756379, 0.3199883680110368, -0.5992727962448421, 0.5745527545196103, 0.7587960136342888, -0.9167464657638578, -0.6135323942348565, -0.6686698741626198, 0.0696897517251831, -0.5474771779187975, 0.4470246066531902, -0.012555541651440905, 0.2214214477186085, -0.4996877820005883, -0.8391434024529729, -0.23020884772204675, -0.3302752880442805, -0.14881106749994655, 0.7709939923746356, -0.9229720889240494, -0.6708550706552647, -0.9701507711226769, 0.46798163355810685, -0.7941826850885652, -0.3316927794484654, -0.5588238302942534, -0.753846083457402, -0.5783877753890019, 0.541368256694942, 0.41136079488478594, -0.3521133996541703, -0.19168248761309803, -0.10390186624336595, 0.9876344980962779, -0.3187798051042625, -0.574236692259755, -0.2603614887473251, 0.38315679625853494, 0.5266724567908692, -0.5031423438143874, -0.0855245332879, -0.21010278168434326, -0.7395509072087749, 0.014880628586854794, 0.5724898079159058, -0.9964399589684123, 0.7967143292397316, -0.08070056130586203, 0.5078951617118324, 0.6868525032963306, 0.8745320110910182, 0.5046528698420862, 0.027242193928435077, -0.8176015839910822, 0.8216705263932795, 0.7374330676319829, -0.6539355162482168, 0.1653418645909308, -0.9525099855296402, 0.6748791038647937, -0.8060141993284187, -0.28264135782944244, 0.8164712916667338, 0.5776256143081038, -0.9172296034581795, -0.5161481433405453, 0.11730823566380488, -0.43921957984150284, 0.5054597903085629, 0.5600444083905184, 0.47092833719230476, -0.9326649410906647, 0.8667670229685541, 0.1212159818579559, -0.19953130982695602, -0.1273480088563994, 0.41946058022052823, 0.7225574278759841, -0.3631192086038071, -0.01188925298460286, 0.8627815814881623, -0.8135006212202223, -0.45820770584958415, 0.9800604486592392, -0.39155706648779653, -0.15217345890706827, -0.48554427382657606]
1019.88330078125	(8, 12, 2)	[-0.09246812705625573, -0.25172317276267187, -0.2843554229877824, 0.22821871804555727, 0.7160555605791707, -0.2725862862863797, -0.19848036441547068, -0.3225543234246595, -0.2724298055331403, 0.7875792429708572, -0.9008632155632561, 0.950875250143723, 0.810877899948921, 0.02327208460411212, 0.08645932137307066, -0.3749181345572312, 0.4512592577814185, 0.7961691797859596, -0.6455796422973022, 0.5239458128443077, -0.6863645514510048, -0.6663647669244526, 0.42871862161205987, -0.5372891989711839, -0.7927524706593301, -0.5762580529117438, -0.07472512378126295, 0.7105363982858415, -0.6161655619581894, -0.21335556458549876, -0.4858846864895278, -0.9959948997381978, 0.3366801976475102, -0.9780110023120807, 0.19930031895328781, -0.5992727962448421, 0.5745527545196103, -0.30352610606116004, 0.9583772008244205, -0.6135323942348565, -0.6686698741626198, 0.0696897517251831, -0.5563075106358022, 0.4470246066531902, -0.012555541651440905, 0.2214214477186085, -0.4996877820005883, 0.39078157039441397, -0.008433454264289472, 0.5804585264723687, -0.14881106749994655, 0.776658750844802, -0.9229720889240494, -0.6708550706552647, 0.049642813010325026, 0.48496008372050436, 0.721653406363707, 0.9020723781249496, -0.9445504622385534, 0.5485681392320647, 0.6057498866988427, 0.1922894188051707, 0.41136079488478594, -0.34198365194725916, -0.18369349897411524, -0.31557102117207125, 0.9876344980962779, 0.22816866190587848, -0.7355156242507175, -1.0, 0.9235129509760085, -0.6707946445954793, -0.15402818360692971, -0.8737087422298786, 0.2557897095306969, -0.7395509072087749, 0.8124458017453358, -0.1604809990420626, -0.9180836954588927, -0.2130972936854919, 0.08095990234796857, -0.5455224533672067, 0.6868525032963306, 0.8745320110910182, 0.5046528698420862, 0.027242193928435077, -0.8176015839910822, 0.8216705263932795, -0.007279840356593681, -0.6539355162482168, 0.1653418645909308, -0.9525099855296402, 0.2814390974153614, -0.8060141993284187, -0.28264135782944244, 0.6390571228008401, 0.5776256143081038, -0.7096833551869448, -0.5161481433405453, 0.11730823566380488, -0.43921957984150284, 0.5054597903085629, 0.590805045288977, 0.47092833719230476, -0.9326649410906647, 0.7999379742493562, 0.802490846862399, -0.23968730825712425, -0.1273480088563994, 0.41946058022052823, 0.7225574278759841, 0.3706477596542186, -0.01188925298460286, 0.8627815814881623, -0.8135006212202223, -0.45820770584958415, 0.05363181977997606, 0.13919676969169936, 0.007351327491300408, -0.48554427382657606]
1019.9619140625	(8, 12, 2)	[-0.09246812705625573, -0.25172317276267187, -0.2843554229877824, -0.49747914041428487, 0.7160555605791707, -0.202199964767255, -0.19848036441547068, -0.3225543234246595, -0.2724298055331403, 1.0, -0.15662215255151257, -0.5406326105878798, 0.6859146458229355, 0.02327208460411212, 0.08645932137307066, -0.3511681210494493, 0.4512592577814185, 0.7961691797859596, -0.8041948597496027, 0.5239458128443077, -0.6863645514510048, -0.6663647669244526, 0.44810324466393836, 0.6454412725279083, -0.7927524706593301, -0.5762580529117438, -0.07472512378126295, -0.013917483749333215, -0.8559123881241819, -0.21335556458549876, -0.4858846864895278, -0.9959948997381978, -0.9302745315956485, -0.9780110023120807, 0.19930031895328781, -0.5992727962448421, 0.5745527545196103, -0.30352610606116004, 1.0, 0.09569137103471514, -0.6686698741626198, 0.0696897517251831, -0.5563075106358022, 0.4470246066531902, -0.012555541651440905, 0.2214214477186085, -0.4996877820005883, 0.39078157039441397, -0.37688291104529914, 0.5804585264723687, -0.14881106749994655, 0.2709165656436896, -0.9229720889240494, -0.6708550706552647, 0.12482550180650788, 0.46798163355810685, -1.0, 0.9020723781249496, -0.5588238302942534, 0.5485681392320647, 0.6057498866988427, 0.541368256694942, 0.41136079488478594, -0.3521133996541703, 0.3067166524361097, 0.22247180505488193, 0.9876344980962779, 0.22816866190587848, -0.7355156242507175, -1.0, 0.9235129509760085, -0.19363069779783282, -0.2289173028733429, -0.8737087422298786, 0.2557897095306969, -0.7395509072087749, 0.8124458017453358, 0.5947856849798817, -0.9964399589684123, -0.2130972936854919, 0.9758641810867974, 0.5078951617118324, 0.6868525032963306, 0.9698807699157788, 0.5046528698420862, 0.7657907230423471, -0.8176015839910822, 0.7188444260494402, -0.007279840356593681, -0.6539355162482168, 0.1653418645909308, -0.9525099855296402, 0.2814390974153614, -0.8060141993284187, -0.28264135782944244, 0.6854678057783152, 0.5776256143081038, -0.9172296034581795, -0.5161481433405453, 0.11730823566380488, -0.6303876915374851, 0.5054597903085629, 0.590805045288977, 0.47092833719230476, 0.7256487803391714, 0.7999379742493562, 0.1212159818579559, -0.23968730825712425, -0.1273480088563994, 0.41946058022052823, 0.8815514585603265, -0.3631192086038071, -0.01188925298460286, 0.8627815814881623, -0.8135006212202223, -0.45820770584958415, 0.9800604486592392, 0.13919676969169936, 0.007351327491300408, -0.48554427382657606]
1019.9349975585938	(8, 12, 2)	[-0.09246812705625573, -0.25172317276267187, -0.2843554229877824, 0.22821871804555727, 0.7160555605791707, -0.2725862862863797, -0.19848036441547068, -0.3225543234246595, -0.2724298055331403, 0.7875792429708572, -0.9008632155632561, 0.950875250143723, 0.810877899948921, 0.02327208460411212, 0.08645932137307066, -0.3749181345572312, 0.4512592577814185, 0.7961691797859596, -0.6455796422973022, 0.5239458128443077, -0.6863645514510048, -0.6663647669244526, 0.42871862161205987, -0.5372891989711839, -0.7927524706593301, -0.5762580529117438, -0.07472512378126295, 0.7105363982858415, -0.6161655619581894, -0.21335556458549876, -0.4858846864895278, -0.9959948997381978, 0.3366801976475102, -0.9780110023120807, 0.19930031895328781, -0.5992727962448421, 0.5745527545196103, -0.30352610606116004, 0.9583772008244205, -0.6135323942348565, -0.6686698741626198, 0.0696897517251831, -0.5563075106358022, 0.4470246066531902, -0.012555541651440905, 0.21755336985351575, -0.4996877820005883, 0.39078157039441397, -0.008433454264289472, 0.5804585264723687, -0.14881106749994655, 0.776658750844802, -0.9229720889240494, -0.6708550706552647, 0.049642813010325026, 0.48496008372050436, 0.721653406363707, 0.9020723781249496, -0.9445504622385534, 0.5485681392320647, 0.6057498866988427, 0.1922894188051707, 0.41136079488478594, -0.34198365194725916, -0.18369349897411524, -0.31557102117207125, 0.9876344980962779, 0.22816866190587848, -0.7355156242507175, -1.0, 0.9235129509760085, -0.6707946445954793, -0.15402818360692971, -0.8737087422298786, 0.2557897095306969, -0.7395509072087749, 0.8124458017453358, -0.1604809990420626, -0.9180836954588927, -0.2130972936854919, 0.08095990234796857, -0.5455224533672067, 0.6868525032963306, 0.8745320110910182, 0.49407138512901044, 0.027242193928435077, -0.8176015839910822, 0.8216705263932795, -0.007279840356593681, -0.6539355162482168, 0.1653418645909308, -0.9525099855296402, 0.2814390974153614, -0.8060141993284187, -0.28264135782944244, 0.6390571228008401, 0.5776256143081038, -0.7096833551869448, -0.5161481433405453, 0.11730823566380488, -0.43921957984150284, 0.5054597903085629, 0.590805045288977, 0.47092833719230476, -0.9326649410906647, 0.7999379742493562, 0.802490846862399, -0.23968730825712425, -0.1273480088563994, 0.399075441958128, 0.7225574278759841, 0.3706477596542186, -0.01188925298460286, 0.8627815814881623, -0.8135006212202223, -0.45820770584958415, 0.05363181977997606, 0.13919676969169936, 0.007351327491300408, -0.48554427382657606]
1019.468017578125	(8, 12, 2)	[-0.09246812705625573, 0.3484893374159328, -0.8653351395080061, -0.07293633723999937, 0.6136396023464549, -0.13554134923718855, -0.19848036441547068, -0.3225543234246595, -0.2724298055331403, 0.9797441674414085, -0.9008632155632561, 0.8577220789492234, 0.6859146458229355, 0.41515808207099547, 0.08645932137307066, -0.3749181345572312, 0.367641938529961, 0.7558360057794087, -0.8041948597496027, 0.48848519393468126, -0.8374892176778148, 0.6159067737030222, 0.5702066827466818, -0.0715235222946548, -0.7666205414825817, -0.5762580529117438, -0.07472512378126295, 0.29266666789622775, -0.8559123881241819, -0.35729558150412793, -0.5179145126394913, -0.9959948997381978, 0.3366801976475102, 0.2807032051318705, 0.19930031895328781, 0.40090446340672314, 0.5745527545196103, 0.19107067540150502, -0.9167464657638578, -0.6135323942348565, -0.6686698741626198, -0.33028920564319497, -0.5474771779187975, 0.4470246066531902, -0.012555541651440905, 0.2214214477186085, -0.4996877820005883, 0.2581773610592717, -0.05142857165819903, 0.5804585264723687, -0.14881106749994655, 0.7709939923746356, 0.17173056439771117, -0.6708550706552647, -0.9091032760635651, 0.46798163355810685, -0.7941826850885652, -0.3316927794484654, -0.5430161549618217, 0.5485681392320647, 0.6057498866988427, 0.541368256694942, 0.41136079488478594, 0.38183340382083153, 0.2378819386073161, 0.2592734523829512, 0.9876344980962779, 0.22816866190587848, -0.7355156242507175, -0.9316747699408539, 0.9235129509760085, 0.5266724567908692, -0.5973502710343745, -0.8737087422298786, -0.21010278168434326, -0.7395509072087749, 0.014880628586854794, 0.5724898079159058, -0.8921782347678866, 0.855688591555372, 0.08095990234796857, 0.5078951617118324, 0.6868525032963306, -0.11971109581911432, 0.9760517231743784, 0.027242193928435077, 0.6848429100516167, -0.6619603459173551, 0.7374330676319829, -0.6539355162482168, -0.1415504245637306, -0.8830403711931306, 0.2633890436665043, -0.8060141993284187, -0.27066791469754137, -0.1625013894860765, 0.5776256143081038, -0.7096833551869448, -0.5161481433405453, 0.11730823566380488, -0.43921957984150284, 0.5054597903085629, 0.4240938330885662, -0.7386668338310081, -0.9326649410906647, -0.5671538253397856, 0.8339369143937938, -0.07675762042623901, -0.1273480088563994, 0.4016736115128008, 0.4376989850117232, -0.3631192086038071, 0.5815991121717285, 0.12344534931751458, -0.8205464580995526, -0.45820770584958415, 0.9800604486592392, 0.13919676969169936, 0.007351327491300408, -0.48261645014764776]
1019.8665771484375	(8, 12, 2)	[-0.09246812705625573, -0.25172317276267187, -0.8653351395080061, 0.22821871804555727, 0.7858466384246741, -0.2725862862863797, -0.19848036441547068, 0.26807366025453855, -0.2724298055331403, 0.9797441674414085, -0.9008632155632561, 0.950875250143723, 0.6859146458229355, 0.41515808207099547, 0.08645932137307066, -0.3511681210494493, -0.34418585906501176, 0.7961691797859596, -0.8041948597496027, 0.5239458128443077, -0.6863645514510048, -0.6663647669244526, 0.5702066827466818, 0.6454412725279083, -0.8126944830939056, -0.5762580529117438, -0.07472512378126295, -0.013917483749333215, -0.8559123881241819, -0.21335556458549876, -0.4858846864895278, -0.9959948997381978, 0.28882751004836593, 0.2807032051318705, 0.19930031895328781, -0.4547230954009336, -0.8418223735094015, 1.0, 0.9583772008244205, -0.6135323942348565, -0.6686698741626198, 0.0696897517251831, -0.7655239315928639, 0.4470246066531902, -0.012555541651440905, 0.2214214477186085, -0.4996877820005883, 0.39078157039441397, 0.09221583483757614, 0.5804585264723687, -0.14881106749994655, 0.7709939923746356, -0.9229720889240494, -0.6708550706552647, -1.0, 0.46798163355810685, 0.721653406363707, 0.9020723781249496, -0.5588238302942534, -0.8553165115087606, 0.46634834759557453, 0.1922894188051707, 0.41136079488478594, -0.16938152876549667, -0.19168248761309803, -0.31557102117207125, 0.9876344980962779, 0.22816866190587848, -0.7979515482788454, -1.0, 0.9235129509760085, -0.29823437840001077, -0.15402818360692971, -0.8737087422298786, 0.2557897095306969, -0.7395509072087749, 0.8124458017453358, 0.5724898079159058, -0.9180836954588927, 0.7967143292397316, 0.9758641810867974, -0.5455224533672067, 0.6868525032963306, 1.0, 0.5046528698420862, 0.027242193928435077, -0.8176015839910822, 0.8216705263932795, 0.7374330676319829, -0.6539355162482168, -0.1415504245637306, -0.9525099855296402, 0.6748791038647937, -0.8060141993284187, -0.28264135782944244, 0.6390571228008401, -0.3250975886148091, -0.7096833551869448, -0.5161481433405453, 0.11730823566380488, -0.6303876915374851, 0.5054597903085629, 0.5600444083905184, -0.7386668338310081, -0.9326649410906647, -0.4350972404029234, 0.1212159818579559, -0.7596105238467745, -0.1273480088563994, 0.41946058022052823, 0.4376989850117232, -0.3631192086038071, -0.01188925298460286, 0.8627815814881623, -0.5895743018343997, -0.4421081865648807, 0.9800604486592392, 0.13919676969169936, 0.007351327491300408, -0.48554427382657606]
1019.9957275390625	(8, 12, 2)	[-0.09246812705625573, -0.25172317276267187, -0.2843554229877824, -0.49747914041428487, 0.7160555605791707, 0.38543499988251373, -0.19848036441547068, -0.3225543234246595, -0.2724298055331403, 0.15917711936104384, -0.15662215255151257, 0.950875250143723, 0.6859146458229355, 0.02327208460411212, 0.20876827145090676, -0.31702121424924257, 0.4512592577814185, 0.7961691797859596, -0.8041948597496027, 0.5239458128443077, -0.6863645514510048, -0.6663647669244526, 0.42871862161205987, 0.6454412725279083, -0.7927524706593301, -0.5762580529117438, -0.07472512378126295, 1.0, -0.27500581617202924, -0.21335556458549876, -0.5111495925686869, 0.8897303828723722, 0.3366801976475102, -0.9780110023120807, 0.19930031895328781, -0.6336727496540469, -0.8418223735094015, -0.30352610606116004, 1.0, -0.6135323942348565, -0.6686698741626198, 0.0696897517251831, -0.7655239315928639, 0.4470246066531902, -0.012555541651440905, 0.2214214477186085, -0.4996877820005883, 0.39078157039441397, -0.23020884772204675, 0.5804585264723687, -0.14881106749994655, 0.7709939923746356, -0.9229720889240494, -0.6708550706552647, 0.058328280681002966, 0.46798163355810685, 0.721653406363707, 0.9020723781249496, -0.5588238302942534, 0.6059711868355752, 0.6057498866988427, 0.541368256694942, 0.41136079488478594, -0.16938152876549667, -0.10636810911037113, -0.10390186624336595, 0.9876344980962779, 0.22816866190587848, -0.7355156242507175, -1.0, 0.9235129509760085, -0.29823437840001077, 0.4609919319582938, -0.0855245332879, 0.2557897095306969, -0.7395509072087749, 0.1462049986356212, -0.1604809990420626, -0.9180836954588927, -0.3222775772931581, -0.08070056130586203, -0.5455224533672067, 0.6868525032963306, 0.8745320110910182, 0.5046528698420862, 0.027242193928435077, -0.8654711018565902, 0.8216705263932795, -0.007279840356593681, -0.6539355162482168, 0.1653418645909308, -0.9525099855296402, 0.6748791038647937, 0.6171281581270207, -0.28264135782944244, 0.8164712916667338, 0.5776256143081038, -0.7096833551869448, -0.5161481433405453, 0.11730823566380488, -0.6303876915374851, 0.5054597903085629, 0.2485625072298615, 0.47092833719230476, -0.9326649410906647, 0.7999379742493562, 0.802490846862399, -0.07675762042623901, -0.1273480088563994, 0.41946058022052823, 0.4376989850117232, 0.3706477596542186, -0.01188925298460286, 0.8627815814881623, -0.8135006212202223, -0.45820770584958415, 0.4108333603382174, 0.13919676969169936, 0.007351327491300408, -0.48554427382657606]
1019.9212646484375	(8, 12, 2)	[-0.11923204956629532, -0.08729611679326668, -0.2843554229877824, 0.22821871804555727, 0.7945423045837028, 0.5276348685919601, -0.19848036441547068, -0.3225543234246595, -0.2724298055331403, 0.9797441674414085, -0.15662215255151257, 0.950875250143723, 0.810877899948921, 0.41515808207099547, 0.08645932137307066, -0.45369633783408625, 0.367641938529961, 0.7961691797859596, -0.8041948597496027, 0.5239458128443077, -0.712204378874464, 0.6159067737030222, 0.44516700754412175, 0.07503508720227292, -0.7666205414825817, -0.5762580529117438, -0.07472512378126295, 0.7105363982858415, -0.6161655619581894, -0.21335556458549876, -0.5179145126394913, -0.9959948997381978, 0.6684714325677352, -0.9780110023120807, 0.19930031895328781, -0.5992727962448421, -0.8418223735094015, -0.30352610606116004, 0.9583772008244205, -0.6135323942348565, -0.6686698741626198, -0.3751195899461439, -0.5474771779187975, 0.4470246066531902, -0.012555541651440905, 0.2214214477186085, 0.12766191366108448, 0.39078157039441397, -0.11650743708216908, 0.5804585264723687, -0.14881106749994655, 0.776658750844802, -0.9229720889240494, 0.743996846013935, 0.058328280681002966, 0.48496008372050436, 0.721653406363707, 0.1840236025178188, -1.0, 0.5485681392320647, -0.5783877753890019, 0.541368256694942, 0.41136079488478594, -0.16938152876549667, -0.18369349897411524, -0.31557102117207125, 0.9876344980962779, 0.22816866190587848, -0.7355156242507175, -0.2603614887473251, 0.9235129509760085, 0.5266724567908692, -0.5973502710343745, -0.0855245332879, -0.21010278168434326, -0.7395509072087749, 0.014880628586854794, 0.5724898079159058, -0.9180836954588927, 0.855688591555372, 0.08095990234796857, 0.5078951617118324, -0.6622267547812231, 0.8745320110910182, 0.9760517231743784, 0.027242193928435077, -0.8654711018565902, 0.7563847492425186, 0.7374330676319829, -0.6539355162482168, -0.11594014475763051, -0.9525099855296402, 0.2899961828729871, 0.6171281581270207, -0.28264135782944244, 0.6390571228008401, -0.3250975886148091, -0.7096833551869448, 0.41114812220018077, 0.11730823566380488, -0.6303876915374851, 0.5054597903085629, 0.590805045288977, -0.7386668338310081, -0.9326649410906647, -0.5671538253397856, 0.1212159818579559, -0.07675762042623901, 0.42521316351031824, 0.4016736115128008, 0.5225060211853718, -0.3631192086038071, 0.5815991121717285, 0.8627815814881623, -0.8135006212202223, 0.022443474113920114, -0.378333543573669, 0.13919676969169936, 0.9099296373197137, -0.30874320729952465]
1019.9963989257812	(8, 12, 2)	[-0.09246812705625573, -0.40512477909019085, -0.8653351395080061, -0.49747914041428487, 0.7160555605791707, 0.38543499988251373, -0.5046999653576707, -0.3225543234246595, -0.2724298055331403, 0.9797441674414085, -0.9008632155632561, 0.950875250143723, 0.6859146458229355, 0.41515808207099547, 0.08645932137307066, -0.31702121424924257, 0.4512592577814185, 0.7961691797859596, -0.6455796422973022, 0.48848519393468126, -0.8374892176778148, -0.6663647669244526, 0.42871862161205987, 0.6454412725279083, -0.7927524706593301, -0.5762580529117438, -0.07472512378126295, 0.7105363982858415, -0.7513126881633818, -0.21080295325033865, -0.4858846864895278, -0.9959948997381978, 0.329610331361792, -0.9780110023120807, 0.19930031895328781, -0.4547230954009336, 0.5745527545196103, -0.30352610606116004, 0.9583772008244205, -0.6135323942348565, -0.6686698741626198, 0.0696897517251831, -0.5563075106358022, 0.4470246066531902, -0.012555541651440905, 0.22755484704503978, 0.12766191366108448, 0.39078157039441397, 0.762197057049099, 0.5804585264723687, -0.14881106749994655, 0.776658750844802, -0.9229720889240494, -0.6708550706552647, -1.0, 0.46798163355810685, 0.721653406363707, 0.9020723781249496, -0.5588238302942534, 0.5485681392320647, 0.6057498866988427, 0.39899198078562925, 0.41136079488478594, -0.3521133996541703, -0.18369349897411524, 0.2592734523829512, 0.9876344980962779, 0.359252876326866, 0.1372962648377387, -1.0, 0.9235129509760085, -0.4278451998195212, -0.2289173028733429, -0.8737087422298786, -0.21010278168434326, -0.6743219156439986, 0.014880628586854794, -0.6258483707499761, -0.9180836954588927, 0.7967143292397316, 0.08095990234796857, -0.5455224533672067, 0.6868525032963306, 0.8745320110910182, 0.31173035403120786, 0.027242193928435077, 0.6246381305189417, 0.8216705263932795, -0.007279840356593681, -0.5223002269794625, 0.1653418645909308, -0.9525099855296402, 0.2814390974153614, 0.6171281581270207, -0.28264135782944244, -0.1625013894860765, 0.5776256143081038, 0.5798131077206623, -0.5161481433405453, 0.11730823566380488, -0.6303876915374851, 0.5054597903085629, 0.590805045288977, 0.47092833719230476, -0.2789398017437895, 0.7999379742493562, 0.1212159818579559, -0.23968730825712425, -0.1273480088563994, 0.41946058022052823, 0.8815514585603265, -0.3631192086038071, -0.1920633728109699, 0.8627815814881623, -0.8135006212202223, 0.022443474113920114, 0.05363181977997606, 0.13919676969169936, 0.007351327491300408, -0.5085683025475058]
1019.9493408203125	(8, 12, 2)	[-0.09246812705625573, 0.3484893374159328, -0.2843554229877824, -0.07293633723999937, 0.7945423045837028, -0.2725862862863797, -0.19848036441547068, 0.2516602529479707, -0.8267231625529863, 0.9797441674414085, -0.9008632155632561, 0.950875250143723, 0.6859146458229355, 0.02327208460411212, 0.08645932137307066, -0.31702121424924257, 0.037385891398795, 0.7961691797859596, -0.6455796422973022, 0.48848519393468126, -0.6863645514510048, 0.6159067737030222, 0.6047566428495265, -0.0715235222946548, -0.7927524706593301, -0.5762580529117438, -0.07472512378126295, 0.29266666789622775, -0.7513126881633818, -0.8394220272357136, -0.5111495925686869, -0.9959948997381978, -0.8334328058209559, -0.9780110023120807, 0.19930031895328781, -0.4547230954009336, -0.8418223735094015, -0.30352610606116004, 0.9583772008244205, 0.09569137103471514, -0.6686698741626198, 0.0696897517251831, -0.5563075106358022, 0.4470246066531902, -0.012555541651440905, 0.2214214477186085, -0.4996877820005883, -0.8391434024529729, -0.008433454264289472, 0.5804585264723687, -0.14881106749994655, 0.776658750844802, -0.9229720889240494, -0.6708550706552647, 0.4384946621100996, 0.46798163355810685, -0.7941826850885652, 0.1840236025178188, -0.5588238302942534, -0.8553165115087606, 0.6057498866988427, 0.541368256694942, 0.41136079488478594, -0.34198365194725916, -0.19168248761309803, 0.2592734523829512, 0.9876344980962779, 0.22816866190587848, -0.7355156242507175, -1.0, 0.9235129509760085, -0.29823437840001077, -0.5973502710343745, -0.0855245332879, -0.21010278168434326, -0.7395509072087749, 0.37091380232330873, 0.5724898079159058, -0.9180836954588927, 0.7967143292397316, 0.08095990234796857, -0.5455224533672067, -0.3776897503128529, 0.8745320110910182, 0.5046528698420862, 0.027242193928435077, 0.6848429100516167, 0.8216705263932795, -0.007279840356593681, -0.6539355162482168, -0.1415504245637306, -0.9525099855296402, 0.6748791038647937, -0.8060141993284187, -0.28264135782944244, 0.6390571228008401, 0.5776256143081038, -0.7096833551869448, 0.41114812220018077, 0.11730823566380488, -0.43921957984150284, 0.5054597903085629, 0.590805045288977, 0.47092833719230476, -0.9326649410906647, 0.8132266217202759, 0.1212159818579559, -0.7517619628295873, -0.1273480088563994, 0.41946058022052823, 0.4376989850117232, -0.47369956053984463, -0.1920633728109699, 0.8627815814881623, -0.5895743018343997, -0.4421081865648807, 0.1047720103713572, -0.39155706648779653, 0.007351327491300408, -0.48554427382657606]
1019.9825439453125	(8, 12, 2)	[-0.11923204956629532, -0.08729611679326668, -0.2843554229877824, 0.22821871804555727, 0.7945423045837028, -0.2725862862863797, -0.19848036441547068, 0.2516602529479707, -0.2724298055331403, 0.9797441674414085, -0.9008632155632561, 0.950875250143723, 0.810877899948921, 0.02327208460411212, 0.08645932137307066, -0.31702121424924257, 0.25818789535436304, 0.7961691797859596, -0.813327823985696, 0.5239458128443077, -0.7000011789480448, 0.6159067737030222, 0.6047566428495265, -0.0715235222946548, -0.7666205414825817, -0.5762580529117438, -0.07472512378126295, 1.0, -0.7513126881633818, -0.8394220272357136, -0.5179145126394913, -0.9959948997381978, 0.28882751004836593, -0.75170381756379, 0.19930031895328781, -0.5992727962448421, 0.5745527545196103, -0.30352610606116004, 0.9583772008244205, 0.09569137103471514, -0.6686698741626198, 0.0696897517251831, -0.5563075106358022, 0.4470246066531902, -0.012555541651440905, 0.2214214477186085, -0.4996877820005883, 0.39078157039441397, -0.05142857165819903, 0.5804585264723687, -0.14881106749994655, 0.776658750844802, -0.9229720889240494, -0.6708550706552647, 0.058328280681002966, 0.46798163355810685, -0.7941826850885652, 0.1840236025178188, -0.5588238302942534, -0.8553165115087606, 0.6057498866988427, 0.541368256694942, 0.41136079488478594, -0.34198365194725916, -0.10636810911037113, -0.31557102117207125, 0.9876344980962779, 0.22816866190587848, -0.7355156242507175, -1.0, 0.9235129509760085, 0.5266724567908692, -0.5973502710343745, -0.0855245332879, -0.21010278168434326, -0.7395509072087749, 0.8124458017453358, -0.1604809990420626, -0.9180836954588927, 0.7967143292397316, 0.08095990234796857, -0.5455224533672067, -0.3776897503128529, 0.8745320110910182, 0.5046528698420862, 0.027242193928435077, 0.6848429100516167, 0.8216705263932795, 0.7374330676319829, -0.6539355162482168, 0.1653418645909308, 0.02375721442487605, 0.6748791038647937, -0.8060141993284187, -0.28264135782944244, 0.5773590160206854, 0.5776256143081038, -0.7096833551869448, 0.41114812220018077, 0.19198455502232398, -0.43921957984150284, 0.5054597903085629, 0.590805045288977, 0.47092833719230476, -0.2036429805153787, -0.5671538253397856, 0.1212159818579559, -0.7517619628295873, -0.1273480088563994, 0.41946058022052823, 0.5225060211853718, -0.47369956053984463, -0.1920633728109699, 0.8627815814881623, -0.5895743018343997, -0.4421081865648807, 0.1047720103713572, 0.13919676969169936, 0.9099296373197137, -0.48554427382657606]
1019.9837646484375	(8, 12, 2)	[-0.14769828782284725, 0.3484893374159328, -0.8653351395080061, -0.49747914041428487, 0.7160555605791707, 0.38543499988251373, -0.2702425233104469, 0.26807366025453855, -0.8267231625529863, 0.9797441674414085, -0.9008632155632561, 0.950875250143723, 0.6859146458229355, 0.41515808207099547, 0.08645932137307066, -0.31702121424924257, 0.25818789535436304, 0.7961691797859596, -0.6455796422973022, 0.5239458128443077, -0.6863645514510048, 0.6159067737030222, 0.5702066827466818, 0.6454412725279083, -0.8126944830939056, -0.5762580529117438, -0.07472512378126295, 0.29266666789622775, -0.7513126881633818, -0.21335556458549876, -0.5111495925686869, -0.9959948997381978, -0.8334328058209559, -0.75170381756379, 0.2645571454817745, -0.4547230954009336, 0.5745527545196103, -0.30352610606116004, 1.0, -0.6135323942348565, -0.6686698741626198, -0.3751195899461439, -0.5474771779187975, 0.4470246066531902, -0.012555541651440905, 0.22838730570252608, -0.4996877820005883, 0.39078157039441397, -0.05142857165819903, 0.5804585264723687, 0.6994084102597051, 0.776658750844802, -0.9229720889240494, -0.6708550706552647, 0.12482550180650788, 0.46798163355810685, -0.7941826850885652, 0.1840236025178188, -0.5430161549618217, -0.753846083457402, 0.6057498866988427, 0.541368256694942, 0.41136079488478594, 0.38183340382083153, -0.10636810911037113, -0.31557102117207125, 0.9876344980962779, 0.359252876326866, -0.7355156242507175, -1.0, 0.4697251926501463, -0.29823437840001077, -0.5031423438143874, -0.8737087422298786, 0.2557897095306969, -0.7395509072087749, 0.8124458017453358, -0.6889977551130411, -0.8921782347678866, -0.3222775772931581, 0.08095990234796857, -0.5455224533672067, -0.6039276474016537, 0.8745320110910182, 0.5046528698420862, 0.027242193928435077, 0.6246381305189417, 0.8216705263932795, 0.7374330676319829, -0.5223002269794625, -0.1415504245637306, -0.7819306223167812, 0.2633890436665043, 0.6171281581270207, -0.28264135782944244, 0.6854678057783152, 0.6820223914619523, -0.7096833551869448, -0.5161481433405453, 0.11730823566380488, -0.6303876915374851, 0.5054597903085629, 0.5600444083905184, 0.47092833719230476, -0.9326649410906647, 0.8132266217202759, 0.1212159818579559, -0.23968730825712425, -0.1273480088563994, 0.41946058022052823, 0.7225574278759841, 0.3706477596542186, -0.01188925298460286, 0.8627815814881623, -0.8205464580995526, -0.45820770584958415, 0.05363181977997606, 0.13919676969169936, 0.007351327491300408, -0.48554427382657606]
1019.9974975585938	(8, 12, 2)	[-0.09246812705625573, 0.3484893374159328, -0.2843554229877824, 0.22821871804555727, 0.7945423045837028, 0.38543499988251373, -0.21607786479220747, -0.4642046061192342, -0.28419422276024864, 0.9797441674414085, -0.9008632155632561, 0.950875250143723, 0.6859146458229355, 0.41515808207099547, 0.08645932137307066, -0.31702121424924257, 0.4512592577814185, 0.7558360057794087, -0.8041948597496027, 0.750039794609211, -0.6863645514510048, -0.6663647669244526, 0.5702066827466818, 0.16760277189921405, -0.7927524706593301, -0.5762580529117438, -0.07472512378126295, -0.013917483749333215, -0.27500581617202924, -0.8394220272357136, -0.5179145126394913, 0.8897303828723722, -0.8334328058209559, -0.75170381756379, 0.19930031895328781, -0.5992727962448421, -0.8418223735094015, 0.6416414542722259, -0.9167464657638578, 0.09569137103471514, -0.6686698741626198, 0.0696897517251831, -0.5563075106358022, 0.4470246066531902, -0.012555541651440905, 0.22838730570252608, -0.4996877820005883, 0.39078157039441397, -0.05142857165819903, 0.5804585264723687, -0.14881106749994655, 0.7709939923746356, -0.9229720889240494, -0.6708550706552647, -0.9091032760635651, 0.46798163355810685, 0.7718289466037955, 0.1840236025178188, -0.5430161549618217, -0.8553165115087606, 0.6057498866988427, 0.541368256694942, 0.41136079488478594, -0.34198365194725916, -0.10636810911037113, 0.2592734523829512, 0.9876344980962779, 0.22816866190587848, 0.1372962648377387, -1.0, 0.9235129509760085, 0.5266724567908692, 0.4609919319582938, -0.0855245332879, 0.2557897095306969, -0.6435126567120744, 0.014880628586854794, -0.1604809990420626, -0.8921782347678866, 0.7967143292397316, -0.08070056130586203, -0.5455224533672067, 0.6868525032963306, 0.8745320110910182, 0.5046528698420862, 0.027242193928435077, 0.6442998093748593, 0.7563847492425186, 0.7374330676319829, -0.7474251682472, -0.1489819273129502, -0.9525099855296402, 0.2814390974153614, -0.8060141993284187, -0.28264135782944244, 0.6390571228008401, -0.3250975886148091, 0.5798131077206623, -0.5161481433405453, 0.11730823566380488, -0.6303876915374851, 0.5054597903085629, 0.17376626501837178, -0.7386668338310081, -0.9326649410906647, -0.5671538253397856, 0.8552458264967898, -0.07675762042623901, 0.4451111900308209, 0.4016736115128008, 0.7877363826705819, 0.3706477596542186, -0.01188925298460286, 0.8627815814881623, -0.5895743018343997, -0.45820770584958415, 1.0, 0.13919676969169936, 0.007351327491300408, -0.48554427382657606]
1019.91455078125	(8, 12, 2)	[-0.09246812705625573, -0.25172317276267187, -0.2843554229877824, 0.22821871804555727, 0.7160555605791707, -0.2725862862863797, -0.2702425233104469, 0.2516602529479707, -0.8267231625529863, 0.9522051990212043, -0.15662215255151257, 0.950875250143723, 0.8434526637535154, 0.41515808207099547, 0.08645932137307066, -0.2538984676689282, 0.037385891398795, 0.7961691797859596, -0.6455796422973022, 0.48848519393468126, -0.6863645514510048, -0.6663647669244526, 0.42871862161205987, 0.6454412725279083, -0.8126944830939056, -0.5762580529117438, 0.592223496409032, 0.7105363982858415, -0.6161655619581894, -0.21335556458549876, -0.5111495925686869, -0.9959948997381978, -1.0, -0.9548777946416392, 0.19930031895328781, -0.5992727962448421, -0.8418223735094015, -0.30352610606116004, 1.0, -0.6135323942348565, -0.6686698741626198, 0.0696897517251831, -0.5474771779187975, 0.4470246066531902, -0.012555541651440905, 0.2214214477186085, 0.12766191366108448, 0.39078157039441397, 0.09221583483757614, 0.5804585264723687, -0.14881106749994655, 0.776658750844802, -0.9229720889240494, -0.6708550706552647, 0.049642813010325026, 0.46798163355810685, 0.721653406363707, 0.1840236025178188, -0.5430161549618217, -0.8553165115087606, 0.6057498866988427, 0.541368256694942, 0.41136079488478594, -0.5638939976649735, -0.10636810911037113, -0.31557102117207125, 0.9876344980962779, 0.22816866190587848, -0.7355156242507175, -1.0, 0.9235129509760085, -0.29823437840001077, -0.5031423438143874, -0.0855245332879, -0.21010278168434326, -0.6743219156439986, 0.014880628586854794, -0.1604809990420626, -0.9964399589684123, 0.7967143292397316, 0.08095990234796857, -0.5455224533672067, 0.6868525032963306, 0.8745320110910182, 0.5046528698420862, 0.027242193928435077, 0.6246381305189417, 0.8216705263932795, 0.7374330676319829, -0.6539355162482168, -0.1521100564427793, -0.9525099855296402, 0.6748791038647937, -0.8060141993284187, -0.27066791469754137, 0.6390571228008401, 0.5776256143081038, -0.7096833551869448, -0.5161481433405453, 0.11730823566380488, -0.43921957984150284, 0.5054597903085629, 0.590805045288977, 0.47092833719230476, -0.2036429805153787, 0.7999379742493562, 0.8339369143937938, -0.07675762042623901, -0.1273480088563994, 0.285277444716627, 0.7225574278759841, -0.47369956053984463, -0.01188925298460286, 0.8627815814881623, -0.8135006212202223, -0.45820770584958415, 0.05363181977997606, 0.13919676969169936, 0.9099296373197137, -0.48554427382657606]
1019.9314575195312	(8, 12, 2)	[-0.09246812705625573, -0.40512477909019085, -0.8653351395080061, 0.1660169039465692, 0.7945423045837028, 0.38543499988251373, -0.19848036441547068, -0.4642046061192342, -0.8267231625529863, 0.7856212335064992, -0.9008632155632561, 0.950875250143723, 0.6859146458229355, 0.41515808207099547, 0.08645932137307066, -0.31702121424924257, 0.4512592577814185, 0.9663187170875371, -0.6455796422973022, 0.5239458128443077, -0.6863645514510048, -0.6663647669244526, 0.42871862161205987, 0.6454412725279083, -0.7927524706593301, -0.5762580529117438, -0.07472512378126295, -0.013917483749333215, -0.6161655619581894, -0.8394220272357136, -0.5111495925686869, -0.9959948997381978, 0.28882751004836593, -0.75170381756379, 0.19930031895328781, -0.4547230954009336, -0.8418223735094015, -0.30352610606116004, 0.9583772008244205, -0.6135323942348565, -0.6686698741626198, 0.0696897517251831, -0.7655239315928639, 0.4470246066531902, -0.012555541651440905, 0.22838730570252608, -0.4996877820005883, -0.8391434024529729, -0.23020884772204675, 0.5804585264723687, -0.14881106749994655, 0.7709939923746356, -0.9229720889240494, -0.6708550706552647, 0.4384946621100996, 0.5935939446726928, -0.7941826850885652, 0.1840236025178188, -0.5588238302942534, -0.753846083457402, 0.6057498866988427, 0.541368256694942, 0.41136079488478594, -0.16938152876549667, 0.2378819386073161, -0.31557102117207125, 0.9876344980962779, 0.2766326048587137, 0.1372962648377387, -0.2603614887473251, 0.9235129509760085, 0.5266724567908692, -0.5031423438143874, -0.8737087422298786, 0.2557897095306969, -0.7395509072087749, 0.014880628586854794, -0.1604809990420626, -0.9180836954588927, -0.3222775772931581, -0.08070056130586203, -0.5455224533672067, 0.6868525032963306, 0.8745320110910182, 0.5046528698420862, -0.01809694932556888, 0.6848429100516167, 0.8216705263932795, 0.7374330676319829, -0.7474251682472, 0.1653418645909308, -0.9525099855296402, 0.2814390974153614, -0.8060141993284187, -0.28264135782944244, 0.6390571228008401, 0.6820223914619523, 0.5798131077206623, 0.41114812220018077, 0.20771991601988174, -0.46327992475084945, 0.5054597903085629, 0.2485625072298615, 0.555105959234791, -0.9326649410906647, 0.7999379742493562, 0.8552458264967898, -0.07675762042623901, -0.1273480088563994, 0.5372556520350491, 0.7225574278759841, 0.3706477596542186, -0.1920633728109699, 0.8627815814881623, -0.5895743018343997, -0.45820770584958415, 0.1047720103713572, 0.13919676969169936, 0.007351327491300408, -0.48261645014764776]
1019.907958984375	(8, 12, 2)	[-0.09246812705625573, -0.230455971228863, -0.2843554229877824, 0.22821871804555727, 0.7160555605791707, -0.2725862862863797, -0.19848036441547068, 0.2516602529479707, -0.2724298055331403, 0.9492192429666533, -0.9008632155632561, 0.950875250143723, 0.810877899948921, 0.41515808207099547, 0.08645932137307066, -0.3749181345572312, 0.4512592577814185, 0.7558360057794087, -0.8041948597496027, 0.5239458128443077, -0.6863645514510048, 0.6159067737030222, 0.5702066827466818, -0.5945040760140365, -0.7927524706593301, -0.5762580529117438, -0.07472512378126295, 0.7105363982858415, -0.6161655619581894, -0.21335556458549876, -0.40098533051153384, -0.9959948997381978, 0.28882751004836593, -0.75170381756379, 0.19930031895328781, -0.5992727962448421, 0.5745527545196103, -0.30352610606116004, 0.9583772008244205, 0.09569137103471514, -0.6686698741626198, 0.0696897517251831, -0.7655239315928639, 0.4470246066531902, -0.012555541651440905, 0.22838730570252608, -0.4996877820005883, -0.8391434024529729, -0.008433454264289472, 0.5804585264723687, -0.14881106749994655, 0.7709939923746356, -0.9229720889240494, -0.6708550706552647, 0.049642813010325026, 0.46798163355810685, -0.7941826850885652, 0.1840236025178188, -0.5588238302942534, 0.5485681392320647, 0.6057498866988427, 0.541368256694942, 0.41136079488478594, -0.16938152876549667, -0.10636810911037113, -0.31557102117207125, 0.9876344980962779, 0.22816866190587848, -0.7355156242507175, -1.0, 0.9235129509760085, 0.5266724567908692, -0.15402818360692971, -0.0855245332879, -0.12758635605637228, -0.7395509072087749, 0.8124458017453358, 0.5724898079159058, -0.8921782347678866, 0.7967143292397316, 0.08095990234796857, -0.4418512700992405, 0.6868525032963306, 0.578256036096916, 0.537640470599978, 0.027242193928435077, 0.6848429100516167, 0.8216705263932795, -0.007279840356593681, -0.6539355162482168, 0.1653418645909308, -0.9525099855296402, 0.2633890436665043, -0.8060141993284187, 0.25908286224926225, -0.1625013894860765, 0.6820223914619523, -0.9172296034581795, -0.5161481433405453, 0.11730823566380488, -0.43921957984150284, 0.5345270474452946, 0.2485625072298615, -0.7386668338310081, -0.9326649410906647, -0.4350972404029234, 0.8617036105350255, -0.7517619628295873, -0.1273480088563994, 0.4016736115128008, 0.7877363826705819, -0.3631192086038071, -0.1920633728109699, 0.6762849486059472, -0.8135006212202223, -0.45820770584958415, 0.9800604486592392, 0.13919676969169936, 0.9099296373197137, -0.48554427382657606]
1019.9981689453125	(8, 12, 2)	[-0.09246812705625573, -0.08729611679326668, 0.009284420088415679, 0.22821871804555727, 0.7160555605791707, -0.202199964767255, -0.19848036441547068, 0.2516602529479707, -0.2724298055331403, 0.9797441674414085, -0.9008632155632561, 0.950875250143723, 0.6859146458229355, 0.41515808207099547, 0.08645932137307066, -0.3647213182795935, 0.25818789535436304, 0.7560130849852957, -0.813327823985696, 0.5239458128443077, -0.288616748558151, 0.6159067737030222, 0.5702066827466818, -0.0715235222946548, -0.8126944830939056, -0.5762580529117438, -0.07472512378126295, 0.7105363982858415, -0.27500581617202924, -0.21080295325033865, -0.5111495925686869, -0.9959948997381978, 0.40600012726802354, -0.75170381756379, 0.2645571454817745, -0.5992727962448421, 0.5745527545196103, 0.9955646416677384, 0.9583772008244205, -0.6135323942348565, -0.6686698741626198, 0.0696897517251831, -0.5474771779187975, 0.4470246066531902, -0.012555541651440905, 0.22838730570252608, 0.12766191366108448, 0.2581773610592717, 0.09221583483757614, 0.5804585264723687, 0.6994084102597051, 0.776658750844802, -0.9229720889240494, -0.6708550706552647, 0.058328280681002966, 0.46798163355810685, 0.721653406363707, 0.1840236025178188, -0.5430161549618217, -0.8553165115087606, 0.6057498866988427, 0.541368256694942, 0.41136079488478594, -0.3521133996541703, -0.0978315573684688, 0.2592734523829512, 0.9876344980962779, 0.22816866190587848, -0.6813349647350613, -1.0, 0.9235129509760085, 0.5266724567908692, -0.15402818360692971, -0.0855245332879, -0.21010278168434326, -0.6743219156439986, 0.37091380232330873, -0.1604809990420626, -0.9180836954588927, -0.3222775772931581, 0.08095990234796857, -0.5455224533672067, 0.6868525032963306, 0.8745320110910182, 0.5046528698420862, 0.027242193928435077, 0.6848429100516167, 0.8216705263932795, -0.007279840356593681, -0.6539355162482168, 0.1653418645909308, -0.9525099855296402, 0.6748791038647937, -0.8060141993284187, 0.25908286224926225, 0.6390571228008401, -0.3250975886148091, 0.5798131077206623, -0.5161481433405453, 0.19198455502232398, -0.43921957984150284, 0.5054597903085629, 0.3069724543539354, 0.47092833719230476, -0.9326649410906647, 0.8132266217202759, 0.8552458264967898, -0.07675762042623901, -0.1273480088563994, 0.285277444716627, 0.7877363826705819, -0.4076030325568159, 0.5815991121717285, 0.6762849486059472, -0.5040763299733806, -0.45820770584958415, 1.0, 0.13919676969169936, 0.007351327491300408, -0.48554427382657606]
1019.9744262695312	(8, 12, 2)	[-0.09246812705625573, 0.3484893374159328, -0.8653351395080061, 0.22821871804555727, 0.7160555605791707, 0.5056412263008868, -0.19848036441547068, -0.3225543234246595, -0.28419422276024864, 0.9797441674414085, -0.9008632155632561, 0.950875250143723, 0.698293669012537, 0.41515808207099547, 0.08645932137307066, -0.42874224309715636, 0.25818789535436304, 0.7961691797859596, -0.6455796422973022, 0.750039794609211, -0.6863645514510048, -0.6663647669244526, 0.5702066827466818, -0.0715235222946548, -0.7666205414825817, -0.5762580529117438, 0.473407948356875, -0.013917483749333215, -0.6161655619581894, -0.8394220272357136, -0.5179145126394913, -0.9959948997381978, 0.28882751004836593, -0.75170381756379, 0.19930031895328781, -0.5992727962448421, 0.5745527545196103, -0.30352610606116004, 0.9583772008244205, -0.6135323942348565, -0.6686698741626198, 0.0696897517251831, -0.7655239315928639, 0.4470246066531902, -0.012555541651440905, 0.22838730570252608, 0.12766191366108448, 0.39078157039441397, -0.008433454264289472, 0.5804585264723687, -0.14881106749994655, 0.7709939923746356, -0.9229720889240494, -0.6708550706552647, 0.049642813010325026, 0.46798163355810685, 0.5734105831350088, 0.1840236025178188, -0.6941857382756215, -0.8553165115087606, 0.46634834759557453, 0.541368256694942, 0.41136079488478594, -0.16938152876549667, -0.10636810911037113, -0.31557102117207125, 0.9876344980962779, 0.22816866190587848, -0.7355156242507175, -0.9804002621778669, 0.9235129509760085, 0.5266724567908692, -0.15402818360692971, -0.0855245332879, -0.12758635605637228, -0.7395509072087749, 0.8124458017453358, -0.1604809990420626, -0.8921782347678866, -0.3222775772931581, 0.08095990234796857, -0.5455224533672067, -0.38532517813448725, 0.8745320110910182, 0.5046528698420862, 0.027242193928435077, -0.8654711018565902, 0.8216705263932795, 0.7374330676319829, -0.5223002269794625, -0.11594014475763051, -0.9525099855296402, 0.2633890436665043, 0.6171281581270207, -0.27066791469754137, 0.6390571228008401, 0.6820223914619523, -0.7096833551869448, -0.49755524200646295, 0.11730823566380488, -0.46327992475084945, 0.5160120084036726, 0.590805045288977, -0.7386668338310081, -0.8897476333617875, -0.4350972404029234, 0.1212159818579559, -0.07675762042623901, -0.1273480088563994, 0.41946058022052823, 0.5225060211853718, 0.3706477596542186, 0.5815991121717285, 0.6762849486059472, -0.8135006212202223, -0.4421081865648807, 0.9800604486592392, 0.13919676969169936, 0.007351327491300408, -0.48554427382657606]
1019.999755859375	(8, 12, 2)	[-0.14769828782284725, 0.3484893374159328, -0.8653351395080061, 0.22821871804555727, 0.7945423045837028, -0.202199964767255, -0.21607786479220747, 0.2516602529479707, -0.8267231625529863, 0.9797441674414085, -0.9008632155632561, 0.950875250143723, 0.810877899948921, 0.41515808207099547, 0.08645932137307066, -0.31702121424924257, 0.25818789535436304, 0.7558360057794087, -0.6455796422973022, 0.48848519393468126, -0.6863645514510048, -0.7180062440223505, 0.42871862161205987, -0.025977238614452697, -0.7927524706593301, -0.6708675290042891, -0.17863161916235792, -0.013917483749333215, -0.7513126881633818, -0.8349115346212708, -0.40098533051153384, -0.9959948997381978, -0.9302745315956485, -0.75170381756379, 0.2645571454817745, -0.5992727962448421, 0.5745527545196103, -0.3576467000689304, 0.9583772008244205, 0.09569137103471514, -0.6686698741626198, 0.33566305065345364, -0.7655239315928639, 0.4470246066531902, -0.012555541651440905, 0.1457668733054904, 0.12766191366108448, 0.2581773610592717, -0.008433454264289472, 0.5804585264723687, -0.14881106749994655, 0.776658750844802, -0.9229720889240494, -0.7695675790593584, 0.058328280681002966, 0.46798163355810685, -0.7941826850885652, 0.1840236025178188, -0.5588238302942534, 0.5485681392320647, 0.6057498866988427, 0.541368256694942, 0.41136079488478594, -0.3521133996541703, -0.18369349897411524, -0.31557102117207125, 0.9876344980962779, 0.09964606928383934, -0.574236692259755, -1.0, 0.9235129509760085, -0.29823437840001077, -0.15402818360692971, -0.0855245332879, -0.12758635605637228, -0.7395509072087749, 0.8124458017453358, -0.1604809990420626, -0.9180836954588927, 0.7967143292397316, 0.08095990234796857, -0.5455224533672067, 0.6868525032963306, 0.8745320110910182, 0.4303037655688635, 0.027242193928435077, 0.6848429100516167, 0.8216705263932795, -0.007279840356593681, -0.5223002269794625, 0.1653418645909308, -0.9525099855296402, 0.2814390974153614, 0.6171281581270207, -0.28264135782944244, -0.1625013894860765, 0.6820223914619523, -0.9172296034581795, -0.5161481433405453, 0.11730823566380488, -0.46327992475084945, 0.5160120084036726, 0.2485625072298615, -0.7386668338310081, -0.9705605131751096, -0.4350972404029234, -0.31709196101780757, -0.07675762042623901, -0.1273480088563994, 0.285277444716627, 0.7225574278759841, -0.3631192086038071, -0.1920633728109699, 0.8627815814881623, -0.5895743018343997, -0.45820770584958415, 0.9800604486592392, 0.13919676969169936, 0.007351327491300408, -0.48554427382657606]
1019.999755859375	(8, 12, 2)	[-0.14769828782284725, 0.3484893374159328, -0.8653351395080061, 0.1007218401027899, 0.7160555605791707, 0.309088330901338, -0.19848036441547068, 0.2516602529479707, -0.8267231625529863, 0.782825037333571, -0.9008632155632561, 0.950875250143723, 0.8434526637535154, 0.41515808207099547, 0.08645932137307066, -0.31702121424924257, 0.25818789535436304, 0.7961691797859596, -0.6455796422973022, 0.5239458128443077, -0.35618018346636043, -0.6663647669244526, 0.5702066827466818, -0.0715235222946548, -0.8126944830939056, -0.5762580529117438, 0.592223496409032, -0.013917483749333215, -0.6161655619581894, -0.2512245411553516, -0.5179145126394913, 0.9913771321449355, -0.9302745315956485, -0.75170381756379, 0.19930031895328781, -0.5992727962448421, 0.5745527545196103, 0.6416414542722259, 0.9583772008244205, -0.6135323942348565, -0.6686698741626198, 0.0696897517251831, -0.5474771779187975, 0.4470246066531902, -0.012555541651440905, 0.2214214477186085, 0.12766191366108448, -0.8391434024529729, -0.008433454264289472, 0.5804585264723687, -0.14881106749994655, 0.776658750844802, -0.9229720889240494, -0.6708550706552647, 0.4384946621100996, 0.46798163355810685, 0.5734105831350088, 0.1840236025178188, -1.0, -0.8553165115087606, 0.6057498866988427, 0.541368256694942, 0.41136079488478594, -0.16938152876549667, -0.10636810911037113, -0.31557102117207125, 0.9876344980962779, -0.022499668785194493, -0.6813349647350613, -0.9804002621778669, 0.9235129509760085, 0.5266724567908692, -0.5973502710343745, -0.0855245332879, -0.21010278168434326, -0.7395509072087749, 0.014880628586854794, -0.1604809990420626, -0.9180836954588927, -0.3222775772931581, 0.08095990234796857, -0.5455224533672067, 0.6868525032963306, 0.8745320110910182, 0.5046528698420862, 0.027242193928435077, 0.6246381305189417, 0.8216705263932795, 0.7374330676319829, -0.5578995748140576, 0.1653418645909308, -0.9525099855296402, 0.2633890436665043, 0.6171281581270207, -0.28264135782944244, 0.6390571228008401, -0.3250975886148091, -0.7096833551869448, 0.48182357035442075, 0.19198455502232398, -0.46327992475084945, 0.5054597903085629, 0.590805045288977, -0.7386668338310081, -0.9326649410906647, -0.4350972404029234, 0.1212159818579559, -0.07675762042623901, -0.1273480088563994, 0.285277444716627, 0.5225060211853718, -0.47369956053984463, -0.01188925298460286, 0.8627815814881623, -0.8135006212202223, -0.45820770584958415, -0.5489419202735428, 0.13919676969169936, 0.007351327491300408, -0.48554427382657606]
1019.9923095703125	(8, 12, 2)	[-0.14769828782284725, 0.3484893374159328, -0.8653351395080061, 0.22821871804555727, 0.7945423045837028, 0.38543499988251373, -0.21607786479220747, 0.2516602529479707, -0.8267231625529863, 0.9797441674414085, -0.9008632155632561, 0.950875250143723, 0.6859146458229355, 0.41515808207099547, 0.08645932137307066, -0.42874224309715636, 0.037385891398795, 0.7560130849852957, -0.6455796422973022, 0.5239458128443077, -0.8374892176778148, -0.6663647669244526, 0.5702066827466818, -0.0715235222946548, -0.7927524706593301, -0.5762580529117438, -0.07472512378126295, -0.013917483749333215, -0.7513126881633818, -0.8394220272357136, -0.4858846864895278, -0.9959948997381978, 0.40600012726802354, -0.75170381756379, 0.19930031895328781, -0.5992727962448421, -0.8418223735094015, -0.30352610606116004, 0.9583772008244205, 0.09569137103471514, -0.6686698741626198, 0.0696897517251831, -0.7655239315928639, 0.4470246066531902, -0.012555541651440905, 0.2214214477186085, -0.4996877820005883, 0.39078157039441397, 0.09221583483757614, 0.5804585264723687, -0.14881106749994655, 0.776658750844802, -0.9442340730316512, -0.6529268220029782, 0.049642813010325026, 0.48496008372050436, -0.7941826850885652, 0.1840236025178188, -0.5588238302942534, 0.5485681392320647, 0.6057498866988427, 0.541368256694942, 0.41136079488478594, -0.3521133996541703, -0.10636810911037113, -0.3684735884152319, 0.9876344980962779, 0.22816866190587848, -0.7979515482788454, -1.0, 0.4697251926501463, -0.29823437840001077, -0.15402818360692971, -0.0855245332879, -0.21010278168434326, -0.7395509072087749, 0.8124458017453358, -0.1604809990420626, -1.0, 0.826113157507603, -0.08070056130586203, -0.5455224533672067, 0.6868525032963306, 0.8745320110910182, 0.5046528698420862, 0.027242193928435077, 0.6246381305189417, 0.7563847492425186, -0.007279840356593681, -0.6539355162482168, -0.1415504245637306, -0.9525099855296402, 0.2814390974153614, -0.8060141993284187, -0.27066791469754137, 0.6390571228008401, 0.5776256143081038, -0.7096833551869448, -0.5161481433405453, 0.11730823566380488, -0.46327992475084945, 0.5054597903085629, 0.590805045288977, -0.7386668338310081, -0.9326649410906647, 0.8132266217202759, 0.8552458264967898, -0.23968730825712425, 0.42521316351031824, 0.285277444716627, 0.7877363826705819, 0.3706477596542186, 0.5815991121717285, 0.8627815814881623, -0.5895743018343997, -0.45820770584958415, 0.05363181977997606, 0.13919676969169936, 0.9099296373197137, -0.4591101605614223]
1019.9973754882812	(8, 12, 2)	[-0.09246812705625573, -0.08729611679326668, -0.8653351395080061, 0.22821871804555727, 0.7945423045837028, 0.38543499988251373, -0.19848036441547068, 0.2516602529479707, -0.8267231625529863, 0.782825037333571, -0.9008632155632561, 0.950875250143723, 0.6372160811527863, 0.41515808207099547, 0.08645932137307066, -0.31702121424924257, 0.037385891398795, 0.7558360057794087, -0.8041948597496027, 0.5239458128443077, -0.6863645514510048, -0.6663647669244526, 0.42871862161205987, -0.0715235222946548, -0.7927524706593301, -0.5762580529117438, 0.46365225402879595, -0.013917483749333215, -0.6161655619581894, -0.8394220272357136, -0.5111495925686869, -0.9959948997381978, 0.28882751004836593, -0.75170381756379, 0.2645571454817745, -0.5992727962448421, -0.8418223735094015, -0.30352610606116004, 0.8661365323350709, 0.09569137103471514, -0.6686698741626198, 0.0696897517251831, -0.7655239315928639, 0.4470246066531902, -0.012555541651440905, 0.22838730570252608, 0.12766191366108448, -0.8391434024529729, -0.008433454264289472, 0.5804585264723687, -0.14881106749994655, 0.7709939923746356, -0.9229720889240494, -0.6708550706552647, 0.049642813010325026, 0.46798163355810685, 0.721653406363707, 0.1840236025178188, -0.5588238302942534, 0.5485681392320647, 0.6057498866988427, 0.541368256694942, 0.41136079488478594, -0.17628592299744295, -0.08022937851165954, -0.31557102117207125, 1.0, 0.24770941977354116, 0.1372962648377387, -1.0, 0.9235129509760085, -0.29823437840001077, -0.5031423438143874, -0.0855245332879, 0.27464358242811193, -0.7395509072087749, 0.8124458017453358, -0.1604809990420626, -0.9180836954588927, 0.826113157507603, -0.08070056130586203, -0.5583465163886575, 0.6868525032963306, 0.8745320110910182, 0.5046528698420862, 0.027242193928435077, 0.6848429100516167, 0.8216705263932795, 0.7374330676319829, -0.6539355162482168, -0.1415504245637306, -0.9525099855296402, 0.2814390974153614, -0.716825557829654, -0.28264135782944244, 0.6390571228008401, 0.503684722727907, -0.7096833551869448, -0.5161481433405453, 0.11730823566380488, -0.7083133394254768, 0.5054597903085629, 0.3069724543539354, -0.7386668338310081, -0.9326649410906647, -0.5671538253397856, 0.8552458264967898, -0.07675762042623901, 0.42521316351031824, 0.35152060137035784, 0.5225060211853718, 0.3706477596542186, -0.01188925298460286, 0.8627815814881623, -0.5895743018343997, -0.45820770584958415, 1.0, 0.13919676969169936, 0.007351327491300408, -0.48261645014764776]
1019.9984741210938	(8, 12, 2)	[-0.14769828782284725, -0.25172317276267187, -0.8653351395080061, 0.22821871804555727, 0.7945423045837028, -0.2725862862863797, -0.19848036441547068, 0.2516602529479707, -0.2724298055331403, 0.9522051990212043, -0.9008632155632561, 0.950875250143723, 0.6859146458229355, 0.41515808207099547, 0.08645932137307066, -0.42874224309715636, 0.037385891398795, 0.7558360057794087, -0.8041948597496027, 0.48848519393468126, -0.8374892176778148, -0.6663647669244526, 0.42871862161205987, -0.0715235222946548, -0.7666205414825817, -0.6708675290042891, -0.07472512378126295, -0.013917483749333215, -0.6161655619581894, -0.8349115346212708, -0.4858846864895278, -0.9959948997381978, 0.40600012726802354, -0.75170381756379, 0.19930031895328781, -0.5992727962448421, -0.8418223735094015, 0.6416414542722259, 0.9583772008244205, -0.6135323942348565, -0.6856495069292965, 0.0696897517251831, -0.7655239315928639, 0.4470246066531902, -0.012555541651440905, 0.2214214477186085, -0.4996877820005883, 0.39078157039441397, -0.008433454264289472, 0.5804585264723687, -0.14881106749994655, 0.7709939923746356, -0.9229720889240494, -0.6708550706552647, 0.24783300073662223, 0.46798163355810685, -0.7941826850885652, 0.9020723781249496, -0.5588238302942534, 0.5485681392320647, 0.6057498866988427, 0.541368256694942, 0.41136079488478594, -0.3521133996541703, -0.10636810911037113, -0.3684735884152319, 0.9876344980962779, 0.22816866190587848, 0.1372962648377387, -1.0, 0.4697251926501463, 0.5266724567908692, -0.5031423438143874, -0.0855245332879, -0.21010278168434326, -0.7395509072087749, 0.8124458017453358, -0.1604809990420626, -0.9180836954588927, -0.3222775772931581, 0.08095990234796857, -0.5455224533672067, 0.6868525032963306, 0.8745320110910182, 0.5046528698420862, 0.027242193928435077, 0.6848429100516167, 0.7563847492425186, -0.007279840356593681, -0.6539355162482168, -0.1415504245637306, -0.9525099855296402, 0.2633890436665043, -0.8060141993284187, -0.28264135782944244, 0.6390571228008401, 0.6820223914619523, -0.7096833551869448, -0.5161481433405453, 0.11730823566380488, -0.46327992475084945, 0.5054597903085629, 0.590805045288977, 0.4868689382525568, -0.9326649410906647, -0.5671538253397856, 0.8552458264967898, -0.23968730825712425, -0.1273480088563994, 0.285277444716627, 0.5225060211853718, -0.3631192086038071, -0.01188925298460286, 0.8627815814881623, -0.5895743018343997, -0.45820770584958415, 1.0, 0.13919676969169936, 0.9099296373197137, -0.4591101605614223]
1019.9866943359375	(8, 12, 2)	[-0.14769828782284725, -0.08729611679326668, -0.8653351395080061, 0.22821871804555727, 0.7121543005678337, 0.38543499988251373, -0.2961528214041481, 0.2516602529479707, -0.8267231625529863, 0.8957498840348672, -0.9008632155632561, 0.8299721804283647, 0.6372160811527863, 0.41515808207099547, 0.08645932137307066, -0.2538984676689282, 0.4512592577814185, 0.7961691797859596, -0.6455796422973022, 0.5239458128443077, -0.8374892176778148, 0.6159067737030222, 0.42871862161205987, -0.0715235222946548, -0.7927524706593301, -0.5762580529117438, -0.07472512378126295, 0.7105363982858415, -0.7513126881633818, -0.8349115346212708, -0.5179145126394913, -0.9959948997381978, 0.38867332324316584, -0.75170381756379, 0.19930031895328781, -0.5992727962448421, -0.8418223735094015, -0.3576467000689304, 0.9583772008244205, -0.6135323942348565, -0.6686698741626198, 0.0696897517251831, -0.7655239315928639, 0.4470246066531902, -0.012555541651440905, 0.2214214477186085, 0.12766191366108448, 0.39078157039441397, 0.09221583483757614, 0.5031298143054719, -0.14881106749994655, 0.7709939923746356, -0.9229720889240494, -0.6529268220029782, 0.049642813010325026, 0.4847178446624998, -0.7941826850885652, 0.1840236025178188, -0.5588238302942534, 0.5485681392320647, 0.6057498866988427, 0.541368256694942, 0.41136079488478594, -0.3521133996541703, -0.10636810911037113, -0.31557102117207125, 0.9876344980962779, 0.22816866190587848, -0.574236692259755, -0.2603614887473251, 0.9235129509760085, -0.29823437840001077, -0.5031423438143874, -0.0855245332879, -0.21010278168434326, -0.7395509072087749, 0.8124458017453358, -0.1604809990420626, -1.0, 0.7967143292397316, 0.08095990234796857, -0.5455224533672067, 0.6868525032963306, 0.8745320110910182, 0.5046528698420862, -0.01809694932556888, 0.6848429100516167, 0.7563847492425186, -0.007279840356593681, -0.6539355162482168, -0.1521100564427793, -0.9525099855296402, 0.2814390974153614, -0.8060141993284187, -0.28264135782944244, -0.17042579939193195, 0.5776256143081038, -0.7096833551869448, -0.5161481433405453, 0.11730823566380488, 0.40432442675256075, 0.5054597903085629, 0.2485625072298615, -0.7386668338310081, -0.9326649410906647, -0.5671538253397856, 0.1212159818579559, -0.1224429803491632, 0.42521316351031824, 0.285277444716627, 0.7877363826705819, 0.3706477596542186, -0.1920633728109699, 0.8627815814881623, -0.5895743018343997, -0.45820770584958415, 0.05363181977997606, 0.13919676969169936, 0.007351327491300408, -0.4591101605614223]
1019.9954833984375	(8, 12, 2)	[-0.17589169888495793, -0.08729611679326668, -0.8653351395080061, 0.22821871804555727, 0.7160555605791707, 0.38543499988251373, -0.19848036441547068, 0.2516602529479707, -0.8267231625529863, 0.782825037333571, -0.9008632155632561, 0.950875250143723, 0.6859146458229355, 0.41515808207099547, 0.08645932137307066, -0.31702121424924257, 0.037385891398795, 0.7560130849852957, -0.6455796422973022, 0.5239458128443077, -0.6863645514510048, -0.6663647669244526, 0.42871862161205987, -0.025977238614452697, -0.7927524706593301, -0.5762580529117438, -0.07472512378126295, 0.28888993663007373, -0.7513126881633818, -0.8349115346212708, -0.4349549660342152, -1.0, 0.28882751004836593, -0.75170381756379, 0.19930031895328781, -0.5992727962448421, 0.5745527545196103, -0.49724023037834536, 0.9583772008244205, -0.6135323942348565, -0.6686698741626198, 0.0696897517251831, -0.7655239315928639, 0.4470246066531902, -0.012555541651440905, 0.2214214477186085, -0.4996877820005883, 0.39078157039441397, 0.09221583483757614, 0.5804585264723687, -0.14881106749994655, 0.776658750844802, -0.9229720889240494, -0.6708550706552647, 0.13598259489339173, 0.46798163355810685, 0.721653406363707, 0.9020723781249496, -0.5588238302942534, -0.8553165115087606, 0.6057498866988427, 0.541368256694942, 0.41136079488478594, -0.16938152876549667, -0.08022937851165954, -0.3684735884152319, 1.0, 0.22816866190587848, -0.7979515482788454, -1.0, 0.9235129509760085, -0.29823437840001077, -0.15402818360692971, -0.028160905738383465, -0.21010278168434326, -0.7395509072087749, 0.8124458017453358, -0.1604809990420626, -0.9180836954588927, 0.7967143292397316, -0.08070056130586203, -0.5455224533672067, 0.6868525032963306, 0.8745320110910182, 0.5046528698420862, 0.027242193928435077, -0.7793493028765383, 0.8216705263932795, 0.8510673625197017, -0.6539355162482168, -0.1415504245637306, -0.9286642786250051, 0.2814390974153614, 0.6171281581270207, -0.28264135782944244, 0.6132175227172544, 0.6820223914619523, -0.7096833551869448, -0.5161481433405453, 0.19198455502232398, -0.46327992475084945, 0.5160120084036726, 0.590805045288977, 0.5677757631125395, -1.0, -0.4350972404029234, 0.8552458264967898, -0.23968730825712425, 0.42521316351031824, 0.285277444716627, 0.5225060211853718, -0.3631192086038071, 0.5815991121717285, 0.8627815814881623, -0.5895743018343997, -0.3969605868395516, 0.9800604486592392, 0.13919676969169936, 0.9099296373197137, -0.4591101605614223]
1019.9990844726562	(8, 12, 2)	[-0.09246812705625573, -0.08729611679326668, -0.8653351395080061, 0.22821871804555727, 0.7945423045837028, -0.21288811744608144, -0.19848036441547068, 0.2516602529479707, -0.2724298055331403, 0.9522051990212043, -0.9008632155632561, 0.950875250143723, 0.810877899948921, 0.41515808207099547, 0.08645932137307066, -0.42874224309715636, 0.037385891398795, 0.7558360057794087, -1.0, 0.5239458128443077, -0.6863645514510048, -0.6663647669244526, 0.42871862161205987, -0.025977238614452697, -0.7927524706593301, -0.5762580529117438, 0.46365225402879595, -0.013917483749333215, -0.7513126881633818, -0.8394220272357136, -0.5111495925686869, -0.8596386612985986, 0.28882751004836593, -0.75170381756379, 0.19930031895328781, -0.5992727962448421, -0.8418223735094015, -0.30352610606116004, 0.9583772008244205, -0.6135323942348565, -0.6686698741626198, 0.0696897517251831, -0.7655239315928639, 0.4470246066531902, -0.012555541651440905, 0.1457668733054904, -0.4996877820005883, 0.513159782518651, -0.008433454264289472, 0.5804585264723687, -0.14881106749994655, 0.776658750844802, -0.9229720889240494, -0.6708550706552647, 0.058328280681002966, 0.46798163355810685, 0.721653406363707, 0.1840236025178188, -0.5588238302942534, 0.5485681392320647, 0.6057498866988427, 0.541368256694942, 0.41136079488478594, -0.17628592299744295, -0.08022937851165954, -0.31557102117207125, 0.9876344980962779, 0.22816866190587848, -0.7355156242507175, -1.0, 0.4697251926501463, -0.29823437840001077, -0.5031423438143874, -0.0855245332879, 0.27464358242811193, -0.7395509072087749, 0.6160806048873998, -0.1604809990420626, -1.0, 0.826113157507603, 0.08095990234796857, -0.5583465163886575, 0.6868525032963306, 0.8745320110910182, 0.5046528698420862, 0.027242193928435077, 0.6246381305189417, 0.7563847492425186, -0.007279840356593681, -0.6539355162482168, -0.1415504245637306, -0.9525099855296402, 0.2814390974153614, -0.716825557829654, -0.28264135782944244, 0.6859627657056083, 0.5776256143081038, 0.5443720181928631, -0.5161481433405453, 0.20771991601988174, -0.43921957984150284, 0.5054597903085629, 0.590805045288977, -0.7386668338310081, -0.9326649410906647, -0.5671538253397856, 0.8552458264967898, -0.23968730825712425, -0.14277275220672275, 0.285277444716627, 0.7877363826705819, 0.3706477596542186, 0.5815991121717285, 0.8627815814881623, -0.6086088068049873, -0.45820770584958415, 0.9800604486592392, 0.13919676969169936, 0.007351327491300408, -0.5693519401035165]
1019.9985961914062	(8, 12, 2)	[-0.11923204956629532, -0.230455971228863, -0.8653351395080061, 0.22821871804555727, 0.7160555605791707, 0.309088330901338, -0.19848036441547068, 0.2516602529479707, -0.8267231625529863, 0.9522051990212043, -0.9008632155632561, 0.950875250143723, 0.6859146458229355, 0.41515808207099547, 0.08645932137307066, -0.2624268065099607, 0.037385891398795, 0.7961691797859596, -0.6455796422973022, 0.5239458128443077, -0.7340841714364195, -0.6663647669244526, 0.42871862161205987, -0.025977238614452697, -0.7927524706593301, -0.5762580529117438, -0.07472512378126295, -0.013917483749333215, -0.6161655619581894, -0.8394220272357136, -0.5111495925686869, -1.0, -0.9302745315956485, -0.75170381756379, 0.2645571454817745, -0.5992727962448421, 0.5745527545196103, -0.5005560160018188, 0.9583772008244205, 0.09569137103471514, -0.6555141310560502, 0.0696897517251831, -0.5474771779187975, 0.4470246066531902, -0.012555541651440905, 0.22838730570252608, -0.4996877820005883, 0.39078157039441397, -0.11650743708216908, 0.5804585264723687, -0.14881106749994655, 0.7709939923746356, -0.9442340730316512, -0.6708550706552647, -0.9091032760635651, 0.46798163355810685, -0.7941826850885652, 0.9020723781249496, -0.5588238302942534, 0.5485681392320647, 0.6057498866988427, 0.541368256694942, 0.41136079488478594, -0.34198365194725916, -0.08022937851165954, -0.3684735884152319, 1.0, 0.22816866190587848, -0.7979515482788454, -1.0, 0.9235129509760085, -0.29823437840001077, -0.15402818360692971, -0.0855245332879, -0.21010278168434326, -0.7395509072087749, 0.8124458017453358, -0.1604809990420626, -0.9180836954588927, 0.826113157507603, 0.08095990234796857, -0.5455224533672067, 0.6868525032963306, 0.7614071907314016, 0.5046528698420862, -0.01809694932556888, 0.6848429100516167, 0.7563847492425186, -0.007279840356593681, -0.5223002269794625, -0.1415504245637306, -0.9525099855296402, 0.2633890436665043, -0.8060141993284187, -0.27066791469754137, -0.1625013894860765, -0.3250975886148091, -0.7096833551869448, -0.5161481433405453, 0.11730823566380488, -0.46327992475084945, 0.5160120084036726, 0.5864594713060003, 0.4868689382525568, -0.9326649410906647, -0.5671538253397856, 0.802490846862399, -0.02293608150115895, -0.1273480088563994, 0.285277444716627, 0.7877363826705819, 0.3706477596542186, -0.1920633728109699, 0.6762849486059472, -0.5895743018343997, -0.45820770584958415, 0.05363181977997606, 0.13919676969169936, 0.9099296373197137, -0.4591101605614223]
1019.9964599609375	(8, 12, 2)	[-0.17589169888495793, -0.08729611679326668, -0.8653351395080061, 0.15042026411885231, 0.7945423045837028, 0.38543499988251373, -0.19848036441547068, 0.2639097776621027, -0.4416773546424999, 0.9797441674414085, -0.9008632155632561, 0.950875250143723, 0.6859146458229355, 0.41515808207099547, 0.08645932137307066, -0.3956746418670723, 0.25818789535436304, 0.7961691797859596, -0.6455796422973022, 0.5239458128443077, -0.35618018346636043, 0.6159067737030222, 0.5702066827466818, 0.6454412725279083, -0.897077099476703, -0.5762580529117438, -0.07472512378126295, -0.013917483749333215, -0.6161655619581894, -0.8349115346212708, -0.5179145126394913, -0.9959948997381978, -0.9302745315956485, -0.9780110023120807, 0.2645571454817745, -0.5992727962448421, 0.5745527545196103, -0.30352610606116004, 0.9583772008244205, -0.6135323942348565, -0.6686698741626198, 0.0696897517251831, -0.7655239315928639, 0.4470246066531902, -0.012555541651440905, 0.22838730570252608, 0.12766191366108448, 0.39078157039441397, -0.008433454264289472, 0.5804585264723687, -0.14881106749994655, 0.7709939923746356, -0.9229720889240494, -0.6708550706552647, 0.058328280681002966, 0.46798163355810685, 0.7718289466037955, 0.1840236025178188, -0.5588238302942534, 0.5485681392320647, 0.6057498866988427, 0.541368256694942, 0.41136079488478594, -0.0862628418926182, -0.08022937851165954, -0.31557102117207125, 0.9876344980962779, 0.22816866190587848, -0.6813349647350613, -0.9804002621778669, 0.9235129509760085, -0.29823437840001077, -0.15402818360692971, -0.0855245332879, -0.21010278168434326, -0.7395509072087749, 0.014880628586854794, -0.1604809990420626, -0.9180836954588927, 0.7967143292397316, 0.08095990234796857, -0.47213644170507263, -0.38532517813448725, 0.8745320110910182, 0.15559227715137952, 0.027242193928435077, -0.7793493028765383, 0.8216705263932795, -0.007279840356593681, -0.6539355162482168, -0.1415504245637306, -0.9286642786250051, 0.2814390974153614, 0.6210405241706888, -0.28264135782944244, -0.1625013894860765, -0.3250975886148091, -0.7096833551869448, -0.5161481433405453, 0.19198455502232398, -0.46327992475084945, 0.5054597903085629, 0.5864594713060003, -0.7386668338310081, -0.2036429805153787, -0.5671538253397856, -0.31709196101780757, -0.23968730825712425, 0.42521316351031824, 0.285277444716627, 0.7877363826705819, 0.3706477596542186, -0.1920633728109699, 0.8627815814881623, -0.5895743018343997, -0.45820770584958415, -0.5489419202735428, 0.13919676969169936, 0.9099296373197137, -0.5381555287045476]
1019.999267578125	(8, 12, 2)	[-0.17589169888495793, -0.08729611679326668, -0.8653351395080061, 0.22821871804555727, 0.7945423045837028, -0.2725862862863797, -0.19848036441547068, -0.3225543234246595, -0.2724298055331403, 0.9522051990212043, -0.9008632155632561, 0.8394179805332781, 0.4969458697036857, 0.41515808207099547, 0.08645932137307066, -0.31702121424924257, 0.037385891398795, 0.7558360057794087, -0.6455796422973022, 0.750039794609211, -0.6863645514510048, 0.6159067737030222, 0.42871862161205987, 0.6454412725279083, -0.7927524706593301, -0.5762580529117438, -0.07472512378126295, 0.7105363982858415, -0.6161655619581894, -0.21552035070785544, -0.5111495925686869, -0.9959948997381978, 0.28882751004836593, -0.9780110023120807, 0.19930031895328781, -0.5992727962448421, -0.8418223735094015, -0.3576467000689304, 0.9583772008244205, -0.6135323942348565, -0.6686698741626198, 0.0696897517251831, -0.7655239315928639, 0.4470246066531902, -0.012555541651440905, 0.2214214477186085, -0.4996877820005883, 0.39078157039441397, -0.008433454264289472, 0.5804585264723687, -0.14881106749994655, 0.9852911547112599, -0.9229720889240494, -0.6708550706552647, 0.4384946621100996, 0.46798163355810685, 0.5734105831350088, 0.1840236025178188, -0.5588238302942534, 0.5485681392320647, 0.6057498866988427, 0.541368256694942, 0.41136079488478594, -0.16938152876549667, -0.11648964820966065, -0.3207129001121498, 0.9876344980962779, -0.022499668785194493, -0.6813349647350613, -1.0, 0.4378863660405241, -0.29823437840001077, -0.5031423438143874, -0.028160905738383465, 0.2557897095306969, -0.7395509072087749, 0.8124458017453358, -0.1604809990420626, -0.8921782347678866, 0.826113157507603, 0.08095990234796857, -0.5583465163886575, 0.6868525032963306, 0.8745320110910182, 0.5046528698420862, 0.09144577653268994, 0.6848429100516167, 0.8216705263932795, -0.007279840356593681, -0.5223002269794625, -0.1521100564427793, -0.9525099855296402, 0.2814390974153614, -0.8060141993284187, -0.1007956281214886, -0.17042579939193195, 0.5776256143081038, -0.7096833551869448, -0.5161481433405453, 0.11730823566380488, -0.43921957984150284, 0.5054597903085629, 0.2485625072298615, 0.4868689382525568, -0.2036429805153787, -0.4350972404029234, 0.1212159818579559, -0.23968730825712425, 0.42521316351031824, 0.3588546755602613, 0.5225060211853718, -0.46877233474270996, -0.1920633728109699, 0.8627815814881623, -0.5895743018343997, -0.45820770584958415, 0.1047720103713572, 0.13919676969169936, 0.007351327491300408, -0.4591101605614223]
1019.9934692382812	(8, 12, 2)	[-0.17589169888495793, -0.015782335078935533, -0.8653351395080061, 0.22821871804555727, 0.7945423045837028, -0.2725862862863797, -0.19848036441547068, -0.3225543234246595, -0.2724298055331403, 0.9522051990212043, -0.9008632155632561, 0.8394179805332781, 0.4969458697036857, 0.41515808207099547, 0.08645932137307066, -0.31702121424924257, 0.037385891398795, 0.7558360057794087, -0.6455796422973022, 0.750039794609211, -0.6863645514510048, 0.6159067737030222, 0.42871862161205987, 0.5822891211119581, -0.7927524706593301, -0.5762580529117438, -0.07472512378126295, 0.7105363982858415, -0.6161655619581894, -0.21552035070785544, -0.5111495925686869, -0.9959948997381978, 0.28882751004836593, -0.9780110023120807, 0.19930031895328781, -0.5992727962448421, -0.8418223735094015, -0.3576467000689304, 0.9583772008244205, -0.6135323942348565, -0.6686698741626198, 0.0696897517251831, -0.7655239315928639, 0.4470246066531902, -0.012555541651440905, 0.2214214477186085, -0.4996877820005883, 0.39078157039441397, -0.008433454264289472, 0.5804585264723687, -0.14881106749994655, 0.9852911547112599, -0.9229720889240494, -0.6708550706552647, 0.4384946621100996, 0.46798163355810685, 0.5734105831350088, 0.1840236025178188, -0.5588238302942534, 0.5485681392320647, 0.6057498866988427, 0.541368256694942, 0.41136079488478594, -0.16938152876549667, -0.11648964820966065, -0.3207129001121498, 0.9876344980962779, -0.022499668785194493, -0.6813349647350613, -1.0, 0.4378863660405241, -0.29823437840001077, -0.5031423438143874, -0.028160905738383465, 0.2557897095306969, -0.8835603266831372, 0.8124458017453358, -0.1604809990420626, -0.8921782347678866, 0.826113157507603, 0.08095990234796857, -0.5583465163886575, 0.6868525032963306, 0.8745320110910182, 0.5046528698420862, 0.09144577653268994, 0.6848429100516167, 0.8216705263932795, -0.007279840356593681, -0.5223002269794625, -0.1521100564427793, -0.9525099855296402, 0.2814390974153614, -0.8060141993284187, -0.1007956281214886, -0.17042579939193195, 0.5776256143081038, -0.7096833551869448, -0.5161481433405453, 0.11730823566380488, -0.43921957984150284, 0.5054597903085629, 0.2485625072298615, 0.4868689382525568, -0.2036429805153787, -0.4350972404029234, 0.1212159818579559, -0.23968730825712425, 0.42521316351031824, 0.3588546755602613, 0.5225060211853718, -0.46877233474270996, -0.1920633728109699, 0.8627815814881623, -0.5895743018343997, -0.45820770584958415, 0.1047720103713572, 0.13919676969169936, 0.007351327491300408, -0.4591101605614223]
1019.9974365234375	(8, 12, 2)	[-0.17589169888495793, -0.08729611679326668, -0.8653351395080061, 0.254799419508661, 0.7160555605791707, 0.40787913941413523, -0.21607786479220747, 0.2516602529479707, -0.8267231625529863, 0.9492192429666533, -0.9008632155632561, 0.950875250143723, 0.6859146458229355, 0.41515808207099547, 0.08645932137307066, -0.2624268065099607, 0.037385891398795, 0.7961691797859596, -0.6455796422973022, 0.5239458128443077, -0.6863645514510048, 0.6159067737030222, 0.42871862161205987, -0.025977238614452697, -0.6500202359572852, -0.5762580529117438, -0.07472512378126295, -0.013917483749333215, -0.6161655619581894, -0.8394220272357136, -0.5179145126394913, -0.9959948997381978, 0.28882751004836593, -0.6379609537843194, 0.2645571454817745, -0.5992727962448421, 0.6563034989475464, 0.6416414542722259, 0.9583772008244205, -0.6135323942348565, -0.6555141310560502, 0.0696897517251831, -0.7655239315928639, 0.4470246066531902, -0.012555541651440905, 0.22838730570252608, 0.12766191366108448, 0.39078157039441397, 0.09221583483757614, 0.5804585264723687, -0.14881106749994655, 0.7709939923746356, -0.9442340730316512, -0.6708550706552647, 0.049642813010325026, 0.46798163355810685, -0.7941826850885652, 0.9020723781249496, -0.5430161549618217, 0.5485681392320647, 0.6057498866988427, 0.541368256694942, 0.41136079488478594, -0.34198365194725916, -0.08022937851165954, -0.31557102117207125, 0.9876344980962779, 0.22816866190587848, -0.574236692259755, -0.9804002621778669, 0.9235129509760085, -0.29823437840001077, -0.5031423438143874, 0.21519262172234613, 0.27428470013657064, -0.7395509072087749, 0.014880628586854794, -0.1604809990420626, -0.9180836954588927, 0.826113157507603, 0.08095990234796857, -0.5455224533672067, 0.6868525032963306, 0.7614071907314016, 0.5046528698420862, 0.027242193928435077, -0.7793493028765383, 0.7563847492425186, -0.007279840356593681, -0.6539355162482168, -0.1415504245637306, -0.9525099855296402, 0.2814390974153614, 0.6171281581270207, -0.28264135782944244, -0.1625013894860765, -0.3250975886148091, -0.7096833551869448, -0.5161481433405453, 0.11730823566380488, -0.46327992475084945, 0.5160120084036726, 0.590805045288977, -0.7386668338310081, -0.9326649410906647, -0.5671538253397856, 0.802490846862399, -0.02293608150115895, 0.42521316351031824, 0.285277444716627, 0.5225060211853718, -0.46877233474270996, -0.1920633728109699, 0.8627815814881623, -0.5895743018343997, -0.45820770584958415, 0.1047720103713572, 0.13919676969169936, -0.0930921595689589, -0.4591101605614223]
1019.9983520507812	(8, 12, 2)	[-0.09246812705625573, -0.230455971228863, -0.8653351395080061, 0.22821871804555727, 0.7945423045837028, 0.309088330901338, -0.19848036441547068, 0.2516602529479707, -0.2724298055331403, 0.9522051990212043, -0.9008632155632561, 0.950875250143723, 0.6859146458229355, 0.41515808207099547, 0.08645932137307066, -0.2538984676689282, 0.037385891398795, 0.7961691797859596, -0.6455796422973022, 0.5239458128443077, -0.8374892176778148, 0.5977777252895582, 0.42871862161205987, 0.6454412725279083, -0.7927524706593301, -0.5762580529117438, -0.07472512378126295, -0.06716803253673764, -0.7513126881633818, -0.2512245411553516, -0.4858846864895278, -1.0, 0.28882751004836593, -0.75170381756379, 0.19930031895328781, -0.5992727962448421, 0.5745527545196103, -0.3576467000689304, 0.9583772008244205, 0.09569137103471514, -0.6555141310560502, 0.0696897517251831, -0.7655239315928639, 0.4470246066531902, -0.012555541651440905, 0.2214214477186085, -0.4996877820005883, 0.39078157039441397, 0.09221583483757614, 0.5804585264723687, -0.14881106749994655, 0.7709939923746356, -0.9229720889240494, -0.6708550706552647, 0.4384946621100996, 0.4847178446624998, 0.7718289466037955, 0.1840236025178188, -0.4189767861223952, 0.5485681392320647, 0.6057498866988427, 0.5924429262569951, 0.41136079488478594, -0.17628592299744295, -0.18369349897411524, -0.3684735884152319, 0.9876344980962779, -0.022499668785194493, -0.7979515482788454, -0.2603614887473251, 0.9235129509760085, -0.29823437840001077, -0.5031423438143874, -0.0855245332879, -0.21010278168434326, -0.7395509072087749, 0.014880628586854794, -0.1604809990420626, -0.9180836954588927, 0.826113157507603, 0.08095990234796857, -0.5455224533672067, 0.6868525032963306, 0.8745320110910182, 0.5046528698420862, 0.027242193928435077, 0.6848429100516167, 0.8216705263932795, 0.8510673625197017, -0.6539355162482168, -0.1415504245637306, -0.9525099855296402, 0.2814390974153614, -0.8060141993284187, -0.28264135782944244, -0.04659826430925686, 0.5776256143081038, -0.9172296034581795, -0.5161481433405453, 0.19198455502232398, -0.46327992475084945, 0.5160120084036726, 0.5864594713060003, -0.7386668338310081, -0.9326649410906647, -0.5671538253397856, 0.1212159818579559, -0.07675762042623901, -0.14277275220672275, 0.285277444716627, 0.5225060211853718, 0.3706477596542186, -0.1920633728109699, 0.8627815814881623, -0.5895743018343997, -0.32310743231081257, -0.5489419202735428, 0.13919676969169936, 0.007351327491300408, -0.48261645014764776]
1019.9996337890625	(8, 12, 2)	[-0.09246812705625573, -0.08729611679326668, -0.8653351395080061, 0.22821871804555727, 0.7121543005678337, 0.309088330901338, -0.3367885976406013, 0.2516602529479707, -0.4416773546424999, 0.9797441674414085, -0.9008632155632561, 0.950875250143723, 0.6368348445760864, 0.41515808207099547, 0.08645932137307066, -0.42874224309715636, 0.11471720973866906, 0.7961691797859596, -0.6455796422973022, 0.5239458128443077, -0.8374892176778148, 0.6439097098894068, 0.5702066827466818, -0.025977238614452697, -0.6637251809970284, -0.6267691674671667, -0.07472512378126295, -0.013917483749333215, -0.7513126881633818, -0.8349115346212708, -0.4858846864895278, -0.9959948997381978, -0.9782934592806878, -0.75170381756379, 0.2645571454817745, -0.5992727962448421, 0.5789462137215465, -0.30352610606116004, 1.0, -0.6135323942348565, -0.6686698741626198, 0.14956127527016655, -0.7655239315928639, 0.3809162901727259, -0.012555541651440905, 0.2214214477186085, 0.12766191366108448, 0.2581773610592717, -0.008433454264289472, 0.5804585264723687, -0.14881106749994655, 0.776658750844802, -0.9229720889240494, -0.4706963413771047, 0.058328280681002966, 0.4847178446624998, -0.7941826850885652, 0.1840236025178188, -0.5430161549618217, 0.5485681392320647, 0.6057498866988427, 0.541368256694942, 0.41136079488478594, -0.16938152876549667, -0.19168248761309803, -0.3684735884152319, 0.9876344980962779, 0.22816866190587848, -0.7355156242507175, -0.9804002621778669, 0.9235129509760085, 0.5266724567908692, -0.15402818360692971, -0.0855245332879, 0.27464358242811193, -0.7395509072087749, 0.014880628586854794, -0.1604809990420626, -0.9180836954588927, 0.7967143292397316, 0.08095990234796857, -0.5455224533672067, 0.6868525032963306, 0.8304960142559558, 0.5046528698420862, 0.027242193928435077, 0.6848429100516167, 0.8216705263932795, -0.007279840356593681, -0.5578995748140576, -0.1415504245637306, -0.9525099855296402, 0.2814390974153614, -0.8060141993284187, -0.28264135782944244, -0.1625013894860765, 0.6820223914619523, -0.9172296034581795, -0.5161481433405453, 0.11730823566380488, -0.6808455310652537, 0.5054597903085629, 0.5864594713060003, -0.7386668338310081, -0.9326649410906647, -0.4350972404029234, -0.31709196101780757, -0.23968730825712425, -0.1273480088563994, 0.22139511358400085, 0.5225060211853718, 0.3706477596542186, -0.1920633728109699, 0.8627815814881623, -0.8135006212202223, -0.3969605868395516, -0.5489419202735428, 0.13919676969169936, 0.9099296373197137, -0.48554427382657606]
1019.9990844726562	(8, 12, 2)	[-0.14564948674626546, -0.08729611679326668, -0.7538149904416327, 0.22821871804555727, 0.7160555605791707, 0.309088330901338, -0.21607786479220747, -0.3225543234246595, -0.8267231625529863, 0.9492192429666533, -0.9008632155632561, 0.950875250143723, 0.4969458697036857, 0.41515808207099547, 0.08645932137307066, -0.2624268065099607, 0.037385891398795, 0.7961691797859596, -0.6455796422973022, 0.5239458128443077, -0.8374892176778148, -0.6663647669244526, 0.5702066827466818, -0.0715235222946548, -0.6637251809970284, -0.5762580529117438, -0.07472512378126295, -0.013917483749333215, -0.6161655619581894, -0.8394220272357136, -0.5179145126394913, -0.9959948997381978, -0.9302745315956485, -0.75170381756379, 0.2645571454817745, -0.5992727962448421, 0.5745527545196103, -0.30352610606116004, 1.0, -0.6135323942348565, -0.6686698741626198, 0.0696897517251831, -0.7655239315928639, 0.4470246066531902, -0.012555541651440905, 0.2214214477186085, -0.4996877820005883, 0.39078157039441397, -0.11650743708216908, 0.45954674903024484, -0.25290729281936003, 0.7709939923746356, -0.9229720889240494, -0.6708550706552647, 0.058328280681002966, 0.46798163355810685, 0.5734105831350088, 0.9020723781249496, -0.5588238302942534, 0.5485681392320647, 0.6057498866988427, 0.541368256694942, 0.41136079488478594, -0.16938152876549667, -0.19168248761309803, -0.31557102117207125, 0.9876344980962779, 0.22816866190587848, -0.574236692259755, -0.9804002621778669, 0.4378863660405241, -0.29823437840001077, -0.15402818360692971, -0.07877702610915636, 0.27464358242811193, -0.7395509072087749, 0.8124458017453358, -0.1604809990420626, -0.9180836954588927, 0.7967143292397316, 0.08095990234796857, -0.5455224533672067, 0.6868525032963306, 0.8745320110910182, 0.5046528698420862, 0.027242193928435077, -0.7793493028765383, 0.7563847492425186, -0.007279840356593681, -0.6539355162482168, -0.1415504245637306, -0.9525099855296402, 0.2814390974153614, 0.6171281581270207, -0.28264135782944244, -0.17042579939193195, -0.3250975886148091, 0.48191316624393754, -0.5161481433405453, 0.11730823566380488, -0.46327992475084945, 0.5054597903085629, 0.5864594713060003, 0.4868689382525568, -0.2036429805153787, -0.4350972404029234, -0.31709196101780757, -0.23968730825712425, 0.42521316351031824, 0.41946058022052823, 0.5225060211853718, 0.5163905314688301, -0.01188925298460286, 0.8627815814881623, -0.5895743018343997, -0.45820770584958415, 0.9800604486592392, 0.13919676969169936, -0.0930921595689589, -0.4591101605614223]
1019.9966430664062	(8, 12, 2)	[-0.14564948674626546, -0.08729611679326668, -0.8653351395080061, 0.22821871804555727, 0.7160555605791707, 0.309088330901338, -0.21607786479220747, 0.2516602529479707, -0.8267231625529863, 0.9478876206085586, -0.9008632155632561, 0.950875250143723, 0.6859146458229355, 0.41515808207099547, 0.08645932137307066, -0.42874224309715636, 0.037385891398795, 0.7558360057794087, -0.6455796422973022, 0.5239458128443077, -0.6863645514510048, 0.6159067737030222, 0.42871862161205987, -0.025977238614452697, -0.6500202359572852, -0.5762580529117438, -0.07472512378126295, -0.013917483749333215, -0.6161655619581894, -0.8394220272357136, -0.5179145126394913, -0.9959948997381978, -0.9782934592806878, -0.75170381756379, 0.2645571454817745, -0.5992727962448421, 0.6563034989475464, -0.30352610606116004, 0.9583772008244205, -0.6135323942348565, -0.6555141310560502, 0.0696897517251831, -0.7655239315928639, 0.4470246066531902, -0.012555541651440905, 0.22838730570252608, -0.4996877820005883, 0.39078157039441397, -0.12591037539807626, 0.5804585264723687, -0.14881106749994655, 0.9852911547112599, -0.9229720889240494, -0.6708550706552647, 0.049642813010325026, 0.4847178446624998, -0.7941826850885652, 0.1840236025178188, -0.5430161549618217, 0.5485681392320647, 0.6057498866988427, 0.541368256694942, 0.3294229326081964, -0.16938152876549667, -0.08022937851165954, -0.3684735884152319, 0.9876344980962779, 0.22816866190587848, -0.7355156242507175, -0.9804002621778669, 0.9235129509760085, -0.19363069779783282, -0.15402818360692971, -0.028160905738383465, 0.27428470013657064, -0.7395509072087749, 0.8124458017453358, -0.1604809990420626, -0.9180836954588927, 0.7967143292397316, -0.08070056130586203, -0.5645818329509456, 0.6505065426184398, 0.8304960142559558, 0.40177448882642236, 0.027242193928435077, -0.8826339799593026, 0.7563847492425186, 0.8510673625197017, -0.5578995748140576, -0.1415504245637306, -0.9525099855296402, 0.2814390974153614, -0.8060141993284187, -0.28264135782944244, -0.1625013894860765, 0.5776256143081038, -0.7096833551869448, -0.5257940087035862, 0.11730823566380488, -0.6808455310652537, 0.5054597903085629, 0.590805045288977, -0.7386668338310081, -0.9326649410906647, -0.4350972404029234, 0.8552458264967898, -0.01890977276224387, -0.1273480088563994, 0.285277444716627, 0.5225060211853718, -0.46877233474270996, -0.01188925298460286, 0.7455785322546115, -0.5895743018343997, -0.45820770584958415, 0.1047720103713572, 0.13919676969169936, -0.0930921595689589, -0.48554427382657606]
1019.9996948242188	(8, 12, 2)	[-0.14769828782284725, -0.08729611679326668, -0.8653351395080061, 0.22821871804555727, 0.7160555605791707, 0.40787913941413523, -0.19848036441547068, -0.3225543234246595, -0.4416773546424999, 0.9797441674414085, -0.9008632155632561, 0.950875250143723, 0.6368348445760864, 0.41515808207099547, 0.08645932137307066, -0.2624268065099607, 0.037385891398795, 0.7961691797859596, -0.6455796422973022, 0.5239458128443077, -0.8374892176778148, -0.6663647669244526, 0.5702066827466818, 0.5822891211119581, -0.7927524706593301, -0.5016595629732309, -0.07472512378126295, -0.013917483749333215, -0.6161655619581894, -0.8349115346212708, -0.5111495925686869, -0.9959948997381978, -0.9782934592806878, -0.75170381756379, 0.2645571454817745, -0.5992727962448421, 0.6563034989475464, 0.6416414542722259, 1.0, 0.09569137103471514, -0.6555141310560502, 0.14956127527016655, -0.26150576730572633, 0.4470246066531902, -0.012555541651440905, 0.22838730570252608, 0.12766191366108448, 0.39078157039441397, 0.09221583483757614, 0.5804585264723687, -0.14881106749994655, 0.7709939923746356, -0.9229720889240494, -0.6708550706552647, 0.4384946621100996, 0.46798163355810685, -0.7941826850885652, 0.1840236025178188, -0.5430161549618217, 0.5485681392320647, 0.6057498866988427, 0.541368256694942, 0.41136079488478594, -0.34198365194725916, -0.08022937851165954, -0.3684735884152319, 0.9876344980962779, 0.22816866190587848, -0.7355156242507175, -0.9804002621778669, 0.9235129509760085, -0.29823437840001077, -0.15402818360692971, -0.034032970727691236, 0.2557897095306969, -0.6435126567120744, 0.8124458017453358, -0.1604809990420626, -0.9180836954588927, 0.7967143292397316, 0.08095990234796857, -0.47213644170507263, 0.6868525032963306, 0.8745320110910182, 0.5046528698420862, 0.027242193928435077, 0.6404338499659966, 0.8216705263932795, -0.007279840356593681, -0.5223002269794625, -0.1415504245637306, -0.9525099855296402, 0.2814390974153614, -0.8060141993284187, -0.28264135782944244, -0.1625013894860765, 0.6820223914619523, -0.7096833551869448, -0.5161481433405453, 0.11730823566380488, -0.46327992475084945, 0.5054597903085629, 0.2485625072298615, -0.7386668338310081, -0.2036429805153787, -0.5671538253397856, 0.8727401283901156, -0.23968730825712425, 0.42521316351031824, 0.285277444716627, 0.5225060211853718, 0.3706477596542186, -0.1920633728109699, 0.6762849486059472, -0.8135006212202223, -0.5516294819109027, -0.5489419202735428, 0.13919676969169936, -0.0930921595689589, -0.48554427382657606]
1019.9998168945312	(8, 12, 2)	[-0.14769828782284725, 0.3484893374159328, -0.8653351395080061, 0.22821871804555727, 0.7160555605791707, 0.38543499988251373, -0.19848036441547068, 0.2516602529479707, -0.8267231625529863, 0.9797441674414085, -1.0, 0.950875250143723, 0.8434526637535154, 0.41515808207099547, 0.22058295793292385, -0.2538984676689282, 0.037385891398795, 0.9703331105925863, -0.6455796422973022, 0.5239458128443077, -0.6863645514510048, -0.6663647669244526, 0.42871862161205987, -0.025977238614452697, -0.6637251809970284, -0.5762580529117438, -0.07472512378126295, -0.013917483749333215, -0.7513126881633818, -0.8349115346212708, -0.5179145126394913, -0.9959948997381978, -0.9302745315956485, -0.75170381756379, 0.2645571454817745, -0.5992727962448421, 0.5745527545196103, 0.6416414542722259, 1.0, -0.6135323942348565, -0.6555141310560502, 0.0696897517251831, -0.7655239315928639, 0.4470246066531902, -0.012555541651440905, 0.2214214477186085, 0.12766191366108448, 0.39078157039441397, 0.09221583483757614, 0.5804585264723687, -0.14881106749994655, 0.7709939923746356, -0.939948285763072, -0.6708550706552647, 0.058328280681002966, 0.46798163355810685, 0.721653406363707, 0.9020723781249496, -0.5430161549618217, 0.5485681392320647, 0.6057498866988427, 0.541368256694942, 0.41136079488478594, -0.34198365194725916, -0.19168248761309803, -0.31557102117207125, 1.0, 0.22816866190587848, -0.27336479583599105, -0.9804002621778669, 0.9235129509760085, 0.5266724567908692, -0.15402818360692971, -0.0855245332879, -0.21010278168434326, -0.7395509072087749, 0.014880628586854794, -0.1604809990420626, -0.8921782347678866, 0.826113157507603, 0.08095990234796857, -0.5455224533672067, 0.6868525032963306, 0.8745320110910182, 0.5046528698420862, 0.027242193928435077, -0.818633126908969, 0.8216705263932795, -0.007279840356593681, -0.6539355162482168, -0.1521100564427793, -0.9809783509024592, 0.2814390974153614, -0.8060141993284187, -0.27066791469754137, -0.17042579939193195, 0.5776256143081038, -0.7096833551869448, -0.5161481433405453, 0.11730823566380488, -0.46327992475084945, 0.5054597903085629, 0.5864594713060003, -0.766148045307777, -0.2036429805153787, -0.4350972404029234, 0.802490846862399, -0.23968730825712425, 0.42521316351031824, 0.285277444716627, 0.5225060211853718, -0.46877233474270996, 0.6560079665961378, 0.7300798465407026, -0.5895743018343997, -0.5516294819109027, 0.9800604486592392, 0.13919676969169936, 0.9099296373197137, -0.48554427382657606]
1019.999267578125	(8, 12, 2)	[-0.17589169888495793, 0.3484893374159328, -0.9347420352788439, 0.22821871804555727, 0.7160555605791707, -0.202199964767255, -0.21607786479220747, 0.2516602529479707, -0.8267231625529863, 0.9522051990212043, -0.9008632155632561, 0.7814351829266876, 0.6859146458229355, 0.41515808207099547, 0.08645932137307066, -0.2538984676689282, 0.25818789535436304, 0.7961691797859596, -0.6455796422973022, 0.48848519393468126, -0.6863645514510048, -0.6663647669244526, 0.42871862161205987, -0.0715235222946548, -0.7927524706593301, -0.5762580529117438, -0.07472512378126295, -0.013917483749333215, -0.6161655619581894, -0.8394220272357136, -0.5179145126394913, -1.0, 0.28882751004836593, -0.75170381756379, 0.2304618865806186, -0.5992727962448421, 0.7708338066443334, -0.3576467000689304, 0.9583772008244205, 0.09569137103471514, -0.6555141310560502, 0.0696897517251831, -0.7655239315928639, 0.4470246066531902, -0.012555541651440905, 0.2214214477186085, -0.4996877820005883, 0.39078157039441397, 0.09221583483757614, 0.5804585264723687, -0.14881106749994655, 0.7709939923746356, -0.9229720889240494, -0.6708550706552647, 0.4384946621100996, 0.37152103168317524, -0.7941826850885652, 0.1840236025178188, -0.5430161549618217, 0.5485681392320647, 0.6057498866988427, 0.4478213568040734, 0.41136079488478594, -0.16938152876549667, -0.11648964820966065, -0.31557102117207125, 1.0, 0.22816866190587848, -0.574236692259755, -0.9804002621778669, 0.9235129509760085, -0.29823437840001077, -0.5383528421450093, -0.028160905738383465, 0.2557897095306969, -0.6435126567120744, 0.014880628586854794, -0.1604809990420626, -1.0, 0.7967143292397316, 0.08095990234796857, -0.5455224533672067, -0.38532517813448725, 0.7614071907314016, 0.5046528698420862, 0.027242193928435077, -0.7793493028765383, 0.7563847492425186, -0.007279840356593681, -0.6539355162482168, -0.1521100564427793, -0.9525099855296402, 0.2814390974153614, -0.8060141993284187, -0.28264135782944244, 0.6390571228008401, -0.3250975886148091, -0.9172296034581795, -0.5161481433405453, 0.11730823566380488, -0.43921957984150284, 0.5054597903085629, 0.590805045288977, 0.4868689382525568, -0.9326649410906647, -0.5671538253397856, 0.802490846862399, -0.02293608150115895, 0.42521316351031824, 0.33761899785913496, 0.7877363826705819, -0.46877233474270996, -0.1920633728109699, 0.8627815814881623, -0.5895743018343997, -0.4421081865648807, 0.9800604486592392, 0.09401470768756309, 0.007351327491300408, -0.4591101605614223]
1019.9998779296875	(8, 12, 2)	[-0.17589169888495793, 0.3484893374159328, -0.3222521285366906, 0.15042026411885231, 0.7945423045837028, -0.202199964767255, -0.24131423925154594, 0.2516602529479707, -0.4416773546424999, 0.9478876206085586, -0.9008632155632561, 0.950875250143723, 0.8434526637535154, 0.48256048088144765, 0.08645932137307066, -0.31702121424924257, 0.037385891398795, 0.7558360057794087, -0.6455796422973022, 0.5239458128443077, -0.6863645514510048, 0.6159067737030222, 0.42871862161205987, 0.6454412725279083, -0.6500202359572852, -0.5762580529117438, 0.007450202796811259, -0.06716803253673764, -0.7513126881633818, -0.8394220272357136, -0.5179145126394913, -0.9959948997381978, -0.9782934592806878, -0.75170381756379, 0.2645571454817745, -0.5992727962448421, 0.6563034989475464, 0.6416414542722259, 1.0, 0.09569137103471514, -0.6555141310560502, 0.0696897517251831, -0.7655239315928639, 0.4470246066531902, -0.012555541651440905, 0.22838730570252608, 0.12766191366108448, 0.39078157039441397, -0.008433454264289472, 0.5804585264723687, -0.14881106749994655, 0.7709939923746356, -0.9229720889240494, -0.6708550706552647, 0.049642813010325026, 0.4847178446624998, -0.7941826850885652, 0.1840236025178188, -0.5430161549618217, 0.5485681392320647, 0.6057498866988427, 0.541368256694942, 0.41136079488478594, -0.16938152876549667, -0.10636810911037113, -0.3207129001121498, 1.0, 0.22816866190587848, -0.7979515482788454, -0.9804002621778669, 0.9235129509760085, -0.29823437840001077, -0.5383528421450093, -0.028160905738383465, -0.21010278168434326, -0.7395509072087749, 0.6141461279895382, -0.1604809990420626, -0.9674627582888166, 0.826113157507603, -0.08070056130586203, -0.5455224533672067, 0.6868525032963306, 0.7614071907314016, 0.40177448882642236, 0.027242193928435077, 0.6848429100516167, 0.7563847492425186, -0.007279840356593681, -0.5223002269794625, -0.1415504245637306, -0.9525099855296402, 0.2814390974153614, 0.6171281581270207, -0.28264135782944244, -0.1625013894860765, -0.3250975886148091, -0.7096833551869448, -0.5161481433405453, 0.19218189368661315, -0.46327992475084945, 0.5054597903085629, 0.25466269539405456, 0.4868689382525568, -0.9326649410906647, -0.4350972404029234, 0.8727401283901156, -0.01890977276224387, 0.42521316351031824, 0.285277444716627, 0.5225060211853718, -0.46877233474270996, -0.01188925298460286, 0.8627815814881623, -0.8135006212202223, -0.45820770584958415, 0.1047720103713572, 0.13919676969169936, -0.0930921595689589, -0.48554427382657606]
1019.9991455078125	(8, 12, 2)	[-0.14564948674626546, 0.3484893374159328, -0.3222521285366906, 0.22821871804555727, 0.7945423045837028, -0.202199964767255, -0.21607786479220747, 0.2516602529479707, -0.2724298055331403, 0.9478876206085586, -0.9008632155632561, 0.950875250143723, 0.8434526637535154, 0.48256048088144765, 0.08645932137307066, -0.2538984676689282, 0.037385891398795, 0.7558360057794087, -0.6455796422973022, 0.5239458128443077, -0.6863645514510048, 0.5854102278462707, 0.42871862161205987, -0.021951561591128575, -0.6500202359572852, -0.5762580529117438, 0.007450202796811259, -0.06716803253673764, -0.7513126881633818, -0.8349115346212708, -0.5179145126394913, -1.0, -0.9782934592806878, -0.75170381756379, 0.2645571454817745, -0.5992727962448421, 0.6563034989475464, 0.6416414542722259, 1.0, 0.09569137103471514, -0.6555141310560502, 0.0696897517251831, -0.7655239315928639, 0.4470246066531902, -0.012555541651440905, 0.22838730570252608, 0.12766191366108448, 0.39078157039441397, -0.062107905508234994, 0.5804585264723687, -0.14881106749994655, 0.7709939923746356, -0.9229720889240494, -0.6708550706552647, 0.058328280681002966, 0.46798163355810685, -0.7941826850885652, 0.1840236025178188, -0.5552147428235638, 0.5485681392320647, 0.6057498866988427, 0.541368256694942, 0.41136079488478594, -0.0862628418926182, -0.19168248761309803, -0.3207129001121498, 0.9876344980962779, 0.22816866190587848, -0.574236692259755, -0.9804002621778669, 0.9235129509760085, -0.29823437840001077, -0.15402818360692971, -0.028160905738383465, -0.21010278168434326, -0.7395509072087749, 0.6141461279895382, -0.1604809990420626, -0.8921782347678866, 0.826113157507603, 0.08095990234796857, -0.5455224533672067, 0.6868525032963306, 0.8745320110910182, 0.40177448882642236, 0.027242193928435077, 0.6848429100516167, 0.7563847492425186, -0.007279840356593681, -0.5223002269794625, -0.1415504245637306, -0.9525099855296402, 0.2814390974153614, 0.6171281581270207, -0.28264135782944244, -0.1625013894860765, -0.3250975886148091, -0.7096833551869448, -0.5161481433405453, 0.11730823566380488, -0.46327992475084945, 0.5054597903085629, 0.25466269539405456, -0.7386668338310081, -1.0, -0.4350972404029234, 0.8727401283901156, -0.23968730825712425, 0.42521316351031824, 0.285277444716627, 0.5119498894416467, -0.46877233474270996, -0.01188925298460286, 0.8627815814881623, -0.8135006212202223, -0.45820770584958415, 0.1047720103713572, 0.13919676969169936, -0.0930921595689589, -0.4591101605614223]
1019.9998779296875	(8, 12, 2)	[-0.14564948674626546, 0.3484893374159328, -0.3222521285366906, 0.22821871804555727, 0.7945423045837028, -0.202199964767255, -0.21607786479220747, 0.2516602529479707, -0.2724298055331403, 0.9478876206085586, -0.9008632155632561, 0.950875250143723, 0.8434526637535154, 0.48256048088144765, 0.08645932137307066, -0.2538984676689282, 0.037385891398795, 0.7558360057794087, -0.6455796422973022, 0.5239458128443077, -0.6863645514510048, 0.5854102278462707, 0.42871862161205987, -0.021951561591128575, -0.6500202359572852, -0.5762580529117438, 0.007450202796811259, -0.06716803253673764, -0.7513126881633818, -0.8349115346212708, -0.5179145126394913, -1.0, -0.9782934592806878, -0.75170381756379, 0.2645571454817745, -0.5992727962448421, 0.6563034989475464, 0.6416414542722259, 1.0, 0.09569137103471514, -0.6555141310560502, 0.0696897517251831, -0.7655239315928639, 0.4470246066531902, -0.012555541651440905, 0.22838730570252608, 0.12766191366108448, 0.39078157039441397, -0.062107905508234994, 0.5804585264723687, -0.14881106749994655, 0.7709939923746356, -0.9229720889240494, -0.6708550706552647, 0.058328280681002966, 0.46798163355810685, -0.7941826850885652, 0.1840236025178188, -0.5552147428235638, 0.5485681392320647, 0.6057498866988427, 0.541368256694942, 0.41136079488478594, -0.0862628418926182, -0.19168248761309803, -0.3207129001121498, 0.9876344980962779, 0.22816866190587848, -0.574236692259755, -0.9804002621778669, 0.9235129509760085, -0.29823437840001077, -0.15402818360692971, -0.028160905738383465, -0.21010278168434326, -0.7395509072087749, 0.6141461279895382, -0.1604809990420626, -0.8921782347678866, 0.826113157507603, 0.08095990234796857, -0.5455224533672067, 0.6868525032963306, 0.8745320110910182, 0.40177448882642236, 0.027242193928435077, 0.6848429100516167, 0.7563847492425186, -0.007279840356593681, -0.5223002269794625, -0.1415504245637306, -0.9525099855296402, 0.2814390974153614, 0.6171281581270207, -0.28264135782944244, -0.1625013894860765, -0.3250975886148091, -0.7096833551869448, -0.5161481433405453, 0.11730823566380488, -0.46327992475084945, 0.5054597903085629, 0.25466269539405456, -0.7386668338310081, -1.0, -0.4350972404029234, 0.8727401283901156, -0.23968730825712425, 0.42521316351031824, 0.285277444716627, 0.5119498894416467, -0.46877233474270996, -0.01188925298460286, 0.8627815814881623, -0.8135006212202223, -0.45820770584958415, 0.1047720103713572, 0.13919676969169936, -0.0930921595689589, -0.4591101605614223]
1019.9998168945312	(8, 12, 2)	[-0.11923204956629532, 0.3484893374159328, -0.8653351395080061, 0.22821871804555727, 0.7160555605791707, 0.40787913941413523, -0.21607786479220747, 0.2516602529479707, -0.8267231625529863, 0.9522051990212043, -0.9008632155632561, 0.8394179805332781, 0.8434526637535154, 0.41515808207099547, 0.06435521638832747, -0.31702121424924257, 0.37413457008701634, 0.7961691797859596, -0.6455796422973022, 0.5239458128443077, -0.6863645514510048, 0.6439097098894068, 0.5702066827466818, -0.025977238614452697, -0.7927524706593301, -0.5762580529117438, -0.07472512378126295, -0.013917483749333215, -0.6161655619581894, -0.8394220272357136, -0.5179145126394913, -0.9959948997381978, -0.9302745315956485, -0.9780110023120807, 0.19930031895328781, -0.8475904895678462, 0.6563034989475464, -0.30352610606116004, 0.9583772008244205, 0.09569137103471514, -0.6555141310560502, 0.0696897517251831, -0.7655239315928639, 0.4470246066531902, -0.012555541651440905, 0.22838730570252608, -0.4996877820005883, 0.39078157039441397, -0.062107905508234994, 0.5804585264723687, -0.14881106749994655, 0.7709939923746356, -1.0, -0.7974581413669611, 0.058328280681002966, 0.46798163355810685, -0.7941826850885652, 0.1840236025178188, -0.5588238302942534, 0.5485681392320647, 0.6057498866988427, 0.541368256694942, 0.41136079488478594, -0.17628592299744295, -0.19168248761309803, -0.3684735884152319, 0.9876344980962779, 0.22816866190587848, -0.574236692259755, -0.9804002621778669, 0.9235129509760085, -0.29823437840001077, -0.15402818360692971, -0.034032970727691236, -0.21010278168434326, -0.6435126567120744, 0.8124458017453358, -0.1604809990420626, -0.8921782347678866, 0.826113157507603, -0.10176527752475265, -0.5455224533672067, -0.38532517813448725, 0.8745320110910182, 0.5046528698420862, 0.027242193928435077, -0.818633126908969, 0.8751310932474917, 0.046815188358507204, -0.5223002269794625, -0.1415504245637306, -0.9525099855296402, 0.2814390974153614, 0.6171281581270207, -0.1007956281214886, 0.6390571228008401, 0.5776256143081038, -0.7096833551869448, -0.5161481433405453, 0.11730823566380488, -0.7083133394254768, 0.5160120084036726, 0.5847261211439757, -0.7386668338310081, -0.7769700256277192, -0.4350972404029234, 0.1212159818579559, -0.23968730825712425, 0.42521316351031824, 0.35152060137035784, 0.5225060211853718, -0.46877233474270996, 0.6560079665961378, 0.8627815814881623, -0.8205464580995526, -0.45820770584958415, -0.5489419202735428, 0.13919676969169936, 0.10684782247338287, -0.48554427382657606]
1019.999755859375	(8, 12, 2)	[-0.14564948674626546, -0.0899750643404483, -0.3222521285366906, 0.22821871804555727, 0.7160555605791707, -0.202199964767255, -0.19848036441547068, 0.2516602529479707, -0.4416773546424999, 0.9478876206085586, -0.9008632155632561, 0.950875250143723, 0.8434526637535154, 0.48256048088144765, 0.08645932137307066, -0.31702121424924257, 0.037385891398795, 0.7558360057794087, -0.6455796422973022, 0.5239458128443077, -0.6863645514510048, 0.5478147362467666, 0.42871862161205987, -0.0715235222946548, -0.6637251809970284, -0.5762580529117438, 0.007450202796811259, -0.06716803253673764, -0.7513126881633818, -0.8394220272357136, -0.5203346092189142, -0.9959948997381978, -0.9302745315956485, -0.75170381756379, 0.19930031895328781, -0.5992727962448421, 0.6563034989475464, -0.30352610606116004, 0.9583772008244205, -0.6135323942348565, -0.6555141310560502, 0.0696897517251831, -0.7655239315928639, 0.4470246066531902, -0.012555541651440905, 0.10842617898816553, 0.12766191366108448, 0.39078157039441397, -0.008433454264289472, 0.5804585264723687, -0.14881106749994655, 0.7709939923746356, -0.9229720889240494, -0.6708550706552647, 0.049642813010325026, 0.48496008372050436, -0.7941826850885652, 0.1840236025178188, -0.5552147428235638, 0.6269873960372843, 0.6057498866988427, 0.541368256694942, 0.41136079488478594, -0.0862628418926182, -0.19168248761309803, -0.31557102117207125, 0.9876344980962779, 0.22816866190587848, -0.7355156242507175, -0.9804002621778669, 0.9235129509760085, -0.29823437840001077, -0.15402818360692971, -0.034032970727691236, -0.21010278168434326, -0.7395509072087749, -0.16717017187228667, -0.1604809990420626, -1.0, 0.826113157507603, 0.08095990234796857, -0.5455224533672067, 0.6868525032963306, 0.8745320110910182, 0.5046528698420862, 0.027242193928435077, 0.6848429100516167, 0.7819622826905014, -0.007279840356593681, -0.6539355162482168, -0.1521100564427793, -0.9525099855296402, 0.2814390974153614, -0.8060141993284187, -0.28665001697083775, -0.1625013894860765, 0.5776256143081038, -0.9172296034581795, -0.5161481433405453, 0.11730823566380488, -0.43921957984150284, 0.5054597903085629, 0.5864594713060003, 0.4868689382525568, -0.9326649410906647, -0.4350972404029234, 0.8727401283901156, -0.23968730825712425, 0.42521316351031824, 0.35152060137035784, 0.5225060211853718, -0.46877233474270996, 0.5815991121717285, 0.8627815814881623, -0.8135006212202223, -0.3969605868395516, 0.1047720103713572, 0.13919676969169936, 0.007351327491300408, -0.48261645014764776]
1019.9993286132812	(8, 12, 2)	[-0.14564948674626546, -0.0899750643404483, -0.3222521285366906, 0.22821871804555727, 0.7160555605791707, -0.202199964767255, -0.19848036441547068, 0.2516602529479707, -0.4416773546424999, 0.9478876206085586, -0.9008632155632561, 0.950875250143723, 0.8434526637535154, 0.48256048088144765, 0.08645932137307066, -0.31702121424924257, 0.037385891398795, 0.7558360057794087, -0.6455796422973022, 0.5239458128443077, -0.6863645514510048, 0.5478147362467666, 0.42871862161205987, -0.0715235222946548, -0.6637251809970284, -0.5762580529117438, 0.007450202796811259, -0.06716803253673764, -0.7513126881633818, -0.8394220272357136, -0.5203346092189142, -0.9959948997381978, -0.9302745315956485, -0.75170381756379, 0.19930031895328781, -0.5992727962448421, 0.6563034989475464, -0.30352610606116004, 0.9583772008244205, -0.6135323942348565, -0.6555141310560502, 0.0696897517251831, -0.7655239315928639, 0.4470246066531902, -0.012555541651440905, 0.10842617898816553, 0.12766191366108448, 0.39078157039441397, -0.008433454264289472, 0.5804585264723687, -0.14881106749994655, 0.7709939923746356, -0.9229720889240494, -0.6708550706552647, 0.049642813010325026, 0.48496008372050436, -0.7941826850885652, 0.1840236025178188, -0.5552147428235638, 0.6269873960372843, 0.6057498866988427, 0.541368256694942, 0.41136079488478594, -0.0862628418926182, -0.19168248761309803, -0.31557102117207125, 0.9876344980962779, 0.22816866190587848, -0.7355156242507175, -0.9804002621778669, 0.9235129509760085, -0.29823437840001077, -0.15402818360692971, -0.034032970727691236, -0.21010278168434326, -0.7395509072087749, -0.16717017187228667, -0.1604809990420626, -1.0, 0.826113157507603, 0.08095990234796857, -0.5455224533672067, 0.6868525032963306, 0.8745320110910182, 0.5046528698420862, 0.027242193928435077, 0.6848429100516167, 0.7819622826905014, -0.007279840356593681, -0.6539355162482168, -0.1521100564427793, -0.9525099855296402, 0.2814390974153614, -0.8060141993284187, -0.28665001697083775, -0.1625013894860765, 0.5776256143081038, -0.9172296034581795, -0.5161481433405453, 0.11730823566380488, -0.43921957984150284, 0.5054597903085629, 0.5864594713060003, 0.4868689382525568, -0.9326649410906647, -0.4350972404029234, 0.8727401283901156, -0.23968730825712425, 0.42521316351031824, 0.35152060137035784, 0.5225060211853718, -0.46877233474270996, 0.5815991121717285, 0.8627815814881623, -0.8135006212202223, -0.3969605868395516, 0.1047720103713572, 0.13919676969169936, 0.007351327491300408, -0.48261645014764776]
1019.9998779296875	(8, 12, 2)	[-0.17589169888495793, -0.08729611679326668, -0.8025689179938603, 0.22821871804555727, 0.7160555605791707, -0.202199964767255, -0.16133990884383842, 0.2516602529479707, -0.8267231625529863, 0.9797441674414085, -0.9008632155632561, 0.8394179805332781, 0.8434526637535154, 0.41515808207099547, 0.08645932137307066, -0.2538984676689282, 0.25818789535436304, 0.7558360057794087, -0.7419216063920363, 0.750039794609211, -0.6863645514510048, -0.6663647669244526, 0.42871862161205987, -0.025977238614452697, -0.6500202359572852, -0.5016595629732309, -0.07472512378126295, -0.013917483749333215, -0.6161655619581894, -0.8349115346212708, -0.5179145126394913, -1.0, -0.9782934592806878, -0.4542990310918113, 0.2645571454817745, -0.8475904895678462, 0.5745527545196103, -0.30352610606116004, 1.0, -0.6135323942348565, -0.6555141310560502, 0.0696897517251831, -0.7655239315928639, 0.4470246066531902, -0.012555541651440905, 0.10842617898816553, 0.12766191366108448, 0.39078157039441397, -0.12591037539807626, 0.5804585264723687, -0.14881106749994655, 0.7709939923746356, -0.9229720889240494, -0.6708550706552647, 0.4384946621100996, 0.46798163355810685, -0.7941826850885652, 0.1840236025178188, -0.6933799029784832, 0.5485681392320647, 0.6057498866988427, 0.541368256694942, 0.41136079488478594, 0.10977540907425391, -0.18369349897411524, -0.3207129001121498, 1.0, 0.11151040283292835, -0.574236692259755, -0.9804002621778669, 0.9235129509760085, -0.19363069779783282, -0.15402818360692971, -0.0855245332879, -0.21010278168434326, -0.7395509072087749, 0.014880628586854794, -0.1604809990420626, -0.8921782347678866, 0.826113157507603, 0.08095990234796857, -0.5455224533672067, 0.6868525032963306, 0.6971301467915131, 0.3777123951111281, 0.027242193928435077, 0.6848429100516167, 0.8216705263932795, -0.007279840356593681, -0.6539355162482168, -0.1521100564427793, -1.0, 0.2814390974153614, -0.8060141993284187, -0.28264135782944244, -0.1625013894860765, -0.3250975886148091, -0.9172296034581795, -0.5161481433405453, 0.19198455502232398, -0.46327992475084945, 0.5054597903085629, 0.25466269539405456, -0.7217272425616497, -1.0, -0.4350972404029234, 0.1212159818579559, -0.02293608150115895, 0.42521316351031824, 0.285277444716627, 0.5225060211853718, -0.46877233474270996, 0.6560079665961378, 0.8627815814881623, -0.5895743018343997, -0.45820770584958415, 0.1047720103713572, 0.13919676969169936, 0.007351327491300408, -0.4591101605614223]
1019.9998168945312	(8, 12, 2)	[-0.14564948674626546, -0.08729611679326668, -0.3222521285366906, 0.22821871804555727, 0.7160555605791707, 0.309088330901338, -0.21607786479220747, 0.2516602529479707, -0.8267231625529863, 0.9522051990212043, -0.9008632155632561, 0.950875250143723, 0.8434526637535154, 0.41515808207099547, 0.08645932137307066, -0.31702121424924257, 0.037385891398795, 0.7961691797859596, -0.6455796422973022, 0.5239458128443077, -0.6863645514510048, 0.6159067737030222, 0.42871862161205987, -0.025977238614452697, -0.6500202359572852, -0.5016595629732309, -0.07472512378126295, -0.06716803253673764, -0.7513126881633818, -0.8349115346212708, -0.5203346092189142, -1.0, -0.9302745315956485, -0.75170381756379, 0.19930031895328781, -0.5992727962448421, 0.5745527545196103, 0.6416414542722259, 0.9583772008244205, 0.09569137103471514, -0.6555141310560502, 0.04431903449927109, -0.7655239315928639, 0.521435838230045, -0.012555541651440905, 0.10842617898816553, 0.12766191366108448, 0.39078157039441397, 0.09221583483757614, 0.5804585264723687, -0.14881106749994655, 0.7709939923746356, -0.9229720889240494, -0.6708550706552647, 0.049642813010325026, 0.46798163355810685, -0.7941826850885652, 0.07186662785188591, -0.6933799029784832, 0.6269873960372843, 0.6057498866988427, 0.541368256694942, 0.41136079488478594, -0.34198365194725916, -0.18369349897411524, -0.3684735884152319, 1.0, 0.22816866190587848, -0.7355156242507175, -0.9804002621778669, 0.9235129509760085, -0.29823437840001077, -0.5031423438143874, -0.028160905738383465, -0.21010278168434326, -0.6435126567120744, -0.16717017187228667, -0.1604809990420626, -0.8921782347678866, 0.826113157507603, -0.08070056130586203, -0.47213644170507263, 0.6868525032963306, 0.8745320110910182, 0.5046528698420862, 0.027242193928435077, 0.6848429100516167, 0.7819622826905014, -0.007279840356593681, -0.5223002269794625, -0.2454168507711209, -0.9525099855296402, 0.2814390974153614, -0.8060141993284187, -0.28264135782944244, -0.1625013894860765, 0.5776256143081038, -0.9172296034581795, -0.5161481433405453, 0.10618082549404115, -0.43921957984150284, 0.5054597903085629, 0.5847261211439757, -0.7900931088407069, -0.2036429805153787, -0.4350972404029234, 0.802490846862399, -0.02293608150115895, 0.42521316351031824, 0.35152060137035784, 0.5225060211853718, -0.49575907933163327, 0.6560079665961378, 0.8627815814881623, -0.5895743018343997, -0.45820770584958415, 0.1047720103713572, 0.039636513594139555, 0.007351327491300408, -0.4591101605614223]
1019.999267578125	(8, 12, 2)	[-0.14564948674626546, -0.0899750643404483, -0.3222521285366906, 0.261342057222226, 0.7160555605791707, -0.202199964767255, -0.19848036441547068, 0.2516602529479707, -0.4416773546424999, 0.9797441674414085, -0.9008632155632561, 0.950875250143723, 0.8434526637535154, 0.41515808207099547, 0.08645932137307066, -0.31702121424924257, 0.037385891398795, 0.7961691797859596, -0.6455796422973022, 0.5239458128443077, -0.6987333670747368, 0.6159067737030222, 0.42871862161205987, -0.0715235222946548, -0.6500202359572852, -0.5016595629732309, -0.07472512378126295, -0.06716803253673764, -0.7513126881633818, -0.21552035070785544, -0.5179145126394913, -0.9959948997381978, -0.9782934592806878, -1.0, 0.2645571454817745, -0.8475904895678462, -0.8418223735094015, 0.6291691795270083, 0.9583772008244205, -0.6135323942348565, -0.6555141310560502, 0.0696897517251831, -0.7655239315928639, 0.4470246066531902, -0.012555541651440905, 0.22838730570252608, 0.12766191366108448, 0.39078157039441397, -0.062107905508234994, 0.5804585264723687, -0.14881106749994655, 0.7709939923746356, -0.9229720889240494, -0.6708550706552647, 0.058328280681002966, 0.46798163355810685, -0.7941826850885652, 0.1840236025178188, -0.5430161549618217, 0.46171325599097895, 0.6459842793395184, 0.541368256694942, 0.41136079488478594, -0.34198365194725916, -0.18369349897411524, -0.3684735884152319, 1.0, 0.22816866190587848, -0.7979515482788454, -0.9804002621778669, 0.9235129509760085, -0.29823437840001077, -0.15402818360692971, -0.028160905738383465, -0.21010278168434326, -0.6435126567120744, 0.8124458017453358, -0.1604809990420626, -1.0, 0.826113157507603, 0.08095990234796857, -0.5455224533672067, 0.6868525032963306, 0.8745320110910182, 0.5046528698420862, 0.027242193928435077, 0.6848429100516167, 0.7563847492425186, -0.007279840356593681, -0.5223002269794625, -0.1415504245637306, -1.0, 0.2814390974153614, -0.8060141993284187, -0.1007956281214886, 0.6390571228008401, 0.5776256143081038, -0.7096833551869448, -0.5161481433405453, 0.11730823566380488, -0.46327992475084945, 0.5054597903085629, 0.25466269539405456, -0.7386668338310081, -0.2036429805153787, -0.36074238029833505, 0.802490846862399, -0.23968730825712425, 0.42521316351031824, 0.285277444716627, 0.5225060211853718, -0.46877233474270996, -0.1920633728109699, 0.8627815814881623, -0.8135006212202223, -0.45820770584958415, 0.1047720103713572, 0.13919676969169936, 0.007351327491300408, -0.48554427382657606]
1019.9996337890625	(8, 12, 2)	[-0.14564948674626546, -0.0899750643404483, -0.3222521285366906, 0.22821871804555727, 0.7945423045837028, -0.202199964767255, -0.24131423925154594, 0.2516602529479707, -0.8267231625529863, 0.9522051990212043, -0.9008632155632561, 0.950875250143723, 0.8434526637535154, 0.41515808207099547, 0.08645932137307066, -0.2538984676689282, 0.037385891398795, 0.7961691797859596, -0.5524528801012543, 0.5239458128443077, -0.6863645514510048, 0.6439097098894068, 0.42871862161205987, -0.0715235222946548, -0.6500202359572852, -0.5597976960573915, -0.07472512378126295, -0.06716803253673764, -0.607276599429796, -0.8349115346212708, -0.5179145126394913, -0.9959948997381978, -0.9302745315956485, -0.75170381756379, 0.2304618865806186, -0.7790201969554338, 0.5745527545196103, -0.30352610606116004, 1.0, -0.6135323942348565, -0.6555141310560502, 0.14956127527016655, -0.7655239315928639, 0.4470246066531902, -0.012555541651440905, 0.22838730570252608, 0.12766191366108448, 0.39078157039441397, -0.008433454264289472, 0.5804585264723687, -0.14881106749994655, 0.7709939923746356, -0.9229720889240494, -0.6708550706552647, 0.049642813010325026, 0.37152103168317524, -0.7941826850885652, 0.1840236025178188, -0.6933799029784832, 0.5485681392320647, 0.6057498866988427, 0.541368256694942, 0.41136079488478594, -0.0862628418926182, -0.04116611296286413, -0.31557102117207125, 1.0, 0.22816866190587848, -0.7979515482788454, -0.9804002621778669, 0.9235129509760085, -0.29823437840001077, -0.5031423438143874, -0.034032970727691236, -0.21010278168434326, -0.7395509072087749, 0.6141461279895382, -0.1604809990420626, -0.8921782347678866, 0.826113157507603, 0.08095990234796857, -0.5455224533672067, 0.6868525032963306, 0.8745320110910182, 0.5046528698420862, -0.16088421369529662, 0.6848429100516167, 0.8216705263932795, -0.007279840356593681, -0.6539355162482168, -0.2454168507711209, -0.9525099855296402, 0.2814390974153614, 0.6171281581270207, -0.28264135782944244, -0.04659826430925686, 0.5776256143081038, 0.5443720181928631, -0.5161481433405453, -0.041385461162560394, -0.7083133394254768, 0.5054597903085629, 0.5864594713060003, -0.7386668338310081, -1.0, -0.5671538253397856, 0.8727401283901156, -0.02293608150115895, 0.42521316351031824, 0.285277444716627, 0.5225060211853718, -0.46877233474270996, -0.01188925298460286, 0.8627815814881623, -0.8135006212202223, -0.45820770584958415, 0.9800604486592392, 0.13919676969169936, 0.2553191422576371, -0.4591101605614223]
1019.9996337890625	(8, 12, 2)	[-0.14769828782284725, -0.08729611679326668, -0.8653351395080061, 0.30694136765994906, 0.7945423045837028, 0.38543499988251373, -0.19848036441547068, 0.2516602529479707, -0.8255491665315939, 0.9522051990212043, -0.9008632155632561, 0.950875250143723, 0.9944785894083449, 0.48256048088144765, 0.08645932137307066, -0.10598017119584474, 0.037385891398795, 0.7961691797859596, -0.6455796422973022, 0.750039794609211, -0.6987333670747368, 0.5854102278462707, 0.42871862161205987, -0.0715235222946548, -0.7927524706593301, -0.6583476230433177, -0.07472512378126295, -0.06716803253673764, -0.7513126881633818, -0.8349115346212708, -0.5179145126394913, -0.9959948997381978, 0.28882751004836593, -0.75170381756379, 0.4055054478591198, -0.7790201969554338, -0.8418223735094015, -0.3576467000689304, 1.0, 0.09569137103471514, -0.6555141310560502, 0.0696897517251831, -0.7655239315928639, 0.4470246066531902, -0.012555541651440905, 0.22838730570252608, -0.5619280929865509, 0.39078157039441397, -0.008433454264289472, 0.5804585264723687, -0.14881106749994655, 0.7709939923746356, -0.9229720889240494, -0.6708550706552647, 0.058328280681002966, 0.46798163355810685, -0.7941826850885652, 0.1840236025178188, -0.5430161549618217, 0.5485681392320647, 0.6057498866988427, 0.541368256694942, 0.41136079488478594, -0.34198365194725916, -0.19168248761309803, -0.31557102117207125, 1.0, 0.22816866190587848, -0.7979515482788454, -0.9804002621778669, 0.9235129509760085, -0.29823437840001077, -0.15402818360692971, -0.0855245332879, -0.21010278168434326, -0.6435126567120744, 0.014880628586854794, -0.1604809990420626, -1.0, 0.826113157507603, 0.08095990234796857, -0.5645818329509456, 0.6868525032963306, 0.6971301467915131, 0.464969443328507, 0.027242193928435077, 0.6848429100516167, 0.8216705263932795, -0.007279840356593681, -0.5223002269794625, -0.1415504245637306, -0.8066738784341978, 0.2814390974153614, -0.8060141993284187, -0.28264135782944244, -0.1625013894860765, -0.3250975886148091, -0.7096833551869448, -0.5161481433405453, 0.07345066930964197, -0.43921957984150284, 0.5054597903085629, 0.25466269539405456, 0.4868689382525568, -1.0, -0.4350972404029234, 0.1212159818579559, -0.02293608150115895, 0.42521316351031824, 0.285277444716627, 0.5225060211853718, 0.3706477596542186, -0.1920633728109699, 0.6762849486059472, -0.6086088068049873, -0.45820770584958415, -0.5489419202735428, 0.13919676969169936, 0.007351327491300408, -0.4591101605614223]
1019.999755859375	(8, 12, 2)	[-0.14564948674626546, 0.3484893374159328, -0.8653351395080061, 0.22821871804555727, 0.7160555605791707, 0.40787913941413523, -0.21607786479220747, 0.2516602529479707, -0.8267231625529863, 0.9522051990212043, -0.9008632155632561, 1.0, 0.9944785894083449, 0.41515808207099547, 0.08645932137307066, -0.2624268065099607, 0.037385891398795, 0.7558360057794087, -0.6455796422973022, 0.4922431904379089, -0.6987333670747368, -0.6236983608098793, 0.42871862161205987, -0.0715235222946548, -0.7276469853085054, -0.5762580529117438, -0.07472512378126295, -0.0752931375572802, -0.6161655619581894, -0.8394220272357136, -0.5179145126394913, -0.9959948997381978, -0.9782934592806878, -0.4542990310918113, 0.19930031895328781, -0.8475904895678462, 0.6563034989475464, 0.5948827394101059, 0.9583772008244205, -0.6135323942348565, -0.6555141310560502, 0.0696897517251831, -0.8719597802340688, 0.3631704544629178, -0.012555541651440905, 0.22838730570252608, 0.12766191366108448, 0.39078157039441397, -0.062107905508234994, 0.5804585264723687, -0.14881106749994655, 0.7709939923746356, -0.9229720889240494, -0.6708550706552647, 0.058328280681002966, 0.48496008372050436, -0.7941826850885652, 0.1840236025178188, -0.5430161549618217, 0.5485681392320647, 0.6057498866988427, 0.541368256694942, 0.41136079488478594, -0.17628592299744295, -0.19168248761309803, -0.3207129001121498, 0.9876344980962779, 0.11151040283292835, -0.7355156242507175, -0.9804002621778669, 0.9235129509760085, -0.29823437840001077, -0.5031423438143874, -0.0855245332879, -0.21010278168434326, -0.6435126567120744, 0.014880628586854794, -0.2635919115618642, -1.0, 0.826113157507603, 0.08095990234796857, -0.47213644170507263, 0.6868525032963306, 0.8745320110910182, 0.5046528698420862, 0.027242193928435077, 0.6848429100516167, 0.8216705263932795, -0.007279840356593681, -0.5223002269794625, -0.2508047064674194, -0.8372779782434128, 0.2814390974153614, -0.8060141993284187, -0.28264135782944244, -0.1625013894860765, 0.5776256143081038, -0.7096833551869448, -0.5161481433405453, 0.11730823566380488, -0.46327992475084945, 0.5054597903085629, 0.5847261211439757, 0.4868689382525568, -0.9326649410906647, -0.4350972404029234, 0.8727401283901156, -0.02293608150115895, 0.42521316351031824, 0.285277444716627, 0.5225060211853718, 0.3706477596542186, 0.6560079665961378, 0.7300798465407026, -0.7440923431790425, -0.45820770584958415, 0.1047720103713572, 0.13919676969169936, 0.9099296373197137, -0.4591101605614223]
1019.9994506835938	(8, 12, 2)	[-0.14564948674626546, -0.08729611679326668, -0.3222521285366906, 0.22821871804555727, 0.7160555605791707, 0.309088330901338, -0.21607786479220747, 0.2516602529479707, -0.7969234782210726, 0.9522051990212043, -1.0, 0.950875250143723, 0.9944785894083449, 0.41515808207099547, 0.08645932137307066, -0.31702121424924257, 0.037385891398795, 0.7961691797859596, -0.7268918157665512, 0.5239458128443077, -0.6863645514510048, -0.6236983608098793, 0.42871862161205987, -0.025977238614452697, -0.6500202359572852, -0.5762580529117438, -0.07472512378126295, -0.013917483749333215, -0.6161655619581894, -0.8349115346212708, -0.5179145126394913, -0.9959948997381978, -0.9782934592806878, -0.75170381756379, 0.2645571454817745, -0.8475904895678462, 0.5745527545196103, 0.5948827394101059, 1.0, 0.09569137103471514, -0.6555141310560502, 0.0696897517251831, -0.7655239315928639, 0.4470246066531902, -0.012555541651440905, 0.2214214477186085, 0.12766191366108448, 0.39078157039441397, -0.062107905508234994, 0.5804585264723687, -0.14881106749994655, 0.7709939923746356, -0.9229720889240494, -0.6708550706552647, 0.058328280681002966, 0.4847178446624998, -0.8031474917297148, 0.1840236025178188, -0.5430161549618217, 0.5485681392320647, 0.6057498866988427, 0.541368256694942, 0.41136079488478594, -0.0862628418926182, -0.19168248761309803, -0.3684735884152319, 0.9876344980962779, 0.11151040283292835, -0.574236692259755, -0.9804002621778669, 0.9235129509760085, -0.29823437840001077, -0.5031423438143874, -0.028160905738383465, -0.21010278168434326, -0.6435126567120744, -0.21798265656164767, -0.1604809990420626, -1.0, 0.8432325863415011, 0.08095990234796857, -0.5455224533672067, 0.7367632720786448, 0.8745320110910182, 0.40177448882642236, 0.027242193928435077, 0.6312443010691244, 0.9086912336888272, -0.007279840356593681, -0.5223002269794625, -0.1415504245637306, -0.8372779782434128, 0.2814390974153614, -0.8060141993284187, -0.28264135782944244, -0.1625013894860765, 0.5776256143081038, -0.71484023213521, -0.5161481433405453, -0.041385461162560394, -0.46327992475084945, 0.5054597903085629, 0.25466269539405456, -0.6478615051697237, -1.0, -0.4350972404029234, 0.8727401283901156, -0.02293608150115895, 0.42521316351031824, 0.285277444716627, 0.5225060211853718, -0.3913474279475255, 0.5815991121717285, 0.7300798465407026, -0.5895743018343997, -0.3969605868395516, 0.1047720103713572, 0.13919676969169936, 0.9099296373197137, -0.48261645014764776]
1019.999755859375	(8, 12, 2)	[-0.08507835596383125, -0.08729611679326668, -0.3222521285366906, 0.22821871804555727, 0.7160555605791707, 0.40787913941413523, -0.21607786479220747, 0.2516602529479707, -0.8267231625529863, 0.9522051990212043, -0.9008632155632561, 0.950875250143723, 0.8434526637535154, 0.41515808207099547, 0.08645932137307066, -0.39674077325577034, 0.037385891398795, 0.7961691797859596, -0.5524528801012543, 0.5239458128443077, -0.6987333670747368, 0.6439097098894068, 0.42871862161205987, -0.025977238614452697, -0.6500202359572852, -0.5762580529117438, -0.07472512378126295, -0.013917483749333215, -0.6161655619581894, -0.8349115346212708, -0.5203346092189142, -0.9959948997381978, -0.9782934592806878, -0.75170381756379, 0.2645571454817745, -0.8475904895678462, 0.5745527545196103, -0.3576467000689304, 1.0, 0.09569137103471514, -0.6555141310560502, 0.0696897517251831, -0.7655239315928639, 0.4470246066531902, -0.012555541651440905, 0.2214214477186085, 0.021516571353593583, 0.39078157039441397, -0.062107905508234994, 0.5804585264723687, -0.14881106749994655, 0.7709939923746356, -0.9229720889240494, -0.6708550706552647, 0.058328280681002966, 0.48496008372050436, -0.7941826850885652, 0.1840236025178188, -0.5430161549618217, 0.5485681392320647, 0.6057498866988427, 0.541368256694942, 0.41136079488478594, -0.16938152876549667, -0.19168248761309803, -0.2242022005517298, 0.9876344980962779, 0.22816866190587848, -0.7355156242507175, -0.9804002621778669, 0.9235129509760085, -0.29823437840001077, -0.15402818360692971, -0.0855245332879, -0.21010278168434326, -0.6435126567120744, -0.16717017187228667, -0.1604809990420626, -0.7768498578729333, 0.826113157507603, 0.08095990234796857, -0.5455224533672067, 0.6868525032963306, 0.8745320110910182, 0.5046528698420862, 0.027242193928435077, 0.6312443010691244, 0.8216705263932795, -0.007279840356593681, -0.5223002269794625, -0.1415504245637306, -0.8372779782434128, 0.2814390974153614, -0.8060141993284187, -0.28264135782944244, 0.6390571228008401, 0.5776256143081038, -0.7096833551869448, -0.5161481433405453, -0.041385461162560394, -0.43921957984150284, 0.5054597903085629, 0.5864594713060003, -0.7386668338310081, -1.0, -0.4350972404029234, 0.8727401283901156, -0.23968730825712425, 0.42521316351031824, 0.285277444716627, 0.4731911305964909, -0.46877233474270996, -0.01188925298460286, 0.8627815814881623, -0.8135006212202223, -0.45820770584958415, 0.9800604486592392, 0.09401470768756309, 0.2553191422576371, -0.4591101605614223]
1020.0	(8, 12, 2)	[-0.08507835596383125, -0.08729611679326668, -0.3222521285366906, 0.22821871804555727, 0.7160555605791707, 0.40787913941413523, -0.21607786479220747, 0.2516602529479707, -0.8267231625529863, 0.9522051990212043, -0.9008632155632561, 0.950875250143723, 0.8434526637535154, 0.41515808207099547, 0.08645932137307066, -0.39674077325577034, 0.037385891398795, 0.7961691797859596, -0.5524528801012543, 0.5239458128443077, -0.6987333670747368, 0.6439097098894068, 0.42871862161205987, -0.025977238614452697, -0.6500202359572852, -0.5762580529117438, -0.07472512378126295, -0.013917483749333215, -0.6161655619581894, -0.8349115346212708, -0.5203346092189142, -0.9959948997381978, -0.9782934592806878, -0.75170381756379, 0.2645571454817745, -0.8475904895678462, 0.5745527545196103, -0.3576467000689304, 1.0, 0.09569137103471514, -0.6555141310560502, 0.0696897517251831, -0.7655239315928639, 0.4470246066531902, -0.012555541651440905, 0.2214214477186085, 0.021516571353593583, 0.39078157039441397, -0.062107905508234994, 0.5804585264723687, -0.14881106749994655, 0.7709939923746356, -0.9229720889240494, -0.6708550706552647, 0.058328280681002966, 0.48496008372050436, -0.7941826850885652, 0.1840236025178188, -0.5430161549618217, 0.5485681392320647, 0.6057498866988427, 0.541368256694942, 0.41136079488478594, -0.16938152876549667, -0.19168248761309803, -0.2242022005517298, 0.9876344980962779, 0.22816866190587848, -0.7355156242507175, -0.9804002621778669, 0.9235129509760085, -0.29823437840001077, -0.15402818360692971, -0.0855245332879, -0.21010278168434326, -0.6435126567120744, -0.16717017187228667, -0.1604809990420626, -0.7768498578729333, 0.826113157507603, 0.08095990234796857, -0.5455224533672067, 0.6868525032963306, 0.8745320110910182, 0.5046528698420862, 0.027242193928435077, 0.6312443010691244, 0.8216705263932795, -0.007279840356593681, -0.5223002269794625, -0.1415504245637306, -0.8372779782434128, 0.2814390974153614, -0.8060141993284187, -0.28264135782944244, 0.6390571228008401, 0.5776256143081038, -0.7096833551869448, -0.5161481433405453, -0.041385461162560394, -0.43921957984150284, 0.5054597903085629, 0.5864594713060003, -0.7386668338310081, -1.0, -0.4350972404029234, 0.8727401283901156, -0.23968730825712425, 0.42521316351031824, 0.285277444716627, 0.4731911305964909, -0.46877233474270996, -0.01188925298460286, 0.8627815814881623, -0.8135006212202223, -0.45820770584958415, 0.9800604486592392, 0.09401470768756309, 0.2553191422576371, -0.4591101605614223]
1019.9999389648438	(8, 12, 2)	[-0.08507835596383125, -0.0899750643404483, -0.8653351395080061, 0.22821871804555727, 0.7160555605791707, 0.309088330901338, -0.19848036441547068, 0.2516602529479707, -0.8267231625529863, 0.9522051990212043, -0.9008632155632561, 0.950875250143723, 0.9944785894083449, 0.41515808207099547, 0.08645932137307066, -0.16157692190321585, 0.037385891398795, 0.9344807045230354, -0.5524528801012543, 0.750039794609211, -0.6863645514510048, 0.6159067737030222, 0.42871862161205987, -0.025977238614452697, -0.6500202359572852, -0.5016595629732309, -0.07472512378126295, -0.013917483749333215, -0.6161655619581894, -0.7590675969522508, -0.5179145126394913, -0.9959948997381978, -0.9782934592806878, -0.75170381756379, 0.2645571454817745, -0.8475904895678462, 0.6563034989475464, -0.3576467000689304, 1.0, -0.6135323942348565, -0.6555141310560502, 0.0696897517251831, -0.7655239315928639, 0.4470246066531902, -0.012555541651440905, 0.22838730570252608, 0.12766191366108448, 0.39078157039441397, -0.008433454264289472, 0.5804585264723687, -0.14881106749994655, 0.7709939923746356, -0.9229720889240494, -0.6708550706552647, 0.058328280681002966, 0.46798163355810685, -0.7941826850885652, 0.1840236025178188, -0.5430161549618217, 0.5485681392320647, 0.6057498866988427, 0.541368256694942, 0.41136079488478594, -0.26237854028923774, -0.19168248761309803, -0.2242022005517298, 0.9876344980962779, 0.11151040283292835, -0.7355156242507175, -0.9804002621778669, 0.9235129509760085, -0.29823437840001077, -0.5031423438143874, -0.028160905738383465, -0.21010278168434326, -0.6435126567120744, 0.014880628586854794, -0.1604809990420626, -0.8921782347678866, 0.826113157507603, 0.08095990234796857, -0.5455224533672067, 0.6868525032963306, 0.8745320110910182, 0.5046528698420862, 0.027242193928435077, 0.6848429100516167, 0.8625176679462752, -0.007279840356593681, -0.5223002269794625, -0.1415504245637306, -0.9525099855296402, 0.2814390974153614, -0.8060141993284187, -0.28264135782944244, 0.6390571228008401, -0.3250975886148091, 0.5443720181928631, -0.5161481433405453, -0.041385461162560394, -0.43921957984150284, 0.5054597903085629, 0.25466269539405456, 0.4868689382525568, -1.0, -0.4350972404029234, 0.8727401283901156, -0.23968730825712425, 0.42521316351031824, 0.285277444716627, 0.4731911305964909, 0.3706477596542186, 0.5815991121717285, 0.8627815814881623, -0.7440923431790425, -0.45820770584958415, -0.5489419202735428, 0.09401470768756309, 0.2553191422576371, -0.48554427382657606]
1019.9998779296875	(8, 12, 2)	[-0.14564948674626546, -0.08729611679326668, -0.5299453865668033, 0.22821871804555727, 0.8065527288397063, 0.309088330901338, -0.19848036441547068, 0.2516602529479707, -0.8267231625529863, 0.9522051990212043, -0.9008632155632561, 0.950875250143723, 0.9944785894083449, 0.41515808207099547, 0.08645932137307066, -0.2624268065099607, 0.037385891398795, 0.7961691797859596, -0.6455796422973022, 0.750039794609211, -0.6863645514510048, 0.6159067737030222, 0.42871862161205987, -0.025977238614452697, -0.6629002788077435, -0.5762580529117438, -0.07472512378126295, -0.013917483749333215, -0.7513126881633818, -0.7590675969522508, -0.5179145126394913, -0.9959948997381978, -0.9782934592806878, -1.0, 0.19930031895328781, -0.8475904895678462, 0.5745527545196103, -0.30352610606116004, 1.0, 0.09569137103471514, -0.6555141310560502, 0.0696897517251831, -0.7655239315928639, 0.4470246066531902, -0.012555541651440905, 0.2214214477186085, 0.12766191366108448, 0.39078157039441397, -0.062107905508234994, 0.5804585264723687, -0.14881106749994655, 0.7709939923746356, -0.9229720889240494, -0.6708550706552647, 0.058328280681002966, 0.48496008372050436, -0.7941826850885652, 0.1840236025178188, -0.5430161549618217, 0.6269873960372843, 0.6057498866988427, 0.4976299757081385, 0.41136079488478594, -0.16938152876549667, -0.19168248761309803, -0.3684735884152319, 0.9876344980962779, 0.22816866190587848, -0.7355156242507175, -0.9835272017804451, 0.9235129509760085, -0.29823437840001077, -0.5031423438143874, -0.028160905738383465, -0.21010278168434326, -0.6435126567120744, 0.014880628586854794, -0.1604809990420626, -0.8921782347678866, 0.826113157507603, 0.08095990234796857, -0.5455224533672067, -0.38532517813448725, 0.8745320110910182, 0.5046528698420862, 0.027242193928435077, 0.6848429100516167, 0.7819622826905014, -0.007279840356593681, -0.5223002269794625, -0.2508047064674194, -0.8372779782434128, 0.2814390974153614, -0.8060141993284187, -0.28264135782944244, -0.1625013894860765, -0.3250975886148091, 0.5443720181928631, -0.5161481433405453, -0.041385461162560394, -0.46327992475084945, 0.5054597903085629, 0.25466269539405456, -0.6478615051697237, -1.0, -0.4350972404029234, 0.7583153720741034, -0.02293608150115895, 0.36333754368467497, 0.285277444716627, 0.5225060211853718, -0.3913474279475255, 0.35542751161273894, 0.7300798465407026, -0.8135006212202223, -0.45820770584958415, -0.5489419202735428, 0.09401470768756309, 0.9099296373197137, -0.48554427382657606]
1019.9996337890625	(8, 12, 2)	[-0.14564948674626546, -0.08729611679326668, -0.3222521285366906, 0.22821871804555727, 0.7160555605791707, 0.40787913941413523, -0.19848036441547068, 0.2516602529479707, -0.4416773546424999, 0.9522051990212043, -0.9008632155632561, 0.950875250143723, 0.9944785894083449, 0.41515808207099547, 0.08645932137307066, -0.28117244769436744, 0.037385891398795, 0.7961691797859596, -0.6455796422973022, 0.5239458128443077, -0.6997169696677024, 0.6159067737030222, 0.42871862161205987, -0.025977238614452697, -0.6500202359572852, -0.5762580529117438, -0.07472512378126295, -0.06716803253673764, -0.6161655619581894, -0.8394220272357136, -0.5179145126394913, -0.9959948997381978, -1.0, -0.75170381756379, 0.09433330867040018, -0.8475904895678462, -0.8418223735094015, -0.30352610606116004, 1.0, 0.09569137103471514, -0.6555141310560502, 0.0696897517251831, -0.7796126461394296, 0.4470246066531902, -0.012555541651440905, 0.22838730570252608, 0.12766191366108448, 0.39078157039441397, -0.062107905508234994, 0.5804585264723687, -0.14881106749994655, 0.7709939923746356, -0.9229720889240494, -0.6708550706552647, 0.049642813010325026, 0.48496008372050436, -0.7941826850885652, 0.16039265100683692, -0.5552147428235638, 0.5485681392320647, 0.6057498866988427, 0.541368256694942, 0.41136079488478594, -0.34198365194725916, -0.19168248761309803, -0.31557102117207125, 1.0, 0.22816866190587848, -0.574236692259755, -1.0, 1.0, -0.29823437840001077, -0.5031423438143874, -0.0855245332879, -0.21010278168434326, -0.6435126567120744, -0.20846667340047462, -0.0020320930664304016, -1.0, 0.8432325863415011, 0.08095990234796857, -0.5455224533672067, -0.38532517813448725, 0.8745320110910182, 0.40177448882642236, 0.027242193928435077, 0.6848429100516167, 0.7819622826905014, -0.007279840356593681, -0.5223002269794625, -0.2454168507711209, -0.8372779782434128, 0.2814390974153614, -0.9232383214226668, -0.1007956281214886, -0.2566935949518768, 0.5776256143081038, -0.7096833551869448, -0.5161481433405453, 0.1494365019764521, -0.46327992475084945, 0.5054597903085629, 0.25466269539405456, -0.7386668338310081, -1.0, -0.4350972404029234, 0.1212159818579559, -0.23968730825712425, 0.42521316351031824, 0.285277444716627, 0.5225060211853718, 0.3706477596542186, 0.4427041255693762, 0.7300798465407026, -0.6086088068049873, -0.45820770584958415, 0.9800604486592392, 0.13919676969169936, 0.9099296373197137, -0.4591101605614223]
1019.9999389648438	(8, 12, 2)	[-0.08507835596383125, -0.08729611679326668, -0.18839454033318523, 0.30694136765994906, 0.7160555605791707, 0.40787913941413523, -0.19848036441547068, 0.2516602529479707, -0.2724298055331403, 0.9522051990212043, -0.9008632155632561, 0.950875250143723, 0.9944785894083449, 0.41515808207099547, 0.08645932137307066, -0.31702121424924257, 0.037385891398795, 0.7961691797859596, -0.6455796422973022, 0.5239458128443077, -0.6863645514510048, 0.4854430526261867, 0.42871862161205987, -0.025977238614452697, -0.6500202359572852, -0.5762580529117438, -0.07472512378126295, -0.06716803253673764, -0.6161655619581894, -0.8349115346212708, -0.5179145126394913, -0.9959948997381978, -0.9782934592806878, -0.75170381756379, 0.19930031895328781, -0.8475904895678462, 0.6563034989475464, -0.30352610606116004, 1.0, 0.09569137103471514, -0.6555141310560502, 0.0696897517251831, -0.7655239315928639, 0.4470246066531902, -0.012555541651440905, 0.20063575159769087, 0.12766191366108448, 0.39078157039441397, -0.062107905508234994, 0.5804585264723687, -0.14881106749994655, 0.7709939923746356, -0.9229720889240494, -0.6529268220029782, 0.07057512381197488, 0.48496008372050436, -0.7928789079414207, 0.1840236025178188, -0.5552147428235638, 0.5485681392320647, 0.6057498866988427, 0.541368256694942, 0.41136079488478594, -0.16938152876549667, -0.39329030962896255, -0.3684735884152319, 0.9876344980962779, 0.22816866190587848, -0.574236692259755, -0.9804002621778669, 0.9235129509760085, -0.29823437840001077, -0.5031423438143874, -0.034032970727691236, -0.21010278168434326, -0.6435126567120744, -0.20846667340047462, -0.1604809990420626, -1.0, 0.8156182776086353, 0.08095990234796857, -0.5455224533672067, -0.38532517813448725, 0.8461186534927635, 0.40177448882642236, 0.027242193928435077, 0.6848429100516167, 0.8216705263932795, -0.09903392195023308, -0.5223002269794625, -0.1415504245637306, -0.8372779782434128, 0.2814390974153614, 0.6171281581270207, -0.1007956281214886, -0.1625013894860765, -0.3250975886148091, -0.7096833551869448, -0.3755467189480196, 0.07345066930964197, -0.43921957984150284, 0.5054597903085629, 0.25466269539405456, -0.7386668338310081, -1.0, -0.5671538253397856, 0.802490846862399, -0.02293608150115895, 0.42521316351031824, 0.35152060137035784, 0.5225060211853718, 0.3706477596542186, -0.1920633728109699, 0.8627815814881623, -0.8826713998979434, -0.45820770584958415, 0.1047720103713572, 0.039636513594139555, 0.9099296373197137, -0.48261645014764776]
1019.9998779296875	(8, 12, 2)	[-0.08507835596383125, -0.08729611679326668, -0.18839454033318523, 0.22821871804555727, 0.7160555605791707, 0.40787913941413523, -0.21607786479220747, 0.2516602529479707, -0.8267231625529863, 0.9522051990212043, -0.9008632155632561, 0.950875250143723, 0.8434526637535154, 0.41515808207099547, 0.08645932137307066, -0.31702121424924257, 0.037385891398795, 0.7961691797859596, -0.6455796422973022, 0.750039794609211, -0.6863645514510048, 0.6159067737030222, 0.42871862161205987, -0.025977238614452697, -0.6500202359572852, -0.5762580529117438, -0.07472512378126295, -0.102324996946011, -0.6161655619581894, -0.7590675969522508, -0.5179145126394913, -0.9959948997381978, -0.9782934592806878, -0.9780110023120807, 0.19930031895328781, -0.8475904895678462, 0.6563034989475464, -0.30352610606116004, 1.0, 0.09569137103471514, -0.6555141310560502, -0.17092284175845018, -0.7796126461394296, 0.4470246066531902, -0.012555541651440905, 0.20063575159769087, 0.12766191366108448, 0.39078157039441397, -0.062107905508234994, 0.5804585264723687, -0.14881106749994655, 0.7709939923746356, -0.9229720889240494, -0.6708550706552647, 0.07057512381197488, 0.48496008372050436, -0.7928789079414207, 0.2624658366344886, -0.5552147428235638, 0.7060478408995684, 0.6057498866988427, 0.541368256694942, 0.4194994428462497, -0.0862628418926182, -0.19168248761309803, -0.3684735884152319, 0.9876344980962779, 0.22816866190587848, -0.574236692259755, -0.9804002621778669, 0.9235129509760085, -0.29823437840001077, -0.15402818360692971, -0.034032970727691236, -0.35388664587037166, -0.6435126567120744, 0.014880628586854794, -0.1604809990420626, -1.0, 0.8156182776086353, 0.08095990234796857, -0.5455224533672067, -0.38532517813448725, 0.8745320110910182, 0.40177448882642236, 0.027242193928435077, 0.6848429100516167, 0.8216705263932795, -0.09903392195023308, -0.5223002269794625, -0.1415504245637306, -0.8372779782434128, 0.2814390974153614, 0.6171281581270207, -0.1007956281214886, 0.6390571228008401, -0.3250975886148091, 0.5443720181928631, -0.5161481433405453, 0.07345066930964197, -0.43921957984150284, 0.5054597903085629, 0.25466269539405456, 0.4868689382525568, -1.0, -0.5671538253397856, 0.8727401283901156, -0.02293608150115895, 0.42521316351031824, 0.285277444716627, 0.6143641072657041, 0.3706477596542186, 0.5815991121717285, 0.8627815814881623, -0.8826713998979434, -0.45820770584958415, 0.1047720103713572, 0.09401470768756309, 0.9099296373197137, -0.48261645014764776]
1019.9998168945312	(8, 12, 2)	[-0.17589169888495793, -0.08729611679326668, -0.8653351395080061, 0.22821871804555727, 0.7160555605791707, 0.309088330901338, -0.19848036441547068, 0.2516602529479707, -0.8267231625529863, 0.9478876206085586, -0.9008632155632561, 0.950875250143723, 0.9944785894083449, 0.3776927513820424, 0.08645932137307066, -0.16157692190321585, 0.037385891398795, 0.7961691797859596, -0.6455796422973022, 0.5239458128443077, -0.6863645514510048, 0.6159067737030222, 0.41464426525263715, -0.14320713970314405, -0.6629002788077435, -0.5762580529117438, -0.07472512378126295, -0.013917483749333215, -0.6161655619581894, -0.8349115346212708, -0.5179145126394913, -0.9959948997381978, -1.0, -0.9780110023120807, 0.19930031895328781, -0.7790201969554338, 0.5745527545196103, -0.3576467000689304, 1.0, 0.09569137103471514, -0.6555141310560502, 0.0696897517251831, -0.7655239315928639, 0.41400052103677387, -0.012555541651440905, 0.22838730570252608, 0.12766191366108448, 0.39078157039441397, -0.062107905508234994, 0.5804585264723687, -0.14881106749994655, 0.7709939923746356, -0.9364846014424104, -0.6708550706552647, 0.058328280681002966, 0.46798163355810685, -0.8338295600418238, 0.1840236025178188, -0.5430161549618217, 0.5485681392320647, 0.6057498866988427, 0.4976299757081385, 0.41136079488478594, -0.17628592299744295, -0.19168248761309803, -0.3684735884152319, 0.9876344980962779, 0.18675527710176368, -0.574236692259755, -0.9804002621778669, 1.0, -0.29823437840001077, -0.5031423438143874, -0.0855245332879, -0.21010278168434326, -0.6435126567120744, 0.014880628586854794, -0.1604809990420626, -0.8921782347678866, 0.8156182776086353, 0.08095990234796857, -0.4867198091743429, 0.6868525032963306, 0.6971301467915131, 0.5046528698420862, 0.027242193928435077, 0.6312443010691244, 0.7819622826905014, -0.007279840356593681, -0.367871250508381, -0.1415504245637306, -0.8372779782434128, 0.2814390974153614, -0.8788950872634937, -0.1007956281214886, 0.6390571228008401, 0.5776256143081038, -0.7096833551869448, -0.5161481433405453, 0.1494365019764521, -0.46327992475084945, 0.5054597903085629, 0.25466269539405456, -0.7386668338310081, -0.9326649410906647, -0.4230408329543735, 0.802490846862399, -0.02293608150115895, 0.42521316351031824, 0.285277444716627, 0.5225060211853718, -0.46877233474270996, 0.5815991121717285, 0.8627815814881623, -0.5895743018343997, -0.45820770584958415, 0.9800604486592392, 0.09401470768756309, 0.9099296373197137, -0.48554427382657606]
1019.9998779296875	(8, 12, 2)	[-0.14564948674626546, -0.08729611679326668, -0.3222521285366906, 0.30694136765994906, 0.7160555605791707, 0.22049059056018772, -0.19848036441547068, 0.2516602529479707, -0.8267231625529863, 0.9522051990212043, -0.9008632155632561, 0.950875250143723, 0.9944785894083449, 0.41515808207099547, 0.08645932137307066, -0.38896159539299663, 0.037385891398795, 0.7961691797859596, -0.6455796422973022, 0.750039794609211, -0.6987333670747368, 0.6159067737030222, 0.42871862161205987, -0.025977238614452697, -0.7927524706593301, -0.5762580529117438, -0.07472512378126295, -0.06716803253673764, -0.7513126881633818, -0.7590675969522508, -0.5179145126394913, -0.9959948997381978, -0.9782934592806878, -0.9280962615472803, 0.2645571454817745, -0.7790201969554338, 0.6563034989475464, 0.5948827394101059, 1.0, 0.09569137103471514, -0.6856495069292965, 0.0696897517251831, -0.7655239315928639, 0.4470246066531902, -0.012555541651440905, 0.10842617898816553, 0.12766191366108448, 0.39078157039441397, -0.008433454264289472, 0.5804585264723687, -0.14881106749994655, 0.7709939923746356, -0.9229720889240494, -0.6708550706552647, 0.058328280681002966, 0.46798163355810685, -0.7941826850885652, 0.1840236025178188, -0.5430161549618217, 0.5485681392320647, 0.609203078648472, 0.541368256694942, 0.4194994428462497, -0.16938152876549667, -0.24612779684927832, -0.3684735884152319, 0.9876344980962779, 0.11151040283292835, -0.574236692259755, -0.9804002621778669, 0.9235129509760085, -0.29823437840001077, -0.15402818360692971, -0.034032970727691236, -0.21010278168434326, -0.6435126567120744, 0.19300926505735064, -0.1604809990420626, -1.0, 0.8714364208208728, -0.08070056130586203, -0.5455224533672067, 0.5900635524604383, 0.7049868680766161, 0.31143918336559717, -0.018980789872606797, 0.6848429100516167, 0.9086912336888272, -0.007279840356593681, -0.367871250508381, -0.2508047064674194, -0.8372779782434128, 0.2814390974153614, 0.6525909874868646, -0.36975941970573106, -0.1625013894860765, -0.3250975886148091, -0.7096833551869448, -0.5161481433405453, 0.11730823566380488, -0.46327992475084945, 0.5054597903085629, 0.597044102765505, -0.7386668338310081, -1.0, -0.4350972404029234, 0.1212159818579559, -0.02293608150115895, 0.42521316351031824, 0.285277444716627, 0.34710168462655255, -0.46877233474270996, 0.6560079665961378, 0.7300798465407026, -0.5895743018343997, -0.45820770584958415, 0.9800604486592392, 0.13919676969169936, 0.9099296373197137, -0.48554427382657606]
1019.9998168945312	(8, 12, 2)	[-0.08507835596383125, -0.08729611679326668, -0.8653351395080061, 0.22821871804555727, 0.7160555605791707, 0.309088330901338, -0.19848036441547068, 0.2516602529479707, -0.2724298055331403, 0.9522051990212043, -0.9008632155632561, 0.950875250143723, 0.9944785894083449, 0.3776927513820424, 0.08645932137307066, -0.31702121424924257, 0.037385891398795, 0.7961691797859596, -0.5524528801012543, 0.750039794609211, -0.6987333670747368, 0.6159067737030222, 0.5702066827466818, -0.025977238614452697, -0.6500202359572852, -0.5762580529117438, -0.07472512378126295, -0.013917483749333215, -0.6161655619581894, -0.7590675969522508, -0.5179145126394913, -0.9959948997381978, -1.0, -0.75170381756379, 0.19930031895328781, -0.8475904895678462, 0.6563034989475464, -0.3576467000689304, 0.9794111715856398, 0.09569137103471514, -0.603641297560024, 0.0696897517251831, -0.7796126461394296, 0.4470246066531902, -0.012555541651440905, 0.20063575159769087, -0.6244251890556151, 0.39078157039441397, -0.008433454264289472, 0.5804585264723687, -0.14881106749994655, 0.7709939923746356, -0.9229720889240494, -0.6708550706552647, 0.058328280681002966, 0.46798163355810685, -0.7941826850885652, 0.1840236025178188, -0.5430161549618217, 0.5485681392320647, 0.6057498866988427, 0.4976299757081385, 0.41136079488478594, -0.17628592299744295, -0.19168248761309803, -0.31557102117207125, 0.9876344980962779, 0.11151040283292835, -0.7355156242507175, -0.9804002621778669, 0.9235129509760085, -0.29823437840001077, -0.5031423438143874, -0.034032970727691236, -0.21010278168434326, -0.6435126567120744, 0.014880628586854794, -0.1604809990420626, -0.8921782347678866, 0.8432325863415011, 0.08095990234796857, -0.5455224533672067, 0.6868525032963306, 0.6971301467915131, 0.5046528698420862, 0.027242193928435077, 0.6848429100516167, 0.7819622826905014, -0.007279840356593681, -0.5223002269794625, -0.2454168507711209, -0.9525099855296402, 0.2814390974153614, -0.8060141993284187, -0.1007956281214886, 0.6390571228008401, 0.5776256143081038, -0.7096833551869448, -0.5161481433405453, 0.1494365019764521, -0.46327992475084945, 0.5054597903085629, 0.5847261211439757, -0.7386668338310081, -0.9326649410906647, -0.4350972404029234, 0.8727401283901156, -0.02293608150115895, 0.42521316351031824, 0.35152060137035784, 0.5225060211853718, -0.46877233474270996, 0.6560079665961378, 0.7300798465407026, -0.8214576525618076, -0.45820770584958415, 0.9800604486592392, 0.09401470768756309, 0.007351327491300408, -0.48554427382657606]
1019.9993896484375	(8, 12, 2)	[-0.14564948674626546, -0.08729611679326668, -0.3222521285366906, 0.22821871804555727, 0.7160555605791707, 0.309088330901338, -0.21607786479220747, 0.2516602529479707, -0.8267231625529863, 0.9522051990212043, -0.9008632155632561, 1.0, 0.9944785894083449, 0.41515808207099547, -0.020777645632343814, -0.2624268065099607, 0.037385891398795, 0.7961691797859596, -0.6455796422973022, 0.750039794609211, -0.6987333670747368, 0.6159067737030222, 0.42871862161205987, -0.025977238614452697, -0.6500202359572852, -0.5762580529117438, -0.07472512378126295, -0.013917483749333215, -0.6161655619581894, -0.8349115346212708, -0.5179145126394913, -0.9959948997381978, -0.9782934592806878, -0.75170381756379, 0.19930031895328781, -0.7790201969554338, 0.8478478692968636, -0.3576467000689304, 0.9583772008244205, 0.09569137103471514, -0.6555141310560502, 0.14956127527016655, -0.7655239315928639, 0.3631704544629178, -0.012555541651440905, 0.20063575159769087, 0.12766191366108448, 0.39078157039441397, -0.008433454264289472, 0.5804585264723687, -0.14881106749994655, 0.7709939923746356, -0.9229720889240494, -0.6708550706552647, 0.049642813010325026, 0.4847178446624998, -0.7941826850885652, 0.1840236025178188, -0.6933799029784832, 0.7060478408995684, 0.6057498866988427, 0.541368256694942, 0.5137480330413359, -0.26237854028923774, -0.19168248761309803, -0.31557102117207125, 0.9876344980962779, 0.11151040283292835, -0.574236692259755, -0.9804002621778669, 0.9235129509760085, -0.29823437840001077, -0.5031423438143874, -0.028160905738383465, -0.21010278168434326, -0.6435126567120744, 0.8124458017453358, -0.1604809990420626, -1.0, 0.826113157507603, 0.08095990234796857, -0.5466196924887468, 0.6868525032963306, 0.8745320110910182, 0.5046528698420862, 0.027242193928435077, 0.6848429100516167, 0.8216705263932795, -0.007279840356593681, -0.367871250508381, -0.2508047064674194, -0.8372779782434128, 0.2814390974153614, -0.8060141993284187, -0.28264135782944244, 0.6390571228008401, -0.3250975886148091, 0.5443720181928631, -0.5336379992662119, 0.11987853650017466, -0.356076927271472, 0.5054597903085629, 0.6008149388310166, 0.4868689382525568, -0.9326649410906647, -0.5671538253397856, 0.1212159818579559, -0.02293608150115895, 0.42521316351031824, 0.285277444716627, 0.4731911305964909, 0.3706477596542186, 0.5815991121717285, 0.7300798465407026, -0.5895743018343997, -0.3969605868395516, 0.07572141553879616, 0.09401470768756309, 0.9099296373197137, -0.48554427382657606]
1019.9998779296875	(8, 12, 2)	[-0.14564948674626546, -0.08729611679326668, -0.3222521285366906, 0.3099197457330942, 0.7160555605791707, 0.38543499988251373, -0.21607786479220747, 0.2516602529479707, -0.8267231625529863, 0.9522051990212043, -0.9008632155632561, 0.950875250143723, 0.9944785894083449, 0.41515808207099547, 0.08645932137307066, -0.31702121424924257, 0.037385891398795, 0.7961691797859596, -0.6455796422973022, 0.750039794609211, -0.521353848515516, 0.4854430526261867, 0.42871862161205987, -0.025977238614452697, -0.7927524706593301, -0.5762580529117438, -0.07472512378126295, -0.06716803253673764, -0.6161655619581894, -0.8349115346212708, -0.5179145126394913, -0.9959948997381978, -0.9302745315956485, -0.75170381756379, 0.2645571454817745, -0.7790201969554338, 0.5745527545196103, -0.30352610606116004, 1.0, 0.09569137103471514, -0.6555141310560502, 0.0696897517251831, -0.7655239315928639, 0.4470246066531902, -0.012555541651440905, 0.22838730570252608, -0.5619280929865509, 0.39078157039441397, -0.008433454264289472, 0.5804585264723687, -0.14881106749994655, 0.7709939923746356, -0.9229720889240494, -0.6529268220029782, 0.049642813010325026, 0.48496008372050436, -0.7941826850885652, 0.1840236025178188, -0.5430161549618217, 0.7060478408995684, 0.6057498866988427, 0.4976299757081385, 0.41136079488478594, -0.027661698775240273, -0.24612779684927832, -0.31557102117207125, 0.9876344980962779, 0.22816866190587848, -0.574236692259755, -0.9804002621778669, 0.9235129509760085, -0.29823437840001077, -0.2742852105925506, -0.028160905738383465, -0.21010278168434326, -0.6435126567120744, 0.19300926505735064, -0.1604809990420626, -0.8921782347678866, 0.6650267889493924, -0.08070056130586203, -0.5455224533672067, -0.38532517813448725, 0.8745320110910182, 0.31143918336559717, 0.027242193928435077, 0.6312443010691244, 0.7819622826905014, -0.007279840356593681, -0.367871250508381, -0.2508047064674194, -0.8372779782434128, 0.2814390974153614, -0.8528464194700917, -0.1007956281214886, -0.1625013894860765, -0.3999458961624625, -0.7096833551869448, -0.5161481433405453, 0.1494365019764521, -0.46327992475084945, 0.5054597903085629, 0.25466269539405456, 0.4868689382525568, -1.0, -0.4350972404029234, 0.8727401283901156, -0.23968730825712425, -0.2940594153340151, 0.285277444716627, 0.5225060211853718, 0.3706477596542186, -0.1920633728109699, 0.7300798465407026, -0.5616747101006265, -0.31179922853251185, 1.0, 0.09401470768756309, 0.9099296373197137, -0.48554427382657606]
1019.9993896484375	(8, 12, 2)	[-0.14564948674626546, -0.0899750643404483, -0.8653351395080061, 0.22821871804555727, 0.7160555605791707, 0.309088330901338, -0.21607786479220747, 0.2516602529479707, -0.8267231625529863, 0.9478876206085586, -0.9008632155632561, 0.950875250143723, 0.9944785894083449, 0.6693067815599307, -0.020777645632343814, -0.31702121424924257, 0.037385891398795, 0.5772241704365586, -0.6455796422973022, 0.499890474829528, -0.7787462267897252, 0.6159067737030222, 0.4387408504005936, -0.025977238614452697, -0.6500202359572852, -0.5762580529117438, -0.07472512378126295, -0.013917483749333215, -0.6161655619581894, -0.8349115346212708, -0.5179145126394913, -0.9959948997381978, -0.9782934592806878, -0.75170381756379, 0.19930031895328781, -0.7790201969554338, 0.8478478692968636, -0.3576467000689304, 1.0, -0.6685008615144761, -0.60848409042309, 0.14956127527016655, -0.7655239315928639, 0.4470246066531902, -0.012555541651440905, 0.2214214477186085, 0.12766191366108448, 0.39078157039441397, -0.008433454264289472, 0.7699864424390367, -0.14881106749994655, 0.7709939923746356, -0.9229720889240494, -0.6708550706552647, 0.049642813010325026, 0.4847178446624998, -0.7941826850885652, 0.1840236025178188, -0.5430161549618217, 0.5485681392320647, 0.6057498866988427, 0.4976299757081385, 0.41136079488478594, -0.26237854028923774, -0.19168248761309803, -0.31557102117207125, 0.9876344980962779, 0.25344957482358416, -0.574236692259755, -0.9804002621778669, 0.9235129509760085, -0.29823437840001077, -0.15402818360692971, -0.034032970727691236, -0.21010278168434326, -0.6435126567120744, -0.21798265656164767, -0.1604809990420626, -0.8921782347678866, 0.826113157507603, 0.08095990234796857, -0.5455224533672067, 0.6868525032963306, 0.8745320110910182, 0.5046528698420862, 0.027242193928435077, 0.6848429100516167, 0.8216705263932795, -0.007279840356593681, -0.367871250508381, -0.2454168507711209, -0.8372779782434128, 0.2814390974153614, -0.8060141993284187, -0.28264135782944244, -0.2566935949518768, 0.5776256143081038, -0.7096833551869448, -0.5336379992662119, 0.1494365019764521, -0.46327992475084945, 0.5054597903085629, 0.5847261211439757, 0.4868689382525568, -0.9326649410906647, -0.5671538253397856, 0.1212159818579559, -0.02293608150115895, 0.42521316351031824, 0.285277444716627, 0.4731911305964909, 0.3706477596542186, -0.1920633728109699, 0.7300798465407026, -0.5895743018343997, -0.45820770584958415, 0.9800604486592392, 0.09401470768756309, 0.9099296373197137, -0.48554427382657606]
1019.9996948242188	(8, 12, 2)	[-0.14564948674626546, -0.08729611679326668, -0.3222521285366906, 0.22821871804555727, 0.7160555605791707, 0.309088330901338, -0.21607786479220747, 0.2516602529479707, -0.8267231625529863, 0.9522051990212043, -0.9008632155632561, 0.950875250143723, 0.9944785894083449, 0.41515808207099547, -0.020777645632343814, -0.2624268065099607, 0.037385891398795, 0.7961691797859596, -0.6455796422973022, 0.750039794609211, -0.6987333670747368, 0.6159067737030222, 0.42871862161205987, -0.025977238614452697, -0.6500202359572852, -0.5762580529117438, -0.07472512378126295, -0.06716803253673764, -0.6161655619581894, -0.8349115346212708, -0.5179145126394913, -0.9959948997381978, -0.9782934592806878, -0.75170381756379, 0.19930031895328781, -0.7790201969554338, 0.5317142105289003, -0.3576467000689304, 1.0, 0.09569137103471514, -0.6555141310560502, 0.14956127527016655, -0.7655239315928639, 0.4470246066531902, -0.022572124099953635, 0.20063575159769087, 0.12766191366108448, 0.39078157039441397, -0.008433454264289472, 0.5804585264723687, -0.14881106749994655, 0.7709939923746356, -0.9229720889240494, -0.6708550706552647, 0.049642813010325026, 0.4847178446624998, -0.799845639580526, 0.1840236025178188, -0.6933799029784832, 0.7060478408995684, 0.6057498866988427, 0.541368256694942, 0.5137480330413359, -0.26237854028923774, -0.24612779684927832, -0.31557102117207125, 0.9876344980962779, 0.11151040283292835, -0.574236692259755, -0.9835272017804451, 0.9235129509760085, -0.29823437840001077, -0.5031423438143874, -0.028160905738383465, -0.21010278168434326, -0.6435126567120744, 0.8124458017453358, -0.1604809990420626, -0.8921782347678866, 0.826113157507603, -0.08070056130586203, -0.5455224533672067, 0.6868525032963306, 0.8745320110910182, 0.5046528698420862, 0.027242193928435077, 0.5921187127414826, 0.8216705263932795, -0.007279840356593681, -0.367871250508381, -0.2508047064674194, -0.8372779782434128, 0.2814390974153614, -0.8060141993284187, -0.28264135782944244, 0.6390571228008401, -0.3612723233184132, 0.5443720181928631, -0.5336379992662119, 0.11987853650017466, -0.356076927271472, 0.5054597903085629, 0.6008149388310166, -0.7386668338310081, -0.9326649410906647, -0.5671538253397856, 0.1212159818579559, -0.02293608150115895, 0.42521316351031824, 0.285277444716627, 0.5209605571495253, 0.3706477596542186, 0.5815991121717285, 0.7300798465407026, -0.5895743018343997, -0.7447266103279495, 0.07572141553879616, 0.09401470768756309, 0.9099296373197137, -0.48554427382657606]
1019.9999389648438	(8, 12, 2)	[-0.14564948674626546, -0.08729611679326668, -0.5299453865668033, 0.22821871804555727, 0.7160555605791707, 0.44986490233466625, -0.19848036441547068, 0.2516602529479707, -0.4416773546424999, 0.9522051990212043, -0.9008632155632561, 0.950875250143723, 0.9944785894083449, 0.41515808207099547, 0.08645932137307066, -0.07380519869746938, 0.037385891398795, 0.7558360057794087, -0.6455796422973022, 0.750039794609211, -0.6863645514510048, 0.6159067737030222, 0.42871862161205987, -0.025977238614452697, -0.6500202359572852, -0.5762580529117438, -0.07472512378126295, -0.013917483749333215, -0.6161655619581894, -0.7590675969522508, -0.5179145126394913, -1.0, -0.9302745315956485, -0.4542990310918113, 0.2645571454817745, -0.7790201969554338, 0.6563034989475464, -0.3576467000689304, 1.0, 0.09569137103471514, -0.6555141310560502, 0.13782344871921468, -0.7655239315928639, 0.4470246066531902, -0.012555541651440905, 0.22838730570252608, 0.12766191366108448, 0.39078157039441397, -0.062107905508234994, 0.5804585264723687, -0.14881106749994655, 0.7709939923746356, -0.9229720889240494, -0.6708550706552647, 0.049642813010325026, 0.48496008372050436, -0.7941826850885652, 0.1840236025178188, -0.5430161549618217, 0.5485681392320647, 0.6057498866988427, 0.541368256694942, 0.38544599739336294, -0.17628592299744295, -0.19168248761309803, -0.31557102117207125, 0.9876344980962779, 0.22816866190587848, -0.574236692259755, -0.9804002621778669, 0.9235129509760085, -0.29823437840001077, -0.5031423438143874, -0.06998953460848498, -0.21010278168434326, -0.6435126567120744, 0.014880628586854794, -0.19567543612573332, -0.8921782347678866, 0.8432325863415011, 0.11759140773400995, -0.5455224533672067, 0.6868525032963306, 0.8745320110910182, 0.41263500514724116, 0.027242193928435077, 0.7688162160116536, 0.7819622826905014, 0.007411704214246452, -0.5223002269794625, -0.1415504245637306, -0.9525099855296402, 0.2814390974153614, -0.8060141993284187, -0.01652157023984066, 0.6390571228008401, -0.3250975886148091, -0.7096833551869448, -0.5161481433405453, 0.1494365019764521, -0.46327992475084945, 0.5054597903085629, 0.5847261211439757, 0.5600036492693563, -1.0, -0.4350972404029234, 0.8727401283901156, -0.02293608150115895, 0.42521316351031824, 0.285277444716627, 0.5225060211853718, -0.46877233474270996, 0.6560079665961378, 0.6250642914114588, -0.5895743018343997, -0.7447266103279495, 0.9800604486592392, 0.13919676969169936, 0.9099296373197137, -0.48554427382657606]
1020.0	(8, 12, 2)	[-0.14564948674626546, -0.08729611679326668, -0.5299453865668033, 0.30694136765994906, 0.7160555605791707, 0.44986490233466625, -0.19848036441547068, 0.2516602529479707, -0.4416773546424999, 0.9522051990212043, -0.9008632155632561, 0.950875250143723, 0.9944785894083449, 0.41515808207099547, 0.08645932137307066, -0.31702121424924257, 0.037385891398795, 0.7558360057794087, -0.6455796422973022, 0.750039794609211, -0.6863645514510048, 0.6159067737030222, 0.42871862161205987, -0.025977238614452697, -0.6500202359572852, -0.5762580529117438, -0.07472512378126295, -0.013917483749333215, -0.7463340002654081, -0.7590675969522508, -0.5179145126394913, -0.9959948997381978, -1.0, -0.9780110023120807, 0.2645571454817745, -0.8592112646176493, 0.6563034989475464, -0.3576467000689304, 1.0, 0.09569137103471514, -0.6555141310560502, 0.17282240747789523, -0.7655239315928639, 0.4470246066531902, -0.012555541651440905, 0.22838730570252608, 0.12766191366108448, 0.39078157039441397, -0.062107905508234994, 0.5804585264723687, -0.14881106749994655, 0.7709939923746356, -0.9229720889240494, -0.6708550706552647, 0.049642813010325026, 0.48496008372050436, -0.7941826850885652, 0.1840236025178188, -0.5430161549618217, 0.7060478408995684, 0.688322464906395, 0.541368256694942, 0.38544599739336294, -0.17628592299744295, -0.19168248761309803, -0.31557102117207125, 0.9876344980962779, 0.22816866190587848, -0.574236692259755, -0.9804002621778669, 0.9235129509760085, -0.29823437840001077, -0.5031423438143874, -0.06998953460848498, -0.21010278168434326, -0.6435126567120744, 0.014880628586854794, -0.19567543612573332, -0.8921782347678866, 1.0, 0.08374796758700476, -0.5455224533672067, 0.6868525032963306, 0.8285320878141695, 0.41263500514724116, 0.027242193928435077, 0.6848429100516167, 0.7819622826905014, -0.007279840356593681, -0.5223002269794625, -0.1415504245637306, -0.9525099855296402, 0.2814390974153614, -0.8060141993284187, -0.01652157023984066, 0.6390571228008401, 0.5776256143081038, 0.5443720181928631, -0.5161481433405453, 0.1494365019764521, -0.46327992475084945, 0.5054597903085629, 0.5847261211439757, 0.5600036492693563, -1.0, -0.4350972404029234, 0.8727401283901156, -0.02293608150115895, 0.42521316351031824, 0.285277444716627, 0.5225060211853718, -0.46877233474270996, 0.6560079665961378, 0.7300798465407026, -0.5895743018343997, -0.45820770584958415, 0.9800604486592392, 0.09401470768756309, 0.9099296373197137, -0.48554427382657606]
1019.9998779296875	(8, 12, 2)	[-0.14564948674626546, -0.1435238521507126, -0.8653351395080061, 0.27698538050926985, 0.7160555605791707, 0.44986490233466625, -0.19848036441547068, 0.2516602529479707, -0.7885080379246315, 0.9522051990212043, -0.9008632155632561, 1.0, 0.9944785894083449, 0.41515808207099547, 0.08645932137307066, -0.31702121424924257, 0.037385891398795, 0.7558360057794087, -0.6455796422973022, 0.750039794609211, -0.6863645514510048, 0.6159067737030222, 0.42871862161205987, 0.09392956517646953, -0.6500202359572852, -0.5762580529117438, -0.07472512378126295, -0.013917483749333215, -0.7463340002654081, -0.7590675969522508, -0.5179145126394913, -0.9959948997381978, -0.9782934592806878, -0.4542990310918113, 0.2645571454817745, -0.8592112646176493, 0.6563034989475464, -0.30352610606116004, 1.0, 0.09569137103471514, -0.6856495069292965, 0.0696897517251831, -0.7655239315928639, 0.4470246066531902, -0.012555541651440905, 0.2214214477186085, 0.12766191366108448, 0.39078157039441397, -0.008433454264289472, 0.5804585264723687, -0.14881106749994655, 0.8487835597038427, -0.9229720889240494, -0.6708550706552647, 0.049642813010325026, 0.5140534371390365, -0.7941826850885652, 0.1840236025178188, -0.5552147428235638, 0.5485681392320647, 0.6057498866988427, 0.541368256694942, 0.5137480330413359, -0.16938152876549667, -0.19168248761309803, -0.31557102117207125, 0.9876344980962779, 0.11151040283292835, -0.574236692259755, -0.9804002621778669, 0.9235129509760085, -0.29823437840001077, -0.5031423438143874, -0.06998953460848498, -0.21010278168434326, -0.6435126567120744, 0.014880628586854794, -0.1604809990420626, -0.8921782347678866, 0.8672349836153664, 0.08374796758700476, -0.5455224533672067, 0.6868525032963306, 0.8461186534927635, 0.5046528698420862, 0.027242193928435077, 0.6848429100516167, 0.7819622826905014, -0.007279840356593681, -0.5223002269794625, -0.2454168507711209, -0.9525099855296402, 0.2814390974153614, -0.8060141993284187, -0.1007956281214886, 0.6390571228008401, 0.5776256143081038, -0.7096833551869448, -0.3755467189480196, 0.1494365019764521, -0.356076927271472, 0.5054597903085629, 0.5847261211439757, 0.5600036492693563, -1.0, -0.5671538253397856, 0.7583153720741034, -0.23968730825712425, 0.42521316351031824, 0.285277444716627, 0.5225060211853718, -0.46877233474270996, 0.7034467872046776, 0.8627815814881623, -0.8135006212202223, -0.31179922853251185, 0.9800604486592392, 0.13919676969169936, 0.9099296373197137, -0.48554427382657606]
1019.9996337890625	(8, 12, 2)	[-0.14564948674626546, -0.0899750643404483, -0.5299453865668033, 0.30694136765994906, 0.7160555605791707, 0.309088330901338, -0.21607786479220747, 0.2516602529479707, -0.4416773546424999, 0.9522051990212043, -0.9008632155632561, 0.950875250143723, 0.9944785894083449, 0.41515808207099547, 0.08645932137307066, -0.31702121424924257, 0.037385891398795, 0.7558360057794087, -0.6455796422973022, 0.750039794609211, -0.6863645514510048, 0.6159067737030222, 0.42871862161205987, -0.025977238614452697, -0.6500202359572852, -0.5762580529117438, -0.07472512378126295, -0.013917483749333215, -0.6161655619581894, -0.8349115346212708, -0.5179145126394913, -0.9959948997381978, -0.9862873801665999, -0.9780110023120807, 0.2645571454817745, -0.7790201969554338, 0.8478478692968636, -0.3576467000689304, 0.9794111715856398, 0.09569137103471514, -0.6856495069292965, 0.13782344871921468, -0.7655239315928639, 0.4470246066531902, -0.012555541651440905, 0.3982492777783477, 0.04869176521426505, 0.39078157039441397, -0.008433454264289472, 0.5804585264723687, -0.14881106749994655, 0.7709939923746356, -0.9229720889240494, -0.6708550706552647, 0.049642813010325026, 0.48496008372050436, -0.7941826850885652, 0.1840236025178188, -0.35692860672159676, 0.7060478408995684, 0.688322464906395, 0.541368256694942, 0.41136079488478594, -0.17628592299744295, -0.19168248761309803, -0.31557102117207125, 0.9876344980962779, 0.08350859115840178, -0.574236692259755, -0.9804002621778669, 0.9235129509760085, -0.29823437840001077, -0.5031423438143874, -0.034032970727691236, -0.21010278168434326, -0.6435126567120744, -0.16717017187228667, -0.19567543612573332, -0.8921782347678866, 0.8714364208208728, 0.08095990234796857, -0.5455224533672067, 0.6746261830990844, 0.8745320110910182, 0.5046528698420862, 0.027242193928435077, 0.6848429100516167, 0.7819622826905014, -0.007279840356593681, -0.5223002269794625, -0.08963564185392099, -0.8372779782434128, 0.2814390974153614, -0.8060141993284187, -0.01652157023984066, -0.1625013894860765, -0.3250975886148091, -0.7096833551869448, -0.5161481433405453, -0.041385461162560394, -0.43921957984150284, 0.5054597903085629, 0.6008149388310166, 0.5600036492693563, -1.0, -0.4350972404029234, 0.8727401283901156, -0.23968730825712425, 0.42521316351031824, 0.285277444716627, 0.4731911305964909, -0.46877233474270996, 0.6560079665961378, 0.7300798465407026, -0.41891456100545377, -0.7447266103279495, 0.9800604486592392, 0.06085383514908202, 0.9099296373197137, -0.48554427382657606]
1019.9998779296875	(8, 12, 2)	[-0.14564948674626546, -0.1435238521507126, -0.3222521285366906, 0.27698538050926985, 0.7160555605791707, 0.38543499988251373, -0.19848036441547068, 0.2516602529479707, -0.8267231625529863, 0.9522051990212043, -0.9008632155632561, 1.0, 0.9944785894083449, 0.34512684023118945, 0.08645932137307066, -0.07380519869746938, 0.037385891398795, 0.7558360057794087, -0.6455796422973022, 0.750039794609211, -0.6863645514510048, 0.6159067737030222, 0.42871862161205987, -0.025977238614452697, -0.6500202359572852, -0.5762580529117438, -0.07472512378126295, -0.06716803253673764, -0.7463340002654081, -0.7590675969522508, -0.5179145126394913, -0.9959948997381978, -0.9862873801665999, -0.4542990310918113, 0.2645571454817745, -0.7972099723447161, 0.6563034989475464, -0.29097153218406047, 1.0, 0.09569137103471514, -0.6555141310560502, 0.0696897517251831, -0.7655239315928639, 0.4470246066531902, -0.012555541651440905, 0.22838730570252608, 0.12766191366108448, 0.39078157039441397, -0.008433454264289472, 0.5308404548742653, -0.14881106749994655, 0.8487835597038427, -0.9229720889240494, -0.6708550706552647, 0.07057512381197488, 0.5140534371390365, -0.7941826850885652, 0.1840236025178188, -0.5552147428235638, 0.7060478408995684, 0.6057498866988427, 0.541368256694942, 0.5137480330413359, -0.22477268799606945, -0.39329030962896255, -0.31557102117207125, 0.9876344980962779, 0.11151040283292835, -0.4747074442737534, -0.9804002621778669, 0.9235129509760085, -0.29823437840001077, -0.5031423438143874, -0.06998953460848498, -0.21010278168434326, -0.6435126567120744, -0.16717017187228667, -0.1604809990420626, -1.0, 0.8432325863415011, 0.08374796758700476, -0.5455224533672067, 0.6868525032963306, 0.8461186534927635, 0.41263500514724116, 0.027242193928435077, 0.6848429100516167, 0.7819622826905014, 0.007411704214246452, -0.5223002269794625, -0.1415504245637306, -0.8372779782434128, 0.2814390974153614, -0.8060141993284187, -0.36975941970573106, -0.1625013894860765, 0.5776256143081038, -0.7096833551869448, -0.5161481433405453, 0.27025582300897233, -0.43921957984150284, 0.5054597903085629, 0.5864594713060003, 0.5600036492693563, -0.9326649410906647, -0.5234858098970723, 0.8709822430619873, -0.23968730825712425, 0.42521316351031824, 0.285277444716627, 0.4830488428436129, -0.46877233474270996, 0.4532102100287145, 0.8627815814881623, -0.8135006212202223, -0.3969605868395516, 0.9800604486592392, 0.13919676969169936, 0.9099296373197137, -0.48554427382657606]
1019.9999389648438	(8, 12, 2)	[-0.14564948674626546, -0.1435238521507126, -0.3222521285366906, 0.27698538050926985, 0.7160555605791707, 0.38543499988251373, -0.19848036441547068, 0.2516602529479707, -0.8267231625529863, 0.9522051990212043, -0.9008632155632561, 1.0, 0.9944785894083449, 0.34512684023118945, 0.08645932137307066, -0.07380519869746938, 0.037385891398795, 0.7558360057794087, -0.6455796422973022, 0.750039794609211, -0.6863645514510048, 0.6159067737030222, 0.42871862161205987, -0.025977238614452697, -0.6500202359572852, -0.5762580529117438, -0.07472512378126295, -0.06716803253673764, -0.7463340002654081, -0.7590675969522508, -0.5179145126394913, -0.9959948997381978, -0.9862873801665999, -0.4542990310918113, 0.2645571454817745, -0.7972099723447161, 0.6563034989475464, -0.29097153218406047, 1.0, 0.09569137103471514, -0.6555141310560502, 0.0696897517251831, -0.7655239315928639, 0.4470246066531902, -0.012555541651440905, 0.22838730570252608, 0.12766191366108448, 0.39078157039441397, -0.008433454264289472, 0.5308404548742653, -0.14881106749994655, 0.8487835597038427, -0.9229720889240494, -0.6708550706552647, 0.07057512381197488, 0.5140534371390365, -0.7941826850885652, 0.1840236025178188, -0.5552147428235638, 0.7060478408995684, 0.6057498866988427, 0.541368256694942, 0.5137480330413359, -0.22477268799606945, -0.39329030962896255, -0.31557102117207125, 0.9876344980962779, 0.11151040283292835, -0.4747074442737534, -0.9804002621778669, 0.9235129509760085, -0.29823437840001077, -0.5031423438143874, -0.06998953460848498, -0.21010278168434326, -0.6435126567120744, -0.16717017187228667, -0.1604809990420626, -1.0, 0.8432325863415011, 0.08374796758700476, -0.5455224533672067, 0.6868525032963306, 0.8461186534927635, 0.41263500514724116, 0.027242193928435077, 0.6848429100516167, 0.7819622826905014, 0.007411704214246452, -0.5223002269794625, -0.1415504245637306, -0.8372779782434128, 0.2814390974153614, -0.8060141993284187, -0.36975941970573106, -0.1625013894860765, 0.5776256143081038, -0.7096833551869448, -0.5161481433405453, 0.27025582300897233, -0.43921957984150284, 0.5054597903085629, 0.5864594713060003, 0.5600036492693563, -0.9326649410906647, -0.5234858098970723, 0.8709822430619873, -0.23968730825712425, 0.42521316351031824, 0.285277444716627, 0.4830488428436129, -0.46877233474270996, 0.4532102100287145, 0.8627815814881623, -0.8135006212202223, -0.3969605868395516, 0.9800604486592392, 0.13919676969169936, 0.9099296373197137, -0.48554427382657606]
1019.9999389648438	(8, 12, 2)	[-0.14564948674626546, -0.08729611679326668, -0.5299453865668033, 0.30694136765994906, 0.7160555605791707, 0.44986490233466625, -0.19848036441547068, 0.2516602529479707, -0.7388688520061761, 0.9522051990212043, -0.9008632155632561, 0.950875250143723, 0.9944785894083449, 0.41515808207099547, 0.08645932137307066, -0.07380519869746938, -0.0680933857074738, 0.7961691797859596, -0.6455796422973022, 0.750039794609211, -0.6863645514510048, 0.6159067737030222, 0.5702066827466818, -0.025977238614452697, -0.6500202359572852, -0.5762580529117438, -0.07472512378126295, -0.06716803253673764, -0.7513126881633818, -0.8349115346212708, -0.5179145126394913, -0.9959948997381978, -0.9782934592806878, -0.4542990310918113, 0.14024055587538714, -0.8592112646176493, 0.6563034989475464, -0.30352610606116004, 1.0, 0.09569137103471514, -0.6555141310560502, 0.0696897517251831, -0.7655239315928639, 0.4470246066531902, -0.012555541651440905, 0.2214214477186085, 0.12766191366108448, 0.39078157039441397, -0.062107905508234994, 0.5804585264723687, -0.14881106749994655, 0.7709939923746356, -0.9229720889240494, -0.6708550706552647, 0.07057512381197488, 0.48496008372050436, -0.7941826850885652, 0.1840236025178188, -0.6933799029784832, 0.5485681392320647, 0.688322464906395, 0.541368256694942, 0.5137480330413359, -0.17628592299744295, -0.19168248761309803, -0.31557102117207125, 0.9876344980962779, 0.22816866190587848, -0.7355156242507175, -0.9804002621778669, 0.9235129509760085, -0.29823437840001077, -0.5031423438143874, -0.06998953460848498, -0.21010278168434326, -0.6435126567120744, 0.014880628586854794, -0.19567543612573332, -0.8921782347678866, 0.8432325863415011, 0.08095990234796857, -0.5455224533672067, 0.6868525032963306, 0.8285320878141695, 0.5046528698420862, -0.018980789872606797, 0.6848429100516167, 0.8216705263932795, -0.007279840356593681, -0.5223002269794625, -0.2508047064674194, -0.9367554254174197, 0.2814390974153614, -0.8807335945642052, -0.004102429123872575, 0.6390571228008401, 0.5776256143081038, -0.7096833551869448, -0.5161481433405453, 0.11730823566380488, -0.46327992475084945, 0.5054597903085629, 0.5847261211439757, -0.6478615051697237, -1.0, -0.5234858098970723, 0.802490846862399, -0.02293608150115895, 0.42521316351031824, 0.34321412410598007, 0.4731911305964909, -0.6730276793266111, 0.6560079665961378, 0.7300798465407026, -0.5895743018343997, -0.5669652912102358, 0.9800604486592392, 0.28386780109962484, 0.9099296373197137, -0.48554427382657606]
1019.9998168945312	(8, 12, 2)	[-0.08507835596383125, -0.08729611679326668, -0.5299453865668033, 0.22821871804555727, 0.7160555605791707, 0.38543499988251373, -0.21607786479220747, 0.2516602529479707, -0.47878073367049184, 0.9522051990212043, -0.9008632155632561, 0.950875250143723, 0.9944785894083449, 0.3776927513820424, 0.08645932137307066, -0.31702121424924257, 0.037385891398795, 0.7558360057794087, -0.6455796422973022, 0.750039794609211, -0.6863645514510048, 0.6159067737030222, 0.42871862161205987, -0.025977238614452697, -0.6500202359572852, -0.5762580529117438, -0.07472512378126295, -0.013917483749333215, -0.7463340002654081, -0.7590675969522508, -0.5319796704914679, -1.0, -0.9782934592806878, -0.4542990310918113, 0.2645571454817745, -0.7790201969554338, 0.6563034989475464, -0.29097153218406047, 0.9794111715856398, 0.09569137103471514, -0.6282908631247243, 0.0696897517251831, -0.7796126461394296, 0.4470246066531902, -0.012555541651440905, 0.3982492777783477, 0.12766191366108448, 0.39078157039441397, -0.008433454264289472, 0.5804585264723687, -0.14881106749994655, 0.8487835597038427, -0.9229720889240494, -0.6529268220029782, 0.07057512381197488, 0.46798163355810685, -0.7941826850885652, 0.1840236025178188, -0.6933799029784832, 0.7060478408995684, 0.688322464906395, 0.541368256694942, 0.5137480330413359, -0.17628592299744295, -0.19168248761309803, -0.2136116049019649, 0.9876344980962779, 0.11151040283292835, -0.7355156242507175, -0.9804002621778669, 0.9235129509760085, -0.29823437840001077, -0.5031423438143874, -0.028160905738383465, -0.21010278168434326, -0.6435126567120744, -0.21798265656164767, -0.19567543612573332, -1.0, 0.8714364208208728, -0.08070056130586203, -0.5455224533672067, 0.6746261830990844, 0.8745320110910182, 0.5046528698420862, 0.027242193928435077, 0.6848429100516167, 0.7151538343922434, -0.007279840356593681, -0.5223002269794625, -0.1415504245637306, -0.9367554254174197, 0.2814390974153614, -0.8807335945642052, -0.28264135782944244, 0.6390571228008401, 0.5776256143081038, -0.7096833551869448, -0.5397806970869118, 0.27025582300897233, -0.43921957984150284, 0.5054597903085629, 0.5847261211439757, 0.5600036492693563, -1.0, -0.5234858098970723, 0.8709822430619873, -0.23968730825712425, 0.42521316351031824, 0.285277444716627, 0.4731911305964909, 0.3706477596542186, 0.4532102100287145, 0.7300798465407026, -0.5895743018343997, -0.7447266103279495, 0.9800604486592392, 0.09401470768756309, 0.9099296373197137, -0.48554427382657606]
1019.9998168945312	(8, 12, 2)	[-0.14564948674626546, -0.08729611679326668, -0.8653351395080061, 0.27698538050926985, 0.7160555605791707, 0.38543499988251373, -0.19848036441547068, 0.2516602529479707, -0.4416773546424999, 0.9522051990212043, -0.8370310328700211, 1.0, 1.0, 0.41515808207099547, 0.08645932137307066, -0.10919228594306912, 0.037385891398795, 0.7558360057794087, -0.6455796422973022, 0.750039794609211, -0.6987333670747368, 0.6159067737030222, 0.42871862161205987, 0.14935140072366287, -0.6500202359572852, -0.5762580529117438, -0.07472512378126295, -0.25113223293202624, -0.607276599429796, -0.7590675969522508, -0.5179145126394913, -1.0, -0.9862873801665999, -0.4542990310918113, 0.2645571454817745, -0.7790201969554338, 0.6563034989475464, -0.30352610606116004, 1.0, 0.09569137103471514, -0.5636660355755975, 0.0696897517251831, -0.7796126461394296, 0.4470246066531902, -0.012555541651440905, 0.22838730570252608, 0.12766191366108448, 0.39078157039441397, 0.0539480381046425, 0.5804585264723687, -0.01854472432803167, 0.8487835597038427, -0.9229720889240494, -0.6708550706552647, 0.049642813010325026, 0.48496008372050436, -0.7941826850885652, 0.1840236025178188, -0.5552147428235638, 0.5485681392320647, 0.6219791793697391, 0.541368256694942, 0.38544599739336294, -0.17628592299744295, -0.19168248761309803, -0.31557102117207125, 0.9876344980962779, 0.22816866190587848, -0.574236692259755, -0.9804002621778669, 0.9235129509760085, -0.29823437840001077, -0.5031423438143874, -0.06998953460848498, -0.25018889124202437, -0.6435126567120744, 0.014880628586854794, -0.1604809990420626, -0.8921782347678866, 0.826113157507603, 0.08374796758700476, -0.5455224533672067, 0.6868525032963306, 0.8461186534927635, 0.5046528698420862, 0.027242193928435077, 0.6848429100516167, 0.7151538343922434, 0.007411704214246452, -0.5223002269794625, -0.1415504245637306, -0.8372779782434128, 0.2814390974153614, -0.8060141993284187, -0.36975941970573106, 0.6390571228008401, 0.5776256143081038, -0.7096833551869448, -0.5336379992662119, 0.27025582300897233, -0.43921957984150284, 0.5054597903085629, 0.5847261211439757, 0.5600036492693563, -1.0, -0.5234858098970723, 0.7583153720741034, -0.23968730825712425, 0.42521316351031824, 0.285277444716627, 0.5982609609296752, -0.46877233474270996, 0.6560079665961378, 0.7300798465407026, -0.8135006212202223, -0.45820770584958415, 0.1047720103713572, 0.13919676969169936, 0.9099296373197137, -0.48554427382657606]
1019.9998168945312	(8, 12, 2)	[-0.14564948674626546, -0.08729611679326668, -0.8653351395080061, 0.27698538050926985, 0.7160555605791707, 0.38543499988251373, -0.19848036441547068, 0.2516602529479707, -0.4416773546424999, 0.9522051990212043, -0.8370310328700211, 1.0, 1.0, 0.41515808207099547, 0.08645932137307066, -0.10919228594306912, 0.037385891398795, 0.7558360057794087, -0.6455796422973022, 0.750039794609211, -0.6987333670747368, 0.6159067737030222, 0.42871862161205987, 0.14935140072366287, -0.6500202359572852, -0.5762580529117438, -0.07472512378126295, -0.25113223293202624, -0.607276599429796, -0.7590675969522508, -0.5179145126394913, -1.0, -0.9862873801665999, -0.4542990310918113, 0.2645571454817745, -0.7790201969554338, 0.6563034989475464, -0.30352610606116004, 1.0, 0.09569137103471514, -0.5636660355755975, 0.0696897517251831, -0.7796126461394296, 0.4470246066531902, -0.012555541651440905, 0.22838730570252608, 0.12766191366108448, 0.39078157039441397, 0.0539480381046425, 0.5804585264723687, -0.01854472432803167, 0.8487835597038427, -0.9229720889240494, -0.6708550706552647, 0.049642813010325026, 0.48496008372050436, -0.7941826850885652, 0.1840236025178188, -0.5552147428235638, 0.5485681392320647, 0.6219791793697391, 0.541368256694942, 0.38544599739336294, -0.17628592299744295, -0.19168248761309803, -0.31557102117207125, 0.9876344980962779, 0.22816866190587848, -0.574236692259755, -0.9804002621778669, 0.9235129509760085, -0.29823437840001077, -0.5031423438143874, -0.06998953460848498, -0.25018889124202437, -0.6435126567120744, 0.014880628586854794, -0.1604809990420626, -0.8921782347678866, 0.826113157507603, 0.08374796758700476, -0.5455224533672067, 0.6868525032963306, 0.8461186534927635, 0.5046528698420862, 0.027242193928435077, 0.6848429100516167, 0.7151538343922434, 0.007411704214246452, -0.5223002269794625, -0.1415504245637306, -0.8372779782434128, 0.2814390974153614, -0.8060141993284187, -0.36975941970573106, 0.6390571228008401, 0.5776256143081038, -0.7096833551869448, -0.5336379992662119, 0.27025582300897233, -0.43921957984150284, 0.5054597903085629, 0.5847261211439757, 0.5600036492693563, -1.0, -0.5234858098970723, 0.7583153720741034, -0.23968730825712425, 0.42521316351031824, 0.285277444716627, 0.5982609609296752, -0.46877233474270996, 0.6560079665961378, 0.7300798465407026, -0.8135006212202223, -0.45820770584958415, 0.1047720103713572, 0.13919676969169936, 0.9099296373197137, -0.48554427382657606]
