1019.9281005859375	(8, 12, 2)	[-0.660287029249661, 0.7729356346146763, 0.2766609794550383, -0.7089854199061945, -0.4387238590748581, 0.9598107165638703, 0.2401022425706083, -0.532312690453425, -0.012179966206144366, 0.8790518499228441, 0.0818567379601749, -0.7564277476974914, -0.6145672849663921, 0.8620993153743763, -0.6836664565798924, -0.6032313464982928, 0.28258990032966214, -0.23427702069209522, -0.9533524456665525, -0.14808090454642242, -0.4999489662766874, 0.9582615521390632, -0.9566708133713264, 0.03293741196460287, -0.2547215722110352, -0.6712281213385298, -0.6084814622493995, 0.2773592492520618, -0.7166891797606296, 0.7353219618154219, 0.8520566988000127, 0.8526637952281662, 0.08608783493309025, -0.5682772108793512, -0.48621116333272574, -0.926385930823225, -0.12464934892636714, 0.3972098847991954, -0.5485313287304814, -0.6432958237659312, -0.8166274548013468, -0.25796851460498615, 0.3488394560346151, -0.4048456288240936, -0.5057992365371684, -0.5290072736100142, 0.42033148261056197, 0.7920007105362152, 0.4793375673625142, -0.9897429361589727, 0.13193104230854602, -0.24305595455861884, -0.3119695394291728, 0.638281825228487, 0.7233397938717523, 0.557417614030562, 0.9469149778772861, -0.037076482860166404, -0.5499672296238078, -0.5512680511170527, -0.8088078569720161, 0.41438025550574675, 0.5330415018911305, 0.9580724252579627, -0.6728552333610882, -0.3002751930206564, -0.9362817041635842, -0.229213986462248, 0.06588098391817643, -0.2868593614623094, -0.11967275296999769, -0.3374216199172393, -0.13583370943750506, -0.5392310526880553, -0.03883051800213799, 0.052544163441352154, 0.5748794194246896, 0.6748475068714839, -0.9991577858959007, 0.8962964777731894, -0.5546860035932892, 0.7054110170083763, 0.7959593614877511, -0.5031746109045998, 0.6558642336457043, 0.13521173489177274, 0.6563351575122767, 0.4847047922565966, 0.21758332532728963, 0.6857064457094268, 0.8345617911467524, -0.3565812145285252, -0.8682353110903884, -0.37908849712719306, 0.9775774203122882, 0.3328455733471911, 0.08696392289816224, 0.3523333144034655, -0.9400181267731567, 0.8295340049115918, 0.02826069282452126, 0.47822716459674863, -0.47166682008678396, -0.10200435567701072, -0.16692539244889604, 0.4631718966488365, 0.6977962719914554, -0.6266862653487686, -0.7510365462045487, -0.1511110728158469, 0.8319191476037888, -0.549273461821651, -0.27712524307335196, 0.18477816746128184, -0.6816900326519992, -0.013267604159974855, 0.3852782141528863, -0.14700965874660632, 0.5433054154533918, 0.5289633059845837]
1019.7420654296875	(8, 12, 2)	[-0.15407870445033045, 0.05409795141466489, 0.006502724925469661, 0.37757718908581395, -0.7615483985952805, -0.9466568652410838, -0.8147852028765181, 0.7754285457544685, 0.42433955704689996, 0.029983472751272, 0.6324625074031609, -0.02166815459810545, 0.656353444378821, 0.4719309374407159, 0.16086824659695975, 0.5297694424442427, -0.5158302525292737, -0.11252030858656381, -0.5917402010950936, -0.9086901048489107, -0.8277888397514366, -0.20917855198033886, 0.9399969924544687, -6.0510590309093004e-05, -0.7244635272943212, 0.43167234145016375, 0.5302544735461057, 0.24732073315755287, 0.13195969230540583, 0.2130810333807871, -0.6008129122219021, -0.6075067631688578, -0.5389679763294304, -0.7881292006836305, -0.6051447723390655, -0.6923353695208225, -0.8557625846912171, -0.08568146501417417, -0.2609789654947796, 0.5667548152375157, -0.3010656209954732, -0.12226246860345968, -0.7155064100426196, -0.23126574929108035, 0.711415547133829, 0.4459194418111372, -0.518890906091275, 0.01575329246318513, 0.6412400903326334, 0.5948947369481965, -0.6915840788772389, 0.5891675597767889, 0.36037026873285427, 0.23538653761660888, 0.8827392901659443, -0.15447682012715003, 0.6104224785539636, -0.06418650881575183, 0.3388635399254274, 0.8217647646704587, -0.3716832414463995, 0.03221321465803473, 0.7441473684570219, -0.5991603929891434, -0.1829857324903501, 0.8845460685893296, -0.5398463857580025, 0.1436671354316872, -0.5193826380191815, 0.0020292847458356356, -0.12709564395735673, -0.4206299799583195, 0.6584919281991561, -0.45968666729787455, 0.9744901927402192, -0.9542034318889441, 0.25781252494948625, -0.7666414177836332, -0.20620872138985802, 0.7509651505852042, -0.7905037704299194, -0.39939134180108393, -0.44240691770380414, -0.37254867902178246, -0.7022913114380553, -0.8253082443192601, 0.617477450789522, 0.23884711945381176, 0.5749173408637789, 0.3176166044767106, -0.9390564024732939, -0.33955862434115613, -0.4600671520030013, -0.5356981118850657, 0.17206113748785, 0.8520619947677863, 0.5406435754562964, -0.4718858047333814, -0.059145631567418366, 0.762694976589583, 0.5961877344928421, -0.22516050202452953, -0.19917870287989792, 0.44671213506868335, -0.9552105722364637, 0.696440024116413, -0.8504109780908322, 0.5688232041836887, -0.9572125089854349, -0.9497289596512741, 0.08079024244146904, -0.24710535037827341, 0.547405540136378, 0.3698899292802522, -0.49116185860836614, 0.3618631275820181, -0.3676836725442387, -0.1891280652899492, -0.698431115044112, 0.7857869893876754]
9.9491605758667	(8, 12, 2)	[-0.19000013012911854, 0.13696020816009047, -0.7652962097089269, 0.27153267850806406, -0.18749290550104236, -0.18552175783047464, -0.2964146287604168, -0.7077426626973145, 0.9724705304244161, -0.7833038647848893, 0.8394018566024151, 0.02147065634250689, -0.6729443431317645, 0.519703614390495, -0.586835213718407, 0.5670378560911837, -0.6201410961680196, -0.1236012050273072, 0.8589187425137887, -0.7393228480935301, 0.07700863498816446, -0.6193775874659251, 0.2030030737579882, -0.5295805229168897, 0.2291587107148021, -0.4707524518709101, -0.15545105681128346, 0.4909778067096531, -0.9071372419358088, -0.5654955326143571, 0.15620809769397082, 0.127451240999086, 0.20116966240444456, -0.7644502010038685, 0.13821085300806746, 0.7995068298497439, 0.03180172556359251, 0.610453628523624, -0.9393113093631795, -0.7917639321238221, 0.4190511994460093, -0.2741197076905324, 0.664544823379642, -0.361692493599302, -0.1925511971410454, 0.04200584369349536, -0.38445584339604455, 0.4580505025773012, 0.5637840890476558, 0.7495627318644811, 0.8200406267827791, 0.3757760591377175, -0.6598586633566983, -0.6102336196479459, 0.6951544412208819, -0.5473603417326285, -0.9655449014644868, 0.9126655382018929, 0.17239410339407812, -0.7784246485819402, -0.16529825608969384, -0.46017397222386536, 0.32354638589473006, 0.008284914380120467, -0.8383984040620698, -0.5685325871779068, -0.2881567095959652, -0.7065078291741571, 0.5817345691690834, -0.8283327194884218, 0.8962261657346029, 0.43231559665725916, 0.26867315148640114, -0.47055359639200756, 0.7984890226875638, 0.6188273505679573, 0.5608463625759506, 0.7063383979942577, -0.42200307645463164, 0.46341675800312054, -0.027514595846746426, 0.9164952811764011, -0.0718352581147701, 0.49867362719763, -0.9667850783464733, -0.743291772833367, -0.9987243918390787, -0.7386202330044216, 0.5302979929940292, 0.24075156352598803, 0.5310276881920024, 0.4252439313355405, 0.38169494845837715, -0.4921159215066806, -0.050612291875979265, 0.006918676408037561, -0.15294081110426205, 0.4184545662025756, -0.9453153921060482, -0.6387893294063098, 0.2828421535235395, 0.4872855842207944, 0.5609578822692163, -0.3959091712011471, -0.3349669169230416, 0.004164980974235233, 0.48360305071867526, -0.3599638693791629, -0.22844055589534018, 0.607879068972969, -0.15579542958516424, -0.45402157235841445, 0.06776696462063914, 0.503654389792398, -0.1446323729648864, 0.013744309758844553, 0.4910553671580953, 0.785438624126114, 0.9929723144548468, -0.9617679141988784]
1019.833740234375	(8, 12, 2)	[0.41837516349793824, -0.5431333792716218, -0.9314800005505812, -0.8838242225351438, 0.7047223934053186, -0.7390927145256341, 0.3739186610399823, 0.12847828116054116, -0.25304158997007287, 0.2782910698606087, 0.8424691263292945, -0.6400966084077804, 0.31780821514821644, 0.1781495247179341, -0.9769743010409417, 0.28249970992841655, -0.09143369432744852, -0.5603677583748425, 0.4256904779305095, -0.7344870527440746, 0.16758138709630654, 0.11051245896383088, 0.8513309286419521, -0.06752875174482553, 0.9697104342208238, 0.653105190663428, -0.11219921475545891, 0.9340205898837546, -0.4576145018780591, 0.24972657174081636, -0.02892015895276434, 0.5235088495474629, 0.5642349132917406, -0.9756680745290078, 0.9681593397139345, 0.9479334490501834, 0.8911345712465202, -0.724208225316197, 0.5831456458523052, -0.831186746922274, -0.677480481704835, -0.037602546489083455, 0.06915520058204572, 0.5847704558744076, 0.5146307148964533, -0.11657903368624423, -0.905695936511433, -0.5705919080366395, -0.7338540479826221, 0.6085145543932966, 0.20067320797683053, 0.8828875346562688, 0.30656727544951323, 0.32817351238607184, -0.37162210751683933, 0.33758086416374833, -0.2552642188002263, 0.11905552695913046, -0.008780332627348786, -0.23090183913781526, -0.3895697151800843, -0.369577724661557, 0.13526661338360024, -0.7198912457575568, -0.0691339124570658, 0.4674511448949197, -0.4420341120519993, -0.2712308832509398, 0.15269878053249286, 0.207422217529329, 0.6707300249484354, -0.3208614369991829, -0.44898008437421244, 0.2527919450145477, 0.49876569338541543, 0.8318764626674107, 0.1831877314413175, -0.9611676403376836, 0.8411746869377008, -0.5396845963809587, -0.5037185101223547, -0.7676268776395316, -0.9063417463585741, -0.5832240359072518, -0.08610373202723975, -0.17327094210460237, -0.20339835475887802, -0.6374303532831931, -0.16078532770294163, -0.5968664681547553, -0.2640947194143257, -0.24202444658230315, 0.31075425164185777, -0.037474701142194755, 0.9702984990329795, -0.21201254723455798, -0.08490274353995186, -0.910793758088565, -0.3004336643681502, 0.9590808429332349, -0.29856702907721644, 0.8459768728083061, 0.05028836465330677, 0.8080888063932887, 0.7604718433916866, -0.6121031521170208, 0.938404261019703, 0.07478852532277092, -0.6106726548130395, 0.9051650047185189, -0.6821485158134029, 0.20664996092708998, -0.6623945361709471, 0.6088866961335957, 0.46704395582156066, -0.21208852803882094, 0.8864563586178511, 0.410377259941173, 0.9743842518833616, -0.5744289288421918]
1019.2913818359375	(8, 12, 2)	[-0.22685334311935912, 0.6456036765714683, 0.6555060048114147, 0.9617508254469218, -0.890464830838527, 0.7353927614161853, -0.4561409874410871, -0.7077426626973145, 0.9169257346840782, 0.5885950147922103, -0.6077436897599839, -0.02818500850362704, 0.31780821514821644, 0.5221681753731433, 0.08430440300903652, 0.7535330312320181, 0.6522990378552362, -0.5603677583748425, 0.4256904779305095, -0.3111538438099437, 0.3143728934809611, 0.11051245896383088, -0.24032254551719934, 0.8571510901250408, 0.8820869342973379, -0.3672234211072709, -0.8138215430227986, -0.6107652286213751, -0.7433812258392247, -0.7054526749459205, -0.02892015895276434, -0.5849572572612993, 0.1610854601190943, -0.07544899183608389, -0.46387028707831, 0.6757095311651484, -0.3042220018244024, 0.5193654784968689, 0.196531957624132, 0.061753526994191565, 0.09488648138088629, -0.5662357955996353, 0.06915520058204572, -0.5865794680865681, -0.036816619574215226, 0.02115278122300479, 0.8493926685256523, -0.554807635440892, -0.7338540479826221, -0.31891650428568386, 0.7683420007320501, 0.8828875346562688, -0.8988916344609645, 0.5267606372734428, -0.724526560522683, 0.33758086416374833, -0.41269110554650146, 0.597729693127534, -0.5429812668879437, -0.1224758480508199, -0.40141443755230255, -0.47130801001041256, 0.17735512695971878, 0.9819718592352282, 0.4276259030692735, 0.7600677140290055, -0.3247879927099284, 0.5193338514414485, -0.5866969292754296, 0.207422217529329, 0.7922719667211147, -0.24664569455646035, 0.9537395155794459, -0.8303430789540929, 0.3001893914942797, 0.7073146416260818, -0.6455716497880861, 0.7063383979942577, 0.41454111298539575, 0.9339928604575983, -0.8699650970023358, -0.23439385668639612, 0.10934746912276738, -0.14019686479159432, 0.41685728429458013, 0.9016362331409948, 0.8864350297355126, -0.6374303532831931, 0.8080615220162941, 0.23484263575010544, -0.19750451574452987, -0.08808787276103902, 0.38169494845837715, -0.37759414529916513, -0.7290379449800235, 0.6301175937150676, -0.7914062419833194, 0.1877469745614091, -0.21631999175659788, 0.35241158500039327, 0.40785951756368677, 0.6621802453816377, -0.19817066862875254, 0.24229895685141745, -0.30957108385642385, 0.9619866368219758, 0.48360305071867526, -0.08578550766715587, 0.5374774997571339, 0.9051650047185189, 0.6544995055204894, -0.5524938521054163, -1.0, -0.21712884649045416, -0.7352872079545807, -0.07960900100698964, -0.6564399969702968, -0.9277775169590763, -0.9786657112968982, -0.9427286367001242]
1019.8446655273438	(8, 12, 2)	[-0.9332687657954264, 0.603002388774807, 0.2182987168249002, -0.520788758855574, -0.4387238590748581, -0.18552175783047464, -0.32222582834317404, -0.6635379923323319, 0.2670562113423043, 0.5885950147922103, 0.0818567379601749, 0.39863022103743573, -0.8346211152955159, -0.8511119759916204, -0.6133028541313277, 0.7535330312320181, 0.5550691134685535, -0.5603677583748425, -0.3650561100379155, -0.08548652537824997, -0.6706759944508196, 0.18452670924307557, 0.8513309286419521, -0.16661951057738067, 0.27415609111340933, 0.7829304995429991, -0.11219921475545891, -0.8799594593366409, 0.5384421171025455, 0.9701513397781316, -0.16162194757867665, 0.5235088495474629, -0.4870608475387683, -0.9756680745290078, -0.2966653470103968, -0.9274716038291126, 0.8911345712465202, -0.0802425522652006, -0.9393113093631795, 0.6343808862762061, 0.32091788090469175, 0.7340233942443944, -0.5883271262834053, -0.04965202430959814, -0.3569135626238147, 0.04200584369349536, -0.1291544696408704, 0.4580505025773012, 0.4793375673625142, 0.7495627318644811, -0.22674165368339994, -0.7665011288001797, -0.7169580380592897, 0.32817351238607184, -0.7992611207265121, -0.4883132871496303, -0.2552642188002263, 0.6957280189099473, 0.3574984529931393, -0.5512680511170527, 0.32100164365376616, -0.03138430190434338, -0.16796939869027291, 0.6530105899777132, 0.42039615967982247, -0.6786583725831596, -0.3247879927099284, -0.7065078291741571, -0.32747115595916165, -0.11154732455456617, 0.949469750892495, 0.8535836041262337, -0.44898008437421244, -0.8581045125989406, 0.61143750565321, 0.3827240863526249, 0.2938521393027722, -0.9611676403376836, -0.8721417241130007, 0.03401556004440409, -0.7905037704299194, 0.7339581351416906, -0.7020411678048637, -0.5832240359072518, 0.9596640090784168, 0.9478439937108702, -0.2834214340193897, -0.939966535592514, 0.21779540360259064, 0.6270321569970867, -0.6542138273054658, 0.3133248420346939, -0.9755399705598669, -0.5395648200326935, -0.050612291875979265, -0.2942931642912079, 0.24405730348617816, 0.8905521503659588, -0.9453153921060482, -0.14039482394951164, 0.5843688653697854, -0.15226950752808133, -0.19917870287989792, 0.47954727290436394, -0.9725062250130398, 0.11219862941943325, 0.938404261019703, -0.3599638693791629, 0.019970782703215395, -0.7683464536508369, 0.8319191476037888, -0.32556943674356864, -0.4466872814217997, -0.3013070999789276, 0.8237159547171544, 0.864625092657715, -0.7462230931760834, -0.7428004521956457, 0.9350915111764335, -0.03130564498649768]
1019.8489379882812	(8, 12, 2)	[-0.9332687657954264, 0.603002388774807, 0.2182987168249002, -0.520788758855574, -0.4387238590748581, -0.18552175783047464, -0.32222582834317404, -0.6635379923323319, 0.2670562113423043, 0.5885950147922103, 0.0818567379601749, 0.39863022103743573, -0.8346211152955159, -0.8511119759916204, -0.6133028541313277, 0.7535330312320181, 0.5550691134685535, -0.5603677583748425, -0.3650561100379155, -0.08548652537824997, -0.6706759944508196, 0.18452670924307557, 0.8513309286419521, -0.16661951057738067, 0.27415609111340933, 0.7829304995429991, -0.11219921475545891, -0.8799594593366409, 0.5384421171025455, 0.9701513397781316, -0.16162194757867665, 0.5235088495474629, -0.4870608475387683, -0.9756680745290078, -0.2966653470103968, -0.9274716038291126, 0.8911345712465202, -0.0802425522652006, -0.9393113093631795, 0.6343808862762061, 0.32091788090469175, 0.7340233942443944, -0.5883271262834053, -0.04965202430959814, -0.3569135626238147, 0.04200584369349536, -0.1291544696408704, 0.4580505025773012, 0.4793375673625142, 0.7495627318644811, -0.22674165368339994, -0.7665011288001797, -0.7169580380592897, 0.32817351238607184, -0.7992611207265121, -0.4883132871496303, -0.2552642188002263, 0.6957280189099473, 0.3574984529931393, -0.5512680511170527, 0.32100164365376616, -0.03138430190434338, -0.16796939869027291, 0.6530105899777132, 0.42039615967982247, -0.6786583725831596, -0.3247879927099284, -0.7065078291741571, -0.32747115595916165, -0.11154732455456617, 0.949469750892495, 0.8535836041262337, -0.44898008437421244, -0.8581045125989406, 0.61143750565321, 0.3827240863526249, 0.2938521393027722, -0.9611676403376836, -0.8721417241130007, 0.03401556004440409, -0.7905037704299194, 0.7339581351416906, -0.7020411678048637, -0.5832240359072518, 0.9596640090784168, 0.9478439937108702, -0.2834214340193897, -0.939966535592514, 0.21779540360259064, 0.6270321569970867, -0.6542138273054658, 0.3133248420346939, -0.9755399705598669, -0.5395648200326935, -0.050612291875979265, -0.2942931642912079, 0.24405730348617816, 0.8905521503659588, -0.9453153921060482, -0.14039482394951164, 0.5843688653697854, -0.15226950752808133, -0.19917870287989792, 0.47954727290436394, -0.9725062250130398, 0.11219862941943325, 0.938404261019703, -0.3599638693791629, 0.019970782703215395, -0.7683464536508369, 0.8319191476037888, -0.32556943674356864, -0.4466872814217997, -0.3013070999789276, 0.8237159547171544, 0.864625092657715, -0.7462230931760834, -0.7428004521956457, 0.9350915111764335, -0.03130564498649768]
1019.6172485351562	(8, 12, 2)	[-0.9332687657954264, 0.603002388774807, 0.2182987168249002, -0.520788758855574, -0.4387238590748581, -0.18552175783047464, -0.32222582834317404, -0.6635379923323319, 0.2670562113423043, 0.5885950147922103, 0.0818567379601749, 0.39863022103743573, -0.8346211152955159, -0.8511119759916204, -0.6133028541313277, 0.7535330312320181, 0.5550691134685535, -0.5603677583748425, -0.3650561100379155, -0.08548652537824997, -0.6706759944508196, 0.18452670924307557, 0.8513309286419521, -0.16661951057738067, 0.27415609111340933, 0.7829304995429991, -0.11219921475545891, -0.8799594593366409, 0.5384421171025455, 0.9701513397781316, -0.16162194757867665, 0.5235088495474629, -0.4870608475387683, -0.9756680745290078, -0.2966653470103968, -0.9274716038291126, 0.8911345712465202, -0.0802425522652006, -0.9393113093631795, 0.6343808862762061, 0.32091788090469175, 0.7340233942443944, -0.5883271262834053, -0.04965202430959814, -0.3569135626238147, 0.04200584369349536, -0.1291544696408704, 0.4580505025773012, 0.4793375673625142, 0.7495627318644811, -0.22674165368339994, -0.7665011288001797, -0.7169580380592897, 0.32817351238607184, -0.7992611207265121, -0.4883132871496303, -0.2552642188002263, 0.6957280189099473, 0.3574984529931393, -0.5512680511170527, 0.32100164365376616, -0.03138430190434338, -0.16796939869027291, 0.6530105899777132, 0.42039615967982247, -0.6786583725831596, -0.3247879927099284, -0.7065078291741571, -0.32747115595916165, -0.11154732455456617, 0.949469750892495, 0.8535836041262337, -0.44898008437421244, -0.8581045125989406, 0.61143750565321, 0.3827240863526249, 0.2938521393027722, -0.9611676403376836, -0.8721417241130007, 0.03401556004440409, -0.7905037704299194, 0.7339581351416906, -0.7020411678048637, -0.5832240359072518, 0.9596640090784168, 0.9478439937108702, -0.2834214340193897, -0.939966535592514, 0.21779540360259064, 0.6270321569970867, -0.6542138273054658, 0.3133248420346939, -0.9755399705598669, -0.5395648200326935, -0.050612291875979265, -0.2942931642912079, 0.24405730348617816, 0.8905521503659588, -0.9453153921060482, -0.14039482394951164, 0.5843688653697854, -0.15226950752808133, -0.19917870287989792, 0.47954727290436394, -0.9725062250130398, 0.11219862941943325, 0.938404261019703, -0.3599638693791629, 0.019970782703215395, -0.7683464536508369, 0.8319191476037888, -0.32556943674356864, -0.4466872814217997, -0.3013070999789276, 0.8237159547171544, 0.864625092657715, -0.7462230931760834, -0.7428004521956457, 0.9350915111764335, -0.03130564498649768]
1017.258056640625	(8, 12, 2)	[-0.9332687657954264, -0.8127002153440641, 0.2182987168249002, -0.520788758855574, -0.4387238590748581, -0.3103864427123965, -0.32222582834317404, -0.6635379923323319, 0.2670562113423043, 0.5538662829679215, 0.6471071378732607, 0.39863022103743573, 0.038076378933434185, -0.8511119759916204, -0.6133028541313277, 0.6426635441789621, 0.5550691134685535, 0.6945166779730949, -0.502539894784527, -0.1452254891344773, -0.6706759944508196, 0.18452670924307557, -0.24032254551719934, 0.8888523126167578, 0.27415609111340933, 0.7829304995429991, -0.11219921475545891, 0.4909778067096531, -0.7433812258392247, 0.9701513397781316, -0.02892015895276434, 0.5235088495474629, 0.5561463888355211, -0.9756680745290078, -0.5052852897358784, 0.6757095311651484, -0.8927571714090505, 0.811030795425028, -0.03475107238384689, 0.8104100915887487, 0.32091788090469175, 0.7340233942443944, 0.9795834935972687, -0.8860094349477752, 0.8456160140788083, 0.8818600477615834, 0.3553717632797173, 0.01575329246318513, 0.4793375673625142, -0.31891650428568386, 0.20067320797683053, -0.7665011288001797, -0.22287374875833876, 0.32817351238607184, -0.7992611207265121, 0.30885344063319176, -0.2552642188002263, 0.6957280189099473, 0.17239410339407812, -0.5512680511170527, -0.7415992058438279, -0.03138430190434338, -0.16796939869027291, 0.6530105899777132, -0.8383984040620698, -0.6786583725831596, -0.3247879927099284, -0.7065078291741571, 0.06588098391817643, -0.11154732455456617, 0.949469750892495, -0.24664569455646035, -0.2695216805193985, -0.6768415350504435, 0.61143750565321, 0.3594178306990039, 0.2938521393027722, -0.578724440131436, -0.9991577858959007, 0.03401556004440409, -0.7905037704299194, 0.23837077813934582, -0.7020411678048637, -0.5832240359072518, 0.9596640090784168, -0.4614039809496122, 0.6563351575122767, 0.07314066332250668, 0.21779540360259064, 0.6270321569970867, -0.03768810253154542, -0.048116298602117524, -0.9755399705598669, -0.5395648200326935, -0.14830996971006027, -0.19444565382144785, 0.24405730348617816, -0.7771656222570458, -0.9453153921060482, 0.9479578347185538, 0.5843688653697854, -0.15226950752808133, -0.19917870287989792, -0.7019784512457865, -0.9725062250130398, 0.03249016968819629, 0.938404261019703, -0.3599638693791629, 0.019970782703215395, -0.7683464536508369, -0.3721079151253772, -0.45402157235841445, -0.4466872814217997, -0.3013070999789276, -0.5078891687825013, 0.864625092657715, 0.4910553671580953, 0.9908438278674818, 0.8614596318907661, -0.03130564498649768]
1019.9464721679688	(8, 12, 2)	[-0.9332687657954264, 0.603002388774807, 0.2182987168249002, -0.520788758855574, -0.4387238590748581, 0.353463243044285, -0.32222582834317404, -0.6635379923323319, 0.2670562113423043, 0.5885950147922103, -0.6077436897599839, 0.2980775233414339, 0.008251557867217096, -0.8511119759916204, -0.1887167944541961, 0.7535330312320181, 0.5550691134685535, 0.25098043027584893, -0.3650561100379155, -0.015271962750699197, -0.6706759944508196, 0.18452670924307557, 0.8513309286419521, 0.8888523126167578, -0.479554763468665, 0.9072132506113508, -0.15545105681128346, -0.8643422298899051, 0.5396386291062634, 0.9701513397781316, -0.16162194757867665, 0.127451240999086, -0.6832115294321426, -0.9756680745290078, -0.2966653470103968, 0.6069182406659837, 0.8911345712465202, -0.0802425522652006, -0.03475107238384689, 0.061753526994191565, -0.4259241604174273, 0.5168268984981412, -0.6412200488125457, -0.04965202430959814, -0.3569135626238147, 0.18430193788182647, 0.42033148261056197, -0.3553276132359495, 0.4793375673625142, 0.7495627318644811, -0.22674165368339994, -0.7665011288001797, -0.7169580380592897, 0.32817351238607184, -0.7992611207265121, -0.4883132871496303, -0.47944261947115036, -0.8967542057014093, 0.3574984529931393, 0.4534926711818741, -0.7415992058438279, 0.720316477900086, 0.6541130148532428, 0.1654119811414232, 0.42039615967982247, 0.8019624818358093, -0.18291223932464185, -0.7065078291741571, -0.9524376360531341, -0.11154732455456617, 0.949469750892495, 0.8535836041262337, -0.44898008437421244, -0.6768415350504435, -0.6793104482072432, -0.6920819845862356, -0.9962530383243207, -0.9611676403376836, -0.8721417241130007, -0.6046216220332228, -0.5546860035932892, 0.5774464482087777, -0.7020411678048637, -0.5832240359072518, -0.11131627320079374, 0.13521173489177274, -0.2834214340193897, 0.9028200847138086, 0.21779540360259064, 0.6270321569970867, 0.10236063830628739, 0.3133248420346939, -0.9755399705598669, -0.5395648200326935, -0.14830996971006027, -0.4414380612646387, 0.9058242161602865, 0.1877469745614091, 0.34384374107294957, 0.4453641998256943, 0.7184015837599997, -0.15226950752808133, -0.19917870287989792, -0.42373859135230574, -0.200675980129414, 0.11219862941943325, 0.3881580564325844, -0.1373280609026193, 0.3747361344492508, 0.0988575469176729, 0.8319191476037888, -0.32556943674356864, -0.5758687940142233, 0.3698899292802522, 0.8237159547171544, 0.864625092657715, -0.7462230931760834, -0.7428004521956457, -0.509803737063891, -0.03130564498649768]
1013.6683349609375	(8, 12, 2)	[0.8037114333106739, 0.603002388774807, 0.2182987168249002, -0.939241518721111, -0.4387238590748581, 0.9057097972403261, 0.2260923455381798, 0.5651542993218592, 0.2670562113423043, -0.5262791285015901, 0.8394018566024151, 0.2603803547625414, 0.32062324430330924, 0.3208244752633358, -0.06933385666877445, 0.28249970992841655, -0.44780210313861946, -0.5603677583748425, 0.3734477484997507, -0.7393228480935301, 0.20878113333042458, -0.6144683758096195, 0.2030030737579882, -0.5830775058202844, -0.7040719718445521, 0.7829304995429991, -0.7343363545541313, -0.8799594593366409, -0.355474809182561, 0.8704864345364387, -0.5126326405991564, 0.127451240999086, -0.6832115294321426, 0.6799753867651628, -0.4698793290224157, -0.9456575462440311, 0.07330779462885673, 0.610453628523624, 0.196531957624132, 0.061753526994191565, 0.32091788090469175, -0.20866386392220648, 0.06915520058204572, 0.7006901805167798, -0.4263860981600267, 0.7038579672877405, -0.38445584339604455, 0.01575329246318513, 0.8804689801074561, 0.5073392499279449, 0.5925865054368471, -0.5251511617821352, -0.3368601882993836, -0.19775952798925678, 0.8355500756237286, 0.3941927758982746, -0.24014850370436247, -0.8967542057014093, -0.39018161540218155, -0.5512680511170527, -0.7415992058438279, 0.4394927516545615, 0.15247275942710092, 0.1654119811414232, 0.2918656075013215, -0.706149258963926, 0.3975153724241671, 0.8750500375290964, -0.7974054143231859, 0.9734143459154638, 0.949469750892495, 0.8535836041262337, 0.22122860584337767, 0.33560053643597576, 0.8687984749911615, -0.3954173840748585, -0.7935730942696149, -0.30004825715295924, -0.8558290176211973, 0.7766751218446795, 1.0, 0.5836432966303635, -0.7020411678048637, 0.2969068073656056, -0.11131627320079374, -0.4614039809496122, 0.4218817797933401, 0.19309541097507288, -0.6084515414545295, 0.6694440258521959, 0.020820239076368416, 0.11394080999017087, -0.8030998393314377, -0.37759414529916513, -0.14830996971006027, -0.4414380612646387, -0.15294081110426205, 0.8488166716981491, -0.05765813661692576, -0.09288497265989526, 0.2828421535235395, 0.759574794625308, -0.19917870287989792, -0.42373859135230574, 0.40033874214475285, 0.11219862941943325, -0.38515307133435606, -0.1373280609026193, 0.3747361344492508, 0.5279824812538729, -0.3721079151253772, -0.6565071457767817, 0.8736241818857937, 0.3698899292802522, 0.4694099643016072, 0.5694694609677677, 0.6134462244192007, 0.19739736863789403, -0.509803737063891, -0.5744289288421918]
1019.9522705078125	(8, 12, 2)	[0.8037114333106739, 0.603002388774807, 0.2182987168249002, -0.939241518721111, -0.4387238590748581, 0.9057097972403261, 0.2260923455381798, 0.5651542993218592, 0.2670562113423043, -0.5262791285015901, 0.8394018566024151, 0.2603803547625414, 0.32062324430330924, 0.3208244752633358, -0.06933385666877445, 0.28249970992841655, -0.44780210313861946, -0.5603677583748425, 0.3734477484997507, -0.7393228480935301, 0.20878113333042458, -0.6144683758096195, 0.2030030737579882, -0.5830775058202844, -0.7040719718445521, 0.7829304995429991, -0.7343363545541313, -0.8799594593366409, -0.355474809182561, 0.8704864345364387, -0.5126326405991564, 0.127451240999086, -0.6832115294321426, 0.6799753867651628, -0.4698793290224157, -0.9456575462440311, 0.07330779462885673, 0.610453628523624, 0.196531957624132, 0.061753526994191565, 0.32091788090469175, -0.20866386392220648, 0.06915520058204572, 0.7006901805167798, -0.4263860981600267, 0.7038579672877405, -0.38445584339604455, 0.01575329246318513, 0.8804689801074561, 0.5073392499279449, 0.5925865054368471, -0.5251511617821352, -0.3368601882993836, -0.19775952798925678, 0.8355500756237286, 0.3941927758982746, -0.24014850370436247, -0.8967542057014093, -0.39018161540218155, -0.5512680511170527, -0.7415992058438279, 0.4394927516545615, 0.15247275942710092, 0.1654119811414232, 0.2918656075013215, -0.706149258963926, 0.3975153724241671, 0.8750500375290964, -0.7974054143231859, 0.9734143459154638, 0.949469750892495, 0.8535836041262337, 0.22122860584337767, 0.33560053643597576, 0.8687984749911615, -0.3954173840748585, -0.7935730942696149, -0.30004825715295924, -0.8558290176211973, 0.7766751218446795, 1.0, 0.5836432966303635, -0.7020411678048637, 0.2969068073656056, -0.11131627320079374, -0.4614039809496122, 0.4218817797933401, 0.19309541097507288, -0.6084515414545295, 0.6694440258521959, 0.020820239076368416, 0.11394080999017087, -0.8030998393314377, -0.37759414529916513, -0.14830996971006027, -0.4414380612646387, -0.15294081110426205, 0.8488166716981491, -0.05765813661692576, -0.09288497265989526, 0.2828421535235395, 0.759574794625308, -0.19917870287989792, -0.42373859135230574, 0.40033874214475285, 0.11219862941943325, -0.38515307133435606, -0.1373280609026193, 0.3747361344492508, 0.5279824812538729, -0.3721079151253772, -0.6565071457767817, 0.8736241818857937, 0.3698899292802522, 0.4694099643016072, 0.5694694609677677, 0.6134462244192007, 0.19739736863789403, -0.509803737063891, -0.5744289288421918]
1019.765869140625	(8, 12, 2)	[-0.19000013012911854, -0.5431333792716218, 0.2182987168249002, 0.6542549900993331, -0.4387238590748581, -0.2864658061880857, 0.2260923455381798, 0.1614039898787245, 0.09064584150194, 0.5538662829679215, 0.13377458595844893, 0.02147065634250689, 0.038076378933434185, -0.8511119759916204, -0.16843374635605124, 0.1171157653331465, 0.6522990378552362, -0.9933046155050447, 0.3734477484997507, -0.1452254891344773, 0.20878113333042458, -0.6144683758096195, 0.2030030737579882, -6.0510590309093004e-05, 0.27415609111340933, -0.8632349300943647, -0.11219921475545891, 0.7494201654239039, 0.16654245888869945, 0.28611210661851305, -0.02892015895276434, -0.5849572572612993, 0.5561463888355211, 0.6799753867651628, -0.4698793290224157, -0.4091173447368046, 0.15776346736080146, 0.811030795425028, -0.9543871874937861, -0.0109037656843598, -0.15601886495626396, -0.2741197076905324, 0.9795834935972687, -0.8860094349477752, 0.8456160140788083, -0.7512857108539861, 0.3553717632797173, -0.6936786923556049, 0.3176212766982611, -0.31891650428568386, 0.20067320797683053, 0.3757760591377175, -0.22287374875833876, 0.32817351238607184, -0.7992611207265121, 0.30885344063319176, -0.47944261947115036, -0.623742431856591, -0.39018161540218155, -0.5512680511170527, -0.7415992058438279, 0.4394927516545615, 0.13526661338360024, -0.24946396198349974, -0.8383984040620698, -0.6786583725831596, 0.3975153724241671, 0.8750500375290964, 0.06588098391817643, -0.2868593614623094, -0.7971360542183625, 0.8535836041262337, 0.26867315148640114, -0.6768415350504435, 0.8687984749911615, 0.3594178306990039, -0.7935730942696149, -0.5072031491054689, -0.9991577858959007, -0.4568609714112233, -0.7905037704299194, 0.3436151974689987, 0.7678520824223289, -0.7576501952702807, -0.8072972884937293, 0.10010523467500065, 0.3277694155278237, 0.7716379623259138, 0.21779540360259064, 0.573910689964847, -0.3568965757767446, -0.048116298602117524, -0.9755399705598669, -0.5395648200326935, -0.14830996971006027, -0.19444565382144785, -0.09371784550351259, -0.7771656222570458, -0.05765813661692576, 0.35241158500039327, 0.5843688653697854, 0.8032060033491097, -0.19917870287989792, 0.8867425424236814, 0.1895188661556244, 0.03249016968819629, 0.3881580564325844, -0.3599638693791629, -0.9572125089854349, 0.5279824812538729, -0.3721079151253772, -0.45402157235841445, 0.6182400509396317, -0.3013070999789276, -0.1446323729648864, 0.013744309758844553, 0.8344102144731831, 0.9908438278674818, -0.509803737063891, -0.03130564498649768]
15.593103408813477	(8, 12, 2)	[0.5267789196885917, -0.4118646486747102, -0.7652962097089269, -0.019664787032819264, -0.4387238590748581, -0.8139968714396073, -0.32222582834317404, 0.08254526418787389, 0.2670562113423043, 0.6084666624923061, -0.911116604245506, 0.2603803547625414, 0.008251557867217096, -0.41661007647051096, 0.08430440300903652, 0.5670378560911837, 0.5550691134685535, -0.9762999387045985, 0.3734477484997507, -0.3111538438099437, 0.3143728934809611, 0.4058581045384215, 0.2030030737579882, -0.5830775058202844, 0.27415609111340933, 0.7829304995429991, -0.9890424352504761, -0.15661620006095212, 0.16654245888869945, 0.24872462918035376, 0.3491274491816343, -0.5849572572612993, -0.6832115294321426, -0.2817846609829169, -0.5431165362933097, -0.6923353695208225, 0.8969616141733676, 0.8423544559529907, 0.196531957624132, 0.24156410868070655, -0.15601886495626396, 0.7144294643092185, 0.06915520058204572, 0.4914543093829089, -0.4263860981600267, -0.7512857108539861, 0.8493926685256523, -0.8769313714179692, 0.11995065900542201, 0.4458107995314142, -0.22674165368339994, -0.7665011288001797, 0.41575531062872617, 0.638281825228487, 0.7823654685179599, 0.9038785260621018, -0.20758722995921253, -0.8967542057014093, 0.3574984529931393, 0.4534926711818741, -0.7415992058438279, -0.6839266561735335, 0.15247275942710092, -0.7198912457575568, -0.8204186508582263, -0.8518341752649399, -0.32126836973177353, -0.8111571950106533, 0.5817345691690834, -0.11154732455456617, 0.949469750892495, -0.2475880099379142, 0.13009961508611534, -0.6256623683443476, 0.8687984749911615, 0.7263566835743765, -0.6455716497880861, 0.04638255884715714, 0.8804299593502123, 0.7766751218446795, -0.22572467473194568, 0.7339581351416906, 0.7959593614877511, 0.49867362719763, 0.6558642336457043, 0.9478439937108702, -0.17501024562491008, 0.9028200847138086, 0.21779540360259064, 0.23484263575010544, -0.8248910795871569, 0.11394080999017087, 0.31075425164185777, 0.7743390449443632, -0.9460208883493069, 0.006918676408037561, 0.24405730348617816, 0.8905521503659588, -0.03061263902402911, -0.14039482394951164, -0.3069018859379531, 0.6621802453816377, 0.5609578822692163, 0.47954727290436394, -0.800916575383398, 0.9619866368219758, -0.05688329503614664, -0.8762119494509608, -0.7510365462045487, 0.5279824812538729, 0.5669365269002082, 0.3966986925032876, 0.06776696462063914, -0.8131794896971463, 0.8237159547171544, 0.5694694609677677, 0.4910553671580953, -0.9277775169590763, 0.596562576477236, 0.948326603462111]
15.097704887390137	(8, 12, 2)	[-0.08092707892334916, -0.9330947872706721, -0.7652962097089269, -0.019664787032819264, -0.4387238590748581, 0.2635818171816674, -0.32222582834317404, -0.36269541472151956, 0.41680810027615633, 0.5538662829679215, 0.0818567379601749, 0.2603803547625414, -0.5660857131646042, 0.4719309374407159, 0.08430440300903652, 0.5670378560911837, 0.5550691134685535, -0.9762999387045985, 0.3734477484997507, 0.23979492777129524, 0.20878113333042458, 0.4058581045384215, 0.9399969924544687, -0.16661951057738067, 0.827908947526572, 0.9797301561992686, -0.9890424352504761, -0.10464978502612476, 0.16654245888869945, 0.9701513397781316, 0.7636567792603626, 0.8526637952281662, -0.4870608475387683, -0.07544899183608389, -0.5431165362933097, 0.6757095311651484, 0.3454270019060677, 0.8423544559529907, -0.06424947321571972, 0.061753526994191565, 0.4190511994460093, 0.566778049188498, -0.2545961315337111, -0.04965202430959814, -0.17886750079618574, -0.46638920438523357, -0.518890906091275, 0.01575329246318513, -0.975612372827322, 0.8839656248079933, 0.20067320797683053, 0.8417923934006628, -0.3368601882993836, 0.32817351238607184, 0.7823654685179599, -0.4883132871496303, -0.24014850370436247, -0.8967542057014093, -0.5429812668879437, 0.4534926711818741, -0.3667538516851159, -0.6839266561735335, -0.2592344570484686, 0.9250438676213353, 0.42039615967982247, -0.6786583725831596, -0.18291223932464185, -0.7065078291741571, 0.6281898070256197, -0.11154732455456617, 0.8962261657346029, 0.8535836041262337, -0.8702156125867182, -0.6256623683443476, -0.6793104482072432, 0.7073146416260818, 0.8589461522310997, 0.09205518920473581, -0.8558290176211973, 0.5875560089918852, -0.5690431815880428, 0.2649943403028432, -0.7020411678048637, 0.49867362719763, 0.6558642336457043, 0.13521173489177274, -0.2834214340193897, 0.19309541097507288, 0.21779540360259064, 0.6012399053168684, -0.03768810253154542, -0.09414737094880526, -0.8030998393314377, 0.16362832769702035, -0.5570031782873746, -0.19444565382144785, -0.08490274353995186, 0.8918077170943689, 0.6164541907239989, -0.14039482394951164, 0.7184015837599997, 0.6621802453816377, 0.09097440793639633, -0.42373859135230574, -0.800916575383398, 0.9619866368219758, -0.39206632698692623, -0.3599638693791629, 0.8060570493974959, -0.8743109101115707, -0.4353212585068972, -0.45402157235841445, 0.6182400509396317, -0.8686811667061836, 0.8237159547171544, 0.864625092657715, 0.4910553671580953, -0.7428004521956457, -0.038935368427051475, -0.9932025601031023]
1019.7794799804688	(8, 12, 2)	[-0.4897357798883748, 0.13696020816009047, 0.2182987168249002, -0.019664787032819264, 0.9141678790039226, -0.8139968714396073, 0.2260923455381798, -0.42181150056817035, 0.2670562113423043, 0.5885950147922103, -0.911116604245506, 0.36799584007368613, 0.008251557867217096, -0.8511119759916204, -0.17246615522540612, 0.7535330312320181, 0.5550691134685535, -0.9762999387045985, -0.502539894784527, -0.015271962750699197, -0.6706759944508196, 0.4058581045384215, 0.2030030737579882, -0.16661951057738067, -0.233330128425, 0.9072132506113508, -0.9890424352504761, -0.10464978502612476, 0.5384421171025455, 0.24872462918035376, 0.79034657601192, -0.6420597677596496, -0.6832115294321426, -0.2817846609829169, -0.560327601963083, 0.5947785555951847, 0.8969616141733676, 0.811030795425028, -0.06424947321571972, 0.6343808862762061, 0.32091788090469175, 0.6478171782298301, -0.5883271262834053, 0.7006901805167798, 0.8456160140788083, -0.46638920438523357, 0.8493926685256523, -0.8769313714179692, 0.11995065900542201, 0.5073392499279449, 0.7683420007320501, -0.5251511617821352, 0.41575531062872617, 0.638281825228487, 0.7823654685179599, 0.5662375969223636, -0.20758722995921253, 0.9126655382018929, 0.3574984529931393, 0.0884376488204992, -0.7415992058438279, -0.6839266561735335, 0.15247275942710092, -0.7198912457575568, -0.8204186508582263, -0.8518341752649399, -0.2881567095959652, -0.8111571950106533, 0.5817345691690834, -0.2868593614623094, 0.949469750892495, -0.2475880099379142, 0.13009961508611534, 0.04056172402710967, 0.7984890226875638, 0.3827240863526249, 0.2938521393027722, 0.04638255884715714, -0.5729023288004449, 0.7766751218446795, -0.5690431815880428, 0.7339581351416906, 0.22229357306164133, 0.49471779063756927, 0.9596640090784168, 0.9478439937108702, 0.4372400210970797, 0.9028200847138086, 0.6824504063659117, 0.6012399053168684, -0.6542138273054658, 0.8678520423264722, -0.9146788790191035, 0.23771154167201902, -0.9460208883493069, -0.19444565382144785, 0.24405730348617816, 0.1877469745614091, -0.05765813661692576, -0.14039482394951164, 0.7184015837599997, -0.6634183227523411, 0.7846461532878748, 0.47954727290436394, -0.800916575383398, 0.9619866368219758, -0.05688329503614664, -0.7996407857950096, 0.019970782703215395, 0.5279824812538729, -0.3721079151253772, -0.32556943674356864, 0.06776696462063914, -0.8131794896971463, 0.8237159547171544, 0.864625092657715, 0.4910553671580953, 0.9908438278674818, 0.9350915111764335, 0.948326603462111]
1019.8289184570312	(8, 12, 2)	[0.6059066681142142, -0.5431333792716218, 0.2182987168249002, -0.019664787032819264, -0.4387238590748581, -0.18552175783047464, 0.2260923455381798, -0.42181150056817035, 0.2670562113423043, 0.6084666624923061, 0.0818567379601749, 0.39863022103743573, 0.038076378933434185, -0.41661007647051096, -0.17246615522540612, 0.16074632671649453, 0.5550691134685535, -0.9762999387045985, -0.3650561100379155, -0.1452254891344773, 0.07700863498816446, -0.46859735601785385, 0.2030030737579882, 0.8576664435023202, 0.842739485943543, -0.8632349300943647, -0.11219921475545891, -0.6863291781535465, 0.5384421171025455, 0.9701513397781316, 0.7636567792603626, 0.5235088495474629, 0.1610854601190943, 0.6799753867651628, -0.560327601963083, -0.9274716038291126, 0.07330779462885673, 0.811030795425028, 0.27680803755851596, 0.02786904637120073, 0.4190511994460093, 0.7340233942443944, 0.06915520058204572, 0.5849094743959797, -0.1925511971410454, 0.18430193788182647, 0.3553717632797173, -0.8769313714179692, 0.3176212766982611, -0.2963496366290021, -0.22674165368339994, 1.0, -0.22287374875833876, 0.32817351238607184, 0.5732227529341126, -0.4209120120046258, -0.3040847157409967, -0.623742431856591, 0.3574984529931393, 0.4534926711818741, -0.7415992058438279, 0.4955514677131198, -0.16796939869027291, 0.1654119811414232, 0.1763174771708027, -0.8518341752649399, -0.2881567095959652, 0.8750500375290964, 0.29400602190905367, -0.11154732455456617, -0.7971360542183625, -0.24664569455646035, 0.13009961508611534, 0.33560053643597576, 0.7984890226875638, -0.6920819845862356, 0.8153671722493516, -0.9158802848147924, 0.9778994634461762, -0.5934017108116247, -0.7905037704299194, 0.23837077813934582, 0.7678520824223289, -0.5832240359072518, 0.6558642336457043, 0.9016362331409948, -0.2834214340193897, -0.7386202330044216, 0.21779540360259064, 0.23484263575010544, 0.10236063830628739, 0.8678520423264722, -0.8030998393314377, -0.37759414529916513, -0.14830996971006027, -0.19444565382144785, -0.15294081110426205, 0.8905521503659588, 0.6164541907239989, -0.09288497265989526, 0.7184015837599997, -0.6634183227523411, -0.19917870287989792, 0.8867425424236814, -0.800916575383398, 0.11219862941943325, 0.938404261019703, -0.1373280609026193, -0.6106726548130395, -0.8743109101115707, -0.6547051376419397, -0.45402157235841445, 0.0030145047691055304, 0.3698899292802522, 0.8237159547171544, 0.864625092657715, 0.8344102144731831, 0.07172538146571883, 0.9350915111764335, 0.948326603462111]
1002.0374755859375	(8, 12, 2)	[-0.4897357798883748, 0.603002388774807, 0.2182987168249002, -0.019664787032819264, 0.9141678790039226, -0.8139968714396073, 0.2260923455381798, -0.36269541472151956, 0.2670562113423043, 0.5885950147922103, 0.0818567379601749, 0.36799584007368613, -0.5660857131646042, -0.5091871002239651, -0.17246615522540612, 0.5670378560911837, 0.5550691134685535, -0.9762999387045985, 0.3734477484997507, -0.015271962750699197, -0.6706759944508196, 0.4058581045384215, 0.9399969924544687, -0.16661951057738067, 0.27415609111340933, 0.9072132506113508, -0.9890424352504761, -0.8799594593366409, 0.16654245888869945, 0.3487872127549601, 0.79034657601192, 0.8526637952281662, -0.6832115294321426, -0.2817846609829169, -0.5431165362933097, 0.5947785555951847, 0.8969616141733676, -0.0802425522652006, -0.06424947321571972, -0.4007068677239607, 0.9327484357337206, 0.7340233942443944, -0.2545961315337111, 0.7006901805167798, -0.17886750079618574, -0.46638920438523357, 0.8493926685256523, 0.01575329246318513, 0.8804689801074561, 0.5073392499279449, 0.7683420007320501, 0.8417923934006628, 0.1581219017895872, 0.638281825228487, 0.7823654685179599, -0.4883132871496303, -0.20758722995921253, 0.9126655382018929, -0.5429812668879437, 0.4534926711818741, -0.3667538516851159, -0.6839266561735335, 0.15247275942710092, -0.7198912457575568, -0.8204186508582263, -0.8518341752649399, -0.2881567095959652, -0.7065078291741571, 0.5817345691690834, 0.9734143459154638, 0.8962261657346029, -0.2475880099379142, -0.8702156125867182, -0.4585312632082572, 0.8687984749911615, 0.3827240863526249, 0.8589461522310997, 0.04638255884715714, -0.8558290176211973, 0.5875560089918852, -0.22572467473194568, 0.16042425061553017, 0.5446086692769854, 0.49471779063756927, 0.9596640090784168, 0.13521173489177274, -0.17501024562491008, 0.8855160404319441, 0.21779540360259064, 0.6270321569970867, -0.6542138273054658, 0.8678520423264722, -0.9146788790191035, 0.16362832769702035, -0.5570031782873746, -0.2942931642912079, 0.24405730348617816, 0.8918077170943689, -0.05765813661692576, -0.14039482394951164, 0.2828421535235395, -0.6634183227523411, 0.09097440793639633, 0.47954727290436394, -0.800916575383398, 0.9619866368219758, -0.05688329503614664, -0.3599638693791629, 0.8060570493974959, -0.8743109101115707, -0.3721079151253772, -0.32556943674356864, 0.8736241818857937, -0.8131794896971463, 0.6014513192548991, 0.5694694609677677, 0.4910553671580953, 0.9908438278674818, 0.9350915111764335, -0.9932025601031023]
1018.6631469726562	(8, 12, 2)	[0.5267789196885917, -0.4118646486747102, 0.2182987168249002, -0.019664787032819264, -0.4387238590748581, 0.353463243044285, -0.4561409874410871, -0.42181150056817035, 0.41680810027615633, 0.6084666624923061, -0.6077436897599839, -0.986863256660691, -0.6269884974400318, 0.43224810207902253, -0.1887167944541961, 0.1171157653331465, 0.5550691134685535, -0.9762999387045985, 0.3734477484997507, -0.3111538438099437, 0.20878113333042458, 0.4058581045384215, 0.9399969924544687, -0.5830775058202844, 0.2291587107148021, 0.9072132506113508, -0.9890424352504761, -0.10464978502612476, 0.16654245888869945, 0.8704864345364387, 0.7636567792603626, -0.6420597677596496, -0.6832115294321426, 0.6799753867651628, -0.5431165362933097, 0.6757095311651484, 0.8969616141733676, 0.021931446359288786, -0.03475107238384689, 0.8104100915887487, 0.4190511994460093, 0.614602766964311, 0.9795834935972687, -0.8860094349477752, 0.8456160140788083, -0.4061963786297831, 0.42033148261056197, -0.8769313714179692, 0.3176212766982611, -0.31891650428568386, 0.5925865054368471, -0.5251511617821352, -0.5015415891744412, 0.32817351238607184, 0.7763234102089137, 0.9038785260621018, -0.21847084439817313, -0.5405061997996101, 0.22526260442207083, 0.0884376488204992, 0.538198210937799, -0.6839266561735335, 0.15247275942710092, -0.24946396198349974, 0.2918656075013215, -0.706149258963926, -0.32126836973177353, -0.7065078291741571, 0.29400602190905367, 0.0038729474701022504, -0.7971360542183625, -0.2475880099379142, 0.13009961508611534, -0.8581045125989406, -0.6793104482072432, -0.6920819845862356, 0.8153671722493516, -0.9611676403376836, -0.8721417241130007, -0.4568609714112233, -0.22572467473194568, 0.23837077813934582, 0.7959593614877511, 0.2969068073656056, -0.11131627320079374, 0.9478439937108702, -0.09632047520991494, 0.88021277227269, 0.8705088438837016, 0.6270321569970867, -0.6542138273054658, 0.11394080999017087, 0.31075425164185777, 0.23771154167201902, -0.07009212569002583, -0.19444565382144785, 0.24405730348617816, 0.1877469745614091, 0.34384374107294957, -0.14039482394951164, 0.7184015837599997, -0.6634183227523411, 0.7846461532878748, 0.35680685931012074, -0.800916575383398, 0.11219862941943325, -0.39206632698692623, -0.3599638693791629, -0.7510365462045487, -0.586756296866223, -0.7673056925911681, -0.45402157235841445, 0.6182400509396317, -0.8686811667061836, 0.8237159547171544, 0.5694694609677677, 0.4910553671580953, 0.9908438278674818, -0.5806760910321718, -0.03130564498649768]
1019.8679809570312	(8, 12, 2)	[0.7514581811974685, -0.9330947872706721, 0.2182987168249002, -0.4408078230578994, -0.4387238590748581, -0.8139968714396073, 0.019609034880667453, -0.6635379923323319, 0.41680810027615633, 0.6448361230912264, 0.0818567379601749, 0.02147065634250689, -0.8543365340593331, -0.41661007647051096, 0.08430440300903652, 0.1171157653331465, 0.2679486957679258, -0.9762999387045985, 0.3734477484997507, 0.23979492777129524, 0.3143728934809611, -0.6193775874659251, 0.9399969924544687, -0.16661951057738067, 0.827908947526572, 0.9072132506113508, -0.9890424352504761, -0.10464978502612476, 0.5396386291062634, 0.9701513397781316, 0.7602190661968288, 0.8526637952281662, -0.6832115294321426, -0.07544899183608389, -0.2966653470103968, 0.6757095311651484, 0.8911345712465202, 0.8423544559529907, 0.196531957624132, 0.061753526994191565, -0.15601886495626396, 0.7144294643092185, -0.2545961315337111, -0.04965202430959814, 0.8456160140788083, -0.46638920438523357, 0.42033148261056197, -0.6936786923556049, 0.3176212766982611, -0.31891650428568386, 0.20067320797683053, 1.0, -0.3368601882993836, 0.32817351238607184, -0.7992611207265121, 0.9038785260621018, -0.20758722995921253, 0.9126655382018929, -0.5429812668879437, 0.518123233370897, -0.7415992058438279, -0.6839266561735335, -0.16796939869027291, 0.1654119811414232, 0.42039615967982247, -0.6786583725831596, -0.32126836973177353, -0.7065078291741571, 0.6281898070256197, 0.207422217529329, 0.949469750892495, 0.8535836041262337, -0.8702156125867182, 0.04056172402710967, -0.6793104482072432, 0.7073146416260818, 0.8589461522310997, 0.09205518920473581, 0.6347982204400142, -0.5934017108116247, -0.5690431815880428, 0.2649943403028432, -0.7020411678048637, -0.14019686479159432, 0.6558642336457043, 0.13521173489177274, -0.17501024562491008, 0.7716379623259138, 0.21779540360259064, 0.6012399053168684, -0.8248910795871569, 0.3133248420346939, 0.31075425164185777, -0.37759414529916513, -0.14830996971006027, -0.2942931642912079, 0.9058242161602865, 0.8918077170943689, -0.05765813661692576, -0.14039482394951164, 0.7184015837599997, 0.6235741111030084, 0.09097440793639633, -0.42373859135230574, 0.03142374816309279, 0.9619866368219758, -0.39206632698692623, -0.8762119494509608, -0.6106726548130395, 0.5279824812538729, 0.09803920267525235, 0.3966986925032876, 0.06776696462063914, -0.8131794896971463, 0.8237159547171544, 0.864625092657715, 0.6134462244192007, 0.19739736863789403, -0.509803737063891, -0.9932025601031023]
1019.8995971679688	(8, 12, 2)	[0.8198578080136092, -0.4118646486747102, -0.7652962097089269, -0.520788758855574, -0.4387238590748581, -0.18552175783047464, 0.2973208150971224, -0.35638864462592657, 0.41680810027615633, 0.5876724614561295, 0.8394018566024151, 0.36799584007368613, -0.5660857131646042, -0.5091871002239651, 0.08430440300903652, 0.7535330312320181, 0.34051569678151694, -0.5603677583748425, 0.3734477484997507, -0.1452254891344773, 0.2692394096701553, 0.4058581045384215, 0.2030030737579882, -6.0510590309093004e-05, 0.27415609111340933, 0.7829304995429991, -0.9890424352504761, -0.524417192075654, -0.355474809182561, 0.28611210661851305, 0.79034657601192, -0.5849572572612993, 0.1610854601190943, 0.6799753867651628, -0.2966653470103968, -0.6923353695208225, 0.8969616141733676, 0.8423544559529907, -0.9543871874937861, 0.24156410868070655, 0.9327484357337206, 0.6478171782298301, 0.9795834935972687, -0.8860094349477752, 0.8456160140788083, -0.46638920438523357, 0.8493926685256523, -0.6936786923556049, -0.3446535548748906, 0.5073392499279449, 0.7683420007320501, 0.8417923934006628, 0.41575531062872617, 0.638281825228487, 0.5732227529341126, 0.9038785260621018, -0.24014850370436247, 0.35733796137787976, -0.5429812668879437, 0.0884376488204992, -0.3667538516851159, -0.6548602350027604, 0.13526661338360024, -0.24946396198349974, 0.2918656075013215, -0.8518341752649399, -0.3247879927099284, -0.8111571950106533, 0.08347144571486714, -0.11154732455456617, 0.949469750892495, 0.8535836041262337, -0.44898008437421244, -0.8581045125989406, 0.8687984749911615, -0.6920819845862356, 0.2938521393027722, -1.0, -0.8558290176211973, 0.03401556004440409, -0.22572467473194568, 0.2074265846068748, 0.22229357306164133, -0.5832240359072518, 0.6558642336457043, 0.9478439937108702, -0.22524948090377905, 0.7716379623259138, 0.6824504063659117, 0.6012399053168684, -0.6542138273054658, 0.3133248420346939, 0.45415734048254075, 0.23771154167201902, -0.9460208883493069, -0.4414380612646387, 0.24405730348617816, 0.1877469745614091, -0.05765813661692576, -0.14039482394951164, 0.6187283402697961, 0.8032060033491097, -0.19917870287989792, -0.42373859135230574, 0.40033874214475285, 0.004164980974235233, -0.05688329503614664, -0.8762119494509608, 0.3747361344492508, 0.5279824812538729, 0.8319191476037888, 0.6979676160210473, -0.4466872814217997, -0.1849211326456235, 0.8237159547171544, 0.864625092657715, 0.8344102144731831, -0.9277775169590763, 0.9350915111764335, -0.9932025601031023]
1019.5384521484375	(8, 12, 2)	[-0.4897357798883748, -0.4118646486747102, -0.7652962097089269, -0.520788758855574, -0.4387238590748581, -0.18552175783047464, 0.2973208150971224, 0.08254526418787389, 0.41680810027615633, 0.5885950147922103, -0.911116604245506, -0.11446837722583167, -0.8543365340593331, -0.5091871002239651, 0.08430440300903652, 0.7535330312320181, 0.34051569678151694, -0.5603677583748425, -0.502539894784527, -0.3111538438099437, -0.6706759944508196, 0.9582615521390632, 0.9399969924544687, -6.0510590309093004e-05, 0.27415609111340933, 0.7829304995429991, -0.9890424352504761, -0.524417192075654, -0.355474809182561, 0.9701513397781316, 0.79034657601192, 0.4461822118240706, -0.6832115294321426, 0.6799753867651628, -0.2966653470103968, -0.6923353695208225, 0.8969616141733676, 0.8423544559529907, -0.9543871874937861, 0.24156410868070655, 0.9327484357337206, 0.6478171782298301, 0.9795834935972687, -0.8860094349477752, 0.8456160140788083, -0.46638920438523357, 0.8493926685256523, -0.6936786923556049, 0.3176212766982611, 0.5073392499279449, 0.7683420007320501, 0.8417923934006628, -0.3368601882993836, 0.638281825228487, 0.8426025775427437, 0.9038785260621018, -0.24014850370436247, 0.35733796137787976, -0.5429812668879437, 0.0884376488204992, -0.7415992058438279, -0.6548602350027604, 0.15247275942710092, 0.6530105899777132, 0.2918656075013215, -0.8518341752649399, -0.3247879927099284, -0.8111571950106533, -0.9524376360531341, 0.9734143459154638, 0.8962261657346029, 0.8535836041262337, -0.44898008437421244, -0.8581045125989406, 0.8687984749911615, 0.7073146416260818, 0.8589461522310997, -1.0, -0.9991577858959007, 0.03401556004440409, -0.5690431815880428, 0.2074265846068748, 0.22229357306164133, -0.5832240359072518, 0.9596640090784168, 0.9478439937108702, -0.22524948090377905, 0.7716379623259138, 0.21779540360259064, 0.6012399053168684, -0.6542138273054658, 0.3133248420346939, -0.8030998393314377, 0.16362832769702035, -0.5570031782873746, -0.19444565382144785, 0.03372498343888018, 0.1877469745614091, -0.05765813661692576, -0.14039482394951164, -0.3069018859379531, -0.6634183227523411, -0.19917870287989792, 0.47954727290436394, 0.40033874214475285, 0.9619866368219758, -0.05688329503614664, -0.8762119494509608, 0.019970782703215395, -0.8351645527942892, 0.8319191476037888, -0.32556943674356864, -0.4466872814217997, -0.8686811667061836, -0.1446323729648864, 0.5694694609677677, 0.6134462244192007, -0.9277775169590763, -0.038935368427051475, -0.9932025601031023]
1019.769287109375	(8, 12, 2)	[-0.4897357798883748, -0.5431333792716218, 0.2182987168249002, -0.019664787032819264, -0.4387238590748581, 0.06402879856583284, -0.37599692099679133, 0.7754285457544685, 0.4609268530553774, 0.5538662829679215, 0.0818567379601749, -0.7967245896155697, -0.5660857131646042, -0.8511119759916204, -0.6133028541313277, 0.1171157653331465, 0.6522990378552362, -0.9762999387045985, 0.3734477484997507, 0.23979492777129524, 0.3143728934809611, 0.18452670924307557, 0.2030030737579882, -0.16661951057738067, 0.27415609111340933, 0.7829304995429991, -0.9890424352504761, -0.10464978502612476, -0.355474809182561, 0.28611210661851305, 0.3491274491816343, 0.8727372602272606, -0.6832115294321426, -0.2817846609829169, -0.38375241532956433, 0.7336469691877343, 0.8969616141733676, -0.012348757799956136, -0.03475107238384689, 0.061753526994191565, 0.9327484357337206, 0.6478171782298301, 0.8145366123118027, -0.04965202430959814, -0.17886750079618574, -0.46638920438523357, -0.38445584339604455, -0.8579919042190242, 0.11995065900542201, 0.7495627318644811, -0.22674165368339994, -0.5251511617821352, -0.3368601882993836, 0.638281825228487, 0.7763234102089137, 0.9038785260621018, 0.3251944992894895, 0.35733796137787976, 0.3574984529931393, 0.4534926711818741, -0.7415992058438279, -0.6839266561735335, -0.16796939869027291, -0.24946396198349974, -0.0691339124570658, -0.8518341752649399, -0.3247879927099284, -0.7065078291741571, 0.08347144571486714, 0.9734143459154638, 0.8962261657346029, 0.8535836041262337, -0.44898008437421244, 0.33560053643597576, 0.8687984749911615, -0.6920819845862356, 0.8589461522310997, -1.0, -0.8721417241130007, 0.5875560089918852, -0.22572467473194568, 0.7339581351416906, 0.2587097782254487, 0.2969068073656056, 0.9596640090784168, 0.13521173489177274, -0.17501024562491008, 0.9028200847138086, 0.3561911618398712, 0.23484263575010544, 0.10236063830628739, 0.3133248420346939, 0.45415734048254075, 0.23771154167201902, -0.07009212569002583, -0.19444565382144785, 0.24405730348617816, 0.8488166716981491, -0.05765813661692576, -0.14039482394951164, -0.3069018859379531, 0.8032060033491097, 0.7846461532878748, 0.35680685931012074, -0.30957108385642385, 0.03249016968819629, 0.938404261019703, -0.3599638693791629, 0.8060570493974959, 0.5279824812538729, 0.08176209472207671, -0.32556943674356864, 0.08063664652440572, -0.8686811667061836, 0.8237159547171544, 0.864625092657715, 0.8344102144731831, 0.9908438278674818, 0.9350915111764335, -0.03130564498649768]
1019.7623901367188	(8, 12, 2)	[-0.08092707892334916, -0.9330947872706721, 0.2182987168249002, -0.019664787032819264, -0.4387238590748581, -0.8139968714396073, 0.2260923455381798, 0.08254526418787389, 0.41680810027615633, 0.5538662829679215, 0.6471071378732607, 0.2603803547625414, -0.5660857131646042, -0.5091871002239651, 0.08430440300903652, 0.1171157653331465, 0.34051569678151694, -0.9762999387045985, 0.3734477484997507, -0.015271962750699197, 0.20878113333042458, 0.20032869582623555, 0.2030030737579882, -0.16661951057738067, 0.27415609111340933, 0.9797301561992686, -0.9706641226819231, -0.8799594593366409, 0.16654245888869945, 0.9701513397781316, 0.79034657601192, 0.8526637952281662, 0.1610854601190943, -0.07544899183608389, -0.4698793290224157, -0.9274716038291126, -0.8927571714090505, 0.610453628523624, -0.03475107238384689, 0.061753526994191565, 0.41650735430645597, 0.7144294643092185, -0.2545961315337111, -1.0, -0.17886750079618574, 0.6691144156584756, 0.42033148261056197, -0.6936786923556049, 0.3176212766982611, 0.7495627318644811, 0.7683420007320501, 1.0, -0.3368601882993836, 0.32817351238607184, 0.8355500756237286, 0.5662375969223636, -0.24014850370436247, -0.623742431856591, 0.3574984529931393, 0.3719411150427189, -0.7415992058438279, 0.4394927516545615, -0.16796939869027291, 0.6530105899777132, 0.42039615967982247, 0.8019624818358093, -0.3247879927099284, -0.8111571950106533, 0.6281898070256197, -0.11154732455456617, 0.949469750892495, -0.2475880099379142, 0.13009961508611534, 0.04056172402710967, 0.8687984749911615, 0.7263566835743765, 0.8589461522310997, 0.09205518920473581, -0.9991577858959007, 0.7766751218446795, -0.22572467473194568, 0.2649943403028432, -0.7020411678048637, 0.2969068073656056, 0.9596640090784168, -0.4614039809496122, -0.22524948090377905, 0.19309541097507288, 0.21779540360259064, 0.23484263575010544, -0.8248910795871569, 0.3133248420346939, -0.9146788790191035, -0.37759414529916513, -0.5570031782873746, -0.19444565382144785, 0.9058242161602865, 0.1877469745614091, 0.6164541907239989, -0.9532745963818297, 0.7184015837599997, 0.6235741111030084, 0.5609578822692163, -0.42373859135230574, -0.200675980129414, 0.9619866368219758, -0.39206632698692623, -0.8762119494509608, -0.6106726548130395, 0.5279824812538729, 0.09803920267525235, -0.32556943674356864, -0.4466872814217997, -0.8686811667061836, 0.6014513192548991, 0.864625092657715, 0.6134462244192007, 0.9908438278674818, -0.509803737063891, -0.9932025601031023]
1013.4703369140625	(8, 12, 2)	[-0.4897357798883748, -0.9330947872706721, -0.7652962097089269, -0.019664787032819264, -0.4387238590748581, -0.18552175783047464, 0.2973208150971224, 0.7754285457544685, 0.4609268530553774, 0.5538662829679215, -0.911116604245506, 0.2603803547625414, 0.038076378933434185, -0.5091871002239651, -0.17246615522540612, 0.7535330312320181, 0.5539335305756911, -0.9762999387045985, 0.3734477484997507, -0.3111538438099437, 0.3143728934809611, 0.18452670924307557, 0.2030030737579882, -0.16661951057738067, 0.27415609111340933, 0.9072132506113508, -0.9890424352504761, -0.10464978502612476, -0.355474809182561, 0.28611210661851305, 0.7602190661968288, 0.8526637952281662, 0.1610854601190943, -0.07544899183608389, -0.5709013474932282, 0.5947785555951847, 0.8911345712465202, 0.8423544559529907, -0.06424947321571972, -0.0109037656843598, -0.15601886495626396, 0.6478171782298301, 0.06915520058204572, -0.04965202430959814, 0.8456160140788083, -0.46638920438523357, 0.8493926685256523, -0.6596443122312429, 0.3176212766982611, 0.7495627318644811, -0.447906150957349, -0.5251511617821352, 0.41575531062872617, 0.32817351238607184, -0.7992611207265121, 0.9038785260621018, -0.24014850370436247, 0.35733796137787976, 0.22526260442207083, 0.4534926711818741, -0.3667538516851159, -0.6839266561735335, 0.15247275942710092, -0.7198912457575568, 0.2918656075013215, -0.6786583725831596, -0.3247879927099284, -0.8111571950106533, -0.9524376360531341, -0.11154732455456617, -0.7971360542183625, -0.24664569455646035, -0.44898008437421244, -0.6256623683443476, 0.8687984749911615, -0.6920819845862356, 1.0, -0.9611676403376836, -0.7796835607938194, -0.5934017108116247, -0.5690431815880428, 0.7339581351416906, 0.2587097782254487, 0.2969068073656056, 0.6558642336457043, 0.13521173489177274, -0.2834214340193897, 0.9028200847138086, 0.21779540360259064, 0.6012399053168684, -0.03768810253154542, 0.11394080999017087, -0.8030998393314377, 0.16362832769702035, -0.07009212569002583, -0.19444565382144785, -0.09371784550351259, 0.8918077170943689, -0.05765813661692576, -0.14039482394951164, -0.3069018859379531, -0.6634183227523411, 0.5609578822692163, 0.47954727290436394, 0.03142374816309279, 0.11219862941943325, -0.39206632698692623, -0.8762119494509608, 0.3747361344492508, -0.8351645527942892, 0.09803920267525235, 0.6979676160210473, 0.06776696462063914, -0.3013070999789276, 0.8237159547171544, 0.864625092657715, 0.7826142096097992, -0.9277775169590763, -0.509803737063891, -0.9932025601031023]
1019.8775024414062	(8, 12, 2)	[0.8198578080136092, -0.9330947872706721, 0.2182987168249002, -0.019664787032819264, -0.4387238590748581, -0.8139968714396073, 0.019609034880667453, -0.35638864462592657, 0.2670562113423043, 0.6448361230912264, 0.0818567379601749, 0.02147065634250689, -0.5660857131646042, -0.5091871002239651, 0.08430440300903652, 0.1171157653331465, 0.5550691134685535, -0.9762999387045985, 0.3734477484997507, -0.1452254891344773, 0.20878113333042458, 0.20032869582623555, 0.9399969924544687, -0.16661951057738067, 0.27415609111340933, 0.7829304995429991, -0.9890424352504761, -0.8799594593366409, -0.26413254778086714, 0.28611210661851305, 0.79034657601192, -0.6420597677596496, 0.1610854601190943, -0.19628756508410872, -0.18872670571638434, -0.9274716038291126, 0.8911345712465202, 0.021931446359288786, -0.03475107238384689, 0.061753526994191565, 0.41650735430645597, 0.566778049188498, 0.9795834935972687, -0.07641010132770172, 0.8456160140788083, 0.6691144156584756, 0.8493926685256523, -0.6936786923556049, 0.11995065900542201, 0.7495627318644811, 0.7683420007320501, 0.6728746764094403, 0.41575531062872617, 0.638281825228487, 0.8355500756237286, 0.5662375969223636, -0.24014850370436247, 0.9126655382018929, -0.5429812668879437, 0.0884376488204992, -0.7415992058438279, -0.5974501609834337, -0.16796939869027291, 0.6530105899777132, 0.42039615967982247, -0.6786583725831596, -0.3247879927099284, -0.8111571950106533, 0.6281898070256197, -0.11154732455456617, 0.8962261657346029, 0.8535836041262337, 0.13009961508611534, 0.04056172402710967, 0.8687984749911615, -0.5545174702378005, 0.8571197437647169, 0.09205518920473581, -0.5729023288004449, -0.5934017108116247, -0.22572467473194568, 0.2649943403028432, 0.5446086692769854, 0.2969068073656056, 0.6558642336457043, -0.4614039809496122, -0.22524948090377905, 0.19309541097507288, 0.4808391623046585, 0.44276253023714524, -0.03768810253154542, 0.3133248420346939, 0.45415734048254075, -0.37759414529916513, -0.9460208883493069, -0.19444565382144785, 0.03372498343888018, 0.8488166716981491, 0.6164541907239989, -0.9532745963818297, 0.7184015837599997, -0.6634183227523411, 0.5609578822692163, -0.42373859135230574, -0.200675980129414, 0.9619866368219758, -0.39206632698692623, -0.8762119494509608, 0.019970782703215395, 0.5279824812538729, 0.09803920267525235, -0.32556943674356864, 0.6182400509396317, -0.48822765594534734, 0.6014513192548991, 0.864625092657715, 0.6134462244192007, -0.9277775169590763, -0.6241444052591048, -0.9932025601031023]
1019.960693359375	(8, 12, 2)	[0.8198578080136092, -0.9330947872706721, 0.2182987168249002, -0.019664787032819264, -0.4387238590748581, -0.8139968714396073, 0.019609034880667453, -0.35638864462592657, 0.2670562113423043, 0.6448361230912264, 0.0818567379601749, 0.02147065634250689, -0.5660857131646042, -0.5091871002239651, 0.08430440300903652, 0.1171157653331465, 0.5550691134685535, -0.9762999387045985, 0.3734477484997507, -0.1452254891344773, 0.20878113333042458, 0.20032869582623555, 0.9399969924544687, -0.16661951057738067, 0.27415609111340933, 0.7829304995429991, -0.9890424352504761, -0.8799594593366409, -0.26413254778086714, 0.28611210661851305, 0.79034657601192, -0.6420597677596496, 0.1610854601190943, -0.19628756508410872, -0.18872670571638434, -0.9274716038291126, 0.8911345712465202, 0.021931446359288786, -0.03475107238384689, 0.061753526994191565, 0.41650735430645597, 0.566778049188498, 0.9795834935972687, -0.07641010132770172, 0.8456160140788083, 0.6691144156584756, 0.8493926685256523, -0.6936786923556049, 0.11995065900542201, 0.7495627318644811, 0.7683420007320501, 0.6728746764094403, 0.41575531062872617, 0.638281825228487, 0.8355500756237286, 0.5662375969223636, -0.24014850370436247, 0.9126655382018929, -0.5429812668879437, 0.0884376488204992, -0.7415992058438279, -0.5974501609834337, -0.16796939869027291, 0.6530105899777132, 0.42039615967982247, -0.6786583725831596, -0.3247879927099284, -0.8111571950106533, 0.6281898070256197, -0.11154732455456617, 0.8962261657346029, 0.8535836041262337, 0.13009961508611534, 0.04056172402710967, 0.8687984749911615, -0.5545174702378005, 0.8571197437647169, 0.09205518920473581, -0.5729023288004449, -0.5934017108116247, -0.22572467473194568, 0.2649943403028432, 0.5446086692769854, 0.2969068073656056, 0.6558642336457043, -0.4614039809496122, -0.22524948090377905, 0.19309541097507288, 0.4808391623046585, 0.44276253023714524, -0.03768810253154542, 0.3133248420346939, 0.45415734048254075, -0.37759414529916513, -0.9460208883493069, -0.19444565382144785, 0.03372498343888018, 0.8488166716981491, 0.6164541907239989, -0.9532745963818297, 0.7184015837599997, -0.6634183227523411, 0.5609578822692163, -0.42373859135230574, -0.200675980129414, 0.9619866368219758, -0.39206632698692623, -0.8762119494509608, 0.019970782703215395, 0.5279824812538729, 0.09803920267525235, -0.32556943674356864, 0.6182400509396317, -0.48822765594534734, 0.6014513192548991, 0.864625092657715, 0.6134462244192007, -0.9277775169590763, -0.6241444052591048, -0.9932025601031023]
1019.95458984375	(8, 12, 2)	[0.7514581811974685, -0.8127002153440641, 0.2182987168249002, -0.019664787032819264, -0.4387238590748581, -0.18552175783047464, 0.2260923455381798, 0.08254526418787389, 0.41680810027615633, 0.5538662829679215, 0.0818567379601749, -0.11446837722583167, -0.8543365340593331, 0.4719309374407159, 0.08430440300903652, 0.1171157653331465, 0.5550691134685535, -0.9762999387045985, -0.502539894784527, -0.3111538438099437, 0.20878113333042458, 0.18452670924307557, 0.9399969924544687, -0.16661951057738067, 0.827908947526572, 0.7829304995429991, -0.8701539809739561, -0.11788601765077655, 0.5396386291062634, 1.0, 0.79034657601192, 0.8526637952281662, 0.1610854601190943, -0.2817846609829169, -0.2966653470103968, 0.6757095311651484, 0.8969616141733676, 0.021931446359288786, -0.9543871874937861, 0.061753526994191565, -0.15601886495626396, 0.7144294643092185, 0.9795834935972687, -0.8860094349477752, -0.3569135626238147, 0.6691144156584756, 0.42033148261056197, -0.6936786923556049, 0.3176212766982611, 0.5073392499279449, 0.5925865054368471, 1.0, 0.30656727544951323, 0.32817351238607184, 0.5732227529341126, -0.4883132871496303, -0.24014850370436247, -0.623742431856591, -0.5429812668879437, 0.4534926711818741, -0.7415992058438279, -0.6548602350027604, 0.15247275942710092, 0.6530105899777132, -0.0691339124570658, 0.8019624818358093, -0.2881567095959652, -0.7065078291741571, -0.9524376360531341, 0.9734143459154638, 0.949469750892495, 0.8590663698241963, -0.44898008437421244, 0.04056172402710967, -0.6793104482072432, -0.6920819845862356, 0.1831877314413175, -1.0, -0.7313047823243868, 0.03401556004440409, -0.5690431815880428, 0.2649943403028432, -0.7020411678048637, 0.2969068073656056, 0.9596640090784168, -0.4614039809496122, -0.2834214340193897, 0.9028200847138086, 0.21779540360259064, 0.6270321569970867, -0.03768810253154542, 0.3133248420346939, -0.9146788790191035, 0.16362832769702035, -0.5570031782873746, -0.2942931642912079, -0.15294081110426205, 0.8918077170943689, 0.6164541907239989, -0.28697765570904044, 0.7184015837599997, -0.6634183227523411, -0.9681026898764515, -0.16296108168226756, 0.40033874214475285, 0.9619866368219758, -0.39206632698692623, -0.3599638693791629, -0.6106726548130395, -0.8743109101115707, 0.09803920267525235, -0.32556943674356864, 0.6182400509396317, -0.48822765594534734, 0.8237159547171544, 0.5694694609677677, 0.6134462244192007, -0.9277775169590763, 0.9350915111764335, -0.8251271855426487]
1019.93896484375	(8, 12, 2)	[0.6059066681142142, -0.9330947872706721, 0.2182987168249002, -0.019664787032819264, -0.4387238590748581, -0.8139968714396073, -0.37599692099679133, -0.42181150056817035, 0.4609268530553774, 0.5876724614561295, 0.0818567379601749, -0.7967245896155697, -0.5660857131646042, -0.5091871002239651, -0.6133028541313277, 0.1171157653331465, 0.6522990378552362, -0.9762999387045985, 0.3734477484997507, 0.23979492777129524, 0.3143728934809611, 0.18452670924307557, 1.0, -0.5830775058202844, 0.27415609111340933, 0.7829304995429991, -0.9706641226819231, -0.524417192075654, 0.5384421171025455, 0.28611210661851305, 0.7602190661968288, 0.8526637952281662, -0.6832115294321426, -0.2817846609829169, -0.2966653470103968, 0.6757095311651484, 0.8969616141733676, 0.021931446359288786, -0.06424947321571972, 0.061753526994191565, -0.15601886495626396, 0.566778049188498, 0.6834120218134668, -0.8860094349477752, 0.7847378272636152, -0.7512857108539861, 0.8493926685256523, -0.6936786923556049, -0.3446535548748906, 0.5073392499279449, 0.20067320797683053, 0.8417923934006628, -0.3368601882993836, 0.32817351238607184, 0.7823654685179599, 0.7114502064148567, 0.3251944992894895, -0.8967542057014093, -0.5429812668879437, 0.4534926711818741, -0.3667538516851159, -0.6839266561735335, -0.16796939869027291, -0.7198912457575568, -0.0691339124570658, -0.6786583725831596, -0.3247879927099284, -0.8111571950106533, -0.9524376360531341, 0.9734143459154638, 0.36941909800523015, -0.24664569455646035, -0.44898008437421244, -0.4585312632082572, 0.8687984749911615, -0.6920819845862356, 0.8589461522310997, 0.09205518920473581, -0.9040175743641143, -0.5934017108116247, -0.22572467473194568, 0.2649943403028432, 0.7959593614877511, -0.5832240359072518, 0.9596640090784168, -0.4614039809496122, -0.22524948090377905, 0.9028200847138086, 0.21779540360259064, 0.6270321569970867, -0.03768810253154542, 0.3133248420346939, -0.9146788790191035, 0.23771154167201902, -0.9460208883493069, -0.19444565382144785, 0.24405730348617816, 0.8918077170943689, -0.05765813661692576, -0.14039482394951164, 0.6187283402697961, 0.7163552606278953, 0.09097440793639633, -0.42373859135230574, 0.40033874214475285, 0.004164980974235233, -0.39206632698692623, -0.8762119494509608, 0.3747361344492508, -0.8743109101115707, 0.09803920267525235, -0.32556943674356864, 0.6182400509396317, -0.48822765594534734, 0.8237159547171544, 0.864625092657715, 0.6134462244192007, 0.9908438278674818, -0.509803737063891, -0.9932025601031023]
1019.941162109375	(8, 12, 2)	[0.7514581811974685, -0.8127002153440641, 0.2182987168249002, -0.6931819588340952, -0.4387238590748581, -0.8139968714396073, 0.2260923455381798, 0.08254526418787389, 0.41680810027615633, 0.5538662829679215, 0.0818567379601749, 0.02147065634250689, -0.8543365340593331, 0.4719309374407159, 0.08430440300903652, 0.1171157653331465, 0.5550691134685535, -0.9762999387045985, -0.502539894784527, -0.015271962750699197, 0.20878113333042458, 0.18452670924307557, 0.2030030737579882, -0.16661951057738067, 0.27415609111340933, 0.7829304995429991, -0.8701539809739561, -0.8799594593366409, -0.26413254778086714, 0.28611210661851305, 0.7590752646251113, 0.8526637952281662, 0.1610854601190943, -0.2817846609829169, -0.2966653470103968, 0.6757095311651484, 0.8369040668895454, 0.021931446359288786, 0.196531957624132, 0.061753526994191565, -0.15601886495626396, 0.7144294643092185, 0.9795834935972687, 0.4914543093829089, -0.294030201438685, 0.6691144156584756, 0.8493926685256523, -0.6936786923556049, 0.1413852808144369, 0.5073392499279449, 0.5925865054368471, 0.6728746764094403, 0.30656727544951323, 0.638281825228487, -0.7992611207265121, -0.4883132871496303, -0.24014850370436247, -0.8508455707194288, -0.5429812668879437, 0.4534926711818741, -0.7415992058438279, -0.6548602350027604, -0.2592344570484686, -0.7198912457575568, -0.8204186508582263, 0.8019624818358093, -0.3247879927099284, -0.8111571950106533, 0.6281898070256197, -0.11154732455456617, 0.42890675707642034, 0.8590663698241963, -0.44898008437421244, 0.04056172402710967, -0.6793104482072432, -0.6920819845862356, 0.2938521393027722, -1.0, -0.9500518980595065, -0.5934017108116247, -0.5690431815880428, 0.2649943403028432, 0.7959593614877511, -0.5832240359072518, 0.9596640090784168, 0.13521173489177274, -0.2834214340193897, 0.9028200847138086, 0.4808391623046585, 0.23484263575010544, -0.03768810253154542, 0.3133248420346939, 0.45415734048254075, 0.2351604227020851, -0.5516396268529759, -0.4414380612646387, -0.15294081110426205, 0.8918077170943689, 0.6164541907239989, -0.14039482394951164, 0.7184015837599997, 0.6235741111030084, 0.09097440793639633, -0.42373859135230574, 0.40033874214475285, 0.9619866368219758, -0.39206632698692623, -0.3599638693791629, -0.6106726548130395, -0.8743109101115707, -0.4353212585068972, -0.32556943674356864, 0.49388393369685263, -0.7996076581420051, 0.8237159547171544, 0.864625092657715, 0.4910553671580953, -0.9277775169590763, -0.038935368427051475, 0.948326603462111]
1019.9160766601562	(8, 12, 2)	[0.7514581811974685, -0.9330947872706721, 0.2182987168249002, -0.6931819588340952, -0.4387238590748581, -0.8139968714396073, 0.2973208150971224, 0.08254526418787389, 0.1110580899081254, 0.5538662829679215, -0.8953056638214965, -0.7967245896155697, -0.8543365340593331, 0.4719309374407159, 0.08430440300903652, 0.1171157653331465, 0.5550691134685535, -0.9762999387045985, -0.502539894784527, -0.015271962750699197, 0.20878113333042458, 0.18452670924307557, 0.9399969924544687, -0.16661951057738067, 0.27415609111340933, 0.9072132506113508, -0.9890424352504761, -0.8799594593366409, -0.26413254778086714, 0.28611210661851305, 0.7590752646251113, 0.4461822118240706, 0.1610854601190943, -0.2817846609829169, -0.2966653470103968, 0.6757095311651484, 0.7623877274428649, 0.021931446359288786, 0.196531957624132, 0.061753526994191565, -0.15601886495626396, 0.7144294643092185, 0.9795834935972687, 0.4914543093829089, 0.8456160140788083, 0.6691144156584756, 0.8493926685256523, -0.6936786923556049, -0.3446535548748906, 0.5073392499279449, 0.5925865054368471, 0.6728746764094403, 0.30656727544951323, 0.638281825228487, 0.7823654685179599, -0.4883132871496303, -0.24014850370436247, -0.8508455707194288, -0.5429812668879437, 0.4534926711818741, -0.7415992058438279, -0.6548602350027604, -0.2592344570484686, -0.24946396198349974, -0.8204186508582263, -0.6786583725831596, -0.18502623341220514, -0.8111571950106533, 0.6281898070256197, -0.11154732455456617, -0.7971360542183625, -0.24664569455646035, -0.8702156125867182, 0.04056172402710967, -0.6793104482072432, -0.6920819845862356, 0.2938521393027722, 0.09205518920473581, -0.9500518980595065, -0.5934017108116247, -0.5690431815880428, 0.23837077813934582, 0.5446086692769854, 0.2969068073656056, 0.8365522796537477, 0.13521173489177274, -0.2834214340193897, 0.9028200847138086, 0.4808391623046585, 0.23484263575010544, -0.03768810253154542, 0.3133248420346939, 0.45415734048254075, 0.2351604227020851, -0.5516396268529759, -0.4414380612646387, -0.09371784550351259, 0.8918077170943689, 0.6164541907239989, -0.14039482394951164, 0.7184015837599997, 0.6235741111030084, 0.09097440793639633, 0.47954727290436394, -0.200675980129414, 0.9619866368219758, -0.39206632698692623, -0.3599638693791629, -0.6106726548130395, 0.31141719121915645, -0.4353212585068972, -0.20232711204761897, 0.49388393369685263, -0.7996076581420051, 0.8237159547171544, 0.5694694609677677, 0.4910553671580953, -0.9277775169590763, -0.038935368427051475, 0.948326603462111]
1019.9591674804688	(8, 12, 2)	[0.7514581811974685, -0.9330947872706721, 0.2182987168249002, -0.6931819588340952, -0.4387238590748581, -0.8139968714396073, 0.2973208150971224, 0.08254526418787389, 0.1110580899081254, 0.5538662829679215, -0.8953056638214965, -0.7967245896155697, -0.8543365340593331, 0.4719309374407159, 0.08430440300903652, 0.1171157653331465, 0.5550691134685535, -0.9762999387045985, -0.502539894784527, -0.015271962750699197, 0.20878113333042458, 0.18452670924307557, 0.9399969924544687, -0.16661951057738067, 0.27415609111340933, 0.9072132506113508, -0.9890424352504761, -0.8799594593366409, -0.26413254778086714, 0.28611210661851305, 0.7590752646251113, 0.4461822118240706, 0.1610854601190943, -0.2817846609829169, -0.2966653470103968, 0.6757095311651484, 0.7623877274428649, 0.021931446359288786, 0.196531957624132, 0.061753526994191565, -0.15601886495626396, 0.7144294643092185, 0.9795834935972687, 0.4914543093829089, 0.8456160140788083, 0.6691144156584756, 0.8493926685256523, -0.6936786923556049, -0.3446535548748906, 0.5073392499279449, 0.5925865054368471, 0.6728746764094403, 0.30656727544951323, 0.638281825228487, 0.7823654685179599, -0.4883132871496303, -0.24014850370436247, -0.8508455707194288, -0.5429812668879437, 0.4534926711818741, -0.7415992058438279, -0.6548602350027604, -0.2592344570484686, -0.24946396198349974, -0.8204186508582263, -0.6786583725831596, -0.18502623341220514, -0.8111571950106533, 0.6281898070256197, -0.11154732455456617, -0.7971360542183625, -0.24664569455646035, -0.8702156125867182, 0.04056172402710967, -0.6793104482072432, -0.6920819845862356, 0.2938521393027722, 0.09205518920473581, -0.9500518980595065, -0.5934017108116247, -0.5690431815880428, 0.23837077813934582, 0.5446086692769854, 0.2969068073656056, 0.8365522796537477, 0.13521173489177274, -0.2834214340193897, 0.9028200847138086, 0.4808391623046585, 0.23484263575010544, -0.03768810253154542, 0.3133248420346939, 0.45415734048254075, 0.2351604227020851, -0.5516396268529759, -0.4414380612646387, -0.09371784550351259, 0.8918077170943689, 0.6164541907239989, -0.14039482394951164, 0.7184015837599997, 0.6235741111030084, 0.09097440793639633, 0.47954727290436394, -0.200675980129414, 0.9619866368219758, -0.39206632698692623, -0.3599638693791629, -0.6106726548130395, 0.31141719121915645, -0.4353212585068972, -0.20232711204761897, 0.49388393369685263, -0.7996076581420051, 0.8237159547171544, 0.5694694609677677, 0.4910553671580953, -0.9277775169590763, -0.038935368427051475, 0.948326603462111]
1019.9591674804688	(8, 12, 2)	[0.6059066681142142, -0.8127002153440641, 0.2182987168249002, -0.520788758855574, -0.4387238590748581, -0.8139968714396073, 0.2260923455381798, -0.42181150056817035, 0.4609268530553774, 0.5538662829679215, 0.0818567379601749, 0.2603803547625414, -0.5660857131646042, -0.32763424757344906, -0.17246615522540612, 0.1171157653331465, 0.6522990378552362, -0.9762999387045985, 0.3734477484997507, -0.3111538438099437, 0.20878113333042458, 0.20032869582623555, 0.2030030737579882, -0.4256043589020018, 0.21373547293306308, 0.7829304995429991, -0.9890424352504761, -0.524417192075654, 0.5384421171025455, 0.9701513397781316, 0.3491274491816343, -0.6420597677596496, -0.6832115294321426, -0.2817846609829169, -0.18872670571638434, 0.6757095311651484, 0.8969616141733676, 0.8423544559529907, -0.06424947321571972, 0.061753526994191565, 0.3898746847499698, 0.566778049188498, 0.8145366123118027, 0.40679433362914075, -0.3569135626238147, -0.7512857108539861, 0.8493926685256523, -0.8769313714179692, 0.5459317274165333, 0.7495627318644811, 0.5925865054368471, 0.8417923934006628, -0.3368601882993836, 0.32817351238607184, 0.5732227529341126, 0.9038785260621018, -0.20758722995921253, -0.8967542057014093, -0.4893169089983678, 0.518123233370897, -0.3667538516851159, -0.6839266561735335, -0.16796939869027291, 0.9250438676213353, 0.2918656075013215, -0.6786583725831596, -0.3247879927099284, -0.8111571950106533, 0.6281898070256197, 0.207422217529329, -0.7971360542183625, 0.8535836041262337, -0.8702156125867182, 0.1740794579768794, -0.6793104482072432, -0.6920819845862356, 0.8589461522310997, 0.09205518920473581, -0.9991577858959007, -0.5934017108116247, -0.5690431815880428, 0.2649943403028432, -0.7020411678048637, -0.14019686479159432, 0.6558642336457043, -0.4614039809496122, -0.2834214340193897, 0.9028200847138086, 0.21779540360259064, 0.6270321569970867, -0.03768810253154542, 0.3133248420346939, 0.4538183036780875, -0.37759414529916513, -0.07009212569002583, -0.4414380612646387, 0.24405730348617816, 0.8918077170943689, 0.6196743450251109, -0.14039482394951164, 0.7184015837599997, 0.6866587442710234, -0.12289265472028509, -0.42373859135230574, 0.03142374816309279, 0.08067505291414752, 1.0, -0.8762119494509608, -0.6106726548130395, 0.5279824812538729, 0.09803920267525235, 0.6979676160210473, 0.6182400509396317, -0.3013070999789276, 0.8237159547171544, 0.864625092657715, 0.6134462244192007, 0.19739736863789403, -0.6241444052591048, -0.9932025601031023]
1019.521728515625	(8, 12, 2)	[0.7514581811974685, -0.4118646486747102, 0.2182987168249002, -0.019664787032819264, -0.4387238590748581, -0.8139968714396073, -0.37599692099679133, 0.1565555488084119, 0.2670562113423043, 0.6448361230912264, 0.0818567379601749, -0.11446837722583167, -0.8543365340593331, -0.32763424757344906, 0.08430440300903652, 0.1171157653331465, 0.6522990378552362, -0.9762999387045985, 0.3734477484997507, -0.3111538438099437, 0.3143728934809611, 0.18452670924307557, 0.9399969924544687, -0.16661951057738067, 0.827908947526572, 0.7829304995429991, -0.9706641226819231, -0.10464978502612476, 0.2778285307128092, 0.28611210661851305, 0.3491274491816343, 0.8526637952281662, 0.1610854601190943, -0.07544899183608389, -0.5627080350832677, 0.6757095311651484, 0.8969616141733676, 0.021931446359288786, 0.196531957624132, 0.061753526994191565, -0.15601886495626396, 0.6478171782298301, 0.6834120218134668, 0.7006901805167798, -0.3569135626238147, -0.46638920438523357, -0.21885402343065335, -0.6596443122312429, 0.11995065900542201, 0.7495627318644811, 0.20067320797683053, 0.6728746764094403, 0.41575531062872617, 0.32817351238607184, 0.5732227529341126, 0.9038785260621018, 0.3251944992894895, -0.623742431856591, 0.3574984529931393, 0.518123233370897, -0.7415992058438279, -0.6839266561735335, 0.15247275942710092, 0.6530105899777132, 0.42039615967982247, -0.6786583725831596, -0.3247879927099284, -0.7065078291741571, 0.6281898070256197, -0.11154732455456617, 0.8962261657346029, 0.8535836041262337, -0.8702156125867182, -0.6256623683443476, -0.6793104482072432, -0.6920819845862356, 0.8589461522310997, -1.0, -0.9040175743641143, -0.57788282791252, -0.22572467473194568, 0.2649943403028432, -0.7020411678048637, 0.2969068073656056, 0.6558642336457043, 0.13521173489177274, -0.17501024562491008, 0.19309541097507288, 0.21779540360259064, 0.6270321569970867, 0.10236063830628739, 0.3133248420346939, -0.8030998393314377, -0.37759414529916513, -0.14830996971006027, -0.2942931642912079, 0.24405730348617816, 0.8488166716981491, 0.6196743450251109, -0.9532745963818297, 0.7184015837599997, 0.6866587442710234, 0.7846461532878748, -0.42373859135230574, 0.40033874214475285, 0.004164980974235233, -0.39206632698692623, -0.8762119494509608, 0.8060570493974959, 0.5279824812538729, 0.08176209472207671, 0.3966986925032876, 0.5965232321068277, -0.8686811667061836, 0.8237159547171544, 0.864625092657715, 0.6134462244192007, 0.19739736863789403, -0.09819294793407474, -0.9932025601031023]
1019.9050903320312	(8, 12, 2)	[0.7514581811974685, -0.9330947872706721, 0.2182987168249002, -0.520788758855574, -0.4387238590748581, -0.18552175783047464, -0.37599692099679133, -0.6129700760589667, 0.4609268530553774, 0.6448361230912264, 0.0818567379601749, -0.7967245896155697, -0.5660857131646042, -0.5091871002239651, -0.17246615522540612, 0.1171157653331465, 0.2679486957679258, -0.9762999387045985, 0.3734477484997507, -0.1452254891344773, 0.20878113333042458, 0.20032869582623555, 0.9399969924544687, -0.16661951057738067, 0.27415609111340933, 0.8215994253792802, -0.8701539809739561, -0.10464978502612476, -0.3378638565936455, 0.28611210661851305, 0.7602190661968288, 0.9111502945825243, 0.27168135714870595, -0.07544899183608389, -0.2966653470103968, 0.6757095311651484, 0.8369040668895454, 0.8423544559529907, -0.06424947321571972, 0.061753526994191565, -0.15601886495626396, 0.566778049188498, -0.2545961315337111, -0.8860094349477752, -0.294030201438685, -0.45149857393848086, 0.8493926685256523, -0.8769313714179692, 0.11995065900542201, 0.7495627318644811, 0.20067320797683053, 0.8417923934006628, -0.3368601882993836, 0.32817351238607184, 0.5732227529341126, 0.7114502064148567, 0.3251944992894895, -0.8967542057014093, -0.5429812668879437, 0.0884376488204992, -0.7415992058438279, -0.6839266561735335, -0.16796939869027291, -0.7198912457575568, -0.8204186508582263, -0.6786583725831596, -0.3247879927099284, -0.8111571950106533, -0.9524376360531341, 0.207422217529329, 0.8962261657346029, 0.8590663698241963, -0.44898008437421244, 0.04056172402710967, -0.43646560642990506, -0.6920819845862356, 0.2938521393027722, 0.09205518920473581, -0.8558290176211973, -0.5934017108116247, -0.5690431815880428, 0.3300126499477569, -0.8171064958617706, -0.5832240359072518, 0.8365522796537477, 0.13521173489177274, -0.038166805359197725, 0.9028200847138086, 0.21779540360259064, 0.44276253023714524, -0.03768810253154542, 0.3133248420346939, -0.9646091193903249, 0.16362832769702035, -0.5516396268529759, -0.4414380612646387, -0.09371784550351259, 0.8918077170943689, -0.05765813661692576, -0.09288497265989526, 0.7184015837599997, 0.6235741111030084, 0.09097440793639633, -0.42373859135230574, 0.40033874214475285, 0.9619866368219758, -0.39206632698692623, -0.8762119494509608, -0.6106726548130395, 0.5279824812538729, 0.09803920267525235, -0.20232711204761897, 0.6182400509396317, -0.1849211326456235, 0.8237159547171544, 0.864625092657715, 0.6134462244192007, -0.9277775169590763, 0.9350915111764335, -0.9932025601031023]
1019.8831787109375	(8, 12, 2)	[0.7514581811974685, -0.4118646486747102, 0.2182987168249002, -0.6931819588340952, -0.4387238590748581, -0.8139968714396073, 0.2260923455381798, -0.42181150056817035, 0.1110580899081254, 0.6448361230912264, 0.0818567379601749, 0.02147065634250689, -0.5660857131646042, -0.8511119759916204, -0.6133028541313277, 0.1171157653331465, 0.6522990378552362, -0.9762999387045985, 0.3734477484997507, -0.1452254891344773, 0.3143728934809611, 0.18452670924307557, 0.9399969924544687, -0.16661951057738067, 0.27415609111340933, 0.7829304995429991, -0.9706641226819231, -0.8799594593366409, -0.26413254778086714, 0.28611210661851305, 0.7590752646251113, 0.8526637952281662, 0.1610854601190943, -0.07544899183608389, -0.5431165362933097, 0.6069182406659837, 0.8969616141733676, 0.021931446359288786, 0.196531957624132, 0.061753526994191565, 0.9327484357337206, 0.566778049188498, 0.8145366123118027, 0.7913808426410426, -0.3569135626238147, 0.616435496165593, 0.8493926685256523, -0.6936786923556049, -0.3446535548748906, 0.5073392499279449, 0.5925865054368471, 0.8417923934006628, -0.3368601882993836, 0.32817351238607184, 0.8426025775427437, 0.9038785260621018, 0.3251944992894895, -0.8967542057014093, 0.3574984529931393, 0.4534926711818741, -0.7415992058438279, -0.6548602350027604, 0.8637814030434952, 0.6530105899777132, 0.42039615967982247, -0.6786583725831596, -0.3247879927099284, -0.7065078291741571, -0.9524376360531341, 0.9501524648927847, -0.7971360542183625, -0.24664569455646035, -0.44898008437421244, 0.04056172402710967, 0.8687984749911615, -0.6920819845862356, 0.8589461522310997, 0.09205518920473581, -0.8721417241130007, 0.0518320337178119, -0.22572467473194568, 0.2649943403028432, 0.5446086692769854, 0.47307894109753523, 0.8365522796537477, -0.4614039809496122, -0.17501024562491008, 0.19309541097507288, 0.21779540360259064, 0.6012399053168684, 0.10236063830628739, 0.3133248420346939, 0.544941521064115, -0.37759414529916513, -0.14830996971006027, -0.19444565382144785, 0.24405730348617816, 0.8918077170943689, 0.6196743450251109, -0.14039482394951164, 0.6187283402697961, 0.6235741111030084, 0.09097440793639633, -0.42373859135230574, -0.200675980129414, 0.11219862941943325, -0.39206632698692623, -0.3599638693791629, 0.8060570493974959, 0.5279824812538729, 0.08176209472207671, -0.20232711204761897, 0.5802311995061513, -0.48822765594534734, 0.8237159547171544, 0.5694694609677677, 0.6134462244192007, -0.9277775169590763, -0.509803737063891, -0.9932025601031023]
1019.34521484375	(8, 12, 2)	[0.7514581811974685, -0.9330947872706721, 0.2182987168249002, -0.019664787032819264, -0.4387238590748581, -0.8139968714396073, -0.37599692099679133, -0.6129700760589667, 0.4609268530553774, 0.6448361230912264, 0.0818567379601749, -0.21318821994618276, -0.8543365340593331, -0.5091871002239651, -0.17246615522540612, 0.1171157653331465, 0.2679486957679258, -0.9762999387045985, 0.3734477484997507, -0.3111538438099437, 0.3143728934809611, 0.20032869582623555, 0.9399969924544687, -0.16661951057738067, 0.27415609111340933, 0.8215994253792802, -0.9706641226819231, 0.5284010988903101, 0.16654245888869945, 0.28611210661851305, 0.3491274491816343, 0.8526637952281662, -0.6832115294321426, -0.19628756508410872, -0.2966653470103968, 0.6757095311651484, 0.8969616141733676, 0.021931446359288786, -0.06424947321571972, 0.061753526994191565, 0.9327484357337206, 0.566778049188498, 0.9795834935972687, -0.8860094349477752, 0.8456160140788083, -0.46638920438523357, -0.21885402343065335, -0.6985531500071925, 0.8804689801074561, 0.5073392499279449, 0.20067320797683053, 0.8417923934006628, 0.41575531062872617, 0.32817351238607184, 0.8426025775427437, -0.4883132871496303, 0.3251944992894895, -0.623742431856591, 0.3574984529931393, 0.4534926711818741, -0.7415992058438279, -0.643771490749104, 0.15247275942710092, -0.7198912457575568, -0.0691339124570658, -0.6786583725831596, -0.3247879927099284, -0.8111571950106533, -0.9524376360531341, 0.07218030676622078, -0.7971360542183625, 0.8535836041262337, -0.44898008437421244, 0.04056172402710967, -0.6793104482072432, -0.6920819845862356, 0.2938521393027722, 0.09205518920473581, -0.8721417241130007, 0.5875560089918852, -0.5690431815880428, 0.2649943403028432, -0.7020411678048637, -0.5832240359072518, 0.9596640090784168, -0.4614039809496122, -0.17501024562491008, 0.19309541097507288, 0.21779540360259064, 0.44276253023714524, -0.01367058185730215, 0.3133248420346939, -0.8076334091639593, -0.37759414529916513, -0.14830996971006027, -0.2942931642912079, -0.09371784550351259, 0.8488166716981491, -0.05765813661692576, -0.09288497265989526, 0.7184015837599997, 0.6866587442710234, 0.5609578822692163, -0.42373859135230574, 0.40033874214475285, 0.11219862941943325, -0.39206632698692623, -0.3599638693791629, -0.5856656211766063, 0.5279824812538729, 0.08176209472207671, 0.3966986925032876, 0.5965232321068277, -0.1849211326456235, 0.8237159547171544, 0.5694694609677677, 0.6134462244192007, -0.851370510686947, -0.509803737063891, -0.9932025601031023]
1019.8948974609375	(8, 12, 2)	[0.7514581811974685, -0.5839820377261223, 0.2182987168249002, -0.019664787032819264, -0.4387238590748581, -0.18552175783047464, 0.2260923455381798, -0.42181150056817035, 0.41680810027615633, 0.6448361230912264, 0.9973215902313666, 0.02147065634250689, -0.5660857131646042, -0.8511119759916204, -0.6133028541313277, 0.7535330312320181, 0.5550691134685535, -0.9762999387045985, 0.3734477484997507, -0.1452254891344773, 0.3143728934809611, 0.18452670924307557, 1.0, -0.4256043589020018, 0.27415609111340933, 0.7829304995429991, -0.9706641226819231, -0.10464978502612476, -0.26413254778086714, 0.9701513397781316, 0.3491274491816343, 0.9111502945825243, -0.6832115294321426, -0.07544899183608389, -0.5709013474932282, 0.7336469691877343, 0.8969616141733676, 0.8423544559529907, -0.01184801993463764, 0.061753526994191565, 0.41650735430645597, 0.566778049188498, 0.6834120218134668, -0.8860094349477752, -0.3569135626238147, 0.18430193788182647, 0.8493926685256523, -0.6936786923556049, 0.11995065900542201, 0.5073392499279449, -0.22674165368339994, 1.0, -0.3368601882993836, 0.5200796369204788, 0.5732227529341126, -0.4883132871496303, -0.20758722995921253, -0.8967542057014093, -0.5429812668879437, 0.37892563582899125, -0.3667538516851159, -0.6839266561735335, 0.6541130148532428, 0.6530105899777132, 0.2918656075013215, -0.6786583725831596, -0.3247879927099284, -0.7065078291741571, -0.9524376360531341, -0.11154732455456617, 0.8962261657346029, 0.8535836041262337, -0.8702156125867182, 0.04056172402710967, 0.8687984749911615, -0.6920819845862356, 0.2938521393027722, 0.09205518920473581, -0.8558290176211973, 0.03401556004440409, -0.5690431815880428, 0.2649943403028432, -0.8171064958617706, -0.5832240359072518, 0.6558642336457043, -0.4614039809496122, -0.2834214340193897, 0.19309541097507288, 0.21779540360259064, 0.6270321569970867, -0.8248910795871569, 0.3133248420346939, -0.9646091193903249, 0.16362832769702035, -0.14830996971006027, -0.4414380612646387, 0.24405730348617816, 0.8918077170943689, 0.6196743450251109, -0.14039482394951164, 0.7184015837599997, 0.6866587442710234, 0.5609578822692163, 0.47954727290436394, 0.03142374816309279, 0.08067505291414752, -0.39206632698692623, -0.8762119494509608, 0.8060570493974959, 0.5279824812538729, 0.09803920267525235, 0.3966986925032876, 0.6182400509396317, -0.3013070999789276, 0.8237159547171544, 0.5694694609677677, 0.4910553671580953, 0.19739736863789403, -0.038935368427051475, -0.9932025601031023]
1019.9974975585938	(8, 12, 2)	[0.7514581811974685, -0.5839820377261223, 0.2182987168249002, -0.019664787032819264, -0.4387238590748581, -0.7838607166066017, 0.12582837764047256, -0.42181150056817035, 0.41680810027615633, 0.6448361230912264, 0.9973215902313666, 0.02147065634250689, -0.5660857131646042, -0.8511119759916204, 0.0773684524301842, 0.7535330312320181, 0.5550691134685535, -0.9762999387045985, 0.3734477484997507, -0.1452254891344773, 0.3143728934809611, 0.18452670924307557, 0.2030030737579882, -0.4256043589020018, 0.21373547293306308, 0.7829304995429991, -0.9706641226819231, -0.10464978502612476, -0.26413254778086714, 0.28611210661851305, 0.3491274491816343, 0.9111502945825243, -0.6832115294321426, -0.07544899183608389, -0.5709013474932282, 0.7336469691877343, 0.8969616141733676, 0.8423544559529907, -0.01184801993463764, 0.061753526994191565, 0.41650735430645597, 0.566778049188498, 0.6834120218134668, 0.40679433362914075, -0.3569135626238147, 0.18430193788182647, 0.8493926685256523, -0.6936786923556049, -0.3446535548748906, 0.7495627318644811, -0.22674165368339994, -0.5251511617821352, -0.3368601882993836, 0.5200796369204788, 0.5732227529341126, -0.4883132871496303, -0.20758722995921253, -0.8967542057014093, 0.3574984529931393, 0.37892563582899125, -0.3667538516851159, -0.6839266561735335, 0.6541130148532428, -0.7198912457575568, -0.16262482823146557, -0.6786583725831596, -0.3247879927099284, -0.7065078291741571, 0.5817345691690834, -0.11154732455456617, 0.8962261657346029, 1.0, -0.8702156125867182, 0.04056172402710967, -0.43646560642990506, -0.6920819845862356, 0.8589461522310997, 0.09205518920473581, -0.8558290176211973, 0.03401556004440409, -0.5690431815880428, 0.2649943403028432, -0.8171064958617706, -0.5832240359072518, 0.9596640090784168, -0.4614039809496122, -0.2834214340193897, 0.19309541097507288, 0.21779540360259064, 0.6270321569970867, -0.8248910795871569, 0.3133248420346939, -0.9646091193903249, 0.16362832769702035, -0.14830996971006027, -0.4414380612646387, 0.24405730348617816, 0.8918077170943689, 0.6196743450251109, -0.14039482394951164, 0.7184015837599997, 0.6866587442710234, 0.5609578822692163, 0.47954727290436394, -0.200675980129414, 0.08067505291414752, -0.39206632698692623, -0.8762119494509608, 0.8060570493974959, 0.5279824812538729, 0.09803920267525235, 0.3966986925032876, 0.5965232321068277, -0.3013070999789276, 0.8237159547171544, 0.5694694609677677, 0.4910553671580953, -0.9277775169590763, -0.038935368427051475, -0.9932025601031023]
1019.9441528320312	(8, 12, 2)	[0.7514581811974685, -0.9330947872706721, 0.2182987168249002, 0.08243666442492557, -0.4387238590748581, -0.8139968714396073, 0.2260923455381798, 0.08254526418787389, 0.1110580899081254, 0.6084666624923061, 0.0818567379601749, 0.2603803547625414, -0.8543365340593331, -0.5468166292643936, -0.17246615522540612, 0.1171157653331465, 0.5550691134685535, -0.9762999387045985, 0.3734477484997507, -0.015271962750699197, 0.3143728934809611, 0.18452670924307557, 0.9399969924544687, -0.16661951057738067, 0.827908947526572, 0.7829304995429991, -0.9706641226819231, -0.11788601765077655, 0.2778285307128092, 0.28611210661851305, -0.23499404318498734, 0.4461822118240706, 0.1610854601190943, -0.07544899183608389, -0.2966653470103968, 0.7336469691877343, 0.8969616141733676, 0.8423544559529907, -0.03475107238384689, 0.061753526994191565, -0.15601886495626396, 0.566778049188498, 0.8145366123118027, 0.7006901805167798, -0.3569135626238147, -0.46638920438523357, 0.6984701571401297, -0.6936786923556049, 0.11995065900542201, 0.7876931435622272, 0.20067320797683053, 0.8417923934006628, -0.3368601882993836, 0.32817351238607184, 0.7823654685179599, 0.7114502064148567, -0.20758722995921253, -0.8967542057014093, -0.5429812668879437, 0.518123233370897, -0.7415992058438279, -0.608170352656519, -0.16796939869027291, 0.6530105899777132, -0.0691339124570658, -0.6786583725831596, -0.3247879927099284, -0.8111571950106533, 0.6073240818068368, -0.11154732455456617, 0.8962261657346029, -0.24664569455646035, -0.44898008437421244, 0.04056172402710967, -0.43646560642990506, -0.6920819845862356, 0.2938521393027722, 0.09205518920473581, -0.9040175743641143, -0.5934017108116247, -0.5690431815880428, 0.23837077813934582, -0.7020411678048637, 0.49867362719763, 0.6558642336457043, -0.4614039809496122, -0.17501024562491008, 0.9028200847138086, 0.8705088438837016, 0.6270321569970867, 0.10236063830628739, 0.3133248420346939, 0.45415734048254075, -0.2595962579129436, -0.20090721406067402, -0.4414380612646387, 0.24405730348617816, 0.8918077170943689, -0.05765813661692576, -0.14039482394951164, 0.7184015837599997, 0.6235741111030084, 0.5609578822692163, 0.47954727290436394, 0.40033874214475285, 0.9619866368219758, -0.39206632698692623, -0.3599638693791629, 0.8060570493974959, 0.5279824812538729, 0.08176209472207671, -0.32556943674356864, 0.5965232321068277, -0.8686811667061836, 0.6014513192548991, 0.5694694609677677, 0.4910553671580953, -0.9277775169590763, -0.509803737063891, -0.8251271855426487]
1019.9326171875	(8, 12, 2)	[0.7514581811974685, -0.3368053663204744, 0.2182987168249002, -0.019664787032819264, -0.4387238590748581, -0.8139968714396073, 0.2260923455381798, -0.42181150056817035, 0.4609268530553774, 0.6448361230912264, 0.0818567379601749, 0.2603803547625414, -0.660417015098771, -0.8511119759916204, -0.6133028541313277, 0.42868425026905366, 0.6522990378552362, -0.9762999387045985, 0.3734477484997507, -0.1452254891344773, 0.20878113333042458, 0.18452670924307557, 0.7187561222614074, -0.16661951057738067, 0.27415609111340933, 0.7829304995429991, -1.0, -0.11788601765077655, 0.5384421171025455, 0.28611210661851305, 0.3491274491816343, 0.8526637952281662, 0.27168135714870595, -0.2817846609829169, -0.2966653470103968, 0.6757095311651484, 0.8969616141733676, 0.021931446359288786, -0.06424947321571972, 0.061753526994191565, -0.15601886495626396, 0.566778049188498, 0.6834120218134668, 0.7913808426410426, -0.3569135626238147, -0.46638920438523357, 0.8493926685256523, -0.6936786923556049, 0.11995065900542201, 0.5073392499279449, 0.5925865054368471, -0.5251511617821352, -0.3368601882993836, 0.32817351238607184, 0.5732227529341126, -0.4883132871496303, 0.3251944992894895, -0.8967542057014093, 0.3574984529931393, 0.4534926711818741, -0.7415992058438279, -0.6839266561735335, 0.7085499996981397, 0.9250438676213353, 0.42039615967982247, -0.6786583725831596, -0.3247879927099284, -0.7065078291741571, -0.9524376360531341, -0.11154732455456617, 0.38487392197869075, -0.24664569455646035, -0.8702156125867182, 0.04056172402710967, 0.8687984749911615, -0.6920819845862356, 0.8589461522310997, 0.09205518920473581, -0.8721417241130007, 0.03401556004440409, -0.5690431815880428, 0.23837077813934582, -0.8171064958617706, 0.47307894109753523, 0.6558642336457043, -0.4614039809496122, -0.17501024562491008, 0.961623265658851, 0.21779540360259064, 0.6270321569970867, -0.03768810253154542, 0.2867813680382175, -0.9646091193903249, 0.16362832769702035, -0.14830996971006027, -0.2942931642912079, -0.09371784550351259, 0.8918077170943689, 0.6196743450251109, -0.14039482394951164, -0.3069018859379531, 0.6235741111030084, 0.5609578822692163, 0.47954727290436394, -0.30957108385642385, 0.11219862941943325, -0.39206632698692623, -0.8762119494509608, 0.8060570493974959, 0.5279824812538729, 0.08176209472207671, -0.20232711204761897, 0.5965232321068277, -0.3013070999789276, 0.8237159547171544, 0.5694694609677677, 0.6134462244192007, -0.9277775169590763, 0.9350915111764335, -0.8251271855426487]
1019.9365234375	(8, 12, 2)	[0.7514581811974685, -0.4118646486747102, 0.2182987168249002, -0.019664787032819264, -0.4387238590748581, -0.7838607166066017, 0.2260923455381798, -0.42181150056817035, 0.4609268530553774, 0.6448361230912264, 0.0818567379601749, 0.2603803547625414, -0.660417015098771, -0.8511119759916204, -0.17246615522540612, 0.42868425026905366, 0.6522990378552362, -0.9762999387045985, 0.3734477484997507, -0.1452254891344773, 0.3143728934809611, 0.18452670924307557, 0.2030030737579882, -0.16661951057738067, 0.21373547293306308, 0.7829304995429991, -0.9890424352504761, -0.8799594593366409, -0.26413254778086714, 0.28611210661851305, 0.3491274491816343, 0.9111502945825243, 0.27168135714870595, -0.07544899183608389, -0.2966653470103968, 0.7336469691877343, 0.8969616141733676, 0.021931446359288786, -0.06424947321571972, 0.061753526994191565, -0.15601886495626396, 0.566778049188498, 0.8145366123118027, 0.7913808426410426, -0.3569135626238147, -0.46638920438523357, 0.8493926685256523, -0.6936786923556049, -0.3446535548748906, 0.5073392499279449, 0.20067320797683053, -0.5251511617821352, -0.3368601882993836, 0.32817351238607184, 0.5732227529341126, -0.4883132871496303, 0.3251944992894895, -0.8967542057014093, 0.3574984529931393, 0.4534926711818741, -0.7415992058438279, -0.6839266561735335, 0.7085499996981397, -0.7198912457575568, -0.0691339124570658, -0.6786583725831596, -0.18502623341220514, -0.7065078291741571, -0.9524376360531341, -0.11154732455456617, 0.38487392197869075, 0.8535836041262337, -0.8702156125867182, 0.04056172402710967, 0.8687984749911615, -0.6920819845862356, 0.8589461522310997, 0.09205518920473581, -0.8721417241130007, 0.03401556004440409, -0.5690431815880428, 0.23837077813934582, -0.8171064958617706, 0.47307894109753523, 0.6558642336457043, -0.4614039809496122, -0.17501024562491008, 0.9028200847138086, 0.21779540360259064, 0.6270321569970867, -0.8248910795871569, 0.3133248420346939, -0.9646091193903249, 0.16362832769702035, -0.14830996971006027, -0.4414380612646387, -0.09371784550351259, 0.8918077170943689, 0.6196743450251109, -0.14039482394951164, -0.3069018859379531, -0.6634183227523411, 0.5609578822692163, 0.47954727290436394, -0.200675980129414, 0.11219862941943325, -0.39206632698692623, -0.8762119494509608, 0.8060570493974959, 0.5279824812538729, 0.08176209472207671, -0.20232711204761897, 0.5965232321068277, -0.48822765594534734, 0.9579595129509217, 0.5694694609677677, 0.6134462244192007, -0.9277775169590763, -0.038935368427051475, -0.9932025601031023]
1019.986328125	(8, 12, 2)	[0.7514581811974685, -0.4118646486747102, 0.2182987168249002, -0.6931819588340952, -0.4387238590748581, -0.7838607166066017, 0.3111028558130468, -0.42181150056817035, 0.13793488647411425, 0.6448361230912264, 0.9973215902313666, 0.2603803547625414, -0.6867378137804099, -0.8511119759916204, -0.6133028541313277, 0.1171157653331465, 0.5550691134685535, -0.9762999387045985, 0.4625642159010873, -0.1452254891344773, 0.20878113333042458, 0.18452670924307557, 1.0, -0.4456009441230579, 0.27415609111340933, 0.7829304995429991, -0.9706641226819231, -0.10464978502612476, 0.5396386291062634, 0.28611210661851305, 0.3609905978091863, 0.8526637952281662, 0.27168135714870595, -0.2817846609829169, -0.5709013474932282, 0.7336469691877343, 0.8969616141733676, 0.04362835940067449, -0.01184801993463764, 0.061753526994191565, 0.3898746847499698, 0.566778049188498, 0.6834120218134668, 0.7913808426410426, -0.3569135626238147, -0.46638920438523357, 0.8493926685256523, -0.6936786923556049, 0.3176212766982611, 0.7495627318644811, 0.5925865054368471, 0.8417923934006628, -0.3368601882993836, 0.32817351238607184, 0.7823654685179599, -0.4883132871496303, -0.24014850370436247, -0.8508455707194288, 0.3574984529931393, 0.37892563582899125, -0.7415992058438279, -0.643771490749104, -0.16796939869027291, 0.9250438676213353, 0.42039615967982247, -0.6786583725831596, -0.3193905820111256, -0.7065078291741571, 0.6281898070256197, -0.11154732455456617, 0.3633478666638709, 1.0, -0.8702156125867182, -0.6256623683443476, -0.43646560642990506, -0.6920819845862356, 0.2938521393027722, 0.2025902055913702, -0.8558290176211973, -0.5934017108116247, -0.5690431815880428, 0.2766594362407663, -0.7020411678048637, -0.5832240359072518, 0.6558642336457043, -0.4614039809496122, -0.17501024562491008, 0.19309541097507288, 0.21779540360259064, 0.6270321569970867, 0.10236063830628739, 0.3133248420346939, -0.8030998393314377, 0.16362832769702035, -0.07009212569002583, -0.4414380612646387, -0.09371784550351259, 0.8918077170943689, 0.6196743450251109, -0.09288497265989526, 0.7184015837599997, 0.6866587442710234, 0.7846461532878748, 0.47954727290436394, 0.05449726388893203, 0.08067505291414752, -0.39206632698692623, -0.3599638693791629, 0.8060570493974959, 0.40777312445229924, 0.08176209472207671, 0.3966986925032876, 0.5802311995061513, -0.3013070999789276, 0.8237159547171544, 0.864625092657715, 0.6134462244192007, -0.9277775169590763, -0.038935368427051475, -0.8251271855426487]
1019.9884033203125	(8, 12, 2)	[0.6059066681142142, -0.4118646486747102, 0.2182987168249002, -0.02340613760285773, -0.4387238590748581, -0.8139968714396073, 0.2260923455381798, -0.4325802101270337, 0.41680810027615633, 0.6448361230912264, 0.0818567379601749, 0.2603803547625414, -0.6867378137804099, -0.8511119759916204, -0.6133028541313277, 0.1060835990777001, 0.813148594024625, -0.9762999387045985, 0.3734477484997507, -0.1452254891344773, 0.20878113333042458, 0.18452670924307557, 0.9399969924544687, -0.4256043589020018, 0.12873322041311347, 0.7829304995429991, -0.9706641226819231, -0.11788601765077655, 0.16654245888869945, 0.28611210661851305, 0.3491274491816343, 0.4461822118240706, -0.6832115294321426, -0.19628756508410872, -0.2966653470103968, 0.6757095311651484, 0.8969616141733676, 0.04362835940067449, -0.06424947321571972, 0.061753526994191565, 0.9327484357337206, 0.566778049188498, 0.9795834935972687, 0.7006901805167798, -0.3569135626238147, -0.45149857393848086, 0.6984701571401297, -0.6936786923556049, 0.11995065900542201, 0.5073392499279449, 0.20067320797683053, 0.8417923934006628, -0.3956734533687939, 0.32817351238607184, 0.8426025775427437, -0.4883132871496303, 0.3251944992894895, -1.0, -0.782545039339179, 0.518123233370897, -0.3667538516851159, -0.8533084436476416, 0.6541130148532428, -0.24946396198349974, -0.16262482823146557, -0.6786583725831596, -0.296678825121467, -0.7733682595101925, 0.7646646730009076, 0.25686681735421374, 0.8962261657346029, -0.24664569455646035, -0.44898008437421244, 0.04056172402710967, 0.8687984749911615, -0.6920819845862356, 0.8589461522310997, 0.09205518920473581, -0.8558290176211973, 0.5875560089918852, -0.5690431815880428, 0.23837077813934582, -0.8171064958617706, -0.5832240359072518, 0.9596640090784168, 0.13521173489177274, -0.17501024562491008, 0.19309541097507288, 0.8705088438837016, 0.6270321569970867, 0.10236063830628739, 0.3133248420346939, -0.8030998393314377, -0.37759414529916513, -0.14830996971006027, -0.2942931642912079, -0.09371784550351259, 0.8918077170943689, 0.6196743450251109, -0.14039482394951164, 0.7184015837599997, -0.6634183227523411, -0.12289265472028509, 0.47954727290436394, 0.40033874214475285, 0.11219862941943325, -0.39206632698692623, -0.3599638693791629, -0.6106726548130395, 0.5279824812538729, 0.08176209472207671, 0.3966986925032876, 0.5802311995061513, -0.48822765594534734, 0.7886242775944333, 0.864625092657715, 0.4910553671580953, 0.9908438278674818, -0.038935368427051475, -0.7621339457807464]
1019.999267578125	(8, 12, 2)	[0.7514581811974685, -0.4118646486747102, 0.2182987168249002, -0.019664787032819264, -0.4387238590748581, -0.7838607166066017, 0.3111028558130468, -0.42181150056817035, 0.4609268530553774, 0.6448361230912264, 0.0818567379601749, 0.2603803547625414, -0.8543365340593331, -0.8511119759916204, -0.6133028541313277, 0.1171157653331465, 0.5550691134685535, -0.9762999387045985, 0.3734477484997507, -0.1452254891344773, 0.20878113333042458, 0.18452670924307557, 1.0, -0.16661951057738067, 0.21373547293306308, 0.7829304995429991, -0.9706641226819231, -0.10464978502612476, 0.5396386291062634, 0.28611210661851305, 0.3609905978091863, 0.8526637952281662, 0.1610854601190943, -0.07544899183608389, -0.5709013474932282, 0.7336469691877343, 1.0, 0.04362835940067449, 0.196531957624132, 0.061753526994191565, 0.41650735430645597, 0.566778049188498, 0.6834120218134668, 0.7006901805167798, -0.3569135626238147, -0.46638920438523357, 0.8493926685256523, -0.6936786923556049, 0.3176212766982611, 0.7876931435622272, 0.20067320797683053, -0.5251511617821352, -0.3368601882993836, 0.638281825228487, 0.7823654685179599, -0.4883132871496303, -0.24014850370436247, -1.0, 0.3574984529931393, 0.4534926711818741, -0.7415992058438279, -0.643771490749104, 0.6541130148532428, -0.24946396198349974, 0.42039615967982247, -0.6786583725831596, -0.3247879927099284, -0.7065078291741571, 0.6281898070256197, 0.207422217529329, 0.3633478666638709, 0.8535836041262337, -0.44898008437421244, 0.04056172402710967, -0.43646560642990506, -0.6920819845862356, 0.2938521393027722, 0.2025902055913702, -0.8558290176211973, -0.5934017108116247, -0.5690431815880428, 0.2766594362407663, -0.7020411678048637, -0.5832240359072518, 0.6558642336457043, -0.4614039809496122, -0.22524948090377905, 0.19309541097507288, 0.8705088438837016, 0.6270321569970867, 0.10236063830628739, 0.3133248420346939, -0.8030998393314377, -0.37759414529916513, -0.07009212569002583, -0.2942931642912079, -0.09371784550351259, 0.8488166716981491, 0.6196743450251109, -0.19052476896892673, 0.7184015837599997, 0.6866587442710234, 0.7846461532878748, 0.47954727290436394, 0.40033874214475285, 0.2948990349599298, -0.39206632698692623, -0.3599638693791629, 0.8060570493974959, 0.40777312445229924, 0.08176209472207671, 0.3966986925032876, 0.5802311995061513, -0.3013070999789276, 0.8237159547171544, 1.0, 0.6134462244192007, -0.9277775169590763, -0.509803737063891, -0.8251271855426487]
1019.9981689453125	(8, 12, 2)	[0.7130533054316704, -0.4118646486747102, 0.2182987168249002, -0.6931819588340952, -0.4387238590748581, -0.8139968714396073, 0.2260923455381798, -0.42181150056817035, 0.4609268530553774, 0.6448361230912264, 0.0818567379601749, 0.2603803547625414, -0.660417015098771, -0.8511119759916204, -0.6133028541313277, 0.7535330312320181, 0.6522990378552362, -0.9762999387045985, 0.3734477484997507, -0.015271962750699197, 0.20878113333042458, 0.18452670924307557, 1.0, -0.4456009441230579, 0.27415609111340933, 0.8580776291867729, -0.9706641226819231, -0.10464978502612476, 0.5384421171025455, 0.28611210661851305, 0.3491274491816343, 0.8526637952281662, 0.27168135714870595, -0.299612292235814, -0.5627080350832677, 0.6069182406659837, 1.0, 0.021931446359288786, -0.01184801993463764, 0.061753526994191565, -0.15601886495626396, 0.566778049188498, 0.8145366123118027, 0.7006901805167798, -0.3569135626238147, -0.46638920438523357, 0.8493926685256523, -0.6936786923556049, 0.11995065900542201, 0.7495627318644811, 0.5925865054368471, -0.5251511617821352, -0.3368601882993836, 0.32817351238607184, 0.5732227529341126, -0.4883132871496303, -0.4225896235260019, -0.8967542057014093, 0.3574984529931393, 0.37613683612596216, -0.7415992058438279, -0.6839266561735335, -0.16796939869027291, 0.9250438676213353, -0.8204186508582263, -0.6786583725831596, -0.18502623341220514, -0.7065078291741571, 0.6281898070256197, -0.11154732455456617, -0.7971360542183625, 0.8535836041262337, -0.8702156125867182, 0.04056172402710967, 0.8687984749911615, -0.6920819845862356, 0.2938521393027722, 0.09205518920473581, -0.9040175743641143, -0.5934017108116247, -0.5690431815880428, 0.2649943403028432, -0.7020411678048637, 0.49867362719763, 0.6558642336457043, -0.4614039809496122, -0.17501024562491008, 0.19309541097507288, 0.21779540360259064, 0.6270321569970867, 0.07984856005066343, 0.3133248420346939, -0.8030998393314377, 0.16362832769702035, -0.14830996971006027, -0.2942931642912079, -0.09371784550351259, 0.8918077170943689, 0.6196743450251109, -0.28697765570904044, 0.7184015837599997, 0.6866587442710234, 0.5609578822692163, 0.47954727290436394, 0.40033874214475285, 0.11219862941943325, -0.39206632698692623, -0.8762119494509608, 0.8060570493974959, 0.5279824812538729, 0.08176209472207671, 0.3966986925032876, 0.5965232321068277, -0.48822765594534734, 0.8237159547171544, 0.5694694609677677, 0.4910553671580953, 0.08199783860597558, -0.038935368427051475, -0.9932025601031023]
1019.9588012695312	(8, 12, 2)	[0.7514581811974685, -0.4118646486747102, 0.2182987168249002, -0.019664787032819264, -0.4387238590748581, -0.7838607166066017, 0.2260923455381798, -0.42181150056817035, 0.34503622734904993, 0.6448361230912264, 0.0818567379601749, 0.37783089527984104, -0.6866449308490813, -0.8511119759916204, -0.6133028541313277, 0.1060835990777001, 0.813148594024625, -0.9762999387045985, 0.3734477484997507, -0.1452254891344773, 0.3143728934809611, 0.18452670924307557, 0.9399969924544687, -0.16661951057738067, 0.3906974722378194, 0.7829304995429991, -0.9706641226819231, -0.10464978502612476, 0.16654245888869945, 0.28611210661851305, 0.3491274491816343, -0.6420597677596496, 0.27168135714870595, -0.07544899183608389, -0.2966653470103968, 0.7336469691877343, 1.0, 0.021931446359288786, 0.196531957624132, 0.061753526994191565, -0.15601886495626396, 0.566778049188498, 0.6834120218134668, 0.7006901805167798, -0.3569135626238147, -0.46638920438523357, 0.8493926685256523, -0.6936786923556049, 0.3176212766982611, 0.3905825009241704, 0.20067320797683053, 0.8417923934006628, 0.41575531062872617, 0.638281825228487, 0.8426025775427437, -0.4883132871496303, -0.24014850370436247, -0.8967542057014093, -0.864906599570361, 0.518123233370897, -0.7415992058438279, -0.6839266561735335, 0.6541130148532428, -0.24946396198349974, 0.42039615967982247, -0.6786583725831596, -0.3247879927099284, -0.7065078291741571, 0.6281898070256197, 0.207422217529329, 0.8962261657346029, 0.8535836041262337, -0.44898008437421244, 0.04056172402710967, -0.43646560642990506, -0.6920819845862356, 0.8589461522310997, 0.09205518920473581, -0.9040175743641143, 0.0518320337178119, -0.5690431815880428, 0.23837077813934582, -0.7020411678048637, -0.5832240359072518, 0.9596640090784168, 0.13521173489177274, -0.17501024562491008, 0.19309541097507288, 0.21779540360259064, 0.6270321569970867, 0.10236063830628739, 0.3133248420346939, -0.9646091193903249, -0.37759414529916513, -0.14830996971006027, -0.2942931642912079, -0.09371784550351259, 0.8488166716981491, 0.6196743450251109, -0.14039482394951164, 0.7184015837599997, 0.6866587442710234, 0.5609578822692163, 0.47954727290436394, -0.30957108385642385, 0.08067505291414752, -0.39206632698692623, -0.3599638693791629, 0.8060570493974959, 0.5279824812538729, 0.08176209472207671, -0.20232711204761897, 0.5802311995061513, -0.3013070999789276, 0.41112691472846197, 0.5694694609677677, 0.6134462244192007, -0.9277775169590763, -0.038935368427051475, -0.9932025601031023]
1019.9998168945312	(8, 12, 2)	[0.7514581811974685, -0.28427533561708607, 0.2182987168249002, -0.019664787032819264, -0.4387238590748581, -0.8139968714396073, 0.12582837764047256, -0.42181150056817035, 0.13793488647411425, 0.5302975200656765, 0.0818567379601749, 0.2603803547625414, -0.8543365340593331, -0.8511119759916204, -0.6133028541313277, 0.1171157653331465, 0.5974371498067386, -0.9762999387045985, 0.3734477484997507, -0.015271962750699197, 0.20878113333042458, 0.20032869582623555, 1.0, -0.16661951057738067, 0.21373547293306308, 0.7829304995429991, -0.9706641226819231, -0.10464978502612476, -0.3378638565936455, 0.28611210661851305, 0.3491274491816343, 0.8526637952281662, 0.27168135714870595, -0.07544899183608389, -0.2966653470103968, 0.6069182406659837, 0.8969616141733676, 0.021931446359288786, -0.03475107238384689, 0.061753526994191565, 0.9327484357337206, 0.6478171782298301, 0.8145366123118027, 0.784662334115603, -0.3569135626238147, -0.46638920438523357, 0.8493926685256523, -0.6936786923556049, 0.11995065900542201, 0.7876931435622272, 0.6372481037451575, 0.8417923934006628, -0.3368601882993836, 0.638281825228487, 0.7823654685179599, -0.4883132871496303, -0.20758722995921253, -1.0, 0.3574984529931393, 0.4534926711818741, -0.7415992058438279, -0.6839266561735335, -0.16796939869027291, -0.7198912457575568, 0.42039615967982247, -0.6786583725831596, -0.18502623341220514, -0.7065078291741571, -0.9524376360531341, -0.11154732455456617, 0.3633478666638709, 1.0, -0.44898008437421244, 0.14039182999617605, 0.8687984749911615, -0.6920819845862356, 0.8589461522310997, 0.09205518920473581, -0.8558290176211973, -0.5934017108116247, -0.5690431815880428, 0.2649943403028432, -0.7020411678048637, -0.5746444507132614, 0.6558642336457043, 0.13521173489177274, -0.17501024562491008, 0.19309541097507288, 0.8705088438837016, 0.6270321569970867, 0.2104525705968158, 0.3133248420346939, -0.8030998393314377, -0.37759414529916513, -0.14830996971006027, -0.4414380612646387, -0.09371784550351259, 0.8918077170943689, 0.6196743450251109, -0.28697765570904044, 0.7184015837599997, 0.6235741111030084, 0.09097440793639633, 0.47954727290436394, -0.200675980129414, 0.11219862941943325, -0.39206632698692623, -0.8762119494509608, 0.8060570493974959, 0.40777312445229924, 0.08176209472207671, 0.3966986925032876, 0.5965232321068277, -0.8686811667061836, 0.8237159547171544, 0.864625092657715, 0.5975984643057296, 0.9908438278674818, 0.9350915111764335, -0.8110934184609854]
1019.9981079101562	(8, 12, 2)	[0.7130533054316704, -0.4118646486747102, 0.2182987168249002, -0.019664787032819264, -0.4387238590748581, -0.8139968714396073, 0.2260923455381798, -0.5508053898866289, 0.4609268530553774, 0.6448361230912264, 0.9973215902313666, 0.2603803547625414, -0.6866449308490813, -0.8511119759916204, -0.6133028541313277, 0.1171157653331465, 0.8828396310596376, -0.9762999387045985, 0.3734477484997507, -0.1452254891344773, 0.20878113333042458, 0.18452670924307557, 0.9399969924544687, -0.16661951057738067, 0.12873322041311347, 0.7829304995429991, -0.9706641226819231, -0.11788601765077655, 0.5384421171025455, 0.28611210661851305, 0.3491274491816343, 0.8526637952281662, 0.1610854601190943, -0.19628756508410872, -0.2966653470103968, 0.6757095311651484, 1.0, 0.04362835940067449, 0.196531957624132, 0.061753526994191565, 0.41650735430645597, 0.566778049188498, 0.8145366123118027, 0.7913808426410426, -0.3569135626238147, -0.34435715908617354, 0.8493926685256523, -0.6936786923556049, 0.3176212766982611, 0.5050197735781132, -0.22674165368339994, -0.5251511617821352, 0.41575531062872617, 0.638281825228487, 0.7823654685179599, -0.4883132871496303, 0.3251944992894895, -0.8967542057014093, -0.782545039339179, 0.4534926711818741, -0.7415992058438279, -0.9072126141271792, 0.6541130148532428, -0.24946396198349974, 0.2918656075013215, -0.6786583725831596, -0.296678825121467, -0.7065078291741571, 0.7646646730009076, 0.207422217529329, 0.8962261657346029, 0.8535836041262337, -0.7066958158807165, 0.04056172402710967, 0.8687984749911615, -0.6920819845862356, 0.8589461522310997, 0.2025902055913702, -0.9040175743641143, 0.03401556004440409, -0.5690431815880428, 0.23837077813934582, -0.8171064958617706, -0.5832240359072518, 0.9596640090784168, -0.4614039809496122, -0.17501024562491008, 0.19309541097507288, 0.8705088438837016, 0.6270321569970867, 0.10236063830628739, 0.3133248420346939, -0.9646091193903249, 0.09652817721357879, -0.14830996971006027, -0.4414380612646387, -0.09371784550351259, 0.8918077170943689, 0.6196743450251109, -0.14039482394951164, 0.7184015837599997, 0.6235741111030084, 0.5609578822692163, 0.372249697912266, -0.200675980129414, 0.2948990349599298, -0.39206632698692623, -0.3599638693791629, 0.8060570493974959, 0.5279824812538729, 0.08176209472207671, 0.3966986925032876, 0.5802311995061513, -0.3013070999789276, 0.8237159547171544, 0.864625092657715, 0.4910553671580953, 0.3171853802426484, -0.038935368427051475, -0.7621339457807464]
1019.9978637695312	(8, 12, 2)	[0.6059066681142142, -0.28427533561708607, 0.2182987168249002, -0.019664787032819264, -0.4387238590748581, -0.8139968714396073, 0.3111028558130468, -0.5508053898866289, 0.13793488647411425, 0.6084666624923061, 0.0818567379601749, 0.2603803547625414, -0.6867378137804099, -0.8511119759916204, -0.6133028541313277, 0.21548161498087084, 0.8828396310596376, -0.9762999387045985, 0.3734477484997507, -0.015271962750699197, 0.20878113333042458, 0.18452670924307557, 0.9399969924544687, -0.16661951057738067, 0.21373547293306308, 0.7829304995429991, -0.9260718851193847, -0.10464978502612476, 0.5384421171025455, 0.28611210661851305, 0.3491274491816343, 0.8526637952281662, 0.1610854601190943, -0.19628756508410872, -0.2966653470103968, 0.6069182406659837, 1.0, 0.021931446359288786, -0.03475107238384689, 0.061753526994191565, 0.41650735430645597, 0.566778049188498, 0.8145366123118027, 0.7913808426410426, -0.3569135626238147, -0.46638920438523357, 0.8493926685256523, -0.6936786923556049, 0.3176212766982611, 0.5073392499279449, 0.6372481037451575, 0.8417923934006628, 0.41575531062872617, 0.638281825228487, 0.7823654685179599, 0.5662375969223636, 0.3251944992894895, -0.8967542057014093, -0.782545039339179, 0.518123233370897, -0.7415992058438279, -0.6839266561735335, -0.16796939869027291, 0.9250438676213353, 0.2918656075013215, -0.6786583725831596, -0.296678825121467, -0.7065078291741571, 0.7646646730009076, -0.11154732455456617, 0.8962261657346029, 0.8535836041262337, -0.7066958158807165, 0.04056172402710967, 0.8687984749911615, -0.6920819845862356, 0.8589461522310997, -1.0, -0.8721417241130007, -0.5934017108116247, -0.5690431815880428, 0.23837077813934582, -0.8171064958617706, -0.5832240359072518, 0.6558642336457043, 0.13521173489177274, -0.17501024562491008, 0.19309541097507288, 0.8705088438837016, 0.6270321569970867, 0.10236063830628739, 0.3133248420346939, -0.9646091193903249, 0.09652817721357879, -0.14830996971006027, -0.4414380612646387, -0.09371784550351259, 0.8918077170943689, 0.6196743450251109, -0.28697765570904044, 0.7184015837599997, 0.6235741111030084, 0.5609578822692163, 0.372249697912266, 0.40033874214475285, 0.11219862941943325, -0.39206632698692623, -0.3599638693791629, 0.8060570493974959, 0.40777312445229924, 0.08176209472207671, 0.3966986925032876, 0.6182400509396317, -0.3013070999789276, 0.8237159547171544, 0.864625092657715, 0.4910553671580953, 0.3171853802426484, -0.038935368427051475, -0.7621339457807464]
1019.9993896484375	(8, 12, 2)	[0.7514581811974685, -0.3980604536159463, 0.2182987168249002, -0.09531241901804946, -0.4387238590748581, -0.8139968714396073, 0.2260923455381798, -0.6129700760589667, 0.4609268530553774, 0.6448361230912264, 0.0818567379601749, 0.2603803547625414, -0.6867378137804099, -0.5091871002239651, -0.6133028541313277, 0.1171157653331465, 0.6748409446566266, -0.9762999387045985, 0.3734477484997507, -0.015271962750699197, 0.20878113333042458, 0.18452670924307557, 1.0, -0.16661951057738067, 0.12873322041311347, 0.8215994253792802, -0.9706641226819231, -0.11788601765077655, 0.5384421171025455, 0.28611210661851305, 0.3491274491816343, 0.8526637952281662, -0.6832115294321426, -0.07544899183608389, -0.38375241532956433, 0.7336469691877343, 1.0, 0.021931446359288786, 0.196531957624132, 0.061753526994191565, 0.41650735430645597, 0.566778049188498, 0.8145366123118027, 0.7006901805167798, -0.2275404951122963, -0.46638920438523357, 0.8493926685256523, -0.6936786923556049, 0.3176212766982611, 0.7876931435622272, 0.20067320797683053, -0.5251511617821352, -0.3368601882993836, 0.638281825228487, 0.5732227529341126, -0.4883132871496303, 0.3251944992894895, -0.8777005886766117, -0.782545039339179, 0.4534926711818741, -0.3667538516851159, -0.6548602350027604, 0.6541130148532428, -0.7198912457575568, 0.42039615967982247, -0.6786583725831596, -0.18502623341220514, -0.7065078291741571, 0.6281898070256197, 0.207422217529329, 0.38487392197869075, 0.8535836041262337, -0.44898008437421244, 0.04056172402710967, -0.43646560642990506, -0.6920819845862356, 0.2938521393027722, 0.2025902055913702, -0.8721417241130007, -0.5934017108116247, -0.5690431815880428, 0.23837077813934582, -0.7020411678048637, -0.5832240359072518, 0.9741562023359698, 0.13521173489177274, -0.22524948090377905, 0.19309541097507288, 0.8705088438837016, 0.6270321569970867, 0.10236063830628739, 0.3133248420346939, -0.8030998393314377, -0.37759414529916513, -0.14830996971006027, -0.19444565382144785, -0.09371784550351259, 0.8488166716981491, 0.6196743450251109, -0.14039482394951164, 0.7490624141649695, -0.6634183227523411, 0.5609578822692163, 0.47954727290436394, 0.40033874214475285, 0.2948990349599298, -0.39206632698692623, -0.3599638693791629, 0.8060570493974959, 0.5279824812538729, 0.08176209472207671, 0.3966986925032876, 0.5965232321068277, -0.3013070999789276, 0.8237159547171544, 0.6826664151016896, 0.4910553671580953, -0.5954714348553886, -0.038935368427051475, -0.814597266241463]
1019.9959716796875	(8, 12, 2)	[0.7514581811974685, -0.4118646486747102, 0.2182987168249002, -0.019664787032819264, -0.4387238590748581, -0.8139968714396073, 0.12582837764047256, -0.5508053898866289, 0.4609268530553774, 0.6084666624923061, 0.9973215902313666, 0.2603803547625414, -0.6867378137804099, -0.8511119759916204, -0.6133028541313277, 0.1171157653331465, 0.8828396310596376, -0.9762999387045985, 0.3734477484997507, -0.015271962750699197, 0.20878113333042458, 0.18452670924307557, 0.9399969924544687, -0.16661951057738067, 0.21373547293306308, 0.7829304995429991, -0.9260718851193847, -0.11788601765077655, -0.3378638565936455, 0.28611210661851305, 0.3491274491816343, 0.8526637952281662, 0.1610854601190943, -0.07544899183608389, -0.2966653470103968, 0.6757095311651484, 0.8911345712465202, 0.021931446359288786, 0.196531957624132, 0.061753526994191565, 0.41650735430645597, 0.6478171782298301, 0.7701576682242904, 0.7913808426410426, -0.3569135626238147, -0.34435715908617354, 0.8493926685256523, -0.5950831276377666, 0.3176212766982611, 0.5050197735781132, 0.6372481037451575, 0.8417923934006628, -0.3368601882993836, 0.638281825228487, 0.8426025775427437, -0.4883132871496303, 0.3251944992894895, -1.0, -0.782545039339179, 0.4534926711818741, -0.7415992058438279, -0.6839266561735335, -0.16796939869027291, -0.7198912457575568, 0.2918656075013215, -0.6786583725831596, -0.296678825121467, -0.7065078291741571, 0.7646646730009076, 0.07749070978400863, 0.3633478666638709, 0.8535836041262337, -0.44898008437421244, 0.04056172402710967, 0.8687984749911615, -0.6920819845862356, 0.8589461522310997, -1.0, -0.9040175743641143, -0.5934017108116247, -0.5690431815880428, 0.2649943403028432, -0.7896486470106745, -0.5832240359072518, 0.6558642336457043, 0.13521173489177274, -0.17501024562491008, 0.19309541097507288, 0.8705088438837016, 0.6270321569970867, 0.10236063830628739, 0.3133248420346939, -0.9646091193903249, 0.09652817721357879, -0.14830996971006027, -0.4414380612646387, -0.09371784550351259, 0.8918077170943689, 0.6196743450251109, -0.28697765570904044, 0.7184015837599997, -0.6634183227523411, 0.09097440793639633, 0.47954727290436394, -0.200675980129414, 0.11219862941943325, -0.39206632698692623, -0.3599638693791629, 0.8060570493974959, 0.40777312445229924, 0.08176209472207671, 0.3966986925032876, 0.5802311995061513, -0.3013070999789276, 0.8237159547171544, 0.864625092657715, 0.4910553671580953, -0.9277775169590763, 0.9350915111764335, -0.7621339457807464]
1019.999755859375	(8, 12, 2)	[0.7130533054316704, -0.28427533561708607, 0.2182987168249002, -0.019664787032819264, -0.4387238590748581, -0.8139968714396073, 0.12582837764047256, -0.5508053898866289, 0.34503622734904993, 0.6448361230912264, 0.0818567379601749, 0.2603803547625414, -0.6866449308490813, -0.8511119759916204, -0.6133028541313277, 0.016648892512557245, 0.813148594024625, -0.9762999387045985, 0.3734477484997507, -0.1452254891344773, 0.20878113333042458, 0.18452670924307557, 0.9399969924544687, -0.16661951057738067, 0.21373547293306308, 0.7829304995429991, -0.9260718851193847, -0.10464978502612476, 0.16654245888869945, 0.28611210661851305, 0.3491274491816343, 0.6841173010579061, -0.6832115294321426, -0.07544899183608389, -0.2966653470103968, 0.6757095311651484, 0.8911345712465202, 0.021931446359288786, -0.06424947321571972, 0.061753526994191565, 0.9327484357337206, 0.566778049188498, 0.8145366123118027, 0.7731673737035434, -0.3569135626238147, -0.46638920438523357, 0.8493926685256523, -0.6936786923556049, 0.3176212766982611, 0.7876931435622272, -0.22674165368339994, 1.0, -0.3368601882993836, 0.638281825228487, 0.7823654685179599, 0.9038785260621018, 0.3251944992894895, -0.8967542057014093, -0.782545039339179, 0.518123233370897, -0.7415992058438279, -0.6839266561735335, 0.6541130148532428, -0.24946396198349974, 0.2918656075013215, -0.6786583725831596, -0.18502623341220514, -0.7733682595101925, 0.7646646730009076, -0.11154732455456617, 0.8962261657346029, 0.8802539340413164, -0.44898008437421244, 0.04056172402710967, 0.8687984749911615, -0.6920819845862356, 0.8589461522310997, -1.0, -0.9040175743641143, 0.03401556004440409, -0.5690431815880428, 0.23837077813934582, -0.7020411678048637, -0.5832240359072518, 0.9596640090784168, 0.13521173489177274, -0.17501024562491008, 0.19309541097507288, 0.8705088438837016, 0.13035590940382386, 0.10236063830628739, 0.3133248420346939, -0.8030998393314377, 0.16362832769702035, -0.14830996971006027, -0.4414380612646387, -0.09371784550351259, 0.8918077170943689, 0.6196743450251109, -0.14039482394951164, 0.7184015837599997, 0.6866587442710234, 0.5609578822692163, 0.47954727290436394, -0.200675980129414, 0.11219862941943325, -0.39206632698692623, -0.3599638693791629, 0.8060570493974959, 0.40777312445229924, 0.08176209472207671, 0.3966986925032876, 0.5965232321068277, -0.48822765594534734, 0.7886242775944333, 0.864625092657715, 0.4910553671580953, 0.3171853802426484, -0.038935368427051475, -0.8251271855426487]
1019.99951171875	(8, 12, 2)	[0.7130533054316704, -0.4118646486747102, 0.2182987168249002, -0.019664787032819264, -0.4387238590748581, -0.8139968714396073, 0.3111028558130468, -0.4325802101270337, 0.1110580899081254, 0.6448361230912264, 0.0818567379601749, 0.2603803547625414, -0.5660857131646042, -0.8511119759916204, -0.3154064055971115, 0.7751193421346192, 0.5550691134685535, -0.9762999387045985, 0.3734477484997507, 0.0657440826076734, 0.3143728934809611, 0.18452670924307557, 0.9399969924544687, -0.16661951057738067, 0.21373547293306308, 0.7829304995429991, -0.9843807348275044, -0.10464978502612476, 0.5384421171025455, 0.28611210661851305, 0.3491274491816343, 0.8526637952281662, -0.6832115294321426, -0.2817846609829169, -0.2966653470103968, 0.6757095311651484, 1.0, 0.04362835940067449, 0.196531957624132, 0.061753526994191565, 0.3898746847499698, 0.566778049188498, 0.8145366123118027, 0.7913808426410426, -0.3569135626238147, -0.34435715908617354, 0.8493926685256523, -0.6936786923556049, -0.3446535548748906, 0.8574624312888678, 0.5925865054368471, -0.5251511617821352, -0.3368601882993836, 0.638281825228487, 0.7823654685179599, 0.9038785260621018, -0.4225896235260019, -0.8777005886766117, -0.782545039339179, 0.4534926711818741, -0.7415992058438279, -0.6839266561735335, 0.6541130148532428, -0.7198912457575568, -0.8204186508582263, -0.6396664165241598, -0.3247879927099284, -0.7065078291741571, 0.6281898070256197, 0.207422217529329, 0.8962261657346029, -0.24664569455646035, -0.44898008437421244, 0.04056172402710967, 0.8687984749911615, -0.6920819845862356, 0.2938521393027722, -0.1305526131350842, -0.8558290176211973, 0.03401556004440409, -0.5690431815880428, 0.2766594362407663, -0.8171064958617706, 0.47307894109753523, 0.9741562023359698, 0.07095425041463473, -0.17501024562491008, 0.19309541097507288, 0.8705088438837016, 0.6270321569970867, 0.10236063830628739, 0.3133248420346939, -0.8030998393314377, 0.09652817721357879, -0.14830996971006027, -0.2942931642912079, -0.09371784550351259, 0.11375593756771635, 0.6196743450251109, -0.19052476896892673, -0.44388599976815357, -0.6634183227523411, 0.09097440793639633, 0.4436163921064504, -0.200675980129414, 0.2948990349599298, -0.39206632698692623, -0.3599638693791629, 0.8060570493974959, 0.5279824812538729, 0.08176209472207671, 0.3966986925032876, 0.5965232321068277, -0.48822765594534734, 0.6014513192548991, 0.864625092657715, 0.6134462244192007, 0.3795830332695545, -0.038935368427051475, -0.8251271855426487]
1019.9993286132812	(8, 12, 2)	[0.7514581811974685, -0.3980604536159463, 0.2182987168249002, -0.09531241901804946, -0.4338617707953577, -0.8139968714396073, 0.3111028558130468, -0.6129700760589667, 0.4609268530553774, 0.5541713896508753, 0.0818567379601749, 0.2603803547625414, -0.8543365340593331, -0.8511119759916204, -0.6133028541313277, 0.21548161498087084, 0.813148594024625, -0.9762999387045985, 0.3734477484997507, -0.1452254891344773, 0.26952606862629325, 0.18452670924307557, 0.9399969924544687, -0.16661951057738067, 0.21373547293306308, 0.8215994253792802, -0.9706641226819231, -0.10464978502612476, 0.5384421171025455, 0.28611210661851305, 0.3491274491816343, 0.8526637952281662, -0.6832115294321426, -0.19628756508410872, -0.5627080350832677, 0.6757095311651484, 1.0, 0.8423544559529907, 0.196531957624132, 0.061753526994191565, 0.41650735430645597, 0.566778049188498, 0.8145366123118027, 0.7006901805167798, -0.2275404951122963, -0.34435715908617354, 0.8493926685256523, -0.8360785122443557, 0.3176212766982611, 0.5073392499279449, 0.20067320797683053, 1.0, -0.3368601882993836, 0.638281825228487, 0.5732227529341126, -0.4883132871496303, 0.3251944992894895, -0.8777005886766117, -0.782545039339179, 0.4534926711818741, -0.8035823194529237, -0.6548602350027604, 0.6541130148532428, -0.7198912457575568, -0.8204186508582263, -0.6786583725831596, -0.3247879927099284, -0.7065078291741571, 0.7646646730009076, 0.207422217529329, 0.8962261657346029, -0.24664569455646035, -0.44898008437421244, 0.04056172402710967, -0.3453980138636075, -0.6920819845862356, 0.8589461522310997, 0.09205518920473581, -0.8558290176211973, -0.5934017108116247, -0.5690431815880428, 0.2649943403028432, -0.8171064958617706, 0.49867362719763, 1.0, 0.13521173489177274, -0.17501024562491008, 0.19309541097507288, 0.8705088438837016, 0.6270321569970867, -0.8248910795871569, 0.3133248420346939, -0.9646091193903249, -0.37759414529916513, -0.14830996971006027, -0.19444565382144785, -0.09371784550351259, 0.8488166716981491, 0.6196743450251109, -0.14039482394951164, -0.44388599976815357, -0.6634183227523411, 0.5609578822692163, -0.42373859135230574, -0.200675980129414, 0.2948990349599298, -0.3233997150423084, -0.3599638693791629, 0.8060570493974959, 0.5279824812538729, 0.08176209472207671, 0.3966986925032876, 0.5965232321068277, -0.48822765594534734, 0.7658162531547236, 0.5694694609677677, 0.4910553671580953, 0.3308227157065876, 1.0, -0.8251271855426487]
1019.9977416992188	(8, 12, 2)	[0.7514581811974685, -0.4118646486747102, 0.2182987168249002, -0.09531241901804946, -0.4387238590748581, -0.9870374693569357, 0.3111028558130468, -0.42181150056817035, 0.4609268530553774, 0.6448361230912264, 0.0818567379601749, 0.2603803547625414, -0.660417015098771, -0.8511119759916204, -0.6133028541313277, 0.1060835990777001, 0.6748409446566266, -0.9762999387045985, 0.3734477484997507, 0.23979492777129524, 0.20878113333042458, 0.18452670924307557, 0.9399969924544687, -0.16661951057738067, 0.12873322041311347, 0.7829304995429991, -0.9706641226819231, -0.11788601765077655, -0.19389217869985645, 0.28611210661851305, 0.3491274491816343, 0.8526637952281662, -0.6832115294321426, -0.07544899183608389, -0.5709013474932282, 0.6069182406659837, 0.8911345712465202, 0.021931446359288786, 0.196531957624132, 0.061753526994191565, 0.41650735430645597, 0.566778049188498, 1.0, 0.7919914141072225, -0.24778426576630092, -0.45149857393848086, 0.8493926685256523, -0.6936786923556049, 0.3176212766982611, 0.7876931435622272, 0.5925865054368471, -0.5251511617821352, -0.3956734533687939, 0.638281825228487, 0.5732227529341126, -0.4883132871496303, -0.24014850370436247, -0.8967542057014093, -0.782545039339179, 0.4534926711818741, -0.7415992058438279, -0.6839266561735335, -0.16796939869027291, -0.24946396198349974, 0.42039615967982247, -0.6786583725831596, -0.296678825121467, -0.7065078291741571, 0.6281898070256197, 0.207422217529329, 0.38487392197869075, 0.8535836041262337, -0.44898008437421244, 0.14039182999617605, 0.8687984749911615, -0.6920819845862356, 0.2938521393027722, 0.2025902055913702, -0.9040175743641143, -0.5934017108116247, -0.5690431815880428, 0.2649943403028432, -0.8171064958617706, -0.5832240359072518, 0.9741562023359698, 0.13521173489177274, -0.153355142343602, 0.19309541097507288, 0.21779540360259064, 0.6270321569970867, 0.10236063830628739, 0.41296852089097547, -0.9646091193903249, -0.37759414529916513, -0.14830996971006027, -0.2942931642912079, -0.09371784550351259, 0.8918077170943689, 0.6942115040629342, -0.28697765570904044, 0.7490624141649695, 0.6235741111030084, 0.5609578822692163, -0.42373859135230574, 0.40033874214475285, 0.2948990349599298, -0.39206632698692623, -0.3599638693791629, 0.8060570493974959, 0.5279824812538729, 0.08176209472207671, 0.3966986925032876, 0.5965232321068277, -0.3013070999789276, 0.8237159547171544, 0.864625092657715, 0.6585665598822465, 1.0, 0.9350915111764335, -0.7621339457807464]
1019.9994506835938	(8, 12, 2)	[0.7514581811974685, -0.4118646486747102, 0.21106773128881628, -0.019664787032819264, -0.4387238590748581, -0.8139968714396073, 0.24266276922316382, -0.42181150056817035, 0.1110580899081254, 0.6448361230912264, 0.0818567379601749, 0.37783089527984104, -0.8487985625041988, -0.8511119759916204, -0.6133028541313277, 0.1171157653331465, 0.6748409446566266, -0.9762999387045985, 0.3734477484997507, -0.015271962750699197, 0.20878113333042458, 0.18452670924307557, 0.9399969924544687, -0.4256043589020018, 0.12873322041311347, 0.7829304995429991, -0.9843807348275044, -0.11788601765077655, 0.5384421171025455, 0.28611210661851305, 0.3491274491816343, 0.8526637952281662, 0.27168135714870595, -0.07544899183608389, -0.2966653470103968, 0.7336469691877343, 0.8969616141733676, 0.04362835940067449, 0.196531957624132, 0.061753526994191565, -0.15601886495626396, 0.566778049188498, 0.8145366123118027, 0.7006901805167798, -0.4531121744009566, -0.34435715908617354, 0.8493926685256523, -0.6596443122312429, 0.3176212766982611, 0.5073392499279449, 0.20067320797683053, -0.5251511617821352, -0.3368601882993836, 0.32817351238607184, 0.7239861104158849, -0.4883132871496303, 0.3251944992894895, -0.8777005886766117, 0.3574984529931393, 0.4534926711818741, -0.3667538516851159, -0.6548602350027604, 0.6541130148532428, -0.7198912457575568, -0.8204186508582263, -0.6786583725831596, -0.3247879927099284, -0.7733682595101925, 0.6281898070256197, -0.11154732455456617, 0.38487392197869075, -0.24664569455646035, -0.44898008437421244, 0.04056172402710967, 0.8687984749911615, -0.6920819845862356, 0.2938521393027722, 0.2025902055913702, -0.9040175743641143, 0.03401556004440409, -0.5690431815880428, 0.23837077813934582, -0.7020411678048637, -0.5746444507132614, 0.9596640090784168, 0.13521173489177274, -0.17501024562491008, 0.19309541097507288, 0.8705088438837016, 0.6270321569970867, 0.10236063830628739, 0.3133248420346939, -0.9646091193903249, -0.37759414529916513, -0.07009212569002583, -0.2942931642912079, -0.09371784550351259, 0.8918077170943689, 0.6196743450251109, -0.19052476896892673, 0.7490624141649695, -0.6634183227523411, 0.5609578822692163, 0.47954727290436394, -0.200675980129414, 0.2948990349599298, -0.39206632698692623, -0.3599638693791629, 0.8060570493974959, 0.5279824812538729, 0.08176209472207671, 0.3966986925032876, 0.6182400509396317, -0.8686811667061836, 0.7658162531547236, 0.864625092657715, 0.4910553671580953, 0.3171853802426484, -0.038935368427051475, -0.8251271855426487]
1019.99951171875	(8, 12, 2)	[0.7130533054316704, -0.4118646486747102, 0.2182987168249002, -0.019664787032819264, -0.3395289434795079, -0.9870374693569357, 0.2260923455381798, -0.5643759557275627, 0.4609268530553774, 0.6448361230912264, 0.0818567379601749, 0.2603803547625414, -0.660417015098771, -0.8511119759916204, -0.3154064055971115, 0.1171157653331465, 0.5550691134685535, -0.9762999387045985, 0.3734477484997507, -0.015271962750699197, 0.20878113333042458, 0.18452670924307557, 1.0, -0.4456009441230579, 0.21373547293306308, 0.7829304995429991, -0.9706641226819231, -0.11788601765077655, 0.5384421171025455, 0.28611210661851305, 0.3491274491816343, 0.8526637952281662, 0.27168135714870595, -0.07544899183608389, -0.40520824707702363, 0.7336469691877343, 1.0, 0.04362835940067449, 0.196531957624132, 0.061753526994191565, 0.41650735430645597, 0.566778049188498, 0.6834120218134668, 0.7006901805167798, -0.3569135626238147, -0.46638920438523357, 0.8493926685256523, -0.6936786923556049, 0.3176212766982611, 0.7876931435622272, 0.20067320797683053, -0.5251511617821352, -0.3368601882993836, 0.638281825228487, 0.5732227529341126, -0.4883132871496303, 0.2813821957466913, -0.8967542057014093, 0.3574984529931393, 0.4534926711818741, -0.3667538516851159, -0.7024057874274967, 0.6541130148532428, -0.7198912457575568, 0.42039615967982247, -0.6786583725831596, -0.18502623341220514, -0.8111571950106533, -0.9524376360531341, 0.207422217529329, -0.5821902407786121, 0.8535836041262337, -0.44898008437421244, 0.04056172402710967, 0.8687984749911615, -0.6920819845862356, 0.2938521393027722, 0.09205518920473581, -0.8721417241130007, -0.5934017108116247, -0.5690431815880428, 0.2649943403028432, -0.7020411678048637, 0.47307894109753523, 0.9741562023359698, 0.13521173489177274, -0.17501024562491008, 0.19309541097507288, 0.21779540360259064, 0.6270321569970867, 0.10236063830628739, 0.3133248420346939, -0.8030998393314377, -0.37759414529916513, -0.14830996971006027, -0.2942931642912079, -0.09371784550351259, 0.8918077170943689, 0.7633944758922996, -0.14039482394951164, 0.7184015837599997, -0.6634183227523411, 0.5609578822692163, 0.47954727290436394, 0.40033874214475285, 0.08067505291414752, -0.39206632698692623, -0.3599638693791629, 0.019970782703215395, 0.5279824812538729, 0.08176209472207671, 0.3966986925032876, 0.5802311995061513, -0.3013070999789276, 0.7886242775944333, 0.5694694609677677, 0.6585665598822465, -0.5954714348553886, -0.038935368427051475, -0.7621339457807464]
1019.99951171875	(8, 12, 2)	[0.7514581811974685, -0.28427533561708607, 0.21254935247253023, -0.019664787032819264, -0.4387238590748581, -0.8139968714396073, 0.3111028558130468, -0.6129700760589667, 0.41680810027615633, 0.6448361230912264, 0.0818567379601749, 0.2603803547625414, -0.8487985625041988, -0.8511119759916204, -0.002857486690137856, 0.21548161498087084, 0.813148594024625, -0.9762999387045985, 0.3734477484997507, 0.014701020980586677, 0.3874191026954811, 0.18452670924307557, 0.9399969924544687, 0.09325367518746264, 0.21373547293306308, 0.7829304995429991, -0.9843807348275044, -0.10464978502612476, 0.5384421171025455, 0.28611210661851305, 0.3491274491816343, 0.8526637952281662, -0.6832115294321426, -0.07544899183608389, -0.38375241532956433, 0.6757095311651484, 0.8911345712465202, 0.021931446359288786, -0.03475107238384689, 0.061753526994191565, 0.41650735430645597, 0.566778049188498, 0.8145366123118027, 0.7913808426410426, -0.3569135626238147, -0.46638920438523357, 0.8493926685256523, -0.6936786923556049, 0.3176212766982611, 0.7876931435622272, 0.20067320797683053, -0.5251511617821352, -0.3368601882993836, 0.638281825228487, 0.5732227529341126, -0.4883132871496303, -0.20758722995921253, -0.8967542057014093, -0.49868001515980004, 0.5991273886406527, -0.3667538516851159, -0.8533084436476416, 0.6541130148532428, -0.7198912457575568, 0.42039615967982247, -0.6786583725831596, -0.18502623341220514, -0.7065078291741571, 0.6281898070256197, 0.207422217529329, 0.8962261657346029, 0.8535836041262337, -0.44898008437421244, 0.04056172402710967, 0.8687984749911615, -0.6920819845862356, 0.2938521393027722, 0.2025902055913702, -0.9040175743641143, -0.5934017108116247, -0.5690431815880428, 0.2649943403028432, -0.8171064958617706, -0.5746444507132614, 0.9741562023359698, -0.4614039809496122, -0.17501024562491008, 0.19309541097507288, 0.21779540360259064, 0.6270321569970867, 0.10236063830628739, 0.22328018524508564, -0.9646091193903249, 0.09652817721357879, -0.14830996971006027, -0.19444565382144785, -0.09371784550351259, 0.8488166716981491, 0.6196743450251109, -0.28697765570904044, 0.7490624141649695, -0.6634183227523411, 0.09097440793639633, 0.4436163921064504, 0.40033874214475285, 0.2948990349599298, -0.39206632698692623, -0.3599638693791629, 0.8060570493974959, 0.5279824812538729, 0.08176209472207671, 0.3781597055744476, 0.5802311995061513, -0.3013070999789276, 0.6014513192548991, 0.864625092657715, 0.6134462244192007, 0.355661485582224, -0.038935368427051475, -0.814597266241463]
1019.9991455078125	(8, 12, 2)	[0.7617138251417527, -0.4118646486747102, 0.2182987168249002, -0.09531241901804946, -0.4338617707953577, -0.8139968714396073, 0.2260923455381798, -0.5508053898866289, 0.13793488647411425, 0.6448361230912264, 0.0818567379601749, 0.2603803547625414, -0.660417015098771, -0.8511119759916204, -0.589514930260242, 0.21548161498087084, 0.6748409446566266, -0.9762999387045985, 0.3734477484997507, 0.014701020980586677, 0.20878113333042458, 0.18452670924307557, 0.9805668276197812, -0.16661951057738067, 0.21373547293306308, 0.7829304995429991, -0.9890424352504761, -0.11788601765077655, -0.19389217869985645, 0.28611210661851305, 0.3491274491816343, 0.8526637952281662, -0.6832115294321426, -0.07544899183608389, -0.38375241532956433, 0.6069182406659837, 1.0, 0.04362835940067449, -0.06424947321571972, 0.061753526994191565, 0.41650735430645597, 0.566778049188498, 0.8145366123118027, 0.784662334115603, -0.3569135626238147, -0.34435715908617354, 0.8493926685256523, -0.6596443122312429, -0.3446535548748906, 0.7876931435622272, 0.6372481037451575, -0.5251511617821352, -0.3368601882993836, 0.638281825228487, 0.8426025775427437, -0.6452436764766035, -0.4225896235260019, -0.8967542057014093, -0.782545039339179, 0.4534926711818741, -0.7415992058438279, -0.6839266561735335, 0.6541130148532428, -0.24946396198349974, 0.2918656075013215, -0.6786583725831596, -0.3247879927099284, -0.7065078291741571, 0.7646646730009076, 0.07749070978400863, -0.6197742927217718, 1.0, -0.44898008437421244, 0.04056172402710967, -0.43646560642990506, -0.6920819845862356, 0.8589461522310997, 0.2025902055913702, -0.9040175743641143, -0.5934017108116247, -0.5690431815880428, 0.2649943403028432, -0.8171064958617706, -0.5746444507132614, 0.9741562023359698, 0.13521173489177274, -0.22524948090377905, 0.13872534239813641, 0.21779540360259064, 0.6270321569970867, 0.10236063830628739, 0.3133248420346939, -0.8030998393314377, -0.37759414529916513, -0.14830996971006027, -0.19444565382144785, 0.06289881889317966, 0.11375593756771635, 0.6196743450251109, -0.28697765570904044, 0.7184015837599997, -0.6634183227523411, 0.5609578822692163, 0.4436163921064504, 0.40033874214475285, 0.2948990349599298, -0.39206632698692623, -0.3599638693791629, 0.019970782703215395, 0.5279824812538729, 0.08176209472207671, 0.3966986925032876, 0.5965232321068277, -0.5204489062902278, 0.8237159547171544, 0.6826664151016896, 0.6134462244192007, 0.3171853802426484, -0.038935368427051475, -0.7621339457807464]
1019.9996948242188	(8, 12, 2)	[0.7617138251417527, -0.4762398398929412, 0.2182987168249002, -0.09531241901804946, -0.4387238590748581, -0.8139968714396073, 0.2260923455381798, -0.5508053898866289, 0.4609268530553774, 0.6448361230912264, 0.16894362067204471, 0.2603803547625414, -0.660417015098771, -0.8511119759916204, -0.002857486690137856, 0.1171157653331465, 0.8590289106268533, -0.9762999387045985, 0.3734477484997507, -0.015271962750699197, 0.20878113333042458, 0.18452670924307557, 0.9399969924544687, -0.16661951057738067, 0.12873322041311347, 0.7829304995429991, -0.9182754097648101, -0.10464978502612476, 0.5384421171025455, 0.28611210661851305, 0.3491274491816343, 0.8526637952281662, -0.6832115294321426, -0.19628756508410872, -0.5709013474932282, 0.6069182406659837, 1.0, 0.04362835940067449, 0.196531957624132, 0.061753526994191565, 0.41650735430645597, 0.566778049188498, 1.0, 0.7006901805167798, -0.3569135626238147, -0.45149857393848086, 0.8493926685256523, -0.6596443122312429, -0.3446535548748906, 0.5073392499279449, 0.20067320797683053, -0.5251511617821352, -0.3368601882993836, 0.638281825228487, 0.5732227529341126, 0.9038785260621018, -0.24014850370436247, -0.8967542057014093, -0.782545039339179, 0.4534926711818741, -0.7415992058438279, -0.6839266561735335, 0.6541130148532428, -0.7198912457575568, 0.42039615967982247, -0.6786583725831596, -0.18502623341220514, -0.8111571950106533, 0.6281898070256197, 0.207422217529329, -0.5821902407786121, 0.7805746794147556, -0.44898008437421244, 0.04056172402710967, 0.8687984749911615, -0.6920819845862356, 0.2938521393027722, 0.2025902055913702, -0.9040175743641143, 0.03401556004440409, -0.5690431815880428, 0.2649943403028432, -0.8171064958617706, -0.5832240359072518, 0.6558642336457043, 0.13521173489177274, -0.22524948090377905, 0.19309541097507288, 0.8705088438837016, 0.6270321569970867, 0.10236063830628739, 0.3133248420346939, -0.8030998393314377, 0.16362832769702035, -0.14830996971006027, -0.19444565382144785, -0.09371784550351259, 0.8918077170943689, 0.6196743450251109, -0.14039482394951164, 0.7184015837599997, 0.6235741111030084, 0.5684192354382187, -0.42373859135230574, 0.40033874214475285, 0.2948990349599298, -0.52802713349229, -0.3599638693791629, 0.8060570493974959, 0.43672830592262657, 0.08176209472207671, 0.3781597055744476, 0.5965232321068277, -0.3013070999789276, 0.7675172061260764, 0.8272511672060602, 0.6585665598822465, -0.5954714348553886, -0.038935368427051475, -0.8251271855426487]
1019.9996948242188	(8, 12, 2)	[0.7514581811974685, -0.4118646486747102, 0.2182987168249002, -0.09531241901804946, -0.4387238590748581, -0.9870374693569357, 0.2260923455381798, -0.6129700760589667, 0.13793488647411425, 0.6448361230912264, 0.0818567379601749, 0.2603803547625414, -0.660417015098771, -0.8511119759916204, -0.17246615522540612, 0.21548161498087084, 0.6748409446566266, -0.9762999387045985, 0.3734477484997507, 0.23979492777129524, 0.24520703491639234, 0.3400020225261968, 1.0, -0.16661951057738067, 0.21373547293306308, 0.8580776291867729, -0.9706641226819231, -0.11788601765077655, -0.19389217869985645, 0.28611210661851305, 0.3491274491816343, 0.8526637952281662, -0.6832115294321426, -0.07544899183608389, -0.5709013474932282, 0.6069182406659837, 0.8911345712465202, 0.04362835940067449, -0.06424947321571972, 0.061753526994191565, 0.41650735430645597, 0.566778049188498, 0.8145366123118027, 0.7913808426410426, -0.3569135626238147, -0.46638920438523357, 0.8493926685256523, -0.6596443122312429, 0.3176212766982611, 0.5073392499279449, 0.6372481037451575, -0.5251511617821352, -0.3956734533687939, 0.638281825228487, 0.8426025775427437, -0.4267646607525764, -0.4225896235260019, -0.8967542057014093, -0.782545039339179, 0.518123233370897, -0.7415992058438279, -0.6839266561735335, 0.4043998958835173, -0.7198912457575568, 0.42039615967982247, -0.6786583725831596, -0.18502623341220514, -0.7065078291741571, 0.6281898070256197, 0.207422217529329, 0.38487392197869075, 1.0, -0.44898008437421244, 0.04056172402710967, 0.8442921532225984, -0.6920819845862356, 0.2938521393027722, 0.2025902055913702, -0.9040175743641143, -0.5934017108116247, -0.5690431815880428, 0.2649943403028432, -0.8171064958617706, -0.5832240359072518, 0.9741562023359698, -0.4614039809496122, -0.22524948090377905, 0.19309541097507288, 0.21779540360259064, 0.6270321569970867, 0.10236063830628739, 0.3133248420346939, -0.9646091193903249, -0.37759414529916513, -0.14830996971006027, -0.19444565382144785, -0.09371784550351259, 0.0448249465176815, 0.6196743450251109, -0.28697765570904044, 0.7184015837599997, -0.6634183227523411, 0.09097440793639633, -0.35222068551990054, 0.40033874214475285, 0.26146023354973275, -0.39206632698692623, -0.3599638693791629, -0.6272053184280103, 0.5279824812538729, 0.08176209472207671, 0.3966986925032876, 0.5802311995061513, -0.8686811667061836, 0.8237159547171544, 0.864625092657715, 0.6134462244192007, 0.9908438278674818, -0.038935368427051475, -0.7621339457807464]
1019.999755859375	(8, 12, 2)	[0.7514581811974685, -0.4118646486747102, 0.2182987168249002, -0.09531241901804946, -0.4387238590748581, -0.8139968714396073, 0.2260923455381798, -0.5508053898866289, 0.4609268530553774, 0.6448361230912264, 0.0818567379601749, 0.2603803547625414, -0.660417015098771, -0.8511119759916204, -0.17246615522540612, 0.21548161498087084, 0.813148594024625, -0.9762999387045985, 0.3734477484997507, -0.015271962750699197, 0.20878113333042458, 0.3400020225261968, 0.9399969924544687, -0.16661951057738067, 0.12873322041311347, 0.7829304995429991, -0.9182754097648101, -0.10464978502612476, 0.5384421171025455, 0.28611210661851305, 0.3491274491816343, 0.8526637952281662, -0.6832115294321426, -0.07544899183608389, -0.5709013474932282, 0.6069182406659837, 1.0, 0.04362835940067449, 0.196531957624132, 0.061753526994191565, 0.41650735430645597, 0.566778049188498, 0.8145366123118027, 0.7913808426410426, -0.3569135626238147, -0.46638920438523357, 0.8493926685256523, -0.6596443122312429, 0.3176212766982611, 0.8574624312888678, 0.20067320797683053, -0.5251511617821352, -0.3956734533687939, 0.638281825228487, 0.7823654685179599, 0.9038785260621018, -0.4225896235260019, -0.9067082708178114, -0.782545039339179, 0.4534926711818741, -0.3667538516851159, -0.6839266561735335, 0.4043998958835173, -0.7198912457575568, 0.42039615967982247, -0.6786583725831596, -0.18502623341220514, -0.7065078291741571, 0.6281898070256197, 0.207422217529329, -0.5821902407786121, 0.7805746794147556, -0.44898008437421244, 0.04056172402710967, -0.43646560642990506, -0.6920819845862356, 0.2938521393027722, 0.2025902055913702, -0.9040175743641143, 0.03401556004440409, -0.5690431815880428, 0.2649943403028432, -0.8171064958617706, -0.5746444507132614, 0.9741562023359698, 0.13521173489177274, -0.22524948090377905, 0.19309541097507288, 0.8705088438837016, 0.6270321569970867, 0.10236063830628739, 0.3133248420346939, -0.9646091193903249, -0.37759414529916513, -0.14830996971006027, -0.19444565382144785, -0.09371784550351259, 0.8256989085359125, 0.6196743450251109, -0.19052476896892673, 0.7184015837599997, -0.6634183227523411, 0.09097440793639633, 0.3736988527179963, 0.40033874214475285, 0.2948990349599298, -0.39206632698692623, -0.3599638693791629, 0.8060570493974959, 0.5279824812538729, 0.08176209472207671, 0.3966986925032876, 0.5802311995061513, -0.8686811667061836, 0.8237159547171544, 0.8272511672060602, 0.6134462244192007, 1.0, -0.038935368427051475, -0.8251271855426487]
1019.9998779296875	(8, 12, 2)	[0.7514581811974685, -0.4118646486747102, 0.2182987168249002, -0.09531241901804946, -0.4387238590748581, -0.8139968714396073, 0.30989594073877264, -0.4325802101270337, 0.13793488647411425, 0.6448361230912264, 0.16894362067204471, 0.2603803547625414, -0.7242522613217618, -0.8511119759916204, -0.17246615522540612, 0.1171157653331465, 0.6748409446566266, -0.9762999387045985, 0.3734477484997507, 0.23979492777129524, 0.3143728934809611, 0.3400020225261968, 1.0, -0.16661951057738067, 0.3208832234424671, 0.8580776291867729, -0.9706641226819231, -0.10464978502612476, -0.19389217869985645, 0.28611210661851305, 0.3491274491816343, 0.8526637952281662, -0.6832115294321426, -0.07544899183608389, -0.36101691402053643, 0.6069182406659837, 0.8911345712465202, 0.021931446359288786, -0.06424947321571972, 0.061753526994191565, 0.41650735430645597, 0.566778049188498, 0.7654918171369607, 0.6078063024994065, -0.2275404951122963, -0.46638920438523357, 0.8493926685256523, -0.6596443122312429, 0.3176212766982611, 0.7422363217397059, -0.22674165368339994, -0.5251511617821352, -0.3956734533687939, 0.638281825228487, 0.8426025775427437, -0.4267646607525764, 0.3251944992894895, -0.8967542057014093, -0.782545039339179, 0.4534926711818741, -0.7415992058438279, -0.6839266561735335, 0.4043998958835173, -0.7198912457575568, 0.42039615967982247, -0.6786583725831596, -0.3247879927099284, -0.7065078291741571, 0.6281898070256197, 0.207422217529329, -0.6197742927217718, 1.0, -0.44898008437421244, 0.04056172402710967, 0.8687984749911615, -0.6920819845862356, 0.2938521393027722, 0.2025902055913702, -0.9040175743641143, 0.03401556004440409, -0.5690431815880428, 0.2649943403028432, -0.8171064958617706, -0.645626203989243, 0.4523721373195687, -0.4614039809496122, -0.22524948090377905, 0.19309541097507288, 0.21779540360259064, 0.6270321569970867, 0.10236063830628739, 0.3133248420346939, -0.9646091193903249, -0.37759414529916513, -0.14830996971006027, -0.19444565382144785, -0.09371784550351259, 0.0448249465176815, 0.6196743450251109, -0.28697765570904044, 0.7184015837599997, 0.6235741111030084, 0.09097440793639633, -0.35222068551990054, 0.40033874214475285, 0.2948990349599298, -0.39206632698692623, -0.3599638693791629, -0.6272053184280103, 0.5279824812538729, 0.08176209472207671, 0.3966986925032876, 0.5802311995061513, -0.8686811667061836, 0.7675172061260764, 0.864625092657715, 0.6134462244192007, 0.9908438278674818, -0.038935368427051475, -0.7621339457807464]
1019.9998779296875	(8, 12, 2)	[0.7130533054316704, -0.4118646486747102, 0.2182987168249002, -0.6931819588340952, -0.4387238590748581, -0.8139968714396073, 0.3111028558130468, -0.5508053898866289, 0.4609268530553774, 0.6448361230912264, 0.0818567379601749, 0.2603803547625414, -0.8487985625041988, -0.8511119759916204, -0.6133028541313277, 0.1171157653331465, 0.5550691134685535, -0.9762999387045985, 0.3734477484997507, 0.23979492777129524, 0.3143728934809611, 0.18452670924307557, 0.9399969924544687, -0.16661951057738067, 0.12873322041311347, 0.7829304995429991, -0.9706641226819231, -0.10464978502612476, 0.5384421171025455, 0.28611210661851305, 0.3491274491816343, 0.8526637952281662, -0.6832115294321426, -0.19628756508410872, -0.36101691402053643, 0.6306808580088703, 0.8969616141733676, 0.04362835940067449, -0.03475107238384689, 0.061753526994191565, 0.41650735430645597, 0.566778049188498, 0.6834120218134668, 0.7913808426410426, -0.2275404951122963, -0.46638920438523357, 0.8493926685256523, -0.8333097514411677, 0.3176212766982611, 0.7167890952785688, -0.22674165368339994, -0.5251511617821352, -0.3956734533687939, 0.638281825228487, 0.5732227529341126, -0.4883132871496303, -0.4225896235260019, -0.8777005886766117, -0.782545039339179, 0.5991273886406527, -0.3667538516851159, -0.6548602350027604, 0.6541130148532428, -0.7198912457575568, -0.8204186508582263, -0.6786583725831596, -0.18502623341220514, -0.7065078291741571, 0.8317137491064771, 0.207422217529329, -0.5821902407786121, -0.24664569455646035, -0.44898008437421244, 0.14039182999617605, 0.8687984749911615, -0.6920819845862356, 0.2938521393027722, 0.2025902055913702, -0.9040175743641143, 0.10461071204831306, -0.5690431815880428, 0.23837077813934582, -0.8171064958617706, -0.5746444507132614, 0.9741562023359698, 0.13521173489177274, -0.17501024562491008, 0.19309541097507288, 0.21779540360259064, 0.4507074746020402, 0.10236063830628739, 0.3133248420346939, -0.9646091193903249, 0.16362832769702035, -0.14830996971006027, -0.19444565382144785, -0.014970862513305191, 0.8918077170943689, 0.6196743450251109, -0.09288497265989526, 0.7490624141649695, 0.6235741111030084, 0.5609578822692163, 0.3736988527179963, 0.40033874214475285, 0.2948990349599298, -0.5454351455587784, -0.3599638693791629, 0.7197231106773561, 0.5279824812538729, 0.08176209472207671, 0.3966986925032876, 0.5802311995061513, -0.3013070999789276, 0.6014513192548991, 0.864625092657715, 0.6585665598822465, 1.0, 0.9350915111764335, -0.8251271855426487]
1019.999755859375	(8, 12, 2)	[0.7514581811974685, -0.28427533561708607, 0.21254935247253023, -0.019664787032819264, -0.4387238590748581, -0.8139968714396073, 0.3111028558130468, -0.5885058241302205, 0.4609268530553774, 0.6448361230912264, 0.0818567379601749, 0.2603803547625414, -0.660417015098771, -0.8511119759916204, -0.6133028541313277, 0.1060835990777001, 0.813148594024625, -0.9762999387045985, 0.3734477484997507, 0.19915918582784692, 0.20878113333042458, 0.18452670924307557, 0.9399969924544687, -0.16661951057738067, 0.12873322041311347, 0.8580776291867729, -0.9706641226819231, -0.11788601765077655, 0.5384421171025455, 0.28611210661851305, 0.3491274491816343, 0.8526637952281662, -0.6832115294321426, -0.07544899183608389, -0.38375241532956433, 0.6846726397898417, 0.8911345712465202, 0.021931446359288786, 0.05170165812010506, 0.061753526994191565, 0.3898746847499698, 0.566778049188498, 0.8145366123118027, 0.7006901805167798, -0.4494904815895112, -0.46638920438523357, 0.8493926685256523, -0.8458425100581428, -0.3446535548748906, 0.7167890952785688, -0.22674165368339994, -0.5251511617821352, -0.3368601882993836, 0.638281825228487, 0.5732227529341126, -0.4883132871496303, 0.3251944992894895, -0.9069230281488128, -0.49868001515980004, 0.4534926711818741, -0.7415992058438279, -0.6548602350027604, 0.6541130148532428, -0.7198912457575568, 0.2918656075013215, -0.6786583725831596, -0.3247879927099284, -0.7065078291741571, 0.6281898070256197, 0.011038513462978933, 0.8962261657346029, 0.8535836041262337, -0.44898008437421244, 0.14039182999617605, -0.43646560642990506, -0.6920819845862356, 0.2938521393027722, -1.0, -0.9853140260017462, -0.5934017108116247, -0.5690431815880428, 0.2649943403028432, -0.7020411678048637, -0.5832240359072518, 0.9741562023359698, 0.13521173489177274, -0.17501024562491008, 0.19309541097507288, 0.8612613363416383, 0.6270321569970867, 0.10236063830628739, 0.3133248420346939, -0.8030998393314377, -0.37759414529916513, -0.14830996971006027, -0.2942931642912079, -0.09371784550351259, 0.8488166716981491, 0.6196743450251109, -0.08373302192089141, 0.7184015837599997, 0.6235741111030084, 0.5609578822692163, 0.5188372019512391, -0.200675980129414, 0.2948990349599298, -0.39206632698692623, -0.3599638693791629, 0.8060570493974959, 0.3653045483737972, 0.1851188838133084, 0.3966986925032876, 0.5802311995061513, -0.8686811667061836, 0.7658162531547236, 0.864625092657715, 0.35585962463990783, -0.8260026642699614, -0.038935368427051475, -0.7621339457807464]
1019.999755859375	(8, 12, 2)	[0.7130533054316704, -0.4118646486747102, 0.27111525505002687, -0.09531241901804946, -0.4338617707953577, -0.8139968714396073, 0.3111028558130468, -0.5508053898866289, 0.4609268530553774, 0.6448361230912264, 0.0818567379601749, 0.2603803547625414, -0.660417015098771, -0.8511119759916204, -0.6133028541313277, 0.1060835990777001, 0.6748409446566266, -0.9762999387045985, 0.3734477484997507, 0.014701020980586677, 0.20878113333042458, 0.18452670924307557, 0.9399969924544687, -0.16661951057738067, 0.21373547293306308, 0.7829304995429991, -0.9843807348275044, -0.11788601765077655, -0.19389217869985645, 0.28611210661851305, 0.3491274491816343, 0.8526637952281662, -0.6832115294321426, -0.19628756508410872, -0.38375241532956433, 0.6069182406659837, 0.8911345712465202, 0.021931446359288786, -0.06424947321571972, 0.061753526994191565, 0.41650735430645597, 0.566778049188498, 0.8145366123118027, 0.7913808426410426, -0.32406773991327487, -0.45149857393848086, 0.9093421713162835, -0.6936786923556049, 0.3176212766982611, 0.5073392499279449, 0.20067320797683053, -0.5251511617821352, -0.3956734533687939, 0.638281825228487, 0.8426025775427437, -0.4883132871496303, -0.24014850370436247, -0.8967542057014093, -0.782545039339179, 0.4534926711818741, -0.7415992058438279, -0.6839266561735335, -0.16796939869027291, -0.7198912457575568, 0.5168590719622936, -0.6786583725831596, -0.296678825121467, -0.7065078291741571, 0.6281898070256197, 0.207422217529329, -0.5821902407786121, 0.8535836041262337, -0.44898008437421244, 0.14039182999617605, 0.8687984749911615, -0.6920819845862356, 0.2938521393027722, 0.2025902055913702, -0.9040175743641143, -0.5934017108116247, -0.5690431815880428, 0.23837077813934582, -0.8171064958617706, -0.5832240359072518, 0.9741562023359698, 0.13521173489177274, -0.22524948090377905, 0.19309541097507288, 0.8705088438837016, 0.6270321569970867, 0.10236063830628739, 0.3133248420346939, -0.8030998393314377, 0.16362832769702035, -0.07009212569002583, -0.19444565382144785, -0.09371784550351259, 0.8488166716981491, 0.6196743450251109, -0.28697765570904044, 0.7184015837599997, 0.6235741111030084, 0.5609578822692163, 0.4436163921064504, 0.40033874214475285, 0.2948990349599298, -0.39206632698692623, -0.3599638693791629, 0.8060570493974959, 0.5279824812538729, 0.1851188838133084, 0.3966986925032876, 0.6182400509396317, -0.5204489062902278, 0.8237159547171544, 0.864625092657715, 0.4910553671580953, -0.8260026642699614, -0.038935368427051475, -0.9932025601031023]
1019.9992065429688	(8, 12, 2)	[0.7130533054316704, -0.3980604536159463, 0.2182987168249002, -0.09531241901804946, -0.4387238590748581, -0.9870374693569357, 0.3111028558130468, -0.42181150056817035, 0.4609268530553774, 0.6448361230912264, 0.0818567379601749, 0.2603803547625414, -0.8487985625041988, -0.8511119759916204, -0.6133028541313277, 0.1171157653331465, 0.813148594024625, -0.9762999387045985, 0.3734477484997507, 0.0657440826076734, 0.20878113333042458, 0.18452670924307557, 0.9399969924544687, -0.16661951057738067, 0.21373547293306308, 0.7829304995429991, -0.9706641226819231, -0.10464978502612476, 0.5384421171025455, 0.28611210661851305, 0.3491274491816343, 0.8526637952281662, -0.6832115294321426, -0.19628756508410872, -0.36101691402053643, 0.7336469691877343, 1.0, 0.04362835940067449, -0.03475107238384689, 0.061753526994191565, 0.41650735430645597, 0.566778049188498, 1.0, 0.784662334115603, -0.2275404951122963, -0.34435715908617354, 0.8493926685256523, -0.6936786923556049, -0.3446535548748906, 0.7876931435622272, 0.6372481037451575, -0.5251511617821352, 0.41575531062872617, 0.638281825228487, 0.8130157523028323, 0.9038785260621018, 0.3251944992894895, -0.8967542057014093, -0.782545039339179, 0.4534926711818741, -0.7415992058438279, -0.46280944253105194, 0.6541130148532428, -0.24946396198349974, 0.5168590719622936, -0.6786583725831596, -0.18502623341220514, -0.7065078291741571, 0.6281898070256197, 0.207422217529329, 0.8962261657346029, 1.0, -0.44898008437421244, 0.14039182999617605, 0.8687984749911615, -0.6920819845862356, 0.8589461522310997, 0.09205518920473581, -0.9040175743641143, -0.5934017108116247, -0.5402448797823398, 0.2649943403028432, -0.7020411678048637, -0.5832240359072518, 0.9741562023359698, -0.4614039809496122, -0.22524948090377905, 0.19309541097507288, 0.8705088438837016, 0.6270321569970867, 0.10236063830628739, 0.3133248420346939, -0.9041096949615915, -0.37759414529916513, -0.14830996971006027, -0.19444565382144785, -0.09371784550351259, 0.8488166716981491, 0.6196743450251109, -0.28697765570904044, 0.7490624141649695, 0.6235741111030084, 0.5609578822692163, -0.42373859135230574, 0.40033874214475285, 0.19526313026315628, -0.39206632698692623, -0.4790362210500522, -0.6272053184280103, 0.5279824812538729, 0.08176209472207671, 0.3781597055744476, 0.5802311995061513, -0.8686811667061836, 0.8237159547171544, 0.864625092657715, 0.6634944814671131, 0.3171853802426484, 0.9350915111764335, -0.9418903596180546]
1019.9998168945312	(8, 12, 2)	[0.7130533054316704, -0.4118646486747102, 0.21254935247253023, -0.019664787032819264, -0.4387238590748581, -0.8139968714396073, 0.30989594073877264, -0.4325802101270337, 0.4609268530553774, 0.6448361230912264, 0.0818567379601749, 0.2603803547625414, -0.8487985625041988, -0.8511119759916204, -0.6133028541313277, 0.1171157653331465, 0.6748409446566266, -0.9762999387045985, 0.3925560033643923, 0.0657440826076734, 0.20878113333042458, 0.18452670924307557, 0.9399969924544687, -0.16661951057738067, 0.21373547293306308, 0.7829304995429991, -0.9706641226819231, -0.10464978502612476, 0.5384421171025455, 0.28611210661851305, 0.3491274491816343, 0.8526637952281662, -0.6832115294321426, -0.19628756508410872, -0.36101691402053643, 0.6069182406659837, 1.0, 0.021931446359288786, -0.03475107238384689, 0.061753526994191565, 0.41650735430645597, 0.566778049188498, 0.8145366123118027, 0.7913808426410426, -0.3569135626238147, -0.46638920438523357, 0.8493926685256523, -0.6936786923556049, 0.3176212766982611, 0.5073392499279449, -0.22674165368339994, -0.5251511617821352, -0.3368601882993836, 0.638281825228487, 0.5732227529341126, -0.4883132871496303, -0.24014850370436247, -0.8777005886766117, -0.782545039339179, 0.5991273886406527, -0.7415992058438279, -0.6548602350027604, 0.6541130148532428, -0.7198912457575568, 0.5248157882728666, -0.6786583725831596, -0.3247879927099284, -0.7065078291741571, 0.8317137491064771, 0.207422217529329, 0.8962261657346029, 1.0, -0.44898008437421244, 0.04056172402710967, 0.8687984749911615, -0.6920819845862356, 0.2938521393027722, 0.2025902055913702, -0.9443858353431229, -0.5934017108116247, -0.5690431815880428, 0.23837077813934582, -0.7020411678048637, -0.5746444507132614, 1.0, 0.13521173489177274, -0.17501024562491008, 0.19309541097507288, 0.8705088438837016, 0.6270321569970867, 0.10236063830628739, 0.3133248420346939, -0.9646091193903249, 0.09652817721357879, -0.07009212569002583, -0.19444565382144785, 0.06289881889317966, 0.8488166716981491, 0.6196743450251109, -0.09288497265989526, 0.7490624141649695, -0.6634183227523411, 0.5609578822692163, 0.4436163921064504, 0.40033874214475285, 0.2948990349599298, -0.39206632698692623, -0.3599638693791629, 0.8060570493974959, 0.5279824812538729, 0.1851188838133084, 0.3966986925032876, 0.5802311995061513, -0.3013070999789276, 0.7658162531547236, 0.864625092657715, 0.6585665598822465, 0.9908438278674818, -0.038935368427051475, -0.9932025601031023]
1019.9998168945312	(8, 12, 2)	[0.7130533054316704, -0.28427533561708607, 0.2182987168249002, -0.09531241901804946, -0.4387238590748581, -0.8139968714396073, 0.23066388325885837, -0.5508053898866289, 0.4609268530553774, 0.6448361230912264, 0.0818567379601749, 0.2603803547625414, -0.8487985625041988, -0.8511119759916204, -0.6133028541313277, 0.1171157653331465, 0.813148594024625, -0.9762999387045985, 0.3734477484997507, 0.23979492777129524, 0.20878113333042458, 0.18452670924307557, 0.9399969924544687, -0.16661951057738067, 0.12873322041311347, 0.7829304995429991, -0.9706641226819231, -0.10464978502612476, 0.5384421171025455, 0.28611210661851305, 0.3491274491816343, 0.8526637952281662, -0.6832115294321426, -0.19628756508410872, -0.5709013474932282, 0.6846726397898417, 0.8969616141733676, 0.04362835940067449, -0.06424947321571972, 0.061753526994191565, 0.41650735430645597, 0.566778049188498, 1.0, 0.7006901805167798, -0.3569135626238147, -0.45149857393848086, 0.8493926685256523, -0.6596443122312429, 0.3176212766982611, 0.7876931435622272, -0.22674165368339994, -0.5251511617821352, -0.3368601882993836, 0.638281825228487, 0.8426025775427437, -0.4883132871496303, 0.3251944992894895, -0.8967542057014093, -0.49868001515980004, 0.5991273886406527, -0.3667538516851159, -0.6839266561735335, -0.16796939869027291, -0.7198912457575568, 0.2918656075013215, -0.6786583725831596, -0.18502623341220514, -0.7065078291741571, 0.6281898070256197, 0.20856610420889296, -0.6197742927217718, 1.0, -0.44898008437421244, 0.04056172402710967, 0.9147086343814472, -0.6920819845862356, 0.2938521393027722, 0.2025902055913702, -0.9040175743641143, 0.03401556004440409, -0.5690431815880428, 0.2649943403028432, -0.8171064958617706, -0.5832240359072518, 0.9741562023359698, -0.4614039809496122, -0.22524948090377905, 0.19309541097507288, 0.21779540360259064, 0.5428620616764295, 0.10236063830628739, 0.3133248420346939, -0.9646091193903249, -0.37759414529916513, -0.07009212569002583, -0.19444565382144785, -0.014970862513305191, 0.8488166716981491, 0.6196743450251109, -0.28697765570904044, 0.7184015837599997, 0.6235741111030084, 0.09097440793639633, -0.35222068551990054, 0.40033874214475285, 0.2948990349599298, -0.39206632698692623, -0.3599638693791629, -0.6272053184280103, 0.5279824812538729, 0.1851188838133084, 0.3966986925032876, 0.5802311995061513, -0.3013070999789276, 0.8237159547171544, 0.864625092657715, 0.6134462244192007, -0.8260026642699614, -0.038935368427051475, -0.9932025601031023]
1019.9999389648438	(8, 12, 2)	[0.7514581811974685, -0.21931002144690281, 0.2182987168249002, -0.019664787032819264, -0.4387238590748581, -1.0, 0.3111028558130468, -0.5508053898866289, 0.4609268530553774, 0.6448361230912264, 0.0818567379601749, 0.2603803547625414, -0.8487985625041988, -0.8511119759916204, -0.6133028541313277, 0.1171157653331465, 0.813148594024625, -0.9762999387045985, 0.3734477484997507, 0.014701020980586677, 0.23647423730092818, 0.18452670924307557, 0.9399969924544687, -0.16661951057738067, 0.12873322041311347, 0.5901443747089503, -0.9706641226819231, -0.11788601765077655, 0.5384421171025455, 0.28611210661851305, 0.3491274491816343, 0.8526637952281662, -0.6832115294321426, -0.19628756508410872, -0.38375241532956433, 0.7336469691877343, 1.0, 0.021931446359288786, -0.03475107238384689, 0.061753526994191565, -0.15601886495626396, 0.566778049188498, 1.0, 0.7913808426410426, -0.24778426576630092, -0.34435715908617354, 0.8493926685256523, -0.6936786923556049, -0.3446535548748906, 0.7876931435622272, 0.20067320797683053, -0.5251511617821352, -0.3368601882993836, 0.638281825228487, 0.5732227529341126, -0.4883132871496303, -0.4225896235260019, -0.8967542057014093, -0.782545039339179, 0.4914187075903, -0.3667538516851159, -0.6839266561735335, 0.6541130148532428, -0.24946396198349974, 0.42039615967982247, -0.6786583725831596, -0.3247879927099284, -0.7337130231679538, 0.8317137491064771, 0.207422217529329, 0.8917345087557345, 0.7805746794147556, -0.44898008437421244, 0.14039182999617605, 0.8687984749911615, -0.7375651023512719, 0.20703212686039396, 0.2025902055913702, -0.9040175743641143, -0.5934017108116247, -0.5690431815880428, 0.2649943403028432, -0.9531878243308856, -0.6223686923176862, 0.9741562023359698, 0.13521173489177274, -0.22524948090377905, 0.19309541097507288, 0.21779540360259064, 0.6270321569970867, 0.10236063830628739, 0.3213819353888237, -0.9646091193903249, 0.16362832769702035, -0.14830996971006027, -0.19444565382144785, -0.09371784550351259, 0.8918077170943689, 0.6196743450251109, -0.19052476896892673, 0.7184015837599997, -0.6634183227523411, 0.5609578822692163, -0.2749863091809224, 0.40033874214475285, 0.2948990349599298, -0.39206632698692623, -0.4790362210500522, -0.6272053184280103, 0.5279824812538729, 0.1368495360142593, 0.3966986925032876, 0.5802311995061513, -0.3013070999789276, 0.8237159547171544, 0.7272620274972358, 0.4910553671580953, -0.8260026642699614, -0.038935368427051475, -0.8251271855426487]
1019.9999389648438	(8, 12, 2)	[0.7514581811974685, -0.4118646486747102, 0.2182987168249002, -0.019664787032819264, -0.4387238590748581, -0.8139968714396073, 0.30989594073877264, -0.7492446626243818, 0.13793488647411425, 0.6448361230912264, 0.0818567379601749, 0.2603803547625414, -0.6867378137804099, -0.8511119759916204, -0.6133028541313277, 0.1171157653331465, 0.5550691134685535, -0.9762999387045985, 0.3734477484997507, 0.0657440826076734, 0.20878113333042458, 0.18452670924307557, 0.9399969924544687, -0.16661951057738067, 0.21373547293306308, 0.7829304995429991, -0.9706641226819231, -0.10723627588001276, 0.5384421171025455, 0.28611210661851305, 0.3491274491816343, 0.8526637952281662, -0.6832115294321426, -0.19628756508410872, -0.38375241532956433, 0.6069182406659837, 1.0, 0.021931446359288786, -0.03475107238384689, 0.061753526994191565, 0.41650735430645597, 0.566778049188498, 0.8145366123118027, 0.7006901805167798, -0.3569135626238147, -0.45149857393848086, 0.8493926685256523, -0.6936786923556049, 0.3176212766982611, 0.5073392499279449, -0.22674165368339994, -0.5251511617821352, -0.3368601882993836, 0.638281825228487, 0.5732227529341126, -0.4267646607525764, 0.3251944992894895, -0.8967542057014093, -0.782545039339179, 0.5991273886406527, -0.7415992058438279, -0.6548602350027604, 0.6541130148532428, -0.6949199753289574, -0.8204186508582263, -0.6786583725831596, -0.3247879927099284, -0.7065078291741571, 0.8317137491064771, 0.207422217529329, -0.6197742927217718, 0.7805746794147556, -0.44898008437421244, 0.04056172402710967, 0.8687984749911615, -0.6920819845862356, 0.2938521393027722, 0.2025902055913702, -0.9040175743641143, -0.7843446631442712, -0.5690431815880428, 0.23837077813934582, -0.7020411678048637, -0.5832240359072518, 0.9741562023359698, 0.13521173489177274, -0.17501024562491008, 0.19309541097507288, 0.8705088438837016, 0.6270321569970867, 0.10236063830628739, 0.3133248420346939, -0.9646091193903249, 0.09652817721357879, -0.14830996971006027, -0.2942931642912079, -0.014970862513305191, 0.8918077170943689, 0.6196743450251109, -0.28697765570904044, 0.7184015837599997, -0.6634183227523411, 0.5609578822692163, 0.4436163921064504, -0.200675980129414, 0.26146023354973275, -0.39206632698692623, -0.3599638693791629, -0.6272053184280103, 0.5279824812538729, 0.1851188838133084, 0.3966986925032876, 0.5802311995061513, -0.3013070999789276, 0.8237159547171544, 0.864625092657715, 0.4910553671580953, 0.3171853802426484, -0.038935368427051475, -0.8251271855426487]
1019.9998779296875	(8, 12, 2)	[0.7514581811974685, -0.4118646486747102, 0.2182987168249002, -0.09531241901804946, -0.4387238590748581, -1.0, 0.3111028558130468, -0.5508053898866289, 0.13793488647411425, 0.6448361230912264, 0.13084983583055002, 0.2603803547625414, -0.8487985625041988, -0.8511119759916204, -0.6663441731474731, 0.12497850719072624, 0.8506138402682412, -0.9762999387045985, 0.4736685199792094, 0.23979492777129524, 0.20878113333042458, 0.18452670924307557, 0.9399969924544687, -0.16661951057738067, 0.3208832234424671, 0.5901443747089503, -0.9706641226819231, -0.10464978502612476, 0.5384421171025455, 0.28611210661851305, 0.23894201826643235, 0.8526637952281662, -0.6832115294321426, -0.19628756508410872, -0.36101691402053643, 0.6306808580088703, 1.0, 0.021931446359288786, -0.06424947321571972, 0.061753526994191565, -0.15601886495626396, 0.566778049188498, 0.8145366123118027, 0.7913808426410426, -0.3569135626238147, -0.34435715908617354, 0.8493926685256523, -0.6936786923556049, 0.3176212766982611, 0.7876931435622272, 0.20067320797683053, -0.5251511617821352, -0.3368601882993836, 0.638281825228487, 0.5732227529341126, -0.4883132871496303, 0.31959979144408523, -0.8967542057014093, -0.782545039339179, 0.5991273886406527, -0.3667538516851159, -0.8533084436476416, 0.6541130148532428, -0.7198912457575568, 0.42039615967982247, -0.6786583725831596, -0.18502623341220514, -0.7065078291741571, 0.8317137491064771, 0.207422217529329, 0.8962261657346029, 1.0, -0.44898008437421244, 0.14039182999617605, 0.8687984749911615, -0.6920819845862356, 0.1905949683585913, 0.2025902055913702, -0.9040175743641143, -0.7843446631442712, -0.5690431815880428, 0.23837077813934582, -0.7020411678048637, -0.5832240359072518, 0.9741562023359698, 0.13521173489177274, -0.09265933141218038, 0.34961589212399563, 0.8705088438837016, 0.4507074746020402, 0.10236063830628739, 0.3133248420346939, -0.8030998393314377, 0.16362832769702035, -0.07009212569002583, -0.1957637316835966, -0.014970862513305191, 1.0, 0.6196743450251109, -0.19938801331249575, 0.7490624141649695, -0.6634183227523411, 0.5609578822692163, 0.4436163921064504, -0.200675980129414, 0.23421930422691195, -0.2928316505826989, -0.3599638693791629, -0.6272053184280103, 0.5279824812538729, 0.1851188838133084, 0.3966986925032876, 0.6182400509396317, -0.3013070999789276, 0.8237159547171544, 0.864625092657715, 0.4910553671580953, 0.3171853802426484, -0.05603285654256946, -0.7621339457807464]
1019.9998168945312	(8, 12, 2)	[0.7514581811974685, -0.4118646486747102, 0.2182987168249002, -0.09531241901804946, -0.4387238590748581, -1.0, 0.3111028558130468, -0.7492446626243818, 0.4609268530553774, 0.6448361230912264, 0.0818567379601749, 0.2603803547625414, -0.6370904405581439, -0.8511119759916204, -0.6133028541313277, 0.1171157653331465, 0.8484830934062794, -0.9762999387045985, 0.3734477484997507, 0.0657440826076734, 0.3143728934809611, 0.3400020225261968, 1.0, -0.16661951057738067, 0.12873322041311347, 0.7829304995429991, -0.9706641226819231, -0.10464978502612476, 0.5384421171025455, 0.28611210661851305, 0.23894201826643235, 0.8526637952281662, -0.6832115294321426, -0.19628756508410872, -0.36101691402053643, 0.6306808580088703, 1.0, 0.021931446359288786, 0.05170165812010506, 0.061753526994191565, 0.1765126752007415, 0.566778049188498, 0.7846199656203402, 0.7913808426410426, -0.3569135626238147, -0.46638920438523357, 0.8493926685256523, -0.6936786923556049, 0.3176212766982611, 0.7876931435622272, -0.22674165368339994, -0.5251511617821352, -0.3368601882993836, 0.638281825228487, 0.8426025775427437, -0.4883132871496303, 0.31959979144408523, -0.8967542057014093, -0.782545039339179, 0.4534926711818741, -0.3667538516851159, -0.6839266561735335, 0.6541130148532428, -0.7198912457575568, 0.2918656075013215, -0.6786583725831596, -0.18502623341220514, -0.7065078291741571, 0.8317137491064771, 0.20856610420889296, 0.8962261657346029, 1.0, -0.44898008437421244, 0.04056172402710967, 0.8687984749911615, -0.6920819845862356, 0.2938521393027722, 0.09205518920473581, -0.9040175743641143, -0.5934017108116247, -0.5690431815880428, 0.2649943403028432, -0.7426183874128818, -0.645626203989243, 0.9741562023359698, 0.13521173489177274, -0.22524948090377905, 0.19309541097507288, 0.8705088438837016, 0.5428620616764295, 0.10236063830628739, 0.3133248420346939, -0.9510538792648271, 0.09652817721357879, -0.14830996971006027, -0.1957637316835966, -0.09371784550351259, 0.8488166716981491, 0.6196743450251109, -0.28697765570904044, 0.7490624141649695, -0.7618345006592053, 0.5609578822692163, -0.2749863091809224, -0.200675980129414, 0.23421930422691195, -0.39206632698692623, -0.3599638693791629, 0.8060570493974959, 0.5279824812538729, 0.08176209472207671, 0.3966986925032876, 0.6182400509396317, -0.5204489062902278, 0.9267922122511656, 0.864625092657715, 0.6134462244192007, 0.9908438278674818, -0.05603285654256946, -0.9932025601031023]
1019.9996948242188	(8, 12, 2)	[0.7514581811974685, -0.4118646486747102, 0.2182987168249002, -0.09531241901804946, -0.4387238590748581, -0.9870374693569357, 0.3111028558130468, -0.7492446626243818, 0.41680810027615633, 0.6448361230912264, 0.13084983583055002, 0.2603803547625414, -0.6867378137804099, -0.8511119759916204, -0.6663441731474731, 0.08088560263526512, 0.8506138402682412, -0.9762999387045985, 0.3734477484997507, 0.23979492777129524, 0.20878113333042458, 0.18452670924307557, 0.9399969924544687, -0.16661951057738067, 0.3208832234424671, 0.7829304995429991, -0.9706641226819231, -0.11788601765077655, 0.5384421171025455, 0.28611210661851305, 0.3919721845905008, 0.8526637952281662, -0.6832115294321426, -0.19628756508410872, -0.36101691402053643, 0.6306808580088703, 1.0, 0.021931446359288786, -0.06424947321571972, 0.061753526994191565, 0.41650735430645597, 0.566778049188498, 0.8145366123118027, 0.7913808426410426, -0.3569135626238147, -0.45149857393848086, 0.8493926685256523, -0.6936786923556049, 0.3176212766982611, 0.7876931435622272, 0.20067320797683053, -0.5251511617821352, -0.3368601882993836, 0.638281825228487, 0.5732227529341126, 0.9038785260621018, 0.31959979144408523, -0.8967542057014093, -0.49868001515980004, 0.5991273886406527, -0.7415992058438279, -0.8533084436476416, 0.6541130148532428, -0.24946396198349974, -0.8204186508582263, -0.6786583725831596, -0.18502623341220514, -0.7065078291741571, 0.8317137491064771, 0.207422217529329, 0.8962261657346029, 1.0, -0.44898008437421244, 0.14039182999617605, 0.8687984749911615, -0.6920819845862356, 0.1905949683585913, 0.2025902055913702, -0.9040175743641143, 0.03401556004440409, -0.5690431815880428, 0.23837077813934582, -0.7020411678048637, -0.5832240359072518, 0.9741562023359698, 0.13521173489177274, -0.22524948090377905, 0.11037848609374745, 0.21779540360259064, 0.4507074746020402, 0.10236063830628739, 0.0811687257587107, -0.9646091193903249, -0.37759414529916513, -0.07009212569002583, -0.1957637316835966, -0.09371784550351259, 1.0, 0.6196743450251109, -0.19938801331249575, 0.7490624141649695, 0.6235741111030084, 0.5609578822692163, 0.4436163921064504, -0.200675980129414, 0.2948990349599298, -0.52802713349229, -0.3599638693791629, -0.6272053184280103, 0.5279824812538729, 0.08176209472207671, 0.3966986925032876, 0.5802311995061513, -0.3013070999789276, 0.8237159547171544, 0.864625092657715, 0.4910553671580953, 0.9908438278674818, -0.05603285654256946, -0.8251271855426487]
1019.9998168945312	(8, 12, 2)	[0.7514581811974685, -0.4118646486747102, 0.21254935247253023, -0.09531241901804946, -0.4387238590748581, -1.0, 0.30989594073877264, -0.5508053898866289, 0.13793488647411425, 0.6448361230912264, 0.0818567379601749, 0.2603803547625414, -0.8487985625041988, -0.8511119759916204, -0.17246615522540612, 0.16619780162927775, 0.5550691134685535, -0.9762999387045985, 0.4736685199792094, -0.015271962750699197, 0.20878113333042458, 0.18452670924307557, 0.9399969924544687, -0.16661951057738067, 0.12873322041311347, 0.7829304995429991, -0.9843807348275044, -0.11931929260622687, 0.5384421171025455, 0.28611210661851305, 0.3491274491816343, 0.8526637952281662, -0.6832115294321426, -0.19628756508410872, -0.36101691402053643, 0.6069182406659837, 0.8969616141733676, 0.021931446359288786, -0.06424947321571972, 0.061753526994191565, 0.41650735430645597, 0.566778049188498, 1.0, 0.7006901805167798, -0.3569135626238147, -0.45149857393848086, 0.8493926685256523, -0.6596443122312429, -0.3446535548748906, 0.7876931435622272, 0.20067320797683053, -0.5251511617821352, -0.3368601882993836, 0.638281825228487, 0.5732227529341126, -0.4883132871496303, -0.24014850370436247, -0.8967542057014093, -0.782545039339179, 0.5991273886406527, -0.7415992058438279, -0.8533084436476416, 0.6541130148532428, -0.7198912457575568, 0.2918656075013215, -0.6786583725831596, -0.296678825121467, -0.7065078291741571, 0.8317137491064771, 0.207422217529329, 0.8962261657346029, 1.0, -0.44898008437421244, 0.14039182999617605, 1.0, -0.6920819845862356, 0.8589461522310997, 0.2025902055913702, -0.9040175743641143, -0.5934017108116247, -0.5690431815880428, 0.2649943403028432, -0.7020411678048637, -0.5832240359072518, 0.9741562023359698, -0.4614039809496122, -0.17501024562491008, 0.19309541097507288, 0.8705088438837016, 0.4507074746020402, 0.10236063830628739, 0.3133248420346939, -0.8030998393314377, 0.16362832769702035, -0.07009212569002583, -0.2942931642912079, -0.014970862513305191, 0.8918077170943689, 0.6196743450251109, -0.19938801331249575, 0.7184015837599997, -0.6634183227523411, 0.5609578822692163, -0.2749863091809224, 0.40033874214475285, 0.2948990349599298, -0.52802713349229, -0.3599638693791629, -0.6272053184280103, 0.5279824812538729, 0.08176209472207671, 0.3966986925032876, 0.5965232321068277, -0.3013070999789276, 0.8237159547171544, 0.864625092657715, 0.4910553671580953, -0.8260026642699614, -0.038935368427051475, -0.7621339457807464]
1019.9998168945312	(8, 12, 2)	[0.7514581811974685, -0.4118646486747102, 0.21254935247253023, -0.09531241901804946, -0.4387238590748581, -0.8139968714396073, 0.30989594073877264, -0.5508053898866289, 0.4609268530553774, 0.6448361230912264, 0.0818567379601749, 0.2603803547625414, -0.8487985625041988, -0.8511119759916204, -0.17246615522540612, 0.1171157653331465, 0.5550691134685535, -0.9762999387045985, 0.37164998549336753, 0.23979492777129524, 0.20878113333042458, 0.18452670924307557, 1.0, -0.16661951057738067, 0.3208832234424671, 0.5901443747089503, -0.9843807348275044, -0.028907069144362335, 0.5384421171025455, 0.28611210661851305, 0.3919721845905008, 0.8526637952281662, -0.6832115294321426, -0.19628756508410872, -0.36101691402053643, 0.6069182406659837, 0.8969616141733676, 0.021931446359288786, -0.06424947321571972, 0.07012131004038318, -0.15601886495626396, 0.566778049188498, 1.0, 0.7913808426410426, -0.3569135626238147, -0.45149857393848086, 0.8493926685256523, -0.6596443122312429, -0.3446535548748906, 0.7876931435622272, 0.20067320797683053, -0.5251511617821352, -0.3368601882993836, 0.638281825228487, 0.8130157523028323, -0.6452436764766035, 0.31959979144408523, -0.8967542057014093, -0.782545039339179, 0.5991273886406527, -0.7415992058438279, -0.6548602350027604, 0.6541130148532428, -0.7198912457575568, 0.2918656075013215, -0.6786583725831596, -0.18502623341220514, -0.7065078291741571, 0.6281898070256197, 0.011038513462978933, -0.5821902407786121, 1.0, -0.44898008437421244, 0.14039182999617605, 1.0, -0.6920819845862356, 0.20703212686039396, 0.23372573252077725, -0.9040175743641143, 0.03401556004440409, -0.5690431815880428, 0.2649943403028432, -0.7020411678048637, -0.5832240359072518, 0.9741562023359698, 0.13521173489177274, -0.22524948090377905, 0.19309541097507288, 0.8705088438837016, 0.4507074746020402, 0.10236063830628739, 0.3133248420346939, -0.8030998393314377, 0.16362832769702035, -0.07009212569002583, -0.19444565382144785, -0.014970862513305191, 0.8918077170943689, 0.6196743450251109, -0.19938801331249575, 0.7184015837599997, 0.6235741111030084, 0.09097440793639633, 0.47954727290436394, 0.40033874214475285, 0.2948990349599298, -0.45702993166819933, -0.3599638693791629, 0.7197231106773561, 0.5279824812538729, 0.1368495360142593, 0.3966986925032876, 0.6182400509396317, -0.3013070999789276, 0.7658162531547236, 0.864625092657715, 0.6466488869305411, 0.3171853802426484, -0.038935368427051475, -0.8251271855426487]
1019.9999389648438	(8, 12, 2)	[0.7514581811974685, -0.4118646486747102, 0.21254935247253023, -0.09531241901804946, -0.4387238590748581, -0.9870374693569357, 0.23066388325885837, -0.4325802101270337, 0.4609268530553774, 0.6448361230912264, 0.0818567379601749, 0.2603803547625414, -0.6867378137804099, -0.8511119759916204, -0.6133028541313277, 0.1060835990777001, 0.813148594024625, -0.9762999387045985, 0.3734477484997507, 0.014701020980586677, 0.20878113333042458, 0.18452670924307557, 1.0, -0.16661951057738067, 0.12873322041311347, 0.7829304995429991, -0.9706641226819231, -0.11788601765077655, 0.5040814030197125, 0.28611210661851305, 0.3491274491816343, 0.8526637952281662, -0.6832115294321426, -0.19628756508410872, -0.36101691402053643, 0.6306808580088703, 0.8969616141733676, 0.021931446359288786, -0.03475107238384689, 0.061753526994191565, -0.15601886495626396, 0.566778049188498, 0.7654918171369607, 0.7913808426410426, -0.3569135626238147, -0.46638920438523357, 0.8493926685256523, -0.8333097514411677, 0.3176212766982611, 0.7876931435622272, 0.20067320797683053, -0.5251511617821352, -0.3368601882993836, 0.638281825228487, 0.5732227529341126, 0.9038785260621018, 0.3251944992894895, -0.8967542057014093, -0.782545039339179, 0.518123233370897, -0.7415992058438279, -0.6548602350027604, 0.6541130148532428, -0.7198912457575568, 0.2918656075013215, -0.6786583725831596, -0.18502623341220514, -0.7065078291741571, 0.7332832082394364, 0.207422217529329, -0.6197742927217718, 1.0, -0.44898008437421244, 0.10050522174931595, 0.8687984749911615, -0.4512720530912431, 0.20703212686039396, 0.2025902055913702, -0.9040175743641143, -0.7843446631442712, -0.5690431815880428, 0.2649943403028432, -0.7020411678048637, -0.5832240359072518, 0.9741562023359698, 0.13521173489177274, -0.17501024562491008, 0.19309541097507288, 0.8705088438837016, 0.4507074746020402, 0.10236063830628739, 0.3133248420346939, -0.9646091193903249, 0.09652817721357879, -0.07009212569002583, -0.19444565382144785, -0.014970862513305191, 0.8488166716981491, 0.6196743450251109, -0.19938801331249575, 0.7490624141649695, -0.6634183227523411, 0.09097440793639633, -0.26895422768036137, -0.200675980129414, 0.2948990349599298, -0.2928316505826989, -0.3599638693791629, -0.6272053184280103, 0.5279824812538729, 0.08176209472207671, 0.3966986925032876, 0.5965232321068277, -0.3013070999789276, 0.8237159547171544, 0.7272620274972358, 0.44954269524853485, 0.3171853802426484, -0.038935368427051475, -0.8739305558173794]
1019.9998779296875	(8, 12, 2)	[0.7514581811974685, -0.4118646486747102, 0.21254935247253023, -0.09531241901804946, -0.4387238590748581, -1.0, 0.30989594073877264, -0.5508053898866289, 0.13793488647411425, 0.6448361230912264, 0.0818567379601749, 0.2603803547625414, -0.660417015098771, -0.8511119759916204, -0.6133028541313277, 0.1060835990777001, 0.5550691134685535, -0.9762999387045985, 0.4736685199792094, -0.015271962750699197, 0.20878113333042458, 0.3400020225261968, 1.0, -0.16661951057738067, 0.12873322041311347, 0.7829304995429991, -0.9843807348275044, -0.11931929260622687, 0.5384421171025455, 0.28611210661851305, 0.3491274491816343, 0.8526637952281662, -0.6832115294321426, -0.19628756508410872, -0.36101691402053643, 0.6306808580088703, 0.8969616141733676, 0.021931446359288786, -0.06424947321571972, 0.061753526994191565, 0.41650735430645597, 0.566778049188498, 1.0, 0.7006901805167798, -0.23364141628681398, -0.45149857393848086, 0.8493926685256523, -0.6596443122312429, -0.3446535548748906, 0.7876931435622272, 0.20067320797683053, -0.5251511617821352, -0.3368601882993836, 0.638281825228487, 0.5732227529341126, -0.4883132871496303, -0.24014850370436247, -0.8967542057014093, -0.782545039339179, 0.4914187075903, -0.7415992058438279, -0.6548602350027604, 0.7396244973390864, -0.7198912457575568, 0.2918656075013215, -0.6786583725831596, -0.296678825121467, -0.7065078291741571, 0.8317137491064771, 0.207422217529329, 0.8962261657346029, 1.0, -0.44898008437421244, 0.14039182999617605, 1.0, -0.6920819845862356, 0.8589461522310997, 0.2025902055913702, -0.8259683074504084, -0.5934017108116247, -0.5690431815880428, 0.2649943403028432, -0.7020411678048637, -0.5832240359072518, 0.9741562023359698, 0.13521173489177274, -0.17501024562491008, 0.19309541097507288, 0.8705088438837016, 0.4507074746020402, 0.10236063830628739, 0.3133248420346939, -0.9646091193903249, 0.16362832769702035, -0.07009212569002583, -0.2942931642912079, -0.09371784550351259, 0.0448249465176815, 0.6196743450251109, -0.19938801331249575, 0.7490624141649695, 0.6235741111030084, 0.09097440793639633, -0.2749863091809224, -0.200675980129414, 0.2948990349599298, -0.52802713349229, -0.3599638693791629, -0.6272053184280103, 0.5279824812538729, 0.08176209472207671, 0.3966986925032876, 0.6182400509396317, -0.3013070999789276, 0.7658162531547236, 0.864625092657715, 0.4910553671580953, -0.8260026642699614, -0.038935368427051475, -0.7621339457807464]
1019.999755859375	(8, 12, 2)	[0.7130533054316704, -0.4118646486747102, 0.21254935247253023, -0.0965128721206762, -0.4387238590748581, -1.0, 0.3111028558130468, -0.5508053898866289, 0.4609268530553774, 0.6448361230912264, 0.0818567379601749, 0.2603803547625414, -0.660417015098771, -0.8511119759916204, -0.6133028541313277, 0.1060835990777001, 0.8484830934062794, -0.9762999387045985, 0.3734477484997507, 0.014701020980586677, 0.20878113333042458, 0.18452670924307557, 0.9399969924544687, -0.16661951057738067, 0.12873322041311347, 0.7829304995429991, -0.9706641226819231, -0.11931929260622687, 0.5384421171025455, 0.28611210661851305, 0.3491274491816343, 0.8526637952281662, -0.6832115294321426, -0.19628756508410872, -0.36101691402053643, 0.6069182406659837, 0.8969616141733676, 0.021931446359288786, -0.03475107238384689, 0.061753526994191565, 0.41650735430645597, 0.566778049188498, 1.0, 0.7913808426410426, -0.3569135626238147, -0.45149857393848086, 0.8493926685256523, -0.6936786923556049, -0.3446535548748906, 0.5073392499279449, -0.22674165368339994, -0.5251511617821352, -0.3368601882993836, 0.638281825228487, 0.5732227529341126, -0.4883132871496303, -0.24014850370436247, -0.8967542057014093, -0.782545039339179, 0.518123233370897, -0.7415992058438279, -0.8533084436476416, 0.6541130148532428, -0.7198912457575568, 0.2918656075013215, -0.6786583725831596, -0.296678825121467, -0.7065078291741571, 0.6281898070256197, 0.207422217529329, -0.6197742927217718, 1.0, -0.44898008437421244, 0.14039182999617605, 0.8687984749911615, -0.6920819845862356, 0.20703212686039396, 0.2025902055913702, -0.9040175743641143, 0.03401556004440409, -0.5690431815880428, 0.2649943403028432, -0.8171064958617706, -0.5832240359072518, 0.9741562023359698, 0.13521173489177274, -0.17501024562491008, 0.19309541097507288, 0.21779540360259064, 0.6270321569970867, 0.10236063830628739, 0.3133248420346939, -0.9646091193903249, 0.16362832769702035, -0.14830996971006027, -0.2942931642912079, -0.014970862513305191, 1.0, 0.6196743450251109, -0.19938801331249575, 0.7252866327202226, -0.6343228671345463, 0.09097440793639633, 0.4436163921064504, 0.40033874214475285, 0.2948990349599298, -0.52802713349229, -0.3540217087967945, -0.6272053184280103, 0.5279824812538729, 0.1851188838133084, 0.3966986925032876, 0.5965232321068277, -0.3013070999789276, 0.8237159547171544, 0.864625092657715, 0.4672064734963637, 0.3171853802426484, -0.038935368427051475, -0.9932025601031023]
1019.9999389648438	(8, 12, 2)	[0.7514581811974685, -0.4118646486747102, 0.21254935247253023, -0.09531241901804946, -0.4338617707953577, -0.8139968714396073, 0.3111028558130468, -0.5508053898866289, 0.4609268530553774, 0.7096729214850802, 0.13084983583055002, 0.2603803547625414, -0.8487985625041988, -0.8511119759916204, -0.6133028541313277, 0.12497850719072624, 0.8506138402682412, -0.9762999387045985, 0.4736685199792094, 0.014701020980586677, 0.20878113333042458, 0.3400020225261968, 0.9037130522294908, -0.16661951057738067, 0.12873322041311347, 0.7829304995429991, -0.9843807348275044, -0.11788601765077655, 0.5384421171025455, 0.28611210661851305, 0.3491274491816343, 0.8526637952281662, -0.6832115294321426, -0.19628756508410872, -0.38375241532956433, 0.6306808580088703, 1.0, 0.021931446359288786, -0.03475107238384689, 0.061753526994191565, 0.41650735430645597, 0.6107953306045554, 1.0, 0.7006901805167798, -0.3569135626238147, -0.46638920438523357, 0.8493926685256523, -0.6936786923556049, 0.3176212766982611, 0.7167890952785688, 0.20067320797683053, -0.5251511617821352, -0.3368601882993836, 0.638281825228487, 0.5732227529341126, 0.9038785260621018, 0.31959979144408523, -0.8967542057014093, -0.782545039339179, 0.5991273886406527, -0.3667538516851159, -0.6548602350027604, 0.6541130148532428, -0.7198912457575568, 0.2918656075013215, -0.6786583725831596, -0.3247879927099284, -0.7065078291741571, 0.8317137491064771, 0.011038513462978933, 0.8962261657346029, 1.0, -0.44898008437421244, 0.04056172402710967, 0.8687984749911615, -0.6920819845862356, 0.2938521393027722, 0.2025902055913702, -0.9040175743641143, -0.7843446631442712, -0.5690431815880428, 0.23837077813934582, -0.7020411678048637, -0.5832240359072518, 0.9741562023359698, 0.13521173489177274, -0.17501024562491008, 0.11037848609374745, 0.8705088438837016, 0.4507074746020402, 0.10236063830628739, 0.3133248420346939, -0.8030998393314377, -0.37759414529916513, -0.14830996971006027, -0.2942931642912079, -0.014970862513305191, 1.0, 0.6196743450251109, -0.19938801331249575, 0.7184015837599997, -0.697737690061002, 0.5609578822692163, -0.35222068551990054, 0.40033874214475285, 0.23421930422691195, -0.2928316505826989, -0.3599638693791629, -0.6272053184280103, 0.5279824812538729, -0.011582670152958247, 0.3966986925032876, 0.5965232321068277, -0.3013070999789276, 0.8237159547171544, 0.864625092657715, 0.4910553671580953, 0.9908438278674818, -0.038935368427051475, -0.9932025601031023]
1019.9998779296875	(8, 12, 2)	[0.7130533054316704, -0.41644940215089143, 0.2182987168249002, -0.09531241901804946, -0.4387238590748581, -0.8139968714396073, 0.3111028558130468, -0.7492446626243818, 0.4609268530553774, 0.6448361230912264, 0.0818567379601749, 0.2603803547625414, -0.6867378137804099, -0.8511119759916204, -0.6133028541313277, 0.1171157653331465, 0.813148594024625, -0.9762999387045985, 0.3734477484997507, 0.23979492777129524, 0.20878113333042458, 0.1319422067390689, 0.9399969924544687, -0.16661951057738067, 0.12873322041311347, 0.7829304995429991, -0.9843807348275044, -0.11788601765077655, 0.5384421171025455, 0.28611210661851305, 0.3491274491816343, 0.9813231014716939, -0.6832115294321426, -0.19628756508410872, -0.38375241532956433, 0.6306808580088703, 1.0, 0.021931446359288786, -0.06424947321571972, 0.061753526994191565, -0.15601886495626396, 0.566778049188498, 0.8145366123118027, 0.8383737759749296, -0.3569135626238147, -0.45149857393848086, 1.0, -0.6936786923556049, -0.3446535548748906, 0.7876931435622272, 0.20067320797683053, -0.5251511617821352, -0.3368601882993836, 0.8270901618915171, 0.5732227529341126, -0.4883132871496303, -0.24014850370436247, -0.8967542057014093, -0.782545039339179, 0.6553816846640019, -0.3667538516851159, -0.6548602350027604, 0.6534731078021334, -0.7198912457575568, 0.5168590719622936, -0.6786583725831596, -0.18502623341220514, -0.7065078291741571, 0.7332832082394364, 0.207422217529329, 0.8962261657346029, 1.0, -0.44898008437421244, 0.14039182999617605, 1.0, -0.6920819845862356, 0.1905949683585913, 0.2025902055913702, -0.9040175743641143, 0.03401556004440409, -0.6658015989317634, 0.2649943403028432, -0.7426183874128818, -0.599118396536557, 0.9146842982593387, -0.4614039809496122, -0.17501024562491008, 0.19309541097507288, 0.8705088438837016, 0.6270321569970867, 0.10236063830628739, 0.3133248420346939, -0.9646091193903249, -0.37759414529916513, -0.07009212569002583, -0.1957637316835966, -0.014970862513305191, 0.8488166716981491, 0.6196743450251109, -0.19938801331249575, 0.7490624141649695, -0.6343228671345463, 0.5609578822692163, -0.35222068551990054, 0.40033874214475285, 0.2948990349599298, -0.52802713349229, -0.3599638693791629, -0.6272053184280103, 0.5279824812538729, 0.1851188838133084, 0.47893708403732904, 0.5802311995061513, -0.3013070999789276, 0.8237159547171544, 0.864625092657715, 0.6134462244192007, 0.3171853802426484, -0.038935368427051475, -0.7621339457807464]
1019.9998779296875	(8, 12, 2)	[0.7514581811974685, -0.4118646486747102, 0.2182987168249002, -0.09531241901804946, -0.4387238590748581, -1.0, 0.3111028558130468, -0.7492446626243818, 0.4609268530553774, 0.8080305955696016, 0.0818567379601749, 0.2603803547625414, -0.8487985625041988, -0.8511119759916204, -0.6133028541313277, 0.1171157653331465, 0.8506138402682412, -0.9762999387045985, 0.3734477484997507, 0.23979492777129524, 0.20878113333042458, 0.18452670924307557, 0.9399969924544687, -0.16661951057738067, 0.12873322041311347, 0.7829304995429991, -0.9706641226819231, -0.11788601765077655, 0.5384421171025455, 0.28611210661851305, 0.3491274491816343, 0.8526637952281662, -0.6832115294321426, -0.19628756508410872, -0.36101691402053643, 0.6306808580088703, 1.0, 0.021931446359288786, -0.06424947321571972, 0.061753526994191565, 0.41650735430645597, 0.566778049188498, 1.0, 0.6754771516492217, -0.3569135626238147, -0.45149857393848086, 0.8493926685256523, -0.6936786923556049, -0.3446535548748906, 0.8669564268181459, -0.22674165368339994, -0.5251511617821352, -0.3368601882993836, 0.638281825228487, 0.8426025775427437, -0.4883132871496303, 0.31959979144408523, -0.8967542057014093, -0.782545039339179, 0.6993090575448253, -0.3667538516851159, -0.8533084436476416, 0.6541130148532428, -0.8033187231826986, 0.42039615967982247, -0.6786583725831596, -0.18502623341220514, -0.7065078291741571, 0.8317137491064771, 0.207422217529329, 0.6208581095608714, 1.0, -0.29095931889252435, 0.14039182999617605, 0.8687984749911615, -0.6920819845862356, 0.20703212686039396, 0.2025902055913702, -0.9040175743641143, -0.5934017108116247, -0.5690431815880428, 0.23837077813934582, -0.7020411678048637, -0.5832240359072518, 0.9741562023359698, 0.13521173489177274, -0.17501024562491008, 0.2687103505485261, 0.8705088438837016, 0.4507074746020402, 0.10236063830628739, 0.3133248420346939, -0.8030998393314377, 0.16362832769702035, -0.07009212569002583, -0.1957637316835966, -0.014970862513305191, 0.8918077170943689, 0.6196743450251109, -0.28697765570904044, 0.7184015837599997, -0.7618345006592053, 0.5609578822692163, -0.26895422768036137, 0.40033874214475285, 0.44788824868803856, -0.45702993166819933, -0.3599638693791629, 0.8060570493974959, 0.5279824812538729, 0.1851188838133084, 0.3966986925032876, 0.5965232321068277, -0.3013070999789276, 0.7658162531547236, 0.864625092657715, 0.4910553671580953, 0.3171853802426484, -0.05603285654256946, -0.7621339457807464]
1019.9998168945312	(8, 12, 2)	[0.7514581811974685, -0.4118646486747102, 0.2182987168249002, -0.09531241901804946, -0.4387238590748581, -0.8139968714396073, 0.3111028558130468, -0.7492446626243818, 0.4609268530553774, 0.6448361230912264, 0.0818567379601749, 0.2603803547625414, -0.8487985625041988, -0.8511119759916204, -0.6133028541313277, 0.1171157653331465, 0.8506138402682412, -0.9762999387045985, 0.3734477484997507, 0.23979492777129524, 0.20878113333042458, 0.1319422067390689, 0.9399969924544687, -0.16661951057738067, 0.12873322041311347, 0.7829304995429991, -0.9843807348275044, -0.11788601765077655, 0.5384421171025455, 0.28611210661851305, 0.3491274491816343, 0.9813231014716939, -0.6832115294321426, -0.19628756508410872, -0.36101691402053643, 0.6306808580088703, 1.0, 0.021931446359288786, -0.06424947321571972, 0.061753526994191565, -0.15601886495626396, 0.566778049188498, 0.8145366123118027, 0.6754771516492217, -0.3569135626238147, -0.45149857393848086, 1.0, -0.6936786923556049, -0.3446535548748906, 0.7876931435622272, -0.22674165368339994, -0.5251511617821352, -0.3368601882993836, 0.8270901618915171, 0.5732227529341126, -0.4883132871496303, -0.24014850370436247, -0.8967542057014093, -0.782545039339179, 0.6993090575448253, -0.3667538516851159, -0.6548602350027604, 0.6541130148532428, -0.7198912457575568, 0.5168590719622936, -0.6786583725831596, -0.18502623341220514, -0.7065078291741571, 0.8317137491064771, 0.207422217529329, 0.6208581095608714, 1.0, -0.44898008437421244, 0.14039182999617605, 0.8687984749911615, -0.6920819845862356, 0.20703212686039396, 0.2025902055913702, -0.9040175743641143, -0.5934017108116247, -0.5690431815880428, 0.2649943403028432, -0.7020411678048637, -0.5832240359072518, 0.9146842982593387, -0.4614039809496122, -0.17501024562491008, 0.2687103505485261, 0.8705088438837016, 0.6270321569970867, 0.10236063830628739, 0.3133248420346939, -0.8030998393314377, 0.16362832769702035, -0.07009212569002583, -0.1957637316835966, -0.014970862513305191, 0.8488166716981491, 0.6196743450251109, -0.19938801331249575, 0.7490624141649695, -0.6343228671345463, 0.4388402528600438, -0.26895422768036137, 0.40033874214475285, 0.44788824868803856, -0.52802713349229, -0.3599638693791629, -0.6272053184280103, 0.5279824812538729, 0.1851188838133084, 0.3966986925032876, 0.5965232321068277, -0.3013070999789276, 0.8237159547171544, 0.864625092657715, 0.6134462244192007, 0.3171853802426484, -0.05603285654256946, -0.7621339457807464]
1019.9998779296875	(8, 12, 2)	[0.742313324264777, -0.28427533561708607, 0.2182987168249002, -0.09531241901804946, -0.4338617707953577, -1.0, 0.3111028558130468, -0.7492446626243818, 0.13793488647411425, 0.6448361230912264, 0.0818567379601749, 0.2603803547625414, -0.6867378137804099, -0.8511119759916204, -0.6133028541313277, 0.1171157653331465, 0.5550691134685535, -0.9762999387045985, 0.3734477484997507, 0.23979492777129524, 0.20878113333042458, 0.18452670924307557, 1.0, -0.16661951057738067, 0.12873322041311347, 0.7829304995429991, -0.9706641226819231, -0.11788601765077655, 0.5572141083736853, 0.28611210661851305, 0.3491274491816343, 0.8526637952281662, -0.6832115294321426, -0.19628756508410872, -0.5709013474932282, 0.6306808580088703, 1.0, 0.021931446359288786, -0.06424947321571972, 0.061753526994191565, 0.41650735430645597, 0.566778049188498, 1.0, 0.6754771516492217, -0.3569135626238147, -0.46638920438523357, 0.8493926685256523, -0.6936786923556049, -0.3446535548748906, 0.8669564268181459, -0.22674165368339994, -0.5251511617821352, -0.3368601882993836, 0.638281825228487, 0.8426025775427437, -0.4883132871496303, -0.24014850370436247, -0.8967542057014093, -0.782545039339179, 0.5991273886406527, -0.3667538516851159, -0.8533084436476416, 0.6541130148532428, -0.8033187231826986, 0.42039615967982247, -0.6786583725831596, -0.18502623341220514, -0.7065078291741571, 0.8611509101378946, 0.207422217529329, 0.6208581095608714, 0.7589128527347724, -0.44898008437421244, 0.14039182999617605, 1.0, -0.6920819845862356, 0.8589461522310997, 0.2025902055913702, -0.9696550441733209, -0.5934017108116247, -0.6484105547460745, 0.23837077813934582, -0.7020411678048637, -0.5832240359072518, 0.9741562023359698, -0.4614039809496122, -0.17501024562491008, 0.19309541097507288, 0.8705088438837016, 0.4507074746020402, 0.10236063830628739, 0.3133248420346939, -0.8030998393314377, 0.0861094128821217, -0.07009212569002583, -0.2942931642912079, -0.014970862513305191, 0.8918077170943689, 0.6196743450251109, -0.28697765570904044, 0.7184015837599997, -0.697737690061002, 0.5609578822692163, 0.4436163921064504, -0.200675980129414, 0.44788824868803856, -0.52802713349229, -0.3599638693791629, -0.6272053184280103, 0.5279824812538729, 0.1851188838133084, 0.3966986925032876, 0.5965232321068277, -0.3013070999789276, 0.7658162531547236, 0.864625092657715, 0.4910553671580953, 0.3171853802426484, -0.05603285654256946, -0.7621339457807464]
1019.9999389648438	(8, 12, 2)	[0.7514581811974685, -0.28427533561708607, 0.2182987168249002, -0.09531241901804946, -0.4387238590748581, -1.0, 0.30989594073877264, -0.5508053898866289, 0.4609268530553774, 0.6448361230912264, 0.0818567379601749, 0.2603803547625414, -0.7782563411275956, -0.8511119759916204, -0.6663441731474731, 0.16619780162927775, 0.8506138402682412, -0.9762999387045985, 0.3734477484997507, 0.18471645841007545, 0.20878113333042458, 0.1319422067390689, 1.0, -0.16661951057738067, 0.12873322041311347, 0.7829304995429991, -0.9706641226819231, -0.11788601765077655, 0.5384421171025455, 0.28611210661851305, 0.23894201826643235, 0.9813231014716939, -0.6832115294321426, -0.19628756508410872, -0.36101691402053643, 0.6069182406659837, 0.8969616141733676, 0.021931446359288786, -0.03475107238384689, 0.061753526994191565, 0.41650735430645597, 0.566778049188498, 0.8145366123118027, 0.7006901805167798, -0.3569135626238147, -0.46638920438523357, 0.8493926685256523, -0.6936786923556049, 0.3176212766982611, 0.8326135233154729, 0.20067320797683053, -0.5251511617821352, -0.3368601882993836, 0.638281825228487, 0.6430108512072485, 0.9038785260621018, -0.24014850370436247, -0.8967542057014093, -0.782545039339179, 0.4534926711818741, -0.3667538516851159, -0.6548602350027604, 0.6541130148532428, -0.7198912457575568, 0.42039615967982247, -0.594053522032583, -0.3247879927099284, -0.7065078291741571, 0.780543396583829, 0.011038513462978933, 0.8962261657346029, 1.0, -0.29095931889252435, 0.14039182999617605, 1.0, -0.6920819845862356, 0.1905949683585913, 0.2025902055913702, -0.9040175743641143, -0.35215486863978696, -0.6658015989317634, 0.24809970935887127, -0.7426183874128818, -0.5832240359072518, 0.9741562023359698, -0.4614039809496122, -0.17501024562491008, 0.19309541097507288, 0.8705088438837016, 0.4507074746020402, 0.10236063830628739, 0.3133248420346939, -0.9646091193903249, 0.16362832769702035, -0.14830996971006027, -0.1957637316835966, -0.014970862513305191, 0.8488166716981491, 0.6196743450251109, -0.28697765570904044, 0.7490624141649695, -0.6343228671345463, 0.5609578822692163, 0.50784795274819, 0.40033874214475285, 0.2948990349599298, -0.2928316505826989, -0.3748759094364394, -0.6272053184280103, 0.5279824812538729, -0.011582670152958247, 0.3966986925032876, 0.5965232321068277, -0.3013070999789276, 0.7658162531547236, 0.864625092657715, 0.4910553671580953, 0.3171853802426484, -0.05603285654256946, -0.7621339457807464]
1019.9998779296875	(8, 12, 2)	[0.7514581811974685, -0.28427533561708607, 0.2182987168249002, -0.09531241901804946, -0.4387238590748581, -1.0, 0.30989594073877264, -0.5508053898866289, 0.4609268530553774, 0.6448361230912264, 0.0818567379601749, 0.2603803547625414, -0.7782563411275956, -0.8511119759916204, -0.6663441731474731, 0.16619780162927775, 0.8506138402682412, -0.9762999387045985, 0.3734477484997507, 0.18471645841007545, 0.20878113333042458, 0.1319422067390689, 1.0, -0.16661951057738067, 0.12873322041311347, 0.7829304995429991, -0.9706641226819231, -0.11788601765077655, 0.5384421171025455, 0.28611210661851305, 0.23894201826643235, 0.9813231014716939, -0.6832115294321426, -0.19628756508410872, -0.36101691402053643, 0.6069182406659837, 0.8969616141733676, 0.021931446359288786, -0.03475107238384689, 0.061753526994191565, 0.41650735430645597, 0.566778049188498, 0.8145366123118027, 0.7006901805167798, -0.3569135626238147, -0.46638920438523357, 0.8493926685256523, -0.6936786923556049, 0.3176212766982611, 0.8326135233154729, 0.20067320797683053, -0.5251511617821352, -0.3368601882993836, 0.638281825228487, 0.6430108512072485, 0.9038785260621018, -0.24014850370436247, -0.8967542057014093, -0.782545039339179, 0.4534926711818741, -0.3667538516851159, -0.6548602350027604, 0.6541130148532428, -0.7198912457575568, 0.42039615967982247, -0.594053522032583, -0.3247879927099284, -0.7065078291741571, 0.780543396583829, 0.011038513462978933, 0.8962261657346029, 1.0, -0.29095931889252435, 0.14039182999617605, 1.0, -0.6920819845862356, 0.1905949683585913, 0.2025902055913702, -0.9040175743641143, -0.35215486863978696, -0.6658015989317634, 0.24809970935887127, -0.7426183874128818, -0.5832240359072518, 0.9741562023359698, -0.4614039809496122, -0.17501024562491008, 0.19309541097507288, 0.8705088438837016, 0.4507074746020402, 0.10236063830628739, 0.3133248420346939, -0.9646091193903249, 0.16362832769702035, -0.14830996971006027, -0.1957637316835966, -0.014970862513305191, 0.8488166716981491, 0.6196743450251109, -0.28697765570904044, 0.7490624141649695, -0.6343228671345463, 0.5609578822692163, 0.50784795274819, 0.40033874214475285, 0.2948990349599298, -0.2928316505826989, -0.3748759094364394, -0.6272053184280103, 0.5279824812538729, -0.011582670152958247, 0.3966986925032876, 0.5965232321068277, -0.3013070999789276, 0.7658162531547236, 0.864625092657715, 0.4910553671580953, 0.3171853802426484, -0.05603285654256946, -0.7621339457807464]
1019.9998168945312	(8, 12, 2)	[0.7514581811974685, -0.28427533561708607, 0.2182987168249002, -0.09531241901804946, -0.4387238590748581, -0.8139968714396073, 0.30989594073877264, -0.4325802101270337, 0.277428828807676, 0.8080305955696016, 0.13084983583055002, 0.2603803547625414, -0.8487985625041988, -0.8511119759916204, -0.6133028541313277, 0.12497850719072624, 0.8506138402682412, -0.9393882081754099, 0.3734477484997507, 0.23979492777129524, 0.20878113333042458, 0.3400020225261968, 0.9399969924544687, -0.16661951057738067, 0.12873322041311347, 0.7829304995429991, -0.9706641226819231, -0.11788601765077655, 0.5572141083736853, 0.28611210661851305, 0.3491274491816343, 0.8526637952281662, -0.6832115294321426, -0.19628756508410872, -0.36101691402053643, 0.6306808580088703, 1.0, 0.021931446359288786, 0.05170165812010506, 0.07012131004038318, -0.15601886495626396, 0.566778049188498, 0.8145366123118027, 0.7913808426410426, -0.3569135626238147, -0.45149857393848086, 0.8493926685256523, -0.6596443122312429, -0.3446535548748906, 0.7876931435622272, 0.20067320797683053, -0.5251511617821352, -0.3368601882993836, 0.638281825228487, 0.8130157523028323, -0.4883132871496303, 0.31959979144408523, -0.8967542057014093, -0.6676272524822344, 0.5991273886406527, -0.3667538516851159, -0.6548602350027604, 0.6541130148532428, -0.7198912457575568, 0.5168590719622936, -0.6786583725831596, -0.18502623341220514, -0.7065078291741571, 0.8317137491064771, 0.207422217529329, 0.9057799896017867, 0.7589128527347724, -0.5039956745670537, 0.14039182999617605, 0.8687984749911615, -0.6920819845862356, 0.1905949683585913, 0.3707233251400823, -0.9040175743641143, -0.7843446631442712, -0.6658015989317634, 0.23837077813934582, -0.7020411678048637, -0.5832240359072518, 0.9741562023359698, -0.4614039809496122, -0.17501024562491008, 0.19309541097507288, 0.8705088438837016, 0.4507074746020402, 0.10236063830628739, 0.3133248420346939, -0.9646091193903249, -0.37759414529916513, -0.07009212569002583, -0.2942931642912079, -0.014970862513305191, 0.8918077170943689, 0.6196743450251109, -0.19938801331249575, 0.7490624141649695, -0.6343228671345463, 0.09097440793639633, 0.4436163921064504, 0.37005490904396643, 0.44788824868803856, -0.45702993166819933, -0.3599638693791629, -0.6272053184280103, 0.5279824812538729, -0.011582670152958247, 0.3966986925032876, 0.5965232321068277, -0.3013070999789276, 0.8237159547171544, 0.864625092657715, 0.4910553671580953, 0.3171853802426484, -0.05603285654256946, -0.7621339457807464]
1020.0	(8, 12, 2)	[0.7514581811974685, -0.28427533561708607, 0.21254935247253023, -0.09531241901804946, -0.4387238590748581, -0.8139968714396073, 0.3111028558130468, -0.4325802101270337, 0.4609268530553774, 0.8080305955696016, 0.13084983583055002, 0.2603803547625414, -0.8487985625041988, -0.8511119759916204, -0.6133028541313277, 0.12497850719072624, 0.813148594024625, -0.9762999387045985, 0.3734477484997507, 0.23979492777129524, 0.20878113333042458, 0.3400020225261968, 0.9399969924544687, -0.16661951057738067, 0.12873322041311347, 0.7829304995429991, -0.9706641226819231, -0.11788601765077655, 0.6696579778779442, 0.28611210661851305, 0.3491274491816343, 0.8526637952281662, -0.6832115294321426, -0.19628756508410872, -0.36101691402053643, 0.6306808580088703, 1.0, 0.021931446359288786, -0.03475107238384689, 0.07012131004038318, 0.41650735430645597, 0.566778049188498, 0.8145366123118027, 0.7006901805167798, -0.3569135626238147, -0.45149857393848086, 0.8493926685256523, -0.6936786923556049, -0.3446535548748906, 0.7876931435622272, 0.20067320797683053, -0.5251511617821352, -0.3368601882993836, 0.638281825228487, 0.8426025775427437, 0.9038785260621018, 0.31959979144408523, -0.8967542057014093, -0.782545039339179, 0.4534926711818741, -0.3667538516851159, -0.6548602350027604, 0.6541130148532428, -0.7198912457575568, 0.2918656075013215, -0.6786583725831596, -0.18502623341220514, -0.7065078291741571, 0.8611509101378946, 0.07597898616734576, -0.5267541439797394, 1.0, -0.29095931889252435, 0.14039182999617605, 0.8687984749911615, -0.6920819845862356, 0.2938521393027722, 0.2025902055913702, -0.9040175743641143, -0.5934017108116247, -0.6658015989317634, 0.23837077813934582, -0.6697295763392362, -0.5832240359072518, 0.9741562023359698, -0.4614039809496122, -0.17501024562491008, 0.2687103505485261, 0.8705088438837016, 0.4507074746020402, 0.10236063830628739, 0.3133248420346939, -0.8030998393314377, -0.40217258760369884, -0.07009212569002583, -0.2942931642912079, -0.014970862513305191, 0.8918077170943689, 0.6196743450251109, -0.19938801331249575, 0.7184015837599997, -0.6343228671345463, 0.09097440793639633, 0.4436163921064504, 0.37005490904396643, 0.23421930422691195, -0.45702993166819933, -0.3599638693791629, 0.8060570493974959, 0.48565692670973837, -0.011582670152958247, 0.3966986925032876, 0.5965232321068277, -0.3013070999789276, 0.8237159547171544, 0.864625092657715, 0.4910553671580953, 0.3171853802426484, -0.05603285654256946, -0.7621339457807464]
1019.999755859375	(8, 12, 2)	[0.7514581811974685, -0.4118646486747102, 0.21254935247253023, -0.09531241901804946, -0.4338617707953577, -1.0, 0.30989594073877264, -0.5273306762053167, 0.4609268530553774, 0.6448361230912264, 0.0818567379601749, 0.2603803547625414, -0.8487985625041988, -0.8511119759916204, -0.6133028541313277, 0.1171157653331465, 0.8506138402682412, -1.0, 0.4736685199792094, 0.0657440826076734, 0.20878113333042458, 0.1319422067390689, 0.9399969924544687, -0.23430692297254696, 0.12873322041311347, 0.7829304995429991, -0.9706641226819231, -0.11788601765077655, 0.5384421171025455, 0.28611210661851305, 0.3491274491816343, 0.9813231014716939, -0.6832115294321426, -0.19628756508410872, -0.2945155802110757, 0.6069182406659837, 1.0, 0.021931446359288786, -0.06424947321571972, 0.07714736980996086, 0.41650735430645597, 0.566778049188498, 0.8145366123118027, 0.784662334115603, -0.3569135626238147, -0.34435715908617354, 1.0, -0.6936786923556049, 0.3176212766982611, 0.6004992233405301, 0.20067320797683053, -0.5251511617821352, -0.3368601882993836, 0.638281825228487, 0.5732227529341126, 0.9038785260621018, -0.24014850370436247, -1.0, -0.782545039339179, 0.6993090575448253, -0.3667538516851159, -0.6548602350027604, 0.6541130148532428, -0.7198912457575568, 0.2918656075013215, -0.6786583725831596, -0.3247879927099284, -0.7065078291741571, 0.8317137491064771, 0.207422217529329, 0.6208581095608714, 0.7589128527347724, -0.44898008437421244, 0.14039182999617605, 0.8687984749911615, -0.6920819845862356, 0.13953745290618003, 0.2025902055913702, -0.9696550441733209, -0.7843446631442712, -0.5690431815880428, 0.2649943403028432, -0.6628197444053047, -0.5832240359072518, 0.9146842982593387, 0.13521173489177274, -0.09265933141218038, 0.11037848609374745, 0.21779540360259064, 0.4507074746020402, 0.10236063830628739, 0.3133248420346939, -0.9510538792648271, -0.37759414529916513, -0.07009212569002583, -0.1957637316835966, -0.09371784550351259, 1.0, 0.6196743450251109, -0.28697765570904044, 0.7252866327202226, -0.6343228671345463, 0.09097440793639633, 0.4436163921064504, 0.40033874214475285, 0.07460499317677594, -0.2102233889065374, -0.350475425060463, 0.8060570493974959, 0.5279824812538729, -0.011582670152958247, 0.3966986925032876, 0.5965232321068277, -0.3013070999789276, 0.8237159547171544, 0.864625092657715, 0.6585665598822465, 0.9908438278674818, -0.1838520544189255, -0.7621339457807464]
1019.9998779296875	(8, 12, 2)	[0.7130533054316704, -0.28427533561708607, 0.2182987168249002, -0.09531241901804946, -0.4338617707953577, -0.8139968714396073, 0.3111028558130468, -0.5508053898866289, 0.4609268530553774, 0.6448361230912264, 0.0818567379601749, 0.2603803547625414, -0.8487985625041988, -0.8511119759916204, -0.6133028541313277, 0.12497850719072624, 0.8506138402682412, -0.9762999387045985, 0.3734477484997507, 0.014701020980586677, 0.20878113333042458, 0.18452670924307557, 1.0, -0.16661951057738067, 0.3208832234424671, 0.7829304995429991, -0.9706641226819231, -0.11788601765077655, 0.5384421171025455, 0.28611210661851305, 0.23894201826643235, 0.7422385742744757, -0.6832115294321426, -0.19628756508410872, -0.38375241532956433, 0.6306808580088703, 0.8969616141733676, 0.04362835940067449, -0.03475107238384689, 0.061753526994191565, 0.41650735430645597, 0.566778049188498, 1.0, 0.7006901805167798, -0.3569135626238147, -0.46638920438523357, 1.0, -0.702155976511639, 0.3176212766982611, 0.7876931435622272, 0.3598870499809729, -0.5251511617821352, -0.3368601882993836, 0.638281825228487, 0.8426025775427437, -0.4883132871496303, -0.24014850370436247, -0.8967542057014093, -0.782545039339179, 0.5991273886406527, -0.3667538516851159, -0.6946361444525143, 0.6541130148532428, -0.7198912457575568, 0.5168590719622936, -0.6786583725831596, -0.3247879927099284, -0.7065078291741571, 0.8317137491064771, 0.207422217529329, 0.6208581095608714, 0.7589128527347724, -0.44898008437421244, 0.14039182999617605, 1.0, -0.6920819845862356, 0.8589461522310997, 0.2025902055913702, -0.9040175743641143, -0.7843446631442712, -0.5690431815880428, 0.23837077813934582, -0.7020411678048637, -0.4964496279597203, 0.9741562023359698, -0.4614039809496122, -0.17501024562491008, 0.19309541097507288, 0.8705088438837016, 0.4507074746020402, 0.10236063830628739, 0.3133248420346939, -0.9646091193903249, 0.16362832769702035, -0.07009212569002583, -0.2942931642912079, -0.09371784550351259, 0.8488166716981491, 0.6196743450251109, -0.28697765570904044, 0.7184015837599997, 0.6235741111030084, 0.09097440793639633, 0.4436163921064504, 0.40033874214475285, 0.2948990349599298, -0.39206632698692623, -0.3599638693791629, 0.8060570493974959, 0.5279824812538729, 0.10115165756768532, 0.3966986925032876, 0.5705417997828981, -0.3013070999789276, 0.7658162531547236, 0.864625092657715, 0.4910553671580953, 0.3171853802426484, -0.05603285654256946, -0.7621339457807464]
1019.9999389648438	(8, 12, 2)	[0.7130533054316704, -0.4118646486747102, 0.2182987168249002, -0.09531241901804946, -0.3326868188808149, -1.0, 0.30989594073877264, -0.7492446626243818, 0.4609268530553774, 0.6448361230912264, 0.0818567379601749, 0.2603803547625414, -0.8487985625041988, -0.8511119759916204, -0.6133028541313277, 0.12497850719072624, 0.8506138402682412, -0.9762999387045985, 0.3734477484997507, 0.0657440826076734, 0.20878113333042458, 0.3400020225261968, 0.9037130522294908, -0.16661951057738067, 0.12873322041311347, 0.7829304995429991, -0.9843807348275044, -0.10464978502612476, 0.5384421171025455, 0.28611210661851305, 0.3491274491816343, 0.8526637952281662, -0.6832115294321426, -0.19628756508410872, -0.38375241532956433, 0.6306808580088703, 1.0, 0.021931446359288786, -0.06424947321571972, 0.006075254342292967, -0.15601886495626396, 0.566778049188498, 0.8145366123118027, 0.8383737759749296, -0.3569135626238147, -0.45149857393848086, 1.0, -0.6936786923556049, 0.3176212766982611, 0.7876931435622272, 0.20067320797683053, -0.5251511617821352, -0.3368601882993836, 0.638281825228487, 0.8426025775427437, -0.4883132871496303, 0.31959979144408523, -0.8967542057014093, -0.782545039339179, 0.4534926711818741, -0.7415992058438279, -0.6548602350027604, 0.6541130148532428, -0.7198912457575568, 0.42039615967982247, -0.6786583725831596, -0.18502623341220514, -0.5977278516032978, 0.8611509101378946, 0.011038513462978933, 0.6208581095608714, 1.0, -0.44898008437421244, 0.14039182999617605, 0.8687984749911615, -0.9587715507029445, 0.8589461522310997, 0.2025902055913702, -0.9040175743641143, -0.7843446631442712, -0.5452609501001214, 0.2649943403028432, -0.7596601981212315, -0.5832240359072518, 0.9741562023359698, -0.4614039809496122, -0.17501024562491008, 0.15119095185914316, 0.8705088438837016, 0.7272187122862616, 0.10236063830628739, 0.28380556199184614, -0.8030998393314377, -0.37759414529916513, -0.14830996971006027, -0.1957637316835966, -0.014970862513305191, 0.8488166716981491, 0.7342751230751579, -0.4527990119831078, 0.7490624141649695, -0.6343228671345463, 0.09097440793639633, 0.5111937198696992, 0.40033874214475285, 0.23421930422691195, -0.52802713349229, -0.3748759094364394, 0.8060570493974959, 0.5279824812538729, -0.011582670152958247, 0.47893708403732904, 0.5965232321068277, -0.3013070999789276, 0.8237159547171544, 0.864625092657715, 0.4910553671580953, 0.9908438278674818, -0.05603285654256946, -0.7621339457807464]
1019.9998168945312	(8, 12, 2)	[0.7130533054316704, -0.4118646486747102, 0.2182987168249002, -0.09531241901804946, -0.4387238590748581, -1.0, 0.3111028558130468, -0.7492446626243818, 0.4609268530553774, 0.7096729214850802, 0.0818567379601749, 0.2603803547625414, -0.6867378137804099, -0.8511119759916204, -0.6133028541313277, 0.12497850719072624, 0.8506138402682412, -0.9762999387045985, 0.3734477484997507, 0.19915918582784692, 0.20878113333042458, 0.1319422067390689, 1.0, -0.16661951057738067, 0.12873322041311347, 0.7829304995429991, -0.9706641226819231, -0.02552979375266269, 0.6696579778779442, 0.28611210661851305, 0.3491274491816343, 0.7422385742744757, -0.6832115294321426, -0.19628756508410872, -0.563512339833775, 0.6306808580088703, 1.0, 0.021931446359288786, -0.06424947321571972, 0.061753526994191565, 0.41650735430645597, 0.6107953306045554, 1.0, 0.7006901805167798, -0.3569135626238147, -0.46638920438523357, 0.8493926685256523, -0.702155976511639, -0.49824927374226824, 0.7876931435622272, 0.20067320797683053, -0.5251511617821352, -0.3368601882993836, 0.638281825228487, 0.5732227529341126, -0.4883132871496303, -0.24014850370436247, -0.8967542057014093, -0.782545039339179, 0.5991273886406527, -0.3667538516851159, -0.6548602350027604, 0.6534731078021334, -0.7198912457575568, 0.2918656075013215, -0.6786583725831596, -0.3247879927099284, -0.7065078291741571, 0.780543396583829, 0.011038513462978933, 0.6208581095608714, 0.7589128527347724, -0.44898008437421244, 0.14039182999617605, 0.8687984749911615, -0.6920819845862356, 0.20703212686039396, 0.2025902055913702, -0.9040175743641143, -0.7843446631442712, -0.5690431815880428, 0.2849387117651143, -0.7020411678048637, -0.5832240359072518, 0.9741562023359698, -0.4614039809496122, -0.17501024562491008, 0.19309541097507288, 0.8705088438837016, 0.4507074746020402, 0.13718778681794974, 0.3133248420346939, -0.8030998393314377, 0.09652817721357879, -0.07009212569002583, -0.2942931642912079, -0.014970862513305191, 0.8488166716981491, 0.7148001233260594, -0.28697765570904044, 0.7252866327202226, -0.7764608353792963, 0.09097440793639633, 0.4436163921064504, 0.40033874214475285, 0.19555538438601552, -0.45702993166819933, -0.3599638693791629, 0.8060570493974959, 0.5279824812538729, -0.011582670152958247, 0.3966986925032876, 0.5802311995061513, -0.3013070999789276, 0.7658162531547236, 0.864625092657715, 0.4910553671580953, 0.9908438278674818, -0.038935368427051475, -0.9932025601031023]
1019.9999389648438	(8, 12, 2)	[0.7130533054316704, -0.4118646486747102, 0.3023833003781874, -0.09531241901804946, -0.4387238590748581, -0.8139968714396073, 0.3111028558130468, -0.7492446626243818, 0.4609268530553774, 0.7096729214850802, 0.0818567379601749, 0.2603803547625414, -0.7782563411275956, -0.8511119759916204, -0.6133028541313277, 0.22372200686578425, 0.8506138402682412, -1.0, 0.25886853997155385, 0.19915918582784692, 0.20878113333042458, 0.1319422067390689, 1.0, -0.16661951057738067, 0.12873322041311347, 0.7829304995429991, -0.9706641226819231, -0.11788601765077655, 0.5384421171025455, 0.28611210661851305, 0.3491274491816343, 0.8526637952281662, -0.6832115294321426, -0.16736578360284687, -0.36101691402053643, 0.6306808580088703, 1.0, 0.021931446359288786, -0.06424947321571972, 0.061753526994191565, 0.41650735430645597, 0.566778049188498, 1.0, 0.7006901805167798, -0.3569135626238147, -0.46638920438523357, 0.8493926685256523, -0.702155976511639, 0.3176212766982611, 0.7876931435622272, -0.22674165368339994, -0.5251511617821352, -0.3368601882993836, 0.5983716538019485, 0.8130157523028323, -0.4883132871496303, -0.24014850370436247, -0.8967542057014093, -0.782545039339179, 0.5991273886406527, -0.3667538516851159, -0.6548602350027604, 0.6541130148532428, -0.7198912457575568, 0.2918656075013215, -0.6786583725831596, -0.3247879927099284, -0.7065078291741571, 0.780543396583829, 0.011038513462978933, 0.6208581095608714, 0.7589128527347724, -0.44898008437421244, 0.1619668101589824, 0.8687984749911615, -0.6920819845862356, 0.20703212686039396, 0.2025902055913702, -0.9040175743641143, -0.5934017108116247, -0.5690431815880428, 0.2849387117651143, -0.7020411678048637, -0.5832240359072518, 0.9741562023359698, 0.13521173489177274, -0.17501024562491008, 0.15119095185914316, 0.9529543113112238, 0.4507074746020402, 0.10236063830628739, 0.3133248420346939, -0.8030998393314377, 0.09652817721357879, -0.07009212569002583, -0.2942931642912079, -0.09371784550351259, 0.8488166716981491, 0.7148001233260594, -0.3442559096356786, 0.7184015837599997, -0.6343228671345463, 0.12950937648950236, 0.4436163921064504, 0.40033874214475285, 0.19555538438601552, -0.45702993166819933, -0.3599638693791629, 0.8060570493974959, 0.5962222589999057, 0.08176209472207671, 0.3966986925032876, 0.5965232321068277, -0.3013070999789276, 0.8237159547171544, 0.864625092657715, 0.4910553671580953, 0.9908438278674818, -0.038935368427051475, -0.9932025601031023]
1019.9999389648438	(8, 12, 2)	[0.7130533054316704, -0.4118646486747102, 0.2182987168249002, -0.09531241901804946, -0.4387238590748581, -0.8139968714396073, 0.3111028558130468, -0.5508053898866289, 0.4609268530553774, 0.6448361230912264, 0.0818567379601749, 0.2603803547625414, -0.8487985625041988, -0.8511119759916204, -0.6133028541313277, 0.12497850719072624, 0.8506138402682412, -0.9762999387045985, 0.3734477484997507, 0.23979492777129524, 0.20878113333042458, 0.1319422067390689, 0.9037130522294908, -0.23430692297254696, 0.12873322041311347, 0.7829304995429991, -0.9706641226819231, -0.08363401477563492, 0.6696579778779442, 0.28611210661851305, 0.23894201826643235, 0.8526637952281662, -0.6832115294321426, -0.06914883824585422, -0.36101691402053643, 0.6306808580088703, 1.0, 0.04362835940067449, -0.06424947321571972, 0.061753526994191565, -0.15601886495626396, 0.566778049188498, 1.0, 0.7489801215448639, -0.3569135626238147, -0.46638920438523357, 0.8493926685256523, -0.6936786923556049, 0.3176212766982611, 0.7876931435622272, -0.22674165368339994, -0.5251511617821352, -0.3368601882993836, 0.638281825228487, 0.5732227529341126, -0.4883132871496303, -0.24014850370436247, -0.8967542057014093, -0.49868001515980004, 0.5991273886406527, -0.3667538516851159, -0.6548602350027604, 0.6541130148532428, -0.7198912457575568, 0.2918656075013215, -0.5757666273198982, -0.3247879927099284, -0.7065078291741571, 0.8317137491064771, 0.011038513462978933, 0.6208581095608714, 0.7589128527347724, -0.44898008437421244, 0.14039182999617605, 0.9482164193298396, -0.6920819845862356, 0.2938521393027722, 0.2025902055913702, -0.877407070108165, -0.7843446631442712, -0.5452609501001214, 0.22572257659684952, -0.7020411678048637, -0.5620041185738154, 0.9741562023359698, -0.4614039809496122, -0.17501024562491008, 0.19309541097507288, 0.8705088438837016, 0.5551470902687998, 0.10236063830628739, 0.3133248420346939, -0.9646091193903249, 0.09652817721357879, -0.14830996971006027, -0.2942931642912079, -0.014970862513305191, 0.8488166716981491, 0.6196743450251109, -0.19938801331249575, 0.7490624141649695, -0.6343228671345463, 0.4388402528600438, 0.4436163921064504, 0.40033874214475285, 0.2948990349599298, -0.30907427399561804, -0.3748759094364394, -0.6272053184280103, 0.5279824812538729, -0.011582670152958247, 0.3966986925032876, 0.7403098701225388, -0.3013070999789276, 0.7658162531547236, 0.864625092657715, 0.6483801461298483, 0.3171853802426484, -0.038935368427051475, -0.9932025601031023]
1019.9999389648438	(8, 12, 2)	[0.7130533054316704, -0.4118646486747102, 0.2182987168249002, -0.09531241901804946, -0.4387238590748581, -0.8139968714396073, 0.3111028558130468, -0.7492446626243818, 0.4609268530553774, 0.6448361230912264, 0.0818567379601749, 0.2603803547625414, -0.8487985625041988, -0.8511119759916204, -0.6133028541313277, 0.22372200686578425, 0.8506138402682412, -0.9762999387045985, 0.3734477484997507, 0.014701020980586677, 0.20878113333042458, 0.1319422067390689, 0.8463765282245908, -0.16661951057738067, 0.3208832234424671, 0.7829304995429991, -0.9706641226819231, -0.11788601765077655, 0.5384421171025455, 0.28611210661851305, 0.23894201826643235, 0.8526637952281662, -0.6832115294321426, -0.16736578360284687, -0.36101691402053643, 0.6306808580088703, 0.8969616141733676, 0.04362835940067449, -0.03475107238384689, 0.061753526994191565, -0.15601886495626396, 0.566778049188498, 0.8145366123118027, 0.7006901805167798, -0.07899345691194584, -0.46638920438523357, 0.8493926685256523, -0.6936786923556049, -0.49824927374226824, 0.5073392499279449, -0.22674165368339994, -0.5251511617821352, -0.3368601882993836, 0.638281825228487, 0.5732227529341126, -0.4883132871496303, -0.24014850370436247, -0.8967542057014093, -0.782545039339179, 0.5991273886406527, -0.3667538516851159, -0.6548602350027604, 0.6534731078021334, -0.7198912457575568, 0.5043897835428395, -0.6495400571849698, -0.3247879927099284, -0.7065078291741571, 0.780543396583829, 0.011038513462978933, 0.6208581095608714, 1.0, -0.29095931889252435, 0.14039182999617605, 1.0, -0.9587715507029445, 0.009724514233016623, 0.2025902055913702, -0.9040175743641143, -0.6199339648039176, -0.5690431815880428, 0.22572257659684952, -0.7426183874128818, -0.4964496279597203, 0.9184913072962506, -0.4614039809496122, -0.17501024562491008, 0.19309541097507288, 0.8705088438837016, 0.4507074746020402, 0.10236063830628739, 0.3133248420346939, -0.9646091193903249, -0.4458971084218433, -0.07009212569002583, -0.0406008463026227, -0.09371784550351259, 0.8488166716981491, 0.6196743450251109, -0.28697765570904044, 0.7184015837599997, -0.7764608353792963, 0.09097440793639633, -0.26895422768036137, 0.40033874214475285, 0.19555538438601552, -0.52802713349229, -0.309897677472578, -0.6272053184280103, 0.5279824812538729, 0.1851188838133084, 0.3966986925032876, 0.5802311995061513, -0.3013070999789276, 0.7658162531547236, 0.864625092657715, 0.4910553671580953, 0.9908438278674818, -0.05603285654256946, -0.7621339457807464]
1019.9998779296875	(8, 12, 2)	[0.742313324264777, -0.4118646486747102, 0.2182987168249002, -0.09531241901804946, -0.4338617707953577, -1.0, 0.30989594073877264, -0.7492446626243818, 0.4609268530553774, 0.6448361230912264, 0.0818567379601749, 0.2603803547625414, -0.8487985625041988, -0.8511119759916204, -0.6133028541313277, 0.12497850719072624, 0.8506138402682412, -0.9762999387045985, 0.3734477484997507, 0.0695108270667408, 0.20878113333042458, 0.1319422067390689, 0.9037130522294908, -0.16661951057738067, 0.12873322041311347, 0.7829304995429991, -0.9706641226819231, -0.11788601765077655, 0.5384421171025455, 0.28611210661851305, 0.3491274491816343, 0.9813231014716939, -0.5639762346982538, -0.19628756508410872, -0.2966653470103968, 0.6069182406659837, 1.0, 0.04362835940067449, -0.06424947321571972, 0.07012131004038318, -0.15601886495626396, 0.566778049188498, 1.0, 0.8383737759749296, -0.07899345691194584, -0.46638920438523357, 0.9182507132648543, -0.6596443122312429, 0.3176212766982611, 0.8669564268181459, -0.22674165368339994, -0.5251511617821352, -0.3368601882993836, 0.638281825228487, 0.5732227529341126, -0.65922408246845, 0.31959979144408523, -0.8967542057014093, -0.6848596918269062, 0.8791193792048886, -0.3667538516851159, -0.974993917864363, 0.6541130148532428, -0.7198912457575568, 0.42039615967982247, -0.6495400571849698, -0.3247879927099284, -0.5977278516032978, 0.780543396583829, 0.011038513462978933, 0.6208581095608714, 1.0, -0.5039956745670537, 0.14039182999617605, 1.0, -0.8635794570875474, 0.2938521393027722, 0.2025902055913702, -0.9040175743641143, -0.5934017108116247, -0.5690431815880428, 0.22572257659684952, -0.7020411678048637, -0.5759857439718928, 0.9146842982593387, 0.13521173489177274, -0.17501024562491008, 0.19309541097507288, 0.8705088438837016, 0.4507074746020402, 0.10236063830628739, 0.3133248420346939, -0.9510538792648271, 0.11456992985371109, -0.07009212569002583, -0.1957637316835966, -0.09371784550351259, 0.8488166716981491, 0.6561579822487391, -0.4527990119831078, 0.7184015837599997, -0.6343228671345463, 0.09097440793639633, 0.4436163921064504, 0.22295658408583122, 0.44788824868803856, -0.2928316505826989, -0.3599638693791629, 0.8060570493974959, 0.5279824812538729, 0.10115165756768532, 0.3966986925032876, 0.5965232321068277, -0.3013070999789276, 0.7658162531547236, 0.5352389801513149, 0.6585665598822465, 0.9908438278674818, -0.05603285654256946, -0.7621339457807464]
1019.999755859375	(8, 12, 2)	[0.742313324264777, -0.4118646486747102, 0.2182987168249002, -0.09531241901804946, -0.4387238590748581, -1.0, 0.3111028558130468, -0.7492446626243818, 0.4609268530553774, 0.7096729214850802, 0.0818567379601749, 0.2603803547625414, -0.8487985625041988, -0.8511119759916204, -0.6663441731474731, 0.22372200686578425, 0.8506138402682412, -0.9762999387045985, 0.3734477484997507, 0.0657440826076734, 0.20878113333042458, 0.1319422067390689, 1.0, -0.16661951057738067, 0.12873322041311347, 0.7829304995429991, -0.9843807348275044, -0.08363401477563492, 0.5572141083736853, 0.28611210661851305, 0.3491274491816343, 0.8526637952281662, -0.6832115294321426, -0.16736578360284687, -0.36101691402053643, 0.6846726397898417, 0.9443888766602037, 0.021931446359288786, -0.06424947321571972, 0.006075254342292967, 0.41650735430645597, 0.5471908023326562, 0.9927829473930003, 0.7913808426410426, -0.3569135626238147, -0.46638920438523357, 1.0, -0.702155976511639, -0.3446535548748906, 0.7876931435622272, -0.22674165368339994, -0.5251511617821352, -0.3368601882993836, 0.638281825228487, 0.6430108512072485, -0.4883132871496303, 0.31959979144408523, -0.8967542057014093, -0.782545039339179, 0.755163613660446, -0.3667538516851159, -0.6548602350027604, 0.6534731078021334, -0.7198912457575568, 0.42039615967982247, -0.6495400571849698, -0.3247879927099284, -0.7065078291741571, 0.8611509101378946, 0.011038513462978933, 0.6208581095608714, 1.0, -0.44898008437421244, 0.14039182999617605, 1.0, -0.6920819845862356, 0.009724514233016623, 0.2025902055913702, -0.9040175743641143, -0.7843446631442712, -0.5452609501001214, 0.22572257659684952, -0.7020411678048637, -0.5759857439718928, 0.9146842982593387, 0.13521173489177274, -0.17501024562491008, 0.19309541097507288, 0.8705088438837016, 0.4507074746020402, 0.10236063830628739, 0.3133248420346939, -0.8030998393314377, 0.16362832769702035, -0.14830996971006027, -0.1957637316835966, -0.09371784550351259, 0.8488166716981491, 0.6196743450251109, -0.19938801331249575, 0.7184015837599997, -0.6343228671345463, 0.12950937648950236, 0.4436163921064504, 0.40033874214475285, 0.21477265134155232, -0.39206632698692623, -0.3599638693791629, 0.8060570493974959, 0.5279824812538729, -0.011582670152958247, 0.28401533289505265, 0.5965232321068277, -0.3013070999789276, 0.8237159547171544, 0.864625092657715, 0.6585665598822465, 0.3171853802426484, -0.05603285654256946, -0.9932025601031023]
1019.9999389648438	(8, 12, 2)	[0.7130533054316704, -0.4118646486747102, 0.2182987168249002, -0.09531241901804946, -0.4338617707953577, -1.0, 0.3111028558130468, -0.7492446626243818, 0.4609268530553774, 0.6448361230912264, 0.0818567379601749, 0.2603803547625414, -0.8487985625041988, -0.8511119759916204, -0.6133028541313277, 0.12497850719072624, 0.8506138402682412, -0.9762999387045985, 0.3734477484997507, 0.19915918582784692, 0.20878113333042458, 0.1319422067390689, 0.8463765282245908, -0.23430692297254696, 0.12873322041311347, 0.7829304995429991, -0.9706641226819231, 0.02328946226020806, 0.5384421171025455, 0.28611210661851305, 0.3491274491816343, 0.8526637952281662, -0.5639762346982538, -0.16736578360284687, -0.36101691402053643, 0.6306808580088703, 1.0, 0.04362835940067449, -0.06424947321571972, 0.061753526994191565, -0.15601886495626396, 0.566778049188498, 0.8145366123118027, 0.8383737759749296, -0.22037477413598627, -0.46638920438523357, 0.9182507132648543, -0.702155976511639, -0.49824927374226824, 0.8669564268181459, 0.3598870499809729, -0.5251511617821352, -0.3368601882993836, 0.5968853157685657, 0.5732227529341126, -0.65922408246845, -0.24014850370436247, -0.8967542057014093, -0.6848596918269062, 0.8791193792048886, -0.3667538516851159, -0.6548602350027604, 0.6541130148532428, -0.7198912457575568, 0.42039615967982247, -0.6495400571849698, -0.3247879927099284, -0.7065078291741571, 0.780543396583829, 0.011038513462978933, 0.6208581095608714, 0.7589128527347724, -0.5039956745670537, 0.14039182999617605, 1.0, -0.8635794570875474, 0.2938521393027722, 0.2025902055913702, -0.9040175743641143, -0.5934017108116247, -0.5452609501001214, 0.22572257659684952, -0.7020411678048637, -0.5759857439718928, 0.9741562023359698, -0.4614039809496122, -0.17501024562491008, 0.19309541097507288, 0.8705088438837016, 0.4507074746020402, 0.10236063830628739, 0.3133248420346939, -0.9646091193903249, 0.16362832769702035, -0.07009212569002583, -0.2942931642912079, -0.09371784550351259, 0.8488166716981491, 0.6196743450251109, -0.4527990119831078, 0.7184015837599997, -0.6343228671345463, 0.09097440793639633, 0.4436163921064504, 0.40033874214475285, 0.44788824868803856, -0.52802713349229, -0.3599638693791629, -0.6272053184280103, 0.5279824812538729, 0.10115165756768532, 0.3966986925032876, 0.5715771395898346, -0.3013070999789276, 0.6874476416525731, 0.864625092657715, 0.6585665598822465, 0.9908438278674818, -0.05603285654256946, -0.9932025601031023]
1019.9999389648438	(8, 12, 2)	[0.7503062549177146, -0.4118646486747102, 0.2182987168249002, -0.08435950889337897, -0.4387238590748581, -1.0, 0.3111028558130468, -0.7492446626243818, 0.4609268530553774, 0.7006231504445739, 0.0818567379601749, 0.2603803547625414, -0.8270058798330563, -0.8511119759916204, -0.6663441731474731, 0.22372200686578425, 0.8506138402682412, -0.9762999387045985, 0.3734477484997507, 0.0657440826076734, 0.20878113333042458, 0.1319422067390689, 1.0, -0.16661951057738067, 0.1503119336359754, 0.7829304995429991, -0.9843807348275044, -0.08363401477563492, 0.5384421171025455, 0.28611210661851305, 0.3491274491816343, 0.8526637952281662, -0.6832115294321426, -0.16736578360284687, -0.36101691402053643, 0.6069182406659837, 0.8969616141733676, 0.021931446359288786, -0.06424947321571972, 0.07012131004038318, -0.15601886495626396, 0.5471908023326562, 1.0, 0.7913808426410426, -0.3569135626238147, -0.45149857393848086, 1.0, -0.6936786923556049, -0.49824927374226824, 0.7876931435622272, 0.3598870499809729, -0.5251511617821352, -0.3368601882993836, 0.638281825228487, 0.8426025775427437, -0.4883132871496303, 0.31959979144408523, -0.8967542057014093, -0.782545039339179, 0.755163613660446, -0.3667538516851159, -0.6548602350027604, 0.7916039223757527, -0.7198912457575568, 0.42039615967982247, -0.823213433766779, -0.3247879927099284, -0.7065078291741571, 0.8611509101378946, 0.207422217529329, 0.6208581095608714, 1.0, -0.44898008437421244, 0.14039182999617605, 1.0, -0.9587715507029445, 0.009724514233016623, 0.2025902055913702, -0.9040175743641143, -0.7843446631442712, -0.5452609501001214, 0.22572257659684952, -0.7020411678048637, -0.4964496279597203, 0.9146842982593387, 0.13521173489177274, -0.17501024562491008, 0.19309541097507288, 0.8705088438837016, 0.4507074746020402, 0.10236063830628739, 0.3133248420346939, -0.9646091193903249, 0.16362832769702035, -0.14830996971006027, -0.1957637316835966, -0.014970862513305191, 0.8488166716981491, 0.6196743450251109, -0.28697765570904044, 0.7184015837599997, -0.6343228671345463, 0.4388402528600438, 0.5111937198696992, 0.40033874214475285, 0.21477265134155232, -0.39206632698692623, -0.309897677472578, 0.8060570493974959, 0.5279824812538729, -0.011582670152958247, 0.3966986925032876, 0.5965232321068277, -0.3013070999789276, 0.8237159547171544, 0.864625092657715, 0.4910553671580953, 0.3171853802426484, -0.038935368427051475, -0.9932025601031023]
1019.9996948242188	(8, 12, 2)	[0.7130533054316704, -0.4118646486747102, 0.2182987168249002, -0.09531241901804946, -0.4387238590748581, -1.0, 0.30989594073877264, -0.7492446626243818, 0.4609268530553774, 0.6448361230912264, 0.044943345223002674, 0.2603803547625414, -0.8487985625041988, -0.8511119759916204, -0.6133028541313277, 0.22372200686578425, 0.8506138402682412, -0.9762999387045985, 0.3734477484997507, 0.0657440826076734, 0.20878113333042458, 0.1319422067390689, 0.8463765282245908, -0.23430692297254696, 0.12873322041311347, 0.7829304995429991, -0.9706641226819231, 0.009587433759265934, 0.5384421171025455, 0.28611210661851305, 0.3491274491816343, 0.8526637952281662, -0.6832115294321426, -0.06914883824585422, -0.36101691402053643, 0.6846726397898417, 1.0, 0.021931446359288786, -0.06424947321571972, 0.061753526994191565, 0.41650735430645597, 0.566778049188498, 1.0, 0.7913808426410426, -0.3569135626238147, -0.46638920438523357, 0.9182507132648543, -0.702155976511639, -0.49824927374226824, 0.8669564268181459, -0.22674165368339994, -0.5251511617821352, -0.3368601882993836, 0.638281825228487, 0.5732227529341126, -0.4883132871496303, 0.31959979144408523, -0.8967542057014093, -0.5967321743066889, 0.8340763407302915, -0.7415992058438279, -0.6548602350027604, 0.3666951967932349, -0.7198912457575568, 0.2918656075013215, -0.6495400571849698, -0.3247879927099284, -0.7065078291741571, 0.8317137491064771, 0.011038513462978933, 0.6208581095608714, 0.8442630379870514, -0.44898008437421244, 0.14039182999617605, 1.0, -0.8635794570875474, 0.2938521393027722, 0.17006379841282482, -0.9040175743641143, -0.7843446631442712, -0.5452609501001214, 0.22572257659684952, -0.7020411678048637, -0.5620041185738154, 0.9741562023359698, -0.4614039809496122, -0.17501024562491008, 0.19309541097507288, 0.8705088438837016, 0.4507074746020402, 0.10236063830628739, 0.3133248420346939, -0.9646091193903249, 0.16362832769702035, -0.07009212569002583, -0.1957637316835966, -0.014970862513305191, 0.8488166716981491, 0.6196743450251109, -0.4527990119831078, 0.7490624141649695, -0.6343228671345463, 0.4388402528600438, 0.4436163921064504, 0.40033874214475285, 0.44788824868803856, -0.52802713349229, -0.3599638693791629, 0.8060570493974959, 0.5279824812538729, 0.10115165756768532, 0.3966986925032876, 0.7403098701225388, -0.3013070999789276, 0.8237159547171544, 0.864625092657715, 0.6585665598822465, 0.3171853802426484, -0.038935368427051475, -0.9932025601031023]
