101.97418975830078	(8, 12, 2)	[0.2622419063678316, -0.16142374026081652, -0.2564618859400569, 0.3346237166455921, -0.2500005399308842, -0.5128359595319796, -0.2713967735734273, 0.1646799696410386, 0.3621148153903395, 0.8866403354062189, 0.2797999182761377, -0.21179369256363723, -0.45623859135740186, -0.4706396336785321, 0.40252222622318357, -0.40099114650274026, -0.6195488936753604, 0.10936721881449318, -0.33355011038723603, -0.32020946451604626, -0.9142057889764985, 0.3542746674244077, -0.2738617435232116, -0.5413845345273949, -0.5915022989875265, 0.3381293328969748, 0.6824930439329056, -0.21532636960395446, 0.9743899113430683, -0.6574189562206607, -0.7765573175306268, -0.7463902232613944, 0.9063507049685531, -0.644596407630619, -0.2142872685594217, -0.04588728046203694, 0.7576932135178749, -0.5354165642030295, -0.12231369913592505, 0.6501100136977662, -0.37639277696654094, -0.4680443855700833, 0.8157763096312431, 0.12642792441219508, 0.9942402376140222, 0.9239643537349225, -0.16926147599836683, 0.6993728657570135, 0.24497765600250032, -0.9946603482305669, 0.3070146845645305, -0.2344139506585894, 0.7696248790897611, 0.5800129716206641, 0.2180529452415383, 0.627010260788472, -0.6724067227350923, -0.3623524164480505, -0.33386942561954625, -0.15962771063861525, 0.28004777030808237, -0.6146607120202432, 0.3550179811705221, -0.599177777275619, 0.14378985715250447, 0.10543616602365447, -0.5262423341961842, 0.42493809905382096, -0.1909933489678517, 0.8527288372916271, -0.8387877232890943, -0.6483119392704237, -0.2418176909278409, -0.6531870649368399, -0.5266532714417274, -0.3253232737330767, 0.5863386074288304, -0.7143975657543462, -0.882213456803129, -0.6680273802677723, -0.2168590870736442, 0.5234542639955131, -0.4298027218257685, -0.3545737980822876, 0.4063004407305526, 0.07531945882934776, 0.6819820338113287, -0.39277877237925174, -0.7857845830047476, 0.46989983168263394, -0.7472915719531925, -0.2623654177454313, 0.05938044309006574, 0.2450256250139735, -0.17336804894359759, 0.7837219896137688, -0.328025084983284, 0.6680172111993183, -0.7532266280131632, -0.677466275172208, -0.9008607215445554, 0.13094122104693628, 0.49416058896668846, -0.8514700235466084, 0.17128270014959823, 0.9448697280725342, -0.3951587818708633, -0.4732966013830857, 0.1986969108085921, 0.38089504009894437, -0.5078058853586369, -0.5104422079504052, 0.861978338565722, -0.47516144964394247, 0.8460434052662971, -0.7833857069255303, 0.6616757232134367, 0.2698662814025554, -0.24481787647390663, 0.7137261441120215]
101.94498443603516	(8, 12, 2)	[0.2553907495452177, 0.2282252414207533, 0.015201366832186869, -0.8363273568004153, 0.7545520990201817, -0.13972935367751171, -0.8678106699153798, 0.9389401374607875, 0.38414509308407396, 0.9082793363779067, 0.9170604885729559, -0.4921406545203413, 0.7750467495887854, -0.981351250570911, 0.1495995881490393, -0.5718468226742186, -0.2095697097524032, 0.4308657607306292, -0.401615367763297, -0.9347754617190984, -0.428745922050084, 0.026713147994470887, -0.3498317950480674, 0.8043818661333113, -0.9040183980828542, 0.8175278864426023, 0.8719700153481842, -0.7530582374597472, -0.5381010488752971, -0.7897097242558726, -0.11520967973246976, 0.6087254138678568, -0.904825351828064, -0.9422785436510637, -0.6113420755353627, 0.750496610213691, 0.03819727183918076, -0.8738237515204013, 0.4253805183331336, 0.8582412358127087, -0.6278916193522099, 0.07812517237155503, -0.9457772517271981, -0.2228356436148322, -0.8097391289396545, 0.11793213235797695, 0.5561338229056108, -0.21439610125308817, -0.5658006199308125, 0.7899322256227643, 0.7240997682730388, 0.9450149615284913, 0.8016861745495085, -0.8002651415523485, 0.8821446323680167, 0.7195057448886963, 0.6330880304789794, 0.3781900016111448, -0.8912542608934186, 0.9367318606072965, -0.008073183199653888, -0.5439078646820157, 0.021079471212107848, 0.11032993782858136, 0.9128188304128679, -0.480863041688268, -0.977872403123863, -0.015243034871553762, -0.5668712666321196, -0.9358495448937527, -0.7216131485779727, 0.588493921230743, -0.34003546201903134, 0.7889248315440793, -0.7092027492558075, 0.6753261133712369, -0.5609048692091807, 0.8355839529379188, -0.08635525069372374, -0.42353729347713687, -0.33548215929623737, 0.7369703418663984, 0.3449907933088552, -0.25479317861638706, -0.23920117666099805, 0.35156694677407674, 0.9468952523104095, -0.9847642562081691, 0.26081303629799923, -0.66664308991633, -0.3717028618264242, -0.5424748845236016, 0.3186691812154183, 0.769497248388807, -0.9142161958476609, -0.28186309322794956, -0.0388651599042269, 0.11535800051347578, -0.7784695876039049, 0.9751050226657618, -0.629509203651393, -0.46376595499577644, -0.7609375859760876, 0.06581809978481501, -0.11798741239553068, 0.8347215301289101, 0.4276804162211738, -0.13309421772416763, 0.7063622439445953, 0.7891035463932823, -0.9587868609998738, -0.22182054369348658, 0.9297347012019943, -0.5769193058993691, 0.8127887632922854, 0.46023135899239853, 0.9416948689974949, -0.6182038646884536, -0.15080260614837981, 0.22554108499487824]
99.96231842041016	(8, 12, 2)	[-0.26468697544553965, -0.39220007186591355, 0.14440861367408897, -0.5919935048178306, 0.5899760117727768, 0.8951597577806711, -0.0984291522170857, -0.45752647163938764, 0.39079273364065403, -0.9013990990383847, -0.3051895465809129, -0.682515710765693, 0.7750467495887854, 0.8705860511506356, -0.5066188054419889, -0.05266530813512493, -0.3247209198476906, 0.18883579657615068, -0.6628849841654589, 0.22754930203646007, -0.6666713918544511, 0.10972289274528468, 0.6944430147688174, 0.8043818661333113, -0.056726321614256614, -0.25391550614447866, 0.8719700153481842, 0.650646757345583, 0.5031193945703485, -0.3582497996052634, 0.9256735545093993, 0.8169528080293982, -0.3068319004293998, -0.7998435775564912, 0.6379717069357294, -0.47772311009222324, -0.31943070120632067, 0.6145285674087968, -0.16678124105931347, -0.8262261112666129, 0.03212169816886834, 0.7959938622821106, -0.9457772517271981, -0.847760412007297, -0.8097391289396545, 0.43306918101445, -0.6751180868884112, -0.21439610125308817, -0.27641113379681426, 0.3832219856024488, 0.5799031372195522, -0.5598982236979493, -0.62520034711424, 0.8757681323280786, 0.8212847933805973, 0.13866627891179673, 0.6330880304789794, -0.045789553212930434, 0.5776841739290206, 0.6707235773268936, 0.35771889108293253, -0.4233238208194958, -0.7066141062982714, 0.06885467135881895, -0.3780055640299411, 0.952818621482342, -0.32924500559010417, -0.13247018092268692, -0.2789413719470877, 0.7158911077615202, -0.4683781290955751, -0.8462293181281286, -0.4827936262558168, 0.35489404603255026, 0.31669821389882435, 0.854911828420168, 0.6875673937487887, -0.03315735200724368, -0.08635525069372374, 0.09469030749137874, -0.5493682436968645, -0.8594693275334997, -0.8426100110661816, 0.024069734561207534, 0.861294884772491, 0.3289425213541868, 0.7397404599210409, 0.2714025090830585, -0.06240426155934364, -0.11408711613589251, 0.486343610970126, -0.202819320981648, 0.4083394671221334, 0.03240411437760704, 0.36524172532184696, -0.04197397400849989, 0.4771267371899217, -0.13263531722854682, 0.3663345076806088, 0.9751050226657618, -0.7804639685024133, -0.8961874913878254, -0.8932238884142512, 0.6807619794015796, 0.21344592897949233, -0.9771103095006295, 0.7770045528833349, -0.08048589619715507, 0.427172967678358, 0.4833744258239485, 0.9518845507920306, 0.11817278354810368, 0.81643162729839, 0.40285577932585936, 0.8562889669214571, 0.46023135899239853, 0.355445736457527, -0.8437776227102836, -0.2455393411728919, 0.22554108499487824]
101.98516845703125	(8, 12, 2)	[-0.08781374941042208, -0.5804608903743826, -0.8435508545344905, 0.4114763746757817, -0.36621135619605516, -0.7089705240564745, -0.7259427374368352, 0.9477287385452626, 0.23972461822596447, 0.5674014129263563, 0.16902946416625997, -0.01045112130404191, -0.4084466217183782, -0.3350679094685771, 0.679309625582464, 0.8525246825690178, -0.3247209198476906, -0.3312204217972414, -0.9358252649497238, -0.20012140963485006, -0.3615097166346424, 0.8699986200603553, -0.8391171981616878, -0.11238239323120558, -0.40878684083064565, -0.25391550614447866, -0.22167133398627525, -0.6356840961499723, -0.18103061293390188, -0.5675134751162436, 0.8965123340610353, 0.09915622244743005, -0.38064524900065133, 0.5265108342611067, 0.8984597458196302, -0.6688230047491386, -0.5819276371524107, -0.7709759988231959, -0.36346235342833344, -0.2110640336543815, 0.5782903152680845, 0.5867101084215518, -0.9852779479615716, -0.7218432480366865, 0.7421126605751225, 0.48980304243162154, -0.12656237928200986, 0.9831660049418085, 0.6651566109010132, -0.6780795697095903, 0.7622202189340372, 0.7422657926228422, -0.9452629026904444, -0.11964415123372318, -0.3630617293449605, 0.5012241529694184, -0.2694862885547775, 0.4290690502126908, -0.5877229780062603, -0.20010675512863751, 0.967915491208347, -0.6520801574924129, -0.4169773170337032, 0.42382021241476386, -0.8339401196857277, -0.35057184769521066, -0.2915464909014074, 0.17539258553342907, -0.2686203298334695, 0.6462912674937589, 0.03803165880440185, -0.6939227063780049, 0.8413522324287122, -0.35567320009628767, -0.7106938658647741, 0.6872348638541055, -0.2471787663802818, -0.033720648051074775, 0.001572016736382409, 0.8576445949874849, 0.4605338491052775, -0.6321845287079202, -0.05597065107400212, -0.9048014574487839, -0.11582430433127366, 0.858743047495155, -0.23025273696729287, 0.736612922374057, 0.8615969364326652, -0.831380659813608, 0.42511736244350096, 0.7451410949926058, 0.30601797112059526, 0.8867270008773804, -0.7066206852725061, -0.27377745734124703, 0.812801382859355, -0.021925952021429218, -0.704734183178569, 0.6551663141532096, 0.04542557890127408, -0.4809303103003466, 0.8750912261041834, -0.8922003454537721, -0.42693323596045296, 0.7737842708496832, 0.4956811402891794, -0.5991078812428445, 0.19929485914698275, 0.20101909882295588, 0.03363851382927763, 0.380094260400037, -0.39751655031245714, -0.0725403022844886, 0.9747233891712079, -0.1335399571617868, 0.9732757709192779, -0.5166746497498749, 0.9893070604147491, 0.31208537929076363]
101.99423217773438	(8, 12, 2)	[-0.15359809802578583, 0.2282252414207533, -0.5128621693274276, -0.7500905834942657, 0.6666325781621241, -0.01761036942254357, 0.35853772519053817, 0.4496396349835443, -0.37985712622542356, 0.20372546232317923, -0.5182180480249123, 0.5206913842197083, -0.10036724513959983, 0.2360452769025725, 0.8960942304539588, -0.2502071241132928, -0.18674289363782837, 0.5328901212576904, -0.1299133555508567, -0.28017990045447094, -0.5096253811962792, 0.7389255325433424, 0.8151840292999932, 0.8811473385939355, 0.384577668984069, -0.6594817256468628, 0.8664849289775685, 0.6323166556404172, -0.5117929462344697, -0.2200670316876587, 0.34000441823652583, 0.5419472226707984, -0.2169469267637565, -0.260801704108504, 0.746167252602023, 0.8653617326978995, -0.27265620255272616, 0.6304744851517425, 0.5985293354266834, -0.2294112631711982, 0.1596907878523759, -0.18040455566869218, -0.3985141038577831, 0.8367989263413904, 0.24772449999108037, 0.3130347199558059, -0.0740570564037597, 0.12277107107395402, -0.4596454105937904, 0.5209893956916747, 0.752712310742994, 0.25286980713272844, 0.7469396108280411, -0.6220885733511317, -0.8800413863547114, -0.09376507185778493, -0.32154801627967977, 0.0492105282653732, 0.10138979640101553, 0.7355587769621785, -0.008073183199653888, -0.7218507821984477, -0.7141714837764728, -0.3680995676743417, -0.3346104162027608, 0.6602132701323657, -0.6735490596816454, 0.39374583349001724, 0.7358798675864413, -0.16717248054614653, -0.7120007979835674, 0.588493921230743, -0.34003546201903134, 0.9646822010830398, 0.03167742599459067, 0.2491209614287712, 0.002044338375922772, -0.038150439571037253, 0.10799373082090757, 0.3007851697940931, 0.045855804769997066, 0.2881457290125813, 0.3449907933088552, 0.7939473185018586, -0.23672580820625067, 0.5894343000144411, -0.25487211377944696, -0.9847642562081691, -0.19096692984507468, -0.011067788016227098, -0.046143377032732635, 0.9069492961019849, 0.7573301431760953, 0.3615284144687658, 0.9003629990883246, -0.48085589484174696, -0.9752389185146462, 0.9217651600144812, 0.32020619573488296, -0.7297662554726405, -0.34410627010687667, -0.10009270261146708, -0.8064899550740627, -0.6881499970436158, -0.45968835922180484, 0.8211610095275788, 0.4360598502206201, 0.015273291335980765, -0.9341122867647986, 0.23889091145373942, -0.1256965383832951, 0.26037431698454383, -0.8082703899573553, -0.5335855911609511, 0.3205288433140643, 0.05268105620813923, 0.9416948689974949, -0.6182038646884536, -0.15080260614837981, -0.18555082099242837]
101.97137451171875	(8, 12, 2)	[0.2553907495452177, 0.4848560895435938, -0.41527127935744845, -0.42678449490435577, 0.23734670732358462, -0.7089705240564745, -0.6693032620926576, -0.5841185879752768, -0.9093093858609806, 0.11167690337012615, 0.3822449223918938, 0.14376510740795645, -0.9197830384769676, -0.981351250570911, 0.8133958530782865, -0.5491585698002401, -0.3247209198476906, 0.1895836220405367, -0.3505740160152515, -0.055422716477835365, -0.9727613662925241, 0.20834495472880854, -0.46536728624332957, -0.11238239323120558, 0.37903742722695055, 0.9253224781261449, -0.9873366397621484, 0.6464155610387101, -0.3280934942116429, 0.34166673949805326, -0.11520967973246976, 0.4532282712294249, 0.1519258315806209, -0.9422785436510637, 0.8356863849040503, -0.859453586850589, -0.10146477262317388, 0.6472049173973584, 0.028106808272989836, 0.8582412358127087, 0.5073789936809683, -0.9523411724562116, -0.23230131991789832, -0.2228356436148322, -0.6957265763180336, -0.38035605866927913, -0.26127309592458925, -0.6579594526045884, -0.41565585981865727, 0.7516461366285487, -0.7540989208133377, 0.7149301535996739, -0.7364669819014076, 0.9757763713103953, 0.46054283051131306, -0.44447072098346263, -0.37687375761878217, -0.07042382938939906, -0.954729049148783, -0.8088143657725788, -0.008073183199653888, 0.5842595157811541, -0.4169773170337032, 0.6501823643457316, 0.30642290424449525, -0.8386397767555458, -0.9503979285544175, -0.8183074807724153, -0.14796073196520299, -0.2665945507579497, -0.8248463074417349, 0.1571908113294056, -0.17731701244270415, -0.9963959776023275, 0.3048855527703651, -0.9224422043455796, 0.7842248229786715, -0.019053336750084915, 0.40166022667063017, 0.22417428191992195, 0.14577673193060336, -0.8634662714476515, 0.3449907933088552, 0.8777035740694583, -0.3148866495490745, 0.0371254219646131, -0.5628443523560864, 0.28722128672322067, 0.0386113427400856, -0.7141165592420218, -0.8198289698437136, -0.9229660653280707, 0.30601797112059526, -0.38463320722872885, -0.9142161958476609, 0.04149588653389702, 0.38809096716194746, -0.47282389749527387, -0.9196575893228669, -0.6295886097923515, -0.36089212636113555, -0.3141141993178713, -0.8324057795673194, -0.8922003454537721, -0.20423303920713387, -0.25918438110052966, -0.8277910644335114, 0.27837962211047373, 0.9349570365555762, 0.7891035463932823, -0.021297402407912225, -0.1112876556437219, 0.3841189670288694, -0.7227030447319303, 0.19723556897655503, 0.4440606120283992, -0.28136994901463175, 0.19895422079741865, -0.8794367909460201, -0.11193698506600192]
101.97734069824219	(8, 12, 2)	[-0.08781374941042208, -0.08750422556147597, 0.7544739531111724, -0.7500905834942657, -0.9482743323992384, -0.7089705240564745, -0.2598437353489984, 0.4496396349835443, -0.33875403016103545, 0.4587365163819508, -0.17846566719560442, -0.4458121392688448, 0.9651914619906139, -0.956970148242074, -0.7867149173205903, 0.607709290427237, 0.10523403337471549, -0.9195666780615552, -0.33355011038723603, 0.9573286478870116, 0.20157048389659127, -0.24754831989650206, -0.6569067229302792, -0.11238239323120558, 0.47871039812667204, -0.5701314501830608, -0.05776853030505813, -0.23006226908430527, -0.7763405259081557, 0.6485993925473301, -0.6002219599151859, 0.5510648863016967, 0.9063507049685531, 0.8234883732657416, 0.8356863849040503, 0.6418350710843248, 0.45899742090929285, -0.6520430429069419, 0.6730886886443143, -0.06473671361716171, 0.6417106813605593, -0.5708087002726232, -0.1831437890200498, 0.09259895654702954, -0.6957265763180336, 0.3130347199558059, 0.2174459591846043, -0.9568978731963689, 0.059817574693165954, 0.7516461366285487, -0.8075451652443004, 0.25286980713272844, 0.7469396108280411, 0.09782752639594428, 0.015556870912218024, 0.3179131344638777, -0.12977711521642377, 0.3781900016111448, -0.19553944220711839, 0.718413012925025, -0.01943114607902885, -0.5439078646820157, 0.2242321034720065, 0.11032993782858136, -0.1557419551682615, -0.27271809094470334, 0.4848621965649566, -0.8501267106976651, -0.5668712666321196, 0.17555435534776143, -0.4597395452445905, -0.27033151398236743, 0.520050301639525, -0.036070950824299564, 0.9092851216538811, 0.6872348638541055, -0.6063963885547397, 0.4979542782185875, 0.2683339304401322, -0.8360253964451536, 0.7701258735680612, 0.45159056246951224, -0.4298027218257685, 0.293773950968077, 0.8549505260194903, -0.8678411611607348, -0.8575537872544783, -0.27490988760861, 0.5814904165357859, 0.00038689897293364695, 0.6074021396273395, -0.4971809090552104, 0.06569340248843991, -0.03878195609430968, 0.8496915290411811, -0.28186309322794956, 0.3552348644345211, 0.9213636474420608, 0.32020619573488296, -0.9704576259299769, -0.030347125137286213, 0.21510992835697063, -0.8064899550740627, 0.4010994836423454, -0.21898733284541083, -0.1105323274512271, -0.4498186934897366, -0.13309421772416763, -0.5866670908921661, 0.26046255166204113, -0.1256965383832951, -0.5104422079504052, -0.09922070730704302, 0.7325572602552926, -0.9447480886501678, 0.3509758168330095, -0.8500893135709411, -0.5637004496383486, 0.6407955817078559, -0.7086914566894258]
101.97809600830078	(8, 12, 2)	[-0.23282929003170416, 0.46268157824033973, -0.1401650964571992, -0.09592746909551561, 0.10543988661356574, -0.2042741324127786, -0.497874529667244, 0.9389401374607875, 0.38414509308407396, 0.4587365163819508, -0.19060627052138446, 0.9981833526881563, 0.08274798026248864, -0.3387422226604928, -0.14405022729874228, 0.8348859453598931, 0.686326669312582, -0.3458848966680326, -0.9518084002779794, -0.8339561362409986, -0.8431594442849475, 0.6738192265904506, -0.39627913470296483, -0.5572096633584045, -0.611129053722399, 0.4645266232202696, -0.13623128506902793, 0.16149016401881977, 0.5544145711345108, 0.5146458199115971, 0.08477345685558135, -0.7333215469356869, 0.69815748858634, -0.260801704108504, -0.13060769175336362, -0.5687899161311536, -0.32680359560715444, -0.2758549144141478, 0.4253805183331336, -0.437424319187278, -0.518889200601331, -0.27296557385346154, 0.35902726637182414, -0.7727276778659697, -0.00633127885829099, 0.8750151184231618, -0.22930890556171302, -0.2685188925927171, -0.41565585981865727, 0.3832219856024488, 0.7240997682730388, -0.6528740575142906, 0.8016861745495085, 0.41058060404804264, 0.46054283051131306, 0.06630238146829859, -0.37687375761878217, -0.0010055288587920153, -0.954729049148783, -0.9852945358654048, 0.41284021531909565, -0.6890166629708041, -0.8466339598592709, 0.8264626457996016, 0.20032936211565144, -0.872602113546687, -0.12631644883935844, -0.8501267106976651, 0.23262781190161408, 0.4390626919361684, -0.2225945434376777, 0.16815860878583933, 0.02658266501683859, -0.7008303877617439, -0.64142947719142, -0.31108725290206696, -0.5417318805816074, -0.10391522024475441, 0.256837756306463, -0.23861627012031406, 0.6936118900003674, -0.031226545483278745, 0.3449907933088552, -0.3545737980822876, 0.06849150232809564, -0.8678411611607348, -0.4303100880314792, 0.8825964992540563, -0.2687483473644545, -0.6494269211725991, 0.46968519845283185, 0.5844794562538865, 0.41143522132284893, -0.5603998519959483, -0.9142161958476609, 0.5991900899254614, -0.24167879991549035, -0.47282389749527387, -0.3248217520294614, 0.2734273375270624, 0.38586273574164554, -0.556981886434007, -0.7239162088103943, 0.06581809978481501, 0.9470171064942974, 0.3744889660882096, -0.7813476807195898, 0.5310897640841565, -0.8256424052605875, -0.36952746800288505, -0.9587868609998738, 0.116806990240784, -0.09932151269014011, 0.9864140364249487, -0.8684685089160173, -0.2678656291857653, -0.669412113447148, 0.2698662814025554, -0.44448714329924033, -0.5831647742700159]
101.99632263183594	(8, 12, 2)	[0.336447914699759, -0.7945919010790188, -0.08567307157580006, 0.2751227784503705, 0.6549829018951847, -0.09507509804771197, -0.33000304511874523, -0.7293029714136368, 0.3621148153903395, -0.16171609069789072, -0.7570669656522055, 0.2865117065689684, 0.3810406627372933, -0.9091905662419998, -0.5367493868146167, 0.9256249315891241, -0.6081504792511752, -0.8665737198204451, 0.03864496202432677, -0.3088856286639763, -0.428745922050084, -0.29453630987098944, -0.39627913470296483, 0.7783944488437748, -0.07851168554626886, -0.46964939135437866, -0.6158047400888216, -0.08934495593102398, 0.5939106732675834, 0.6485993925473301, 0.08477345685558135, 0.10536593763354407, 0.69815748858634, -0.1477638469910012, -0.13060769175336362, -0.13246081081216632, -0.5819276371524107, -0.2758549144141478, 0.6250194933940458, 0.8582412358127087, 0.46792886075287393, -0.18955655154470374, 0.8157763096312431, -0.5058210308561688, 0.9942402376140222, 0.8477725899343198, -0.11415925855497, -0.2685188925927171, 0.059817574693165954, -0.8992759871466185, 0.3786593027384244, -0.2344139506585894, 0.7469396108280411, -0.6671612168290955, -0.03048803013444361, 0.3179131344638777, 0.6330880304789794, 0.8009999762774356, -0.19553944220711839, 0.8642519949670882, -0.3466544565544427, -0.6890166629708041, 0.9089418079926816, 0.7811401733908476, 0.264630765518165, -0.872602113546687, -0.196209213204658, 0.42493809905382096, 0.23262781190161408, -0.7610169203941044, -0.1699530362995869, -0.2652926044620796, -0.08129087586815831, 0.5777373642943722, -0.7087912990280545, 0.1838598680053598, 0.4667171303646338, -0.8047875287154762, -0.08635525069372374, 0.3381530260668646, 0.16096750584052288, 0.45159056246951224, 0.3449907933088552, -0.3545737980822876, -0.88355915293109, -0.8327523314280547, -0.2885838864492438, 0.5109980872915996, 0.12697303333943388, -0.005154359593609215, 0.715626173146966, 0.4720921564552385, 0.05938044309006574, 0.769497248388807, -0.11114198520594565, 0.9124303806615879, -0.5537860656951281, 0.8471407953349412, 0.5648491175102719, 0.2734273375270624, -0.9250185213676212, -0.467534255061139, -0.2359162263706467, -0.8882699432370929, -0.39479765627254304, 0.7691653111342813, 0.38193628013923364, -0.13309421772416763, -0.19607684914063994, 0.010698895024086275, -0.5078058853586369, 0.9042280881381326, -0.2613246884008871, 0.9864140364249487, 0.37631415681832614, 0.46023135899239853, -0.8500893135709411, -0.6182038646884536, -0.6291834964446548, 0.6309371596040936]
101.99243927001953	(8, 12, 2)	[0.2553907495452177, 0.27902359353080297, 0.1291562503968442, 0.2816214581216865, -0.37620563901139836, 0.9229961808990401, 0.747108142664654, -0.8982377193147544, 0.04965287577922828, -0.6831653223380882, -0.8469323006983038, -0.4458121392688448, -0.36832439956438146, 0.2360452769025725, -0.14405022729874228, 0.3340790268856675, -0.3247209198476906, -0.440597635876983, -0.401615367763297, -0.8339561362409986, -0.428745922050084, -0.5600685303700981, -0.39627913470296483, 0.6008923018649128, 0.47871039812667204, 1.0, -0.205526367582207, -0.23006226908430527, -0.7221199719817988, 0.42726343092240904, -0.6002219599151859, 0.2864866020413497, 0.1498122673641144, 0.8078557842551566, 0.7411440333302359, 0.30136799714681883, -0.33524209071408895, -0.6911155444211008, 0.6971403707213586, -0.011369597583668734, -0.3132495775873583, -0.4680443855700833, 0.48736743416829653, -0.13232754175848926, -0.4046401615228181, -0.7342884748951597, 0.2769272677588952, -0.2685188925927171, -0.8995335809392182, -0.8992759871466185, 0.9981608062878427, -0.8307665371548429, 0.15170964808769982, -0.8129420316304585, -0.38088235950439964, 0.10583070908358394, -0.4495902471667874, 0.3781900016111448, -0.8919884876049058, 0.8341194679020463, -0.1616639455160882, 0.7379002813322535, 0.5319629223884839, -0.7850671507042686, 0.264630765518165, 0.38596412867030794, 0.04949458918656324, 0.025962083458147767, -0.5702791375647185, -0.7610169203941044, 0.25862209319652396, 0.8227286874021444, -0.3459086153629737, 0.2108505378688581, 0.24596626182080383, -0.9297938568679653, 0.6875673937487887, -0.7893248602372906, 0.8601269236491516, -0.1440794701791106, -0.8206942699326907, -0.6321845287079202, 0.0535190973670947, 0.10746116106713677, -0.40352632335654903, -0.7552851883648803, 0.7397404599210409, 0.8433913096473311, -0.6604274157904453, -0.5383685486846908, 0.46968519845283185, -0.18313251887989068, 0.3186691812154183, 0.7596318978067522, 0.7648095823295362, 0.06316505723198995, -0.8651346285792361, -0.5821100526148864, 0.7729908037301121, -0.14606912935704863, 0.5735431004635347, -0.556981886434007, -0.6633696137037339, -0.871258281898159, -0.20423303920713387, -0.1105323274512271, 0.1459991956166923, -0.0108973531452905, -0.38731424153562477, 0.26046255166204113, -0.021297402407912225, 0.45778460340812055, -0.09932151269014011, -0.9931385002340327, -0.0728619438280711, -0.5135039933802701, -0.669412113447148, -0.27343937705485155, -0.9166983817542635, -0.05309176696109863]
101.973388671875	(8, 12, 2)	[0.3731843539128825, -0.7945919010790188, -0.49546472847387646, 0.22888478212339725, 0.7545520990201817, -0.09507509804771197, -0.6994140738065542, -0.7402974031947653, 0.3621148153903395, -0.16171609069789072, -0.7570669656522055, 0.4416645916098165, 0.3810406627372933, 0.11687577708381025, 0.2188920377306347, 0.607709290427237, -0.6081504792511752, -0.8665737198204451, -0.6628849841654589, -0.31638868583989765, -0.057866458782859675, -0.5600685303700981, 0.594940903729893, 0.8043818661333113, 0.777280376929709, -0.19337108244753867, -0.6267896936616566, -0.8960014001099832, -0.7763405259081557, 0.6485993925473301, -0.6002219599151859, 0.4532282712294249, -0.4134027140106171, 0.2511203779433415, 0.1865066572616711, -0.06137339950539533, 0.45899742090929285, -0.038283745413079995, 0.6730886886443143, -0.06473671361716171, -0.6668866066317678, -0.9523411724562116, 0.8157763096312431, -0.5058210308561688, 0.09245819304714624, 0.3130347199558059, 0.46472206400892, -0.2685188925927171, -0.41565585981865727, -0.7081052852537351, -0.8075451652443004, -0.19308661363638757, 0.15170964808769982, 0.09782752639594428, -0.03048803013444361, 0.5012241529694184, 0.16972883392817262, 0.6919020336464323, -0.8919884876049058, 0.2932950304229449, -0.3017447366310555, -0.6890166629708041, -0.7426989676056239, -0.7850671507042686, -0.1557419551682615, -0.872602113546687, -0.196209213204658, 0.42493809905382096, 0.05551325660757178, 0.6462912674937589, -0.1699530362995869, 0.1571908113294056, -0.08129087586815831, 0.5777373642943722, -0.7087912990280545, 0.1838598680053598, -0.6063963885547397, 0.4979542782185875, 0.001572016736382409, 0.8576445949874849, -0.792480769522188, 0.5663558470502323, -0.4298027218257685, -0.3545737980822876, -0.7338841215693315, -0.8327523314280547, -0.8575537872544783, 0.5109980872915996, 0.5814904165357859, -0.5383685486846908, -0.10911657434274291, 0.9981750374629927, 0.2741011190954934, -0.8466190463397543, 0.9074842347004861, 0.5991900899254614, -0.07161828247429192, 0.8471407953349412, 0.5648491175102719, -0.7297662554726405, 0.1273908602059699, -0.467534255061139, -0.6633696137037339, -0.8922003454537721, 0.559725276495145, 0.7737842708496832, 0.38193628013923364, -0.13309421772416763, -0.8256424052605875, 0.010698895024086275, 0.013550366710967168, 0.9042280881381326, -0.09932151269014011, -0.9931385002340327, -0.45291479879189667, -0.11675091614131773, -0.8500893135709411, -0.6182038646884536, -0.2568085581022417, 0.31208537929076363]
101.99616241455078	(8, 12, 2)	[0.6547031146686935, -0.7945919010790188, -0.05154633408701446, 0.25248841577441206, 1.0, 0.19019457704145282, -0.6693032620926576, 0.9477287385452626, 0.3621148153903395, -0.1098744621784482, -0.8469323006983038, 0.8199471566137579, 0.1561248668086006, -0.9091905662419998, 0.8960942304539588, 0.9256249315891241, 0.4663590457591047, -0.2610160692730539, -0.1299133555508567, -0.3088856286639763, -0.8989872301897397, -0.29453630987098944, -0.0008386822091852597, 0.8811473385939355, -0.4686086240195684, 0.4645266232202696, -0.7221508332443554, 0.6015800225420056, -0.7763405259081557, -0.02850062056319591, 0.7813219487965761, 0.027899263958240716, 0.69815748858634, -0.512249626553616, -0.8003972936484989, -0.22904506247404788, -0.5819276371524107, -0.038283745413079995, 0.6788332358919769, -0.6207596633622801, -0.518889200601331, -0.11291957126606156, 0.31796792973388954, 0.12642792441219508, -0.22327853820493182, -0.08047109657073137, 0.5690100890433776, -0.3234343073030561, -0.5394372671025507, 0.8141339823432481, 0.4038780053953741, 0.6497667191322491, 0.4277489030834669, -0.7861480915508949, -0.6451943354520853, 0.627010260788472, 0.35014089002831916, 0.8009999762774356, -0.8912542608934186, -0.6234638985308307, 0.00016093627803792643, -0.2988831464488566, 0.2242321034720065, 0.11032993782858136, -0.5842655318801093, -0.872602113546687, -0.8727841227887965, 0.42214711433639773, 0.831914093903944, -0.2681140546373215, 0.3213878008206954, -0.6383642228806714, -0.4827936262558168, 0.5284191701256022, 0.23161841315810983, -0.7218803137797225, -0.0506777625323418, 0.38738261597830204, 0.2758627513283973, 0.9334386451121843, 0.9779095581243638, 0.45159056246951224, 0.3449907933088552, -0.7800860366812947, 0.06849150232809564, 0.5894343000144411, 0.6819820338113287, 0.28722128672322067, 0.12697303333943388, -0.6650710485965687, 0.715626173146966, 0.9069492961019849, 0.1993345726170137, 0.6945100162143052, -0.11114198520594565, 0.9124303806615879, -0.4579953573383355, -0.5821100526148864, -0.07673652761925776, -0.14606912935704863, -0.26135651437186014, 0.7033383667485482, -0.7119928058286107, -0.36543568723867126, 0.7736498425388196, 0.7816681772416516, 0.10807398228290732, 0.34721798316222374, -0.19607684914063994, -0.6443973963857159, -0.26717800919005064, 0.30848256247057626, 0.13610300434313238, 0.3137262412408781, -0.24121134581483372, -0.02393869441743446, -0.8500893135709411, 0.49010949409081794, 0.6407955817078559, -0.6766203516935081]
89.13114166259766	(8, 12, 2)	[0.9959245438040694, -0.7204774543318024, 0.22307169383645897, 0.2816214581216865, 0.7545520990201817, -0.5128359595319796, 0.3247405012050475, 0.9477287385452626, 0.39079273364065403, 0.9082793363779067, -0.4739816935301435, 0.4416645916098165, 0.4246093296720599, 0.4036382546462566, -0.7867149173205903, 0.43801750752123286, 0.14276900526344583, -0.8532314063771709, -0.1299133555508567, -0.31638868583989765, 0.20157048389659127, 0.10972289274528468, -0.39627913470296483, -0.16357290652832068, -0.056726321614256614, 0.4645266232202696, -0.00968534601506077, 0.6015800225420056, -0.18855291333167234, 0.6834264417529592, 0.8965123340610353, -0.4439450450602045, -0.4134027140106171, 0.2511203779433415, 0.6379717069357294, -0.5623775841523002, -0.5718072940119723, 0.5904177202231667, -0.17008934964758882, -0.24478547821203578, -0.2115055305137542, 0.3137320707133502, -0.1831437890200498, 0.8367989263413904, 0.7346763555385865, -0.6077945143661658, 0.46472206400892, 0.9976415580758635, 0.059817574693165954, -0.8847739134406338, 0.7622202189340372, -0.20389407488020206, 0.12915555451170402, -0.1915662980083086, 0.46054283051131306, -0.9669743841003544, -0.16360751380236727, 0.3781900016111448, -0.5877229780062603, 0.2932950304229449, 0.00016093627803792643, -0.7218507821984477, -0.7141714837764728, 0.7811401733908476, -0.28518265952511923, -0.480863041688268, -0.8727841227887965, 0.532321156179568, 0.6133946011520179, 0.169810785574106, 0.25862209319652396, -0.8462293181281286, 0.8413522324287122, 0.3548317531588463, 0.6162929771713213, -0.8356677165559185, 0.7525138367462887, 0.4979542782185875, -0.7777808930422476, 0.9334386451121843, -0.6749554665144442, -0.3528470258170169, 0.906162666575153, -0.9010733175921837, -0.23672580820625067, 0.40820005060605347, 0.9141277441940563, 0.6704006968712202, -0.6080513913279939, -0.011067788016227098, 0.6074021396273395, 0.18761809891506687, 0.1993345726170137, 0.10530275926714228, 0.7809903583681574, -0.09714509012960248, -0.45232988950372066, 0.9213636474420608, -0.07673652761925776, 0.2734273375270624, 0.9807582108575423, -0.7199375469423763, -0.23916387337673523, 0.872901157920396, -0.39479765627254304, 0.7737842708496832, -0.4498186934897366, -0.7002196868103129, 0.427172967678358, -0.9790492755800642, 0.5973818105777586, -0.7119151647528019, 0.5035321956582044, 0.26661314526101854, 0.8562889669214571, -0.2678656291857653, 0.008602701906805788, 0.15992760729181366, -0.3776792604530437, 0.48952148192378164]
101.98367309570312	(8, 12, 2)	[0.3731843539128825, 0.27902359353080297, -0.08567307157580006, 0.17549378233429058, 0.6549829018951847, 0.9229961808990401, -0.2598437353489984, -0.8982377193147544, 0.39079273364065403, -0.9013990990383847, 0.22370121931178155, 0.9355214152917108, -0.6410804789607892, -0.3350679094685771, -0.14405022729874228, 0.3340790268856675, -0.18674289363782837, 0.06109309852497127, -0.1299133555508567, 0.28217235313305933, 0.20157048389659127, 0.10972289274528468, -0.46536728624332957, 0.6008923018649128, 0.47871039812667204, 0.8016308951134843, -0.205526367582207, 0.9949696751479913, 0.6194061876432662, 0.5146458199115971, 0.7813219487965761, 0.027899263958240716, 0.69815748858634, -0.512249626553616, -0.8003972936484989, -0.5623775841523002, -0.32680359560715444, -0.038283745413079995, -0.17008934964758882, 0.29062794919735535, -0.47876510427369445, 0.1872121333060605, -0.10292527480040903, 0.09259895654702954, -0.6957265763180336, -0.7342884748951597, 0.46472206400892, -0.004372405725214579, -0.5658006199308125, -0.6780795697095903, 0.4038780053953741, 0.25286980713272844, -0.9030404076900729, -0.8129420316304585, 0.015556870912218024, 0.06630238146829859, -0.16360751380236727, 0.3781900016111448, -0.19553944220711839, 0.7878427270358064, -0.008073183199653888, -0.4233238208194958, 0.24899572044715113, 0.9970756367445288, -0.5842655318801093, -0.480863041688268, -0.8727841227887965, -0.6710634946199352, -0.5702791375647185, 0.4390626919361684, -0.8248463074417349, -0.6366864782480417, -0.17731701244270415, -0.7113541338265725, 0.6162929771713213, -0.6314487990220914, -0.2471787663802818, 0.4979542782185875, -0.7777808930422476, 0.9334386451121843, 0.9779095581243638, 0.5910464293776436, 0.0535190973670947, 0.6840786430284489, -0.6743530249660479, 0.6839070289732134, 0.7397404599210409, 0.2714025090830585, -0.4464179921850038, -0.6494269211725991, -0.7380735796404166, 0.963632085332816, 0.2741011190954934, -0.41260404791707783, -0.29145946289263636, -0.25870966881484025, -0.1226985924995696, 0.8471407953349412, -0.07673652761925776, -0.14606912935704863, 0.8092791618944952, -0.46376595499577644, -0.8324057795673194, 0.21327328493334896, 0.2504380143686306, 0.7778544081527246, -0.8615192330339121, -0.096712789616203, 0.4042068825259504, -0.6773537426749117, 0.5042954687124961, -0.7119151647528019, -0.09922070730704302, -0.9931385002340327, 0.8071081170268575, 0.4440606120283992, 0.9416948689974949, -0.8301685290007641, -0.6291834964446548, -0.8261772920935869]
101.77521514892578	(8, 12, 2)	[0.6547031146686935, 0.3071921341426577, -0.08567307157580006, -0.6615956580795488, -0.37620563901139836, 0.9229961808990401, 0.3247405012050475, -0.38703588842595016, -0.689187573925578, 0.11167690337012615, 0.22370121931178155, 0.4416645916098165, 0.40702060237029714, -0.981351250570911, -0.14405022729874228, 0.18857807501564383, -0.6694099691975188, 0.06109309852497127, -0.1139444260451572, -0.31638868583989765, -0.7365819774112701, 0.20834495472880854, -0.39627913470296483, 0.9146079210895781, 0.5746326947259743, 0.4645266232202696, 0.04225345638179421, -0.3232840628296967, 0.5544145711345108, 0.5515615741531671, 0.7813219487965761, 0.027899263958240716, -0.2169469267637565, 0.8078557842551566, -0.1980639500330349, -0.6688230047491386, -0.33524209071408895, 0.8115368446880329, -0.17384756394994438, -0.24478547821203578, 0.7247102306739555, -0.11291957126606156, 0.5115860298252812, 0.12642792441219508, -0.6957265763180336, -0.7342884748951597, 0.6694409189056632, 0.12277107107395402, 0.059817574693165954, -0.6780795697095903, 0.08809197068355012, -0.23601337043431753, -0.62520034711424, 0.2619555678106722, 0.3498224757983541, 0.35078577621480567, -0.16360751380236727, 0.3781900016111448, -0.5436181471522248, 0.014880861234302989, -0.1616639455160882, -0.6890166629708041, -0.6670944250116673, 0.7811401733908476, -0.3880063361071744, -0.872602113546687, -0.33521993310842113, 0.42493809905382096, -0.5702791375647185, 0.4390626919361684, -0.05953800994212784, -0.33825926102397363, -0.34003546201903134, -0.7113541338265725, 0.6162929771713213, 0.9293857025575605, 0.7748741091508744, -0.8047875287154762, 0.2683339304401322, -0.1440794701791106, -0.5493682436968645, -0.6087421911748877, 0.23700650200287146, 0.6840786430284489, 0.06849150232809564, 0.858743047495155, 0.27219362423822546, 0.28722128672322067, 0.12697303333943388, -0.7870660152594011, -0.10911657434274291, 0.18761809891506687, 0.30601797112059526, -0.03878195609430968, -0.689016793780282, 0.9124303806615879, -0.45232988950372066, 0.1296848819827433, 0.33017842582803025, 0.6551663141532096, 0.1273908602059699, 0.6651737478138033, -0.7609375859760876, -0.8922003454537721, -0.20423303920713387, 0.3744889660882096, 0.1459991956166923, -0.13309421772416763, -0.8256424052605875, 0.4635408146621828, 0.5973818105777586, -0.1112876556437219, 0.5035321956582044, 0.19311666535581984, 0.3968157863383075, -0.6220805556437261, -0.669412113447148, 0.2698662814025554, 0.6407955817078559, -0.7086423873304244]
101.99149322509766	(8, 12, 2)	[0.33014145735220773, -0.7945919010790188, 0.7511054286338472, 0.17549378233429058, 0.35617971094728196, 0.9229961808990401, 0.14109774671663544, 0.1221441405452468, 0.39079273364065403, -0.1098744621784482, -0.06921804075173243, 0.9509356428089932, 0.40702060237029714, -0.9091905662419998, -0.14405022729874228, -0.2502071241132928, 0.8329151982717866, 0.5328901212576904, 0.09072697163179197, 0.28217235313305933, -0.6058078176210291, 0.3542746674244077, -0.6569067229302792, 0.9146079210895781, -0.216609209735263, 0.1757120886928587, -0.7221508332443554, 0.6464155610387101, 0.6194061876432662, 0.6834264417529592, 0.8965123340610353, 0.17389950383331043, -0.2169469267637565, 0.5265108342611067, -0.6676622586633325, 0.6418350710843248, -0.6763962689338758, 0.8621580295373799, 0.6788332358919769, -0.7016816277879336, 0.6417106813605593, -0.5486734296561755, 0.8157763096312431, -0.5769583784284904, -0.22327853820493182, 0.3130347199558059, 0.46472206400892, 0.12277107107395402, -0.5394372671025507, -0.8847739134406338, 0.4038780053953741, -0.2344139506585894, -0.9452629026904444, -0.7861480915508949, 0.7372001905876286, -0.9669743841003544, 0.22255623373842082, 0.8009999762774356, -0.8912542608934186, 0.9046045093589377, 0.00016093627803792643, -0.6520801574924129, -0.7426989676056239, -0.08509491825485568, 0.10317646952150983, -0.872602113546687, 0.26505268256644565, 0.42214711433639773, -0.05368138869977068, -0.2681140546373215, -0.4294628175051207, 0.1571908113294056, -0.34003546201903134, 0.5284191701256022, 0.6162929771713213, 0.1838598680053598, -0.0025781770883466226, -0.07094695931981532, -0.16482853082358573, 0.22417428191992195, 0.8168329904865058, 0.5663558470502323, 0.3449907933088552, -0.3545737980822876, 0.861294884772491, -0.782161075004606, -0.23025273696729287, 0.6704006968712202, 0.12697303333943388, -0.831380659813608, -0.8198289698437136, 0.9981750374629927, 0.4083394671221334, 0.7596318978067522, 0.7648095823295362, -0.8309017609126681, -0.5537860656951281, -0.47282389749527387, -0.07673652761925776, 0.9751050226657618, 0.8092791618944952, -0.8961874913878254, -0.8932238884142512, 0.4010994836423454, 0.17128270014959823, 0.3744889660882096, -0.8615192330339121, 0.5442453189403338, -0.8006610553481137, -0.6773537426749117, 0.5973818105777586, -0.39695672931099435, -0.2613246884008871, 0.8508309212102187, -0.6708227285777979, -0.02393869441743446, -0.28136994901463175, -0.8301685290007641, 0.8436678797184605, -0.5862317901122478]
101.94522094726562	(8, 12, 2)	[-0.49063180458388245, -0.09464715370611265, 0.7511054286338472, -0.6615956580795488, 0.9287207938606985, 0.9229961808990401, -0.6693032620926576, -0.6183687058907483, 0.3621148153903395, 0.9082793363779067, 0.5673561279110761, 0.4416645916098165, -0.36832439956438146, -0.3387422226604928, -0.5367493868146167, 0.7948243494074736, -0.013374052448921647, 0.06109309852497127, -0.1139444260451572, 0.28217235313305933, -0.7365819774112701, 0.10972289274528468, -0.39627913470296483, 0.7783944488437748, 0.5746326947259743, -0.25391550614447866, 0.6122119165024269, 0.6464155610387101, 0.6194061876432662, 0.557798092036244, 0.32167572388794086, 0.4532282712294249, -0.2169469267637565, 0.2511203779433415, -0.32577045245044617, 0.6418350710843248, 0.25949735125695383, -0.038283745413079995, -0.17384756394994438, 0.29062794919735535, 0.6417106813605593, -0.5708087002726232, -0.9852779479615716, -0.8915455474399174, -0.4046401615228181, 0.3130347199558059, 0.21437128630706637, 0.9595269976213439, 0.059817574693165954, 0.7516461366285487, 0.7490847468698366, 0.25286980713272844, 0.15170964808769982, 0.8757681323280786, -0.6451943354520853, 0.35078577621480567, 0.16972883392817262, 0.8009999762774356, 0.7851039053810909, 0.014880861234302989, -0.1616639455160882, -0.6520801574924129, -0.6670944250116673, 0.7811401733908476, -0.9638818235215683, -0.4263446353802991, -0.12631644883935844, 0.804754474968786, 0.671880221904779, -0.2665945507579497, 0.3213878008206954, -0.33825926102397363, -0.20676880851087037, 0.3548317531588463, 0.7393142706812519, -0.9297938568679653, 0.6875673937487887, -0.4931754604976486, -0.7777808930422476, 0.2525148999449751, -0.7863455216652742, -0.6087421911748877, -0.4298027218257685, -0.3545737980822876, -0.7338841215693315, 0.858743047495155, -0.22554794222565863, 0.28722128672322067, 0.12697303333943388, -0.805674241976894, -0.8198289698437136, -0.2651614478810864, 0.2741011190954934, -0.8466190463397543, -0.29145946289263636, 0.06316505723198995, -0.4077101513640336, 0.8471407953349412, 0.33017842582803025, -0.45216525961349735, 0.1273908602059699, -0.467534255061139, 0.44756559152844555, 0.6147643478914744, -0.39479765627254304, -0.9771103095006295, 0.3059258363561208, -0.13309421772416763, -0.05370969432745354, 0.010698895024086275, -0.0528385245563332, -0.32272435593964843, 0.9297347012019943, 0.19311666535581984, -0.45291479879189667, -0.8325272840098921, -0.669412113447148, -0.6182038646884536, -0.5367821701780198, -0.5862317901122478]
101.99626159667969	(8, 12, 2)	[-0.49063180458388245, -0.09464715370611265, -0.0759415069180207, -0.6615956580795488, 0.7545520990201817, -0.431388540125345, -0.6693032620926576, -0.6183687058907483, 0.3621148153903395, 0.9082793363779067, 0.5673561279110761, 0.4416645916098165, -0.36832439956438146, -0.9091905662419998, -0.5367493868146167, 0.7948243494074736, -0.6694099691975188, 0.10936721881449318, -0.1139444260451572, -0.3088856286639763, -0.7365819774112701, 0.15969789265954537, -0.39627913470296483, 0.7783944488437748, 0.5746326947259743, 0.1757120886928587, 0.6122119165024269, -0.3232840628296967, 0.6194061876432662, 0.557798092036244, 0.7813219487965761, 0.2864866020413497, 0.69815748858634, 0.2511203779433415, 0.3910675423689247, -0.22904506247404788, -0.6435960259735312, -0.038283745413079995, -0.17384756394994438, -0.24478547821203578, 0.6417106813605593, -0.5708087002726232, -0.9852779479615716, -0.8915455474399174, -0.4046401615228181, 0.3130347199558059, 0.21437128630706637, -0.9946528285172287, 0.059817574693165954, 0.7516461366285487, 0.7490847468698366, -0.03494252004922305, -0.9452629026904444, -0.7861480915508949, 0.3531082237131715, 0.832158915960769, 0.16972883392817262, 0.8009999762774356, 0.7851039053810909, 0.014880861234302989, 0.738030677295674, -0.6520801574924129, 0.24899572044715113, 0.7811401733908476, -0.9638818235215683, -0.4263446353802991, -0.33521993310842113, 0.804754474968786, 0.671880221904779, -0.2681140546373215, -0.4294628175051207, -0.33825926102397363, -0.17731701244270415, 0.3548317531588463, 0.9328766403739344, -0.9297938568679653, -0.2471787663802818, -0.4931754604976486, 0.2758627513283973, 0.2525148999449751, 0.16096750584052288, -0.6321845287079202, -0.4298027218257685, -0.9119841718233856, -0.23920117666099805, 0.858743047495155, -0.22554794222565863, 0.28722128672322067, 0.12697303333943388, -0.10315441603748243, -0.8198289698437136, -0.2651614478810864, 0.2741011190954934, -0.8466190463397543, 0.8874862668521697, 0.06316505723198995, -0.42546908292433594, -0.47282389749527387, 0.33017842582803025, 0.9751050226657618, 0.1273908602059699, -0.467534255061139, 0.44756559152844555, 0.6147643478914744, -0.39479765627254304, -0.9771103095006295, -0.7813476807195898, -0.13309421772416763, -0.05370969432745354, -0.6443973963857159, -0.0528385245563332, -0.32272435593964843, 0.9297347012019943, 0.19311666535581984, -0.6708227285777979, -0.8325272840098921, 0.9511102626708854, -0.6182038646884536, -0.5367821701780198, -0.5862317901122478]
101.99543762207031	(8, 12, 2)	[0.9959245438040694, 0.6394281644293747, 0.1291562503968442, 0.17549378233429058, 0.7545520990201817, 0.9229961808990401, 0.403400931964265, -0.45752647163938764, 0.39079273364065403, 0.11167690337012615, 0.3822449223918938, -0.01045112130404191, -0.6410804789607892, -0.9196196292680194, -0.14405022729874228, 0.7948243494074736, -0.6694099691975188, -0.46669888968344164, -0.1299133555508567, 0.28217235313305933, -0.428745922050084, 0.20834495472880854, -0.46536728624332957, 0.5532175951785556, -0.5342984565682167, -0.6594817256468628, -0.205526367582207, -0.5630721766112285, 0.5544145711345108, 0.42726343092240904, 0.7813219487965761, 0.17389950383331043, -0.2169469267637565, -0.512249626553616, 0.31939690170251356, 0.30136799714681883, -0.32680359560715444, 0.01231721483000952, 0.19153034256748908, 0.6041337926494743, 0.5051764242914876, -0.11291957126606156, -0.05117411431657045, 0.8476208798700184, -0.6957265763180336, -0.08047109657073137, 0.46472206400892, -0.004372405725214579, 0.26524067925506967, -0.6780795697095903, -0.7540989208133377, -0.03494252004922305, -1.0, 0.2619555678106722, 0.7372001905876286, 0.6285692570537756, 0.35014089002831916, 0.32943440135957647, 0.7851039053810909, 0.8341194679020463, -0.043634325381952666, -0.4233238208194958, 0.5319629223884839, -0.7850671507042686, -0.1557419551682615, -0.872602113546687, -0.8727841227887965, -0.05097474847075589, 0.671880221904779, 0.4390626919361684, -0.4294628175051207, -0.8462293181281286, -0.17731701244270415, -0.7113541338265725, 0.9328766403739344, 0.6872348638541055, -0.2471787663802818, -0.9093865719340488, -0.22231146422488934, -0.1440794701791106, 0.44351325840084654, 0.2881457290125813, -0.028204453002471847, -0.9010733175921837, 0.861294884772491, 0.9075791214394402, -0.8575537872544783, -0.7250621972137417, 0.12697303333943388, -0.5383685486846908, -0.10911657434274291, -0.2651614478810864, 0.2741011190954934, -0.3957722645263512, -0.29145946289263636, -0.25870966881484025, -0.1226985924995696, 0.9213636474420608, 0.3663345076806088, -0.14606912935704863, 0.8092791618944952, 0.7761966920994277, 0.44756559152844555, 0.21327328493334896, -0.11798741239553068, 0.7778544081527246, 0.4276804162211738, -0.096712789616203, -0.8006610553481137, -0.9790492755800642, 0.356994059996824, -0.7119151647528019, 0.6851639447036406, 0.6929580336269507, -0.4349649770255679, -0.9052186563701947, -0.9366719864579214, -0.8301685290007641, -0.22129251960082041, -0.7657183146405957]
101.98931121826172	(8, 12, 2)	[0.9959245438040694, -0.7655209634774789, -0.14343941303148555, 0.17549378233429058, 0.35617971094728196, 0.8951597577806711, 0.14109774671663544, -0.6183687058907483, 0.39079273364065403, 0.11167690337012615, 0.36973942824651856, 0.9509356428089932, -0.6532998570066952, 0.27267182614107677, 0.1495995881490393, 0.8348859453598931, 0.14276900526344583, -0.24565575399206852, -0.1139444260451572, -0.8207668992979278, -0.43177249344053514, -0.38700229962799265, -0.46536728624332957, -0.23462533771245142, 0.5746326947259743, -0.25391550614447866, -0.6158047400888216, 0.6464155610387101, 0.5939106732675834, 0.6485993925473301, 0.32167572388794086, 0.2864866020413497, -0.904825351828064, -0.6649560157602785, 0.6379717069357294, 0.6418350710843248, -0.5718072940119723, 0.01231721483000952, 0.6250194933940458, 0.29062794919735535, -0.47876510427369445, -0.5486734296561755, 0.24386425246058874, 0.8476208798700184, -0.4046401615228181, -0.6077945143661658, 0.5690100890433776, -0.8470457373148328, 0.26524067925506967, 0.4396896144978799, 0.4038780053953741, -0.2344139506585894, 0.7469396108280411, 0.09782752639594428, -0.6451943354520853, 0.35078577621480567, 0.35014089002831916, 0.32943440135957647, 0.7851039053810909, -0.7668325655645623, -0.043634325381952666, 0.5842595157811541, -0.24136927521755847, 0.11032993782858136, -0.9638818235215683, -0.872602113546687, 0.26505268256644565, 0.804754474968786, -0.5702791375647185, -0.2665945507579497, 0.25862209319652396, -0.8462293181281286, -0.20676880851087037, 0.6045452779877043, 0.7393142706812519, -0.7218803137797225, -0.2471787663802818, 0.305723574009047, -0.7777808930422476, 0.8576445949874849, -0.7863455216652742, -0.3528470258170169, 0.3449907933088552, 0.6840786430284489, 0.861294884772491, -0.782161075004606, -0.2885838864492438, 0.28722128672322067, 0.980464000771583, -0.10315441603748243, -0.8677278588429019, 0.963632085332816, 0.4083394671221334, -0.41260404791707783, 0.8390255830348736, 0.5991900899254614, -0.07161828247429192, 0.9213636474420608, 0.9434362709678219, 0.8548042708267864, -0.7804639685024133, 0.7761966920994277, 0.44756559152844555, 0.21327328493334896, -0.47615063767095694, 0.7816681772416516, 0.10807398228290732, 0.5442453189403338, -0.05370969432745354, -0.6443973963857159, 0.511654627114144, -0.7119151647528019, 0.9297347012019943, 0.8508309212102187, -0.4349649770255679, 0.2634716665223047, -0.28136994901463175, -0.6182038646884536, -0.15080260614837981, -0.7086914566894258]
101.99519348144531	(8, 12, 2)	[1.0, 0.2282252414207533, -0.49546472847387646, 0.7970174714297382, 0.7545520990201817, -0.7089705240564745, 0.35853772519053817, -0.5224902499952266, 0.39079273364065403, -0.9013990990383847, -0.8444124621011403, 0.9355214152917108, -0.3472296311794442, 0.11687577708381025, -0.20381581464339496, 0.8348859453598931, 0.686326669312582, -0.46669888968344164, -0.1299133555508567, 0.28217235313305933, -0.428745922050084, -0.8051171038503264, -0.46536728624332957, 0.9146079210895781, -0.4686086240195684, 0.8016308951134843, -0.7221508332443554, -0.5630721766112285, -0.7763405259081557, 0.6485993925473301, -0.11520967973246976, -0.9759756978875109, -0.2169469267637565, -0.6649560157602785, -0.745296395048165, -0.6688230047491386, -0.33524209071408895, -0.17111763713499362, 0.6971403707213586, -0.24478547821203578, 0.6417106813605593, -0.6240185099489801, 0.8157763096312431, 0.7017377886914506, 0.9942402376140222, -0.6077945143661658, 0.46472206400892, -0.12435198185642138, 0.059817574693165954, -0.11781413532427543, 0.9981608062878427, 0.18933246616254668, 0.18114229625533285, 0.2619555678106722, -0.6451943354520853, 0.3179131344638777, 0.35014089002831916, 0.32943440135957647, 0.7815919961519442, 0.8341194679020463, -0.1616639455160882, -0.4233238208194958, 0.5319629223884839, 0.7811401733908476, -0.9638818235215683, -0.35057184769521066, -0.33521993310842113, -0.6980079446752695, 0.671880221904779, -0.2665945507579497, -0.37917635587079757, -0.4650916606509294, 0.02658266501683859, 0.5777373642943722, 0.6162929771713213, 0.31444260026406134, 0.7748741091508744, 0.38738261597830204, -0.7777808930422476, 0.22417428191992195, -0.7863455216652742, 0.0673358485602451, -0.03097233460109613, -0.3545737980822876, -0.7338841215693315, -0.8327523314280547, 0.27219362423822546, -0.7673344563287687, 0.980464000771583, -0.10315441603748243, -0.10911657434274291, 0.7451410949926058, 0.1162174182218847, -0.4551093926034795, -0.04021241456511282, -0.7427219327083685, -0.1226985924995696, -0.5821100526148864, 0.3663345076806088, 0.7202350057353416, -0.7804639685024133, 0.7033383667485482, 0.12464328849642205, -0.8922003454537721, -0.11798741239553068, 0.7778544081527246, -0.7813476807195898, 0.5442453189403338, 0.4042068825259504, 1.0, 0.5042954687124961, -0.1112876556437219, 0.9297347012019943, 0.3905886175506088, -0.24121134581483372, -0.2678656291857653, -0.9366719864579214, -0.8301685290007641, -0.2817816175785352, 0.6706208577854984]
101.9959945678711	(8, 12, 2)	[-0.15359809802578583, -0.09464715370611265, 0.04134502617574434, -0.6615956580795488, 0.5899760117727768, 0.9229961808990401, -0.6584209512162478, -0.45752647163938764, 0.39079273364065403, 0.11167690337012615, 0.43326408134121763, 0.9509356428089932, -0.6532998570066952, -0.9059874104666312, -0.23304868919246258, 0.8348859453598931, -0.2095697097524032, -0.24565575399206852, 0.09072697163179197, -0.8207668992979278, -0.428745922050084, -0.8051171038503264, -0.46536728624332957, -0.23462533771245142, 0.5746326947259743, -0.46964939135437866, -0.7221508332443554, 0.6464155610387101, -0.18855291333167234, 0.6485993925473301, 0.7813219487965761, 0.4532282712294249, -0.2169469267637565, -0.6649560157602785, 0.8356863849040503, -0.6688230047491386, -0.5718072940119723, 0.5904177202231667, 0.6250194933940458, -0.9618144615043729, -0.47876510427369445, -0.9277928810281661, 0.24386425246058874, -0.8402203355619944, -0.4046401615228181, -0.6077945143661658, -0.22930890556171302, -0.05607164965410959, 0.059817574693165954, -0.6780795697095903, 0.4038780053953741, -0.2344139506585894, 0.7469396108280411, 0.2619555678106722, -0.5894425694558225, 0.3179131344638777, -0.16360751380236727, 0.8009999762774356, 0.7851039053810909, 0.2932950304229449, -0.1616639455160882, -0.6520801574924129, -0.6670944250116673, 0.7811401733908476, -0.3880063361071744, -0.35057184769521066, -0.9503979285544175, -0.6710634946199352, -0.5702791375647185, 0.6462912674937589, -0.8248463074417349, -0.8462293181281286, 0.02658266501683859, -0.7113541338265725, 0.9328766403739344, 0.6872348638541055, 0.6875673937487887, -0.4931754604976486, -0.7777808930422476, -0.1440794701791106, 0.9779095581243638, -0.6087421911748877, 0.23700650200287146, 0.6840786430284489, 0.099692577084949, -0.8678411611607348, -0.8575537872544783, 0.32057900762856434, -0.2687483473644545, -0.831380659813608, 0.5189366797530683, -0.44147929689687526, 0.06569340248843991, -0.8981369002583726, -0.689016793780282, 0.06316505723198995, -0.5537860656951281, 0.9213636474420608, 0.33017842582803025, -0.45216525961349735, 0.8092791618944952, 0.7761966920994277, -0.8932238884142512, 0.21327328493334896, -0.47615063767095694, 0.3744889660882096, -0.7813476807195898, -0.09219068822738948, -0.19607684914063994, 0.010698895024086275, 0.5973818105777586, 0.6118916935593564, 0.9297347012019943, 0.26661314526101854, 0.37631415681832614, 0.2634716665223047, -0.669412113447148, -0.6182038646884536, -0.15080260614837981, 0.6706208577854984]
101.98873138427734	(8, 12, 2)	[0.3731843539128825, -0.39220007186591355, -0.14343941303148555, 0.22888478212339725, -0.37620563901139836, 0.9229961808990401, 0.35853772519053817, -0.8982377193147544, 0.39079273364065403, -0.6831653223380882, 0.35643751740879603, 0.2865117065689684, 0.21193738660954575, 0.11687577708381025, -0.14405022729874228, 0.607709290427237, 0.14276900526344583, -0.8665737198204451, -0.24523806343885712, -0.3088856286639763, -0.6058078176210291, 0.15969789265954537, -0.15402309181910306, 0.9146079210895781, 0.5746326947259743, 0.4645266232202696, -0.08729031555727851, -0.3232840628296967, 0.6194061876432662, 0.8098648038849368, -0.6002219599151859, 0.16791261531485335, 0.69815748858634, 0.8078557842551566, 0.5855516890696413, -0.47772311009222324, -0.6435960259735312, -0.17111763713499362, 0.6788332358919769, -0.011369597583668734, 0.46792886075287393, -0.11291957126606156, 0.24386425246058874, 0.7017377886914506, 0.09245819304714624, 0.3130347199558059, 0.5690100890433776, 1.0, -0.3373988252705655, -0.6780795697095903, -0.8075451652443004, -0.8307665371548429, -0.9452629026904444, 0.09782752639594428, -0.03048803013444361, -0.9669743841003544, 0.35014089002831916, 0.4290690502126908, 0.7851039053810909, 0.7878427270358064, 0.02272497036237503, -0.6890166629708041, 0.24899572044715113, -0.025172750695754864, -0.1557419551682615, 0.38596412867030794, -0.9503979285544175, -0.13247018092268692, 0.23262781190161408, -0.2665945507579497, -0.8248463074417349, -0.8462293181281286, -0.20676880851087037, 0.24016390705220175, -0.7087912990280545, 0.31444260026406134, 0.7521325566182113, 0.305723574009047, -0.22231146422488934, -0.23861627012031406, -0.9950100832976398, 0.5663558470502323, 0.34379715809627037, 0.6840786430284489, 0.861294884772491, 0.5894343000144411, -0.23025273696729287, 0.6704006968712202, -0.6080513913279939, -0.6650710485965687, -0.8198289698437136, -0.2651614478810864, 0.05938044309006574, -0.8466190463397543, -0.689016793780282, 0.06316505723198995, -0.8651346285792361, 0.5374894049741064, 0.33017842582803025, 0.6551663141532096, -0.7804639685024133, -0.7199375469423763, -0.7119928058286107, -0.871258281898159, -0.11798741239553068, 0.3744889660882096, 0.21405981297313653, -0.096712789616203, -0.8256424052605875, 0.26046255166204113, 0.9518845507920306, 0.7404692118393519, 0.9297347012019943, 0.19311666535581984, -0.8684685089160173, -0.2678656291857653, 0.9511102626708854, 0.2698662814025554, -0.15080260614837981, -0.5862317901122478]
101.9826889038086	(8, 12, 2)	[0.9959245438040694, 0.2282252414207533, 0.1291562503968442, 0.6393555121540202, 0.35617971094728196, 0.9229961808990401, 0.35853772519053817, -0.7402974031947653, 0.39079273364065403, 0.11167690337012615, 0.36973942824651856, 0.9055777608411034, 0.21193738660954575, -0.3387422226604928, -0.7867149173205903, 0.7948243494074736, 0.8329151982717866, -0.8665737198204451, -0.401615367763297, -0.31638868583989765, -0.43177249344053514, 0.10972289274528468, 0.594940903729893, 0.9146079210895781, -0.13041579030449513, -0.25391550614447866, -0.205526367582207, -0.5630721766112285, 0.8492209532201767, 0.8098648038849368, 0.7813219487965761, 0.2864866020413497, -0.2169469267637565, -0.6649560157602785, -0.745296395048165, -0.6688230047491386, 0.25949735125695383, 0.15121127814103386, 0.6250194933940458, 0.29062794919735535, 0.8825257734691497, -0.2646788540305238, -0.020262624467925053, -0.8915455474399174, 0.09245819304714624, 0.5680923995239371, 0.6694409189056632, -0.9522361468808753, 0.24597235290373115, -0.6780795697095903, 0.5799031372195522, -0.2344139506585894, -0.9452629026904444, -0.7861480915508949, 0.015556870912218024, -0.9669743841003544, -0.16360751380236727, 0.3781900016111448, -0.21075282108773327, -0.7668325655645623, 0.05332041442501079, -0.7912048100892002, 0.5319629223884839, -0.7850671507042686, -0.9638818235215683, -0.872602113546687, -0.12631644883935844, -0.05097474847075589, -0.5668712666321196, 0.4390626919361684, 0.25862209319652396, 0.1571908113294056, -0.20676880851087037, 0.5284191701256022, -0.7087912990280545, 0.2491209614287712, 0.7521325566182113, 0.38738261597830204, 0.2683339304401322, 0.22417428191992195, 0.7701258735680612, 0.5663558470502323, 0.23700650200287146, -0.9119841718233856, -0.88355915293109, 0.5332850946735531, -0.3554020596025411, -0.7673344563287687, 0.12697303333943388, -0.6650710485965687, -0.8198289698437136, 0.7451410949926058, 0.4083394671221334, 0.10530275926714228, -0.04021241456511282, -0.28186309322794956, -0.1226985924995696, 0.9217651600144812, 0.33017842582803025, -0.6295886097923515, -0.7804639685024133, 0.2928986444212913, -0.6633696137037339, 0.6147643478914744, -0.20423303920713387, 0.7778544081527246, 0.21405981297313653, -0.096712789616203, -0.8256424052605875, -0.6443973963857159, 0.9518845507920306, 0.7404692118393519, 0.6851639447036406, 0.8508309212102187, -0.45291479879189667, -0.2678656291857653, -0.9366719864579214, -0.6182038646884536, -0.15080260614837981, -0.6766203516935081]
101.95346069335938	(8, 12, 2)	[-0.15359809802578583, -0.09464715370611265, 0.22307169383645897, 0.7970174714297382, 0.35617971094728196, 0.8951597577806711, 0.35853772519053817, -0.45752647163938764, 0.39079273364065403, -0.16171609069789072, 0.5673561279110761, 0.9355214152917108, -0.3472296311794442, -0.981351250570911, 0.8960942304539588, 0.7948243494074736, 0.14276900526344583, 0.06109309852497127, 0.42773463279088175, 0.42359575882731026, 0.3822516306571573, 0.3542746674244077, -0.39627913470296483, 0.9146079210895781, -0.611129053722399, 0.8016308951134843, -0.7221508332443554, 0.6464155610387101, 0.6194061876432662, 0.6485993925473301, 0.8965123340610353, 0.4532282712294249, -0.2169469267637565, 0.8261304852711084, -0.01447871538327844, -0.06137339950539533, -0.6384322725003182, -0.038283745413079995, -0.20199342778374235, -0.24478547821203578, 0.8825257734691497, -0.11291957126606156, 0.24386425246058874, -0.5058210308561688, 0.09245819304714624, -0.6077945143661658, -0.11415925855497, -0.9069551568155588, -0.5077078933447214, -0.6780795697095903, 0.7813770557577298, 0.9450149615284913, -0.9452629026904444, -0.9316315918313323, 0.3531082237131715, -0.9669743841003544, -0.16360751380236727, 0.32943440135957647, 0.7815919961519442, 0.8341194679020463, 0.738030677295674, -0.4233238208194958, -0.5250841491737954, 0.7811401733908476, 0.10925537386150896, -0.520105208421308, -0.33521993310842113, -0.13247018092268692, 0.671880221904779, -0.7610169203941044, 0.3213878008206954, 0.1571908113294056, -0.25608907110416207, 0.6045452779877043, 0.6162929771713213, 0.31444260026406134, 0.7748741091508744, -0.07094695931981532, -0.22231146422488934, 0.9334386451121843, 0.9779095581243638, 0.0673358485602451, -0.03097233460109613, 0.6840786430284489, 0.06849150232809564, -0.782161075004606, 0.27219362423822546, 0.28722128672322067, 0.12697303333943388, -0.831380659813608, 0.830852330751926, -0.2651614478810864, 0.30601797112059526, -0.4551093926034795, -0.04021241456511282, 0.06316505723198995, -0.5482225421406524, -0.5821100526148864, 0.33017842582803025, -0.45216525961349735, -0.7804639685024133, 0.6651737478138033, -0.8932238884142512, 0.21327328493334896, -0.39479765627254304, 0.7691653111342813, 0.4276804162211738, -0.6628257388375288, -0.19607684914063994, -0.9790492755800642, 0.5973818105777586, -0.1112876556437219, -0.2613246884008871, -0.9931385002340327, 0.37631415681832614, -0.8325272840098921, -0.669412113447148, -0.796133727297623, -0.5367821701780198, -0.5862317901122478]
101.99345397949219	(8, 12, 2)	[-0.15359809802578583, 0.2282252414207533, -0.0759415069180207, -0.7500905834942657, 0.35617971094728196, 0.8951597577806711, 0.35853772519053817, -0.45752647163938764, 0.39079273364065403, 0.5674014129263563, -0.07318232515114036, 0.9355214152917108, 0.21193738660954575, -0.981351250570911, 0.8960942304539588, 0.7948243494074736, 0.14276900526344583, -0.2610160692730539, 0.4193957116531484, 0.42359575882731026, -0.006560819989308131, -0.8051171038503264, -0.39627913470296483, 0.9146079210895781, -0.611129053722399, 0.8016308951134843, -0.7221508332443554, 0.6464155610387101, 0.6194061876432662, 0.6485993925473301, -0.6002219599151859, 0.4532282712294249, -0.2169469267637565, -0.6649560157602785, 0.8356863849040503, -0.06137339950539533, -0.6384322725003182, -0.038283745413079995, -0.17384756394994438, -0.2294112631711982, 0.6417106813605593, -0.11291957126606156, 0.5115860298252812, -0.5058210308561688, 0.09245819304714624, -0.6077945143661658, 0.46472206400892, -0.9069551568155588, 0.059817574693165954, -0.6780795697095903, -0.7540989208133377, -0.2344139506585894, -0.9452629026904444, -0.9316315918313323, -0.6451943354520853, -0.9669743841003544, -0.16360751380236727, 0.4290690502126908, -0.5877229780062603, 0.8341194679020463, 0.738030677295674, 0.5842595157811541, -0.5250841491737954, -0.7850671507042686, 0.10925537386150896, -0.520105208421308, -0.33521993310842113, -0.13247018092268692, 0.671880221904779, -0.39772611254843904, 0.03803165880440185, -0.8462293181281286, -0.17731701244270415, -0.37778269952247157, 0.6162929771713213, 0.31444260026406134, 0.7748741091508744, 0.30704959007679467, 0.2683339304401322, 0.22417428191992195, 0.9779095581243638, -0.6087421911748877, -0.03097233460109613, 0.6840786430284489, 0.06849150232809564, -0.782161075004606, 0.27219362423822546, 0.28722128672322067, 0.12697303333943388, -0.831380659813608, 0.830852330751926, -0.2651614478810864, 0.27318630508336, -0.4551093926034795, -0.084097218027956, 0.06316505723198995, -0.5482225421406524, -0.5821100526148864, 0.3663345076806088, -0.45216525961349735, -0.7804639685024133, 0.6651737478138033, -0.8932238884142512, 0.21327328493334896, -0.39479765627254304, 0.7691653111342813, 0.4276804162211738, -0.6628257388375288, -0.8256424052605875, 0.15145694571987373, 0.5973818105777586, -0.7119151647528019, -0.2613246884008871, -0.9931385002340327, 0.37631415681832614, -0.8325272840098921, -0.669412113447148, 0.15992760729181366, 0.8436678797184605, 0.6706208577854984]
101.98551940917969	(8, 12, 2)	[-0.15359809802578583, 0.2282252414207533, 0.1291562503968442, -0.7500905834942657, 0.35617971094728196, 0.9229961808990401, 0.35853772519053817, -0.45752647163938764, 0.39079273364065403, 0.5674014129263563, -0.07318232515114036, 0.9355214152917108, 0.21193738660954575, 0.2360452769025725, 0.8960942304539588, 0.7948243494074736, -0.6081504792511752, -0.2610160692730539, -0.401615367763297, 0.42359575882731026, -0.006560819989308131, 0.10972289274528468, -0.39627913470296483, 0.9146079210895781, -0.611129053722399, 0.8016308951134843, -0.7221508332443554, -0.5630721766112285, 0.5939106732675834, 0.6485993925473301, 0.7813219487965761, 0.4532282712294249, -0.2169469267637565, -0.6649560157602785, 0.8356863849040503, -0.6688230047491386, 0.25949735125695383, 0.15121127814103386, 0.6250194933940458, -0.24478547821203578, 0.6417106813605593, -0.11291957126606156, -0.020262624467925053, -0.5058210308561688, -0.6957265763180336, -0.6077945143661658, 0.46472206400892, -0.9069551568155588, 0.059817574693165954, -0.6780795697095903, -0.7540989208133377, -0.2344139506585894, 0.755737645565767, -0.9316315918313323, -0.6451943354520853, 0.10583070908358394, -0.16360751380236727, 0.3781900016111448, -0.5877229780062603, 0.8341194679020463, 0.738030677295674, 0.5842595157811541, -0.5250841491737954, -0.7850671507042686, -0.9638818235215683, -0.520105208421308, -0.33521993310842113, 0.42493809905382096, 0.671880221904779, -0.39772611254843904, 0.25862209319652396, -0.926781948948775, -0.5295166154243505, 0.5284191701256022, -0.7087912990280545, 0.2621737472817849, 0.7748741091508744, 0.30704959007679467, -0.22231146422488934, 0.3381530260668646, 0.9779095581243638, -0.6087421911748877, -0.03097233460109613, 0.6840786430284489, 0.06849150232809564, -0.782161075004606, 0.27219362423822546, -0.7673344563287687, 0.12697303333943388, -0.831380659813608, -0.8198289698437136, 0.7451410949926058, 0.27318630508336, 0.10530275926714228, -0.04021241456511282, 0.5991900899254614, -0.5482225421406524, -0.5821100526148864, 0.3663345076806088, -0.45216525961349735, -0.7804639685024133, 0.6651737478138033, 0.44756559152844555, 0.6955634293378464, 0.559725276495145, 0.7691653111342813, 0.21405981297313653, -0.6628257388375288, -0.8256424052605875, 0.15145694571987373, 0.9518845507920306, -0.6054589448842236, 0.5605960937190835, 0.3905886175506088, -0.24121134581483372, -0.8325272840098921, -0.669412113447148, 0.15992760729181366, 0.8436678797184605, 0.6706208577854984]
101.97438049316406	(8, 12, 2)	[-0.15359809802578583, -0.39220007186591355, -0.23786585308184457, 0.32891515386743275, 0.6549829018951847, -0.2042741324127786, 0.14109774671663544, -0.45752647163938764, 0.39079273364065403, -0.1098744621784482, -0.17846566719560442, 0.2865117065689684, -0.9197830384769676, 0.11687577708381025, -0.2537475598816269, 0.8348859453598931, -0.22888521467083955, -0.8665737198204451, -0.2525600640807788, -0.8207668992979278, 0.20157048389659127, 0.3542746674244077, -0.46536728624332957, 0.5532175951785556, -0.5347828975732184, -0.25391550614447866, -0.7221508332443554, -0.5630721766112285, -0.7763405259081557, 0.6485993925473301, 0.32167572388794086, 0.4532282712294249, -0.4134027140106171, -0.512249626553616, 0.6379717069357294, -0.06137339950539533, -0.6384322725003182, 0.8621580295373799, 0.6971403707213586, -0.9618144615043729, 0.6417106813605593, -0.11291957126606156, 0.24386425246058874, -0.5058210308561688, -0.4046401615228181, -0.8456526584284704, 0.6694409189056632, 0.9595269976213439, -0.3373988252705655, -0.6780795697095903, 0.9981608062878427, -0.2628364781464882, 0.7469396108280411, 0.2619555678106722, -0.03048803013444361, 0.3179131344638777, 0.35014089002831916, 0.8826737561273117, 0.7851039053810909, 0.2932950304229449, 0.05566497426889051, -0.6890166629708041, 0.24899572044715113, 0.7811401733908476, 0.23929707838282638, -0.35057184769521066, 0.04949458918656324, 0.42214711433639773, -0.6103711873846054, -0.39772611254843904, -0.1699530362995869, 0.1571908113294056, -0.20676880851087037, 0.2912083510855621, -0.16377476407257308, 0.32364435759086685, 0.7842248229786715, 0.4979542782185875, -0.22231146422488934, 0.22417428191992195, -0.7863455216652742, 0.5663558470502323, 0.3449907933088552, 0.6840786430284489, 0.861294884772491, -0.8678411611607348, -0.8575537872544783, 0.28722128672322067, -0.2687483473644545, -0.831380659813608, 0.7538957888860106, -0.2651614478810864, 0.30601797112059526, -0.4551093926034795, -0.04021241456511282, 0.06316505723198995, -0.5537860656951281, 0.9217651600144812, 0.9434362709678219, -0.6295886097923515, 0.8092791618944952, 0.2928986444212913, -0.23916387337673523, 0.21327328493334896, 0.7241057319752288, 0.7778544081527246, -0.8615192330339121, -0.13309421772416763, 0.3218681097019427, -0.6443973963857159, 0.5973818105777586, 0.4609614771800874, 0.5147684453476371, 0.8508309212102187, 0.37631415681832614, -0.02393869441743446, -0.669412113447148, 0.2698662814025554, 0.7486937089431549, -0.6766203516935081]
101.99622344970703	(8, 12, 2)	[-0.49063180458388245, 0.2282252414207533, -0.14343941303148555, -0.6615956580795488, 0.5899760117727768, 0.9229961808990401, 0.14109774671663544, -0.8982377193147544, 0.39079273364065403, 0.981435537998171, 0.3822449223918938, 0.4416645916098165, 0.21193738660954575, 0.11687577708381025, -0.7867149173205903, 0.7948243494074736, -0.18674289363782837, -0.8532314063771709, -0.2438949151538949, 0.28217235313305933, 0.3822516306571573, -0.8051171038503264, -0.0008386822091852597, 0.9146079210895781, -0.4686086240195684, 0.8016308951134843, -0.7221508332443554, -0.23006226908430527, 0.6194061876432662, 0.8808598129915204, -0.6002219599151859, -0.9759756978875109, -0.2169469267637565, -0.5331935976608065, 0.8356863849040503, 0.6418350710843248, -0.32680359560715444, 0.5904177202231667, 0.33136491606613183, -0.2294112631711982, -0.47876510427369445, -0.11291957126606156, 0.48736743416829653, -0.8915455474399174, -0.32166623697788865, -0.7342884748951597, 0.46472206400892, -0.05607164965410959, -0.5077078933447214, 0.7516461366285487, 0.9981608062878427, -0.2344139506585894, -0.9452629026904444, -0.9316315918313323, -0.03048803013444361, 0.35078577621480567, 0.35014089002831916, 0.32943440135957647, 0.7851039053810909, -0.6444983331657407, 0.5829083640036687, 0.5875567320620091, -0.6670944250116673, 0.8571398243492623, -0.9638818235215683, -0.480863041688268, -0.9503979285544175, -0.13247018092268692, 0.671880221904779, -0.2665945507579497, 0.3213878008206954, -0.8462293181281286, -0.20676880851087037, 0.5284191701256022, -0.16377476407257308, 0.6872348638541055, 0.7842248229786715, 0.43998823730342185, 0.001572016736382409, 0.22417428191992195, -0.9950100832976398, 0.5663558470502323, 0.3449907933088552, 0.6840786430284489, -0.7338841215693315, -0.8327523314280547, -0.3554020596025411, 0.28722128672322067, -0.2687483473644545, -0.7888125180185748, -0.10911657434274291, 0.7451410949926058, 0.06569340248843991, -0.8981369002583726, -0.5655842764495075, 0.06316505723198995, 0.4050137269221358, 0.8471407953349412, 0.9434362709678219, -0.14606912935704863, 0.5735431004635347, 0.12400465140995581, -0.8932238884142512, -0.38236216554447794, 0.17128270014959823, 0.3744889660882096, 0.38193628013923364, 0.34721798316222374, -0.8256424052605875, -0.9790492755800642, 0.5973818105777586, 0.6118916935593564, 0.9297347012019943, 0.8508309212102187, 0.8604759400457016, 0.2135112242522448, -0.8500893135709411, -0.6182038646884536, 0.6407955817078559, -0.7086914566894258]
101.9889907836914	(8, 12, 2)	[-0.15359809802578583, 0.2282252414207533, 0.22307169383645897, 0.22888478212339725, 0.35617971094728196, 0.8951597577806711, -0.6584209512162478, -0.8982377193147544, 0.39079273364065403, 0.11167690337012615, 0.36973942824651856, 0.9355214152917108, 0.21193738660954575, -0.3350679094685771, 0.1495995881490393, 0.9789974008914486, -0.6375866508086606, -0.2610160692730539, 0.09072697163179197, -0.3088856286639763, -0.428745922050084, -0.2770222916183225, -0.0008386822091852597, -0.23462533771245142, -0.4686086240195684, 0.1757120886928587, -0.6158047400888216, 0.6464155610387101, 0.8492209532201767, 0.2538639504250513, 0.29142443583571453, 0.2864866020413497, -0.2169469267637565, 0.8078557842551566, 0.6379717069357294, -0.5623775841523002, -0.6435960259735312, 0.8115368446880329, -0.17384756394994438, -0.9618144615043729, -0.47876510427369445, -0.9277928810281661, 0.5115860298252812, 0.7017377886914506, -0.4046401615228181, -0.7342884748951597, -0.11415925855497, -0.9946528285172287, -0.41565585981865727, -0.6780795697095903, -0.7540989208133377, -0.20389407488020206, 0.7469396108280411, 0.8757681323280786, -0.03048803013444361, -0.9669743841003544, -0.16360751380236727, 0.32943440135957647, 0.7851039053810909, 0.7878427270358064, 0.5829083640036687, -0.6890166629708041, 0.24899572044715113, -0.7850671507042686, -1.0, -0.35057184769521066, -0.9503979285544175, 0.42493809905382096, -0.4898699286473261, -0.7610169203941044, -0.4294628175051207, -0.8462293181281286, -0.17731701244270415, 0.5777373642943722, -0.7087912990280545, -0.7218803137797225, -0.6063963885547397, 0.4979542782185875, 0.2683339304401322, -0.1440794701791106, 0.9779095581243638, 0.14548058677463024, 0.38010694691260655, 0.6840786430284489, -0.88355915293109, -0.8678411611607348, -0.2885838864492438, 0.5622960725679992, 0.12697303333943388, -0.7870660152594011, 0.5189366797530683, -0.44147929689687526, 0.874359190722644, -0.26994546407215037, -0.7066206852725061, -0.27377745734124703, -0.4579953573383355, 0.5374894049741064, 0.33017842582803025, 0.8548042708267864, 0.5735431004635347, 0.2928986444212913, -0.8847656651861631, -0.871258281898159, 0.40301057394851875, 0.6101503465626474, 0.4276804162211738, 0.5442453189403338, -0.8256424052605875, -0.9790492755800642, 0.20731065085527467, -0.7119151647528019, 0.9297347012019943, 0.6929580336269507, 0.37631415681832614, 0.2135112242522448, -0.669412113447148, -0.6182038646884536, -0.15080260614837981, -0.6766203516935081]
101.99420928955078	(8, 12, 2)	[-0.15359809802578583, 0.2282252414207533, 0.30622741811564147, -0.6615956580795488, 0.35617971094728196, 0.9229961808990401, 0.35853772519053817, -0.45752647163938764, 0.3621148153903395, -0.6831653223380882, 0.33537303082888625, 0.2865117065689684, -0.6532998570066952, -0.981351250570911, 0.1495995881490393, 0.9256249315891241, -0.6081504792511752, -0.8665737198204451, 0.1611797736655865, 0.42359575882731026, -0.43177249344053514, 0.026713147994470887, -0.15402309181910306, 0.5532175951785556, 0.5746326947259743, 0.8016308951134843, -0.7221508332443554, -0.5630721766112285, -0.7763405259081557, 0.6485993925473301, -0.11520967973246976, 0.027899263958240716, 0.69815748858634, 0.7930804550750947, 0.8356863849040503, 0.30136799714681883, -0.6384322725003182, 0.8621580295373799, -0.29654003772955195, -0.011369597583668734, 0.6417106813605593, -0.11291957126606156, -0.9852779479615716, -0.5769583784284904, -0.4046401615228181, -0.9393697969567718, -0.22930890556171302, 1.0, -0.3373988252705655, -0.6780795697095903, 0.7622202189340372, -0.23601337043431753, 0.7469396108280411, -0.7861480915508949, -0.6451943354520853, 0.10583070908358394, 0.35014089002831916, 0.2348615007930522, -0.8919884876049058, 0.7822307796174583, -0.1616639455160882, 0.5842595157811541, -0.6670944250116673, 0.8571398243492623, -0.9638818235215683, -0.35057184769521066, -0.9375481824039872, 0.1180643925438537, 0.671880221904779, -0.35496070755041476, -0.1699530362995869, -0.8462293181281286, 0.02658266501683859, 0.2912083510855621, 0.7393142706812519, 0.1838598680053598, 0.6875673937487887, 0.4979542782185875, 0.2683339304401322, -0.1440794701791106, -0.7863455216652742, 0.5663558470502323, -0.8655923035442659, -0.3545737980822876, -0.7338841215693315, -0.782161075004606, 0.7397404599210409, 0.28722128672322067, 0.12697303333943388, -0.831380659813608, -0.8198289698437136, -0.2651614478810864, 0.10314547118728917, 0.7596318978067522, -0.7066206852725061, 0.07867118641257323, -0.5537860656951281, 0.5374894049741064, 0.33017842582803025, -0.45216525961349735, 0.5735431004635347, -0.5191124610027316, -0.8932238884142512, 0.6147643478914744, -0.39479765627254304, -0.1105323274512271, -0.7813476807195898, -0.13309421772416763, -0.053340542292969445, 0.8054299780165712, -0.0528385245563332, -0.6054589448842236, 0.9297347012019943, -0.7227030447319303, 0.37631415681832614, -0.02393869441743446, -0.669412113447148, -0.6182038646884536, 0.8436678797184605, -0.7086423873304244]
101.98683166503906	(8, 12, 2)	[-0.4601362368659274, -0.39220007186591355, -0.14343941303148555, -0.7500905834942657, -0.37620563901139836, 0.9229961808990401, 0.35853772519053817, 0.260660519291255, 0.3621148153903395, 0.11167690337012615, 0.36973942824651856, 0.2865117065689684, -0.36832439956438146, 0.11687577708381025, -0.16876840380923633, 0.7948243494074736, -0.6694099691975188, -0.46669888968344164, -0.2525600640807788, -0.2471334148083444, -0.006560819989308131, -0.8051171038503264, -0.39627913470296483, 0.5532175951785556, -0.13041579030449513, 0.1757120886928587, -0.00968534601506077, -0.5630721766112285, -0.7763405259081557, 0.5944746017713275, 0.29142443583571453, 0.4532282712294249, -0.2169469267637565, -0.6649560157602785, 0.8356863849040503, 0.6418350710843248, -0.32680359560715444, 0.15121127814103386, 0.6971403707213586, -0.24478547821203578, 0.5570652593067265, -0.9277928810281661, 0.5115860298252812, -0.6296213178946322, -0.4046401615228181, 0.3130347199558059, 0.6694409189056632, 0.9595269976213439, -0.3373988252705655, -0.6780795697095903, 0.7622202189340372, -0.2344139506585894, 0.15170964808769982, 0.1492601927291759, 0.3498224757983541, 0.3179131344638777, -0.16360751380236727, 0.6919020336464323, 0.8110027229763979, 0.8341194679020463, -0.043634325381952666, 0.5842595157811541, -0.5250841491737954, 0.9035989943830979, -0.3880063361071744, -0.872602113546687, -0.33521993310842113, 0.42493809905382096, -0.05368138869977068, -0.7610169203941044, -0.3476520080460362, -0.4650916606509294, -0.17731701244270415, 0.6045452779877043, 0.9328766403739344, 0.2491209614287712, -0.2471787663802818, 0.43998823730342185, -0.7777808930422476, -0.23861627012031406, 0.9779095581243638, 0.5663558470502323, 0.3449907933088552, -0.540212147654374, 0.06849150232809564, -0.782161075004606, -0.3554020596025411, 0.28722128672322067, -0.2687483473644545, -0.831380659813608, 0.715626173146966, 0.963632085332816, 0.4083394671221334, 0.7596318978067522, 0.8874862668521697, 0.016885904949164116, -0.4077101513640336, 0.8471407953349412, 0.3663345076806088, 0.8548042708267864, -0.7804639685024133, 0.2928986444212913, -0.6633696137037339, 0.21327328493334896, -0.39479765627254304, 0.3744889660882096, 0.4276804162211738, -0.6628257388375288, -0.8256424052605875, 0.7891035463932823, 0.5973818105777586, 0.6118916935593564, -0.2613246884008871, 0.8508309212102187, 0.37631415681832614, -0.6477488474430151, -0.9366719864579214, -0.6182038646884536, -0.15080260614837981, -0.6376016399975373]
101.99625396728516	(8, 12, 2)	[-0.4601362368659274, 0.32891623221733957, -0.0759415069180207, 0.7970174714297382, 0.35617971094728196, 0.8951597577806711, 0.35853772519053817, -0.45752647163938764, 0.39079273364065403, 1.0, 0.22370121931178155, 1.0, -0.6532998570066952, -0.3350679094685771, 0.1495995881490393, 0.9256249315891241, -0.5168692561069455, -0.24565575399206852, 0.4193957116531484, 0.28217235313305933, -0.428745922050084, 0.10972289274528468, -0.11263911855232911, -0.23462533771245142, 0.47871039812667204, -0.46964939135437866, -0.5890902864445943, -0.5630721766112285, -0.18855291333167234, 0.6485993925473301, -0.11520967973246976, 0.2864866020413497, 0.69815748858634, -0.512249626553616, 0.6379717069357294, -0.6688230047491386, -0.6435960259735312, 0.8621580295373799, 0.6250194933940458, -0.2294112631711982, 0.8825257734691497, -0.6240185099489801, 0.24386425246058874, 0.7017377886914506, -0.4046401615228181, -0.7342884748951597, 0.46472206400892, -0.004372405725214579, -0.5394372671025507, -0.6780795697095903, 0.4038780053953741, 0.25286980713272844, 0.7469396108280411, 0.2619555678106722, -0.6451943354520853, 0.28143822962639004, 0.35014089002831916, 0.8009999762774356, 0.7851039053810909, 0.7878427270358064, 0.5829083640036687, -0.3883350944085236, 0.5319629223884839, 0.6177061591562195, -0.5842655318801093, -0.8420504443576334, -0.9503979285544175, -0.6710634946199352, 0.671880221904779, 0.6462912674937589, 0.25862209319652396, 0.1571908113294056, -0.5295166154243505, 0.6045452779877043, 0.9048657369661471, 0.6872348638541055, 0.7748741091508744, 0.4979542782185875, -0.22231146422488934, -0.1440794701791106, -0.7863455216652742, 0.0673358485602451, 0.6560051591295197, 0.6840786430284489, -0.6743530249660479, -0.8678411611607348, 0.27219362423822546, -0.7673344563287687, -0.2687483473644545, -0.6650710485965687, 0.715626173146966, -0.44147929689687526, 0.30601797112059526, -0.4551093926034795, 0.8390255830348736, 0.07867118641257323, -0.1226985924995696, 0.5374894049741064, 0.33017842582803025, -0.45216525961349735, 0.8092791618944952, -0.46376595499577644, 0.04975489893396445, -0.871258281898159, -0.08056026065120465, -0.9771103095006295, -0.7813476807195898, -0.2251816905299826, -0.19607684914063994, -0.9790492755800642, -0.008304560133160485, 0.9055949097279369, 0.9297347012019943, 0.6929580336269507, -0.45291479879189667, 0.2634716665223047, -0.8500893135709411, -0.6182038646884536, -0.15080260614837981, -0.6376016399975373]
101.98770904541016	(8, 12, 2)	[0.9959245438040694, -0.39220007186591355, 0.1291562503968442, 0.32891515386743275, 0.9287207938606985, -0.2042741324127786, 0.14109774671663544, -0.8982377193147544, 0.39079273364065403, 0.9082793363779067, 0.35643751740879603, 0.2865117065689684, 0.3936492283513992, 0.11687577708381025, -0.14405022729874228, 0.8253621688668991, 0.8329151982717866, 0.10936721881449318, 0.33789198723301395, 0.28217235313305933, -0.428745922050084, 0.026713147994470887, -0.0008386822091852597, 0.5532175951785556, -0.96419492851671, 0.8016308951134843, -0.6158047400888216, -0.7666885118865472, -0.18855291333167234, -0.4134168902682527, 0.32167572388794086, 0.16791261531485335, -0.2169469267637565, -0.644596407630619, 0.6379717069357294, -0.06137339950539533, -0.5718072940119723, 0.5904177202231667, 0.6250194933940458, -0.2294112631711982, -0.47876510427369445, -0.11291957126606156, 0.24386425246058874, -0.965180832890175, 0.9833417518426413, -0.6077945143661658, -0.22930890556171302, -1.0, -0.5077078933447214, -0.6780795697095903, 0.7813770557577298, -0.2344139506585894, -0.9452629026904444, 0.2619555678106722, -0.4504956437872709, 0.3179131344638777, -0.16360751380236727, 0.32943440135957647, 0.7851039053810909, 0.2932950304229449, -0.3017447366310555, 0.5842595157811541, -0.913972474510484, -0.7850671507042686, 0.23929707838282638, -0.6792806111844056, -0.33521993310842113, 0.42214711433639773, -0.6103711873846054, -0.39772611254843904, 0.3213878008206954, -0.8462293181281286, -0.20676880851087037, 0.6045452779877043, -0.16377476407257308, 0.1838598680053598, 0.6875673937487887, 0.43998823730342185, -0.22231146422488934, -0.1883155219746519, -0.7863455216652742, 0.0673358485602451, 0.3449907933088552, 0.10965618454279857, -0.7338841215693315, -0.21839272197048273, -0.6683882118897694, -0.7673344563287687, 0.12697303333943388, -0.831380659813608, -0.10911657434274291, -0.2651614478810864, 0.06569340248843991, -0.8659353698591535, -0.04021241456511282, 0.06316505723198995, -0.5537860656951281, 0.9213636474420608, 0.33017842582803025, -0.45216525961349735, -0.7804639685024133, -0.5191124610027316, -0.8932238884142512, -0.12102884885880627, -0.08056026065120465, -0.9771103095006295, 0.21405981297313653, 0.5442453189403338, -0.19607684914063994, 0.4635408146621828, 0.9518845507920306, -0.7119151647528019, -0.2613246884008871, 0.8508309212102187, 0.37631415681832614, -0.02393869441743446, -0.9366719864579214, -0.6182038646884536, -0.15080260614837981, -0.7086914566894258]
101.98821258544922	(8, 12, 2)	[0.9959245438040694, -0.39220007186591355, 0.30622741811564147, 0.32891515386743275, 0.9287207938606985, 0.9229961808990401, 0.14109774671663544, -0.6183687058907483, 0.39079273364065403, 0.11167690337012615, -0.17846566719560442, 0.2865117065689684, 0.40702060237029714, 0.11687577708381025, -0.2385382374881418, 0.8253621688668991, 0.14276900526344583, 0.10936721881449318, 0.33789198723301395, 0.28217235313305933, -0.428745922050084, 0.026713147994470887, -0.0008386822091852597, 0.9146079210895781, 0.47871039812667204, 0.8016308951134843, -0.6158047400888216, -0.7666885118865472, -0.18855291333167234, 0.6485993925473301, 0.32167572388794086, 0.2864866020413497, -0.2169469267637565, -0.644596407630619, 0.6379717069357294, -0.06137339950539533, -0.5718072940119723, 0.4155394957003574, 0.6250194933940458, -0.2294112631711982, -0.47876510427369445, -0.11291957126606156, 0.24386425246058874, -0.8915455474399174, 0.9833417518426413, -0.6077945143661658, 0.46472206400892, -0.004372405725214579, -0.3373988252705655, -0.6780795697095903, 0.7813770557577298, -0.2870674587589326, 0.15170964808769982, 0.2619555678106722, 0.3531082237131715, 0.3179131344638777, -0.16360751380236727, 0.32943440135957647, -0.577263875162587, 0.2932950304229449, 0.6021536779792547, 0.5842595157811541, -0.7141714837764728, -0.7850671507042686, 0.23929707838282638, -0.6792806111844056, -0.33521993310842113, -0.6710634946199352, -0.5702791375647185, -0.7610169203941044, 0.3213878008206954, -0.8462293181281286, 0.012668853839590682, 0.6045452779877043, -0.7087912990280545, 0.32364435759086685, 0.7820951450171612, 0.43998823730342185, -0.22231146422488934, -0.1883155219746519, -0.7863455216652742, 0.0673358485602451, 0.6560051591295197, 0.6840786430284489, -0.88355915293109, -0.782161075004606, -0.6683882118897694, -0.7673344563287687, 0.12697303333943388, -0.831380659813608, -0.8198289698437136, -0.2651614478810864, 0.16197932998037562, -0.8659353698591535, 0.7809903583681574, 0.06316505723198995, -0.5482225421406524, 0.9213636474420608, 0.33017842582803025, -0.45216525961349735, 0.8092791618944952, -0.5191124610027316, -0.8932238884142512, 0.21327328493334896, -0.08056026065120465, 0.3744889660882096, 0.4276804162211738, -0.13309421772416763, -0.8256424052605875, 0.4635408146621828, 0.9518845507920306, -0.7119151647528019, 0.4089897203239078, 0.8508309212102187, 0.37631415681832614, -0.02393869441743446, -0.669412113447148, -0.6182038646884536, -0.15080260614837981, -0.7086423873304244]
101.9962158203125	(8, 12, 2)	[-0.4601362368659274, 0.2282252414207533, 0.22307169383645897, -0.7500905834942657, 0.35617971094728196, 1.0, 0.35853772519053817, -0.8982377193147544, 0.39079273364065403, -0.6831653223380882, 0.43326408134121763, 0.4416645916098165, -0.3472296311794442, -0.3350679094685771, -0.29150341342399777, 0.9256249315891241, -0.6694099691975188, -0.2610160692730539, 0.4193957116531484, 0.5162029421321706, 0.3822516306571573, 0.026713147994470887, -0.15402309181910306, 0.9146079210895781, -0.5347828975732184, -0.27691382283865007, -0.6158047400888216, -0.8369584250653086, 0.6194061876432662, 0.6485993925473301, 0.29142443583571453, 0.2864866020413497, 0.69815748858634, -0.644596407630619, 0.6379717069357294, -0.47772311009222324, -0.5718072940119723, 0.5904177202231667, 0.6250194933940458, -0.2294112631711982, -0.47876510427369445, -0.11291957126606156, 0.24386425246058874, -0.5962220163501143, -0.6957265763180336, -0.9393697969567718, 0.3872856972224319, 0.9595269976213439, -0.5394372671025507, -0.6725056708839852, 0.4038780053953741, -0.2344139506585894, -0.9906321161656992, 0.8757681323280786, -0.38327914762697146, -0.9669743841003544, -0.16360751380236727, 0.3971496384365646, 0.7851039053810909, 0.7878427270358064, -0.1616639455160882, 0.5875567320620091, 0.5319629223884839, 0.11032993782858136, -0.3880063361071744, -0.35057184769521066, -0.9503979285544175, 0.42493809905382096, -0.6103711873846054, -0.35496070755041476, 0.25862209319652396, -0.8462293181281286, 0.02658266501683859, 0.3548317531588463, -0.7087912990280545, 0.07750794271985695, 0.7748741091508744, 0.43998823730342185, 0.2683339304401322, 0.3117644017438834, -0.7863455216652742, 0.5663558470502323, -0.7613195023907999, 0.6840786430284489, -0.6743530249660479, -0.06691945981081293, -0.3554020596025411, -0.7673344563287687, -0.2687483473644545, -0.6344782108180504, -0.9321218398184663, -0.5375155576262775, 0.30601797112059526, -0.6201305641742512, 0.8390255830348736, -0.27377745734124703, -0.1226985924995696, -0.47282389749527387, 0.33017842582803025, -0.45216525961349735, -0.7804639685024133, 0.7761966920994277, -0.6633696137037339, 0.6147643478914744, -0.39479765627254304, 0.3744889660882096, -0.7813476807195898, -0.2251816905299826, -0.8256424052605875, -0.9790492755800642, 0.5495750638442524, 0.9055949097279369, 0.9297347012019943, -0.0725403022844886, 0.8604759400457016, 0.2634716665223047, -0.8500893135709411, -0.6182038646884536, -0.15080260614837981, -0.6376016399975373]
101.96013641357422	(8, 12, 2)	[-0.15359809802578583, -0.39220007186591355, -0.14343941303148555, -0.7500905834942657, 0.5899760117727768, 0.9229961808990401, 0.35853772519053817, -0.6183687058907483, 0.39079273364065403, 0.11167690337012615, 0.36973942824651856, 0.2865117065689684, 0.40702060237029714, 0.27267182614107677, -0.2537475598816269, 0.9256249315891241, -0.5168692561069455, 0.10936721881449318, 0.4193957116531484, 0.28217235313305933, -0.43177249344053514, 0.3542746674244077, -0.4247797750200629, -0.23462533771245142, 0.47871039812667204, 0.3712382800218565, -0.7221508332443554, -0.5630721766112285, 0.6194061876432662, 0.5944746017713275, -0.49189155955275476, 0.4532282712294249, -0.904825351828064, -0.6649560157602785, 0.6379717069357294, -0.6688230047491386, -0.5718072940119723, -0.038283745413079995, 0.33136491606613183, -0.9618144615043729, 0.8825257734691497, -0.6240185099489801, 0.24386425246058874, -0.8915455474399174, -0.4046401615228181, -0.7342884748951597, 0.46472206400892, 0.9595269976213439, -0.0010986964939715751, -0.6780795697095903, 0.4038780053953741, -0.2344139506585894, -0.9452629026904444, 0.8757681323280786, -0.6451943354520853, 0.35078577621480567, 0.35014089002831916, 0.32943440135957647, 0.659997568617046, 0.7878427270358064, 0.5829083640036687, -0.3883350944085236, -0.6670944250116673, -0.05137037873717035, -0.3880063361071744, -0.872602113546687, -0.9503979285544175, -0.6710634946199352, -0.6103711873846054, -0.2665945507579497, 0.25862209319652396, -0.8462293181281286, -0.20676880851087037, -0.37778269952247157, -0.7087912990280545, 0.2491209614287712, 0.6875673937487887, 0.4979542782185875, 0.2758627513283973, 0.22417428191992195, -0.7863455216652742, 0.6628996551878932, -0.7613195023907999, 0.6840786430284489, -1.0, -0.8327523314280547, -0.3554020596025411, 0.5109980872915996, -0.2687483473644545, -0.7870660152594011, -0.10911657434274291, -0.44147929689687526, 0.06569340248843991, -0.8466190463397543, -0.8789848806726283, 0.06316505723198995, -0.5200601879963662, -0.5206997232165198, 0.9434362709678219, -0.6295886097923515, -0.6364731731510563, 0.6738890231617762, -0.6633696137037339, 0.7098520649777681, -0.08056026065120465, 0.3744889660882096, -0.7813476807195898, -0.2251816905299826, -0.8256424052605875, 0.010698895024086275, 0.5495750638442524, 0.6798473369535472, -0.019951089747850537, -0.9931385002340327, -0.45291479879189667, -0.32741408734969313, -1.0, -0.6182038646884536, 0.7486937089431549, -0.6376016399975373]
101.98854064941406	(8, 12, 2)	[-0.49063180458388245, 0.2282252414207533, 0.1448695335957036, 0.3115809218798924, 0.5899760117727768, 0.8951597577806711, 0.35853772519053817, -0.45752647163938764, 0.39079273364065403, 0.11167690337012615, 0.36973942824651856, 0.4416645916098165, 0.21193738660954575, 0.11687577708381025, -0.14405022729874228, 0.7948243494074736, -0.2095697097524032, -0.8665737198204451, 0.09072697163179197, 0.28217235313305933, 0.20157048389659127, 0.3542746674244077, -0.4757425455301907, 0.6008923018649128, 0.5746326947259743, -0.46964939135437866, -0.00968534601506077, -0.5630721766112285, 0.5544145711345108, 0.8808598129915204, -0.11520967973246976, 0.4532282712294249, -0.2169469267637565, -0.3102014107680424, 0.8356863849040503, 0.6418350710843248, -0.33524209071408895, 0.8115368446880329, 0.7980427727230047, -0.9618144615043729, 0.6417106813605593, -0.4680443855700833, 0.24386425246058874, -0.5769583784284904, -0.4046401615228181, -0.7342884748951597, 0.46472206400892, 0.9595269976213439, -0.5077078933447214, -0.6780795697095903, -0.7540989208133377, -0.2870674587589326, -0.9452629026904444, 0.2619555678106722, -0.6451943354520853, 0.3179131344638777, 0.22255623373842082, 0.6919020336464323, 0.7851039053810909, 0.2932950304229449, -0.1616639455160882, 0.5842595157811541, -0.6670944250116673, 0.42382021241476386, -0.3880063361071744, -0.8420504443576334, -0.9503979285544175, 0.804754474968786, -0.5702791375647185, -0.2665945507579497, 0.25862209319652396, -0.4650916606509294, 0.012668853839590682, 0.6045452779877043, -0.16377476407257308, 0.6872348638541055, -0.2471787663802818, -0.8047875287154762, -0.22231146422488934, -0.23861627012031406, -0.7863455216652742, 0.615964005988012, 0.6560051591295197, 0.6840786430284489, -0.7338841215693315, -0.8327523314280547, 0.7397404599210409, -0.7673344563287687, -0.2687483473644545, -0.6930362314220774, 0.715626173146966, -0.44147929689687526, 0.06569340248843991, 0.769497248388807, -0.689016793780282, 0.06316505723198995, -0.5482225421406524, 0.9213636474420608, 0.33017842582803025, 0.8548042708267864, -0.7804639685024133, 0.2928986444212913, -0.2359162263706467, -0.871258281898159, -0.39479765627254304, 0.3744889660882096, 0.1459991956166923, -0.096712789616203, -0.7924452195125903, -0.9790492755800642, 0.5973818105777586, -0.6054589448842236, -0.20203959217972844, 0.8508309212102187, 0.8562889669214571, -0.37740968486491067, -0.9366719864579214, -0.27343937705485155, 0.8436678797184605, -0.6206320238708065]
101.98515319824219	(8, 12, 2)	[-0.49063180458388245, 0.32891623221733957, 0.1291562503968442, 0.7970174714297382, 0.9287207938606985, 0.9229961808990401, -0.33000304511874523, -0.45752647163938764, 0.9189061992210191, 1.0, 0.35643751740879603, 1.0, 0.21193738660954575, 0.15558897287392606, 0.8960942304539588, 0.7948243494074736, -0.5064020796383029, -0.2610160692730539, 0.09072697163179197, 0.09988057485523061, 0.20157048389659127, -0.39828307898460924, -0.39627913470296483, -0.23462533771245142, 0.9752400991636705, 0.3712382800218565, -0.7221508332443554, -0.5630721766112285, 0.6194061876432662, 0.6485993925473301, -0.49189155955275476, 0.2864866020413497, -0.42008495022667613, -0.3102014107680424, 0.6379717069357294, -0.5623775841523002, -0.6384322725003182, 0.5904177202231667, -0.07545108960756675, -0.2294112631711982, -0.47876510427369445, -0.9277928810281661, 0.24386425246058874, -0.8402203355619944, -0.2759474244155915, -0.9393697969567718, 0.46472206400892, -0.004372405725214579, -0.5077078933447214, -0.6780795697095903, 0.4038780053953741, -0.23601337043431753, 0.7469396108280411, 0.2619555678106722, -0.5894425694558225, -1.0, -0.16360751380236727, 0.8009999762774356, 0.7851039053810909, 0.7878427270358064, 0.5829083640036687, -0.3883350944085236, 0.24899572044715113, 0.6177061591562195, -0.3880063361071744, -0.520105208421308, -1.0, -0.6710634946199352, 0.671880221904779, 0.6462912674937589, 0.25862209319652396, -0.8462293181281286, -0.5295166154243505, 0.5777373642943722, -0.7087912990280545, 0.6872348638541055, -0.2471787663802818, -0.8047875287154762, -0.7777808930422476, 0.22417428191992195, -0.7863455216652742, 0.5663558470502323, 0.6560051591295197, 0.825591404365766, 0.06849150232809564, -0.8327523314280547, -0.23025273696729287, -0.7673344563287687, 0.12697303333943388, -0.10315441603748243, 0.715626173146966, -0.44147929689687526, 0.30601797112059526, -0.4551093926034795, -0.04021241456511282, -0.27105548428420484, -0.4579953573383355, 0.4854932964147068, 0.6742825462329229, -0.45216525961349735, -0.7804639685024133, 0.2928986444212913, -0.8932238884142512, 0.21327328493334896, -0.39479765627254304, -0.9771103095006295, -0.7813476807195898, 0.5442453189403338, -0.8256424052605875, -0.9790492755800642, 0.11850307324829952, -0.5814916331056439, -0.2613246884008871, -0.7227030447319303, 0.37631415681832614, 0.2634716665223047, -0.9366719864579214, -0.6182038646884536, -0.15080260614837981, -0.7086423873304244]
101.80945587158203	(8, 12, 2)	[-0.49063180458388245, -0.09464715370611265, -0.12432675315187344, -0.6615956580795488, 0.5899760117727768, 0.9494749861626737, 0.35853772519053817, -0.45752647163938764, 0.39079273364065403, 0.11167690337012615, 0.36973942824651856, 0.2865117065689684, 0.21193738660954575, 0.27267182614107677, -0.14405022729874228, 0.8348859453598931, -0.5575495588774451, -0.2902407243235902, 0.1611797736655865, -0.2168106014095772, 0.20157048389659127, -0.46134415229698555, -0.4757425455301907, 0.9146079210895781, -0.96419492851671, -0.25391550614447866, -0.7221508332443554, -0.5630721766112285, 0.5626893675649912, 0.8808598129915204, 0.40767457247985506, 0.2864866020413497, -0.1925192468928357, 0.8261304852711084, 0.6311428299931926, -0.6688230047491386, -0.5718072940119723, 0.49426812404345016, 0.6971403707213586, -0.2294112631711982, 0.5570652593067265, -0.9277928810281661, 0.24386425246058874, -0.5769583784284904, -0.4046401615228181, -0.9876484013277724, 0.038161697083763935, -0.12435198185642138, -0.5077078933447214, -0.6780795697095903, 0.5414714821066131, -0.2344139506585894, 0.7284272902964969, 0.13848056844609202, -0.6451943354520853, -0.9669743841003544, -0.16360751380236727, 0.8009999762774356, 0.8110027229763979, 0.7703046583696254, 0.967915491208347, -0.4443905224577878, 0.40847391585744836, -0.7850671507042686, -0.3880063361071744, -0.7721843105763108, 0.04949458918656324, 0.42493809905382096, 0.671880221904779, 0.4390626919361684, -0.5209736804347055, -0.33825926102397363, -0.17731701244270415, 0.6045452779877043, -0.7087912990280545, 0.32364435759086685, -0.2471787663802818, 0.4671960845294167, 0.2683339304401322, 0.3117644017438834, -0.9950100832976398, 0.5663558470502323, 0.23700650200287146, 0.6840786430284489, -0.6743530249660479, -0.8327523314280547, 0.27219362423822546, -0.8107136340664098, 0.12697303333943388, -0.005154359593609215, -0.10911657434274291, -0.37082149621130434, 0.23877687780445234, -0.6201305641742512, -0.04021241456511282, 0.4668097050053468, -0.5537860656951281, 0.9213636474420608, 0.33017842582803025, -0.7297662554726405, 0.022535933960797894, 0.7761966920994277, 0.04975489893396445, 0.21327328493334896, 0.17128270014959823, 0.3744889660882096, -0.7813476807195898, -0.13309421772416763, -0.8256424052605875, 0.010698895024086275, 0.5042954687124961, -0.6054589448842236, -0.20203959217972844, 0.8508309212102187, 0.37631415681832614, -0.02393869441743446, -0.8500893135709411, -0.6182038646884536, 0.7486937089431549, -0.7086914566894258]
101.99095153808594	(8, 12, 2)	[0.9959245438040694, -0.39220007186591355, -0.0759415069180207, 0.7970174714297382, 0.5899760117727768, 0.9229961808990401, 0.35853772519053817, -0.45752647163938764, 0.39079273364065403, 0.11167690337012615, 0.22370121931178155, 0.4416645916098165, 0.21193738660954575, -0.981351250570911, -0.29150341342399777, 0.8348859453598931, -0.6694099691975188, 0.10936721881449318, 0.1611797736655865, 0.28217235313305933, 0.3822516306571573, 0.10972289274528468, -0.4757425455301907, 0.5532175951785556, -0.8909258081038711, 0.3712382800218565, -0.6158047400888216, -0.3232840628296967, 0.8100130172468099, 0.6485993925473301, -0.11520967973246976, 0.4532282712294249, -0.8413885376757457, -0.5455804491688563, 0.6379717069357294, -0.47772311009222324, -0.5718072940119723, 0.8115368446880329, -0.29654003772955195, -0.24478547821203578, 0.6417106813605593, -0.11291957126606156, 0.8157763096312431, -0.8402203355619944, 0.9833417518426413, -0.6077945143661658, -0.22930890556171302, -0.05607164965410959, 0.059817574693165954, -0.8992759871466185, 0.4038780053953741, 0.25286980713272844, -0.9906321161656992, 0.8757681323280786, 0.3531082237131715, 0.35078577621480567, -0.16360751380236727, 0.32943440135957647, 0.8110027229763979, 0.7878427270358064, 0.5829083640036687, 0.5842595157811541, -0.6670944250116673, -0.7850671507042686, -0.3880063361071744, -0.35057184769521066, -0.9503979285544175, -0.6710634946199352, 0.671880221904779, -0.7610169203941044, -0.4294628175051207, 0.1571908113294056, -0.17731701244270415, 0.6045452779877043, -0.7087912990280545, 0.07750794271985695, 0.7748741091508744, 0.305723574009047, -0.22231146422488934, 0.22417428191992195, 0.5672035868641652, 0.5663558470502323, 0.23700650200287146, -0.4338358050717459, -0.6743530249660479, -0.782161075004606, 0.27219362423822546, 0.28722128672322067, 0.12697303333943388, -0.005154359593609215, -0.10911657434274291, -0.44147929689687526, 0.21781408207968295, -0.6201305641742512, -0.7066206852725061, 0.30747357000370457, -0.4077101513640336, -0.5821100526148864, 0.33017842582803025, -0.7297662554726405, 0.8092791618944952, 0.7761966920994277, -0.8932238884142512, -0.871258281898159, 0.17128270014959823, 0.7705769494549426, -0.7813476807195898, -0.13309421772416763, -0.8256424052605875, -0.6443973963857159, 0.5973818105777586, 0.9055949097279369, 0.9297347012019943, 0.8508309212102187, 0.37631415681832614, -0.6477488474430151, -1.0, -0.6182038646884536, -0.15080260614837981, -0.6376016399975373]
101.93903350830078	(8, 12, 2)	[0.9959245438040694, -0.39220007186591355, -0.14343941303148555, 0.7970174714297382, 0.5899760117727768, 0.8951597577806711, -0.33000304511874523, -0.47954472287323474, -0.10534924775050948, -0.16171609069789072, 0.36973942824651856, 0.2865117065689684, 0.21193738660954575, 0.11687577708381025, -0.14405022729874228, -0.2502071241132928, 0.14276900526344583, 0.10936721881449318, 0.4193957116531484, -0.3088856286639763, -0.7365819774112701, 0.10972289274528468, -0.4247797750200629, 0.5532175951785556, -0.32084053481745944, -0.46964939135437866, -0.7221508332443554, -0.5630721766112285, 0.5626893675649912, 0.6485993925473301, 0.32167572388794086, 0.4532282712294249, -0.4134027140106171, -0.6649560157602785, 0.6379717069357294, -0.47772311009222324, -0.5718072940119723, 0.5904177202231667, 0.6250194933940458, -0.011369597583668734, 0.46792886075287393, -0.11291957126606156, 0.48736743416829653, -0.4622089366094589, -0.4046401615228181, -0.8554091744884834, 0.46472206400892, 0.01998440515555646, -0.3373988252705655, -0.6780795697095903, -0.7540989208133377, -0.2344139506585894, 0.15170964808769982, 0.2619555678106722, -0.6451943354520853, -0.9669743841003544, 0.35014089002831916, 0.8009999762774356, 0.7851039053810909, 0.7703046583696254, 0.5829083640036687, -0.4233238208194958, -0.6670944250116673, -0.05137037873717035, -0.6018111376957614, -0.520105208421308, -1.0, 0.804754474968786, -0.5687182353853432, -0.7610169203941044, 0.03803165880440185, -0.8462293181281286, -0.5295166154243505, -0.37778269952247157, 0.9328766403739344, 0.6410375850213399, -0.2471787663802818, 0.43998823730342185, -0.22231146422488934, 0.3381530260668646, -0.7863455216652742, 0.5077946269263192, 0.23700650200287146, 0.6840786430284489, -0.2780728304329063, -0.8678411611607348, -0.3554020596025411, 0.2934103067238213, 0.23700677562976669, -0.831380659813608, -0.10911657434274291, -0.44147929689687526, 0.3995768825863911, -0.4551093926034795, -0.04021241456511282, -0.27105548428420484, -0.5200601879963662, 0.5374894049741064, 0.3663345076806088, -0.6295886097923515, -0.7804639685024133, 0.7761966920994277, -0.8932238884142512, 0.6147643478914744, -0.08056026065120465, 0.7778544081527246, -0.7813476807195898, 0.34721798316222374, -0.8256424052605875, -0.6443973963857159, 0.5973818105777586, -0.5814916331056439, -0.20203959217972844, 0.8508309212102187, -0.24121134581483372, -0.02393869441743446, -0.8500893135709411, 0.2698662814025554, 0.8689589682347816, -0.7086423873304244]
101.99451446533203	(8, 12, 2)	[0.9959245438040694, -0.09464715370611265, -0.14343941303148555, -0.6615956580795488, 0.35617971094728196, 0.19019457704145282, 0.35853772519053817, -0.8982377193147544, 0.39079273364065403, 0.11167690337012615, 0.36973942824651856, 0.2865117065689684, 0.21193738660954575, 0.27267182614107677, -0.2537475598816269, 0.8348859453598931, -0.6694099691975188, -0.2610160692730539, 0.1611797736655865, 0.28217235313305933, -0.006560819989308131, -0.2770222916183225, -0.4757425455301907, 0.5532175951785556, 0.5746326947259743, 0.3712382800218565, -0.7221508332443554, -0.46763972368549434, 0.6194061876432662, 0.8808598129915204, -0.07739326695223533, 0.4532282712294249, -0.2169469267637565, -0.5554157741863545, 0.6379717069357294, -0.6688230047491386, -0.5718072940119723, 0.8621580295373799, -0.20199342778374235, -0.2294112631711982, -0.47876510427369445, -0.11291957126606156, 0.24386425246058874, -0.8402203355619944, -0.29820461942655124, -0.7342884748951597, 0.46472206400892, 0.029219697357513966, -0.3373988252705655, -0.6780795697095903, -0.7540989208133377, -0.23601337043431753, 0.7284272902964969, 0.13848056844609202, -0.6451943354520853, 0.4377542501629226, -0.16360751380236727, 0.6919020336464323, -0.8919884876049058, 0.7703046583696254, -0.1616639455160882, -0.4233238208194958, 0.24899572044715113, 0.11032993782858136, -0.5842655318801093, -0.872602113546687, 0.04949458918656324, 0.42493809905382096, -0.5668712666321196, -0.7610169203941044, 0.3554425105665304, -0.8462293181281286, -0.17731701244270415, 0.6045452779877043, 0.9328766403739344, 0.32364435759086685, 0.7748741091508744, 0.43998823730342185, -0.22231146422488934, 0.22417428191992195, -0.7863455216652742, 0.5910464293776436, 0.3449907933088552, 0.6840786430284489, -0.6743530249660479, -0.8327523314280547, 0.27219362423822546, -0.7673344563287687, 0.12697303333943388, -0.6344782108180504, -0.10911657434274291, -0.37082149621130434, 0.23877687780445234, 0.7596318978067522, -0.689016793780282, 0.016885904949164116, -0.5482225421406524, 0.9213636474420608, 0.8739050203218283, -0.7297662554726405, -0.7764286344792617, -0.46376595499577644, -0.6633696137037339, 0.21327328493334896, -0.39479765627254304, 0.7778544081527246, -0.7813476807195898, -0.13309421772416763, -0.8256424052605875, 0.010698895024086275, 0.5973818105777586, -0.5814916331056439, -0.06514812795218383, 0.19311666535581984, 0.5219721354850259, -0.6477488474430151, -0.8500893135709411, -0.6182038646884536, 0.7486937089431549, -0.7086914566894258]
101.9922866821289	(8, 12, 2)	[0.3731843539128825, 0.32891623221733957, -0.14343941303148555, 0.7970174714297382, 0.35617971094728196, 0.9229961808990401, 0.403400931964265, -0.45752647163938764, 0.39079273364065403, -0.16171609069789072, 0.36973942824651856, 1.0, 0.21193738660954575, 0.27267182614107677, -0.14405022729874228, 0.9256249315891241, -0.5168692561069455, -0.2610160692730539, 0.09072697163179197, 0.26708243730001224, 0.35816729109153617, -0.2770222916183225, -0.15402309181910306, 0.5532175951785556, 0.5746326947259743, 0.3712382800218565, -0.7221508332443554, -0.5630721766112285, 0.5626893675649912, 0.5916325968371877, -0.49189155955275476, 0.4532282712294249, -0.4134027140106171, -0.6649560157602785, 0.8356863849040503, -0.47772311009222324, -0.5718072940119723, -0.17111763713499362, 0.6971403707213586, -0.9618144615043729, 0.6417106813605593, -0.6240185099489801, 0.24386425246058874, -0.8402203355619944, -0.32166623697788865, -0.7342884748951597, 0.038161697083763935, 0.12277107107395402, -0.5658006199308125, -0.44188794705199674, 0.4038780053953741, -0.2344139506585894, 0.7469396108280411, 0.2619555678106722, -0.32125255336580827, 0.4377542501629226, 0.35014089002831916, 0.32943440135957647, 0.7851039053810909, 0.7878427270358064, 0.5829083640036687, 0.5842595157811541, 0.24899572044715113, -0.7850671507042686, -0.5402612043432746, -0.5051629820974376, 0.09502949959905771, 0.42214711433639773, 0.671880221904779, -0.7610169203941044, -0.8248463074417349, -0.8462293181281286, -0.17731701244270415, 0.2912083510855621, -0.7087912990280545, 0.07750794271985695, 0.7748741091508744, 0.43998823730342185, -0.22231146422488934, 0.22417428191992195, -0.7863455216652742, -0.6087421911748877, 0.23700650200287146, -0.3545737980822876, 0.06849150232809564, -0.8327523314280547, 0.27219362423822546, -0.7673344563287687, 0.12697303333943388, -0.6344782108180504, -0.8198289698437136, -0.44147929689687526, 0.30601797112059526, -0.8466190463397543, -0.689016793780282, 0.06316505723198995, -0.37969770834250705, -0.47282389749527387, 0.9434362709678219, -0.7297662554726405, 0.8092791618944952, -0.46376595499577644, 0.04975489893396445, -0.871258281898159, -0.39479765627254304, 0.7778544081527246, 0.21405981297313653, 0.43157892741109316, -0.8256424052605875, -0.9790492755800642, 0.6558235273026397, -0.1112876556437219, -0.20203959217972844, 0.8508309212102187, 0.37631415681832614, 0.2634716665223047, -0.9366719864579214, -0.6182038646884536, 0.6407955817078559, -0.7086423873304244]
101.9992904663086	(8, 12, 2)	[-0.49063180458388245, -0.39220007186591355, 0.1291562503968442, 0.2816214581216865, 0.6549829018951847, 0.8951597577806711, 0.35853772519053817, -0.6183687058907483, -0.05814056331006985, -0.6831653223380882, 0.22370121931178155, 0.2865117065689684, 0.21193738660954575, 0.1965667218867529, -0.8026141562348993, 0.9953874779356698, 0.14276900526344583, -0.2610160692730539, 0.09072697163179197, 0.28217235313305933, -0.006560819989308131, 0.08165560624973667, -0.4247797750200629, 0.5532175951785556, 0.9752400991636705, 0.1757120886928587, -0.7221508332443554, -0.5630721766112285, 0.8100130172468099, 0.6485993925473301, -0.5460792089305143, 0.027899263958240716, -0.2169469267637565, -0.3102014107680424, 0.6379717069357294, -0.47772311009222324, -0.6435960259735312, 0.8621580295373799, -0.20199342778374235, -0.2294112631711982, -0.47876510427369445, -0.11291957126606156, 0.24386425246058874, -0.965180832890175, -0.4046401615228181, -0.7342884748951597, 0.46472206400892, -0.004372405725214579, -0.5077078933447214, -0.6780795697095903, 0.4038780053953741, -0.2344139506585894, -0.9452629026904444, 0.1492601927291759, -0.03048803013444361, -0.9669743841003544, -0.16360751380236727, 0.8009999762774356, 0.7851039053810909, 0.7878427270358064, -0.3017447366310555, -0.6890166629708041, -0.913972474510484, 0.11032993782858136, -0.1557419551682615, -0.35057184769521066, 0.09502949959905771, 0.42214711433639773, -0.722736413634812, -0.7610169203941044, 0.25862209319652396, 0.1571908113294056, 0.012668853839590682, 0.3548317531588463, -0.7087912990280545, 0.32364435759086685, 0.7748741091508744, 0.305723574009047, 0.2683339304401322, 0.3117644017438834, -0.7863455216652742, 0.0673358485602451, 0.4822560009898115, 0.6840786430284489, 0.06849150232809564, -0.8327523314280547, 0.27219362423822546, -0.7673344563287687, -0.2754111320733032, -0.831380659813608, -0.8609573353836145, -0.44147929689687526, 0.30601797112059526, -0.4551093926034795, 0.8390255830348736, 0.6087463444188667, -0.5537860656951281, -0.5821100526148864, 0.33017842582803025, -0.6295886097923515, -0.7804639685024133, -0.6396415322161394, -0.8932238884142512, 0.3054456206308481, -0.08056026065120465, 0.3744889660882096, -0.7813476807195898, -0.6628257388375288, 0.6022242990615443, -0.9790492755800642, 0.5973818105777586, 0.6118916935593564, -0.2613246884008871, -0.7227030447319303, 0.37631415681832614, -0.2678656291857653, -0.8500893135709411, -0.6182038646884536, 0.8689589682347816, -0.7086914566894258]
101.99323272705078	(8, 12, 2)	[0.9959245438040694, -0.09464715370611265, -0.10078692294739205, -0.6615956580795488, 0.35617971094728196, 0.19019457704145282, 0.35853772519053817, -0.8982377193147544, 0.39079273364065403, 0.11167690337012615, 0.35643751740879603, 0.2865117065689684, -0.3472296311794442, -1.0, 0.1495995881490393, 0.8348859453598931, -0.5168692561069455, -0.8665737198204451, 0.1611797736655865, 0.28217235313305933, 0.20157048389659127, -0.2770222916183225, -0.4757425455301907, 0.5648641027082261, 0.5746326947259743, 0.3712382800218565, -0.6158047400888216, -0.46763972368549434, 0.5626893675649912, 0.5944746017713275, 0.32167572388794086, 0.4532282712294249, -0.2169469267637565, -0.512249626553616, 0.6379717069357294, -0.6688230047491386, -0.5718072940119723, 0.49426812404345016, -0.20199342778374235, -0.2294112631711982, -0.47876510427369445, -0.11291957126606156, 0.24386425246058874, -0.8402203355619944, -0.4046401615228181, -0.7342884748951597, 0.46472206400892, 0.029219697357513966, -0.0023616574909641336, -0.5476246037131661, 0.4038780053953741, -0.8307665371548429, 0.7284272902964969, 0.13848056844609202, 0.3531082237131715, 0.33189219247050883, 0.35014089002831916, 0.6919020336464323, -0.8919884876049058, 0.8718567631224481, -0.1616639455160882, -0.4233238208194958, 0.24899572044715113, -0.7850671507042686, -0.5842655318801093, -0.872602113546687, 0.09502949959905771, 0.42493809905382096, -0.6103711873846054, -0.7610169203941044, 0.3554425105665304, -0.8462293181281286, -0.17731701244270415, -0.7113541338265725, 0.9328766403739344, 0.01932546414134257, 0.7748741091508744, 0.43998823730342185, -0.22231146422488934, 0.22417428191992195, 0.5672035868641652, 0.5910464293776436, 0.3449907933088552, -0.3545737980822876, -0.6743530249660479, -0.8327523314280547, 0.27219362423822546, -0.7673344563287687, 0.12697303333943388, -0.5383685486846908, -0.10911657434274291, -0.5726893921906706, 0.23877687780445234, -0.4551093926034795, -0.689016793780282, 0.016885904949164116, -0.5482225421406524, 0.9213636474420608, 0.8739050203218283, -0.7297662554726405, 0.022535933960797894, -0.46376595499577644, -0.6633696137037339, 0.6147643478914744, -0.39479765627254304, 0.3744889660882096, -0.7813476807195898, -0.13309421772416763, -0.8256424052605875, 0.010698895024086275, 0.11850307324829952, -0.6054589448842236, -0.06514812795218383, 0.19311666535581984, 0.5219721354850259, -0.6477488474430151, -0.8500893135709411, -0.6182038646884536, 0.7486937089431549, -0.7086914566894258]
101.99760437011719	(8, 12, 2)	[-0.49063180458388245, -0.09464715370611265, 0.2508331341724567, 0.4063777429158213, 0.5899760117727768, 0.9223084544180791, 0.35853772519053817, -0.6183687058907483, 0.39079273364065403, 0.11167690337012615, -0.17846566719560442, 0.2865117065689684, -0.3472296311794442, 0.21468087387207893, -0.7438205413022061, 0.9256249315891241, -0.5064020796383029, -0.2610160692730539, 0.1611797736655865, 0.28217235313305933, 0.35816729109153617, 0.026713147994470887, -0.4111821066089231, 0.5532175951785556, 0.5269821375796272, -0.46964939135437866, -0.7221508332443554, -0.5630721766112285, 0.8100130172468099, 0.6485993925473301, -0.11520967973246976, 0.2864866020413497, -0.18933534073678654, -0.6649560157602785, 0.8356863849040503, -0.5623775841523002, -0.6384322725003182, 0.5904177202231667, -0.17384756394994438, -0.2294112631711982, 0.8923651807914768, -0.11291957126606156, 0.24386425246058874, -0.5769583784284904, 0.09245819304714624, -0.7342884748951597, 0.038161697083763935, 0.01998440515555646, 0.059817574693165954, -0.6780795697095903, 0.7622202189340372, -0.2344139506585894, -0.9452629026904444, 0.8757681323280786, -0.6451943354520853, 0.28143822962639004, 0.35014089002831916, 0.6919020336464323, 0.7851039053810909, 0.7878427270358064, -0.043634325381952666, -0.4233238208194958, -0.6670944250116673, 0.7811401733908476, -0.3880063361071744, -0.35057184769521066, -0.9503979285544175, -0.8501267106976651, -0.5668712666321196, -0.39772611254843904, 0.25862209319652396, -0.6583798268407806, -0.17731701244270415, -0.4673000937895992, -0.16377476407257308, 0.32364435759086685, -0.2471787663802818, 0.43998823730342185, 0.2683339304401322, 0.22417428191992195, -0.7863455216652742, 0.5663558470502323, 0.4822560009898115, 0.6840786430284489, -1.0, -0.8327523314280547, 0.3384996889196517, 0.28722128672322067, 0.12697303333943388, -0.7870660152594011, -0.8198289698437136, -0.44147929689687526, 0.30601797112059526, 0.7596318978067522, -0.084097218027956, -0.27105548428420484, -0.4077101513640336, -0.47282389749527387, 0.33017842582803025, -0.7105417768771151, -0.7764286344792617, 0.7761966920994277, -0.6633696137037339, 0.3054456206308481, -0.11798741239553068, -0.1105323274512271, -0.7813476807195898, -0.6628257388375288, -0.8256424052605875, 0.010698895024086275, 0.5042954687124961, -0.6054589448842236, -0.20203959217972844, 0.8508309212102187, 0.37631415681832614, -0.32741408734969313, -0.9366719864579214, -0.6182038646884536, -0.15080260614837981, -0.6766203516935081]
101.99734497070312	(8, 12, 2)	[0.9959245438040694, 0.07594704301315441, -0.0759415069180207, 0.7970174714297382, 0.9287207938606985, 0.8951597577806711, 0.403400931964265, -0.8982377193147544, 0.39079273364065403, -0.6831653223380882, -0.17846566719560442, 0.2865117065689684, 0.4246093296720599, 0.27267182614107677, 0.1495995881490393, 0.9256249315891241, -0.5064020796383029, -0.24565575399206852, 0.004434725403964154, -0.3088856286639763, -0.428745922050084, 0.026713147994470887, -0.29359739142099195, 0.5648641027082261, 0.5746326947259743, -0.46964939135437866, -0.6158047400888216, -0.5630721766112285, 0.8100130172468099, 0.6485993925473301, -0.09681862356836575, 0.4532282712294249, -0.18933534073678654, -0.6649560157602785, 0.8356863849040503, -0.47772311009222324, -0.6384322725003182, 0.5904177202231667, -0.17384756394994438, -0.2294112631711982, 0.6417106813605593, -0.11291957126606156, 0.48736743416829653, -0.8402203355619944, -0.4046401615228181, -0.7342884748951597, 0.46472206400892, 0.029219697357513966, 0.059817574693165954, -0.44188794705199674, 0.4038780053953741, 0.25286980713272844, 0.7469396108280411, -0.3356884723845679, -0.6451943354520853, 0.28143822962639004, 0.35014089002831916, 0.4487839681611417, -0.8919884876049058, 0.7878427270358064, -0.1616639455160882, -0.6717360946961676, 0.24899572044715113, -0.7850671507042686, -0.5453154260755395, -0.35057184769521066, 0.04949458918656324, 0.42493809905382096, -0.5668712666321196, -0.8536030783818487, 0.3554425105665304, -0.8462293181281286, -0.17731701244270415, -0.7113541338265725, 0.9328766403739344, 0.6872348638541055, -0.2471787663802818, 0.4938786447376991, -0.22231146422488934, 0.22417428191992195, -0.7863455216652742, -0.6087421911748877, 0.23700650200287146, -0.3545737980822876, -0.7338841215693315, -0.8327523314280547, 0.7397404599210409, -0.7673344563287687, 0.13479560807012736, -0.5383685486846908, -0.10911657434274291, -0.2651614478810864, 0.30601797112059526, -0.8466190463397543, -0.689016793780282, 0.016885904949164116, -0.4077101513640336, -0.47282389749527387, 0.9434362709678219, -0.7297662554726405, -0.7804639685024133, 0.12400465140995581, -0.6633696137037339, 0.3054456206308481, -0.08056026065120465, 0.3744889660882096, -0.7813476807195898, -0.6628257388375288, -0.8256424052605875, -0.9790492755800642, 0.5973818105777586, -0.6054589448842236, -0.20203959217972844, 0.8508309212102187, 0.37631415681832614, -0.32741408734969313, -0.8500893135709411, -0.6182038646884536, 0.7486937089431549, -0.6766203516935081]
101.99942016601562	(8, 12, 2)	[-0.49063180458388245, -0.39220007186591355, -0.0759415069180207, 0.4063777429158213, 0.6549829018951847, 0.9223084544180791, 0.35853772519053817, -0.6183687058907483, 0.09049472621297762, 0.11167690337012615, -0.17846566719560442, 0.4416645916098165, 0.21193738660954575, 0.27267182614107677, -0.26033052751408553, 0.9254367166234642, -0.15848380548407476, -0.2610160692730539, -0.1139444260451572, 0.2637680870697255, 0.35816729109153617, 0.08165560624973667, -0.4111821066089231, 0.5532175951785556, 0.5746326947259743, 0.1757120886928587, -0.7221508332443554, -0.3232840628296967, 0.8100130172468099, 0.6485993925473301, -0.11520967973246976, 0.4532282712294249, -0.8413885376757457, 0.8261304852711084, 0.6379717069357294, -0.5623775841523002, -0.6384322725003182, 0.5904177202231667, -0.20199342778374235, -0.8359386329897104, 0.6417106813605593, -0.4680443855700833, 0.24386425246058874, -0.965180832890175, 0.09245819304714624, -0.7342884748951597, 0.038161697083763935, 0.01998440515555646, 0.059817574693165954, -0.6780795697095903, 0.4038780053953741, -0.2344139506585894, 0.15170964808769982, 0.8757681323280786, -0.6451943354520853, 0.4377542501629226, 0.35014089002831916, 0.8009999762774356, -0.5877229780062603, 0.7329011017386097, -0.3017447366310555, -0.6890166629708041, -0.6670944250116673, -0.7850671507042686, -0.3880063361071744, -0.35057184769521066, -0.9503979285544175, -0.8501267106976651, -0.5668712666321196, -0.7610169203941044, 0.25862209319652396, 0.1571908113294056, -0.5295166154243505, 0.3548317531588463, -0.2435994325164061, 0.32364435759086685, -0.2471787663802818, 0.305723574009047, 0.2683339304401322, 0.22417428191992195, -0.7863455216652742, 0.0673358485602451, 0.4822560009898115, -0.3110805618441737, -1.0, -0.782161075004606, 0.27219362423822546, 0.28722128672322067, 0.12697303333943388, -0.5383685486846908, -0.8609573353836145, -0.44147929689687526, 0.30601797112059526, -0.5139481755301063, -0.084097218027956, -0.27105548428420484, -0.5537860656951281, 0.9213636474420608, 0.6742825462329229, -0.6295886097923515, -0.7764286344792617, 0.2928986444212913, -0.6633696137037339, 0.6147643478914744, -0.39479765627254304, 0.3744889660882096, -0.7813476807195898, -0.6628257388375288, -0.8256424052605875, 0.010698895024086275, 0.5973818105777586, -0.6054589448842236, -0.20203959217972844, 0.8508309212102187, 0.37631415681832614, -0.02393869441743446, -0.9366719864579214, -0.6182038646884536, -0.15080260614837981, -0.7086914566894258]
101.99796295166016	(8, 12, 2)	[-0.49063180458388245, -0.09464715370611265, -0.0759415069180207, 0.7970174714297382, 0.9287207938606985, 0.19019457704145282, 0.403400931964265, -0.45752647163938764, 0.3621148153903395, 0.11167690337012615, 0.22370121931178155, 0.4416645916098165, 0.21193738660954575, 0.27267182614107677, 0.1495995881490393, 0.8348859453598931, -0.6694099691975188, -0.24565575399206852, 0.09072697163179197, 0.2637680870697255, -0.428745922050084, 0.026713147994470887, -0.29359739142099195, 0.5532175951785556, -0.5347828975732184, -0.46964939135437866, -0.7221508332443554, -0.46763972368549434, 0.5626893675649912, 0.6485993925473301, -0.07739326695223533, 0.4532282712294249, -0.8413885376757457, -0.6649560157602785, 0.6379717069357294, -0.5421954219055422, -0.5718072940119723, 0.49426812404345016, -0.20199342778374235, -0.2294112631711982, 0.6417106813605593, -0.033105978238331335, 0.24386425246058874, -0.8402203355619944, -0.33286810344039464, -0.7342884748951597, 0.46472206400892, 0.029219697357513966, -0.3029155499698173, -0.5476246037131661, -0.7540989208133377, -0.23601337043431753, -0.9452629026904444, 0.2619555678106722, -0.6451943354520853, 0.33189219247050883, 0.35014089002831916, 0.32943440135957647, -0.48370103016154425, 0.7878427270358064, 0.967915491208347, 0.5842595157811541, 0.24899572044715113, 0.6177061591562195, 0.23929707838282638, -0.35057184769521066, -0.33521993310842113, 0.42214711433639773, -0.5702791375647185, -0.7610169203941044, 0.3554425105665304, 0.1571908113294056, -0.20676880851087037, 0.5777373642943722, 0.9328766403739344, 0.32364435759086685, -0.2471787663802818, 0.305723574009047, 0.2683339304401322, 0.22417428191992195, 0.7701258735680612, -0.6321845287079202, 0.3449907933088552, -0.3545737980822876, 0.06849150232809564, -0.8327523314280547, 0.7397404599210409, 0.28722128672322067, 0.12697303333943388, -0.5383685486846908, -0.8609573353836145, -0.47629943358243343, 0.1987946589950623, -0.5139481755301063, -0.04021241456511282, 0.016885904949164116, -0.8651346285792361, 0.9213636474420608, 0.8739050203218283, -0.6295886097923515, -0.7804639685024133, 0.7761966920994277, -0.6633696137037339, 0.6147643478914744, 0.17128270014959823, 0.7778544081527246, -0.7813476807195898, -0.7083250707544217, -0.19607684914063994, 0.010698895024086275, 0.5973818105777586, -0.6054589448842236, -0.2613246884008871, 0.19311666535581984, 0.38515259629112775, -0.32741408734969313, -0.669412113447148, -0.6182038646884536, -0.15080260614837981, -0.6766203516935081]
101.99986267089844	(8, 12, 2)	[-0.18599628149110833, -0.39220007186591355, -0.0759415069180207, 0.7970174714297382, 0.9287207938606985, 0.8951597577806711, 0.35853772519053817, -0.8982377193147544, 0.39079273364065403, 0.11167690337012615, 0.22370121931178155, 0.2865117065689684, 0.21193738660954575, -1.0, -0.14405022729874228, 0.43801750752123286, -0.5168692561069455, -0.2610160692730539, 0.1611797736655865, 0.28217235313305933, 0.40786417309356154, 0.026713147994470887, -0.15402309181910306, 0.5532175951785556, -0.2063442428425122, -0.46964939135437866, -0.6158047400888216, -0.5630721766112285, 0.6194061876432662, 0.8808598129915204, -0.11520967973246976, 0.2864866020413497, -0.26299762554496486, -0.644596407630619, 0.6379717069357294, -0.7877232130602431, -0.6384322725003182, 0.8621580295373799, -0.17384756394994438, -0.24478547821203578, -0.47876510427369445, -0.4680443855700833, 0.4983886625071265, -0.8402203355619944, 0.09245819304714624, -0.7342884748951597, -0.11415925855497, 0.12277107107395402, -0.5658006199308125, -0.6780795697095903, 0.7622202189340372, -0.2344139506585894, 0.2176593734918743, -0.9009220654801932, -0.5894425694558225, 0.3604366258651593, 0.35014089002831916, 0.8009999762774356, -0.48370103016154425, 0.2932950304229449, 0.5829083640036687, 0.5842595157811541, -0.6670944250116673, 0.11032993782858136, 0.23929707838282638, -0.872602113546687, 0.04949458918656324, -0.8501267106976651, -0.5424923890582142, -0.39772611254843904, 0.25862209319652396, -0.926781948948775, -0.17731701244270415, 0.5284191701256022, -0.2435994325164061, 0.32364435759086685, 0.7748741091508744, 0.3884214411996411, 0.2683339304401322, -0.1440794701791106, -0.7863455216652742, -0.6087421911748877, 0.23700650200287146, -0.3545737980822876, -0.9194581192541444, -0.7461281197321795, -0.3554020596025411, -0.6263094191175271, 0.12697303333943388, -0.005154359593609215, -0.8609573353836145, -0.2651614478810864, 0.4083394671221334, 0.7596318978067522, -0.084097218027956, -0.27105548428420484, -0.4077101513640336, 0.9213636474420608, 0.6742825462329229, -0.7297662554726405, -0.7804639685024133, 0.2928986444212913, -0.6633696137037339, 0.3054456206308481, 0.17128270014959823, 0.25076559227776724, -0.7813476807195898, -0.6628257388375288, -0.8256424052605875, -0.2155025827662252, 0.5973818105777586, -0.6054589448842236, -0.20203959217972844, 0.8508309212102187, 0.4439199561800644, -0.3527407598973653, -0.9643811234398865, -0.6182038646884536, -0.15080260614837981, -0.6766203516935081]
101.9986343383789	(8, 12, 2)	[-0.15359809802578583, -0.09464715370611265, 0.1291562503968442, 0.3115809218798924, 0.9287207938606985, 0.9229961808990401, 0.35853772519053817, -0.45752647163938764, 0.3063577343064019, 0.17199891245387253, 0.22370121931178155, 1.0, 0.40702060237029714, -1.0, -0.2537475598816269, 0.7948243494074736, -0.6694099691975188, -0.2610160692730539, 0.4193957116531484, 0.28217235313305933, -0.428745922050084, -0.39828307898460924, -0.5085886238947501, 0.5532175951785556, -0.2063442428425122, 0.1757120886928587, -0.7221508332443554, -0.5630721766112285, 0.6194061876432662, 0.8808598129915204, -0.07183550260195348, 0.4532282712294249, -0.42008495022667613, -0.6649560157602785, 0.6379717069357294, -0.6688230047491386, -0.6384322725003182, 0.5904177202231667, -0.21027144453411825, -0.2294112631711982, -0.47876510427369445, -0.11291957126606156, 0.24386425246058874, -1.0, 0.09245819304714624, -0.9393697969567718, 0.038161697083763935, 0.01998440515555646, 0.059817574693165954, -0.6676554890582197, 0.4038780053953741, -0.2344139506585894, -0.04983311412397265, 0.2619555678106722, -0.8095503301832114, 0.4377542501629226, -0.16360751380236727, 0.2348615007930522, -0.5877229780062603, 0.7878427270358064, 0.5829083640036687, 0.5842595157811541, 0.24899572044715113, 0.6177061591562195, -0.3880063361071744, -0.35057184769521066, 0.09502949959905771, -0.8501267106976651, -0.5668712666321196, -0.39772611254843904, -0.5209736804347055, -0.6583798268407806, -0.17731701244270415, 0.5777373642943722, 0.9328766403739344, 0.32364435759086685, 0.7748741091508744, 0.43998823730342185, -0.22231146422488934, 0.22417428191992195, 0.5672035868641652, 0.6628996551878932, 0.4822560009898115, 0.6840786430284489, -0.7680307644971166, -0.8327523314280547, 0.27219362423822546, 0.28722128672322067, 0.12697303333943388, -0.6344782108180504, -0.8198289698437136, -0.3101979749895897, 0.30601797112059526, 0.7596318978067522, 1.0, 0.06316505723198995, -0.7043339400584733, 0.9213636474420608, 0.9434362709678219, -0.6295886097923515, -0.7764286344792617, -0.6396415322161394, -0.5114990053222856, 0.6147643478914744, -0.11798741239553068, -0.1105323274512271, -0.7813476807195898, -0.13309421772416763, 0.6022242990615443, 0.010698895024086275, 0.5973818105777586, 0.6798473369535472, -0.1111696655462393, 0.8508309212102187, -0.24121134581483372, -0.2678656291857653, -0.669412113447148, -0.6182038646884536, 0.7486937089431549, -0.7086914566894258]
101.99942779541016	(8, 12, 2)	[-0.18599628149110833, -0.39220007186591355, -0.0759415069180207, 0.46302755236226556, 0.35617971094728196, 0.19019457704145282, 0.35853772519053817, -0.45752647163938764, 0.39079273364065403, 0.17199891245387253, 0.22370121931178155, 0.9355214152917108, 0.21193738660954575, -1.0, -0.14405022729874228, 0.7948243494074736, -0.5064020796383029, -0.2610160692730539, -0.1139444260451572, -0.3088856286639763, -0.428745922050084, 0.08165560624973667, -0.29359739142099195, 0.9146079210895781, -0.5347828975732184, -0.27691382283865007, -0.5890902864445943, -0.5630721766112285, 0.8100130172468099, 0.8808598129915204, -0.11520967973246976, 0.4532282712294249, -0.2169469267637565, -0.6649560157602785, 0.6379717069357294, -0.6688230047491386, -0.6384322725003182, -0.18143679931672102, -0.20199342778374235, -0.24478547821203578, 0.6417106813605593, -0.11291957126606156, 0.24386425246058874, -0.8402203355619944, 0.09245819304714624, -0.9393697969567718, -0.3467261618072892, 0.029219697357513966, -0.5658006199308125, -0.6780795697095903, 0.4038780053953741, -0.2344139506585894, 0.15170964808769982, -0.9009220654801932, -0.6451943354520853, -0.9669743841003544, -0.16360751380236727, 0.2348615007930522, 0.7851039053810909, 0.7703046583696254, 0.5829083640036687, 0.5842595157811541, 0.24899572044715113, 0.7811401733908476, -0.3880063361071744, -0.35057184769521066, 0.09502949959905771, -0.8501267106976651, -0.5668712666321196, -0.39772611254843904, 0.17148705930670077, 0.1571908113294056, -0.5295166154243505, 0.5284191701256022, 0.9328766403739344, 0.01932546414134257, 0.7748741091508744, 0.3886596438304426, -0.22231146422488934, -0.23861627012031406, 0.5672035868641652, 0.0673358485602451, 0.4822560009898115, 0.6840786430284489, 0.06849150232809564, -0.8327523314280547, 0.5472560234654466, 0.2786330105476073, 0.12697303333943388, -0.6344782108180504, -0.8609573353836145, -0.44147929689687526, 0.4083394671221334, 0.769497248388807, -0.04021241456511282, 0.016885904949164116, -0.5537860656951281, 0.9213636474420608, 0.5474659821225698, -0.6295886097923515, -0.7804639685024133, -0.46376595499577644, -0.8932238884142512, 0.6147643478914744, -0.11798741239553068, -0.9771103095006295, 0.38193628013923364, -0.6628257388375288, 0.6022242990615443, 0.010698895024086275, 0.5973818105777586, -0.6214907147393239, 0.3878054459697033, 0.8508309212102187, -0.41068908376618307, -0.02393869441743446, -0.9366719864579214, -0.6182038646884536, -0.15080260614837981, -0.7086914566894258]
101.99810791015625	(8, 12, 2)	[-0.18599628149110833, -0.39220007186591355, -0.0759415069180207, 0.46302755236226556, 0.35617971094728196, 0.19019457704145282, 0.35853772519053817, -0.45752647163938764, 0.39079273364065403, 0.17199891245387253, 0.22370121931178155, 0.9355214152917108, 0.21193738660954575, -1.0, -0.14405022729874228, 0.7948243494074736, -0.5064020796383029, -0.2610160692730539, -0.1139444260451572, -0.3088856286639763, -0.428745922050084, 0.08165560624973667, -0.29359739142099195, 0.9146079210895781, -0.5347828975732184, -0.27691382283865007, -0.5890902864445943, -0.5630721766112285, 0.8100130172468099, 0.8808598129915204, -0.11520967973246976, 0.4532282712294249, -0.2169469267637565, -0.6649560157602785, 0.6379717069357294, -0.6688230047491386, -0.6384322725003182, -0.18143679931672102, -0.20199342778374235, -0.24478547821203578, 0.6417106813605593, -0.11291957126606156, 0.24386425246058874, -0.8402203355619944, 0.09245819304714624, -0.9393697969567718, -0.3467261618072892, 0.029219697357513966, -0.5658006199308125, -0.6780795697095903, 0.4038780053953741, -0.2344139506585894, 0.15170964808769982, -0.9009220654801932, -0.6451943354520853, -0.9669743841003544, -0.16360751380236727, 0.2348615007930522, 0.7851039053810909, 0.7703046583696254, 0.5829083640036687, 0.5842595157811541, 0.24899572044715113, 0.7811401733908476, -0.3880063361071744, -0.35057184769521066, 0.09502949959905771, -0.8501267106976651, -0.5668712666321196, -0.39772611254843904, 0.17148705930670077, 0.1571908113294056, -0.5295166154243505, 0.5284191701256022, 0.9328766403739344, 0.01932546414134257, 0.7748741091508744, 0.3886596438304426, -0.22231146422488934, -0.23861627012031406, 0.5672035868641652, 0.0673358485602451, 0.4822560009898115, 0.6840786430284489, 0.06849150232809564, -0.8327523314280547, 0.5472560234654466, 0.2786330105476073, 0.12697303333943388, -0.6344782108180504, -0.8609573353836145, -0.44147929689687526, 0.4083394671221334, 0.769497248388807, -0.04021241456511282, 0.016885904949164116, -0.5537860656951281, 0.9213636474420608, 0.5474659821225698, -0.6295886097923515, -0.7804639685024133, -0.46376595499577644, -0.8932238884142512, 0.6147643478914744, -0.11798741239553068, -0.9771103095006295, 0.38193628013923364, -0.6628257388375288, 0.6022242990615443, 0.010698895024086275, 0.5973818105777586, -0.6214907147393239, 0.3878054459697033, 0.8508309212102187, -0.41068908376618307, -0.02393869441743446, -0.9366719864579214, -0.6182038646884536, -0.15080260614837981, -0.7086914566894258]
101.999267578125	(8, 12, 2)	[-0.15359809802578583, -0.39220007186591355, -0.0759415069180207, 0.7970174714297382, 0.9287207938606985, 0.9229961808990401, 0.35853772519053817, -0.45752647163938764, 0.39079273364065403, 0.17199891245387253, 0.22370121931178155, 1.0, 0.21193738660954575, -1.0, -0.14405022729874228, 0.9953874779356698, -0.5064020796383029, -0.2610160692730539, -0.1139444260451572, 0.28217235313305933, -0.428745922050084, -0.39828307898460924, -0.29359739142099195, 0.9146079210895781, -0.5347828975732184, -0.46964939135437866, -0.7221508332443554, -0.5630721766112285, 0.8100130172468099, 0.5916325968371877, -0.11520967973246976, 0.2864866020413497, -0.26299762554496486, -0.7082600860851341, 0.6379717069357294, -0.47772311009222324, -0.6384322725003182, 0.8621580295373799, -0.07545108960756675, -0.2294112631711982, 0.6417106813605593, -0.11291957126606156, 0.24386425246058874, -1.0, 0.09245819304714624, -1.0, 0.038161697083763935, 0.01998440515555646, -0.5658006199308125, -0.2874858591228292, 0.4038780053953741, -0.2344139506585894, 0.15170964808769982, 0.8757681323280786, -0.6451943354520853, -1.0, -0.16360751380236727, 0.2348615007930522, -0.5877229780062603, 0.7878427270358064, 0.5829083640036687, -0.3883350944085236, 0.24899572044715113, 0.6177061591562195, -0.3880063361071744, -0.35057184769521066, 0.09502949959905771, -0.8501267106976651, 0.671880221904779, -0.39772611254843904, 0.3554425105665304, -0.6583798268407806, -0.5295166154243505, 0.6045452779877043, 0.9328766403739344, 0.4542158108722389, 0.7626871966361636, 0.3886596438304426, 0.31912295052501777, -0.23861627012031406, 0.5672035868641652, 0.0673358485602451, 0.4822560009898115, 0.6840786430284489, 0.099692577084949, -0.8327523314280547, 0.5472560234654466, 0.28722128672322067, 0.12697303333943388, -0.6344782108180504, -0.8609573353836145, -0.5051627289221704, 0.30601797112059526, 0.769497248388807, 1.0, 0.016885904949164116, -0.6135790988913445, 0.5374894049741064, 0.9434362709678219, -0.6295886097923515, -0.7804639685024133, -0.6396415322161394, -0.8932238884142512, 0.6147643478914744, -0.08056026065120465, -0.1105323274512271, 0.38193628013923364, -0.6628257388375288, 0.6022242990615443, 0.010698895024086275, 0.5973818105777586, -0.6214907147393239, -0.2613246884008871, -0.0725403022844886, 0.37631415681832614, -0.02393869441743446, -0.9366719864579214, -0.6182038646884536, -0.15080260614837981, -0.6766203516935081]
101.99821472167969	(8, 12, 2)	[-0.49063180458388245, -0.39220007186591355, -0.0759415069180207, 0.4063777429158213, 0.5899760117727768, 0.8951597577806711, 0.35853772519053817, -0.8982377193147544, 0.39079273364065403, 0.17199891245387253, 0.36973942824651856, 0.4416645916098165, 0.21193738660954575, -0.981351250570911, 0.1495995881490393, 0.9953874779356698, -0.5158973959526422, -0.2610160692730539, 0.4193957116531484, -0.3088856286639763, -0.428745922050084, 0.08165560624973667, -0.6274565073990686, 0.5532175951785556, -0.2063442428425122, -0.27691382283865007, -0.7221508332443554, -0.5630721766112285, 0.6654015764172293, 0.6485993925473301, -0.11520967973246976, 0.4532282712294249, -0.18933534073678654, -0.6649560157602785, 0.6379717069357294, -0.47772311009222324, -0.6384322725003182, 0.5904177202231667, -0.17384756394994438, -0.24478547821203578, 0.6417106813605593, -0.6240185099489801, 0.8157763096312431, -1.0, 0.09245819304714624, -0.7342884748951597, -0.11415925855497, 0.10125868686675871, -0.3029155499698173, -0.6780795697095903, 0.4038780053953741, -0.6376378645136069, 0.7469396108280411, 0.2619555678106722, 0.3531082237131715, 0.4377542501629226, -0.16360751380236727, 0.2348615007930522, -0.8919884876049058, 0.7878427270358064, 0.5829083640036687, -0.3883350944085236, 0.24899572044715113, 0.7811401733908476, -0.3880063361071744, -0.35057184769521066, 0.09502949959905771, -0.8501267106976651, -0.5702791375647185, -0.2665945507579497, 0.3554425105665304, -0.6583798268407806, -0.5295166154243505, 0.6889135727346012, -0.16377476407257308, 0.01932546414134257, -0.35369143696686145, 0.42013452504496623, -0.1274310491966585, 0.22417428191992195, 0.5672035868641652, 0.0673358485602451, 0.23700650200287146, -0.3110805618441737, -1.0, -0.9446013077746769, 0.27219362423822546, -0.7673344563287687, 0.12697303333943388, -0.6344782108180504, -0.10911657434274291, -0.3101979749895897, 0.4083394671221334, 0.7596318978067522, -0.04021241456511282, 0.016885904949164116, -0.4579953573383355, -0.5821100526148864, 0.34036535554497066, -0.7297662554726405, -0.6364731731510563, -0.46376595499577644, -0.8932238884142512, 0.21327328493334896, -0.11798741239553068, 0.3744889660882096, -0.7813476807195898, -0.13309421772416763, 0.1131189895178446, 0.010698895024086275, 0.5973818105777586, -0.6054589448842236, -0.1111696655462393, -0.0725403022844886, 0.37631415681832614, -0.02393869441743446, -0.669412113447148, -0.6182038646884536, -0.19670355217667268, -0.6766203516935081]
101.99993896484375	(8, 12, 2)	[-0.49063180458388245, -0.39220007186591355, -0.14343941303148555, 0.7970174714297382, 0.9287207938606985, 0.9229961808990401, 0.35853772519053817, -0.45752647163938764, 0.39079273364065403, 0.17199891245387253, 0.22370121931178155, 0.2865117065689684, 0.40702060237029714, -1.0, -0.43353896235162365, 0.9256249315891241, -0.5064020796383029, -0.2610160692730539, -0.1139444260451572, -0.3088856286639763, -0.428745922050084, -0.2770222916183225, -0.29359739142099195, 0.9146079210895781, -0.5347828975732184, -0.27691382283865007, -0.5890902864445943, -0.3325431598234291, 0.6194061876432662, 0.5916325968371877, -0.11520967973246976, 0.4532282712294249, -0.2169469267637565, -0.6649560157602785, 0.6379717069357294, -0.47772311009222324, -0.6384322725003182, -0.18143679931672102, -0.20199342778374235, -0.2294112631711982, 0.6417106813605593, -0.11291957126606156, 0.24386425246058874, -0.8402203355619944, 0.09245819304714624, -0.6181809358758134, 0.038161697083763935, 0.01998440515555646, -0.5658006199308125, -0.6780795697095903, 0.4038780053953741, -0.2344139506585894, -0.04983311412397265, 0.2619555678106722, -0.6451943354520853, -0.9669743841003544, -0.16153188369414903, 0.2348615007930522, 0.7851039053810909, 0.7703046583696254, 0.5829083640036687, 0.5842595157811541, 0.24899572044715113, 0.7811401733908476, 0.23929707838282638, -0.520105208421308, 0.09502949959905771, -0.8501267106976651, -0.5668712666321196, -0.39772611254843904, 0.17148705930670077, 0.1571908113294056, -0.20676880851087037, 0.5284191701256022, 0.9328766403739344, 0.01932546414134257, 0.7748741091508744, 0.305723574009047, -0.22231146422488934, -0.23861627012031406, 0.5672035868641652, -0.6084004373303704, 0.4822560009898115, -0.3110805618441737, 0.099692577084949, -0.8327523314280547, 0.30747036814284845, 0.28722128672322067, 0.12697303333943388, -0.5310953787182816, -0.8609573353836145, -0.5051627289221704, 0.30601797112059526, 0.769497248388807, -0.04021241456511282, 0.016885904949164116, -0.5537860656951281, 0.5374894049741064, 0.9434362709678219, -0.6295886097923515, -0.7804639685024133, -0.46376595499577644, -0.8552488855204544, 0.6147643478914744, -0.30876286252697016, -0.1105323274512271, -0.7813476807195898, 0.5442453189403338, -0.8256424052605875, 0.010698895024086275, 0.5973818105777586, -0.6214907147393239, -0.1111696655462393, -0.0725403022844886, -0.2025633872719645, -0.02393869441743446, -0.9366719864579214, -0.6182038646884536, -0.15080260614837981, -0.7086914566894258]
101.99983215332031	(8, 12, 2)	[-0.15359809802578583, -0.09464715370611265, -0.14343941303148555, 0.8986345238818171, 0.5899760117727768, 0.9229961808990401, 0.403400931964265, -0.45752647163938764, 0.39079273364065403, -0.16171609069789072, 0.36973942824651856, 0.2865117065689684, 0.21193738660954575, -1.0, -0.2537475598816269, 0.9256249315891241, -0.5168692561069455, -0.8665737198204451, 0.004434725403964154, 0.28217235313305933, -0.428745922050084, -0.2770222916183225, -0.5085886238947501, 0.545093189156742, -0.5347828975732184, -0.27691382283865007, -0.7221508332443554, -0.4750235088095056, 0.7819802157748907, 0.8808598129915204, 0.020430058038568594, 0.4532282712294249, -0.42008495022667613, 0.8261304852711084, 0.6379717069357294, -0.7877232130602431, -0.6384322725003182, 0.8115368446880329, -0.20199342778374235, -0.2294112631711982, 0.8923651807914768, -0.11291957126606156, 0.48736743416829653, -1.0, -0.33286810344039464, -0.9393697969567718, -0.11415925855497, 0.01998440515555646, -0.3373988252705655, -0.6676554890582197, 0.47910358656664054, -0.2344139506585894, 0.7284272902964969, 0.1492601927291759, -0.6451943354520853, -1.0, -0.16360751380236727, 0.8009999762774356, -0.8919884876049058, 0.7703046583696254, -0.1616639455160882, -0.3883350944085236, 0.24899572044715113, 0.7811401733908476, 0.23929707838282638, -0.35057184769521066, 0.09502949959905771, 0.42214711433639773, -0.5844335975104193, -0.7610169203941044, 0.25862209319652396, 0.1571908113294056, -0.5295166154243505, 0.6045452779877043, 0.9328766403739344, 0.32364435759086685, -0.2471787663802818, 0.43998823730342185, -0.22231146422488934, 0.22417428191992195, 0.5672035868641652, 0.0673358485602451, 0.3449907933088552, -0.3545737980822876, -1.0, -0.8327523314280547, -0.23025273696729287, 0.28722128672322067, 0.12697303333943388, -0.6344782108180504, -1.0, -0.3101979749895897, 0.30601797112059526, -0.03878195609430968, -0.04021241456511282, 0.0983099315445703, -0.5537860656951281, 0.9213636474420608, 0.9434362709678219, -0.6295886097923515, -0.9108345355253697, 0.2928986444212913, -0.6633696137037339, -0.871258281898159, -0.11798741239553068, 0.3744889660882096, -0.7813476807195898, -0.13309421772416763, -0.8256424052605875, 0.010698895024086275, 0.5973818105777586, -0.6054589448842236, -0.20203959217972844, 0.8508309212102187, 0.42022763645858296, -0.32741408734969313, -0.28136994901463175, -0.6182038646884536, 0.7486937089431549, -0.6766203516935081]
101.99980163574219	(8, 12, 2)	[-0.15359809802578583, -0.09464715370611265, -0.0972581941831422, 0.8986345238818171, 0.9287207938606985, 0.9229961808990401, 0.35853772519053817, -0.45752647163938764, 0.39079273364065403, 0.11167690337012615, 0.22370121931178155, 0.9355214152917108, 0.21193738660954575, -0.981351250570911, 0.1495995881490393, 0.9256249315891241, -0.6694099691975188, -0.2610160692730539, 0.4193957116531484, -0.3088856286639763, -0.428745922050084, 0.08165560624973667, -0.4111821066089231, 0.9146079210895781, -0.5347828975732184, -0.27691382283865007, -0.7221508332443554, -0.5630721766112285, 0.6194061876432662, 0.5944746017713275, -0.11520967973246976, 0.4532282712294249, -0.42008495022667613, -0.6649560157602785, 0.6379717069357294, -0.5623775841523002, -0.6384322725003182, 0.8115368446880329, -0.21027144453411825, -0.8359386329897104, 0.6417106813605593, -0.11291957126606156, 0.24386425246058874, -0.8402203355619944, 0.09245819304714624, -0.6077945143661658, -0.22930890556171302, -0.004372405725214579, -0.5658006199308125, -0.2874858591228292, 0.4038780053953741, -0.2344139506585894, 0.7284272902964969, 0.2619555678106722, 0.3531082237131715, -0.9669743841003544, -0.16360751380236727, 0.2348615007930522, 0.7851039053810909, 0.7703046583696254, 0.5829083640036687, 0.5842595157811541, -0.7141714837764728, -0.7850671507042686, -0.3880063361071744, -0.35057184769521066, 0.09502949959905771, -0.8501267106976651, -0.5668712666321196, -0.7610169203941044, 0.25862209319652396, -0.6583798268407806, -0.5295166154243505, 0.6045452779877043, 0.9328766403739344, 0.32364435759086685, -0.35369143696686145, 0.305723574009047, 0.2683339304401322, -0.1440794701791106, 0.7787307270679542, 0.0673358485602451, 0.4822560009898115, -0.3110805618441737, -1.0, -0.8678411611607348, 0.3216322629420214, -0.7673344563287687, 0.12697303333943388, -0.6344782108180504, -0.8198289698437136, -0.44147929689687526, 0.4083394671221334, -0.03878195609430968, -0.04021241456511282, 0.016885904949164116, -0.4077101513640336, -0.47282389749527387, 0.5474659821225698, -0.5617362722372381, -0.7804639685024133, 0.12400465140995581, -0.6285870828726428, 0.5302138924425194, -0.39479765627254304, -0.9771103095006295, -0.7813476807195898, 0.34721798316222374, 0.6022242990615443, 0.010698895024086275, 0.5973818105777586, 0.6798473369535472, 0.3878054459697033, 0.3905886175506088, 0.5219721354850259, -0.2678656291857653, -0.669412113447148, -0.6182038646884536, -0.15080260614837981, -0.7086914566894258]
101.99994659423828	(8, 12, 2)	[-0.18599628149110833, -0.39220007186591355, 0.30622741811564147, 0.3115809218798924, 1.0, 0.8951597577806711, 0.35853772519053817, -0.8982377193147544, 0.39079273364065403, -0.16171609069789072, 0.36973942824651856, 0.3486681720891237, 0.21193738660954575, -0.981351250570911, -0.43353896235162365, 0.9256249315891241, -0.5168692561069455, -0.2610160692730539, 0.4193957116531484, 0.28217235313305933, -0.428745922050084, -0.06844498663080142, -0.39627913470296483, 0.5532175951785556, -0.5347828975732184, -0.46964939135437866, -0.7221508332443554, -0.5630721766112285, 0.8100130172468099, 0.8808598129915204, 0.32167572388794086, 0.2864866020413497, 0.69815748858634, -0.6649560157602785, 0.8356863849040503, -0.47772311009222324, -0.6004879459693541, 0.8621580295373799, -0.17384756394994438, -0.24478547821203578, 0.5570652593067265, -0.4680443855700833, 0.8157763096312431, -0.8161665492066472, 0.09245819304714624, -0.9393697969567718, -0.22930890556171302, 0.029219697357513966, -0.5658006199308125, -0.6780795697095903, 0.4038780053953741, -0.2344139506585894, 0.7284272902964969, 0.2619555678106722, -0.5894425694558225, 0.4377542501629226, -0.16360751380236727, 0.2348615007930522, -0.48370103016154425, 0.7878427270358064, 0.5829083640036687, -0.6890166629708041, 0.5319629223884839, 0.11032993782858136, 0.23929707838282638, -0.35057184769521066, 0.09502949959905771, -0.8501267106976651, -0.5668712666321196, -0.7610169203941044, 0.25862209319652396, -0.926781948948775, -0.17731701244270415, 0.5777373642943722, 0.9328766403739344, 0.6872348638541055, 0.7748741091508744, 0.43998823730342185, 0.2683339304401322, -0.23861627012031406, -0.7864988189798268, 0.5663558470502323, 0.4822560009898115, -0.3092602152223149, 0.06849150232809564, -0.8327523314280547, -0.3554020596025411, 0.28722128672322067, 0.12697303333943388, -0.6344782108180504, -0.8198289698437136, -0.2651614478810864, 0.06569340248843991, -0.03878195609430968, -0.04021241456511282, 0.016885904949164116, -0.4077101513640336, -0.5821100526148864, 0.5474659821225698, -0.6295886097923515, -0.7764286344792617, -0.46376595499577644, -0.6633696137037339, 0.6147643478914744, 0.40301057394851875, -0.9771103095006295, -0.7813476807195898, -0.2251816905299826, -0.8744526467532947, -0.2155025827662252, 0.5975877296711852, 0.6608892835914568, 0.4089897203239078, 0.3905886175506088, 0.37631415681832614, -0.2678656291857653, -0.9643811234398865, -0.6182038646884536, -0.15080260614837981, -0.7086914566894258]
101.99996948242188	(8, 12, 2)	[-0.49063180458388245, -0.3542295553747513, -0.18420527508946058, 0.4063777429158213, 0.35617971094728196, 0.19019457704145282, 0.46226318496351976, -0.45752647163938764, 0.39079273364065403, -0.16171609069789072, 0.36973942824651856, 0.4416645916098165, 0.21193738660954575, -1.0, -0.26033052751408553, 0.9256249315891241, -0.6694099691975188, -0.24565575399206852, 0.09072697163179197, 0.2637680870697255, -0.428745922050084, 0.026713147994470887, -0.29359739142099195, 0.5386142165023388, -0.2063442428425122, -0.46964939135437866, -0.7221508332443554, -0.5630721766112285, 0.8100130172468099, 0.6485993925473301, -0.07183550260195348, 0.4532282712294249, -0.26299762554496486, -0.6649560157602785, 0.6379717069357294, -0.47772311009222324, -0.5718072940119723, 0.8621580295373799, -0.21027144453411825, -0.9618144615043729, 0.6417106813605593, -0.11291957126606156, 0.24386425246058874, -0.8402203355619944, -0.4039163578280874, -0.741308878925376, -0.11415925855497, -0.05607164965410959, 0.059817574693165954, -0.44188794705199674, -0.7540989208133377, -0.2344139506585894, 0.7284272902964969, 0.2619555678106722, -0.03048803013444361, 0.4377542501629226, -0.16360751380236727, 0.4487839681611417, -0.5877229780062603, 0.7878427270358064, 0.5829083640036687, 0.5842595157811541, 0.5319629223884839, 0.7811401733908476, 0.23929707838282638, -0.35057184769521066, 0.09502949959905771, -0.8501267106976651, -0.5668712666321196, -0.39772611254843904, 0.3554425105665304, -0.6583798268407806, -0.17731701244270415, 0.5777373642943722, -0.16377476407257308, 0.32364435759086685, 0.7748741091508744, 0.3886596438304426, -0.22231146422488934, 0.22417428191992195, 0.5672035868641652, 0.5663558470502323, 0.23700650200287146, 0.6840786430284489, -1.0, -0.8327523314280547, 0.27219362423822546, 0.28722128672322067, 0.12697303333943388, -0.6344782108180504, -0.10911657434274291, -0.44147929689687526, 0.3995768825863911, 0.769497248388807, -0.084097218027956, 0.06316505723198995, -0.4077101513640336, 0.5374894049741064, 0.9434362709678219, -0.45216525961349735, -0.7804639685024133, 0.7761966920994277, -0.8932238884142512, 0.6147643478914744, 0.17128270014959823, -0.9771103095006295, -0.7813476807195898, 0.34721798316222374, -0.8256424052605875, -0.6443973963857159, 0.5973818105777586, -0.39695672931099435, -0.1111696655462393, -0.7227030447319303, 0.37631415681832614, -0.2678656291857653, -0.669412113447148, -0.6182038646884536, -0.19670355217667268, -0.6766203516935081]
101.99990844726562	(8, 12, 2)	[-0.18599628149110833, -0.39220007186591355, -0.14343941303148555, 0.3115809218798924, 1.0, 0.8951597577806711, 0.35853772519053817, -0.45752647163938764, 0.39079273364065403, 0.11167690337012615, 0.36973942824651856, 1.0, 0.16013840934492957, -1.0, -0.43353896235162365, 0.9256249315891241, -0.5064020796383029, -0.8665737198204451, 0.4193957116531484, -0.3088856286639763, -0.428745922050084, -0.39828307898460924, -0.4247797750200629, 0.5532175951785556, 0.5746326947259743, -0.46964939135437866, -0.8649125306191074, -0.5630721766112285, 0.8100130172468099, 0.8808598129915204, 0.32167572388794086, 0.2864866020413497, -0.26299762554496486, -0.6649560157602785, 0.8356863849040503, -0.47772311009222324, -0.5718072940119723, 0.8621580295373799, -0.17384756394994438, -0.24478547821203578, -0.47876510427369445, -0.4680443855700833, 0.48736743416829653, -1.0, -0.4039163578280874, -0.9393697969567718, -0.22930890556171302, 0.01998440515555646, -0.3373988252705655, -0.6780795697095903, 0.4038780053953741, -0.2344139506585894, 0.7284272902964969, -0.9009220654801932, -0.6451943354520853, -1.0, 0.35014089002831916, 0.2348615007930522, -0.8919884876049058, 0.7878427270358064, 0.5829083640036687, -0.336729912998207, -0.6670944250116673, 0.7811401733908476, 0.23929707838282638, -0.3229489698153788, 0.09502949959905771, -0.8501267106976651, -0.5668712666321196, -0.7610169203941044, -0.8248463074417349, -0.926781948948775, -0.17731701244270415, 0.6045452779877043, 0.9328766403739344, 0.32364435759086685, -0.3416334677694298, 0.305723574009047, 0.2683339304401322, 0.22417428191992195, 0.5672035868641652, 0.6628996551878932, 0.4822560009898115, -0.3545737980822876, 0.06849150232809564, -0.8327523314280547, -0.3554020596025411, 0.28722128672322067, 0.12697303333943388, -0.831380659813608, -0.8198289698437136, -0.5041024457115549, 0.06569340248843991, -0.4551093926034795, -0.04021241456511282, 0.016885904949164116, -0.4077101513640336, -0.5821100526148864, 0.5474659821225698, -0.6295886097923515, -0.7764286344792617, -0.46376595499577644, -0.6633696137037339, 0.3054456206308481, 0.17128270014959823, -0.9771103095006295, -0.7813476807195898, -0.05566761447640861, 0.6022242990615443, -0.2155025827662252, 0.5973818105777586, 0.6608892835914568, -0.20203959217972844, 0.3905886175506088, 0.37631415681832614, -0.2678656291857653, -0.9643811234398865, -0.6182038646884536, -0.15080260614837981, -0.7086914566894258]
101.99972534179688	(8, 12, 2)	[-0.49063180458388245, -0.39220007186591355, -0.03911033796374133, 0.3115809218798924, 0.9287207938606985, 0.9223084544180791, 0.35853772519053817, -0.45752647163938764, 0.3063577343064019, -0.16171609069789072, 0.22370121931178155, 0.2865117065689684, 0.21193738660954575, -1.0, -0.14405022729874228, 0.9256249315891241, -0.5168692561069455, -0.2610160692730539, 0.4193957116531484, 0.20798813155373597, -0.428745922050084, -0.2770222916183225, -0.4111821066089231, 0.545093189156742, 0.5746326947259743, -0.27691382283865007, -0.7221508332443554, -0.5848533280453441, 0.6194061876432662, 0.6491728711822676, -0.11520967973246976, 0.4532282712294249, -0.26299762554496486, -0.3102014107680424, 0.6407194593290155, -0.5623775841523002, -0.6384322725003182, 0.8621580295373799, -0.20199342778374235, -0.8359386329897104, 0.8923651807914768, -0.4680443855700833, 0.24386425246058874, -0.8402203355619944, 0.09245819304714624, -0.7342884748951597, 0.038161697083763935, 0.01998440515555646, -0.3373988252705655, -0.2874858591228292, -0.7540989208133377, -0.2344139506585894, 0.7469396108280411, -0.9009220654801932, -0.6451943354520853, 0.35078577621480567, -0.16360751380236727, 0.2348615007930522, -0.5877229780062603, 0.2932950304229449, 0.5829083640036687, -0.4233238208194958, 0.5319629223884839, 0.7811401733908476, -0.9638818235215683, -0.35057184769521066, 0.09502949959905771, -0.8501267106976651, -0.5668712666321196, -1.0, 0.25862209319652396, -0.8462293181281286, -0.5856316697692943, 0.6045452779877043, -0.16377476407257308, 0.484881291832139, 0.7554765204707122, 0.305723574009047, -0.22231146422488934, 0.22417428191992195, -0.5750390621255438, 0.0673358485602451, 0.4822560009898115, -0.3545737980822876, -1.0, -0.8678411611607348, 0.27219362423822546, 0.28722128672322067, 0.12697303333943388, -0.6344782108180504, -0.8198289698437136, -0.44147929689687526, 0.30601797112059526, -0.8466190463397543, -0.084097218027956, -0.27105548428420484, -0.5537860656951281, -0.47282389749527387, 0.9434362709678219, -0.7297662554726405, -0.7764286344792617, -0.46376595499577644, -0.6633696137037339, 0.6147643478914744, 0.40301057394851875, 0.3744889660882096, -0.7813476807195898, -0.13309421772416763, -0.8256424052605875, 0.7891035463932823, 0.46353427770077743, 0.6798473369535472, 0.9297347012019943, -0.7227030447319303, 0.4439199561800644, -0.02393869441743446, -0.8500893135709411, -0.6182038646884536, -0.15080260614837981, -0.6766203516935081]
101.99989318847656	(8, 12, 2)	[-0.49063180458388245, -0.39220007186591355, -0.0759415069180207, 0.3115809218798924, 0.5899760117727768, 0.8951597577806711, 0.35853772519053817, -0.45752647163938764, 0.3621148153903395, 0.11167690337012615, 0.36973942824651856, 1.0, 0.21193738660954575, -1.0, -0.2537475598816269, 0.9256249315891241, -0.5064020796383029, -0.8665737198204451, 0.1611797736655865, 0.28217235313305933, -0.428745922050084, -0.2770222916183225, -0.29359739142099195, 0.545093189156742, -0.4686086240195684, 0.1757120886928587, -0.7221508332443554, -0.5630721766112285, 0.6654015764172293, 0.7872872763064587, -0.058518428212074626, 0.48285680137788767, 0.69815748858634, 0.8261304852711084, 0.8356863849040503, -0.5623775841523002, -0.6384322725003182, 0.8621580295373799, -0.13749172268405965, -0.2294112631711982, 0.5570652593067265, -0.11291957126606156, 0.48736743416829653, -0.8402203355619944, 0.09245819304714624, -0.7342884748951597, -0.3467261618072892, -0.10408170690240257, 0.059817574693165954, -0.6780795697095903, 0.4038780053953741, -0.2344139506585894, 0.5256414374899414, -0.3356884723845679, -0.5894425694558225, 0.4377542501629226, 0.35014089002831916, 0.2348615007930522, -0.48370103016154425, 0.7878427270358064, 0.5829083640036687, -0.2988831464488566, 0.24899572044715113, 0.4679003496788876, -0.9638818235215683, -0.3229489698153788, 0.09502949959905771, -0.8501267106976651, -0.5668712666321196, -0.7610169203941044, -0.8248463074417349, 0.009717946845569758, -0.20676880851087037, 0.5777373642943722, 0.9328766403739344, 0.32364435759086685, 0.7748741091508744, 0.305723574009047, -0.22231146422488934, 0.22417428191992195, 0.5672035868641652, 0.0673358485602451, 0.3449907933088552, -0.3110805618441737, -1.0, -0.8327523314280547, -0.3554020596025411, 0.28722128672322067, 0.12697303333943388, -0.831380659813608, -0.8198289698437136, -0.7252541507349458, 0.30601797112059526, -0.03878195609430968, -0.084097218027956, 0.016885904949164116, -0.4579953573383355, -0.5821100526148864, 0.8739050203218283, -0.7297662554726405, -0.7804639685024133, 0.2928986444212913, -0.6633696137037339, 0.21327328493334896, -0.11798741239553068, 0.3744889660882096, 0.38193628013923364, -0.2251816905299826, -0.9757939105059639, -0.6443973963857159, 0.5973818105777586, -0.5959878371543862, -0.1111696655462393, -0.26761593711780496, 0.37631415681832614, -0.32741408734969313, -0.669412113447148, -0.6182038646884536, -0.15080260614837981, -0.7086914566894258]
101.99978637695312	(8, 12, 2)	[-0.49063180458388245, -0.39220007186591355, -0.10078692294739205, 0.2912149487062999, 0.5899760117727768, 0.8951597577806711, 0.35853772519053817, -0.45752647163938764, 0.39079273364065403, -0.16171609069789072, 0.36973942824651856, 1.0, 0.21193738660954575, -1.0, -0.43353896235162365, 0.7948243494074736, -0.5168692561069455, -0.2610160692730539, 0.09072697163179197, 0.28217235313305933, -0.428745922050084, -0.2770222916183225, -0.5085886238947501, 0.545093189156742, -0.5347828975732184, -0.3951617381648228, -0.7221508332443554, -0.5630721766112285, 0.8100130172468099, 0.6485993925473301, -0.07183550260195348, 0.4532282712294249, 0.69815748858634, -0.6343009670850841, 0.8356863849040503, -0.47772311009222324, -0.6435960259735312, 0.5342175188171221, -0.2059523888641475, -0.24478547821203578, 0.9885524366847147, -0.11291957126606156, 0.8157763096312431, -0.8402203355619944, -0.4046401615228181, -0.9393697969567718, -0.22930890556171302, 0.16244577459702547, 0.059817574693165954, -0.6780795697095903, 0.4038780053953741, -0.2344139506585894, 0.7469396108280411, 0.1492601927291759, -0.6451943354520853, 0.4377542501629226, 0.35014089002831916, 0.2348615007930522, -0.48370103016154425, 0.8723749411278235, 0.5829083640036687, -0.3883350944085236, 0.24899572044715113, 0.7811401733908476, 0.2634741695428027, -0.3229489698153788, 0.09502949959905771, 0.42214711433639773, -0.5668712666321196, -0.39772611254843904, 0.25862209319652396, -0.9212932129894678, -0.20676880851087037, 0.6045452779877043, 0.9287126379115098, 0.32364435759086685, -0.35369143696686145, 0.305723574009047, -0.22231146422488934, -0.23861627012031406, 0.5672035868641652, 0.6628996551878932, 0.4822560009898115, -0.3545737980822876, -0.950660409311129, -0.8327523314280547, 0.27219362423822546, 0.28722128672322067, 0.12697303333943388, -0.6344782108180504, -0.8609573353836145, -0.7252541507349458, 0.4083394671221334, 0.7596318978067522, -0.084097218027956, 0.016885904949164116, -0.4579953573383355, -0.5821100526148864, 0.9434362709678219, -0.6589786473883726, -0.6768859722192784, -0.46376595499577644, -0.8932238884142512, 0.20379795307865373, 0.40301057394851875, 0.3744889660882096, -0.7813476807195898, -0.13309421772416763, -0.8256424052605875, -0.6443973963857159, 0.5973818105777586, 0.6608892835914568, -0.1111696655462393, -0.7227030447319303, 0.37631415681832614, 0.2634716665223047, -0.3531480682874324, -0.6182038646884536, -0.15080260614837981, -0.7086914566894258]
101.99994659423828	(8, 12, 2)	[-0.49063180458388245, -0.4176448748615183, -0.0759415069180207, 0.3115809218798924, 0.9287207938606985, 0.8951597577806711, 0.35853772519053817, -0.8982377193147544, 0.39079273364065403, 0.17199891245387253, 0.36973942824651856, 1.0, 0.21193738660954575, -1.0, -0.2537475598816269, 0.9256249315891241, -0.5064020796383029, -0.2610160692730539, 0.1611797736655865, 0.28217235313305933, -0.428745922050084, 0.08165560624973667, -0.29359739142099195, 0.545093189156742, -0.4686086240195684, 0.1757120886928587, -0.7221508332443554, -0.5630721766112285, 0.8100130172468099, 0.6485993925473301, -0.02351004601042564, 0.48285680137788767, -0.18933534073678654, -0.6649560157602785, 0.8356863849040503, -0.5623775841523002, -0.6004879459693541, 0.7451911547286891, -0.21027144453411825, -0.2294112631711982, 0.5570652593067265, -0.11291957126606156, 0.8157763096312431, -0.8402203355619944, 0.09245819304714624, -0.7342884748951597, -0.3467261618072892, -0.10408170690240257, 0.059817574693165954, -0.6780795697095903, 0.4038780053953741, -0.2344139506585894, 0.7284272902964969, -0.3356884723845679, -0.6451943354520853, 0.4377542501629226, -0.16360751380236727, 0.1843925734908535, 0.7851039053810909, 0.7878427270358064, 0.5829083640036687, -0.21993101831208528, 0.5319629223884839, 0.8348752107529885, -0.7596981487500125, -0.3229489698153788, 0.09502949959905771, -0.8501267106976651, -0.5668712666321196, -0.7610169203941044, 0.25862209319652396, 0.009717946845569758, -0.20676880851087037, 0.5777373642943722, 0.9328766403739344, 0.07750794271985695, 0.7748741091508744, 0.42013452504496623, 0.2683339304401322, 0.22417428191992195, 0.7787307270679542, 0.0673358485602451, 0.4822560009898115, -0.3110805618441737, -1.0, -0.8327523314280547, -0.3554020596025411, 0.28722128672322067, 0.12697303333943388, -0.6344782108180504, -0.8198289698437136, -0.5041024457115549, 0.30601797112059526, -0.03878195609430968, -0.04021241456511282, 0.016885904949164116, -0.4579953573383355, -0.5821100526148864, 0.9434362709678219, -0.45216525961349735, -0.7804639685024133, 0.2928986444212913, -0.6285870828726428, 0.6147643478914744, -0.11798741239553068, -0.1105323274512271, -0.7813476807195898, -0.2251816905299826, -0.9757939105059639, -0.6443973963857159, 0.5973818105777586, -0.6054589448842236, -0.1111696655462393, -0.26761593711780496, 0.42056548445241515, -0.32741408734969313, -0.669412113447148, -0.6182038646884536, -0.15080260614837981, -0.6376016399975373]
101.99996185302734	(8, 12, 2)	[-0.15359809802578583, -0.4176448748615183, -0.0759415069180207, 0.4063777429158213, 0.5899760117727768, 0.9925418395901707, 0.35853772519053817, -0.45752647163938764, 0.3063577343064019, -0.16171609069789072, 0.22370121931178155, 0.4416645916098165, 0.21193738660954575, -1.0, -0.2537475598816269, 0.9953874779356698, -0.5168692561069455, -0.2610160692730539, 0.1611797736655865, 0.28217235313305933, -0.428745922050084, 0.08165560624973667, -0.5085886238947501, 0.7241844802313184, -0.16698976948203365, -0.27691382283865007, -0.7221508332443554, -0.5630721766112285, 0.8100130172468099, 0.6485993925473301, -0.11520967973246976, 0.2864866020413497, -0.42008495022667613, -0.3102014107680424, 0.6379717069357294, -0.5623775841523002, -0.5718072940119723, 0.49426812404345016, -0.17384756394994438, -0.8359386329897104, 0.9885524366847147, -0.11291957126606156, 0.8157763096312431, -0.8402203355619944, -0.4039163578280874, -0.9393697969567718, 0.0275864762100499, 0.16244577459702547, 0.059817574693165954, -0.44188794705199674, 0.4038780053953741, -0.2344139506585894, 0.7469396108280411, 0.1492601927291759, -0.6451943354520853, 0.42081843680815123, -0.16360751380236727, 0.1843925734908535, 0.7851039053810909, 0.847187422122102, 0.5829083640036687, -0.3883350944085236, 0.24899572044715113, -0.7850671507042686, 0.23929707838282638, -0.1421741379214675, -0.33521993310842113, -0.8501267106976651, -0.5512728748170541, -0.7610169203941044, -0.8248463074417349, -0.926781948948775, -0.17731701244270415, 0.5777373642943722, 0.9328766403739344, 0.32364435759086685, 0.7748741091508744, 0.305723574009047, -0.22231146422488934, 0.22417428191992195, -0.5750390621255438, 0.6628996551878932, 0.2936800480344094, -0.3545737980822876, -1.0, -0.8327523314280547, 0.27219362423822546, 0.28722128672322067, 0.12697303333943388, -0.5338713254011999, -0.8198289698437136, -0.7252541507349458, 0.30601797112059526, -0.03878195609430968, -0.04021241456511282, 0.0983099315445703, -0.5537860656951281, 0.9213636474420608, 0.5474659821225698, -0.6295886097923515, -0.7804639685024133, 0.2928986444212913, -0.8932238884142512, 0.6147643478914744, -0.11798741239553068, 0.3744889660882096, -0.7813476807195898, -0.13309421772416763, 0.6022242990615443, -0.7097313618737124, 0.7333259381868443, -0.6054589448842236, 0.3878054459697033, 0.8508309212102187, 0.42056548445241515, -0.32741408734969313, -0.28136994901463175, -0.6182038646884536, -0.19670355217667268, -0.7086914566894258]
101.99996948242188	(8, 12, 2)	[-0.15359809802578583, -0.39220007186591355, -0.0972581941831422, 0.3115809218798924, 0.5899760117727768, 0.9229961808990401, 0.46226318496351976, -0.45752647163938764, 0.39079273364065403, -0.16171609069789072, 0.36973942824651856, 0.419725454052125, 0.21193738660954575, -1.0, -0.2537475598816269, 0.791213202975606, -0.5168692561069455, -0.2902407243235902, 0.09072697163179197, 0.2637680870697255, -0.428745922050084, -0.2770222916183225, -0.39627913470296483, 0.7241844802313184, -0.5347828975732184, -0.46964939135437866, -0.8649125306191074, -0.5630721766112285, 0.6194061876432662, 0.8808598129915204, -0.11520967973246976, 0.2864866020413497, -0.18933534073678654, -0.6649560157602785, 0.8356863849040503, -0.47772311009222324, -0.6384322725003182, 0.8621580295373799, -0.21027144453411825, -0.24478547821203578, 0.9885524366847147, -0.4680443855700833, 0.7128912498741904, -0.7532986362772243, -0.4039163578280874, -0.7342884748951597, -0.2719969337794907, 0.10125868686675871, -0.5658006199308125, -0.6780795697095903, 0.4038780053953741, -0.6376378645136069, 0.8906129515808952, 0.2619555678106722, -0.6451943354520853, 0.4377542501629226, 0.35014089002831916, 0.6919020336464323, -0.48370103016154425, 0.7703046583696254, 0.5829083640036687, -0.4233238208194958, 0.5319629223884839, 0.6177061591562195, -0.6315975023415337, -0.3229489698153788, 0.09502949959905771, -0.756294197260627, -0.5531232399260135, -0.7610169203941044, -0.8248463074417349, -0.8462293181281286, -0.5295166154243505, 0.6045452779877043, 0.9328766403739344, 0.32364435759086685, 0.7280118976348324, 0.305723574009047, -0.22231146422488934, -0.1440794701791106, 0.5672035868641652, 0.5663558470502323, 0.4822560009898115, -0.3545737980822876, -1.0, -0.8327523314280547, -0.3554020596025411, 0.28722128672322067, 0.031872982394610117, -0.6344782108180504, -0.8609573353836145, -0.2651614478810864, 0.06569340248843991, -0.8466190463397543, -0.084097218027956, 0.016885904949164116, -0.4579953573383355, -0.5821100526148864, 0.8739050203218283, -0.7297662554726405, -0.9543031036795477, 0.2928986444212913, -0.9229991476964694, 0.6147643478914744, -0.08056026065120465, 0.3744889660882096, 0.38193628013923364, -0.13309421772416763, -0.8148806461899728, -0.9969957636075145, 0.5973818105777586, -0.6054589448842236, -0.2613246884008871, 0.8508309212102187, -0.2025633872719645, -0.02393869441743446, -0.669412113447148, -0.6182038646884536, -0.25538940399743565, -0.6766203516935081]
101.99993896484375	(8, 12, 2)	[-0.49063180458388245, -0.35696667258368314, -0.0972581941831422, 0.46302755236226556, 0.5899760117727768, 0.9925418395901707, 0.35853772519053817, -0.45752647163938764, 0.33784156271669397, 0.11167690337012615, 0.36973942824651856, 1.0, 0.21193738660954575, -0.981351250570911, -0.14405022729874228, 0.7948243494074736, -0.5064020796383029, -0.2610160692730539, 0.4193957116531484, 0.28217235313305933, -0.428745922050084, 0.026713147994470887, -0.4757425455301907, 0.7241844802313184, -0.5347828975732184, 0.1757120886928587, -0.7221508332443554, -0.5848533280453441, 0.7673843760217351, 0.6304039160537567, -0.11520967973246976, 0.2864866020413497, -0.26299762554496486, -0.6649560157602785, 0.8356863849040503, -0.5623775841523002, -0.6384322725003182, 0.5904177202231667, -0.2510746752959652, -0.24478547821203578, 0.6417106813605593, -0.5592894476360138, 0.8157763096312431, -0.8402203355619944, -0.4039163578280874, -0.6077945143661658, -0.1499582369292724, -0.05607164965410959, 0.059817574693165954, -0.44188794705199674, 0.4067024413178895, -0.6376378645136069, 0.7284272902964969, 0.1492601927291759, 0.3531082237131715, 0.4377542501629226, 0.35014089002831916, 0.2348615007930522, 0.7851039053810909, 0.7878427270358064, 0.5829083640036687, -0.2988831464488566, 0.24899572044715113, 0.11032993782858136, 0.2634741695428027, -0.35057184769521066, 0.09502949959905771, -0.8501267106976651, -0.5844335975104193, -0.39772611254843904, -0.8248463074417349, 0.1571908113294056, -0.5295166154243505, 0.6045452779877043, 0.09267357484143546, 0.32364435759086685, -0.35369143696686145, 0.43998823730342185, -0.22231146422488934, 0.22417428191992195, -0.5750390621255438, 0.5663558470502323, 0.4822560009898115, -0.3545737980822876, -1.0, -0.8327523314280547, 0.27219362423822546, 0.28722128672322067, 0.12697303333943388, -0.5383685486846908, -0.8198289698437136, -0.44147929689687526, 0.30601797112059526, 0.769497248388807, -0.04021241456511282, 0.016885904949164116, -0.4077101513640336, 0.9213636474420608, 0.9434362709678219, 0.6551663141532096, -0.6383618742308713, -0.46376595499577644, -0.8932238884142512, 0.21327328493334896, -0.11798741239553068, -0.1105323274512271, -0.7813476807195898, -0.13309421772416763, 0.6022242990615443, -0.2155025827662252, 0.5042954687124961, -0.6054589448842236, -0.1111696655462393, 0.3905886175506088, -0.41068908376618307, -0.35183526908037877, -0.9366719864579214, -0.6182038646884536, -0.15080260614837981, -0.6766203516935081]
101.99993133544922	(8, 12, 2)	[-0.49063180458388245, -0.39220007186591355, -0.16845207914457694, 0.41970628937995563, 0.9287207938606985, 0.9229961808990401, 0.46226318496351976, -0.45752647163938764, 0.39079273364065403, -0.1757575332226464, 0.36973942824651856, 0.419725454052125, 0.21193738660954575, -1.0, -0.2537475598816269, 0.9256249315891241, -0.5168692561069455, -0.8665737198204451, -0.1139444260451572, 0.28217235313305933, -0.428745922050084, 0.4940440973321131, -0.39627913470296483, 0.545093189156742, 0.5746326947259743, -0.46964939135437866, -0.8649125306191074, -0.5630721766112285, 0.8100130172468099, 0.6485993925473301, -0.11520967973246976, 0.4532282712294249, 0.69815748858634, -0.6649560157602785, 0.6407194593290155, -0.47772311009222324, -0.641383254906211, 0.49426812404345016, -0.29654003772955195, -0.2294112631711982, 0.864637925979415, -0.11291957126606156, 0.24386425246058874, -0.7532986362772243, -0.4039163578280874, -0.7342884748951597, 0.038161697083763935, 0.01998440515555646, 0.059817574693165954, -0.6780795697095903, 0.4038780053953741, -0.6376378645136069, 0.8906129515808952, 0.1492601927291759, -0.6451943354520853, 0.4377542501629226, -0.16360751380236727, 0.6292396919224933, -0.8919884876049058, 0.847187422122102, 0.5829083640036687, -0.1983265914860411, 0.5319629223884839, 0.6177061591562195, 0.23929707838282638, -0.4779822567925451, 0.09502949959905771, -0.8501267106976651, -0.5668712666321196, -0.7610169203941044, -0.8248463074417349, -0.8462293181281286, -0.5295166154243505, 0.6045452779877043, 0.09267357484143546, 0.32364435759086685, 0.7748741091508744, 0.305723574009047, -0.22231146422488934, -0.1440794701791106, 0.5672035868641652, 0.0673358485602451, 0.4822560009898115, -0.3110805618441737, -1.0, -0.8327523314280547, 0.27219362423822546, 0.28722128672322067, 0.2533144840736096, -0.6344782108180504, -0.8397666906893665, -0.2651614478810864, 0.4083394671221334, -0.8466190463397543, -0.8789848806726283, 0.016885904949164116, -0.5537860656951281, -0.5821100526148864, 0.8739050203218283, -0.6295886097923515, -0.9543031036795477, 0.12400465140995581, -0.722678914442361, 0.21327328493334896, -0.06049016663671257, -0.1105323274512271, -0.7813476807195898, 0.098804451419894, 0.6022242990615443, -0.7097313618737124, 0.5973818105777586, -0.6412236976434121, -0.1111696655462393, -0.7227030447319303, 0.37631415681832614, 0.2634716665223047, -0.669412113447148, -0.6182038646884536, -0.15080260614837981, -0.6376016399975373]
101.99999237060547	(8, 12, 2)	[-0.49063180458388245, -0.39220007186591355, -0.16845207914457694, 0.41970628937995563, 0.9287207938606985, 0.9229961808990401, 0.46226318496351976, -0.45752647163938764, 0.39079273364065403, -0.1757575332226464, 0.36973942824651856, 0.419725454052125, 0.21193738660954575, -1.0, -0.2537475598816269, 0.9256249315891241, -0.5168692561069455, -0.8665737198204451, -0.1139444260451572, 0.28217235313305933, -0.428745922050084, 0.4940440973321131, -0.39627913470296483, 0.545093189156742, 0.5746326947259743, -0.46964939135437866, -0.8649125306191074, -0.5630721766112285, 0.8100130172468099, 0.6485993925473301, -0.11520967973246976, 0.4532282712294249, 0.69815748858634, -0.6649560157602785, 0.6407194593290155, -0.47772311009222324, -0.641383254906211, 0.49426812404345016, -0.29654003772955195, -0.2294112631711982, 0.864637925979415, -0.11291957126606156, 0.24386425246058874, -0.7532986362772243, -0.4039163578280874, -0.7342884748951597, 0.038161697083763935, 0.01998440515555646, 0.059817574693165954, -0.6780795697095903, 0.4038780053953741, -0.6376378645136069, 0.8906129515808952, 0.1492601927291759, -0.6451943354520853, 0.4377542501629226, -0.16360751380236727, 0.6292396919224933, -0.8919884876049058, 0.847187422122102, 0.5829083640036687, -0.1983265914860411, 0.5319629223884839, 0.6177061591562195, 0.23929707838282638, -0.4779822567925451, 0.09502949959905771, -0.8501267106976651, -0.5668712666321196, -0.7610169203941044, -0.8248463074417349, -0.8462293181281286, -0.5295166154243505, 0.6045452779877043, 0.09267357484143546, 0.32364435759086685, 0.7748741091508744, 0.305723574009047, -0.22231146422488934, -0.1440794701791106, 0.5672035868641652, 0.0673358485602451, 0.4822560009898115, -0.3110805618441737, -1.0, -0.8327523314280547, 0.27219362423822546, 0.28722128672322067, 0.2533144840736096, -0.6344782108180504, -0.8397666906893665, -0.2651614478810864, 0.4083394671221334, -0.8466190463397543, -0.8789848806726283, 0.016885904949164116, -0.5537860656951281, -0.5821100526148864, 0.8739050203218283, -0.6295886097923515, -0.9543031036795477, 0.12400465140995581, -0.722678914442361, 0.21327328493334896, -0.06049016663671257, -0.1105323274512271, -0.7813476807195898, 0.098804451419894, 0.6022242990615443, -0.7097313618737124, 0.5973818105777586, -0.6412236976434121, -0.1111696655462393, -0.7227030447319303, 0.37631415681832614, 0.2634716665223047, -0.669412113447148, -0.6182038646884536, -0.15080260614837981, -0.6376016399975373]
101.9999771118164	(8, 12, 2)	[-0.49063180458388245, -0.39220007186591355, -0.0759415069180207, 0.7970174714297382, 0.510396993905956, 0.9925418395901707, 0.46226318496351976, -0.45752647163938764, 0.33784156271669397, 0.11167690337012615, 0.36973942824651856, 0.419725454052125, 0.21193738660954575, -1.0, -0.2537475598816269, 0.7948243494074736, -0.5168692561069455, -0.2610160692730539, 0.4193957116531484, 0.28217235313305933, -0.428745922050084, 0.10972289274528468, -0.5085886238947501, 0.5386142165023388, -0.5347828975732184, -0.44233062785409616, -0.7221508332443554, -0.7065647645048396, 0.774714129460659, 0.6304039160537567, -0.07183550260195348, 0.4532282712294249, -0.42008495022667613, -0.6343009670850841, 0.8356863849040503, -0.47772311009222324, -0.6384322725003182, 0.49426812404345016, -0.21027144453411825, -0.2294112631711982, 0.6417106813605593, -0.6240185099489801, 0.8157763096312431, -0.8402203355619944, 0.09245819304714624, -0.6077945143661658, -0.22930890556171302, 0.16244577459702547, 0.059817574693165954, -0.6780795697095903, 0.4038780053953741, -0.2344139506585894, 0.7469396108280411, 0.2619555678106722, -0.6611909289647285, 0.4377542501629226, 0.35014089002831916, 0.1843925734908535, 0.7851039053810909, 0.7878427270358064, 0.5829083640036687, -0.21993101831208528, 0.24899572044715113, -0.7850671507042686, -0.9638818235215683, -0.3229489698153788, 0.09502949959905771, 0.5792052674557725, -0.5512728748170541, -0.7610169203941044, -0.8248463074417349, -0.6583798268407806, -0.5295166154243505, 0.5777373642943722, 0.09267357484143546, 0.32364435759086685, 0.7748741091508744, 0.3886596438304426, -0.22231146422488934, -0.046190596653339605, 0.5672035868641652, 0.5663558470502323, 0.4822560009898115, -0.3110805618441737, -1.0, -0.9446013077746769, 0.27219362423822546, 0.28722128672322067, 0.12697303333943388, -0.6344782108180504, -0.8609573353836145, -0.7252541507349458, 0.4083394671221334, -0.8466190463397543, -0.689016793780282, 0.01328955896167705, -0.5537860656951281, 0.9213636474420608, 0.9434362709678219, -0.6295886097923515, -0.6561959076698237, -0.6396415322161394, -0.8932238884142512, 0.21327328493334896, -0.11798741239553068, -0.9651945403405239, -0.7813476807195898, -0.13309421772416763, -0.8256424052605875, 0.7891035463932823, 0.5973818105777586, 0.6798473369535472, 0.9297347012019943, -0.7227030447319303, 0.37631415681832614, -0.35183526908037877, -1.0, -0.6182038646884536, 0.7486937089431549, -0.6766203516935081]
101.99993133544922	(8, 12, 2)	[-0.49063180458388245, -0.39220007186591355, -0.14343941303148555, 0.3115809218798924, 0.5899760117727768, 0.8951597577806711, 0.28455257050710303, -0.9006907828891236, 0.3621148153903395, -0.16171609069789072, 0.22370121931178155, 1.0, 0.21193738660954575, -1.0, -0.2537475598816269, 0.9953874779356698, -0.5064020796383029, -0.2610160692730539, 0.1611797736655865, 0.28217235313305933, -0.428745922050084, -0.2770222916183225, -0.5085886238947501, 0.5532175951785556, -0.2063442428425122, 0.1757120886928587, -0.7221508332443554, -0.5630721766112285, 0.6194061876432662, 0.8808598129915204, -0.11520967973246976, 0.2864866020413497, 0.69815748858634, -0.6649560157602785, 0.8356863849040503, -0.6688230047491386, -0.6004879459693541, 0.8621580295373799, 0.6971403707213586, -0.24478547821203578, 0.6417106813605593, -0.5592894476360138, 0.8157763096312431, -0.8402203355619944, -0.4046401615228181, -1.0, 0.038161697083763935, -0.05607164965410959, -0.08088239738770164, -0.6780795697095903, 0.4038780053953741, -0.2798050035721119, 0.5256414374899414, -0.3356884723845679, 0.3531082237131715, 0.4377542501629226, 0.35014089002831916, 0.1843925734908535, 0.7851039053810909, 0.7878427270358064, 0.5829083640036687, -0.3883350944085236, 0.24899572044715113, 0.5511358704830212, 0.23929707838282638, -0.3229489698153788, 0.09502949959905771, 0.42214711433639773, -0.5844335975104193, -0.39772611254843904, -0.8248463074417349, 0.1571908113294056, -0.5295166154243505, 0.5777373642943722, 0.9328766403739344, 0.32364435759086685, -0.35369143696686145, 0.4938786447376991, -0.22231146422488934, 0.22417428191992195, 0.5672035868641652, 0.5663558470502323, 0.2653700926729263, -0.41670108195007255, -1.0, -0.8327523314280547, 0.27219362423822546, 0.28722128672322067, 0.12697303333943388, -0.8118841688022354, -0.8722850624619397, -0.7252541507349458, 0.30601797112059526, 0.7596318978067522, -0.04021241456511282, 0.016885904949164116, -0.5537860656951281, 0.9213636474420608, 0.9434362709678219, -0.6207389397589884, -0.6364731731510563, 0.2969992160684589, -0.9229991476964694, 0.3054456206308481, -0.11798741239553068, -0.1105323274512271, -0.7813476807195898, -0.13309421772416763, -0.8256424052605875, -0.7097313618737124, 0.5973818105777586, -0.6054589448842236, 0.08047591358149567, -0.7227030447319303, 0.37631415681832614, -0.35183526908037877, -0.7238292957839516, -0.6182038646884536, -0.15080260614837981, -0.7086914566894258]
101.99996948242188	(8, 12, 2)	[-0.49063180458388245, -0.39220007186591355, -0.0972581941831422, 0.4063777429158213, 0.5899760117727768, 0.8951597577806711, 0.35853772519053817, -0.45752647163938764, 0.39079273364065403, 0.17199891245387253, 0.36973942824651856, 1.0, 0.21193738660954575, -1.0, -0.2537475598816269, 1.0, -0.5168692561069455, -0.2610160692730539, 0.18089664282553752, 0.28217235313305933, -0.428745922050084, -0.21462354949361326, -0.5085886238947501, 0.5532175951785556, -0.5347828975732184, 0.1757120886928587, -0.7221508332443554, -0.5630721766112285, 0.8100130172468099, 0.6304039160537567, -0.026244336913035196, 0.2864866020413497, 0.69815748858634, -0.6649560157602785, 0.6379717069357294, -0.47772311009222324, -0.6384322725003182, 0.925739871121688, -0.21027144453411825, -0.2294112631711982, 0.9885524366847147, -0.5592894476360138, 0.8157763096312431, -1.0, 0.09245819304714624, -0.9362772300241682, 0.038161697083763935, 0.16244577459702547, 0.059817574693165954, -0.6780795697095903, 0.4038780053953741, -0.2344139506585894, 0.7560646646557702, 0.2619555678106722, -0.6451943354520853, 0.4377542501629226, -0.1640330144100081, 0.11758418463107756, -0.5877229780062603, 0.847187422122102, 0.5829083640036687, -0.1983265914860411, 0.24899572044715113, -0.6401773308039416, 0.2634741695428027, -0.5051629820974376, 0.04949458918656324, -0.8501267106976651, -0.5668712666321196, -0.39772611254843904, -0.8248463074417349, 0.009717946845569758, -0.5280719694827333, 0.5284191701256022, 0.9328766403739344, 0.32364435759086685, -0.35369143696686145, 0.27180023999838343, -0.22231146422488934, 0.22417428191992195, 0.5672035868641652, -0.5942020161565968, 0.2936800480344094, -0.3545737980822876, -1.0, -0.8327523314280547, 0.27219362423822546, 0.28722128672322067, 0.12697303333943388, -0.6344782108180504, -0.8198289698437136, -0.44147929689687526, 0.3995768825863911, -0.03878195609430968, -0.04021241456511282, 0.016885904949164116, -0.4077101513640336, -0.5821100526148864, 0.9434362709678219, -0.6295886097923515, -0.7804639685024133, 0.3043762787299894, -0.8932238884142512, 0.21787070646329407, -0.11798741239553068, -0.1105323274512271, -0.7813476807195898, -0.05566761447640861, -0.9757939105059639, -0.6443973963857159, 0.5973818105777586, -0.6054589448842236, -0.1111696655462393, -0.7227030447319303, 0.37631415681832614, -0.35183526908037877, -0.669412113447148, -0.6182038646884536, -0.07512689895267378, -0.6182225213167513]
101.99998474121094	(8, 12, 2)	[-0.49063180458388245, -0.39220007186591355, 0.30622741811564147, 0.7970174714297382, 0.5899760117727768, 0.9925418395901707, 0.35853772519053817, -0.45752647163938764, 0.3450634526045595, -0.07013509895829956, 0.36973942824651856, 0.419725454052125, 0.21193738660954575, -1.0, -0.2537475598816269, 0.9256249315891241, -0.5064020796383029, -0.2610160692730539, 0.1611797736655865, 0.28217235313305933, -0.428745922050084, -0.21462354949361326, -0.31142129941657193, 0.7241844802313184, -0.5347828975732184, -0.46964939135437866, -0.7221508332443554, -0.5630721766112285, 0.6194061876432662, 0.6304039160537567, -0.11520967973246976, 0.48285680137788767, 0.69815748858634, -0.704028189347155, 0.6379717069357294, -0.47772311009222324, -0.6384322725003182, 0.5904177202231667, -0.17384756394994438, -0.2294112631711982, 0.9885524366847147, -0.11291957126606156, 0.8157763096312431, -1.0, 0.09245819304714624, -0.9393697969567718, -0.2277414908133958, -0.05607164965410959, -0.29625362868944155, -0.6676554890582197, 0.4067024413178895, -0.2344139506585894, 0.7284272902964969, -0.3356884723845679, -0.6451943354520853, 0.4377542501629226, -0.16360751380236727, 0.6292396919224933, -0.8919884876049058, 0.7878427270358064, 0.5829083640036687, -0.40279769585112035, 0.27030902078055447, 0.5539007462347484, -0.3880063361071744, -0.3229489698153788, 0.09502949959905771, -0.8501267106976651, -0.5668712666321196, -0.7610169203941044, -0.8248463074417349, -0.8462293181281286, -0.17731701244270415, 0.6045452779877043, 0.9328766403739344, 0.32364435759086685, 0.7626871966361636, 0.3886596438304426, 0.2683339304401322, 0.22417428191992195, 0.5672035868641652, 0.6628996551878932, 0.4822560009898115, -0.3110805618441737, -1.0, -0.8327523314280547, 0.27219362423822546, 0.28722128672322067, 0.12697303333943388, -0.6344782108180504, -0.8609573353836145, -0.5041024457115549, 0.4083394671221334, -0.03878195609430968, -0.04021241456511282, 0.016885904949164116, -0.5482225421406524, 0.9213636474420608, 0.8739050203218283, -0.6295886097923515, -0.7804639685024133, 0.2928986444212913, -0.6633696137037339, -0.6944379110716816, -0.11798741239553068, -0.1105323274512271, -0.7813476807195898, -0.13309421772416763, -0.9757939105059639, -0.6443973963857159, 0.846589781797692, -0.6214907147393239, -0.18862680167501117, -0.7227030447319303, 0.37631415681832614, -0.02393869441743446, -0.669412113447148, -0.6182038646884536, -0.15080260614837981, -0.6766203516935081]
101.99993896484375	(8, 12, 2)	[-0.49063180458388245, -0.39220007186591355, -0.0759415069180207, 0.22888478212339725, 0.5899760117727768, 0.7941453139175169, 0.35853772519053817, -0.45752647163938764, 0.33784156271669397, 0.11167690337012615, 0.36973942824651856, 1.0, 0.21193738660954575, -1.0, -0.43353896235162365, 0.9256249315891241, -0.5064020796383029, -0.2610160692730539, 0.1611797736655865, 0.28217235313305933, -0.6058078176210291, -0.2770222916183225, -0.4757425455301907, 0.5532175951785556, -0.5347828975732184, 0.16902572570924446, -0.7221508332443554, -0.5630721766112285, 0.6194061876432662, 0.8808598129915204, -0.21552378624349844, 0.4532282712294249, 0.69815748858634, -0.6343009670850841, 0.8356863849040503, -0.6688230047491386, -0.6384322725003182, 0.7451911547286891, 0.6971403707213586, -0.8359386329897104, 0.6417106813605593, -0.11291957126606156, 0.7128912498741904, -0.965180832890175, -0.4046401615228181, -0.9393697969567718, -0.2277414908133958, 0.029219697357513966, 0.059817574693165954, -0.6780795697095903, 0.3165468440341303, -0.6376378645136069, 0.5256414374899414, 0.1492601927291759, -0.6451943354520853, 0.4377542501629226, -0.16360751380236727, 0.2348615007930522, -0.48370103016154425, 0.847187422122102, 0.5829083640036687, -0.6890166629708041, 0.5319629223884839, 0.6565014934558784, 0.23929707838282638, -0.3867939440112477, 0.09502949959905771, -0.8501267106976651, -0.5668712666321196, -0.39772611254843904, -0.8248463074417349, -0.6583798268407806, -0.20676880851087037, 0.5777373642943722, 0.9328766403739344, 0.32364435759086685, 0.7748741091508744, 0.4938786447376991, 0.2683339304401322, 0.22417428191992195, 0.5672035868641652, 0.6628996551878932, 0.4822560009898115, -0.3110805618441737, -0.950660409311129, -0.9446013077746769, 0.27219362423822546, 0.28722128672322067, 0.12697303333943388, -0.6344782108180504, -0.7341321907351617, -0.44147929689687526, 0.30601797112059526, -0.1478646894634629, -0.04021241456511282, 0.016885904949164116, -0.4579953573383355, -0.5821100526148864, 0.9434362709678219, -0.7297662554726405, -0.7804639685024133, -0.43275651083423294, -0.6633696137037339, -0.6944379110716816, -0.11798741239553068, 0.3744889660882096, -0.7813476807195898, -0.13309421772416763, 0.6022242990615443, 0.010698895024086275, 0.5973818105777586, 0.6798473369535472, -0.1111696655462393, 0.3905886175506088, 0.31664638825005414, -0.02393869441743446, -0.669412113447148, -0.6182038646884536, -0.15080260614837981, -0.7086914566894258]
101.99996185302734	(8, 12, 2)	[-0.49063180458388245, -0.39220007186591355, -0.10078692294739205, 0.3115809218798924, 0.5899760117727768, 0.9229961808990401, 0.46226318496351976, -0.7049418234707256, 0.39079273364065403, 0.11167690337012615, 0.36973942824651856, 1.0, 0.21193738660954575, -1.0, -0.14405022729874228, 0.9256249315891241, -0.5544843369161092, -0.2610160692730539, 0.1611797736655865, 0.28217235313305933, -0.428745922050084, 0.08165560624973667, -0.5085886238947501, 0.5532175951785556, -0.5347828975732184, 0.32166824396113813, -0.8304819873143792, -0.5630721766112285, 0.5431301471404492, 0.8808598129915204, -0.11520967973246976, 0.2864866020413497, 0.69815748858634, -0.6649560157602785, 0.8356863849040503, -0.6688230047491386, -0.5718072940119723, 0.8621580295373799, 0.6971403707213586, -0.2294112631711982, 0.880616468507936, -0.11291957126606156, 0.8157763096312431, -0.8402203355619944, -0.4046401615228181, -0.7342884748951597, -0.2277414908133958, 0.029219697357513966, 0.059817574693165954, -0.6780795697095903, 0.4038780053953741, -0.4309708327755901, 0.6112217728263897, 0.1492601927291759, -0.6451943354520853, 0.42081843680815123, 0.35014089002831916, 0.2348615007930522, -0.48370103016154425, 0.7878427270358064, 0.5829083640036687, -0.6890166629708041, 0.24899572044715113, 0.5539007462347484, 0.23929707838282638, -0.3229489698153788, 0.09502949959905771, 0.42214711433639773, -0.5668712666321196, -0.39772611254843904, -0.8248463074417349, 0.009717946845569758, -0.20676880851087037, 0.6045452779877043, 0.9328766403739344, 0.32364435759086685, 0.7748741091508744, 0.305723574009047, -0.22231146422488934, -0.1557382837832571, 0.5672035868641652, 0.5663558470502323, 0.4822560009898115, -0.3110805618441737, -1.0, -0.8327523314280547, -0.3554020596025411, 0.5109980872915996, 0.12697303333943388, -0.6344782108180504, -0.8397666906893665, -0.7252541507349458, 0.30601797112059526, -0.20007296722065038, -0.084097218027956, 0.016885904949164116, -0.5537860656951281, -0.5821100526148864, 0.5474659821225698, -0.6295886097923515, -0.6364731731510563, 0.2969992160684589, -0.7230350206468265, 0.3054456206308481, -0.11798741239553068, -0.1105323274512271, -0.7813476807195898, -0.13309421772416763, -0.8256424052605875, 0.7891035463932823, 0.5973818105777586, 0.6608892835914568, -0.1111696655462393, 0.8508309212102187, 0.37631415681832614, -0.02393869441743446, -0.7238292957839516, -0.6182038646884536, -0.15080260614837981, -0.7086914566894258]
101.99999237060547	(8, 12, 2)	[-0.49063180458388245, -0.35696667258368314, -0.10078692294739205, 0.3115809218798924, 1.0, 0.9925418395901707, 0.46226318496351976, -0.45752647163938764, 0.33784156271669397, 0.17199891245387253, 0.36973942824651856, 1.0, 0.21193738660954575, -1.0, -0.43353896235162365, 0.9256249315891241, -0.5064020796383029, -0.8665737198204451, -0.1139444260451572, 0.28217235313305933, -0.6058078176210291, 0.026713147994470887, -0.5085886238947501, 0.5532175951785556, -0.5347828975732184, -0.46964939135437866, -0.7221508332443554, -0.5630721766112285, 0.6654015764172293, 0.7896275543199572, -0.11520967973246976, 0.4532282712294249, 0.69815748858634, -0.6343009670850841, 0.8356863849040503, -0.47772311009222324, -0.6435960259735312, 0.49426812404345016, 0.6971403707213586, -0.2294112631711982, 0.6417106813605593, -0.4680443855700833, 0.8157763096312431, -1.0, 0.09245819304714624, -0.9393697969567718, -0.1499582369292724, -0.10408170690240257, 0.059817574693165954, -0.6780795697095903, 0.4038780053953741, -0.6376378645136069, 0.5256414374899414, -0.3356884723845679, -0.6451943354520853, 0.4377542501629226, -0.16360751380236727, 0.2348615007930522, 0.7851039053810909, 0.7540070902792552, 0.5829083640036687, -0.2988831464488566, 0.24899572044715113, 0.5539007462347484, -0.1557419551682615, -0.3229489698153788, 0.09502949959905771, -0.8501267106976651, -0.5668712666321196, -0.39772611254843904, -0.8248463074417349, -0.6583798268407806, -0.5464402531209822, 0.5777373642943722, 0.9328766403739344, 0.32364435759086685, 0.7748741091508744, 0.4938786447376991, -0.22231146422488934, -0.1557382837832571, 0.5672035868641652, 0.5663558470502323, 0.23700650200287146, -0.3110805618441737, -0.950660409311129, -0.8327523314280547, 0.27219362423822546, 0.5109980872915996, 0.12697303333943388, -0.6344782108180504, -0.8609573353836145, -0.44147929689687526, 0.30601797112059526, -0.03878195609430968, -0.8789848806726283, 0.016885904949164116, -0.5537860656951281, 0.9213636474420608, 0.9434362709678219, 0.6551663141532096, -0.6364731731510563, -0.6396415322161394, -0.802519113218271, 0.6436547188847395, -0.11798741239553068, 0.3744889660882096, -0.7813476807195898, -0.6628257388375288, 0.6022242990615443, 0.010698895024086275, 0.5973818105777586, 0.6798473369535472, -0.1111696655462393, 0.3905886175506088, 0.37631415681832614, -0.35183526908037877, -0.669412113447148, -0.6182038646884536, -0.25538940399743565, -0.6766203516935081]
101.99998474121094	(8, 12, 2)	[-0.49063180458388245, -0.39220007186591355, -0.12280821191636512, 0.4063777429158213, 0.5899760117727768, 0.8951597577806711, 0.28455257050710303, -0.45752647163938764, 0.39079273364065403, -0.16171609069789072, 0.22370121931178155, 1.0, 0.21193738660954575, -1.0, -0.2537475598816269, 0.9953874779356698, -0.5064020796383029, -0.2610160692730539, 0.4193957116531484, 0.28217235313305933, -0.6058078176210291, -0.39828307898460924, -0.5085886238947501, 0.7241844802313184, -0.5347828975732184, 0.1757120886928587, -0.7221508332443554, -0.5630721766112285, 0.7673843760217351, 0.8808598129915204, -0.11520967973246976, 0.2864866020413497, 0.69815748858634, -0.3102014107680424, 0.780273034668404, -0.6688230047491386, -0.6004879459693541, 0.8621580295373799, -0.17384756394994438, -0.24478547821203578, 0.9885524366847147, -0.5592894476360138, 0.8157763096312431, -0.8402203355619944, -0.4046401615228181, -0.7342884748951597, -0.2277414908133958, -0.05607164965410959, 0.059817574693165954, -0.6780795697095903, 0.4067024413178895, -0.6376378645136069, 0.7469396108280411, -0.3356884723845679, 0.3531082237131715, 0.4377542501629226, 0.35014089002831916, 0.6292396919224933, -0.8919884876049058, 0.7878427270358064, 0.5829083640036687, -0.21993101831208528, 0.24899572044715113, 0.6565014934558784, 0.23929707838282638, -0.3229489698153788, 0.09502949959905771, -0.8501267106976651, -0.5668712666321196, -0.7610169203941044, -0.8248463074417349, 0.1571908113294056, -0.5280719694827333, 0.6045452779877043, 0.09267357484143546, 0.07750794271985695, -0.35369143696686145, 0.305723574009047, -0.22231146422488934, -0.1557382837832571, 0.5672035868641652, 0.0673358485602451, 0.23700650200287146, -0.3110805618441737, -1.0, -0.8327523314280547, 0.22797798493973095, 0.28722128672322067, 0.12697303333943388, -0.5338713254011999, -0.8198289698437136, -0.44147929689687526, 0.4083394671221334, 0.7596318978067522, -0.04021241456511282, 0.016885904949164116, -0.5537860656951281, 0.9213636474420608, 0.9434362709678219, -0.6814252993088912, -0.7764286344792617, -0.46376595499577644, -0.6633696137037339, 0.20379795307865373, -0.11798741239553068, -0.1105323274512271, -0.7813476807195898, -0.05566761447640861, 0.6022242990615443, -0.2155025827662252, 0.7333259381868443, -0.4743193710245361, 0.3878054459697033, -0.7227030447319303, 0.4439199561800644, -0.02393869441743446, -0.669412113447148, -0.6182038646884536, -0.15080260614837981, -0.4732790978739345]
101.99998474121094	(8, 12, 2)	[-0.49063180458388245, -0.35696667258368314, -0.14343941303148555, 0.3115809218798924, 0.5899760117727768, 0.9925418395901707, 0.35853772519053817, -0.7049418234707256, 0.3621148153903395, 0.17199891245387253, 0.36973942824651856, 1.0, 0.21193738660954575, -1.0, -0.2537475598816269, 0.9635103950061932, -0.5064020796383029, -0.8665737198204451, 0.1611797736655865, 0.28217235313305933, -0.6058078176210291, 0.04901970327697189, -0.5085886238947501, 0.9146079210895781, -0.5347828975732184, 0.1757120886928587, -0.7221508332443554, -0.4553964950466729, 0.7673843760217351, 0.8808598129915204, -0.07026007322787045, 0.2864866020413497, -0.18933534073678654, -0.6649560157602785, 0.636136918784795, -0.5545297516642614, -0.6004879459693541, 0.8621580295373799, -0.21027144453411825, -0.2294112631711982, 0.6417106813605593, -0.11291957126606156, 0.7128912498741904, -0.8402203355619944, -0.4046401615228181, -0.9393697969567718, -0.2277414908133958, -0.09106410182519396, -0.03106849779949382, -0.6780795697095903, 0.4038780053953741, -0.2344139506585894, 0.955114672794593, 0.1492601927291759, -0.6451943354520853, 0.4377542501629226, 0.35014089002831916, 0.2348615007930522, -0.5877229780062603, 0.7878427270358064, 0.5829083640036687, -0.1983265914860411, -0.7141714837764728, 0.4191059856612356, 0.23929707838282638, -0.35057184769521066, 0.09502949959905771, -0.7861671245401676, -0.5668712666321196, -0.39772611254843904, -0.8248463074417349, -0.8462293181281286, -0.20676880851087037, 0.6045452779877043, 0.9328766403739344, 0.32364435759086685, 0.7748741091508744, 0.4938786447376991, -0.22231146422488934, 0.23686890911006658, 0.5672035868641652, 0.6628996551878932, 0.4822560009898115, -0.3545737980822876, -1.0, -0.6528629916082924, 0.22797798493973095, 0.5109980872915996, 0.12697303333943388, -0.6344782108180504, -0.8397666906893665, -0.7252541507349458, 0.4083394671221334, 0.7596318978067522, -0.084097218027956, 0.016885904949164116, -0.5482225421406524, 0.9213636474420608, 0.5474659821225698, -0.6295886097923515, -0.6364731731510563, -0.46376595499577644, -0.6633696137037339, 0.21327328493334896, -0.11798741239553068, -0.8362414813394938, -0.7813476807195898, -0.6628257388375288, -0.8256424052605875, 0.010698895024086275, 0.5973818105777586, 0.6798473369535472, -0.1111696655462393, 0.3905886175506088, 0.5219721354850259, -0.35183526908037877, -1.0, -0.6182038646884536, -0.25538940399743565, -0.7086914566894258]
101.99996948242188	(8, 12, 2)	[-0.49063180458388245, -0.39220007186591355, -0.14343941303148555, 0.4063777429158213, 0.5899760117727768, 0.8951597577806711, 0.28455257050710303, -0.45752647163938764, 0.3063577343064019, -0.27885740054559427, 0.22370121931178155, 0.30512793751712747, 0.21193738660954575, -1.0, -0.2537475598816269, 0.9953874779356698, -0.5952174852832608, -0.2610160692730539, 0.4193957116531484, 0.3139016532288421, -0.6058078176210291, 0.026713147994470887, -0.5085886238947501, 0.7241844802313184, -0.5347828975732184, 0.1757120886928587, -0.7221508332443554, -0.5630721766112285, 0.3923778574146388, 0.8808598129915204, -0.11520967973246976, 0.4532282712294249, 0.69815748858634, -0.5331935976608065, 0.8356863849040503, -0.59394410783724, -0.6384322725003182, 0.5677830148608897, -0.17384756394994438, -0.24478547821203578, 0.9885524366847147, -0.11291957126606156, 0.7901205700949078, -0.8402203355619944, -0.4046401615228181, -1.0, -0.2277414908133958, -0.05607164965410959, 0.059817574693165954, -0.6780795697095903, 0.4038780053953741, -0.2344139506585894, 0.7284272902964969, -0.3356884723845679, -0.6451943354520853, 0.42081843680815123, 0.35014089002831916, 0.6292396919224933, -0.8919884876049058, 0.7878427270358064, 0.5829083640036687, -0.3883350944085236, -0.7141714837764728, 0.6565014934558784, 0.2724206538958297, -0.3229489698153788, 0.09502949959905771, -0.8501267106976651, -0.5668712666321196, -0.7610169203941044, -0.8248463074417349, -0.8462293181281286, -0.20676880851087037, 0.6045452779877043, 0.09267357484143546, 0.07750794271985695, 0.7626871966361636, 0.43998823730342185, 0.2683339304401322, -0.1557382837832571, 0.5672035868641652, 0.0673358485602451, 0.23700650200287146, -0.3545737980822876, -0.950660409311129, -0.8327523314280547, 0.1579707651627422, 0.28722128672322067, 0.031872982394610117, -0.6344782108180504, -0.7341321907351617, -0.44147929689687526, 0.4083394671221334, -0.03878195609430968, -0.04021241456511282, 0.016885904949164116, -0.5970479902182243, 0.9213636474420608, 0.9434362709678219, -0.6295886097923515, -0.7804639685024133, -0.46376595499577644, -0.6633696137037339, 0.3054456206308481, -0.11798741239553068, 0.3744889660882096, -0.7813476807195898, -0.05566761447640861, -0.9757939105059639, 0.010698895024086275, 0.5973818105777586, 0.6798473369535472, 0.3878054459697033, -0.7227030447319303, 0.4439199561800644, -0.2678656291857653, -0.669412113447148, -0.6182038646884536, -0.25538940399743565, -0.4732790978739345]
101.99999237060547	(8, 12, 2)	[-0.49063180458388245, -0.35696667258368314, -0.14343941303148555, 0.3115809218798924, 1.0, 0.8951597577806711, 0.35853772519053817, -0.3564989711155149, 0.3063577343064019, 0.11167690337012615, 0.36973942824651856, 1.0, 0.21193738660954575, -1.0, -0.43353896235162365, 0.9953874779356698, -0.5064020796383029, -0.2610160692730539, 0.1611797736655865, 0.28217235313305933, -0.6058078176210291, 0.026713147994470887, -0.5085886238947501, 0.5532175951785556, -0.5347828975732184, 0.1757120886928587, -0.7221508332443554, -0.8369584250653086, 0.6194061876432662, 0.6304039160537567, -0.21552378624349844, 0.4532282712294249, 0.69815748858634, -0.6649560157602785, 0.6379717069357294, -0.6688230047491386, -0.6384322725003182, 0.49426812404345016, -0.17384756394994438, -0.2294112631711982, 0.5242883591342656, -0.4680443855700833, 0.8157763096312431, -0.8402203355619944, 0.09245819304714624, -0.9362772300241682, 0.038161697083763935, -0.05607164965410959, 0.059817574693165954, -0.6780795697095903, 0.3165468440341303, -0.6376378645136069, 0.6112217728263897, -0.3356884723845679, 0.3531082237131715, 0.4377542501629226, -0.16360751380236727, 0.2348615007930522, -0.9857184786908851, 0.7878427270358064, 0.5829083640036687, -0.3883350944085236, 0.24899572044715113, 0.11032993782858136, 0.23929707838282638, -0.3229489698153788, 0.09502949959905771, -0.8501267106976651, -0.5668712666321196, -0.7610169203941044, -0.8248463074417349, -0.8462293181281286, -0.5280719694827333, 0.5777373642943722, 0.9328766403739344, 0.32364435759086685, -0.35369143696686145, 0.43998823730342185, -0.22231146422488934, 0.23686890911006658, 0.5672035868641652, 0.6628996551878932, 0.4822560009898115, -0.3545737980822876, -0.950660409311129, -0.6528629916082924, 0.27219362423822546, 0.4771215200161497, 0.12697303333943388, -0.6344782108180504, -0.8609573353836145, -0.44147929689687526, 0.30601797112059526, 0.7596318978067522, -0.04021241456511282, 0.016885904949164116, -0.4579953573383355, -0.5821100526148864, 0.911993933441243, -0.7297662554726405, -0.7804639685024133, -0.46376595499577644, -0.6633696137037339, 0.21327328493334896, -0.11798741239553068, -0.1105323274512271, 0.38193628013923364, -0.6628257388375288, -0.8256424052605875, -0.6443973963857159, 0.5973818105777586, -0.6054589448842236, -0.1111696655462393, -0.7227030447319303, 0.37631415681832614, 0.057866293196744065, -0.669412113447148, -0.6182038646884536, -0.25538940399743565, -0.7086914566894258]
101.99998474121094	(8, 12, 2)	[-0.49063180458388245, -0.39220007186591355, -0.14343941303148555, 0.3115809218798924, 0.510396993905956, 0.9925418395901707, 0.5059346670626338, -0.45752647163938764, 0.3063577343064019, 0.17199891245387253, 0.19895556993243554, 1.0, 0.21193738660954575, -1.0, -0.17954179662472775, 0.9953874779356698, -0.5064020796383029, -0.2610160692730539, 0.1611797736655865, 0.28217235313305933, -0.6058078176210291, -0.21462354949361326, -0.5085886238947501, 0.545093189156742, -0.5347828975732184, -0.46964939135437866, -0.7221508332443554, -0.5630721766112285, 0.8100130172468099, 0.7896275543199572, -0.21552378624349844, 0.2864866020413497, 0.69815748858634, -0.42242084116116785, 0.780273034668404, -0.47772311009222324, -0.6004879459693541, 0.7451911547286891, -0.20199342778374235, -0.2294112631711982, 0.9885524366847147, -0.11291957126606156, 0.7128912498741904, -0.916726592113997, -0.4046401615228181, -0.9393697969567718, -0.2277414908133958, -0.05607164965410959, 0.059817574693165954, -0.6780795697095903, 0.4038780053953741, -0.6376378645136069, 0.7560646646557702, 0.1492601927291759, -0.6451943354520853, 0.4377542501629226, 0.35014089002831916, 0.6292396919224933, -0.8919884876049058, 0.7878427270358064, 0.5829083640036687, -0.3883350944085236, 0.24899572044715113, -0.7850671507042686, 0.23929707838282638, -0.3229489698153788, 0.09502949959905771, 0.42214711433639773, -0.5668712666321196, -0.7610169203941044, -0.8248463074417349, -0.8462293181281286, -0.20676880851087037, 0.5777373642943722, 0.09267357484143546, 0.32364435759086685, 0.7748741091508744, 0.20126708203676047, -0.22231146422488934, 0.23686890911006658, 0.5672035868641652, 0.5663558470502323, 0.23700650200287146, -0.3110805618441737, -1.0, -0.6528629916082924, 0.22797798493973095, 0.28722128672322067, 0.031872982394610117, -0.6344782108180504, -0.8198289698437136, -0.44147929689687526, 0.4083394671221334, -0.03878195609430968, -0.689016793780282, 0.016885904949164116, -0.6636493571142554, -0.5242084750863579, 0.33017842582803025, -0.8795838278681567, -0.6364731731510563, -0.43275651083423294, -0.6633696137037339, 0.21327328493334896, -0.11798741239553068, -0.1105323274512271, -0.7813476807195898, -0.17194192493828533, 0.6022242990615443, 0.010698895024086275, 0.7333259381868443, 0.6798473369535472, -0.1111696655462393, -0.7227030447319303, 0.37631415681832614, -0.2678656291857653, -0.669412113447148, -0.6182038646884536, -0.25538940399743565, -0.7086914566894258]
101.99999237060547	(8, 12, 2)	[-0.49063180458388245, -0.39220007186591355, -0.2462766392176613, 0.3115809218798924, 0.45618068516149596, 0.8309469687088291, 0.35853772519053817, -0.45752647163938764, 0.3063577343064019, 0.17199891245387253, 0.22370121931178155, 1.0, 0.21193738660954575, -1.0, -0.2537475598816269, 0.9953874779356698, -0.5064020796383029, -0.9421060190882424, 0.1611797736655865, 0.28217235313305933, -0.428745922050084, -0.2770222916183225, -0.5085886238947501, 0.5532175951785556, -0.5347828975732184, 0.1757120886928587, -0.7221508332443554, -0.5630721766112285, 0.4695021182798119, 0.8808598129915204, -0.13558982991382423, 0.4532282712294249, 0.69815748858634, -0.5331935976608065, 0.8356863849040503, -0.6688230047491386, -0.6676251033411531, 0.5904177202231667, -0.17384756394994438, -0.24478547821203578, 0.6417106813605593, -0.11291957126606156, 0.7128912498741904, -1.0, -0.40864066025338647, -0.9393697969567718, -0.2277414908133958, -0.05607164965410959, 0.059817574693165954, -0.8465667242742319, 0.4332939067991111, -0.2344139506585894, -0.15863524598393267, -0.3356884723845679, -0.6414158921508872, 0.4377542501629226, -0.16360751380236727, 0.6292396919224933, -0.48370103016154425, 0.7878427270358064, 0.5829083640036687, -0.8198418329786006, -0.7141714837764728, 0.11072436868273772, 0.23929707838282638, -0.35057184769521066, 0.09502949959905771, -0.8501267106976651, -0.722736413634812, -0.39772611254843904, -0.8248463074417349, 0.009717946845569758, -0.5295166154243505, 0.6045452779877043, 0.9328766403739344, 0.32364435759086685, 0.7626871966361636, 0.43998823730342185, -0.22231146422488934, 0.22417428191992195, 0.5672035868641652, 0.6628996551878932, 0.23700650200287146, -0.3110805618441737, -1.0, -0.9446013077746769, 0.22797798493973095, 0.28722128672322067, 0.031872982394610117, -0.6344782108180504, -0.7341321907351617, -0.7252541507349458, 0.295429211217098, -0.03878195609430968, -0.084097218027956, 0.016885904949164116, -0.5537860656951281, 0.9213636474420608, 0.5474659821225698, -0.6295886097923515, -0.7764286344792617, -0.46376595499577644, -0.6633696137037339, 0.21787070646329407, -0.11798741239553068, -0.1105323274512271, -0.7813476807195898, -0.6628257388375288, 0.4692476636026014, -0.6443973963857159, 0.5973818105777586, -0.6054589448842236, 0.9297347012019943, 0.3905886175506088, 0.4439199561800644, -0.02393869441743446, -0.9366719864579214, -0.6182038646884536, -0.15080260614837981, -0.7086914566894258]
101.99999237060547	(8, 12, 2)	[-0.49063180458388245, -0.39220007186591355, -0.14343941303148555, 0.46302755236226556, 1.0, 0.8951597577806711, 0.35853772519053817, -0.45752647163938764, 0.39079273364065403, 0.17199891245387253, 0.36973942824651856, 1.0, 0.2653676645303743, -1.0, -0.2537475598816269, 0.9256249315891241, -0.5650870931923462, -0.2610160692730539, 0.4193957116531484, 0.28217235313305933, -0.428745922050084, 0.04901970327697189, -0.29359739142099195, 0.9146079210895781, -0.16698976948203365, -0.46964939135437866, -0.6929295276356148, -0.5630721766112285, 0.6654015764172293, 0.7896275543199572, -0.11520967973246976, 0.23900164389933842, 0.69815748858634, -0.6649560157602785, 0.8356863849040503, -0.47772311009222324, -0.6004879459693541, 0.5904177202231667, -0.17384756394994438, -0.24478547821203578, 0.9885524366847147, -0.11291957126606156, 0.8157763096312431, -0.965180832890175, -0.4046401615228181, -0.9393697969567718, 0.038161697083763935, -0.05607164965410959, 0.059817574693165954, -0.6780795697095903, 0.4038780053953741, -0.6376378645136069, 0.5256414374899414, -0.3356884723845679, -0.6451943354520853, 0.4377542501629226, 0.35014089002831916, 0.6292396919224933, -0.8919884876049058, 0.7878427270358064, 0.5829083640036687, -0.1983265914860411, 0.32682872129145724, -0.7850671507042686, 0.2724206538958297, -0.3229489698153788, 0.09502949959905771, -0.8501267106976651, -0.5668712666321196, -0.49276041675997406, -0.8699894539724216, -0.8462293181281286, -0.20676880851087037, 0.6045452779877043, 0.9328766403739344, -0.10043584484485527, -0.35369143696686145, 0.43998823730342185, -0.22231146422488934, -0.1557382837832571, 0.5672035868641652, 0.6628996551878932, 0.4822560009898115, -0.3110805618441737, -0.950660409311129, -0.8327523314280547, 0.27219362423822546, 0.28722128672322067, 0.12697303333943388, -0.6344782108180504, -0.8198289698437136, -0.7252541507349458, 0.30601797112059526, -0.20007296722065038, -0.04021241456511282, 0.06316505723198995, -0.4579953573383355, 0.9213636474420608, 0.9434362709678219, -0.6295886097923515, -0.6364731731510563, -0.46376595499577644, -0.6285870828726428, 0.3054456206308481, -0.11798741239553068, 0.3744889660882096, -0.7813476807195898, -0.6628257388375288, 0.6022242990615443, -0.6443973963857159, 0.5973818105777586, 0.6798473369535472, 0.9297347012019943, -0.7227030447319303, 0.4439199561800644, 0.2634716665223047, -0.669412113447148, -0.6182038646884536, -0.15080260614837981, -0.6766203516935081]
101.99998474121094	(8, 12, 2)	[-0.49063180458388245, -0.39220007186591355, -0.10078692294739205, 0.3115809218798924, 0.5899760117727768, 0.8309469687088291, 0.5059346670626338, -0.45752647163938764, 0.39079273364065403, 0.17199891245387253, 0.22370121931178155, 1.0, 0.21193738660954575, -1.0, -0.2537475598816269, 0.9635103950061932, -0.5064020796383029, -0.2610160692730539, 0.18089664282553752, 0.3139016532288421, -0.6058078176210291, -0.21462354949361326, -0.5085886238947501, 0.5532175951785556, -0.4686086240195684, -0.46964939135437866, -0.7221508332443554, -0.5630721766112285, 0.7673843760217351, 0.8808598129915204, -0.21552378624349844, 0.48285680137788767, 0.69815748858634, -0.6649560157602785, 0.780273034668404, -0.7877232130602431, -0.6004879459693541, 0.49426812404345016, -0.20199342778374235, -0.24478547821203578, 0.9885524366847147, -0.11291957126606156, 0.8157763096312431, -0.8402203355619944, -0.4046401615228181, -0.9362772300241682, -0.2277414908133958, 0.01998440515555646, -0.03106849779949382, -0.5598475263505274, 0.3165468440341303, -0.4132984037289835, 0.5256414374899414, 0.2619555678106722, -0.6451943354520853, 0.4377542501629226, 0.35014089002831916, 0.6292396919224933, -0.48370103016154425, 0.7540070902792552, 0.5829083640036687, -0.3883350944085236, 0.24899572044715113, 0.11032993782858136, 0.23929707838282638, -0.3229489698153788, 0.09502949959905771, -0.8501267106976651, -0.5668712666321196, -0.39772611254843904, -0.8248463074417349, -0.8462293181281286, -0.20676880851087037, 0.6045452779877043, 0.9328766403739344, 0.07750794271985695, 0.7748741091508744, 0.3886596438304426, 0.2683339304401322, 0.22417428191992195, 0.5446223808026996, 0.6628996551878932, 0.4822560009898115, -0.3110805618441737, -0.950660409311129, -0.6528629916082924, -0.3554020596025411, 0.28722128672322067, 0.2166651486255518, -0.6344782108180504, -0.8198289698437136, -0.44147929689687526, 0.3995768825863911, -0.03878195609430968, -0.04021241456511282, 0.016885904949164116, -0.4579953573383355, 0.9213636474420608, 0.9434362709678219, 0.6551663141532096, -0.6364731731510563, -0.46376595499577644, -0.6633696137037339, 0.21787070646329407, -0.11798741239553068, 0.3744889660882096, -0.7813476807195898, -0.6628257388375288, 0.6022242990615443, -0.7097313618737124, 0.5973818105777586, 0.6798473369535472, -0.31981983437624534, 0.3905886175506088, 0.5219721354850259, -0.02393869441743446, -1.0, -0.6182038646884536, -0.07512689895267378, -0.6766203516935081]
101.9999771118164	(8, 12, 2)	[-0.49063180458388245, -0.39220007186591355, -0.14343941303148555, 0.4063777429158213, 0.5899760117727768, 0.8402427629062506, 0.35853772519053817, -0.45752647163938764, 0.3063577343064019, 0.17199891245387253, 0.19895556993243554, 1.0, 0.21193738660954575, -1.0, -0.43353896235162365, 0.9256249315891241, -0.5064020796383029, -0.2610160692730539, 0.4193957116531484, 0.28217235313305933, -0.6058078176210291, -0.2770222916183225, -0.6042839946664273, 0.47061507388538454, -0.5347828975732184, 0.1757120886928587, -0.7221508332443554, -0.5630721766112285, 0.7673843760217351, 0.8808598129915204, -0.21552378624349844, 0.23900164389933842, -0.42008495022667613, -0.3102014107680424, 0.6379717069357294, -0.59394410783724, -0.6384322725003182, 0.8621580295373799, 0.6971403707213586, -0.2294112631711982, 0.9885524366847147, -0.11291957126606156, 0.8157763096312431, -0.8402203355619944, 0.09245819304714624, -0.9393697969567718, -0.1499582369292724, 0.01998440515555646, 0.059817574693165954, -0.6780795697095903, 0.3165468440341303, -0.6376378645136069, 0.7469396108280411, -0.3356884723845679, -0.6451943354520853, 0.4377542501629226, -0.16360751380236727, 0.6292396919224933, -0.4648991173267495, 0.7878427270358064, 0.5829083640036687, -0.3883350944085236, 0.32682872129145724, 0.6565014934558784, 0.24820532923373903, -0.35057184769521066, 0.09502949959905771, 0.42214711433639773, -0.5512728748170541, -0.39772611254843904, -0.6861471457899528, 0.1571908113294056, -0.5280719694827333, 0.6045452779877043, 0.9328766403739344, 0.32364435759086685, -0.3416334677694298, 0.305723574009047, -0.09757131683665984, 0.22417428191992195, 0.5672035868641652, 0.6628996551878932, 0.23700650200287146, -0.3110805618441737, -1.0, -0.8327523314280547, 0.3442706821438628, 0.28722128672322067, 0.12697303333943388, -0.5338713254011999, -0.8397666906893665, -0.7252541507349458, 0.3995768825863911, -0.03878195609430968, -0.04021241456511282, 0.016885904949164116, -0.5537860656951281, -0.5821100526148864, 0.5474659821225698, -0.5367867776118033, -0.7764286344792617, -0.6396415322161394, -0.8932238884142512, 0.6147643478914744, -0.11798741239553068, -0.1105323274512271, -0.7813476807195898, -0.6628257388375288, -0.8256424052605875, 0.010698895024086275, 0.5973818105777586, 0.6798473369535472, -0.1111696655462393, 0.3905886175506088, 0.5219721354850259, 0.029224909763150723, -1.0, -0.6182038646884536, -0.15080260614837981, -0.6766203516935081]
101.99999237060547	(8, 12, 2)	[-0.49063180458388245, -0.35696667258368314, -0.14343941303148555, 0.3129309405250745, 0.5899760117727768, 0.8951597577806711, 0.46226318496351976, -0.45752647163938764, 0.3946889815880833, 0.17199891245387253, 0.36973942824651856, 0.5981497543306771, 0.21193738660954575, -1.0, -0.43353896235162365, 1.0, -0.5064020796383029, -0.2610160692730539, 0.1611797736655865, 0.3139016532288421, -0.6058078176210291, -0.2770222916183225, -0.4757425455301907, 0.7241844802313184, -0.5347828975732184, -0.27691382283865007, -0.8649125306191074, -0.5630721766112285, 0.6654015764172293, 0.6304039160537567, -0.058518428212074626, 0.23900164389933842, 0.69815748858634, -0.6649560157602785, 0.636136918784795, -0.5545297516642614, -0.6004879459693541, 0.7597686558168574, 0.6971403707213586, -0.2294112631711982, 0.9885524366847147, -0.11291957126606156, 0.7128912498741904, -0.8402203355619944, -0.4046401615228181, -0.9362772300241682, -0.22930890556171302, 0.01998440515555646, -0.03106849779949382, -0.6780795697095903, 0.4067024413178895, -0.6376378645136069, 0.7560646646557702, -0.3356884723845679, 0.3531082237131715, 0.4377542501629226, -0.16360751380236727, 0.6292396919224933, -0.8919884876049058, 0.7878427270358064, 0.5829083640036687, -0.5080356562528919, 0.24899572044715113, 0.4191059856612356, 0.23929707838282638, -0.3229489698153788, 0.09502949959905771, -0.7861671245401676, -0.5668712666321196, -0.7610169203941044, -0.7992594044303591, -0.8462293181281286, -0.17731701244270415, 0.6045452779877043, -0.16377476407257308, 0.32364435759086685, 0.7626871966361636, 0.4938786447376991, -0.09757131683665984, 0.22417428191992195, 0.5672035868641652, 0.5663558470502323, 0.4822560009898115, -0.3110805618441737, -0.950660409311129, -0.6528629916082924, 0.1579707651627422, 0.28722128672322067, 0.12697303333943388, -0.6344782108180504, -0.8198289698437136, -0.7252541507349458, 0.4083394671221334, -0.20007296722065038, -0.04021241456511282, 0.016885904949164116, -0.5537860656951281, -0.5821100526148864, 0.9434362709678219, -0.6295886097923515, -0.7764286344792617, -0.46376595499577644, -0.6285870828726428, 0.21787070646329407, -0.11798741239553068, -0.9651945403405239, -0.8404587997975199, -0.6628257388375288, 0.6022242990615443, 0.010698895024086275, 0.5973818105777586, -0.6214907147393239, 0.9297347012019943, 0.3905886175506088, 0.5219721354850259, -0.02393869441743446, -0.669412113447148, -0.6182038646884536, -0.15080260614837981, -0.6766203516935081]
101.9999771118164	(8, 12, 2)	[-0.49063180458388245, -0.3735797612080892, -0.14343941303148555, 0.48032097079554026, 1.0, 0.8309469687088291, 0.5341439332392044, -0.45752647163938764, 0.39079273364065403, 0.11167690337012615, 0.36973942824651856, 1.0, 0.21193738660954575, -1.0, -0.2537475598816269, 0.9635103950061932, -0.5064020796383029, -0.2610160692730539, 0.4193957116531484, 0.28217235313305933, -0.6058078176210291, -0.2770222916183225, -0.4757425455301907, 0.49263923415325195, -0.16698976948203365, -0.27691382283865007, -0.8304819873143792, -0.5630721766112285, 0.8100130172468099, 0.7612153158795992, -0.11520967973246976, 0.23900164389933842, 0.69815748858634, -0.6649560157602785, 0.780273034668404, -0.5545297516642614, -0.6004879459693541, 0.5904177202231667, -0.17384756394994438, -0.2294112631711982, 0.9885524366847147, -0.0824224829334107, 0.8157763096312431, -0.8402203355619944, 0.09245819304714624, -0.6077945143661658, -0.37336850413299894, 0.01998440515555646, 0.059817574693165954, -0.6780795697095903, 0.4038780053953741, -0.2344139506585894, 0.7469396108280411, 0.2619555678106722, -0.6451943354520853, 0.4377542501629226, 0.35014089002831916, 0.11758418463107756, -0.8919884876049058, 0.8723749411278235, 0.5829083640036687, -0.6890166629708041, 0.24899572044715113, 0.11032993782858136, 0.24820532923373903, -0.34654174003110527, 0.09502949959905771, -0.7861671245401676, -0.5668712666321196, -0.7610169203941044, -0.8248463074417349, -0.8462293181281286, -0.20676880851087037, 0.5051923347038212, 0.9328766403739344, 0.32364435759086685, -0.3416334677694298, 0.305723574009047, -0.22231146422488934, 0.23686890911006658, 0.5672035868641652, 0.5663558470502323, 0.23700650200287146, -0.3110805618441737, -0.9456058638853942, -0.8327523314280547, 0.20217455134425122, 0.28722128672322067, 0.031872982394610117, -0.5338713254011999, -0.8609573353836145, -0.5041024457115549, 0.19720829433806786, -0.03878195609430968, -0.04021241456511282, 0.016885904949164116, -0.6636493571142554, 0.9213636474420608, 0.5474659821225698, -0.6295886097923515, -0.6364731731510563, -0.46376595499577644, -0.6285870828726428, 0.6147643478914744, -0.11798741239553068, -0.9651945403405239, -0.7813476807195898, -0.6628257388375288, 0.6022242990615443, -0.7097313618737124, 0.5973818105777586, 0.6798473369535472, -0.1111696655462393, -0.7227030447319303, 0.37631415681832614, 0.2634716665223047, -1.0, -0.6182038646884536, -0.15080260614837981, -0.7086914566894258]
101.9999771118164	(8, 12, 2)	[-0.5076851909720015, -0.35696667258368314, -0.14343941303148555, 0.4063777429158213, 0.5899760117727768, 0.8951597577806711, 0.44913944493654706, -0.45752647163938764, 0.39079273364065403, -0.16171609069789072, 0.19895556993243554, 1.0, 0.21193738660954575, -1.0, -0.2537475598816269, 1.0, -0.5064020796383029, -0.2610160692730539, 0.1611797736655865, 0.2637680870697255, -0.428745922050084, 0.026713147994470887, -0.39627913470296483, 0.7241844802313184, -0.4686086240195684, 0.1757120886928587, -0.8649125306191074, -0.5630721766112285, 0.7673843760217351, 0.6304039160537567, -0.11520967973246976, 0.23900164389933842, 0.69815748858634, -0.6649560157602785, 0.8356863849040503, -0.47772311009222324, -0.6435960259735312, 0.5904177202231667, -0.17384756394994438, -0.2294112631711982, 0.9885524366847147, -0.11291957126606156, 0.827694629174806, -1.0, 0.09245819304714624, -0.6077945143661658, -0.2277414908133958, -0.05607164965410959, 0.059817574693165954, -0.6780795697095903, 0.3165468440341303, -0.6376378645136069, 0.7560646646557702, 0.2619555678106722, -0.6451943354520853, 0.4377542501629226, 0.35014089002831916, 0.2348615007930522, -0.48370103016154425, 0.7878427270358064, 0.5829083640036687, -0.3883350944085236, 0.32682872129145724, 0.4191059856612356, 0.23929707838282638, -0.3229489698153788, 0.09502949959905771, -0.8501267106976651, -0.5668712666321196, -0.7610169203941044, -0.8248463074417349, 0.009717946845569758, -0.5280719694827333, 0.5777373642943722, -0.16377476407257308, 0.32364435759086685, 0.7626871966361636, 0.305723574009047, -0.22231146422488934, -0.1557382837832571, 0.5672035868641652, 0.6628996551878932, 0.4822560009898115, -0.3545737980822876, -1.0, -0.6528629916082924, 0.27219362423822546, 0.28722128672322067, 0.12697303333943388, -0.6344782108180504, -0.8198289698437136, -0.7252541507349458, 0.29539970706306806, -0.03878195609430968, -0.004843191848921409, 0.06316505723198995, -0.5482225421406524, 0.9213636474420608, 0.9434362709678219, -0.6295886097923515, -0.6364731731510563, -0.46376595499577644, -0.8932238884142512, 0.21327328493334896, -0.11798741239553068, -0.9771103095006295, -0.7813476807195898, -0.13309421772416763, 0.546514055955946, 0.010698895024086275, 0.5973818105777586, -0.6054589448842236, 0.9297347012019943, 0.5785340733822859, 0.37631415681832614, -0.02393869441743446, -0.669412113447148, -0.6182038646884536, 0.8689589682347816, -0.6766203516935081]
101.9999771118164	(8, 12, 2)	[-0.49063180458388245, -0.39220007186591355, -0.14343941303148555, 0.46302755236226556, 0.5899760117727768, 0.8309469687088291, 0.35853772519053817, -0.45752647163938764, 0.39079273364065403, 0.17199891245387253, 0.36973942824651856, 1.0, 0.31617089618875255, -1.0, -0.2537475598816269, 1.0, -0.5064020796383029, -0.2610160692730539, 0.1611797736655865, 0.28217235313305933, -0.6058078176210291, 0.026713147994470887, -0.4757425455301907, 0.9146079210895781, -0.5347828975732184, 0.1757120886928587, -0.8039342719530218, -0.5630721766112285, 0.6194061876432662, 0.7896275543199572, -0.07183550260195348, 0.2864866020413497, 0.69815748858634, -0.704028189347155, 0.8356863849040503, -0.59394410783724, -0.6435960259735312, 0.49426812404345016, -0.17384756394994438, -0.9618144615043729, 0.9885524366847147, -0.11291957126606156, 0.8157763096312431, -1.0, 0.09245819304714624, -0.6077945143661658, 0.038161697083763935, 0.01998440515555646, -0.08088239738770164, -0.6780795697095903, 0.3165468440341303, -0.2344139506585894, 0.955114672794593, 0.2619555678106722, -0.6451943354520853, 0.4377542501629226, 0.35014089002831916, 0.1843925734908535, -0.8327207756251173, 0.7878427270358064, 0.5829083640036687, -0.3883350944085236, 0.24899572044715113, -0.7850671507042686, 0.24820532923373903, -0.3229489698153788, 0.16579752081518656, -0.8501267106976651, -0.6404672916937129, -0.39772611254843904, -0.8248463074417349, -0.8462293181281286, -0.20676880851087037, 0.6045452779877043, 0.9328766403739344, -0.09032912981917984, -0.35369143696686145, 0.3886596438304426, -0.22231146422488934, 0.22417428191992195, 0.5672035868641652, 0.0673358485602451, 0.4822560009898115, -0.3545737980822876, -1.0, -0.6528629916082924, 0.27219362423822546, 0.4771215200161497, 0.12697303333943388, -0.5600717887037318, -0.8609573353836145, -0.44147929689687526, 0.40648294118173633, -0.03878195609430968, -0.084097218027956, 0.016885904949164116, -0.4579953573383355, -0.5242084750863579, 0.33017842582803025, -0.8795838278681567, -0.7804639685024133, 0.2928986444212913, -0.6285870828726428, 0.21327328493334896, -0.11798741239553068, -0.1105323274512271, -0.7813476807195898, -0.17194192493828533, 0.6022242990615443, 0.010698895024086275, 0.5973818105777586, -0.6054589448842236, 0.9297347012019943, 0.3905886175506088, 0.5219721354850259, 0.2634716665223047, -1.0, -0.6182038646884536, -0.07512689895267378, -0.7086914566894258]
101.99999237060547	(8, 12, 2)	[-0.49063180458388245, -0.39220007186591355, -0.14343941303148555, 0.48032097079554026, 0.5899760117727768, 1.0, 0.5341439332392044, -0.35224571759594575, 0.3621148153903395, 0.17199891245387253, 0.22370121931178155, 1.0, 0.21193738660954575, -0.900335401775186, -0.2537475598816269, 0.9635103950061932, -0.5064020796383029, -0.2610160692730539, 0.4193957116531484, 0.28217235313305933, -0.6058078176210291, -0.21462354949361326, -0.4757425455301907, 0.5532175951785556, -0.5162963468657056, 0.1757120886928587, -0.7221508332443554, -0.5630721766112285, 0.6654015764172293, 0.7612153158795992, -0.11520967973246976, 0.4532282712294249, 0.69815748858634, -0.5331935976608065, 0.8356863849040503, -0.44542345750088386, -0.6210195102815177, 0.5904177202231667, -0.17384756394994438, -0.2294112631711982, 0.9885524366847147, -0.0824224829334107, 0.7128912498741904, -0.8402203355619944, -0.4046401615228181, -0.9393697969567718, -0.1499582369292724, 0.01998440515555646, 0.059817574693165954, -0.6780795697095903, 0.3165468440341303, -0.5806984847619254, 0.7469396108280411, -0.3356884723845679, -0.6451943354520853, 0.4377542501629226, -0.16360751380236727, 0.6292396919224933, -0.4648991173267495, 0.847187422122102, 0.5829083640036687, -0.1983265914860411, 0.24899572044715113, 0.6565014934558784, 0.23929707838282638, -0.3229489698153788, 0.09502949959905771, 0.42214711433639773, -0.5668712666321196, -0.39772611254843904, -0.8248463074417349, -0.8462293181281286, -0.20676880851087037, 0.6045452779877043, 0.9328766403739344, 0.32364435759086685, -0.3416334677694298, 0.4938786447376991, 0.2683339304401322, 0.23686890911006658, 0.5672035868641652, 0.6628996551878932, 0.23700650200287146, -0.3110805618441737, -1.0, -0.8327523314280547, 0.27219362423822546, 0.28722128672322067, 0.12697303333943388, -0.6344782108180504, -0.8397666906893665, -0.5041024457115549, 0.20994077719462753, -0.20007296722065038, -0.04021241456511282, 0.016885904949164116, -0.5482225421406524, 0.9213636474420608, 0.9434362709678219, -0.6295886097923515, -0.7764286344792617, -0.46376595499577644, -0.8932238884142512, 0.21327328493334896, -0.11798741239553068, -0.1105323274512271, -0.7813476807195898, -0.6628257388375288, 0.6022242990615443, 0.010698895024086275, 0.5973818105777586, 0.6798473369535472, 0.9297347012019943, -0.7227030447319303, 0.37631415681832614, 0.2634716665223047, -1.0, -0.6182038646884536, -0.15080260614837981, -0.6766203516935081]
101.99999237060547	(8, 12, 2)	[-0.49063180458388245, -0.39220007186591355, -0.14343941303148555, 0.3115809218798924, 0.5899760117727768, 0.8309469687088291, 0.6344187939348261, -0.45752647163938764, 0.33784156271669397, 0.17199891245387253, 0.34823059310521237, 1.0, 0.28735955998708346, -1.0, -0.43353896235162365, 0.9256249315891241, -0.5064020796383029, -0.8665737198204451, 0.1611797736655865, 0.28217235313305933, -0.428745922050084, -0.39828307898460924, -0.5085886238947501, 0.9146079210895781, -0.5347828975732184, 0.1757120886928587, -0.7221508332443554, -0.5630721766112285, 0.6654015764172293, 0.7896275543199572, -0.21552378624349844, 0.4102225773458156, 0.69815748858634, -0.629618260795223, 0.636136918784795, -0.47772311009222324, -0.6004879459693541, 0.7451911547286891, -0.20199342778374235, -0.2294112631711982, 0.9885524366847147, -0.5592894476360138, 0.8157763096312431, -0.916726592113997, 0.09245819304714624, -0.6077945143661658, -0.22930890556171302, -0.05607164965410959, 0.059817574693165954, -0.6780795697095903, 0.4038780053953741, -0.6376378645136069, 0.5256414374899414, 0.2619555678106722, -0.6451943354520853, 0.4377542501629226, 0.35014089002831916, 0.18263578425257762, -0.48370103016154425, 0.6714959574776086, 0.63385483882155, -0.3883350944085236, 0.24899572044715113, -0.7850671507042686, 0.23929707838282638, -0.3229489698153788, 0.09502949959905771, -0.8721643397477311, -0.722736413634812, -0.39772611254843904, -0.8248463074417349, -0.6583798268407806, -0.20676880851087037, 0.6045452779877043, 0.9328766403739344, 0.32364435759086685, 0.7626871966361636, 0.4938786447376991, -0.22231146422488934, 0.22417428191992195, 0.7787307270679542, 0.6628996551878932, 0.4822560009898115, -0.3110805618441737, -0.950660409311129, -0.8327523314280547, 0.27219362423822546, 0.5610762728945919, 0.12697303333943388, -0.6344782108180504, -0.8397666906893665, -0.5041024457115549, 0.44916676538628697, -0.03878195609430968, -0.04021241456511282, 0.06316505723198995, -0.5482225421406524, 0.9213636474420608, 0.33017842582803025, -0.6295886097923515, -0.7804639685024133, -0.43275651083423294, -0.802519113218271, 0.3054456206308481, -0.11798741239553068, -0.9651945403405239, -0.7813476807195898, -0.13309421772416763, -0.8256424052605875, 0.010698895024086275, 0.5973818105777586, -0.4743193710245361, -0.03575514967013732, 0.3905886175506088, 0.5219721354850259, -0.02393869441743446, -0.6662362504199054, -0.6182038646884536, -0.25538940399743565, -0.7086914566894258]
101.99998474121094	(8, 12, 2)	[-0.49063180458388245, -0.39220007186591355, -0.10078692294739205, 0.3115809218798924, 1.0, 0.8309469687088291, 0.46226318496351976, -0.45752647163938764, 0.33784156271669397, 0.17199891245387253, 0.36973942824651856, 1.0, 0.21193738660954575, -1.0, -0.2537475598816269, 0.9953874779356698, -0.5064020796383029, -0.2698182358271851, 0.4193957116531484, 0.28217235313305933, -0.6058078176210291, -0.2770222916183225, -0.5085886238947501, 0.49263923415325195, -0.5347828975732184, -0.46964939135437866, -0.5186159736387201, -0.5630721766112285, 0.7673843760217351, 0.6485993925473301, -0.11520967973246976, 0.4532282712294249, 0.69815748858634, -0.6649560157602785, 0.6379717069357294, -0.47772311009222324, -0.6435960259735312, 0.7451911547286891, -0.17384756394994438, -0.2294112631711982, 0.9885524366847147, -0.11291957126606156, 0.8157763096312431, -0.8402203355619944, -0.4046401615228181, -0.9362772300241682, -0.320825606005839, 0.01998440515555646, 0.059817574693165954, -0.6780795697095903, 0.4038780053953741, -0.6376378645136069, 0.5256414374899414, 0.2619555678106722, -0.6451943354520853, 0.4377542501629226, 0.35014089002831916, 0.2720468566971187, -0.8919884876049058, 0.7540070902792552, 0.5829083640036687, -0.3883350944085236, 0.24899572044715113, 0.4191059856612356, 0.23929707838282638, -0.3229489698153788, 0.09502949959905771, -0.7945895077095789, -0.5668712666321196, -0.39772611254843904, -0.8248463074417349, -0.8462293181281286, -0.20676880851087037, 0.5051923347038212, 0.9328766403739344, 0.32364435759086685, -0.3416334677694298, 0.305723574009047, -0.22231146422488934, 0.23686890911006658, 0.5672035868641652, 0.5663558470502323, 0.23700650200287146, -0.3110805618441737, -1.0, -0.8327523314280547, 0.27219362423822546, 0.28722128672322067, 0.12697303333943388, -0.7788165204753693, -0.8198289698437136, -0.44147929689687526, 0.19720829433806786, -0.20007296722065038, -0.04021241456511282, 0.016885904949164116, -0.4336705367608094, 0.9213636474420608, 0.5474659821225698, -0.6295886097923515, -0.7804639685024133, 0.12400465140995581, -0.8932238884142512, 0.09952667323284818, -0.11798741239553068, -0.977889542028078, -0.7813476807195898, -0.6628257388375288, 0.6022242990615443, 0.010698895024086275, 0.5973818105777586, 0.6608892835914568, -0.1111696655462393, -0.7227030447319303, 0.37631415681832614, -0.02393869441743446, -0.669412113447148, -0.6182038646884536, -0.15080260614837981, -0.7086914566894258]
101.99998474121094	(8, 12, 2)	[-0.49063180458388245, -0.48303100617913264, -0.09409441480592716, 0.3115809218798924, 1.0, 0.8402427629062506, 0.46226318496351976, -0.45752647163938764, 0.3621148153903395, 0.17199891245387253, 0.3015763753999743, 1.0, 0.21193738660954575, -0.953212060090482, -0.2537475598816269, 0.8498508809783845, -0.5064020796383029, -0.2610160692730539, 0.4193957116531484, 0.28217235313305933, -0.428745922050084, -0.39828307898460924, -0.5085886238947501, 0.5532175951785556, -0.5347828975732184, -0.5895098634296357, -0.8398204238831527, -0.5630721766112285, 0.7673843760217351, 0.7896275543199572, -0.11520967973246976, 0.4532282712294249, 0.69815748858634, -0.7280025857566085, 0.8356863849040503, -0.6688230047491386, -0.6116837380046468, 0.5904177202231667, -0.17384756394994438, -0.2294112631711982, 0.9885524366847147, -0.11291957126606156, 0.7128912498741904, -0.8402203355619944, -0.4046401615228181, -0.9362772300241682, -0.22930890556171302, 0.01998440515555646, -0.03106849779949382, -0.6780795697095903, 0.4038780053953741, -0.6376378645136069, 0.5256414374899414, -0.3356884723845679, 0.32116769775916654, 0.4377542501629226, -0.16360751380236727, 0.6292396919224933, -0.48370103016154425, 0.7540070902792552, 0.5829083640036687, -0.06617576345768994, 0.24899572044715113, -0.7850671507042686, 0.23929707838282638, -0.3229489698153788, 0.09502949959905771, -0.7945895077095789, -0.5668712666321196, -0.39772611254843904, -0.8360942717911326, 0.009717946845569758, -0.1876178607965095, 0.6045452779877043, 0.9328766403739344, 0.32364435759086685, -0.35369143696686145, 0.35123392142771687, -0.22231146422488934, 0.16788205631017797, 0.5672035868641652, -0.5942020161565968, 0.23700650200287146, -0.3545737980822876, -1.0, -0.8327523314280547, 0.27219362423822546, 0.28722128672322067, 0.12697303333943388, -0.6054553748127376, -0.8397666906893665, -0.44147929689687526, 0.3995768825863911, -0.1478646894634629, -0.04021241456511282, 0.06316505723198995, -0.5537860656951281, 0.9213636474420608, 0.5474659821225698, -0.6814252993088912, -0.7511071108251549, 0.2928986444212913, -0.6633696137037339, 0.21327328493334896, -0.11798741239553068, -0.9651945403405239, -0.8667380652367811, -0.6628257388375288, 0.6022242990615443, 0.010698895024086275, 0.5973818105777586, 0.6608892835914568, 0.007260635603668367, 0.3905886175506088, 0.37631415681832614, -0.35183526908037877, -0.9366719864579214, -0.6182038646884536, -0.25538940399743565, -0.6766203516935081]
101.99998474121094	(8, 12, 2)	[-0.5076851909720015, -0.39220007186591355, -0.10078692294739205, 0.4063777429158213, 1.0, 0.8951597577806711, 0.46226318496351976, -0.45752647163938764, 0.26704103844261695, 0.11167690337012615, 0.36973942824651856, 1.0, 0.21193738660954575, -1.0, -0.2537475598816269, 0.9953874779356698, -0.5064020796383029, -0.2610160692730539, 0.1611797736655865, 0.3139016532288421, -0.6058078176210291, 0.026713147994470887, -0.3752694211009484, 0.49263923415325195, -0.5347828975732184, 0.1757120886928587, -0.8304819873143792, -0.6274568913288874, 0.7673843760217351, 0.6304039160537567, -0.009287329372393224, 0.23900164389933842, 0.5880102924141858, -0.6649560157602785, 0.636136918784795, -0.6688230047491386, -0.6435960259735312, 0.7451911547286891, -0.17384756394994438, -0.1903989519360385, 0.9885524366847147, -0.11291957126606156, 0.8157763096312431, -0.8402203355619944, 0.09245819304714624, -0.6077945143661658, -0.1499582369292724, 0.01998440515555646, -0.08088239738770164, -0.6780795697095903, 0.4318009873113342, -0.2344139506585894, 0.5256414374899414, 0.2619555678106722, -0.6451943354520853, 0.4377542501629226, -0.16360751380236727, 0.11758418463107756, -0.7899268602404093, 0.7878427270358064, 0.5829083640036687, -0.811314437814014, 0.24899572044715113, 0.11032993782858136, 0.23929707838282638, -0.3229489698153788, 0.09502949959905771, -0.8006272763382893, -0.5668712666321196, -0.39772611254843904, -0.8248463074417349, 0.1571908113294056, -0.20676880851087037, 0.6045452779877043, 0.9328766403739344, 0.32364435759086685, 0.7626871966361636, 0.305723574009047, -0.22231146422488934, 0.22417428191992195, 0.5672035868641652, 0.0673358485602451, 0.4822560009898115, -0.3110805618441737, -0.9456058638853942, -0.6528629916082924, 0.2785496703504212, 0.28722128672322067, 0.12697303333943388, -0.4367834176270761, -0.8198289698437136, -0.44147929689687526, 0.39249155935283286, -0.03878195609430968, -0.04021241456511282, 0.016885904949164116, -0.5482225421406524, -0.5821100526148864, 0.5474659821225698, -0.6295886097923515, -0.6113781218113761, 0.2928986444212913, -0.6640683078348646, 0.21327328493334896, -0.11798741239553068, -0.9651945403405239, -0.7813476807195898, -0.13309421772416763, 0.546514055955946, 0.010698895024086275, 0.5973818105777586, 0.6846335616237197, -0.1111696655462393, 0.3905886175506088, 0.37631415681832614, -0.35183526908037877, -0.669412113447148, -0.6182038646884536, -0.25538940399743565, -0.6766203516935081]
102.0	(8, 12, 2)	[-0.5076851909720015, -0.39220007186591355, -0.10078692294739205, 0.3115809218798924, 1.0, 1.0, 0.35853772519053817, -0.45752647163938764, 0.4311961857396417, 0.17199891245387253, 0.3015763753999743, 1.0, 0.21193738660954575, -1.0, -0.04377310869980172, 0.9256249315891241, -0.5064020796383029, -0.2610160692730539, 0.1611797736655865, 0.28217235313305933, -0.6058078176210291, -0.2770222916183225, -0.4757425455301907, 0.7241844802313184, -0.4686086240195684, 0.1757120886928587, -0.8304819873143792, -0.5630721766112285, 0.6654015764172293, 0.8808598129915204, -0.11520967973246976, 0.42897489963764057, 0.69815748858634, -0.6649560157602785, 0.8356863849040503, -0.47772311009222324, -0.6435960259735312, 0.8621580295373799, -0.20930677803341344, -0.2294112631711982, 0.9885524366847147, -0.11291957126606156, 0.7128912498741904, -1.0, 0.09245819304714624, -0.6077945143661658, -0.37336850413299894, 0.01998440515555646, -0.08088239738770164, -0.6780795697095903, 0.4038780053953741, -0.2344139506585894, 0.8315412331716779, 0.2619555678106722, -0.6451943354520853, 0.4377542501629226, 0.35014089002831916, 0.6292396919224933, -0.48370103016154425, 0.7878427270358064, 0.5829083640036687, -0.3883350944085236, 0.24899572044715113, 0.11032993782858136, 0.23929707838282638, -0.3867939440112477, -0.010728292564429157, -0.8501267106976651, -0.5668712666321196, -0.36450892071828495, -0.8248463074417349, 0.1571908113294056, -0.20676880851087037, 0.6045452779877043, 0.9328766403739344, -0.09032912981917984, -0.35369143696686145, 0.3569153181058904, -0.22231146422488934, 0.23686890911006658, 0.6321458696927171, 0.6628996551878932, 0.23700650200287146, -0.3545737980822876, -1.0, -0.6528629916082924, 0.27219362423822546, 0.4771215200161497, 0.12697303333943388, -0.7788165204753693, -0.8609573353836145, -0.44147929689687526, 0.3995768825863911, -0.03878195609430968, -0.04021241456511282, 0.016885904949164116, -0.6636493571142554, 0.9213636474420608, 0.9434362709678219, -0.6033121884593645, -0.7764286344792617, -0.46376595499577644, -0.6285870828726428, 0.3054456206308481, -0.11798741239553068, -0.9651945403405239, -0.7813476807195898, -0.6628257388375288, 0.6022242990615443, 0.010698895024086275, 0.7333259381868443, -0.6054589448842236, 0.3878054459697033, 0.5785340733822859, 0.37631415681832614, -0.2678656291857653, -1.0, -0.6182038646884536, -0.25538940399743565, -0.6766203516935081]
101.99998474121094	(8, 12, 2)	[-0.5076851909720015, -0.39220007186591355, -0.09409441480592716, 0.38750876646980137, 1.0, 0.9925418395901707, 0.46226318496351976, -0.45752647163938764, 0.33784156271669397, 0.17199891245387253, 0.36973942824651856, 1.0, 0.21193738660954575, -1.0, -0.2537475598816269, 1.0, -0.5064020796383029, -0.2610160692730539, 0.1611797736655865, 0.28217235313305933, -0.428745922050084, -0.2770222916183225, -0.4757425455301907, 0.5532175951785556, -0.16698976948203365, 0.1757120886928587, -0.8304819873143792, -0.6274568913288874, 0.7673843760217351, 0.7612153158795992, -0.009287329372393224, 0.2864866020413497, 0.69815748858634, -0.6649560157602785, 0.780273034668404, -0.47772311009222324, -0.6384322725003182, 0.7451911547286891, -0.17384756394994438, -0.2294112631711982, 0.9885524366847147, -0.11291957126606156, 0.7128912498741904, -1.0, -0.4046401615228181, -0.6077945143661658, -0.22930890556171302, 0.01998440515555646, -0.03106849779949382, -0.6780795697095903, 0.4067024413178895, -0.6376378645136069, 0.7469396108280411, 0.2619555678106722, 0.3531082237131715, 0.4377542501629226, 0.20742975178863468, 0.1843925734908535, -0.8919884876049058, 0.8723749411278235, 0.5829083640036687, -0.3883350944085236, 0.24899572044715113, -0.6963279653783229, 0.23929707838282638, -0.3229489698153788, 0.09502949959905771, -0.7945895077095789, -0.5668712666321196, -0.7610169203941044, -0.8248463074417349, 0.1571908113294056, -0.16742101732497688, 0.6045452779877043, 0.9328766403739344, 0.4274727442998211, -0.3416334677694298, 0.305723574009047, -0.22231146422488934, 0.22417428191992195, 0.5672035868641652, 0.571106875086507, 0.23700650200287146, -0.3545737980822876, -1.0, -0.6528629916082924, 0.20217455134425122, 0.4771215200161497, 0.12697303333943388, -0.5600717887037318, -0.8609573353836145, -0.44147929689687526, 0.19720829433806786, -0.03878195609430968, -0.04021241456511282, 0.016885904949164116, -0.5482225421406524, 0.9213636474420608, 0.5474659821225698, -0.6295886097923515, -0.7764286344792617, -0.46376595499577644, -0.6285870828726428, 0.3054456206308481, -0.11798741239553068, -0.9771103095006295, -0.7813476807195898, -0.17194192493828533, 0.546514055955946, 0.010698895024086275, 0.5973818105777586, -0.6054589448842236, -0.1111696655462393, 0.3905886175506088, 0.37631415681832614, -0.02393869441743446, -1.0, -0.6182038646884536, -0.25538940399743565, -0.6766203516935081]
102.0	(8, 12, 2)	[-0.5076851909720015, -0.39220007186591355, -0.14343941303148555, 0.3115809218798924, 0.6346065041641364, 0.8951597577806711, 0.46226318496351976, -0.45752647163938764, 0.39079273364065403, 0.17199891245387253, 0.22370121931178155, 1.0, 0.21193738660954575, -1.0, -0.2537475598816269, 0.9953874779356698, -0.5064020796383029, -0.2610160692730539, 0.4193957116531484, 0.28217235313305933, -0.428745922050084, -0.21462354949361326, -0.5085886238947501, 0.5532175951785556, -0.45025204871760216, 0.1757120886928587, -0.7221508332443554, -0.5630721766112285, 0.7673843760217351, 0.7896275543199572, -0.058518428212074626, 0.1022972022647545, 0.5880102924141858, -0.6649560157602785, 0.8356863849040503, -0.5545297516642614, -0.6384322725003182, 0.7451911547286891, -0.20199342778374235, -0.2294112631711982, 0.9885524366847147, -0.11291957126606156, 0.8157763096312431, -1.0, 0.09245819304714624, -0.6077945143661658, -0.22930890556171302, -0.05607164965410959, -0.1961862242599376, -0.7423497887028179, 0.4038780053953741, -0.2344139506585894, 0.7469396108280411, 0.2619555678106722, -0.6451943354520853, 0.4377542501629226, 0.35014089002831916, 0.1843925734908535, -0.8490117644797719, 0.7540070902792552, 0.63385483882155, -0.3883350944085236, 0.24899572044715113, 0.11032993782858136, 0.23929707838282638, -0.3229489698153788, -0.028026400419079806, -0.7861671245401676, -0.722736413634812, -0.4998446000781347, -0.8248463074417349, -0.8462293181281286, -0.20676880851087037, 0.6045452779877043, 0.9328766403739344, 0.32364435759086685, -0.3416334677694298, 0.25926745106095334, -0.140424233066351, 0.22417428191992195, 0.5672035868641652, -0.10752297566590654, 0.23700650200287146, -0.3545737980822876, -0.9456058638853942, -0.6528629916082924, 0.12656225158648288, 0.28722128672322067, 0.12697303333943388, -0.6344782108180504, -0.8198289698437136, -0.7252541507349458, 0.46001819108066433, 0.769497248388807, -0.04021241456511282, 0.016885904949164116, -0.5482225421406524, 0.9213636474420608, 0.5474659821225698, -0.6295886097923515, -0.7511071108251549, -0.46376595499577644, -0.6633696137037339, 0.6147643478914744, -0.11798741239553068, -0.9651945403405239, -0.7813476807195898, -0.6303971505739964, 0.546514055955946, 0.010698895024086275, 0.5973818105777586, -0.6054589448842236, 0.9297347012019943, 0.3905886175506088, 0.5219721354850259, -0.35183526908037877, -0.669412113447148, -0.6182038646884536, -0.25538940399743565, -0.7252557837789885]
101.9999771118164	(8, 12, 2)	[-0.49063180458388245, -0.39220007186591355, -0.14343941303148555, 0.3115809218798924, 0.5899760117727768, 0.9925418395901707, 0.35853772519053817, -0.45752647163938764, 0.33784156271669397, 0.03538254307280335, 0.36973942824651856, 1.0, 0.21193738660954575, -1.0, -0.2537475598816269, 0.9635103950061932, -0.609650190145125, -0.2698182358271851, 0.22177368751048354, 0.3139016532288421, -0.6058078176210291, -0.2770222916183225, -0.5085886238947501, 0.8783390843119885, -0.5347828975732184, 0.1757120886928587, -0.8039342719530218, -0.5630721766112285, 0.7673843760217351, 0.6042887807574223, -0.11520967973246976, 0.2864866020413497, 0.69815748858634, -0.24807941461569888, 0.6379717069357294, -0.6688230047491386, -0.6384322725003182, 0.5402014699152862, -0.20199342778374235, -0.2294112631711982, 0.9885524366847147, -0.0824224829334107, 0.8157763096312431, -0.8402203355619944, 0.09245819304714624, -0.6077945143661658, -0.22930890556171302, 0.01998440515555646, 0.059817574693165954, -0.6780795697095903, 0.4067024413178895, -0.6376378645136069, 0.5256414374899414, -0.32700023329148, -0.6211679829098735, 0.4377542501629226, 0.35014089002831916, 0.6292396919224933, -0.8327207756251173, 0.7540070902792552, 0.5829083640036687, -0.06617576345768994, 0.32682872129145724, -0.7850671507042686, 0.23929707838282638, -0.34654174003110527, -0.10592845975475473, -0.8501267106976651, -0.7000334572912768, -0.39772611254843904, -0.8248463074417349, 0.009717946845569758, -0.1876178607965095, 0.6045452779877043, 0.9328766403739344, -0.05934053301865452, 0.7626871966361636, 0.305723574009047, -0.22231146422488934, 0.23686890911006658, 0.5672035868641652, 0.6628996551878932, 0.23700650200287146, -0.3110805618441737, -1.0, -0.8327523314280547, -0.42676199397413445, 0.28722128672322067, 0.12697303333943388, -0.6344782108180504, -0.8198289698437136, -0.7252541507349458, 0.30601797112059526, -0.08359538568849442, -0.084097218027956, 0.06316505723198995, -0.6337634855363204, 0.9213636474420608, 0.9434362709678219, -0.6402794865870292, -0.7511071108251549, -0.43275651083423294, -0.6285870828726428, 0.6147643478914744, -0.11798741239553068, -0.9651945403405239, -0.7813476807195898, -0.28004796215689215, -0.8256424052605875, -0.7097313618737124, 0.5973818105777586, 0.6798473369535472, 0.9297347012019943, 0.3905886175506088, 0.37631415681832614, -0.35183526908037877, -0.8388802400023112, -0.6182038646884536, -0.15080260614837981, -0.7252557837789885]
101.99999237060547	(8, 12, 2)	[-0.49063180458388245, -0.39220007186591355, -0.14343941303148555, 0.46302755236226556, 0.5899760117727768, 0.8951597577806711, 0.46226318496351976, -0.45752647163938764, 0.5347516037276742, -0.16171609069789072, 0.36973942824651856, 1.0, 0.21193738660954575, -1.0, -0.2537475598816269, 0.9635103950061932, -0.5064020796383029, -0.2698182358271851, 0.1611797736655865, 0.28217235313305933, -0.6058078176210291, -0.3211051001576688, -0.4757425455301907, 0.7844329878156635, -0.4686086240195684, 0.1757120886928587, -0.7221508332443554, -0.5630721766112285, 0.7673843760217351, 0.6304039160537567, -0.11520967973246976, 0.1022972022647545, 0.7011479495645324, -0.6649560157602785, 0.8356863849040503, -0.6759255872517281, -0.6284945369539995, 0.7451911547286891, -0.20930677803341344, -0.2294112631711982, 0.9885524366847147, -0.11291957126606156, 0.8157763096312431, -1.0, 0.09245819304714624, -0.6077945143661658, -0.37336850413299894, -0.05607164965410959, -0.1961862242599376, -0.6780795697095903, 0.3165468440341303, -0.6376378645136069, 0.7469396108280411, 0.1492601927291759, -0.6451943354520853, 0.4377542501629226, 0.35014089002831916, 0.6292396919224933, -0.8919884876049058, 0.7878427270358064, 0.5829083640036687, -0.3883350944085236, 0.24899572044715113, -0.7850671507042686, 0.23929707838282638, -0.35057184769521066, 0.09502949959905771, -0.8006272763382893, -0.5668712666321196, -0.4998446000781347, -0.8248463074417349, 0.009717946845569758, -0.17731701244270415, 0.6045452779877043, 0.9328766403739344, 0.32364435759086685, -0.3416334677694298, 0.35123392142771687, -0.22231146422488934, 0.22417428191992195, 0.5672035868641652, 0.545858507624441, 0.4822560009898115, -0.3135057899387638, -0.8582563565467755, -0.8327523314280547, 0.27219362423822546, 0.28722128672322067, 0.12697303333943388, -0.6344782108180504, -0.8198289698437136, -0.44147929689687526, 0.2885033892567719, -0.03878195609430968, -0.20907164941214937, 0.06316505723198995, -0.5537860656951281, 0.9213636474420608, 0.8854856286016373, -0.6814252993088912, -0.7764286344792617, -0.46376595499577644, -0.6285870828726428, 0.21327328493334896, -0.11798741239553068, -0.9651945403405239, -0.7813476807195898, -0.6628257388375288, -0.8256424052605875, 0.010698895024086275, 0.5702696208537161, -0.6214907147393239, 0.9297347012019943, 0.3905886175506088, 0.37631415681832614, 0.2634716665223047, -0.6736378336780797, -0.6182038646884536, -0.25538940399743565, -0.6766203516935081]
