101.96141815185547	(8, 12, 2)	[-0.19934450297358253, 0.29598103414204746, 0.6444226732776799, 0.6740647756075036, -0.6575750470010773, -0.4372068661302426, 0.9403114461673954, 0.08618110595202833, -0.7276898801463914, 0.8575655410285725, 0.5669063014961468, 0.9014632249589329, -0.11734047410088122, -0.8940684633712002, 0.19328417780272633, 0.8732755548609858, 0.16868103119118216, 0.47467246612456027, -0.5880091661490321, 0.030542202470621893, -0.6726778194138714, 0.9971654881924419, -0.5470549016626447, 0.14906602968419835, -0.541003337835031, -0.5640571171130704, -0.334578186628256, -0.12365807680945773, -0.5032448190950622, 0.7468571205058292, -0.45107544192584204, -0.22294544280545026, 0.8001316781768952, -0.5721564572460076, 0.789411389187032, -0.6433556815517272, -0.9565398532502607, -0.04679427148385362, -0.07707592042042921, 0.44580665279223, -0.1376531770999807, 0.543431401066724, -0.6715554778810908, 0.8248278825842865, 0.11366141196340962, -0.5373903212539357, -0.977718860507178, 0.196309807652695, -0.5912167575203797, -0.9049040817064913, -0.7753008229362859, -0.45403735989155547, -0.5584550600297999, -0.9709197272161991, 0.7816438666792362, -0.9185903489283236, 0.23584915704307696, -0.9612484953418505, 0.7237214942840589, -0.8374278800037482, 0.3786260774315915, -0.8132000782244326, 0.5060614775639511, -0.1461089799493449, 0.500217809168146, 0.7002025399399452, -0.39614591753296646, 0.35110217943324473, 0.007850931324044685, -0.29221425305274384, -0.6543672149431037, 0.20501162393005634, 0.06281491494151092, 0.597042382317805, -0.47281340188614207, 0.2895062807524087, 0.5706576386395696, -0.7301568764210744, 0.16433026815763352, 0.3837803000678668, -0.7582135173742017, -0.7039912432792097, 0.2990899234608446, 0.40153054970159396, 0.6862800366745401, 0.13687102429168907, -0.5341521265937645, 0.3072183630863643, 0.6197175301675575, -0.23222793816847043, -0.9408383168310364, 0.9701806860297533, 0.3828721964858457, 0.39813251051759657, 0.299983174244165, 0.8059924666690126, -0.8409226381733221, 0.3386209247209233, -0.05321693494838731, 0.7007842081668805, -0.14232958579027732, 0.9053400605678585, 0.55860130514843, 0.27425639678717495, -0.8739455573523314, 0.16738900742451635, -0.41278946592063326, 0.13603950277967636, -0.5235275702793287, 0.5821323909375791, -0.1557723413011063, -0.4845182486871029, 0.9763175931732202, -0.36366021939482107, -0.887381558176666, -0.45741336767282514, -0.5101474633921836, 0.40867882829783087, -0.7126723991423487, -0.29350303145554535]
101.9908218383789	(8, 12, 2)	[-0.19934450297358253, 0.29598103414204746, 0.6444226732776799, 0.6740647756075036, -0.6575750470010773, -0.4372068661302426, 0.9403114461673954, 0.08618110595202833, -0.7276898801463914, 0.8575655410285725, 0.5669063014961468, 0.9014632249589329, -0.11734047410088122, -0.8940684633712002, 0.19328417780272633, 0.8732755548609858, 0.16868103119118216, 0.47467246612456027, -0.5880091661490321, 0.030542202470621893, -0.6726778194138714, 0.9971654881924419, -0.5470549016626447, 0.14906602968419835, -0.541003337835031, -0.5640571171130704, -0.334578186628256, -0.12365807680945773, -0.5032448190950622, 0.7468571205058292, -0.45107544192584204, -0.22294544280545026, 0.8001316781768952, -0.5721564572460076, 0.789411389187032, -0.6433556815517272, -0.9565398532502607, -0.04679427148385362, -0.07707592042042921, 0.44580665279223, -0.1376531770999807, 0.543431401066724, -0.6715554778810908, 0.8248278825842865, 0.11366141196340962, -0.5373903212539357, -0.977718860507178, 0.196309807652695, -0.5912167575203797, -0.9049040817064913, -0.7753008229362859, -0.45403735989155547, -0.5584550600297999, -0.9709197272161991, 0.7816438666792362, -0.9185903489283236, 0.23584915704307696, -0.9612484953418505, 0.7237214942840589, -0.8374278800037482, 0.3786260774315915, -0.8132000782244326, 0.5060614775639511, -0.1461089799493449, 0.500217809168146, 0.7002025399399452, -0.39614591753296646, 0.35110217943324473, 0.007850931324044685, -0.29221425305274384, -0.6543672149431037, 0.20501162393005634, 0.06281491494151092, 0.597042382317805, -0.47281340188614207, 0.2895062807524087, 0.5706576386395696, -0.7301568764210744, 0.16433026815763352, 0.3837803000678668, -0.7582135173742017, -0.7039912432792097, 0.2990899234608446, 0.40153054970159396, 0.6862800366745401, 0.13687102429168907, -0.5341521265937645, 0.3072183630863643, 0.6197175301675575, -0.23222793816847043, -0.9408383168310364, 0.9701806860297533, 0.3828721964858457, 0.39813251051759657, 0.299983174244165, 0.8059924666690126, -0.8409226381733221, 0.3386209247209233, -0.05321693494838731, 0.7007842081668805, -0.14232958579027732, 0.9053400605678585, 0.55860130514843, 0.27425639678717495, -0.8739455573523314, 0.16738900742451635, -0.41278946592063326, 0.13603950277967636, -0.5235275702793287, 0.5821323909375791, -0.1557723413011063, -0.4845182486871029, 0.9763175931732202, -0.36366021939482107, -0.887381558176666, -0.45741336767282514, -0.5101474633921836, 0.40867882829783087, -0.7126723991423487, -0.29350303145554535]
101.98307037353516	(8, 12, 2)	[0.5516453178981804, 0.7218986495021222, -0.6744805918189858, 0.9635970276186518, 0.14099766610433062, 0.5657032845648367, -0.09561879893918035, 0.8513541791288108, 0.10394820112439773, 0.6428063067486749, 0.08282630116382683, 0.7542762483232137, -0.3663457241007808, 0.37411627475312503, -0.7019795825349247, -0.9919122869252899, 0.6285333941635521, 0.6874989329457883, 0.4537071421570087, -0.34786582368328123, -0.5010254995051251, 0.911069500829617, -0.9555659517618198, -0.8420358927513429, -0.3573593588847732, -0.629046236259875, -0.719853707045234, -0.03416351165335452, -0.28536017034386596, -0.5352807308679537, 0.9773358354818704, 0.32793499946356675, -0.508043132976344, 0.29228474499375046, -0.08545032068695413, 0.8340418566519976, 0.8629279872710571, 0.9387120669379059, -0.007212960162424897, 0.9739692532037023, -0.6744571508134012, -0.6571483090762287, -0.7699571209352956, 0.8780500941156415, -0.272045167665448, -0.04022594358164078, -0.7605780371691997, -0.8362292295931801, 0.3023257644916706, -0.33467934551617184, 0.9608077688447558, 0.7965361271009246, -0.6583964612697424, -0.2659416596008639, 0.81347749695623, 0.34799548298455174, -0.09399559557437209, 0.07802087692311543, 0.5989074341678542, 0.8267524299261393, 0.22331013640553876, -0.25266192763046913, -0.6441537616081148, 0.4702608003489068, 0.9266437262117584, -0.8885034986425353, -0.7471315479254748, -0.7182633961520823, 0.8454306240302853, 0.8136685150386949, 0.44498422897181666, -0.5403214898439508, -0.48207711469367953, -0.4551199852354082, 0.7312676302481407, 0.4463707758166282, -0.8238258897083801, 0.46655730531275275, -0.3627756237860116, 0.7582026124671124, -0.6608209721324643, -0.8786260505175918, 0.7010188653511944, -0.3187423301145029, -0.9299452207204322, 0.9792973655162733, 0.08393722704785866, -0.2708579366194668, 0.17965503497871071, -0.45865561210071504, -0.7405468606503305, -0.8847983107142896, 0.32921876604985645, -0.5960139597072824, -0.4448251203479294, 0.6741380599261129, 0.23632425455994022, 0.3035757226990716, -0.576774432486777, -0.13407527414004572, 0.49345731107128077, 0.8096822608303842, 0.01336856484710136, -0.19099278620256377, 0.18219868072662337, -0.28683898566028243, -0.18287993121125323, -0.23452565627356337, -0.21752861299462123, -0.6865617897599166, 0.28495319284615106, 0.7270332450616173, 0.8212276648657566, 0.3486358406965846, 0.5305853150888113, 0.9287568238073542, -0.5490801870301156, -0.7173295783561615, 0.9222483508736836, 0.6104369794585092]
101.91732025146484	(8, 12, 2)	[-0.7561464400640696, 0.27658317843915703, -0.5691757314822394, 0.8197709303694551, 0.748807636212258, -0.8347568009065791, -0.5960877849522317, 0.982962281492596, -0.44765027816307024, -0.48240647219337807, 0.138518660220597, 0.16750337350671507, -0.8980454039249415, -0.8260870281751245, -0.080228880267746, 0.47454327064314783, 0.9610160194007613, 0.3538529569867461, 0.044668358233845185, 0.900168826042663, -0.13232779875806355, 0.23718787434644972, -0.9192586154851577, -0.4152499304381416, 0.8356272651325376, -0.06819522360929375, 0.2783604762570966, 0.9737275229084625, -0.4836533289612026, 0.38278037486748273, -0.07068348311606155, 0.2560860085973673, -0.0577480244822548, -0.255058102267528, 0.957831989638088, -0.6486987730222291, 0.4204237046745303, 0.28758837813512095, 0.19545240742115078, 0.33765979583925865, -0.2261483240003408, -0.7434771231293329, -0.17111962254127633, -0.35407559992286797, -0.07106316509040189, 0.941154397122945, -0.3933560523593014, -0.6848339305004676, 0.31373596914267843, 0.9954186624393926, 0.980607032323003, -0.3718045286564513, -0.6234530610474147, 0.028526122363911277, -0.22897749239151466, 0.5582072936446831, -0.9672125995567646, 0.22130430432505976, 0.7841138910576111, 0.6461345120316389, 0.8523304788971253, 0.6920256525949144, 0.7457854733634752, 0.6249280767007925, 0.5777347763337131, 0.3325207439424289, 0.2404258413824328, -0.19410047734599867, 0.48742229797195424, -0.8756859742044099, -0.0656396421378398, -0.013677111738982228, 0.24566505508652448, -0.24779117174764842, -0.23891020825280873, 0.3116092317847541, -0.7481433696290596, 0.78702285267112, -0.9015697958043973, -0.9494475715904147, 0.39134722807106836, -0.8452342911628292, 0.06972771153469948, 0.3237901969615904, -0.27021574980324137, -0.6144653573719627, 0.5700142356857516, -0.7971023657804772, 0.6573433019582029, 0.7463759192186514, -0.5019393613669918, -0.9456892923706925, 0.4620299360186635, -0.6664136367517199, -0.8715266572241502, 0.4505071201058133, -0.12881856475455855, -0.18329064157265362, 0.5094346369347882, 0.829164776988361, -0.8791402605082128, 0.6711393867873083, 0.7711133175026852, 0.7044626340056259, -0.06657396733515819, -0.6489521387036055, -0.9076785918917285, 0.7997822019658629, -0.3219600052936429, 0.2965667900486815, 0.0878161160646691, -0.2972349035984403, 0.3978702372110672, 0.8376491665733008, 0.26424996976622395, -0.6004377284511342, -0.2013502387520092, 0.20031460394994594, -0.21311249994944315, -0.3472082631663791]
101.98001861572266	(8, 12, 2)	[-0.990769716294073, 0.216782846860875, -0.37218787776374374, -0.06426131430695681, 0.27468698810365866, 0.22523794133787933, -0.9405509021895215, -0.9091242593438427, -0.786880343887741, -0.04324210467125944, -0.34372964390658023, -0.04134397470248374, 0.8662344577220622, 0.30856901137995374, -0.6001175048528353, -0.23774100539129783, -0.5052841830268948, 0.4489638130403304, 0.7060251957283072, 0.5895784507042248, 0.34509651867006674, -0.15685718954376981, 0.07140207489039252, 0.426829527546676, -0.8155442487434532, -0.24734492037656733, -0.9594230820251457, -0.6451407948968271, -0.9812344920238778, -0.2139319486799085, 0.6077772373404811, -0.8884531644411819, -0.47080153370561506, 0.7410030375885632, -0.9112281306805603, -0.3957533923505312, -0.5900078242347209, 0.2231122130216303, 0.9646770448069257, 0.216555262828811, 0.42448235520418875, -0.3334550396475253, -0.4485697079501443, 0.3526527550910239, 0.06727973687435673, -0.0887237331501114, 0.3683368206270903, 0.9632398590269182, -0.7966492109877228, 0.43522289977763307, -0.3585345623436724, 0.19054298438812478, -0.8390560483483818, 0.3219266373084879, -0.026634622092707616, 0.25701297132875167, 0.6011771818668172, -0.27885351291383853, 0.6964486942306121, -0.6792052162204147, 0.25722228589833107, -0.9284027935207422, -0.035349714908590846, 0.6354340916430203, 0.360486810784433, 0.3325207439424289, -0.028718986361481846, -0.19410047734599867, 0.04480755065485198, 0.49279953121678677, 0.21616110729692672, -0.6111018319708221, -0.08007134870170285, 0.16282595280138668, -0.76580242090168, -0.8714753818485454, 0.5319734959711138, 0.634592105774578, -0.646466337220041, 0.5809509210758277, -0.19966205705783424, -0.09334653881540755, -0.16846655276707279, 0.8058969871441413, 0.06487084721215663, -0.46105931321806826, 0.2455488088677007, 0.7653125438989075, 0.3051901790539995, 0.7463759192186514, -0.5499612964410932, 0.11055576261104272, 0.4165657665082998, 0.7042279655154124, -0.3087147682646345, -0.42185882179871603, -0.7927499507334934, -0.1893922055995121, -0.11887349727214569, 0.9641709861099759, 0.23940368280182645, 0.7844678064722572, -0.36311530858128993, -0.37709777066344774, 0.26879074101426204, -0.044781841603938756, 0.3955502371219419, -0.5333191809504712, 1.0, 0.046536771209019, 0.891547788532711, 0.0006579630542702386, -0.9342563961686821, 0.8838750063118928, 0.27166692051899033, -0.675102791197512, 0.3125703477748807, -0.34618668161913546, -0.25573077505846475, -0.15751315963572976]
101.01386260986328	(8, 12, 2)	[-0.9155720897720505, 0.47221637638818614, -0.6562247152162752, 0.9037701028871385, -0.07070832404247285, 0.37971479922843887, -0.5968752581868907, 0.17155460595465621, 0.7010458379409681, 0.8443325635555108, -0.4990245408459144, 0.8086237534107847, 0.03240208303945735, -0.8578324830525303, -0.0964647198268549, 0.621263049454641, 0.9610160194007613, -0.49840696136814033, 0.14453606114373851, -0.5034196593127851, -0.5977087457675898, 0.106188286378182, -0.9192586154851577, -0.07145811294941318, -0.3759356657335948, -0.5041388039002126, -0.04480545853671422, -0.0683151678798136, 0.3153101002061194, 0.38278037486748273, 0.47096475013465366, 0.2750316857447086, 0.1147102354910472, 0.5976686505615516, 0.35720643126229734, 0.47540179861113807, -0.8627840708399195, 0.49092789481043475, -0.9930702114012473, 0.6699761577744148, 0.4616835317933554, -0.39515318910267583, -0.49824866189743755, -0.13051325274175185, -0.9718720454871219, 0.9856819136365653, -0.10135023224013895, 0.10929292830222104, -0.61411938246246, -0.02949040294491212, -0.08158214873431113, -0.3718045286564513, -0.08539528966674004, -1.0, -0.8052268920556376, 0.5582072936446831, -0.9672125995567646, -0.8969460542420968, 0.7466492380980818, -0.533364416432315, 0.11030861731293906, -0.013322170787376075, 0.17527730471477687, 0.8889613081516936, 0.4303250347025307, 0.05373559455953991, -0.32026798686549063, 0.27832788088796345, -0.09944398622490279, 0.24406737092020436, 0.10137460750122917, -0.8749428166544304, -0.7548652707092232, -0.6706618661134782, -0.9105155629680179, -0.4967774335115309, -0.5645828856146704, 0.48850420242647186, 0.3241506556877858, 0.12446417399772125, 0.2830901105701755, -0.4043400179961413, 0.8016978873448306, -0.7435432680672043, 0.28683433356575105, -0.0471139466051127, 0.5700142356857516, -0.7835866140506507, 0.6573433019582029, 0.45455471183190665, 0.737408912863661, -0.6812180604763582, -0.44501691096847784, -0.5905639242352851, 0.09449332260014076, -0.606551422799505, -0.4686451338672575, -0.8641998687379402, -0.0864255695667615, 0.4786533770905965, 0.5808169496449065, 0.1346621386706799, 0.7968495604415744, 0.31673357000229396, 0.0885638632078567, 0.20521037144433407, 0.6049858707156839, -0.26933807207364646, -0.012923837469459298, -0.2702177815611029, 0.0878161160646691, -0.2620846789874909, -0.15217683637217294, -0.6475191208309456, -0.5648320590017342, 0.2396090936090014, 0.36116305947072025, 0.2793386046921369, 0.2238026343167716, -0.3472082631663791]
101.99312591552734	(8, 12, 2)	[0.028256990885006328, 0.44020510969841387, 0.42393421753197646, 0.17488424145747516, -0.4185418334010915, 0.18151224774099717, -0.4841958589097741, 0.982962281492596, 0.6029837693340052, -0.48240647219337807, 0.138518660220597, -0.7718465740858107, 0.6184649525710082, -0.5442588740218872, 0.6034492732181937, 0.47454327064314783, 0.9610160194007613, 0.5999212840395078, -0.3809681313197264, 0.9046728571603055, -0.993408130313166, 0.23718787434644972, 0.07140207489039252, -0.4152499304381416, -0.541003337835031, -0.06819522360929375, -0.4526244854799115, -0.6735110632271579, -0.13059432260463266, 0.38278037486748273, 0.2529726319809029, 0.7789748436588213, 0.5815597007337727, 0.8278589843870789, 0.411107675486831, 0.3309015708104084, 0.5877494041542093, -0.6082777898323333, 0.295103957871784, 0.33765979583925865, -0.2261483240003408, -0.7434771231293329, 0.41202667333213316, -0.6358815282694112, 0.6178293013546488, 0.10654856059292483, -0.3933560523593014, 0.5315187588607062, -0.04543570601390878, 0.9954186624393926, -0.3585345623436724, -0.3718045286564513, -0.8390560483483818, -0.18745991692076136, 0.4250993601578812, 0.5582072936446831, -0.9672125995567646, -0.7916217559307224, 0.7841138910576111, -0.02705026216243067, 0.7116368364253582, 0.6920256525949144, 0.7457854733634752, 0.6249280767007925, -0.2811715821252134, 0.3325207439424289, 0.962568747403471, 0.27832788088796345, -0.6376010314544611, 0.49279953121678677, 0.21616110729692672, -0.16720433132161117, 0.5825478064247425, -0.9316107119892831, -0.12222249237777905, 0.3116092317847541, -0.7481433696290596, 0.2594277457623664, 0.605768510937789, -0.9494475715904147, -0.17216786364493086, -0.8452342911628292, 0.06972771153469948, 0.07938438124763736, -0.27021574980324137, -0.29722619429370734, 0.2455488088677007, 0.19927638961226712, 0.7344926642463281, -0.3040133399954261, 0.8955311700472777, 0.7948525299531051, -0.47997266119464, -0.6664136367517199, -0.8715266572241502, -0.606551422799505, -0.12881856475455855, -0.18329064157265362, 0.30221801763997, 0.41725593612651357, 0.762063466973264, 0.1200503697366877, 0.7711133175026852, -0.47379254705750884, -0.06657396733515819, -0.8033661249817763, 0.5962220793775432, -0.6366800627149207, -0.11499335505896369, 0.2965667900486815, 0.614268893497544, 0.29548874683469784, 0.3978702372110672, -0.39758847350876425, -0.7536194192551917, -0.6004377284511342, -0.2013502387520092, 0.572926211408388, -0.04650386498847858, 0.10148289303139313]
101.98212432861328	(8, 12, 2)	[-0.5512371170554691, -0.09873531127630786, -0.28963869284486754, 0.5019423766675983, -0.07070832404247285, 0.7024579346363582, -0.6035720623068417, -0.1185314555752106, -0.23658668296870045, -0.24516363147817422, -0.6007997610052553, 0.26147979359068607, 0.03240208303945735, 0.6129238269626949, 0.12090055577676129, -0.9919122869252899, -0.8179493279020613, -0.8418943920866384, -0.7131131061186413, 0.7848786917105037, 0.9493205719435873, 0.7430722473611142, -0.4846102041228104, -0.12444848283082299, -0.8155442487434532, -0.6537175515482994, -0.562219595599861, 0.7276888708410598, -0.5032448190950622, 0.8522898440132158, 0.6677282395646351, -0.47846636371558504, 0.08181243726850763, -0.05711514462128631, 0.789411389187032, -0.4435745164649354, 0.3054820212849596, 0.25519672153455986, 0.7872774550399846, -0.16707102692283593, -0.8845999506197648, 0.3008063656754194, 0.5125128205478706, 0.5371100292282684, 0.9984299099818361, 0.9856819136365653, -0.977718860507178, -0.3880285540625885, -0.05254705168600271, 0.9300962232291494, -0.7278057715062571, -0.9655479230333877, -0.5025341784531256, -0.9900770271586032, 0.8880521646505033, 0.96955190394674, 0.6036658504340053, -0.85118149062846, -0.09440001809897325, 0.6791203312506279, -0.6776244895987404, 0.23183294270484822, -0.9403025773278082, 0.8889613081516936, -0.11448206750978152, 0.9482063219614612, -0.8446999522876693, 0.1736063307233009, 0.8454306240302853, 0.9881263217251854, 0.7642962708357428, 0.8264564886374559, 0.8512355746985527, 0.5707737014453973, -0.3398901057069501, -0.1806792107451607, -0.7636723258076572, 0.4784274438864642, -0.9015697958043973, 0.2630293931334333, 0.313766775610381, 0.26334615441666154, 0.2990899234608446, 0.3314600385665656, 0.25550012641110365, -0.4995821119962838, 0.44109726950836503, 0.19927638961226712, 0.48466942539841606, 0.7463759192186514, -0.5019393613669918, 0.9701806860297533, -0.4492592366149204, 0.37285536968620714, 0.4234464104988893, -0.09325878886774208, -0.8409226381733221, -0.4046086103642079, -0.45041684207800636, -0.827716440459902, 0.21169618731636258, 0.1346621386706799, 0.5230204820223765, -0.8647111624420978, 0.26879074101426204, -0.28683898566028243, 0.9987012834187301, -0.23452565627356337, -0.4684517273094213, 0.046536771209019, 0.3249980974790252, -0.4468049441458115, 0.024736308577977262, -0.36366021939482107, 0.27166692051899033, -0.8505692910846161, -0.47542760120788596, -0.08751676975271439, 0.2238026343167716, 0.7683252001921033]
101.99146270751953	(8, 12, 2)	[-0.5512371170554691, 0.6562265537679539, -0.2623638468104097, -0.335287142647132, -0.840821456347302, 0.1402835697738392, 0.4434620195240655, 0.17155460595465621, 0.6826697779689721, -0.6108243890710192, -0.03426554886888744, -0.28075630683816044, -0.8980454039249415, -0.8578324830525303, 0.20808505275506461, -0.18680924170553692, 0.9610160194007613, 0.8026613750124723, 0.15529981044037489, -0.936876299463443, 0.15506452151371142, 0.6569520125026533, -0.917669639721407, -0.07145811294941318, -0.17906937347987842, -0.25312223162280545, -0.27762356480036177, -0.5308159422982512, -0.04409771999742751, 0.9379546516832844, 0.5250715235779655, 0.2560860085973673, -0.33731989009895336, 0.48896020950837227, 0.20223922344446232, 0.011533572030578476, -0.043085192819539486, 0.25519672153455986, 0.0486319849427399, -0.6941286490777412, -0.20654619527134455, -0.3288570393079766, -0.6715554778810908, 0.2898060040128516, -0.2504090966790502, 0.06881517666174863, -0.742215403882138, -0.9194187568132237, -0.7966492109877228, -0.9739526430388374, 0.026787412180263148, -0.269719547647816, 0.19150462559937198, 0.19396809845947055, 0.9299969386135312, 0.041495981222723355, 0.5391208126598299, 0.7287693185855479, -0.089936409765913, 0.7158459794108099, 0.22228733622102048, 0.5544041312622399, -0.3675109877474041, -0.972014267113352, -0.46658864870248307, 0.03328726628969192, -0.12556854221652802, -0.03284536640135394, -0.27041836796495833, 0.2068647557438743, 0.6836055335835327, 0.4767796633880883, -0.643408865645583, 0.5479157725184698, 0.5139487896499406, -0.721855959630795, 0.8306211199955189, -0.7301568764210744, 0.43412897110300963, 0.4969451650606318, 0.672750822140727, 0.406557133250224, 0.5851067060393647, 0.20216887063564992, -0.5568559291459894, -0.8350080950476488, 0.05868061267004676, -0.4578594880969904, -0.19943976606302272, 0.4058020780444429, 0.8955311700472777, 0.5298753346818061, -0.44501691096847784, -0.5854387268195171, 0.16261327124472902, 0.5583140702934293, -0.9369076851581448, -0.39354500258191316, 0.2962077312775979, -0.7342835568999049, 0.5622314362735943, 0.7844678064722572, 0.012625322941859585, -0.28797225435811113, 0.5746425950467309, -0.25494142112119333, -0.7520049853164708, -0.06812604794043686, -0.22554829266608856, 0.10449022517571871, 0.9887181257103579, 0.07154876864800053, 0.8362861565301873, 0.24583503966967268, 0.5037653537590532, 0.41415084305646044, -0.47542760120788596, -0.0994254032509132, -0.9005817201238706, 0.8096540169078026]
101.99044799804688	(8, 12, 2)	[-0.7561464400640696, 0.10146907375508807, -0.28963869284486754, 0.264544203418273, 0.5461088729271162, 0.7698929885470367, 0.3047559131533697, 0.6457361422175847, -0.22082897969887538, -0.34277204202584, -0.5276582427240477, -0.28075630683816044, 0.7836044018318706, -0.8940684633712002, 0.12090055577676129, 0.47454327064314783, 0.19776312829954468, 0.8930732992655676, -0.3809681313197264, -0.34786582368328123, 0.34509651867006674, 0.106188286378182, -0.4822409729800783, -0.41106390699871875, -0.15610702707386404, -0.25312223162280545, 0.32225594592207996, 0.9737275229084625, 0.28790849771459914, 0.38278037486748273, 0.24755691789124423, 0.9448711300364385, 0.34444527680245174, -0.4009042462592758, -0.9112281306805603, -0.8578649978646702, -0.0595117685826565, -0.8695596306167321, 0.295103957871784, -0.7214971849002926, -0.6068720002302463, -0.39515318910267583, -0.17111962254127633, -0.6551477199768811, 0.5088659571321634, 0.06881517666174863, 0.48793798367752994, 0.10929292830222104, 0.3733604289757868, -0.9049040817064913, -0.3639569616129352, 0.19054298438812478, 0.15567411735525893, -0.9709197272161991, 0.1652866160064108, 0.5582072936446831, -0.4015546843133182, -0.7916217559307224, -0.5335976438912646, 0.7158459794108099, 0.33690952414487246, -0.9200836031144903, 0.48259822821992926, -0.30526017679382655, 0.04672920939498115, 0.9482063219614612, -0.8711386432356405, -0.03284536640135394, -0.27041836796495833, -0.8756859742044099, 0.10137460750122917, -0.6111018319708221, 0.5825478064247425, -0.4551199852354082, -0.47281340188614207, -0.6031677941280196, 0.5319734959711138, 0.44373658641749225, -0.16749377181018965, -0.11023891925662754, 0.313766775610381, 0.6895807464992509, 0.8016978873448306, -0.27632265568582803, 0.06487084721215663, 0.2837624789897478, 0.05868061267004676, -0.02626322647621504, 0.48466942539841606, 0.538190811163239, -0.5019393613669918, 0.11055576261104272, -0.47997266119464, 0.39813251051759657, -0.3087147682646345, 0.7739307171016478, -0.26640956017860185, 0.980403405782192, -0.0864255695667615, -0.6429047029837394, 0.5622314362735943, -0.2667741853840424, -0.5083874121103549, 0.584818815490187, 0.5556056820109538, -0.021638361365354797, 0.8551159574613196, -0.6366800627149207, -0.4684517273094213, 0.58478384468303, 0.5987347937308514, -0.8235104566683464, -0.15217683637217294, 0.7963542040140064, -0.7969267872494821, -0.37234544338382203, 0.36116305947072025, 0.9913828942536205, -0.6903540096404979, -0.03828617664446643]
101.98135375976562	(8, 12, 2)	[-0.5512371170554691, 0.6562265537679539, -0.2623638468104097, -0.335287142647132, -0.840821456347302, 0.1402835697738392, 0.4434620195240655, 0.17155460595465621, 0.6826697779689721, -0.6108243890710192, -0.03426554886888744, -0.28075630683816044, -0.8980454039249415, -0.8578324830525303, 0.20808505275506461, -0.18680924170553692, 0.9610160194007613, 0.8026613750124723, 0.15529981044037489, -0.936876299463443, 0.15506452151371142, 0.6569520125026533, -0.917669639721407, -0.07145811294941318, -0.17906937347987842, -0.25312223162280545, -0.27762356480036177, -0.5308159422982512, -0.04409771999742751, 0.9379546516832844, 0.5250715235779655, 0.2560860085973673, -0.33731989009895336, 0.48896020950837227, 0.20223922344446232, 0.011533572030578476, -0.043085192819539486, 0.25519672153455986, 0.0486319849427399, -0.6941286490777412, 0.016849216380961624, -0.3288570393079766, -0.6715554778810908, 0.2898060040128516, -0.2504090966790502, 0.06881517666174863, -0.742215403882138, -0.9194187568132237, -0.7966492109877228, -0.9739526430388374, 0.026787412180263148, -0.269719547647816, 0.19150462559937198, 0.19396809845947055, 0.9299969386135312, 0.041495981222723355, 0.5391208126598299, 0.7287693185855479, -0.089936409765913, 0.7158459794108099, 0.22228733622102048, 0.5544041312622399, -0.3675109877474041, -0.972014267113352, -0.46658864870248307, 0.03328726628969192, -0.12556854221652802, -0.03284536640135394, -0.27041836796495833, 0.2068647557438743, 0.6836055335835327, 0.4767796633880883, -0.643408865645583, 0.5479157725184698, 0.5139487896499406, -0.721855959630795, 0.8306211199955189, -0.7301568764210744, 0.43412897110300963, 0.4969451650606318, 0.672750822140727, 0.406557133250224, 0.5851067060393647, 0.20216887063564992, -0.5568559291459894, -0.8350080950476488, 0.05868061267004676, -0.4578594880969904, -0.19943976606302272, 0.4058020780444429, 0.8955311700472777, 0.5298753346818061, -0.44501691096847784, -0.5854387268195171, 0.16261327124472902, 0.5583140702934293, -0.9369076851581448, -0.39354500258191316, 0.2962077312775979, -0.7342835568999049, 0.5622314362735943, 0.7844678064722572, 0.012625322941859585, -0.28797225435811113, 0.5746425950467309, -0.25494142112119333, -0.7520049853164708, -0.06812604794043686, -0.22554829266608856, 0.10449022517571871, 0.9887181257103579, 0.07154876864800053, 0.8362861565301873, 0.24583503966967268, 0.5037653537590532, 0.41415084305646044, -0.47542760120788596, -0.0994254032509132, -0.9005817201238706, 0.8096540169078026]
101.9886703491211	(8, 12, 2)	[-0.4235573087709288, 0.9399868333311867, 0.13343523491802656, 0.3861440123412101, -0.6575750470010773, -0.9020573007796147, -0.7593810600305148, 0.17155460595465621, 0.6443792614878769, 0.042659757590777, 0.46403983299672724, -0.04134397470248374, -0.3660138155616164, -0.8578324830525303, -0.43768916132651636, 0.621263049454641, -0.23525712912923114, 0.1821076090680438, 0.044668358233845185, 0.4631528739642259, -0.5977087457675898, 0.03896983217188699, 0.8422792877908705, -0.41106390699871875, -0.15610702707386404, -0.3333592958539753, 0.9839026423810238, -0.1072869959840621, -0.782761620611697, 0.5672281332224278, 0.47096475013465366, 0.39860724144635584, 0.6660345139327135, 0.043770324788457105, 0.5818787962133727, -0.1350193402478721, 0.3054820212849596, -0.04679427148385362, 0.0486319849427399, 0.2180621296528631, 0.6587741943486101, -0.029555479221692993, -0.8645025205900267, -0.4840215473396514, -0.9718720454871219, 0.6658902130919089, -0.10135023224013895, -0.8865615811538913, -0.048430617145349464, 0.9300962232291494, -0.08158214873431113, -0.6643862812255983, -0.4244344097438131, -0.035889963089321686, -0.33762594006629976, -0.7642877834455506, 0.9902829789718928, 0.22130430432505976, -0.2716661600940111, -0.533364416432315, -0.6776244895987404, 0.9977785801715204, -0.8526353010777752, 0.8889613081516936, -0.5194928875105065, -0.23031334208835008, -0.14679632629732997, 0.29035489130234077, -0.6861644663911428, 0.8890231478794508, 0.47150380845928125, 0.6243204122662356, -0.2820055501303884, -0.8666693446963067, -0.47281340188614207, -0.3736025573494526, -0.015856393116598477, -0.702660089864235, -0.9908214306637786, 0.25569864984343615, 0.9101237972201397, -0.4491979278460203, -0.236826658910956, -0.9571965976880312, 0.8687072913172689, -0.0471139466051127, -0.9983062429141223, -0.32272977331706376, 0.17965503497871071, 0.1196881408660424, -0.8417098206376781, -0.5723017430361845, 0.4620299360186635, 0.37285536968620714, 0.09449332260014076, -0.606551422799505, 0.8087419049701361, -0.789486091551741, 0.3794169357821162, 0.8913368340349295, -0.6950630568110019, 0.8033881075571423, 0.7101491444698778, 0.8542341699196085, 0.26879074101426204, 0.00873583114948251, -0.9526448313477975, 0.9890336507787836, 0.0015800604311618227, 0.10449022517571871, 0.04961199479596945, 0.6671920695780416, 0.8137784707996594, -0.5278111663727834, 0.7480397227043738, -0.485655348779261, -0.3286690090576483, 0.40867882829783087, 0.9561598276815348, -0.3472082631663791]
101.92034912109375	(8, 12, 2)	[-0.5512371170554691, -0.09873531127630786, -0.7161148775276245, 0.264544203418273, -0.840821456347302, 0.4081861963045852, -0.5960877849522317, 0.17155460595465621, -0.9453587121606573, -0.5446426366311647, 0.7584602597440192, -0.04134397470248374, 0.03240208303945735, -0.8940684633712002, -0.38826957113237226, -0.23774100539129783, 0.14024272569229368, 0.3538529569867461, 0.4059163402849797, 0.7848786917105037, -0.993408130313166, 0.6514777885701672, 0.6595409355825839, -0.41106390699871875, -0.8155442487434532, -0.25312223162280545, -0.562219595599861, 0.7276888708410598, 0.6448707460010037, 0.8522898440132158, 0.6677282395646351, -0.47846636371558504, 0.34444527680245174, 0.7130699945878374, 0.789411389187032, 0.011533572030578476, -0.043085192819539486, 0.2231122130216303, -0.6358921926792986, 0.04531761024739067, -0.6677740676016575, -0.3288570393079766, -0.49824866189743755, 0.5371100292282684, -0.40534198507212427, -0.9994471855291289, -0.977718860507178, -0.7722347759597913, -0.6747565306253049, 0.9300962232291494, -0.7278057715062571, -0.9655479230333877, 0.568797460755418, -0.9900770271586032, 0.8616088958241175, 0.5213679315782898, 0.5391208126598299, 0.22130430432505976, -0.09440001809897325, 0.74986929061636, 0.10052874234824238, -0.914165551101825, 0.8482038104216313, 0.5176464020308895, -0.46658864870248307, 0.03328726628969192, -0.39614591753296646, 0.1736063307233009, -0.4111515847453435, -0.8756859742044099, 0.568466145942663, -0.7922748663236296, -0.643408865645583, -0.9252365953085568, -0.9105155629680179, -0.22170749181120342, 0.5711090413082176, -0.45963015466095647, -0.9015697958043973, -0.05247543693639689, 0.672750822140727, -0.8452342911628292, -0.16846655276707279, -0.10169404767010537, 0.25550012641110365, 0.11781930986627875, 0.05868061267004676, 0.5124507925511961, 0.8060859265187377, 0.676026217514919, -0.8417098206376781, 0.22436108064506455, 0.9296735285040183, -0.9475349724224627, 0.10893506393634178, 0.8608176652203552, -0.9369076851581448, 0.7991628715076453, -0.9192127474737148, -0.5969298362724746, 0.5622314362735943, 0.7844678064722572, 0.5230204820223765, -0.37709777066344774, 0.3696674056481799, -0.6489521387036055, 0.8551159574613196, -0.06812604794043686, -0.4684517273094213, 0.2192557227931368, 0.4428679562175648, 0.29548874683469784, 0.8137784707996594, 0.9353819504484797, -0.6476242758939819, -0.675102791197512, 0.5819257391933648, 0.5872256011348524, 0.4822141690201003, -0.29350303145554535]
101.99584197998047	(8, 12, 2)	[-0.5512371170554691, -0.09873531127630786, -0.7161148775276245, 0.264544203418273, -0.840821456347302, 0.4081861963045852, -0.5960877849522317, 0.17155460595465621, -0.9453587121606573, -0.5446426366311647, 0.7584602597440192, -0.04134397470248374, 0.03240208303945735, -0.8940684633712002, -0.38826957113237226, -0.23774100539129783, 0.14024272569229368, 0.3538529569867461, 0.4059163402849797, 0.7848786917105037, -0.993408130313166, 0.6514777885701672, 0.6595409355825839, -0.41106390699871875, -0.8155442487434532, -0.25312223162280545, -0.562219595599861, 0.7276888708410598, 0.6448707460010037, 0.8522898440132158, 0.6677282395646351, -0.47846636371558504, 0.34444527680245174, 0.7130699945878374, 0.789411389187032, 0.011533572030578476, -0.043085192819539486, 0.2231122130216303, -0.6358921926792986, 0.04531761024739067, -0.6677740676016575, -0.3288570393079766, -0.49824866189743755, 0.5371100292282684, -0.40534198507212427, -0.9994471855291289, -0.977718860507178, -0.7722347759597913, -0.6747565306253049, 0.9300962232291494, -0.7278057715062571, -0.9655479230333877, 0.568797460755418, -0.9900770271586032, 0.8616088958241175, 0.5213679315782898, 0.5391208126598299, 0.22130430432505976, -0.09440001809897325, 0.74986929061636, 0.10052874234824238, -0.914165551101825, 0.8482038104216313, 0.5176464020308895, -0.46658864870248307, 0.03328726628969192, -0.39614591753296646, 0.1736063307233009, -0.4111515847453435, -0.8756859742044099, 0.568466145942663, -0.7922748663236296, -0.643408865645583, -0.9252365953085568, -0.9105155629680179, -0.22170749181120342, 0.5711090413082176, -0.45963015466095647, -0.9015697958043973, -0.05247543693639689, 0.672750822140727, -0.8452342911628292, -0.16846655276707279, -0.10169404767010537, 0.25550012641110365, 0.11781930986627875, 0.05868061267004676, 0.5124507925511961, 0.8060859265187377, 0.676026217514919, -0.8417098206376781, 0.22436108064506455, 0.9296735285040183, -0.9475349724224627, 0.10893506393634178, 0.8608176652203552, -0.9369076851581448, 0.7991628715076453, -0.9192127474737148, -0.5969298362724746, 0.5622314362735943, 0.7844678064722572, 0.5230204820223765, -0.37709777066344774, 0.3696674056481799, -0.6489521387036055, 0.8551159574613196, -0.06812604794043686, -0.4684517273094213, 0.2192557227931368, 0.4428679562175648, 0.29548874683469784, 0.8137784707996594, 0.9353819504484797, -0.6476242758939819, -0.675102791197512, 0.5819257391933648, 0.5872256011348524, 0.4822141690201003, -0.29350303145554535]
101.99514770507812	(8, 12, 2)	[-0.1975893679430032, 0.6562265537679539, -0.6898555422729453, 0.7575427108729149, 0.953220380759545, 0.37971479922843887, 0.4434620195240655, 0.17155460595465621, -0.3258359272587952, -0.6108243890710192, 0.41368633331129434, -0.7932051069100123, -0.4616529454518157, -0.5696860040048946, -0.17645270110332478, -0.2026442477220185, 0.19776312829954468, 0.3538529569867461, -0.4192343200847535, -0.4008417685572434, -0.6726778194138714, 0.6514777885701672, -0.6331442924993635, -0.12444848283082299, -0.17906937347987842, -0.25312223162280545, 0.9839026423810238, 0.6224899068139451, 0.6448707460010037, -0.5384668941510402, 0.5250715235779655, -0.22294544280545026, 0.1846121127132776, -0.05711514462128631, 0.957831989638088, 0.011533572030578476, 0.3054820212849596, -0.350426802552011, 0.3488235740207024, 0.2180621296528631, -0.6812327914955958, -0.3288570393079766, -0.17111962254127633, 0.5371100292282684, -0.40534198507212427, -0.9994471855291289, 0.2839577031712823, 0.9632398590269182, -0.61411938246246, -0.09431214824623702, 0.026787412180263148, -0.7338751247014046, 0.15567411735525893, 0.01682466203541466, -0.33762594006629976, 0.15269548478090234, -0.3816469559072937, -0.6379845036602438, 0.9099113689173783, -0.12076029720245848, -0.6776244895987404, -1.0, 0.17527730471477687, -0.972014267113352, 0.4303250347025307, -0.2514927258615389, -0.14679632629732997, 0.3765148219524832, 0.5856379608537059, -0.8756859742044099, 0.6836055335835327, -0.1732160671415477, -0.643408865645583, -0.4034536838701712, -0.8864358721285073, -0.721855959630795, 0.8306211199955189, -0.7013149286479528, -0.2874955614541812, -0.11023891925662754, 0.9101237972201397, 0.406557133250224, 0.20719458483641273, 0.05497748513693268, -0.6840973101728713, 0.2876064330041801, 0.17399222283424076, 0.3072183630863643, 0.8060859265187377, 0.27500827310827525, 0.2452836317238114, 0.8651761203205679, 0.4620299360186635, 0.37285536968620714, -0.5016148285287076, 0.5551332520084922, -0.8137587591820683, 0.7782202749249385, -0.0864255695667615, -0.6429047029837394, -0.4851391215448862, 0.1200503697366877, -0.17167391392680242, 0.8542341699196085, 0.26879074101426204, -0.6489521387036055, 0.7314696732446857, 0.21758372057229725, 0.3100527194810907, 0.10449022517571871, 0.5987347937308514, 0.2937800889306319, -0.7460594230622344, 0.2523411059906415, 0.8730179370274236, 0.2893254956570408, -0.8055024368743844, -0.16045672995600357, 0.2238026343167716, 0.7683252001921033]
101.966064453125	(8, 12, 2)	[-0.7561464400640696, 0.44020510969841387, -0.6898555422729453, -0.044237626419467935, 0.4847712640318764, 0.7698929885470367, 0.5221916023532649, 0.6457361422175847, -0.3258359272587952, -0.3032928362392955, 0.04178503775890663, -0.7932051069100123, 0.7836044018318706, -0.12998910885349368, 0.20808505275506461, -0.18680924170553692, 0.9610160194007613, 0.8930732992655676, -0.4192343200847535, -0.4008417685572434, -0.5977087457675898, 0.106188286378182, 0.27820657082582256, -0.41106390699871875, 0.7993319522483551, -0.5041388039002126, -0.9320587550899919, -0.0683151678798136, -0.4836533289612026, -0.03908061455388751, 0.3497947306734297, 0.39860724144635584, 0.8001316781768952, 0.3812638956380774, 0.957831989638088, 0.9945150131884881, -0.0595117685826565, -0.8695596306167321, 0.19545240742115078, -0.16707102692283593, -0.8845999506197648, -0.029555479221692993, -0.17111962254127633, -0.35407559992286797, -0.8318882608248903, 0.6658902130919089, -0.3933560523593014, 0.10929292830222104, -0.05254705168600271, 0.9300962232291494, 0.6927230610098121, 0.19054298438812478, 0.15567411735525893, 0.7983461955952618, 0.1652866160064108, 0.5234338068278025, -0.4015546843133182, 0.22130430432505976, -0.5335976438912646, -0.12076029720245848, -0.2473356545134746, -0.013322170787376075, 0.17527730471477687, -0.17247264527510242, 0.11455526702315288, 0.03554848070765737, -0.8711386432356405, -0.03284536640135394, -0.27041836796495833, -0.8756859742044099, 0.10137460750122917, 0.6243204122662356, 0.5825478064247425, -0.4551199852354082, -0.47281340188614207, 0.4209354450005094, 0.39220854297230634, 0.44373658641749225, -0.9015697958043973, -0.9494475715904147, 0.3736695498416074, -0.4043400179961413, 0.8016978873448306, -0.10169404767010537, 0.9771228075482261, 0.6999585498184324, 0.44109726950836503, 0.5308004301619931, 0.48466942539841606, 0.227877125278154, 0.737408912863661, 0.9701806860297533, -0.4492592366149204, 0.09173086465786096, -0.8715266572241502, 0.8608176652203552, -0.26640956017860185, -0.18329064157265362, -0.9081983676808639, 0.9753246020163198, 0.21169618731636258, 0.7405165525479646, -0.17167391392680242, 0.5907748364753445, 0.7845293405432006, 0.3009212722702177, -0.9526448313477975, 0.7809864061648208, 0.3100527194810907, -0.2702177815611029, 0.5987347937308514, 0.6671920695780416, -0.15217683637217294, 0.7963542040140064, 0.7480397227043738, 0.41415084305646044, -0.3286690090576483, 0.04293073076270448, -0.5054441279381581, -0.3472082631663791]
101.99565887451172	(8, 12, 2)	[-0.9555731796885969, -0.09873531127630786, -0.37218787776374374, 0.3861440123412101, -0.840821456347302, -0.5198888678102078, 0.9403114461673954, 0.5734596296882195, -0.9453587121606573, -0.0714039510672988, 0.6401299344832354, -0.04134397470248374, 0.2568085795629018, -0.6365651841518722, -0.17645270110332478, -0.19862342836145697, 0.3660694623802581, 0.3538529569867461, -0.7643711622498714, 0.5895784507042248, -0.993408130313166, 0.6514777885701672, -0.9852604879830837, -0.41106390699871875, -0.15610702707386404, 0.2419920262666222, -0.562219595599861, 0.6224899068139451, -0.5032448190950622, 0.38278037486748273, 0.8137630031003513, -0.47846636371558504, -0.508043132976344, 0.48896020950837227, 0.789411389187032, -0.8578649978646702, 0.3054820212849596, 0.25519672153455986, -0.6278374479375342, -0.6941286490777412, -0.2261483240003408, -0.3288570393079766, -0.49824866189743755, 0.5371100292282684, 0.5088659571321634, 0.7642976858231387, -0.3933560523593014, -0.9921517305414598, 0.44717563019676887, -0.09431214824623702, -0.46215069795817154, -0.6643862812255983, -0.4244344097438131, 0.9029825713536344, 0.8616088958241175, 0.5213679315782898, 0.9902829789718928, 0.7287693185855479, -0.089936409765913, 0.7401357919703566, 0.3786260774315915, -1.0, -0.3467417035023568, 0.5176464020308895, -0.46658864870248307, 0.05373559455953991, 0.8263519132013231, -0.03284536640135394, 0.759813241497983, 0.2068647557438743, 0.568466145942663, -0.7922748663236296, 0.23593639770021202, -0.9316107119892831, -0.9105155629680179, -0.3736025573494526, 0.5319734959711138, -0.45963015466095647, -0.6678464490143647, -0.9494475715904147, 0.7765992530156587, -0.8452342911628292, -0.0873248655899661, 0.4654442567273669, -0.900835021806075, -0.4984694519610015, 0.05868061267004676, -0.02626322647621504, 0.3051901790539995, 0.23917409071858142, 0.40982056991218574, 0.22436108064506455, -0.47997266119464, 0.3537930822410335, 0.10893506393634178, 0.7739307171016478, -0.8409226381733221, -0.5704748785199243, 0.2962077312775979, -0.7342835568999049, 0.5622314362735943, 0.7844678064722572, 0.40234154974708325, 0.7044626340056259, -0.9443823395378226, 0.20521037144433407, -0.19913013220677178, 0.7800527883127415, -0.4684517273094213, 0.2192557227931368, 0.04961199479596945, 0.29548874683469784, -0.7460594230622344, 0.9353819504484797, -0.887381558176666, 0.4844844798609158, -0.23693124697454127, 0.34403455813132977, 0.4822141690201003, -0.3472082631663791]
101.99099731445312	(8, 12, 2)	[0.49444272122995875, 0.35559773686277646, -0.6790304787861621, 0.3861440123412101, -0.6575750470010773, -0.9020573007796147, -0.5960877849522317, 0.17155460595465621, -0.647715916753417, -0.6332206267327912, 0.41368633331129434, -0.28075630683816044, -0.140802965415864, -0.12998910885349368, -0.38826957113237226, -0.2026442477220185, 0.4423238981236979, 0.4701749438574079, -0.4192343200847535, 0.5895784507042248, -0.993408130313166, -0.09481576894741045, -0.9192586154851577, -0.07145811294941318, -0.15610702707386404, -0.25312223162280545, -0.562219595599861, 0.7906302692105887, -0.13059432260463266, 0.38278037486748273, 0.6677282395646351, 0.44208318410959824, -0.33731989009895336, 0.5976686505615516, 0.411107675486831, 0.47540179861113807, -0.043085192819539486, 0.25519672153455986, 0.0486319849427399, 0.44580665279223, -0.2261483240003408, 0.43288781431870027, -0.493632719312733, 0.5371100292282684, -0.5793861765327775, -0.32016000187525884, -0.3933560523593014, -0.8154791948934415, -0.61411938246246, -0.09431214824623702, -0.46215069795817154, -0.7338751247014046, -0.4507466946799559, -0.9709197272161991, -0.058206430712968826, -0.526331333830947, -0.9672125995567646, 0.13681102378123966, -0.089936409765913, -0.3136500833429441, 0.564490163924952, -0.013322170787376075, -0.3675109877474041, 0.7676399268249736, 0.04672920939498115, 0.03328726628969192, -0.14679632629732997, 0.1736063307233009, -0.9027881239726789, -0.8756859742044099, 0.979166527326123, 0.6243204122662356, 0.9822383000136005, -0.9252365953085568, -0.8864358721285073, -0.6031677941280196, 0.30746060035456446, -0.9534877589574058, 0.3900056892369368, -0.09556239386120297, 0.8363363812912961, 0.26334615441666154, -0.30116728154119743, 0.149400414272844, 0.5485508606914395, -0.8350080950476488, 0.05868061267004676, -0.32272977331706376, 0.3051901790539995, 0.45455471183190665, -0.22307225891944826, -0.3055986112079465, -0.6161552203589893, 0.39813251051759657, 0.4234464104988893, 0.5551332520084922, -0.9369076851581448, 0.9434527347681954, -0.0864255695667615, -0.6429047029837394, -0.6123030864987722, 0.8466097956314431, 0.40234154974708325, 0.26305671972847544, -0.9443823395378226, -0.25494142112119333, 0.9987012834187301, 0.13603950277967636, -0.010917819426883524, 0.2192557227931368, 0.4746042108184765, 0.07154876864800053, 0.024736308577977262, -0.36366021939482107, -0.5217462943919013, -0.12214220209430238, -0.5687943748031139, -0.16045672995600357, -0.25573077505846475, 0.8096540169078026]
101.9854736328125	(8, 12, 2)	[-0.7561464400640696, 0.10146907375508807, 0.42393421753197646, 0.264544203418273, -0.8113064884196859, 0.7847978592772364, -0.6035720623068417, -0.16513175371930178, -0.8663448844726804, 0.20243449705518501, 0.138518660220597, -0.28075630683816044, -0.8741640804205453, -0.8940684633712002, -0.43768916132651636, -0.2026442477220185, -0.6352824122665195, 0.8026613750124723, -0.3900454596107801, 0.5895784507042248, -0.5977087457675898, 0.106188286378182, -0.9852604879830837, -0.07145811294941318, -0.15610702707386404, -0.5041388039002126, -0.14832329850386242, 0.9175625420303235, -0.4836533289612026, 0.61338850656971, -0.9116635559418149, 0.39860724144635584, 0.95936262615242, 0.7932930023011229, -0.9112281306805603, 0.3309015708104084, -0.043085192819539486, 0.28758837813512095, 0.0486319849427399, 0.2180621296528631, -0.6068720002302463, -0.3288570393079766, -0.493632719312733, 0.5371100292282684, 0.5088659571321634, 0.187016911687506, -0.977718860507178, 0.10929292830222104, -0.17331681914650932, -0.9049040817064913, -0.7753008229362859, -0.269719547647816, 0.568797460755418, 0.01682466203541466, 0.8880521646505033, -0.9185903489283236, -0.9672125995567646, 0.22130430432505976, -0.2716661600940111, 0.024411259649773198, 0.3786260774315915, -0.914165551101825, 0.17527730471477687, 0.8889613081516936, -0.46658864870248307, -0.014377419992219753, -0.8446999522876693, 0.27832788088796345, -0.6364174457463277, -0.8014751140674261, 0.5832072199718841, -0.6111018319708221, 0.24566505508652448, -0.4551199852354082, -0.774749090250898, -0.3736025573494526, 0.8024982930023941, 0.44373658641749225, -0.9094782807536952, -0.9494475715904147, 0.313766775610381, -0.5349741129198802, -0.565759483334001, -0.10169404767010537, 0.7124353563262301, -0.5680306413666967, 0.05868061267004676, -0.7971023657804772, 0.8060859265187377, -0.6629699997190612, -0.35624844728256533, -0.5723017430361845, 0.3828721964858457, 0.3656224542920695, -0.3194685116563889, 0.7739307171016478, -0.26640956017860185, -0.39354500258191316, -0.0864255695667615, -0.8501503436009401, 0.5622314362735943, 0.7844678064722572, -0.5807699774845707, 0.4409369124173528, 0.26879074101426204, -0.5668802067384973, 0.8551159574613196, -0.3848011648251457, -0.4684517273094213, 0.58478384468303, 0.4428679562175648, -0.9116711507806381, -0.7460594230622344, 0.2523411059906415, 0.7480397227043738, 0.2287260818590771, -0.47542760120788596, -0.04121335914001567, 0.4822141690201003, 0.10148289303139313]
101.99276733398438	(8, 12, 2)	[0.49444272122995875, 0.6979662020951669, -0.6898555422729453, 0.9037701028871385, -0.719205283821378, 0.7698929885470367, 0.4434620195240655, 0.15393701186737188, -0.9995475984177009, 0.042659757590777, -0.2270584348261382, -0.04134397470248374, 0.03240208303945735, -0.6537245967068379, -0.0964647198268549, 0.5494473263971991, 0.19776312829954468, 0.1821076090680438, 0.044668358233845185, -0.4008417685572434, -0.993408130313166, -0.20685723955834412, -0.9852604879830837, -0.41106390699871875, -0.17906937347987842, 0.6711690899882483, -0.562219595599861, 0.11336907183161213, -0.13059432260463266, 0.9379546516832844, 0.24755691789124423, 0.39860724144635584, 0.1846121127132776, 0.48896020950837227, -0.9112281306805603, 0.011533572030578476, -0.0595117685826565, 0.4105040491605656, 0.295103957871784, 0.2180621296528631, -0.6068720002302463, -0.3288570393079766, -0.8645025205900267, 0.8248278825842865, -0.7035735295134642, 0.7642976858231387, 0.2839577031712823, -0.7722347759597913, -0.05254705168600271, -0.9049040817064913, -0.40580159935584015, -0.3718045286564513, -0.5025341784531256, 0.0965345208646129, -0.058206430712968826, 0.15987763485237583, -0.9672125995567646, 0.13681102378123966, -0.8866207924544696, 0.7158459794108099, 0.10052874234824238, -0.914165551101825, 0.7457854733634752, 0.7676399268249736, 0.4303250347025307, 0.39858451485045, -0.14679632629732997, -0.03284536640135394, -0.6364174457463277, -0.003058641565882869, 0.5156935663603295, 0.20501162393005634, 0.23593639770021202, 0.22456692626248825, 0.7312676302481407, -0.1806792107451607, -0.7481433696290596, -0.702660089864235, 0.8795780692876437, -0.05247543693639689, 0.7765992530156587, 0.406557133250224, -0.8402548984836318, 0.2867932358551568, 0.8687072913172689, 0.6999585498184324, -0.022946625865248663, -0.4578594880969904, 0.48466942539841606, -0.6629699997190612, 0.1020769711574161, 0.22436108064506455, 0.4620299360186635, -0.9109721694627743, -0.9849087608809375, 0.5159806990603693, -0.9369076851581448, 0.9434527347681954, 0.7588342126231349, -0.11966527381518155, -0.6123030864987722, 0.4656148133018527, -0.17167391392680242, -0.7024781462591629, -0.9443823395378226, -0.6489521387036055, 0.8551159574613196, -0.5333191809504712, -0.7732008836149826, -0.25363210247224877, 1.0, 0.29548874683469784, -0.7460594230622344, -0.4954217892221151, -0.5217462943919013, 0.41415084305646044, -0.47542760120788596, 0.2793386046921369, -0.2505464143940299, -0.3472082631663791]
101.98592376708984	(8, 12, 2)	[-0.7561464400640696, 0.6979662020951669, -0.28963869284486754, 0.3861440123412101, 0.953220380759545, 0.7698929885470367, -0.5960877849522317, 0.17155460595465621, -0.647715916753417, 0.042659757590777, -0.03426554886888744, -0.04134397470248374, -0.140802965415864, 0.6129238269626949, -0.0964647198268549, 0.621263049454641, -0.8179493279020613, -0.16364019363312843, 0.10910142135111833, 0.5895784507042248, 0.34509651867006674, 0.106188286378182, -0.7416453944327548, -0.41106390699871875, -0.9826066262512403, -0.3333592958539753, -0.562219595599861, 0.7906302692105887, -0.09133747405175814, 0.9379546516832844, 0.9229900691787047, 0.9448711300364385, -0.48489486946041493, 0.7130699945878374, -0.083831104564251, 0.6367750112819567, -0.05861728089798654, 0.49092789481043475, -0.6358921926792986, 0.2180621296528631, -0.2261483240003408, -0.6908939379689509, -0.493632719312733, 0.4668437048299736, 0.8380006123493751, -0.32016000187525884, -0.3933560523593014, -0.1851540632306088, -0.05254705168600271, -0.7869624431543729, -0.08158214873431113, 0.3413514010732085, 0.15567411735525893, 0.01682466203541466, 0.9253455889146097, 0.15987763485237583, -0.9672125995567646, 0.22130430432505976, -0.5335976438912646, -0.3136500833429441, 0.20001195185088644, 0.5544041312622399, 0.028516226207106365, 0.7676399268249736, -0.5194928875105065, 0.03328726628969192, -0.14679632629732997, 0.27832788088796345, -0.6861644663911428, -0.8756859742044099, 0.6836055335835327, -0.046416310337929145, 0.8512355746985527, -0.6937548635113335, 0.8341371674067976, -0.795823072851159, 0.005922544453491607, -0.29057361788942737, 0.8795780692876437, 0.25569864984343615, 0.313766775610381, -0.8452342911628292, 0.2990899234608446, -0.27632265568582803, 0.06487084721215663, 0.11781930986627875, -0.003691413923475939, 0.5308004301619931, -0.19943976606302272, 0.4058020780444429, 0.2452836317238114, 0.22436108064506455, 0.4620299360186635, -1.0, -1.0, 0.5583140702934293, -0.8137587591820683, -0.839714954664799, -0.0864255695667615, -0.5969298362724746, 0.5622314362735943, 0.7844678064722572, 0.40234154974708325, 0.3854200535715304, 0.7004971718344022, -0.044781841603938756, 0.6906800600343125, -0.5333191809504712, -0.41191400394463606, -0.2702177815611029, 0.4428679562175648, 0.6671920695780416, -0.7460594230622344, -0.36366021939482107, -0.5648320590017342, -0.485655348779261, -0.3286690090576483, -0.08751676975271439, 0.7037568682016035, -0.03828617664446643]
101.99439239501953	(8, 12, 2)	[-0.1975893679430032, 0.9399868333311867, -0.37218787776374374, 0.6740647756075036, -0.840821456347302, 0.4081861963045852, 0.4434620195240655, 0.17155460595465621, -0.9453587121606573, -0.0714039510672988, 0.41368633331129434, -0.28075630683816044, 0.2568085795629018, 0.8243867714951494, -0.17645270110332478, -0.14340378605034432, 0.4423238981236979, 0.8026613750124723, 0.14453606114373851, 0.7765069036847743, 0.10260653206584591, -0.2749004678421086, 0.49970894571731406, -0.41106390699871875, -0.6683021351949525, -0.516572816751662, -0.27762356480036177, -0.1072869959840621, -0.13059432260463266, 0.38278037486748273, 0.9229900691787047, 0.44208318410959824, -0.47080153370561506, 0.31225389998951725, 0.07530665203829656, -0.8578649978646702, 0.44460066153507816, -0.8695596306167321, -0.6358921926792986, 0.3406907315267074, -0.2261483240003408, -0.3288570393079766, -0.565688422262961, 0.5371100292282684, -0.07106316509040189, -0.9994471855291289, -0.10135023224013895, -0.3880285540625885, -0.05374702280013155, -0.09431214824623702, 0.6927230610098121, -0.3718045286564513, -0.08539528966674004, 0.01682466203541466, -0.47140096915739815, -0.9185903489283236, -0.9672125995567646, 0.13681102378123966, -0.5335976438912646, 0.024411259649773198, 0.11030861731293906, -0.914165551101825, -0.8526353010777752, 0.6502102694227012, 0.04672920939498115, 0.07366036652149527, -0.8446999522876693, -0.03284536640135394, 0.7369824617194827, -0.8756859742044099, 0.7642962708357428, 0.4767796633880883, -0.7548652707092232, 0.5707737014453973, 0.5139487896499406, -0.3736025573494526, 0.25895306429558884, 0.839146703885348, -0.16749377181018965, 0.4969451650606318, 0.7765992530156587, -0.5913482633819861, -0.0873248655899661, -0.7944723353406209, 0.06487084721215663, -0.8350080950476488, 0.44109726950836503, -0.32272977331706376, 0.3051901790539995, 0.23917409071858142, 0.40982056991218574, 0.17484651526632122, 0.4620299360186635, 0.39813251051759657, -0.3194685116563889, -0.606551422799505, -0.8409226381733221, -0.5704748785199243, -0.0864255695667615, -0.5969298362724746, 0.5622314362735943, 0.7844678064722572, 0.012625322941859585, -0.26012623389869477, -0.9443823395378226, -0.8033661249817763, 0.6906800600343125, 0.8567407681097872, -0.4684517273094213, 0.58478384468303, 0.0878161160646691, 0.6671920695780416, 0.07493925363333667, -0.6053565783135503, 0.5037653537590532, 0.4844844798609158, -0.23693124697454127, -0.17236785079077774, -0.5054441279381581, 0.8096540169078026]
101.9940414428711	(8, 12, 2)	[-0.1975893679430032, 0.9399868333311867, -0.6790304787861621, 0.7575427108729149, 0.953220380759545, 0.1402835697738392, 0.3047559131533697, 0.15393701186737188, -0.3258359272587952, -0.5128302943281353, 0.08282630116382683, -0.28075630683816044, -0.8741640804205453, -0.16063359073065997, -0.4432607935518541, -0.19862342836145697, 0.8351863192712621, -0.16364019363312843, 0.044668358233845185, -0.2667553935226232, 0.15506452151371142, -0.20685723955834412, -0.11175020510738065, -0.07145811294941318, -0.15610702707386404, -0.25312223162280545, -0.9320587550899919, 0.9737275229084625, 0.3153101002061194, 0.9379546516832844, 0.3497947306734297, 0.9448711300364385, -0.0577480244822548, -0.05711514462128631, 0.07530665203829656, 0.47540179861113807, 0.3054820212849596, -0.8695596306167321, 0.0486319849427399, -0.9161933861172593, 0.7087754070263403, 0.43288781431870027, 0.7675588650761294, 0.5371100292282684, 0.8380006123493751, 0.6658902130919089, 0.48793798367752994, -0.7722347759597913, -0.7862088038115295, -0.6960045136733461, -0.3639569616129352, -0.03063548870797539, -0.4244344097438131, 0.25623728005195856, 0.8616088958241175, -0.9185903489283236, 0.5599044827173011, -0.6379845036602438, -0.43543546313272286, 0.7158459794108099, -0.6776244895987404, -0.013322170787376075, 0.48259822821992926, 0.7676399268249736, 0.04672920939498115, -0.014377419992219753, 0.41664970928308875, -0.03284536640135394, -0.6709176962335144, -0.8501685192738844, 0.6836055335835327, -0.046416310337929145, 0.5825478064247425, -0.9316107119892831, -0.9105155629680179, -0.3736025573494526, 0.8024982930023941, -0.21345491015751605, -0.2874955614541812, 0.4969451650606318, 0.7765992530156587, -0.8452342911628292, -0.30116728154119743, -0.10169404767010537, 0.06487084721215663, -0.8350080950476488, 0.05868061267004676, -0.4578594880969904, 0.6573433019582029, 0.27500827310827525, 0.737408912863661, 0.24040578979452132, -0.26231449436931775, -0.9475349724224627, 0.10893506393634178, 0.31611375588087554, 0.3082962172057504, 0.9434527347681954, 0.8171124569506765, -0.827716440459902, 0.5622314362735943, 0.7405165525479646, -0.17167391392680242, 0.3854200535715304, 0.26879074101426204, 0.16738900742451635, 0.9987012834187301, -0.5333191809504712, -0.01992010218293483, 0.58478384468303, 0.5987347937308514, 0.9982739913275542, 0.07493925363333667, -0.36366021939482107, 0.7480397227043738, 0.4844844798609158, -0.23693124697454127, -0.08751676975271439, -0.5054441279381581, 0.8096540169078026]
101.99539184570312	(8, 12, 2)	[-0.7561464400640696, 0.03018571443917062, -0.37218787776374374, 0.4745090141821357, 0.13081455149899412, 0.37971479922843887, 0.4434620195240655, 0.15393701186737188, -0.44765027816307024, -0.6108243890710192, -0.5276582427240477, -0.8006093963968033, 0.5011256380565724, 0.6129238269626949, -0.43768916132651636, 0.621263049454641, 0.9610160194007613, 0.8026613750124723, -0.4192343200847535, 0.5895784507042248, 0.34509651867006674, 0.106188286378182, -0.9192586154851577, -0.41106390699871875, -0.15610702707386404, -0.3333592958539753, -0.562219595599861, 0.7906302692105887, 0.8959774647274099, 0.8522898440132158, 0.9229900691787047, 0.44208318410959824, -0.508043132976344, 0.2738443361662329, 0.07530665203829656, 0.011533572030578476, -0.043085192819539486, 0.28758837813512095, 0.7502246989294035, 0.2180621296528631, 0.6587741943486101, -0.3288570393079766, -0.8645025205900267, -0.6551477199768811, 0.43448768631418333, 0.6658902130919089, 0.7315649107417539, -0.3880285540625885, -0.05254705168600271, -0.9049040817064913, -0.7753008229362859, 0.19054298438812478, 0.349116392651853, 0.01682466203541466, 0.9299969386135312, 0.041495981222723355, -0.8769565958789384, -0.7916217559307224, -0.5536403587648184, 0.024411259649773198, 0.11030861731293906, 0.5544041312622399, 0.7457854733634752, 0.3254114277586295, 0.4303250347025307, 0.2505803151828967, -0.14679632629732997, -0.24202066854140702, -0.9027881239726789, -0.8756859742044099, 0.7642962708357428, -0.046416310337929145, -0.2820055501303884, -0.6706618661134782, -0.8864358721285073, -0.1806792107451607, -0.42357874220699976, 0.44373658641749225, 0.8795780692876437, 0.4969451650606318, 0.8363363812912961, -0.5349741129198802, -0.0873248655899661, -0.10169404767010537, -0.5568559291459894, -0.17102672275752942, 0.44109726950836503, -0.7835866140506507, 0.8060859265187377, 0.45455471183190665, -0.8417098206376781, 0.5622535223314372, -0.11256117975779834, -0.9475349724224627, -0.3087147682646345, 0.4947694403270281, -0.3106999445573657, 0.9434527347681954, 0.8171124569506765, -0.11966527381518155, -0.6123030864987722, 0.1346621386706799, 0.7101491444698778, 0.3854200535715304, 0.5326576932845146, -0.8033661249817763, -0.7520049853164708, 0.7800527883127415, -0.41191400394463606, -0.2702177815611029, 0.0878161160646691, -0.2620846789874909, 0.02842183296195447, -0.36366021939482107, -0.5648320590017342, 0.2396090936090014, 0.36116305947072025, 0.9913828942536205, 0.9561598276815348, -0.3472082631663791]
101.99346923828125	(8, 12, 2)	[-0.7561464400640696, 0.03018571443917062, -0.6898555422729453, 0.264544203418273, -0.840821456347302, 0.22523794133787933, -0.6035720623068417, -0.662907459165176, -0.3258359272587952, 0.609497517456077, 0.012110707224153971, -0.7932051069100123, -0.8980454039249415, 0.8190347160847922, -0.43768916132651636, -0.9184168561367767, 0.19776312829954468, 0.8026613750124723, -0.3900454596107801, -0.2885776573744113, 0.34509651867006674, -0.20685723955834412, -0.9192586154851577, -0.41106390699871875, -0.15610702707386404, 0.6711690899882483, -0.27762356480036177, -0.1072869959840621, -0.13059432260463266, 0.38278037486748273, 0.9229900691787047, -0.47846636371558504, 0.08181243726850763, -0.05711514462128631, -0.4239029007304911, -0.6195789451756738, -0.05651948975456469, 0.9387120669379059, -0.6288897907839617, -0.6941286490777412, -0.2261483240003408, -0.3288570393079766, -0.8645025205900267, 0.5371100292282684, -0.5758198388530269, 0.06881517666174863, 0.7315649107417539, -0.1851540632306088, -0.05254705168600271, -0.9049040817064913, -0.40580159935584015, -0.9655479230333877, 0.19150462559937198, -0.9900770271586032, 0.9299969386135312, -0.38534737166917976, -0.9894825371142111, -0.8969460542420968, -0.5335976438912646, 0.7158459794108099, 0.10052874234824238, 0.5544041312622399, -0.8526353010777752, 0.47881731848678943, -0.5194928875105065, -0.23031334208835008, -0.14679632629732997, 0.1736063307233009, 0.759813241497983, -0.8756859742044099, 0.4064744968547034, 0.20501162393005634, -0.643408865645583, -0.9252365953085568, -0.47281340188614207, -0.795823072851159, 0.5711090413082176, -0.6128808537709302, 0.7983903396450789, 0.4969451650606318, 0.313766775610381, -0.8452342911628292, -0.0873248655899661, -0.27632265568582803, 0.9674381327012335, 0.6999585498184324, 0.44109726950836503, 0.19927638961226712, 0.6573433019582029, 0.4058020780444429, 0.737408912863661, -0.03504080218388017, -0.26231449436931775, 0.39813251051759657, -0.3087147682646345, -0.606551422799505, 0.5010684446363611, -0.39354500258191316, 0.5057113039868426, -0.11966527381518155, -0.6123030864987722, 0.1346621386706799, -0.5083874121103549, 0.3854200535715304, 0.7004971718344022, 0.20521037144433407, -0.19913013220677178, -0.5333191809504712, -0.49509199108741664, -0.25363210247224877, 0.4746042108184765, 0.2937800889306319, 0.9763175931732202, -0.4954217892221151, 0.26424996976622395, 0.3920266528706753, -0.6408727200999531, -0.04121335914001567, -0.5054441279381581, -0.3472082631663791]
101.99243927001953	(8, 12, 2)	[0.49444272122995875, 0.9399868333311867, -0.6898555422729453, 0.6740647756075036, -0.07070832404247285, -0.5198888678102078, -0.8574541489785248, 0.17155460595465621, -0.9370265048506757, 0.042659757590777, -0.5276582427240477, -0.28075630683816044, -0.140802965415864, 0.6129238269626949, -0.43768916132651636, -0.14340378605034432, 0.8351863192712621, 0.3538529569867461, -0.4192343200847535, 0.5895784507042248, -1.0, -0.20685723955834412, -0.11175020510738065, -0.41106390699871875, -0.15610702707386404, -0.5041388039002126, -0.27762356480036177, -0.1072869959840621, 0.6448707460010037, -0.03908061455388751, 0.9229900691787047, -0.47846636371558504, -0.33731989009895336, 0.5976686505615516, 0.35720643126229734, -0.6195789451756738, -0.05861728089798654, 0.49092789481043475, -0.6358921926792986, -0.9161933861172593, -0.6068720002302463, -0.3288570393079766, -0.493632719312733, 0.5371100292282684, 0.5088659571321634, 0.48019028662711416, 0.48793798367752994, -1.0, -0.17331681914650932, 0.9300962232291494, 0.026787412180263148, -0.269719547647816, 0.568797460755418, 0.3219266373084879, 0.8616088958241175, -0.38534737166917976, -0.9672125995567646, 0.13681102378123966, -0.089936409765913, 0.74986929061636, -0.6776244895987404, 0.5544041312622399, 0.17527730471477687, 0.47881731848678943, 0.5777347763337131, 0.03328726628969192, -0.12556854221652802, 0.27832788088796345, -0.5630938696510078, -0.8756859742044099, 0.6836055335835327, -0.046416310337929145, -0.2820055501303884, -0.9316107119892831, -0.8864358721285073, -0.6031677941280196, 0.30746060035456446, -0.6128808537709302, 0.3900056892369368, 0.25569864984343615, 0.672750822140727, -0.8452342911628292, -0.30116728154119743, -0.10169404767010537, 0.8644063815910495, -0.12058641149119696, 0.05868061267004676, -0.02626322647621504, 0.3051901790539995, 0.4058020780444429, 0.2452836317238114, -0.6812180604763582, -0.11256117975779834, -0.628780284176538, -0.3087147682646345, 0.5583140702934293, -0.9369076851581448, -0.839714954664799, 0.8171124569506765, -0.5969298362724746, 0.5622314362735943, 0.1346621386706799, -0.09783847048102795, -0.6353943403072675, 0.5556056820109538, 0.20637343695699997, 0.6906800600343125, -0.06812604794043686, -0.7732008836149826, 0.2192557227931368, 0.4746042108184765, -0.4468049441458115, 0.07493925363333667, 0.2755214962184691, -0.5217462943919013, 0.2396090936090014, -0.6408727200999531, 0.40867882829783087, -0.25573077505846475, 0.7683252001921033]
101.99620056152344	(8, 12, 2)	[-0.4235573087709288, 0.6979662020951669, -0.6898555422729453, 0.4745090141821357, -0.8113064884196859, -0.3797180868767145, 0.3047559131533697, 0.2088422106932026, -0.9453587121606573, 0.042659757590777, -0.5276582427240477, -0.8006093963968033, 0.2568085795629018, -0.16063359073065997, -0.43768916132651636, -0.19862342836145697, -0.6352824122665195, 0.8026613750124723, 0.10910142135111833, 0.5895784507042248, 0.15506452151371142, -0.43953075089663995, 0.49970894571731406, -0.41106390699871875, -0.15610702707386404, -0.25312223162280545, -0.562219595599861, 0.9737275229084625, -0.13059432260463266, 0.38278037486748273, 0.24755691789124423, -0.47846636371558504, -0.0577480244822548, 0.7130699945878374, 0.07530665203829656, 0.47540179861113807, -0.05651948975456469, -0.8695596306167321, 0.295103957871784, -0.5715245393723016, -0.2261483240003408, 0.43288781431870027, 0.9375112725222083, 0.39829584267182594, 0.5088659571321634, 0.187016911687506, 0.4341191640131201, -0.1851540632306088, -0.7862088038115295, -0.9739526430388374, 0.026787412180263148, 0.19054298438812478, -0.4244344097438131, -0.9900770271586032, 0.8616088958241175, -0.38534737166917976, -0.9971791768441997, 0.13681102378123966, -0.5335976438912646, 0.7158459794108099, 0.564490163924952, 0.6566783394865472, -0.9403025773278082, -0.8362119549971843, 0.5777347763337131, 0.3325207439424289, -0.12556854221652802, -0.03284536640135394, 0.759813241497983, -0.8756859742044099, 0.6836055335835327, 0.6243204122662356, -0.23147893363219696, -0.9252365953085568, -0.9105155629680179, -0.1806792107451607, 0.5458878550650504, -0.7301568764210744, 0.7983903396450789, 0.021530279209253766, 0.7765992530156587, -0.5349741129198802, -0.0873248655899661, -0.27632265568582803, -0.5568559291459894, 0.6999585498184324, 0.44109726950836503, 0.3072183630863643, 0.48466942539841606, 0.4058020780444429, 0.737408912863661, -0.03504080218388017, -0.44501691096847784, -0.8819421227954118, -0.2906275646293479, -0.606551422799505, -0.8409226381733221, -0.7026717885459439, -0.11887349727214569, -0.11966527381518155, 0.21169618731636258, 0.1681956005504528, 0.012625322941859585, -0.5741687016489592, 0.26879074101426204, -0.021638361365354797, -0.9526448313477975, 0.7800527883127415, 0.9134497523216256, -0.2702177815611029, 0.6631340433957605, 0.2937800889306319, -0.7460594230622344, -0.5278111663727834, 0.7480397227043738, 0.2893254956570408, -0.23693124697454127, 0.9913828942536205, -0.26018389119896024, -0.8139685404650783]
101.99113464355469	(8, 12, 2)	[-0.1975893679430032, 0.9399868333311867, 0.13343523491802656, 0.5355388452093401, -0.4946179877708289, 0.7698929885470367, 0.4434620195240655, -0.662907459165176, -0.6530964228683587, -0.0714039510672988, -0.5276582427240477, -0.28075630683816044, -0.8741640804205453, 0.6129238269626949, -0.38826957113237226, -0.21980422222392815, -0.8179493279020613, 0.8026613750124723, 0.10910142135111833, -0.3705274564896663, 0.34509651867006674, -0.43953075089663995, -0.9192586154851577, -0.8966652501929149, -0.17906937347987842, -0.25312223162280545, 0.6605187395774235, -0.1072869959840621, -0.4836533289612026, -0.5438422221212303, 0.47096475013465366, 0.44208318410959824, -0.47080153370561506, -0.3849059897417546, 0.957831989638088, 0.6627008634021945, -0.0595117685826565, -0.19812411117170492, 0.0486319849427399, -0.6941286490777412, -0.2261483240003408, -0.3288570393079766, -0.493632719312733, 0.39829584267182594, -0.36570358100300243, -0.04022594358164078, 0.044077779953584084, 0.10929292830222104, -0.05254705168600271, -0.9739526430388374, 0.6927230610098121, 0.19054298438812478, 0.349116392651853, 0.01682466203541466, 0.9299969386135312, 0.15987763485237583, -0.9672125995567646, 0.13681102378123966, -0.5335976438912646, 0.7158459794108099, 0.3631110468593408, 0.6566783394865472, -0.8526353010777752, 0.7676399268249736, -0.11448206750978152, 0.9482063219614612, -0.14679632629732997, -0.03284536640135394, -0.27041836796495833, 0.2068647557438743, 0.7642962708357428, 0.5764274135043106, -0.7548652707092232, -0.4551199852354082, -0.8864358721285073, -0.008501637487417835, 0.25895306429558884, 0.44373658641749225, 0.8795780692876437, -0.9494475715904147, 0.8363363812912961, -0.5349741129198802, -0.30116728154119743, -0.10169404767010537, -0.5568559291459894, -0.4995821119962838, 0.05868061267004676, -0.02626322647621504, 0.6573433019582029, 0.3260869187309514, 0.737408912863661, -0.6415261424459768, -0.44501691096847784, -0.957143476290133, -0.3194685116563889, -0.6139903111037365, -0.9369076851581448, -0.39354500258191316, -0.9081983676808639, 0.3576275218813978, 0.5622314362735943, 0.1256075675738833, 0.3249363661097724, 0.3854200535715304, -0.39129217702357644, 0.16738900742451635, 0.7314696732446857, 0.7800527883127415, -0.41191400394463606, 0.10449022517571871, 0.5987347937308514, 0.2937800889306319, -0.7460594230622344, 0.9353819504484797, -0.5217462943919013, -0.12214220209430238, -0.6408727200999531, 0.9913828942536205, -0.25573077505846475, 0.7683252001921033]
101.98113250732422	(8, 12, 2)	[-0.7561464400640696, 0.6979662020951669, 0.13343523491802656, 0.3861440123412101, -0.07070832404247285, -0.10858350246773016, 0.3598699355341646, 0.4633452758412129, -0.44765027816307024, 0.042659757590777, 0.32175695523847797, -0.7750669048790726, 0.7836044018318706, 0.8190347160847922, 0.20808505275506461, 0.47454327064314783, -0.6352824122665195, 0.8026613750124723, 0.5696548785654558, 0.5895784507042248, -1.0, -0.20685723955834412, 0.3539905680505582, -0.07145811294941318, -0.9826066262512403, -0.516572816751662, -0.562219595599861, -0.1072869959840621, -0.4978038440106181, 0.8240934429164091, 0.24755691789124423, -0.47846636371558504, -0.33731989009895336, 0.48896020950837227, 0.07530665203829656, 0.6367750112819567, 0.3054820212849596, 0.37595840166395167, 0.9486780809700344, 0.2180621296528631, -0.6068720002302463, -0.3288570393079766, -0.5188363563560685, 0.7540032403715526, 0.5088659571321634, 0.6658902130919089, 0.4341191640131201, -0.7463849318012866, 0.33071865689022617, 0.9300962232291494, 0.026787412180263148, -0.269719547647816, 0.19150462559937198, -0.9900770271586032, 0.9299969386135312, -0.38534737166917976, -0.9672125995567646, 0.22130430432505976, -0.5335976438912646, 0.024411259649773198, -0.6776244895987404, -1.0, -0.7852870307047796, -0.30526017679382655, -0.5194928875105065, 0.538168242308261, -0.14679632629732997, -0.03284536640135394, -0.27041836796495833, -0.003058641565882869, 0.6836055335835327, 0.5764274135043106, 0.9822383000136005, -0.9316107119892831, -0.8864358721285073, -0.008501637487417835, 0.5711090413082176, -0.702660089864235, -0.9015697958043973, -0.9494475715904147, 0.7963141016440648, -0.09334653881540755, 0.5851067060393647, -0.13687522849639777, -0.6840973101728713, -0.4995821119962838, 0.39543103844383654, 0.3072183630863643, 0.6573433019582029, 0.45455471183190665, -0.8417098206376781, -0.6812180604763582, -0.26231449436931775, -0.7459175018346984, -0.3194685116563889, 0.7739307171016478, -0.8137587591820683, -0.7404935062306675, 0.5057113039868426, 0.3576275218813978, 0.5808169496449065, 0.7405165525479646, -0.5807699774845707, -0.7024781462591629, 0.5556056820109538, -0.5668802067384973, 0.6906800600343125, 0.7800527883127415, 0.7134494689040182, -0.2702177815611029, 0.0878161160646691, -0.06489667799685805, 0.8362861565301873, -0.36366021939482107, 0.26424996976622395, -0.675102791197512, -0.6408727200999531, 0.2793386046921369, -0.25573077505846475, -0.8139685404650783]
101.98815155029297	(8, 12, 2)	[-0.1975893679430032, -0.09873531127630786, -0.5443958865233851, 0.9037701028871385, 0.13081455149899412, 0.22523794133787933, 0.4434620195240655, 0.15393701186737188, -0.9995475984177009, -0.6332206267327912, 0.3861146899512189, -0.1241866503875053, 0.47914149012280394, 0.8190347160847922, -0.17645270110332478, 0.5494473263971991, 0.19776312829954468, 0.8026613750124723, -0.3809681313197264, 0.5895784507042248, 0.21293665610116372, 0.106188286378182, -0.47101675222950035, -0.07145811294941318, -0.15610702707386404, 0.2419920262666222, -0.562219595599861, -0.9128735815902687, -0.4836533289612026, 0.7468571205058292, 0.24755691789124423, 0.9448711300364385, -0.0577480244822548, 0.22703795302023333, 0.07530665203829656, 0.011533572030578476, 0.3054820212849596, 0.49092789481043475, 0.0486319849427399, 0.33765979583925865, -0.2261483240003408, -0.029555479221692993, -0.493632719312733, 0.4668437048299736, 0.8380006123493751, 0.48019028662711416, -0.3933560523593014, -0.1851540632306088, -0.17331681914650932, -0.6960045136733461, 0.16204530092055003, -0.269719547647816, -0.5025341784531256, 0.9029825713536344, -0.26562624151714265, -0.526331333830947, -1.0, 0.22130430432505976, -0.5335976438912646, 0.024411259649773198, 0.42081619059967307, 0.44599762607676213, 0.1389702781153297, 0.47881731848678943, 0.4303250347025307, -0.2514927258615389, -0.8446999522876693, -0.03284536640135394, -0.27041836796495833, -0.8756859742044099, 0.9290674785236719, 0.4767796633880883, -0.7548652707092232, 0.7441380127461802, -0.8864358721285073, -0.795823072851159, 0.5139008151045984, -0.29057361788942737, -0.9129089565363495, 0.7053837800634333, 0.313766775610381, -0.5349741129198802, 0.5851067060393647, -0.27632265568582803, -0.900835021806075, -0.17102672275752942, 0.44109726950836503, -0.7835866140506507, 0.6573433019582029, -0.47136708635697144, 0.4171357230971855, 0.5513250955961273, 0.4620299360186635, -0.5905639242352851, -0.3087147682646345, 0.5583140702934293, -0.9369076851581448, -0.39354500258191316, -0.0864255695667615, -0.9437022318202488, -0.6123030864987722, 0.1346621386706799, -0.36311530858128993, -0.7024781462591629, 0.5718663218767751, -0.8033661249817763, 0.7314696732446857, -0.6366800627149207, 0.8832551900204544, 0.58478384468303, 0.4746042108184765, -0.06489667799685805, 0.024736308577977262, -0.36366021939482107, -0.5217462943919013, -0.485655348779261, -0.3286690090576483, -0.0994254032509132, 0.9561598276815348, 0.7683252001921033]
101.99423217773438	(8, 12, 2)	[-0.6204512570982849, 0.03018571443917062, -0.6790304787861621, 0.9037701028871385, 0.4847712640318764, 0.37971479922843887, 0.3047559131533697, 0.17155460595465621, -0.6792748900122018, -0.0714039510672988, 0.7584602597440192, -0.7735340137812177, 0.47914149012280394, 0.8190347160847922, -0.38826957113237226, -0.18680924170553692, 0.19776312829954468, 0.3538529569867461, 0.6473911296609678, -0.2667553935226232, 0.21293665610116372, 0.106188286378182, -0.7416453944327548, -0.41106390699871875, -0.9826066262512403, -0.3048299020520744, -0.36382273945339333, 0.6224899068139451, 0.6448707460010037, 0.9379546516832844, 0.24755691789124423, 0.7789748436588213, -0.33731989009895336, -0.4009042462592758, -0.4239029007304911, 0.011533572030578476, 0.3054820212849596, 0.49092789481043475, 0.0486319849427399, 0.44580665279223, -0.2261483240003408, 0.43288781431870027, -0.565688422262961, 0.5371100292282684, 0.5088659571321634, 0.6658902130919089, 0.4341191640131201, -0.1851540632306088, -0.05254705168600271, -0.9739526430388374, -0.7753008229362859, -0.269719547647816, 0.19150462559937198, 0.7644451419394355, 0.8616088958241175, 0.5582072936446831, -0.9672125995567646, 0.22130430432505976, -0.2716661600940111, 0.7158459794108099, 0.3631110468593408, 0.5544041312622399, 0.17527730471477687, 0.47881731848678943, 0.04672920939498115, 0.03328726628969192, -0.8446999522876693, -0.3042347139448635, -0.6861644663911428, -0.8501685192738844, 0.6836055335835327, -0.046416310337929145, -0.7548652707092232, -0.8666693446963067, -0.9105155629680179, -0.6031677941280196, 0.8306211199955189, 1.0, -0.2874955614541812, -0.9494475715904147, 0.7963141016440648, -0.5282712140152727, 0.5851067060393647, -0.27632265568582803, -0.5568559291459894, -0.5680306413666967, 0.05868061267004676, -0.1694404237406737, 0.6573433019582029, 0.7781334723696853, -0.2054695094472754, 0.5513250955961273, 0.4620299360186635, -0.8819421227954118, -0.8715266572241502, 0.5583140702934293, -0.9369076851581448, -0.39354500258191316, 0.8171124569506765, -0.8690385110249315, 0.21169618731636258, 0.1681956005504528, -0.5083874121103549, 0.3854200535715304, 0.0885638632078567, -0.6489521387036055, 0.9987012834187301, -0.7595382436734968, -0.3219600052936429, -0.9930456129824319, 0.0878161160646691, 0.6671920695780416, 0.8362861565301873, 0.9353819504484797, -0.5217462943919013, 0.2396090936090014, -0.47542760120788596, -0.16045672995600357, -0.25573077505846475, -0.8139685404650783]
101.74525451660156	(8, 12, 2)	[-0.7561464400640696, 0.6562265537679539, -0.2623638468104097, 0.264544203418273, -0.6575750470010773, -0.5198888678102078, 0.4434620195240655, 0.17155460595465621, -0.3258359272587952, -0.0714039510672988, -0.03426554886888744, -0.8006093963968033, -0.140802965415864, 0.6129238269626949, -0.6170280161839288, 0.621263049454641, 0.8351863192712621, 0.8026613750124723, 0.10910142135111833, 0.5895784507042248, -0.6726778194138714, -0.16294426152745897, -0.9192586154851577, -0.41106390699871875, -0.15610702707386404, 0.6711690899882483, -0.562219595599861, 0.6224899068139451, -0.13059432260463266, 0.7468571205058292, 0.24755691789124423, -0.47846636371558504, 0.18228993737272164, -0.05711514462128631, -0.4239029007304911, 0.48102820152134496, -0.05651948975456469, -0.8695596306167321, 0.0486319849427399, -0.6941286490777412, 0.8952397090707211, 0.6060974378237403, -0.17111962254127633, 0.5371100292282684, 0.5847194394050534, 0.06881517666174863, 0.48793798367752994, -0.7463849318012866, -0.7862088038115295, -0.9739526430388374, -0.46215069795817154, -0.9655479230333877, -0.5025341784531256, -0.9900770271586032, -0.26562624151714265, -0.526331333830947, 0.9902829789718928, 0.19863451260130485, -0.4821578384851283, 0.7158459794108099, 0.3631110468593408, 0.6566783394865472, 0.17527730471477687, 0.7676399268249736, 0.5777347763337131, -0.014377419992219753, -0.8446999522876693, -0.3042347139448635, -0.27041836796495833, -0.8756859742044099, 0.5832072199718841, 0.6243204122662356, -0.2820055501303884, -0.8666693446963067, -0.8864358721285073, -0.6031677941280196, 0.30746060035456446, -0.702660089864235, 0.7983903396450789, -0.9494475715904147, 0.313766775610381, -0.8452342911628292, 0.06972771153469948, -0.7435432680672043, -0.5568559291459894, -0.5680306413666967, 0.05868061267004676, 0.5308004301619931, 0.48466942539841606, 0.3054414848700936, 0.737408912863661, 0.24040578979452132, -0.5616977547639268, -0.9475349724224627, -0.3194685116563889, 0.7739307171016478, -0.8409226381733221, -0.7026717885459439, -0.9081983676808639, 0.3576275218813978, -0.6377731317767044, 0.7405165525479646, -0.17167391392680242, 0.4409369124173528, 0.6041498407504959, -0.021638361365354797, 0.6049858707156839, 0.7800527883127415, 0.9134497523216256, -0.2763876502925995, 0.5987347937308514, 0.2937800889306319, 0.8362861565301873, -0.36366021939482107, -0.5648320590017342, 0.41415084305646044, -0.3286690090576483, -0.16045672995600357, 0.7037568682016035, 0.018064396840993674]
101.99584197998047	(8, 12, 2)	[-0.7901699045972349, 0.03018571443917062, -0.6898555422729453, 0.3687874108997118, 0.5461088729271162, -0.9020573007796147, 0.3460261455732705, 0.15393701186737188, -0.44765027816307024, 0.042659757590777, -0.5276582427240477, -0.8006093963968033, 0.2568085795629018, 0.8190347160847922, 0.05773193553242692, -0.14340378605034432, -0.5052841830268948, 0.3538529569867461, 0.10910142135111833, 0.4631528739642259, -0.80442119627666, 0.106188286378182, -0.9192586154851577, -0.41106390699871875, -0.9826066262512403, -0.516572816751662, -0.562219595599861, -0.005841704289028776, -0.4836533289612026, 1.0, 0.24755691789124423, 0.9448711300364385, -0.33731989009895336, -0.05711514462128631, 0.07530665203829656, 0.011533572030578476, 0.3054820212849596, -0.8695596306167321, 0.0486319849427399, -0.6941286490777412, -0.2261483240003408, 0.6060974378237403, -0.8645025205900267, 0.33912183952253455, 0.9984299099818361, 0.06881517666174863, -0.3933560523593014, 0.10929292830222104, -0.7862088038115295, -0.7676848520151915, 0.16204530092055003, 0.19054298438812478, -0.5025341784531256, 0.01682466203541466, 0.9253455889146097, -0.526331333830947, -0.9672125995567646, -0.7916217559307224, -0.089936409765913, 0.7158459794108099, 0.564490163924952, 0.5544041312622399, 0.7457854733634752, 0.8889613081516936, -0.11448206750978152, 0.3325207439424289, -0.14679632629732997, -0.004882183497625356, -0.27041836796495833, -0.8756859742044099, 0.27106761261940804, 0.6243204122662356, -0.23147893363219696, -0.3733118201022239, -0.8864358721285073, -0.1806792107451607, 0.25895306429558884, 0.44373658641749225, -0.2874955614541812, 0.4969451650606318, 0.8363363812912961, -0.4043400179961413, -0.30116728154119743, -0.27632265568582803, -0.27021574980324137, 0.6999585498184324, 0.05868061267004676, 0.24348098116440858, 0.49814299220159897, 0.27500827310827525, 0.893808997288137, 0.5513250955961273, -0.44501691096847784, 0.06368119900505076, -0.3194685116563889, 0.7739307171016478, -0.9369076851581448, -0.5704748785199243, -0.0864255695667615, 0.05595832587299443, 0.21169618731636258, 0.1681956005504528, 0.0012046948732887357, 0.3854200535715304, 0.0885638632078567, -0.021638361365354797, -0.6431802377361494, -0.6366800627149207, -0.7732008836149826, 0.58478384468303, 0.446315288077182, 0.6671920695780416, 0.07493925363333667, 0.33533426367326924, -0.5217462943919013, -0.675102791197512, -0.3286690090576483, -0.0994254032509132, -0.25573077505846475, -0.3472082631663791]
101.99623107910156	(8, 12, 2)	[-0.7420948616607411, 0.03018571443917062, -0.37218787776374374, 0.6740647756075036, 0.5461088729271162, -0.9020573007796147, 0.3460261455732705, -0.16513175371930178, -0.44765027816307024, 0.042659757590777, -0.5276582427240477, -0.785030177072848, 0.7603727017672992, 0.6129238269626949, 0.20808505275506461, 0.5494473263971991, -0.6352824122665195, 0.3538529569867461, 0.10910142135111833, -0.4991747264302348, -0.6726778194138714, 0.106188286378182, -0.9192586154851577, -0.41106390699871875, -0.15610702707386404, -0.3048299020520744, -0.44444352446798474, -0.005841704289028776, 0.6448707460010037, 0.44868268826050206, 0.4337622538893527, 0.7789748436588213, -0.0577480244822548, -0.05711514462128631, 0.957831989638088, 0.9945150131884881, 0.3054820212849596, 0.4105040491605656, 0.0486319849427399, 0.2180621296528631, -0.2261483240003408, 0.6060974378237403, -0.565688422262961, 0.5371100292282684, 0.5088659571321634, 0.187016911687506, 0.48793798367752994, -0.9921517305414598, -0.05374702280013155, -0.9076148186435239, -0.7753008229362859, -0.9271530214189667, -0.5025341784531256, 0.7644451419394355, 0.9253455889146097, 0.5582072936446831, 0.9902829789718928, 0.22130430432505976, -0.5536403587648184, -0.3136500833429441, 0.7116368364253582, 0.4824403838099515, 0.028516226207106365, 0.47881731848678943, -0.11448206750978152, 0.03328726628969192, -0.12556854221652802, -0.3042347139448635, -0.7192357107936629, -0.8501685192738844, 0.6836055335835327, -0.046416310337929145, -0.7548652707092232, -0.4551199852354082, -0.8864358721285073, -0.3736025573494526, 0.8024982930023941, -0.6128808537709302, -0.2874955614541812, 0.7046269685602361, 0.8363363812912961, -0.5282712140152727, -0.30116728154119743, -0.7843080857819966, -0.6840973101728713, 0.6999585498184324, 0.17399222283424076, -0.1694404237406737, 0.48466942539841606, 0.27500827310827525, -0.5019393613669918, 0.6923709330556114, -0.11256117975779834, -0.957143476290133, -0.3087147682646345, 0.470643090705934, -0.9369076851581448, -0.5704748785199243, 0.8171124569506765, -0.11966527381518155, 0.21169618731636258, 0.1681956005504528, -0.36311530858128993, 0.3854200535715304, 0.0885638632078567, -0.6489521387036055, -0.7520049853164708, -0.5333191809504712, -0.3219600052936429, 0.58478384468303, 0.446315288077182, 0.9982739913275542, 0.8362861565301873, 0.9353819504484797, 0.7480397227043738, 0.3920266528706753, -0.47542760120788596, -0.04121335914001567, 0.8579408573309524, 0.018064396840993674]
101.996337890625	(8, 12, 2)	[-0.7420948616607411, 0.03018571443917062, -0.37218787776374374, 0.6740647756075036, 0.5461088729271162, -0.9020573007796147, 0.3460261455732705, -0.16513175371930178, -0.44765027816307024, 0.042659757590777, -0.5276582427240477, -0.785030177072848, 0.7603727017672992, 0.6129238269626949, 0.20808505275506461, 0.5494473263971991, -0.6352824122665195, 0.3538529569867461, 0.10910142135111833, -0.4991747264302348, -0.6726778194138714, 0.106188286378182, -0.9192586154851577, -0.41106390699871875, -0.15610702707386404, -0.3048299020520744, -0.44444352446798474, -0.005841704289028776, 0.6448707460010037, 0.44868268826050206, 0.4337622538893527, 0.7789748436588213, -0.0577480244822548, -0.05711514462128631, 0.957831989638088, 0.9945150131884881, 0.3054820212849596, 0.4105040491605656, 0.0486319849427399, 0.2180621296528631, -0.2261483240003408, 0.6060974378237403, -0.565688422262961, 0.5371100292282684, 0.5088659571321634, 0.187016911687506, 0.48793798367752994, -0.9921517305414598, -0.05374702280013155, -0.9076148186435239, -0.7753008229362859, -0.9271530214189667, -0.5025341784531256, 0.7644451419394355, 0.9253455889146097, 0.5582072936446831, 0.9902829789718928, 0.22130430432505976, -0.5536403587648184, -0.3136500833429441, 0.7116368364253582, 0.4824403838099515, 0.028516226207106365, 0.47881731848678943, -0.11448206750978152, 0.03328726628969192, -0.12556854221652802, -0.3042347139448635, -0.7192357107936629, -0.8501685192738844, 0.6836055335835327, -0.046416310337929145, -0.7548652707092232, -0.4551199852354082, -0.8864358721285073, -0.3736025573494526, 0.8024982930023941, -0.6128808537709302, -0.2874955614541812, 0.7046269685602361, 0.8363363812912961, -0.5282712140152727, -0.30116728154119743, -0.7843080857819966, -0.6840973101728713, 0.6999585498184324, 0.17399222283424076, -0.1694404237406737, 0.48466942539841606, 0.27500827310827525, -0.5019393613669918, 0.6923709330556114, -0.11256117975779834, -0.957143476290133, -0.3087147682646345, 0.470643090705934, -0.9369076851581448, -0.5704748785199243, 0.8171124569506765, -0.11966527381518155, 0.21169618731636258, 0.1681956005504528, -0.36311530858128993, 0.3854200535715304, 0.0885638632078567, -0.6489521387036055, -0.7520049853164708, -0.5333191809504712, -0.3219600052936429, 0.58478384468303, 0.446315288077182, 0.9982739913275542, 0.8362861565301873, 0.9353819504484797, 0.7480397227043738, 0.3920266528706753, -0.47542760120788596, -0.04121335914001567, 0.8579408573309524, 0.018064396840993674]
101.9947509765625	(8, 12, 2)	[-0.7420948616607411, -0.12139572628108844, -0.6898555422729453, 0.9037701028871385, -0.719205283821378, 0.37971479922843887, -0.6035720623068417, 0.17155460595465621, -0.44765027816307024, -0.0714039510672988, 0.41368633331129434, -0.8006093963968033, -0.140802965415864, 0.6129238269626949, 0.05773193553242692, 0.5494473263971991, 0.8351863192712621, 0.8026613750124723, 0.15529981044037489, 0.7765069036847743, 0.21293665610116372, -0.20685723955834412, 0.9073151021107744, -0.3921810281721382, -0.15610702707386404, -0.25312223162280545, -0.27762356480036177, 0.6224899068139451, -0.13059432260463266, 0.4423388175616907, 0.47096475013465366, 0.7789748436588213, -0.0577480244822548, -0.05711514462128631, -0.4239029007304911, -0.003165804434684786, -0.05651948975456469, -0.8695596306167321, 0.0486319849427399, -0.6719615704492086, 0.8952397090707211, 0.43288781431870027, -0.565688422262961, 0.4668437048299736, 0.5088659571321634, 0.6658902130919089, 0.48793798367752994, 0.10929292830222104, -0.05374702280013155, -0.9739526430388374, -0.7753008229362859, -0.9655479230333877, 0.19150462559937198, -0.9900770271586032, 0.8880521646505033, 0.5582072936446831, 0.9902829789718928, 0.22130430432505976, -0.4821578384851283, 0.7158459794108099, 0.7116368364253582, 0.5544041312622399, -0.8526353010777752, -0.8362119549971843, -0.11448206750978152, 0.03328726628969192, -0.14679632629732997, 0.3765148219524832, 0.759813241497983, -1.0, 0.6836055335835327, 0.6243204122662356, 0.9822383000136005, -0.8666693446963067, 0.8341371674067976, -0.008501637487417835, 0.30746060035456446, 0.44373658641749225, 0.8795780692876437, -0.9494475715904147, 0.313766775610381, -0.4043400179961413, -0.30116728154119743, -0.27632265568582803, -0.27021574980324137, -0.0471139466051127, -0.003691413923475939, 0.5308004301619931, 0.6297829529306979, 0.4058020780444429, -0.2054695094472754, 0.5513250955961273, -0.5616977547639268, -0.9475349724224627, -0.3087147682646345, 0.7739307171016478, -0.8409226381733221, -0.7404935062306675, -0.0864255695667615, -0.8690385110249315, 0.21169618731636258, 0.7405165525479646, 0.012625322941859585, 0.3854200535715304, -0.39129217702357644, -0.021638361365354797, 0.7314696732446857, 0.7800527883127415, 0.9134497523216256, -0.2763876502925995, 0.7182973198484819, 0.6671920695780416, 0.6533557920442306, 0.2755214962184691, -0.5648320590017342, 0.41415084305646044, -0.3286690090576483, -0.16045672995600357, 0.7037568682016035, 0.018064396840993674]
101.99088287353516	(8, 12, 2)	[-0.1975893679430032, 0.9399868333311867, -0.5117955043815896, 0.3861440123412101, -0.6575750470010773, -0.9020573007796147, 0.2625719510035334, 0.17155460595465621, -0.44765027816307024, -0.6332206267327912, 0.32175695523847797, -0.8006093963968033, 0.47914149012280394, -0.0005270447745034934, 0.05773193553242692, 0.5494473263971991, 0.19776312829954468, 0.3538529569867461, 0.10910142135111833, 0.4631528739642259, -0.80442119627666, 0.106188286378182, -0.11175020510738065, -0.41106390699871875, -0.15610702707386404, -0.3048299020520744, -0.9320587550899919, 0.6224899068139451, -0.13059432260463266, 0.8240934429164091, 0.24755691789124423, 0.2560860085973673, -0.0577480244822548, 0.48896020950837227, 0.07530665203829656, -0.8578649978646702, -0.05651948975456469, 0.4105040491605656, 0.295103957871784, -0.6941286490777412, -0.3280385916478974, 0.6060974378237403, -0.565688422262961, 0.4668437048299736, 0.5847194394050534, 0.06881517666174863, 0.4341191640131201, -0.1851540632306088, -0.05254705168600271, -0.9739526430388374, -0.46215069795817154, -0.269719547647816, -0.5025341784531256, 0.7644451419394355, 0.8880521646505033, -0.38534737166917976, 0.9902829789718928, 0.7287693185855479, -0.4821578384851283, 0.024411259649773198, 0.564490163924952, 0.5544041312622399, -0.9403025773278082, -0.30526017679382655, 0.07951657706469184, 0.03328726628969192, -0.874680876085363, 0.27832788088796345, -0.6364174457463277, -0.91584459678379, 0.6836055335835327, 0.6243204122662356, -0.23147893363219696, -0.9252365953085568, -0.8864358721285073, -0.1806792107451607, 0.8306211199955189, -0.702660089864235, 0.9292730948646264, -0.9494475715904147, 0.3736695498416074, -0.5282712140152727, 0.5851067060393647, -0.27632265568582803, 0.8687072913172689, -0.12058641149119696, 0.39543103844383654, 0.5308004301619931, 0.49814299220159897, 0.3054414848700936, -0.2054695094472754, -0.6812180604763582, -0.44501691096847784, -0.9475349724224627, -0.3087147682646345, -0.5775735623861619, -0.9369076851581448, 0.9434527347681954, -0.0864255695667615, 0.3576275218813978, 0.21169618731636258, 0.7844678064722572, -0.36311530858128993, 0.3854200535715304, 0.0885638632078567, -0.6489521387036055, -0.9526448313477975, -0.006727570326561315, 0.7134494689040182, 0.58478384468303, 0.0878161160646691, -0.06489667799685805, 0.8362861565301873, 0.33533426367326924, -0.5648320590017342, 0.062052163420089596, -0.567399550291376, -0.04121335914001567, 0.11070184402030625, 0.018064396840993674]
101.97697448730469	(8, 12, 2)	[-0.7420948616607411, -0.12139572628108844, -0.37218787776374374, 0.9037701028871385, 0.5461088729271162, 0.37971479922843887, -0.6035720623068417, 0.17155460595465621, -0.44765027816307024, -0.0714039510672988, 0.41368633331129434, -0.8006093963968033, -0.140802965415864, 0.76681658060036, -0.6170280161839288, 0.5494473263971991, 0.19776312829954468, 0.3538529569867461, 0.044668358233845185, 0.5895784507042248, 0.21293665610116372, -0.20685723955834412, 0.9073151021107744, -0.3921810281721382, -0.16082783080436408, -0.25312223162280545, -0.575291275342583, 0.6224899068139451, 0.6448707460010037, 0.4423388175616907, 0.9229900691787047, 0.9448711300364385, -0.0577480244822548, 0.8278589843870789, -0.4239029007304911, -0.003165804434684786, -0.05651948975456469, 0.49092789481043475, 0.9486780809700344, -0.6941286490777412, 0.8952397090707211, 0.43288781431870027, -0.17111962254127633, 0.4668437048299736, 0.5088659571321634, 0.6658902130919089, 0.48793798367752994, 0.10929292830222104, -0.05254705168600271, 0.6950819417921953, -0.7753008229362859, -0.9655479230333877, 0.19150462559937198, 0.12732515225594998, -0.33103404831074346, 0.5582072936446831, 0.9902829789718928, 0.22130430432505976, -0.4821578384851283, 0.7158459794108099, 0.7116368364253582, 0.5544041312622399, -0.8526353010777752, 0.47881731848678943, 0.5777347763337131, 0.3325207439424289, -0.14679632629732997, 0.27832788088796345, 0.759813241497983, -1.0, 0.7642962708357428, -0.046416310337929145, -0.4102232296249955, -0.6937548635113335, 0.8341371674067976, -0.3736025573494526, 0.5458878550650504, 0.44373658641749225, -0.2874955614541812, -0.9494475715904147, 0.313766775610381, -0.4043400179961413, -0.30116728154119743, -0.10169404767010537, -0.5568559291459894, -0.4984694519610015, -0.003691413923475939, 0.5308004301619931, 0.6297829529306979, 0.45455471183190665, -0.2054695094472754, 0.5513250955961273, -0.44501691096847784, -0.19236810327196752, -0.3087147682646345, 0.7739307171016478, -0.9369076851581448, -0.39354500258191316, 0.8171124569506765, 0.3576275218813978, -0.6123030864987722, 0.1346621386706799, -0.22330223975190136, 0.4409369124173528, 0.26879074101426204, -0.021638361365354797, 0.8551159574613196, 0.7800527883127415, 0.9134497523216256, -0.2763876502925995, -0.1557723413011063, 0.2937800889306319, -0.763739866861543, 0.2755214962184691, -0.5648320590017342, -0.485655348779261, -0.3286690090576483, 0.2793386046921369, -0.25573077505846475, -0.01863938853764644]
101.99382781982422	(8, 12, 2)	[-0.1975893679430032, -0.12139572628108844, -0.5109533119260409, 0.9037701028871385, 0.13081455149899412, 0.09366517352229975, 0.7696414636149658, 0.15393701186737188, -0.6792748900122018, -0.0714039510672988, 0.4355163031530978, -0.8006093963968033, 0.47914149012280394, 0.6129238269626949, -0.6170280161839288, 0.5494473263971991, 0.19776312829954468, 0.3538529569867461, 0.044668358233845185, 0.7765069036847743, -0.80442119627666, 0.106188286378182, -0.11175020510738065, -0.07145811294941318, -0.15610702707386404, -0.25312223162280545, -0.9320587550899919, -0.005841704289028776, 0.6448707460010037, 0.9957396081698286, 0.47096475013465366, 0.9448711300364385, -0.48489486946041493, 0.22703795302023333, 0.07530665203829656, 0.9945150131884881, 0.3054820212849596, -0.19812411117170492, 0.0486319849427399, -0.9161933861172593, -0.2261483240003408, -0.3288570393079766, -0.493632719312733, 0.5371100292282684, 0.43448768631418333, 0.187016911687506, 0.48793798367752994, -0.1851540632306088, -0.24412517354412927, -0.9924756725094575, -0.46215069795817154, -0.269719547647816, 0.19150462559937198, 0.7644451419394355, 0.8616088958241175, -0.526331333830947, 0.9902829789718928, 0.13681102378123966, -0.5536403587648184, 0.024411259649773198, 0.11030861731293906, 0.6566783394865472, 0.17527730471477687, 0.8889613081516936, -0.11448206750978152, 0.538168242308261, -0.8446999522876693, 0.3765148219524832, -0.27041836796495833, 0.2068647557438743, 0.7642962708357428, 0.5764274135043106, -0.7548652707092232, -0.6937548635113335, -0.8864358721285073, -0.795823072851159, 0.5458878550650504, -0.21345491015751605, -0.9129089565363495, 0.4969451650606318, 0.7765992530156587, -0.8452342911628292, -0.565759483334001, 0.4654442567273669, 0.06487084721215663, -0.5680306413666967, -0.003691413923475939, -0.02626322647621504, 0.3051901790539995, 0.676026217514919, -0.757081719239602, 0.5513250955961273, 0.4620299360186635, 0.06368119900505076, -0.39353100443937644, 0.5583140702934293, -0.9369076851581448, -0.39354500258191316, 0.5057113039868426, -0.9394330813247055, 0.23940368280182645, 0.1346621386706799, 0.012625322941859585, 0.3854200535715304, 0.0885638632078567, -0.4902806967776998, 0.8551159574613196, 0.7800527883127415, -0.22554829266608856, -0.2702177815611029, 0.446315288077182, -0.06489667799685805, 0.07493925363333667, -0.4954217892221151, -0.5217462943919013, 0.41415084305646044, -0.18950774265862996, 0.2793386046921369, -0.26018389119896024, 0.018064396840993674]
101.98936462402344	(8, 12, 2)	[-0.990769716294073, 0.11334026029787439, -0.5117955043815896, 0.3861440123412101, -0.719205283821378, 0.22523794133787933, 0.7696414636149658, 0.17155460595465621, -0.3258359272587952, 0.042659757590777, -0.03426554886888744, -0.1241866503875053, 0.7836044018318706, 0.6129238269626949, 0.20808505275506461, 0.621263049454641, -0.5052841830268948, 0.3538529569867461, 0.044668358233845185, 0.5895784507042248, 0.21293665610116372, 0.106188286378182, -0.11175020510738065, -0.41106390699871875, -0.9826066262512403, -0.3048299020520744, -0.562219595599861, -0.9128735815902687, 0.6448707460010037, 0.9957396081698286, 0.24755691789124423, 0.44208318410959824, 0.18228993737272164, 0.22703795302023333, 0.07530665203829656, 0.011533572030578476, 0.3054820212849596, 0.49092789481043475, 0.9486780809700344, 0.44580665279223, -0.6068720002302463, -0.3288570393079766, -0.493632719312733, 0.39829584267182594, -0.9718720454871219, 0.7642976858231387, -0.31643272355830365, -0.7463849318012866, -0.13985801381393165, -0.6960045136733461, 0.026787412180263148, -0.269719547647816, 0.19150462559937198, 0.3219266373084879, -0.26562624151714265, -0.38534737166917976, 0.5599044827173011, 0.22130430432505976, -0.8866207924544696, 0.7158459794108099, 0.7450309238375769, 0.23183294270484822, -0.11739398205057114, -0.46230279873142166, -0.11448206750978152, 0.0567984416721824, -0.14679632629732997, -0.3042347139448635, -0.27041836796495833, 0.2068647557438743, 0.9290674785236719, 0.4767796633880883, 0.9822383000136005, 0.5707737014453973, -1.0, -0.1806792107451607, 0.5139008151045984, -0.21345491015751605, -0.9129089565363495, 0.4969451650606318, 0.8363363812912961, -0.4043400179961413, 0.5851067060393647, -0.27632265568582803, -0.5568559291459894, -0.4984694519610015, -0.003691413923475939, 0.4489833982673066, 0.3051901790539995, -0.3618934914325632, 0.737408912863661, 0.24040578979452132, -0.44501691096847784, 0.06368119900505076, -0.9849087608809375, 0.7739307171016478, -0.9369076851581448, -0.5704748785199243, -0.0864255695667615, 0.40499425098046293, 0.5622314362735943, 0.1346621386706799, -0.5807699774845707, 0.3854200535715304, 0.26879074101426204, -0.021638361365354797, 0.6049858707156839, -0.6446327716807781, -0.41191400394463606, 0.2192557227931368, 0.4746042108184765, 0.2937800889306319, 0.024736308577977262, 0.2755214962184691, 0.26424996976622395, 0.08834032515410178, -0.3286690090576483, 0.2793386046921369, 0.11070184402030625, 0.7683252001921033]
101.94065856933594	(8, 12, 2)	[-0.990769716294073, 0.11334026029787439, -0.5117955043815896, 0.3861440123412101, -0.719205283821378, 0.22523794133787933, 0.7696414636149658, 0.17155460595465621, -0.3258359272587952, 0.042659757590777, -0.03426554886888744, -0.1241866503875053, 0.7836044018318706, 0.6129238269626949, 0.20808505275506461, 0.621263049454641, -0.5052841830268948, 0.3538529569867461, 0.044668358233845185, 0.5895784507042248, 0.21293665610116372, 0.106188286378182, -0.11175020510738065, -0.41106390699871875, -0.9826066262512403, -0.3048299020520744, -0.562219595599861, -0.9128735815902687, 0.6448707460010037, 0.9957396081698286, 0.24755691789124423, 0.44208318410959824, 0.18228993737272164, 0.22703795302023333, 0.07530665203829656, 0.011533572030578476, 0.3054820212849596, 0.49092789481043475, 0.9486780809700344, 0.44580665279223, -0.6068720002302463, -0.3288570393079766, -0.493632719312733, 0.39829584267182594, -0.9718720454871219, 0.7642976858231387, -0.31643272355830365, -0.7463849318012866, -0.13985801381393165, -0.6960045136733461, 0.026787412180263148, -0.269719547647816, 0.19150462559937198, 0.3219266373084879, -0.26562624151714265, -0.38534737166917976, 0.5599044827173011, 0.22130430432505976, -0.8866207924544696, 0.7158459794108099, 0.7450309238375769, 0.23183294270484822, -0.11739398205057114, -0.46230279873142166, -0.11448206750978152, 0.0567984416721824, -0.14679632629732997, -0.3042347139448635, -0.27041836796495833, 0.2068647557438743, 0.9290674785236719, 0.4767796633880883, 0.9822383000136005, 0.5707737014453973, -1.0, -0.1806792107451607, 0.5139008151045984, -0.21345491015751605, -0.9129089565363495, 0.4969451650606318, 0.8363363812912961, -0.4043400179961413, 0.5851067060393647, -0.27632265568582803, -0.5568559291459894, -0.4984694519610015, -0.003691413923475939, 0.4489833982673066, 0.3051901790539995, -0.3618934914325632, 0.737408912863661, 0.24040578979452132, -0.44501691096847784, 0.06368119900505076, -0.9849087608809375, 0.7739307171016478, -0.9369076851581448, -0.5704748785199243, -0.0864255695667615, 0.40499425098046293, 0.5622314362735943, 0.1346621386706799, -0.5807699774845707, 0.3854200535715304, 0.26879074101426204, -0.021638361365354797, 0.6049858707156839, -0.6446327716807781, -0.41191400394463606, 0.2192557227931368, 0.4746042108184765, 0.2937800889306319, 0.024736308577977262, 0.2755214962184691, 0.26424996976622395, 0.08834032515410178, -0.3286690090576483, 0.2793386046921369, 0.11070184402030625, 0.7683252001921033]
101.99858856201172	(8, 12, 2)	[-0.6204512570982849, 0.9399868333311867, -0.6898555422729453, 0.9037701028871385, 0.5461088729271162, -0.9020573007796147, -0.6035720623068417, 0.17155460595465621, -0.44765027816307024, 0.042659757590777, -0.5276582427240477, -0.8006093963968033, 0.7836044018318706, 0.8243867714951494, -0.6170280161839288, 0.5494473263971991, 0.19776312829954468, 0.8026613750124723, 0.15529981044037489, 0.5895784507042248, 0.34509651867006674, -0.20685723955834412, -0.11175020510738065, -0.41106390699871875, -0.9826066262512403, -0.3048299020520744, -0.36382273945339333, -0.9128735815902687, -0.4836533289612026, 0.7468571205058292, 0.24755691789124423, 0.7789748436588213, -0.0577480244822548, -0.6251549563913614, 0.35720643126229734, -0.8578649978646702, -0.05651948975456469, -0.8695596306167321, 0.07203878759142311, -0.6941286490777412, -0.2261483240003408, 0.43288781431870027, -0.8645025205900267, 0.7485318640052611, 0.5088659571321634, 0.187016911687506, 0.48793798367752994, -0.1851540632306088, -0.05254705168600271, -0.9924756725094575, -0.46215069795817154, -0.03063548870797539, 0.19150462559937198, 0.3219266373084879, 0.8880521646505033, -0.526331333830947, 0.9902829789718928, 0.22130430432505976, -0.8866207924544696, 0.7158459794108099, 0.5713734349080084, 0.5544041312622399, 0.17527730471477687, -0.8362119549971843, -0.5194928875105065, 0.538168242308261, -0.874680876085363, 0.3765148219524832, 0.759813241497983, -0.8756859742044099, 0.7642962708357428, 0.6243204122662356, -0.7548652707092232, -0.6937548635113335, -0.8864358721285073, -0.008501637487417835, 0.30746060035456446, -0.7301568764210744, -0.2874955614541812, 0.4969451650606318, 0.3736695498416074, -0.09334653881540755, -0.30116728154119743, -0.7435432680672043, 0.06487084721215663, -0.17102672275752942, 0.17399222283424076, 0.4489833982673066, 0.6297829529306979, 0.6113148412037855, 0.4171357230971855, 0.5513250955961273, -0.47997266119464, -0.9475349724224627, -0.3194685116563889, 0.6884972639963474, -0.9369076851581448, -0.39354500258191316, 0.5057113039868426, 0.3576275218813978, 0.21169618731636258, 0.1681956005504528, 0.012625322941859585, -0.7024781462591629, -0.39129217702357644, -0.6489521387036055, -0.8309549996038853, -0.5333191809504712, -0.4684517273094213, -0.2702177815611029, 0.4746042108184765, 0.08382770164542494, 0.8552460059058851, -0.4954217892221151, -0.5217462943919013, 0.41415084305646044, -0.567399550291376, 0.9913828942536205, 0.7037568682016035, 0.018064396840993674]
101.99269104003906	(8, 12, 2)	[-0.7420948616607411, 0.03018571443917062, -0.6790304787861621, 0.27550058727884136, 0.953220380759545, -0.9020573007796147, 0.34482252692896453, 0.15393701186737188, -0.1691277964343541, 0.042659757590777, -0.5276582427240477, -0.8006093963968033, 0.7836044018318706, 0.8243867714951494, -0.38826957113237226, 0.5494473263971991, 0.19776312829954468, 0.3538529569867461, 0.044668358233845185, 0.5895784507042248, 0.40640243129076065, 0.106188286378182, -0.11175020510738065, -0.43727934736667723, -0.15610702707386404, -0.25312223162280545, -0.27762356480036177, -0.005841704289028776, -0.4836533289612026, 0.9379546516832844, 0.24755691789124423, 0.9448711300364385, -0.0577480244822548, -0.05711514462128631, 0.35720643126229734, 0.9945150131884881, -0.05651948975456469, -0.19812411117170492, 0.0486319849427399, -0.6941286490777412, -0.2261483240003408, 0.43288781431870027, -0.565688422262961, 0.8248278825842865, 0.33403213263179615, 0.187016911687506, -0.3933560523593014, 0.10929292830222104, -0.05374702280013155, -0.6913604506695128, -0.7753008229362859, -0.269719547647816, -0.5025341784531256, 0.3219266373084879, 0.8077196916434265, -0.526331333830947, 0.9902829789718928, 0.22130430432505976, -0.089936409765913, 0.7158459794108099, 0.10052874234824238, 0.6566783394865472, -0.8526353010777752, 0.47881731848678943, 0.07951657706469184, 0.538168242308261, -0.14679632629732997, 0.27832788088796345, -0.6861644663911428, -0.8501685192738844, 0.7642962708357428, -0.046416310337929145, -0.7607477263116937, -0.6937548635113335, -0.8864358721285073, -0.6031677941280196, 0.5458878550650504, 0.2636264626033389, 0.8795780692876437, 0.4969451650606318, 0.3736695498416074, -0.09334653881540755, 0.8075436127162456, -0.27632265568582803, -0.900835021806075, -0.5680306413666967, 0.11416537525743947, 0.3072183630863643, 0.6297829529306979, 0.45455471183190665, -0.2054695094472754, 0.20157060916515557, -0.44501691096847784, -0.5905639242352851, -0.3194685116563889, 0.6884972639963474, -1.0, -0.5704748785199243, -0.7896284050394813, -0.9623158594425408, 0.21169618731636258, 0.1681956005504528, 0.012625322941859585, -0.7909506488811152, -0.39129217702357644, -0.6489521387036055, 0.9987012834187301, -0.6366800627149207, -0.7732008836149826, -0.2702177815611029, 0.7182973198484819, 0.6671920695780416, 0.8362861565301873, 0.9353819504484797, -0.5648320590017342, 0.2750756879500318, -0.4392068624924504, 0.9913828942536205, -0.25573077505846475, 0.018064396840993674]
101.9957046508789	(8, 12, 2)	[-0.7901699045972349, 0.9399868333311867, -0.6898555422729453, 0.3861440123412101, -0.719205283821378, -0.9020573007796147, 0.4434620195240655, 0.15393701186737188, -0.44765027816307024, -0.0714039510672988, -0.03426554886888744, -0.04134397470248374, 0.2568085795629018, 0.7954965584188132, -0.38826957113237226, 0.5494473263971991, 0.19776312829954468, 0.8026613750124723, 0.1962581156033671, 0.7765069036847743, 0.21293665610116372, -0.20685723955834412, -0.15447473072387802, -0.342385652793618, 0.051193686424144014, -0.45784277379986915, -0.562219595599861, -0.9128735815902687, -0.4836533289612026, 1.0, 0.24755691789124423, 0.7789748436588213, -0.47080153370561506, 0.48896020950837227, 0.35720643126229734, 0.011533572030578476, -0.05651948975456469, -0.8695596306167321, 0.0355043578029339, -0.8348163753164795, -0.2261483240003408, 0.6060974378237403, -0.17111962254127633, 0.5295836536960585, 0.5088659571321634, 0.187016911687506, -0.3933560523593014, 0.10929292830222104, -0.05334084696437858, -0.6960045136733461, 0.16204530092055003, -0.9655479230333877, -0.5025341784531256, 0.3219266373084879, 0.9418412414539945, -0.526331333830947, 0.9902829789718928, 0.22130430432505976, -0.5536403587648184, 0.7158459794108099, 0.10052874234824238, 0.23183294270484822, -0.8526353010777752, -0.8362119549971843, 0.4303250347025307, 0.03328726628969192, -0.14679632629732997, 0.3765148219524832, -0.27041836796495833, -1.0, 0.5832072199718841, -0.046416310337929145, -0.7607477263116937, -0.9252365953085568, -0.8864358721285073, -0.795823072851159, 0.5424137666214903, -0.6128808537709302, -1.0, -0.9494475715904147, 0.3736695498416074, -0.8452342911628292, -0.30116728154119743, 0.4654442567273669, -0.27021574980324137, -0.0471139466051127, 0.05868061267004676, -0.1694404237406737, 0.3051901790539995, 0.27500827310827525, 0.737408912863661, 0.5513250955961273, -0.44501691096847784, -0.9475349724224627, -0.39353100443937644, 0.6884972639963474, -0.9369076851581448, 0.7991628715076453, -0.0864255695667615, 0.3576275218813978, 0.21169618731636258, -0.2667741853840424, -0.5807699774845707, 0.4409369124173528, -0.39129217702357644, -0.021638361365354797, 0.6049858707156839, -0.6446327716807781, -0.4684517273094213, -0.2702177815611029, 0.4746042108184765, -0.06489667799685805, 0.024736308577977262, -0.4954217892221151, 0.7480397227043738, -0.5758990534413568, -0.3286690090576483, 0.9913828942536205, 0.8579408573309524, -0.3472082631663791]
101.98408508300781	(8, 12, 2)	[-0.990769716294073, 0.9399868333311867, -0.37218787776374374, 0.3687874108997118, -0.5852427828666071, 0.09366517352229975, 0.2625719510035334, 0.17155460595465621, -0.6792748900122018, -0.0714039510672988, -0.11967708746064112, -0.04134397470248374, 0.7603727017672992, 0.8243867714951494, 0.20808505275506461, 0.6270199286381603, -0.596210958409822, 0.3538529569867461, 0.1962581156033671, 0.4631528739642259, -0.6726778194138714, 0.106188286378182, -0.06203038634055206, -0.41106390699871875, -0.9826066262512403, -0.3048299020520744, -0.9320587550899919, -0.005841704289028776, 0.6448707460010037, 0.5073361749801321, 0.4337622538893527, 0.9257415209627855, -0.47080153370561506, 0.22703795302023333, 0.35720643126229734, 0.011533572030578476, 0.3054820212849596, -0.19812411117170492, 0.0486319849427399, -0.6941286490777412, -0.2261483240003408, -0.3288570393079766, -0.17111962254127633, 0.5371100292282684, 0.43448768631418333, 0.187016911687506, -0.3933560523593014, -0.1851540632306088, -0.05254705168600271, -0.9924756725094575, -0.7753008229362859, -0.03063548870797539, -0.5025341784531256, 0.7644451419394355, 0.8616088958241175, -0.526331333830947, -0.9599746215022801, 0.22130430432505976, -0.5536403587648184, 0.7158459794108099, 0.3631110468593408, 0.6566783394865472, -0.023176064184596605, 0.8889613081516936, 0.4573586407357025, 0.538168242308261, -0.8446999522876693, 0.3765148219524832, -0.27041836796495833, 0.31207975022593687, 0.6916941723275025, 0.4767796633880883, -0.7548652707092232, -0.6937548635113335, -0.8572415007061784, -0.795823072851159, 0.5139008151045984, -0.7301568764210744, -0.9015697958043973, 0.45793603584202935, 0.8384903515031579, -0.5282712140152727, -0.30116728154119743, -0.27632265568582803, 0.06487084721215663, -0.4984694519610015, -0.003691413923475939, -0.1694404237406737, 0.49814299220159897, -0.5539468274953758, 0.737408912863661, 0.5513250955961273, -0.44501691096847784, 0.39813251051759657, -0.3194685116563889, 0.5583140702934293, -0.9369076851581448, -0.5704748785199243, 0.5057113039868426, 0.3576275218813978, 0.23940368280182645, 0.1346621386706799, -0.5807699774845707, 0.3854200535715304, 0.6041498407504959, -0.044781841603938756, 0.9987012834187301, 0.7800527883127415, -0.4684517273094213, -0.2763876502925995, 0.5987347937308514, -0.06489667799685805, 0.024736308577977262, -0.4954217892221151, -0.5217462943919013, -0.485655348779261, -0.3286690090576483, 0.9913828942536205, -0.25573077505846475, 0.018064396840993674]
101.99459838867188	(8, 12, 2)	[-0.7811047049204883, 0.216782846860875, -0.6898555422729453, 0.3687874108997118, -0.6575750470010773, -0.9020573007796147, 0.3460261455732705, 0.15393701186737188, -0.44765027816307024, 0.08767824327093818, -0.03426554886888744, -0.816516906102018, -0.140802965415864, 0.8243867714951494, 0.20808505275506461, 0.6270199286381603, 0.19776312829954468, 0.38436403777257344, 0.10910142135111833, 0.5358525875978631, -0.6726778194138714, -0.046459284372277976, -0.5470549016626447, -0.43727934736667723, -0.9826066262512403, -0.3048299020520744, -0.562219595599861, -0.0683151678798136, -0.4836533289612026, 0.8522898440132158, 0.24755691789124423, 0.9425338897981775, -0.0577480244822548, 0.48896020950837227, -0.4239029007304911, -0.9147819578861965, -0.05651948975456469, -0.9955643061668014, 0.9486780809700344, -0.8348163753164795, -0.2261483240003408, 0.6060974378237403, -0.8828621585115177, 0.7485318640052611, 0.9984299099818361, 0.187016911687506, -0.5293747410453692, 0.10929292830222104, -0.05374702280013155, -0.6960045136733461, -0.7753008229362859, -0.269719547647816, -0.5025341784531256, -0.11083146089106885, 0.9299969386135312, -0.38534737166917976, 0.9902829789718928, 0.22130430432505976, -0.1630649711764302, 0.7158459794108099, 0.7116368364253582, 0.6566783394865472, -0.023176064184596605, -0.46230279873142166, -0.11448206750978152, 0.538168242308261, -0.14679632629732997, -0.03284536640135394, -0.6861644663911428, -1.0, 0.5832072199718841, 0.5914219400711493, -0.3590345398278396, -0.3733118201022239, -0.8864358721285073, -0.1806792107451607, 0.5139008151045984, 0.44373658641749225, -0.42847663743596787, -0.9494475715904147, 0.7963141016440648, -0.8452342911628292, 0.8075436127162456, 0.4654442567273669, 0.06487084721215663, -0.5680306413666967, 0.11416537525743947, 0.3072183630863643, 0.3051901790539995, 0.7781334723696853, 0.737408912863661, 0.24040578979452132, 0.4620299360186635, -0.957143476290133, -0.3087147682646345, 0.7739307171016478, -0.9369076851581448, 0.7991628715076453, 0.8171124569506765, 0.3576275218813978, 0.23940368280182645, -0.2667741853840424, -0.5083874121103549, 0.4409369124173528, 0.6041498407504959, -0.021638361365354797, -0.8309549996038853, -0.6366800627149207, -0.4684517273094213, 0.7232015311032803, 0.446315288077182, 0.2937800889306319, -0.7460594230622344, -0.4954217892221151, -0.5648320590017342, -0.485655348779261, -0.4392068624924504, -0.04121335914001567, 0.712873160640491, 0.010041440894800444]
101.99617767333984	(8, 12, 2)	[-0.1975893679430032, -0.12139572628108844, -0.708282830611355, 0.3861440123412101, 0.5461088729271162, -0.9020573007796147, 0.4434620195240655, 0.17155460595465621, -0.44765027816307024, -0.0714039510672988, 0.32175695523847797, -0.8006093963968033, 0.7603727017672992, 0.8190347160847922, -0.3741816854922536, 0.5494473263971991, 0.19776312829954468, 0.8026613750124723, 0.06134371664849189, 0.5895784507042248, -0.6726778194138714, 0.106188286378182, -0.15447473072387802, -0.41106390699871875, -0.9953386349745218, 0.2419920262666222, -0.562219595599861, -0.005841704289028776, 0.6448707460010037, 1.0, 0.34248079511306617, 0.7789748436588213, -0.12209878476719516, -0.05711514462128631, 0.35720643126229734, 0.011533572030578476, 0.3054820212849596, -0.9955643061668014, 0.0486319849427399, 0.44580665279223, -0.2261483240003408, 0.4119596423719795, -0.8828621585115177, 0.5371100292282684, 0.33403213263179615, 0.187016911687506, 0.48793798367752994, 0.10929292830222104, -0.17331681914650932, -0.9924756725094575, 0.16204530092055003, 0.19054298438812478, 0.19150462559937198, -0.035889963089321686, 0.9299969386135312, -0.526331333830947, 0.8917186700002094, 0.22130430432505976, -0.5536403587648184, 0.8899933752365552, 0.10052874234824238, 0.5544041312622399, -0.023176064184596605, -0.8362119549971843, 0.4303250347025307, 0.538168242308261, -0.14679632629732997, 0.3765148219524832, -0.27041836796495833, 0.1252788986331513, 0.5832072199718841, 0.5764274135043106, -0.7548652707092232, -0.6772531122329767, -0.8572415007061784, -0.795823072851159, 0.8306211199955189, -0.7301568764210744, -0.2874955614541812, 0.021530279209253766, 0.313766775610381, -0.5282712140152727, -0.565759483334001, 0.4654442567273669, -0.900835021806075, -0.6872333437296445, -0.003691413923475939, -0.1694404237406737, 0.6297829529306979, 0.27500827310827525, 0.737408912863661, 0.5513250955961273, -0.44501691096847784, -0.957143476290133, -0.3087147682646345, 0.7739307171016478, -0.9369076851581448, -0.5704748785199243, -0.9081983676808639, -0.9394330813247055, 0.5622314362735943, -0.2667741853840424, -0.5083874121103549, 0.3854200535715304, 0.6041498407504959, -0.021638361365354797, 0.8551159574613196, -0.6366800627149207, -0.41191400394463606, -0.2702177815611029, 0.4746042108184765, 0.08382770164542494, -0.7167058274957175, -0.5054035562066769, -0.5217462943919013, 0.5072884388461089, -0.3286690090576483, 0.2793386046921369, 0.7037568682016035, 0.018064396840993674]
101.99162292480469	(8, 12, 2)	[-0.7901699045972349, 0.9399868333311867, -0.5109533119260409, 0.5405251074719754, 0.953220380759545, -0.9020573007796147, 0.4434620195240655, -0.16513175371930178, -0.44765027816307024, -0.5128302943281353, -0.24790838044008626, -0.8006093963968033, 0.7836044018318706, 0.8190347160847922, -0.3741816854922536, 0.621263049454641, -0.32386897610185533, 0.3538529569867461, 0.10910142135111833, 0.5895784507042248, -0.6726778194138714, 0.106188286378182, -0.47101675222950035, -0.41106390699871875, -0.15610702707386404, -0.25312223162280545, -0.562219595599861, -0.005841704289028776, 0.4524682120392932, 0.38278037486748273, 0.5464228435507309, 0.7789748436588213, -0.47080153370561506, -0.05711514462128631, 0.35720643126229734, -0.8578649978646702, 0.268188314856791, -0.9955643061668014, 0.295103957871784, 0.457193725277699, -0.2261483240003408, 0.43288781431870027, -0.493632719312733, 0.5399898992464626, 0.9984299099818361, 0.7642976858231387, -0.31643272355830365, -0.1851540632306088, -0.05254705168600271, -0.9924756725094575, -0.46215069795817154, 0.19054298438812478, 0.19150462559937198, 0.3219266373084879, 0.8616088958241175, -0.526331333830947, -0.8166206816552597, 0.13681102378123966, -0.089936409765913, 0.7158459794108099, 0.28325935687691306, 0.25984932629920504, -0.8526353010777752, -0.8362119549971843, -0.11448206750978152, 0.538168242308261, -0.14679632629732997, 0.27832788088796345, -0.27041836796495833, -0.8756859742044099, 0.27106761261940804, -0.046416310337929145, -0.7607477263116937, -0.6937548635113335, -0.7166623508454205, -0.008501637487417835, 0.8306211199955189, -0.7301568764210744, 0.8795780692876437, 0.4969451650606318, 0.7963141016440648, -0.2778101949232073, -0.30116728154119743, -0.27632265568582803, 0.06487084721215663, -0.0471139466051127, 0.17399222283424076, -0.1694404237406737, 0.3051901790539995, 0.27500827310827525, 0.8955311700472777, 0.6923709330556114, -0.6161552203589893, -0.8819421227954118, -0.3087147682646345, -0.45457947934818616, -0.9369076851581448, -0.18329064157265362, 0.7909812237182361, 0.3576275218813978, 0.5808169496449065, -0.2667741853840424, -0.5083874121103549, 0.3854200535715304, 0.5556056820109538, -0.6489521387036055, 0.8195948321117479, -0.6366800627149207, -0.1799362681755783, -0.2763876502925995, 0.5987347937308514, -0.06489667799685805, 0.8552460059058851, 0.41400328625825356, -0.5648320590017342, 0.2750756879500318, -0.4392068624924504, 0.4738100051460852, -0.25573077505846475, -0.8139685404650783]
101.99982452392578	(8, 12, 2)	[-0.7561464400640696, 0.216782846860875, -0.5117955043815896, 0.3861440123412101, 0.5461088729271162, -0.9020573007796147, 0.7696414636149658, -0.16513175371930178, -0.44765027816307024, -0.0714039510672988, 0.3135061125732122, -0.8006093963968033, 0.7836044018318706, 0.9452220025847731, -0.3741816854922536, 0.5494473263971991, 0.19776312829954468, 0.3538529569867461, 0.1962581156033671, 0.5649034750439295, -1.0, 0.106188286378182, -0.5470549016626447, -0.07145811294941318, -0.15610702707386404, -0.25312223162280545, -0.562219595599861, -0.0683151678798136, 0.6448707460010037, 1.0, 0.24755691789124423, 0.44208318410959824, -0.0577480244822548, -0.05711514462128631, -0.4239029007304911, 0.011533572030578476, 0.3054820212849596, -0.8695596306167321, 0.7872774550399846, -0.6941286490777412, -0.2261483240003408, 0.43288781431870027, -0.20026466682969066, 0.7485318640052611, 0.5088659571321634, 0.187016911687506, -0.31643272355830365, 0.10929292830222104, -0.05254705168600271, -0.6960045136733461, 0.16204530092055003, -1.0, 0.19150462559937198, 0.7644451419394355, -0.33103404831074346, -0.526331333830947, -1.0, 0.22130430432505976, -0.5536403587648184, 0.7158459794108099, 0.7450309238375769, 0.7424687188757619, -0.11739398205057114, 0.47881731848678943, -0.11448206750978152, 0.03328726628969192, 0.41664970928308875, 0.008822825303416298, -0.6861644663911428, 0.2068647557438743, 0.7642962708357428, -0.010399749608812979, 0.9822383000136005, -0.6937548635113335, -0.7818651257598612, -0.008501637487417835, 0.30746060035456446, -0.21345491015751605, -0.30527452315253706, -0.9494475715904147, 0.250053103975178, -0.4043400179961413, -0.0873248655899661, -0.7435432680672043, 0.06487084721215663, -0.6872333437296445, 0.11416537525743947, -0.4578594880969904, 0.48466942539841606, 0.6113148412037855, 0.737408912863661, 0.5513250955961273, -0.44501691096847784, -0.957143476290133, -0.39353100443937644, 0.5583140702934293, -1.0, -0.5704748785199243, 0.743736689213307, -0.9623158594425408, 0.23940368280182645, 0.7844678064722572, 0.0012046948732887357, -0.7024781462591629, -0.037854184360138016, -0.4902806967776998, 0.7314696732446857, 0.7800527883127415, -0.4684517273094213, -0.2702177815611029, 0.5190145249683503, -0.06489667799685805, 0.8362861565301873, -0.4954217892221151, -0.5217462943919013, 0.41415084305646044, -0.4392068624924504, -0.04121335914001567, 0.712873160640491, 0.7683252001921033]
101.9998779296875	(8, 12, 2)	[-0.7561464400640696, 0.216782846860875, -0.5117955043815896, 0.3861440123412101, 0.5461088729271162, -0.9020573007796147, 0.7696414636149658, -0.16513175371930178, -0.44765027816307024, -0.0714039510672988, 0.3135061125732122, -0.8006093963968033, 0.7836044018318706, 0.9452220025847731, -0.3741816854922536, 0.5494473263971991, 0.19776312829954468, 0.3538529569867461, 0.1962581156033671, 0.5649034750439295, -1.0, 0.106188286378182, -0.5470549016626447, -0.07145811294941318, -0.15610702707386404, -0.25312223162280545, -0.562219595599861, -0.0683151678798136, 0.6448707460010037, 1.0, 0.24755691789124423, 0.44208318410959824, -0.0577480244822548, -0.05711514462128631, -0.4239029007304911, 0.011533572030578476, 0.3054820212849596, -0.8695596306167321, 0.7872774550399846, -0.6941286490777412, -0.2261483240003408, 0.43288781431870027, -0.20026466682969066, 0.7485318640052611, 0.5088659571321634, 0.187016911687506, -0.31643272355830365, 0.10929292830222104, -0.05254705168600271, -0.6960045136733461, 0.16204530092055003, -1.0, 0.19150462559937198, 0.7644451419394355, -0.33103404831074346, -0.526331333830947, -1.0, 0.22130430432505976, -0.5536403587648184, 0.7158459794108099, 0.7450309238375769, 0.7424687188757619, -0.11739398205057114, 0.47881731848678943, -0.11448206750978152, 0.03328726628969192, 0.41664970928308875, 0.008822825303416298, -0.6861644663911428, 0.2068647557438743, 0.7642962708357428, -0.010399749608812979, 0.9822383000136005, -0.6937548635113335, -0.7818651257598612, -0.008501637487417835, 0.30746060035456446, -0.21345491015751605, -0.30527452315253706, -0.9494475715904147, 0.250053103975178, -0.4043400179961413, -0.0873248655899661, -0.7435432680672043, 0.06487084721215663, -0.6872333437296445, 0.11416537525743947, -0.4578594880969904, 0.48466942539841606, 0.6113148412037855, 0.737408912863661, 0.5513250955961273, -0.44501691096847784, -0.957143476290133, -0.39353100443937644, 0.5583140702934293, -1.0, -0.5704748785199243, 0.743736689213307, -0.9623158594425408, 0.23940368280182645, 0.7844678064722572, 0.0012046948732887357, -0.7024781462591629, -0.037854184360138016, -0.4902806967776998, 0.7314696732446857, 0.7800527883127415, -0.4684517273094213, -0.2702177815611029, 0.5190145249683503, -0.06489667799685805, 0.8362861565301873, -0.4954217892221151, -0.5217462943919013, 0.41415084305646044, -0.4392068624924504, -0.04121335914001567, 0.712873160640491, 0.7683252001921033]
101.99535369873047	(8, 12, 2)	[-0.7901699045972349, 0.03018571443917062, -0.7374779224157222, 0.9037701028871385, 0.5461088729271162, -0.3797180868767145, 0.7696414636149658, -0.16513175371930178, -0.44765027816307024, -0.5128302943281353, -0.03426554886888744, -0.8009415897613459, 0.47914149012280394, 0.8190347160847922, -0.5135817101534128, 0.621263049454641, 0.19776312829954468, 0.47285313253848316, 0.044668358233845185, 0.5358525875978631, -0.6726778194138714, 0.106188286378182, -0.06203038634055206, -0.07145811294941318, -0.9826066262512403, -0.25312223162280545, -0.562219595599861, -0.9339706932572807, 0.4524682120392932, 1.0, 0.24755691789124423, 0.9448711300364385, -0.0577480244822548, 0.48896020950837227, -0.4239029007304911, -0.8578649978646702, 0.3054820212849596, -0.8695596306167321, 0.07203878759142311, -0.878962775791984, -0.6068720002302463, -0.3288570393079766, -0.493632719312733, 0.8248278825842865, 0.9984299099818361, 0.7642976858231387, 0.48793798367752994, -0.1851540632306088, -0.13985801381393165, -0.6960045136733461, 0.026787412180263148, -0.03063548870797539, 0.19150462559937198, 0.01682466203541466, -0.3710441454956152, -0.30855905660636784, 0.8547334156634896, 0.13681102378123966, -0.089936409765913, 0.7158459794108099, 0.7116368364253582, 0.4824403838099515, 0.17527730471477687, 0.47881731848678943, -0.21555171434317016, 0.0567984416721824, -0.8446999522876693, 0.3765148219524832, -0.6731827726521814, 0.2068647557438743, 0.7642962708357428, 0.6243204122662356, -0.7548652707092232, -0.3733118201022239, -0.8864358721285073, -0.795823072851159, 0.5458878550650504, -0.6128808537709302, 0.8795780692876437, 0.4969451650606318, 0.3736695498416074, -0.09334653881540755, 0.14526940584914233, 0.4654442567273669, 0.06487084721215663, -0.560804006877042, 0.11416537525743947, 0.3072183630863643, 0.8402957862688658, 0.4058020780444429, 0.737408912863661, 0.20157060916515557, -0.44501691096847784, -0.7459175018346984, -0.3087147682646345, -0.5372476358646994, -0.9369076851581448, -0.18329064157265362, 0.8171124569506765, 0.3576275218813978, 0.5808169496449065, 0.7844678064722572, 0.012625322941859585, 0.3854200535715304, 0.5556056820109538, -0.6489521387036055, 0.8195948321117479, 0.7800527883127415, -0.3094699677526298, -0.3044626705232095, 0.4746042108184765, -0.06489667799685805, 0.8362861565301873, -0.4954217892221151, -0.5217462943919013, 0.41415084305646044, -0.3286690090576483, -0.04121335914001567, -0.25573077505846475, -0.8139685404650783]
101.99732971191406	(8, 12, 2)	[-0.990769716294073, 0.3560480544408802, -0.6790304787861621, 0.3687874108997118, 0.5461088729271162, -0.850605067185806, 0.34482252692896453, 0.15393701186737188, -0.44765027816307024, -0.0714039510672988, -0.5276582427240477, -0.8006093963968033, 0.7836044018318706, 0.7772189384569996, -0.43768916132651636, 0.6270199286381603, 0.19776312829954468, 0.8026613750124723, 0.1962581156033671, 0.486620732642092, -0.6726778194138714, 0.106188286378182, -0.47101675222950035, -0.8966652501929149, -0.15610702707386404, -0.3333592958539753, -0.562219595599861, -0.11105955503253692, -0.4836533289612026, 0.7468571205058292, 0.24755691789124423, 0.5306926479902133, -0.33731989009895336, -0.05711514462128631, 0.04067964759779417, -0.8578649978646702, -0.05651948975456469, -0.8695596306167321, 0.26978168537850167, -0.6941286490777412, -0.2261483240003408, -0.3288570393079766, -0.493632719312733, 0.5481070206491213, 0.5088659571321634, 0.7642976858231387, 0.48793798367752994, -1.0, -0.24412517354412927, -0.9924756725094575, -0.7753008229362859, -0.269719547647816, 0.025157183072015227, 0.3219266373084879, 0.9299969386135312, 0.5213679315782898, 0.9902829789718928, 0.22130430432505976, -0.43583722244106243, 0.7158459794108099, 0.3631110468593408, 0.25984932629920504, -0.8526353010777752, 0.47881731848678943, -0.11448206750978152, 0.0567984416721824, -0.14679632629732997, 0.27832788088796345, -0.6861644663911428, -1.0, 0.5832072199718841, 0.4767796633880883, -0.7607477263116937, -0.4551199852354082, -0.7166623508454205, -0.6031677941280196, 0.25895306429558884, -0.29057361788942737, -0.9129089565363495, 0.4969451650606318, 0.8363363812912961, -0.4043400179961413, 0.8075436127162456, -0.7435432680672043, -0.900835021806075, -0.5680306413666967, 0.17399222283424076, 0.3072183630863643, 0.48466942539841606, -0.3618934914325632, -0.2054695094472754, 0.5513250955961273, -0.44501691096847784, -0.8819421227954118, -0.3194685116563889, 0.7739307171016478, -0.9369076851581448, 0.7991628715076453, -0.0864255695667615, 0.3576275218813978, 0.23940368280182645, 0.1346621386706799, -0.5083874121103549, 0.3854200535715304, -0.051414176245699716, -0.6489521387036055, 0.7314696732446857, -0.6366800627149207, -0.399175601049853, -0.075124191635774, 0.446315288077182, 0.2937800889306319, 0.9763175931732202, -0.5054035562066769, -0.5648320590017342, 0.41415084305646044, -0.4392068624924504, 0.9913828942536205, -0.25573077505846475, 0.018064396840993674]
101.99955749511719	(8, 12, 2)	[-0.1975893679430032, 0.216782846860875, -0.31507256794585425, 0.3861440123412101, 0.5461088729271162, -0.9020573007796147, 0.3460261455732705, -0.16513175371930178, -0.5449765644085822, -0.017684601659947216, -0.4041866250613546, -0.8006093963968033, 0.47914149012280394, 0.8243867714951494, -0.5135817101534128, 0.5494473263971991, 0.19776312829954468, 0.8026613750124723, -0.4192343200847535, 0.5895784507042248, -0.6726778194138714, 0.106188286378182, -0.06203038634055206, -0.8966652501929149, -0.15610702707386404, -0.3048299020520744, -0.562219595599861, -0.9128735815902687, -0.4836533289612026, 0.61338850656971, 0.19403305672001986, 0.44208318410959824, -0.47080153370561506, 0.22703795302023333, 0.35720643126229734, -0.818401656816459, 0.3054820212849596, -0.9955643061668014, 0.7872774550399846, -0.6941286490777412, -0.2261483240003408, 0.43288781431870027, -1.0, 0.7485318640052611, 0.5088659571321634, 0.7642976858231387, 0.48793798367752994, 0.007250829370576972, -0.05374702280013155, -0.6960045136733461, 0.16204530092055003, -0.269719547647816, -0.5518713005770923, 0.01682466203541466, 0.9299969386135312, -0.38534737166917976, -0.9672125995567646, 0.13681102378123966, -0.4821578384851283, 0.7158459794108099, 0.6855368928073936, 0.25984932629920504, -0.8526353010777752, -0.8362119549971843, -0.11448206750978152, 0.538168242308261, -0.14679632629732997, 0.27832788088796345, -0.7192357107936629, -0.8756859742044099, 0.4064744968547034, 0.6243204122662356, -0.7607477263116937, -0.6937548635113335, -0.7818651257598612, -0.008501637487417835, 0.5139008151045984, -0.7301568764210744, -0.30527452315253706, 0.4969451650606318, 0.7963141016440648, -0.5282712140152727, -0.30116728154119743, -0.27632265568582803, 0.12936637020500877, -0.5680306413666967, 0.17399222283424076, -0.1694404237406737, 0.48466942539841606, 0.3260869187309514, 0.737408912863661, 0.5513250955961273, -0.44501691096847784, -0.8819421227954118, -0.3194685116563889, 0.7739307171016478, -0.9369076851581448, -0.18329064157265362, 0.036742333514427905, 0.3576275218813978, 0.5808169496449065, 0.1346621386706799, 0.012625322941859585, 0.4409369124173528, 0.5556056820109538, -0.4902806967776998, -0.8309549996038853, -0.6366800627149207, -0.22554829266608856, -0.2702177815611029, 0.5987347937308514, -0.06489667799685805, 0.8603307631453325, -0.4954217892221151, -0.5217462943919013, 0.41415084305646044, -0.3286690090576483, 0.9913828942536205, -0.25573077505846475, 0.018064396840993674]
101.99995422363281	(8, 12, 2)	[-0.7561464400640696, 0.216782846860875, -0.37218787776374374, 0.3861440123412101, 0.953220380759545, -0.9020573007796147, 0.3460261455732705, 0.15393701186737188, -0.44765027816307024, 0.08984271683462025, -0.3269684526293023, -0.8006093963968033, 0.7603727017672992, 0.8243867714951494, -0.38826957113237226, 0.5494473263971991, 0.19776312829954468, 0.47438462810637616, 0.044668358233845185, 0.5649034750439295, -0.6726778194138714, 0.38190849564312146, -0.5470549016626447, -0.41106390699871875, -0.9826066262512403, 0.47066197504892515, -0.562219595599861, -0.005841704289028776, 0.6448707460010037, 0.38278037486748273, 0.24755691789124423, 0.2560860085973673, -0.33731989009895336, 0.48896020950837227, -0.4239029007304911, -0.8578649978646702, -0.05651948975456469, -0.8695596306167321, 0.07203878759142311, -0.5563621229450765, -0.2261483240003408, 0.43288781431870027, -0.565688422262961, 0.5371100292282684, 0.5088659571321634, 0.187016911687506, -0.31643272355830365, -0.1851540632306088, -0.17331681914650932, -0.7165384960038788, 0.6927230610098121, -1.0, 0.19150462559937198, -0.9900770271586032, -0.33103404831074346, -0.526331333830947, -1.0, 0.22130430432505976, -0.5536403587648184, 0.7158459794108099, 0.7450309238375769, 0.25984932629920504, 0.24164189630329216, -0.8362119549971843, -0.11448206750978152, 0.0567984416721824, 0.41664970928308875, 0.36166277786919215, -0.6861644663911428, -0.8756859742044099, 0.6916941723275025, 0.6243204122662356, -0.7607477263116937, -0.6937548635113335, -0.7818651257598612, -0.008501637487417835, 0.30746060035456446, -0.21345491015751605, -0.2874955614541812, -0.9670875265179774, 0.250053103975178, -0.6885746307501851, -0.0873248655899661, -0.7435432680672043, -0.900835021806075, -0.6872333437296445, 0.11416537525743947, -0.05235914206460518, 0.48466942539841606, 0.6113148412037855, 0.8955311700472777, 0.5513250955961273, -0.5616977547639268, -0.957143476290133, -0.3194685116563889, 0.5583140702934293, -0.9369076851581448, -0.5704748785199243, 0.7909812237182361, 0.3576275218813978, -0.736606599564914, 0.7844678064722572, 0.0012046948732887357, 0.4444314819484623, 0.0885638632078567, -0.4902806967776998, 0.7314696732446857, 0.7800527883127415, -0.41191400394463606, -0.2702177815611029, 0.5190145249683503, 0.2937800889306319, 0.8362861565301873, -0.4954217892221151, -0.5217462943919013, 0.41415084305646044, -0.3286690090576483, -0.04121335914001567, -0.25573077505846475, 0.7683252001921033]
101.99998474121094	(8, 12, 2)	[-0.7811047049204883, 0.6979662020951669, -0.6548225438113144, 0.3861440123412101, -0.07070832404247285, -0.9020573007796147, 0.3460261455732705, -0.16513175371930178, -0.44765027816307024, 0.08984271683462025, -0.03426554886888744, -0.816516906102018, 0.7836044018318706, 0.8209682346186984, -0.43768916132651636, 0.6507415895827494, 0.9610160194007613, 0.8026613750124723, 0.044668358233845185, 0.5895784507042248, -0.7920458477227157, 0.38190849564312146, -0.4903838733845667, -0.422493879356913, -0.15610702707386404, 0.2419920262666222, -0.6023746128084981, -0.1072869959840621, 0.6448707460010037, 0.9379546516832844, 0.24755691789124423, 0.9448711300364385, -0.0577480244822548, 0.48896020950837227, -0.4239029007304911, 0.011533572030578476, -0.05651948975456469, -0.19812411117170492, 0.0486319849427399, -0.6941286490777412, -0.2261483240003408, -0.3288570393079766, -0.565688422262961, 0.5371100292282684, 0.5847194394050534, 0.187016911687506, 0.48793798367752994, 0.10929292830222104, -0.24412517354412927, -0.9924756725094575, 0.16204530092055003, -0.9655479230333877, 0.19150462559937198, -0.9709197272161991, 0.8616088958241175, -0.526331333830947, -0.9672125995567646, 0.24958072916504925, -0.1630649711764302, 0.024411259649773198, 0.7116368364253582, 0.6566783394865472, -0.8526353010777752, 0.593188286918916, -0.11448206750978152, 0.538168242308261, 0.41664970928308875, 0.3765148219524832, -0.6861644663911428, 0.2068647557438743, 0.6916941723275025, -0.046416310337929145, -0.7607477263116937, -0.6937548635113335, -0.8864358721285073, -0.008501637487417835, 0.5458878550650504, -0.21345491015751605, -0.2874955614541812, -0.9494475715904147, 0.340966849402841, -0.09334653881540755, -0.565759483334001, -0.27632265568582803, -0.8540011383947854, -0.6872333437296445, 0.11416537525743947, -0.4578594880969904, 0.4361641820285961, -0.3618934914325632, 0.737408912863661, 0.20157060916515557, 0.35021050593924585, 0.39813251051759657, -0.3087147682646345, 0.5583140702934293, -0.9369076851581448, -0.18329064157265362, 0.8171124569506765, 0.3576275218813978, 0.23940368280182645, 0.7844678064722572, 0.0012046948732887357, -0.7909506488811152, 0.0885638632078567, -0.8033661249817763, 0.7314696732446857, -0.6366800627149207, -0.41191400394463606, 0.2192557227931368, 0.3701100044866714, -0.06489667799685805, 0.9763175931732202, -0.4954217892221151, -0.5217462943919013, -0.485655348779261, -0.4392068624924504, -0.04121335914001567, -0.25573077505846475, 0.7683252001921033]
101.99990844726562	(8, 12, 2)	[-0.7561464400640696, 0.216782846860875, -0.37218787776374374, 0.3861440123412101, 0.953220380759545, -0.9020573007796147, 0.3460261455732705, 0.15393701186737188, -0.44765027816307024, 0.08984271683462025, -0.3269684526293023, -0.8006093963968033, 0.7603727017672992, 0.8243867714951494, -0.38826957113237226, 0.5494473263971991, 0.19776312829954468, 0.47438462810637616, 0.044668358233845185, 0.5649034750439295, -0.6726778194138714, 0.38190849564312146, -0.5470549016626447, -0.41106390699871875, -0.9826066262512403, 0.47066197504892515, -0.562219595599861, -0.005841704289028776, 0.6448707460010037, 0.38278037486748273, 0.24755691789124423, 0.2560860085973673, -0.33731989009895336, 0.48896020950837227, -0.4239029007304911, -0.8578649978646702, -0.05651948975456469, -0.8695596306167321, 0.07203878759142311, -0.5563621229450765, -0.2261483240003408, 0.43288781431870027, -0.565688422262961, 0.5371100292282684, 0.5088659571321634, 0.187016911687506, -0.31643272355830365, -0.1851540632306088, -0.17331681914650932, -0.7165384960038788, 0.6927230610098121, -1.0, 0.19150462559937198, -0.9900770271586032, -0.33103404831074346, -0.526331333830947, -1.0, 0.22130430432505976, -0.5536403587648184, 0.7158459794108099, 0.7450309238375769, 0.25984932629920504, 0.24164189630329216, -0.8362119549971843, -0.11448206750978152, 0.0567984416721824, 0.41664970928308875, 0.36166277786919215, -0.6861644663911428, -0.8756859742044099, 0.6916941723275025, 0.6243204122662356, -0.7607477263116937, -0.6937548635113335, -0.7818651257598612, -0.008501637487417835, 0.30746060035456446, -0.21345491015751605, -0.2874955614541812, -0.9670875265179774, 0.250053103975178, -0.6885746307501851, -0.10068861496585944, -0.7435432680672043, -0.900835021806075, -0.6872333437296445, 0.11416537525743947, -0.05235914206460518, 0.48466942539841606, 0.6113148412037855, 0.8955311700472777, 0.5513250955961273, -0.5616977547639268, -0.957143476290133, -0.3194685116563889, 0.5583140702934293, -0.9369076851581448, -0.5704748785199243, 0.7909812237182361, 0.3576275218813978, -0.736606599564914, 0.7844678064722572, 0.0012046948732887357, 0.4444314819484623, 0.0885638632078567, -0.4902806967776998, 0.7314696732446857, 0.7800527883127415, -0.41191400394463606, -0.2702177815611029, 0.5190145249683503, 0.2937800889306319, 0.8362861565301873, -0.4954217892221151, -0.5217462943919013, 0.3164365565461209, -0.3286690090576483, -0.04121335914001567, -0.25573077505846475, 0.7683252001921033]
101.99980163574219	(8, 12, 2)	[-0.990769716294073, -0.12139572628108844, -0.5117955043815896, 0.3861440123412101, 0.5461088729271162, -0.9020573007796147, 0.34482252692896453, 0.15393701186737188, -0.6530964228683587, -0.0714039510672988, -0.03426554886888744, -0.8006093963968033, 0.7836044018318706, 0.8243867714951494, -0.38826957113237226, 0.5494473263971991, 0.19776312829954468, 0.8026613750124723, 0.1962581156033671, 0.5649034750439295, -0.6726778194138714, 0.106188286378182, -0.11175020510738065, -0.41106390699871875, -0.9826066262512403, -0.25312223162280545, -0.562219595599861, -0.0683151678798136, 0.6448707460010037, 1.0, 0.24755691789124423, 0.9448711300364385, -0.0577480244822548, -0.05711514462128631, -0.4239029007304911, 0.011533572030578476, 0.3054820212849596, -0.8695596306167321, 0.07203878759142311, -0.6941286490777412, -0.2261483240003408, 0.43288781431870027, -0.493632719312733, 0.5371100292282684, 0.5088659571321634, 0.24394996958809287, 0.48793798367752994, -0.1851540632306088, -0.7862088038115295, -0.7165384960038788, 0.22136896701781167, -0.9655479230333877, 0.19150462559937198, 0.7644451419394355, -0.33103404831074346, 0.5340287665476041, 0.9902829789718928, 0.24958072916504925, -0.5536403587648184, 0.024411259649773198, 0.7890942805615997, 0.5544041312622399, -0.8526353010777752, 0.47881731848678943, -0.11448206750978152, 0.03328726628969192, -0.14679632629732997, 0.3765148219524832, -0.6861644663911428, 0.2068647557438743, 0.6836055335835327, 0.5914219400711493, -0.7607477263116937, -0.6937548635113335, -0.7166623508454205, -0.008501637487417835, 0.8306211199955189, -0.702660089864235, -0.9129089565363495, -0.9494475715904147, 0.250053103975178, -0.2778101949232073, 0.14526940584914233, -0.27632265568582803, 0.06487084721215663, -0.6872333437296445, 0.17399222283424076, -0.05235914206460518, 0.48466942539841606, -0.6622557565915175, 0.737408912863661, 0.20157060916515557, -0.44501691096847784, -0.957143476290133, -0.3087147682646345, 0.5583140702934293, -1.0, 0.7991628715076453, 0.8171124569506765, 0.40499425098046293, 0.23940368280182645, 0.1346621386706799, 0.0012046948732887357, 0.3854200535715304, -0.037854184360138016, -0.4902806967776998, 0.7314696732446857, 0.7800527883127415, -0.1799362681755783, -0.2763876502925995, 0.4746042108184765, 0.2937800889306319, 0.9763175931732202, 0.9353819504484797, -0.5648320590017342, 0.41415084305646044, -0.4392068624924504, -0.16891438789769073, -0.25573077505846475, 0.7998468901275797]
101.99981689453125	(8, 12, 2)	[-0.990769716294073, 0.6979662020951669, -0.6505412672322529, 0.3861440123412101, 0.5461088729271162, -0.9020573007796147, 0.34482252692896453, 0.15393701186737188, -0.29784206640435806, 0.08984271683462025, -0.5276582427240477, -0.7932051069100123, 0.7603727017672992, 0.8209682346186984, -0.43768916132651636, 0.5494473263971991, 0.9610160194007613, 0.8026613750124723, -0.7643711622498714, 0.5895784507042248, -0.6726778194138714, 0.38190849564312146, -0.4903838733845667, -0.41106390699871875, -0.15610702707386404, -0.25312223162280545, -0.562219595599861, -0.1072869959840621, 0.6448707460010037, 0.7468571205058292, 0.24755691789124423, 0.21215731598669496, -0.0577480244822548, -0.05711514462128631, 0.04067964759779417, 0.011533572030578476, -0.05651948975456469, -0.8695596306167321, 0.0486319849427399, -0.6941286490777412, -0.2261483240003408, -0.3288570393079766, -0.565688422262961, 0.33912183952253455, 0.9984299099818361, 0.7642976858231387, 0.48793798367752994, 0.10929292830222104, -0.05254705168600271, -0.7165384960038788, -0.46215069795817154, -0.269719547647816, 0.19150462559937198, -0.9709197272161991, 0.9299969386135312, -0.38534737166917976, -0.9672125995567646, 0.13681102378123966, -0.1630649711764302, 0.024411259649773198, 0.7450309238375769, 0.5544041312622399, -0.11739398205057114, 0.47881731848678943, -0.11448206750978152, 0.538168242308261, 0.44355947703010346, 0.3765148219524832, -0.6861644663911428, 0.2068647557438743, 0.6916941723275025, -0.046416310337929145, 0.8762130571684597, -0.6937548635113335, -0.8864358721285073, -0.008501637487417835, 0.5458878550650504, -0.21345491015751605, -0.2874955614541812, 0.25569864984343615, 0.340966849402841, -0.09334653881540755, -0.565759483334001, -0.27632265568582803, -0.8540011383947854, -0.6872333437296445, 0.11416537525743947, -0.4578594880969904, 0.3051901790539995, -0.3618934914325632, 0.737408912863661, 0.510568755550676, -0.11256117975779834, 0.39813251051759657, -0.3087147682646345, 0.5583140702934293, -0.9369076851581448, -0.5704748785199243, 0.8171124569506765, 0.3576275218813978, 0.21169618731636258, 0.1346621386706799, -0.0053667003076211, -0.7909506488811152, 0.0885638632078567, -0.4902806967776998, 0.7314696732446857, -0.6366800627149207, 0.9134497523216256, 0.18516952934126202, 0.3701100044866714, -0.06489667799685805, 0.8362861565301873, 0.2755214962184691, -0.5217462943919013, -0.485655348779261, -0.4392068624924504, 0.9913828942536205, -0.25573077505846475, 0.018064396840993674]
101.99993896484375	(8, 12, 2)	[-0.990769716294073, 0.216782846860875, -0.6898555422729453, 0.9037701028871385, 0.5461088729271162, -0.9020573007796147, 0.3460261455732705, -0.16513175371930178, -0.44765027816307024, -0.0714039510672988, -0.4041866250613546, -0.816516906102018, 0.7836044018318706, 0.8190347160847922, -0.43768916132651636, 0.5494473263971991, 0.19776312829954468, 0.47438462810637616, 0.044668358233845185, 0.486620732642092, -0.6726778194138714, 0.106188286378182, -0.47101675222950035, -0.422493879356913, -0.15610702707386404, -0.3333592958539753, -0.562219595599861, -0.005841704289028776, 0.5408376146233237, 1.0, 0.24755691789124423, 0.23239270877595142, -0.33731989009895336, 0.48896020950837227, 0.35720643126229734, -0.9147819578861965, 0.3054820212849596, -0.8695596306167321, 0.0486319849427399, 0.457193725277699, -0.2261483240003408, 0.43288781431870027, -0.493632719312733, 0.33912183952253455, 0.5088659571321634, 0.187016911687506, 0.48793798367752994, 0.10929292830222104, -0.05374702280013155, -0.9924756725094575, 0.16204530092055003, -0.269719547647816, 0.19150462559937198, 0.7782304822486036, 0.9299969386135312, -0.38534737166917976, -1.0, 0.22130430432505976, -0.9586312849701261, 0.7158459794108099, 0.7890942805615997, 0.7424687188757619, 0.028516226207106365, 0.47881731848678943, -0.11448206750978152, 0.3703765273766867, 0.41664970928308875, 0.27832788088796345, -0.7192357107936629, 0.2068647557438743, 0.6916941723275025, 0.5764274135043106, -0.7607477263116937, -0.7690083592287895, -0.7818651257598612, -0.11317351707718205, 0.30746060035456446, -0.21345491015751605, -0.2874955614541812, -0.9494475715904147, 0.313766775610381, -0.5282712140152727, 0.5851067060393647, -0.10169404767010537, 0.12936637020500877, -0.5680306413666967, 0.05868061267004676, 0.23676176600777815, 0.4037183032341132, -0.47136708635697144, 0.6947167841288908, 0.6884772424332117, -0.47997266119464, -0.957143476290133, -0.3087147682646345, 0.5583140702934293, -0.9369076851581448, -0.5704748785199243, 0.8171124569506765, 0.3576275218813978, -0.736606599564914, 0.10902584226831494, 0.0012046948732887357, 0.3564332434816738, 0.0885638632078567, -0.8033661249817763, 0.7314696732446857, 0.7800527883127415, -0.4684517273094213, -0.3473875160544727, 0.5987347937308514, 0.6671920695780416, 0.8362861565301873, 0.2755214962184691, -0.5217462943919013, 0.2750756879500318, -0.4392068624924504, 0.9913828942536205, -0.25573077505846475, 0.018064396840993674]
101.99993133544922	(8, 12, 2)	[-0.7420948616607411, 0.6979662020951669, -0.6505412672322529, 0.3861440123412101, 0.953220380759545, -0.9020573007796147, 0.3460261455732705, 0.15393701186737188, -0.5918697579194359, -0.017684601659947216, -0.24790838044008626, -0.8006093963968033, 0.7836044018318706, 0.8243867714951494, -0.38826957113237226, 0.6507415895827494, 0.19776312829954468, 0.3538529569867461, 0.044668358233845185, 0.5895784507042248, -0.6726778194138714, 0.106188286378182, -0.8776879379292705, -0.422493879356913, -0.9826066262512403, -0.25312223162280545, -0.562219595599861, -0.0683151678798136, 0.6448707460010037, 1.0, 0.24755691789124423, 0.44208318410959824, -0.0577480244822548, -0.05711514462128631, -0.4239029007304911, -0.8578649978646702, -0.05651948975456469, -0.8695596306167321, 0.295103957871784, -0.6941286490777412, -0.6068720002302463, -0.25488736424560754, -0.565688422262961, 0.5371100292282684, 0.9984299099818361, 0.7642976858231387, -0.31643272355830365, 0.10929292830222104, -0.05254705168600271, -0.9924756725094575, 0.16204530092055003, -0.9655479230333877, -0.6787053072414964, -0.9900770271586032, 0.7853791911379189, -0.38534737166917976, -1.0, 0.22130430432505976, -0.5536403587648184, 0.024411259649773198, 0.7890942805615997, 0.5544041312622399, -0.023176064184596605, 0.47881731848678943, 0.07060427379677689, 0.03328726628969192, -0.14679632629732997, -0.3042347139448635, -0.6861644663911428, -0.8756859742044099, 0.5832072199718841, 0.4767796633880883, 0.8762130571684597, -0.8128194643549264, -0.8864358721285073, -0.008501637487417835, 0.5458878550650504, -0.702660089864235, -0.9129089565363495, 0.25569864984343615, 0.250053103975178, -0.6745827013691306, 0.14526940584914233, 0.4654442567273669, -0.5568559291459894, -0.560804006877042, 0.11416537525743947, 0.3072183630863643, 0.6297829529306979, 0.6113148412037855, 0.8099749414218366, 0.5513250955961273, -0.44501691096847784, -0.8819421227954118, -0.3087147682646345, 0.5583140702934293, -0.9369076851581448, -0.18329064157265362, -0.0864255695667615, -0.9623158594425408, 0.21169618731636258, 0.7844678064722572, -0.5083874121103549, 0.3854200535715304, 0.5556056820109538, -0.4902806967776998, 0.7872827314597893, -0.6366800627149207, 0.9134497523216256, -0.2702177815611029, 0.5190145249683503, 0.6671920695780416, 0.8362861565301873, -0.4954217892221151, -0.5217462943919013, 0.41415084305646044, -0.4392068624924504, 0.09336245838696053, -0.25573077505846475, 0.7683252001921033]
101.99998474121094	(8, 12, 2)	[-0.7420948616607411, 0.6979662020951669, -0.37218787776374374, 0.5110084206732503, 0.5461088729271162, -0.9020573007796147, 0.3460261455732705, 0.15393701186737188, -0.562824252380062, -0.0714039510672988, -0.24790838044008626, -0.8006093963968033, 0.7603727017672992, 0.8209682346186984, -0.5135817101534128, 0.5494473263971991, 0.19776312829954468, 0.8026613750124723, 0.1962581156033671, 0.5895784507042248, -0.6726778194138714, -0.02765350891079299, -0.5523472438341543, -0.422493879356913, -0.15610702707386404, -0.3048299020520744, -0.9320587550899919, -0.0683151678798136, 0.8030699641476683, 0.7468571205058292, 0.24755691789124423, 0.44208318410959824, -0.0577480244822548, 0.48896020950837227, -0.4239029007304911, -0.8578649978646702, 0.3054820212849596, -0.8695596306167321, -0.04752038515692601, -0.6941286490777412, -0.2261483240003408, -0.25488736424560754, -0.493632719312733, 0.5371100292282684, 0.9984299099818361, 0.7642976858231387, -0.31643272355830365, 0.10929292830222104, -0.05374702280013155, -0.7165384960038788, 0.16204530092055003, -0.269719547647816, -0.6787053072414964, 0.01682466203541466, 0.8616088958241175, -0.38534737166917976, -1.0, 0.22130430432505976, -0.8866207924544696, 0.024411259649773198, 0.7890942805615997, 0.5544041312622399, -0.8526353010777752, 0.47881731848678943, 0.07060427379677689, 0.03328726628969192, 0.41664970928308875, 0.3765148219524832, -0.6861644663911428, -0.8756859742044099, 0.5832072199718841, 0.4767796633880883, -0.7607477263116937, -0.3733118201022239, -0.8864358721285073, -0.008501637487417835, 0.30746060035456446, -0.9328712908398274, -0.9129089565363495, 0.25569864984343615, 0.250053103975178, -0.6745827013691306, 0.8075436127162456, 0.4654442567273669, -0.5568559291459894, -0.560804006877042, 0.11416537525743947, 0.37714634617457277, 0.48466942539841606, 0.676026217514919, 0.737408912863661, 0.5513250955961273, -0.27154844368255504, 0.39813251051759657, -0.39353100443937644, 0.5583140702934293, -0.9487355339367356, -0.6180507237106075, 0.8171124569506765, 0.3576275218813978, 0.21169618731636258, 0.1346621386706799, -0.0053667003076211, 0.3854200535715304, 0.0885638632078567, -0.021638361365354797, 0.8876402657358152, 0.7800527883127415, -0.41191400394463606, 0.18516952934126202, 0.5190145249683503, 0.2937800889306319, 0.024736308577977262, -0.4954217892221151, -0.5217462943919013, 0.41415084305646044, -0.4392068624924504, -0.04121335914001567, 0.7667699742540415, 0.7683252001921033]
101.99995422363281	(8, 12, 2)	[-0.7811047049204883, 0.03018571443917062, -0.6505412672322529, 0.3861440123412101, 0.5461088729271162, -0.850605067185806, 0.3460261455732705, 0.15393701186737188, -0.6792748900122018, -0.0714039510672988, -0.03426554886888744, -0.8006093963968033, 0.7836044018318706, 0.8243867714951494, -0.5135817101534128, 0.5611100748324578, 0.19776312829954468, 0.3538529569867461, 0.044668358233845185, 0.5895784507042248, -0.6726778194138714, 0.106188286378182, -0.8439457327806621, -0.43727934736667723, -0.15610702707386404, -0.3333592958539753, -0.562219595599861, -0.18273014962360723, 0.4524682120392932, 0.61338850656971, 0.24755691789124423, 0.9448711300364385, -0.0577480244822548, -0.05711514462128631, -0.4239029007304911, -0.8578649978646702, 0.28018890695967, -0.8695596306167321, 0.7872774550399846, -0.6941286490777412, -0.2261483240003408, -0.3288570393079766, -0.493632719312733, 0.6846401689496757, 0.9984299099818361, 0.7642976858231387, 0.48793798367752994, 0.10929292830222104, -0.05254705168600271, -0.6960045136733461, 0.15372585765866886, -0.269719547647816, 0.19150462559937198, 0.01682466203541466, -0.26562624151714265, -0.526331333830947, -1.0, 0.22130430432505976, -0.4821578384851283, 0.024411259649773198, 0.7450309238375769, 0.5544041312622399, -0.023176064184596605, 0.8889613081516936, 0.07951657706469184, 0.03328726628969192, -0.14679632629732997, -0.03284536640135394, -0.6861644663911428, -0.9606954914617425, 0.6060378535818027, 0.4767796633880883, 0.8762130571684597, -0.6937548635113335, 0.784006789891097, -0.008501637487417835, 0.30746060035456446, -0.702660089864235, -0.9129089565363495, 0.4969451650606318, 0.0995097744356728, -0.44002567440708185, 0.5851067060393647, -0.27632265568582803, -0.900835021806075, -0.6872333437296445, 0.20844200470143556, 0.4489833982673066, 0.48466942539841606, 0.4058020780444429, -0.2054695094472754, 0.5513250955961273, -0.5616977547639268, 0.06368119900505076, -0.3087147682646345, 0.7739307171016478, -0.9369076851581448, -0.5704748785199243, -0.7896284050394813, 0.3576275218813978, 0.21169618731636258, 0.7844678064722572, -0.5083874121103549, 0.4409369124173528, 0.07712607913132968, -0.4902806967776998, 0.7872827314597893, 0.7800527883127415, -0.1799362681755783, -0.2702177815611029, 0.4746042108184765, 0.08382770164542494, 0.8362861565301873, 0.2755214962184691, -0.5526311317582836, 0.41415084305646044, -0.3286690090576483, 0.4738100051460852, -0.25573077505846475, 0.7998468901275797]
101.99994659423828	(8, 12, 2)	[-0.6204512570982849, 0.6979662020951669, -0.37218787776374374, 0.3687874108997118, 0.5461088729271162, -0.9020573007796147, 0.3460261455732705, 0.15393701186737188, -0.6530964228683587, -0.0714039510672988, -0.34611914695954354, -0.8006093963968033, 0.7836044018318706, 0.8243867714951494, -0.43768916132651636, 0.5494473263971991, 0.19776312829954468, 0.47438462810637616, 0.1962581156033671, 0.486620732642092, -0.6726778194138714, -0.02765350891079299, -0.47101675222950035, -0.422493879356913, -0.15610702707386404, -0.3333592958539753, -0.562219595599861, -0.0683151678798136, 0.6448707460010037, 0.38278037486748273, 0.24755691789124423, 0.44208318410959824, -0.33731989009895336, 0.48896020950837227, -0.4239029007304911, -0.9147819578861965, 0.3054820212849596, -0.8695596306167321, 0.0486319849427399, 0.457193725277699, -0.2261483240003408, -0.25488736424560754, -0.17111962254127633, 0.7485318640052611, 0.5088659571321634, 0.187016911687506, 0.48793798367752994, 0.10929292830222104, -0.23080106649403523, -0.9924756725094575, 0.16204530092055003, -0.9655479230333877, 0.025157183072015227, 0.7782304822486036, -0.3710441454956152, 0.5340287665476041, -1.0, 0.13681102378123966, -0.5536403587648184, 0.7158459794108099, 0.7450309238375769, 0.7424687188757619, 0.17527730471477687, -0.46230279873142166, -0.11448206750978152, 0.03328726628969192, 0.41664970928308875, -0.3042347139448635, -0.7192357107936629, 0.2068647557438743, 0.4064744968547034, 0.5914219400711493, -0.7607477263116937, -0.6706618661134782, -0.7166623508454205, -0.6031677941280196, 0.30746060035456446, -0.702660089864235, -0.2874955614541812, -0.9494475715904147, 0.313766775610381, -0.5282712140152727, 0.5851067060393647, -0.7435432680672043, 0.06487084721215663, -0.560804006877042, -0.003691413923475939, 0.23676176600777815, 0.48466942539841606, 0.6113148412037855, 0.8955311700472777, 0.5513250955961273, -0.44501691096847784, -0.957143476290133, -0.3087147682646345, 0.5583140702934293, -0.9487355339367356, 0.7991628715076453, 0.8171124569506765, 0.3576275218813978, 0.21169618731636258, 0.27345175396093147, -0.5083874121103549, 0.3854200535715304, 0.0885638632078567, -0.8033661249817763, 0.7314696732446857, -0.6366800627149207, -0.3594031063347397, -0.3473875160544727, 0.5976880351775666, 0.2937800889306319, 0.024736308577977262, 0.2755214962184691, -0.5217462943919013, -0.485655348779261, -0.4392068624924504, 0.9913828942536205, -0.25573077505846475, 0.7998468901275797]
101.99999237060547	(8, 12, 2)	[-0.6204512570982849, 0.6979662020951669, -0.31507256794585425, 0.3861440123412101, 0.953220380759545, -0.850605067185806, 0.3460261455732705, -0.16513175371930178, -0.6530964228683587, -0.0714039510672988, -0.03426554886888744, -0.8006093963968033, 0.6911405793569468, 0.8209682346186984, -0.5135817101534128, 0.5494473263971991, 0.12815607328499043, 0.47438462810637616, 0.1962581156033671, 0.5649034750439295, -0.6726778194138714, 0.38190849564312146, -0.5523472438341543, -0.41106390699871875, -0.9826066262512403, -0.25312223162280545, -0.6122916750749803, -0.0683151678798136, 0.5927070361641382, 0.7468571205058292, 0.24755691789124423, 0.44208318410959824, -0.33731989009895336, -0.05711514462128631, -0.4239029007304911, -0.9147819578861965, -0.05651948975456469, -0.8695596306167321, 0.7872774550399846, -0.6941286490777412, -0.18752417331415522, -0.25488736424560754, -0.565688422262961, 0.7485318640052611, 0.5088659571321634, 0.7642976858231387, -0.31643272355830365, 0.10929292830222104, -0.05254705168600271, -0.9924756725094575, 0.22136896701781167, -0.9655479230333877, 0.19150462559937198, 0.7782304822486036, -0.33103404831074346, -0.38534737166917976, -0.9971791768441997, 0.13681102378123966, -0.8866207924544696, 0.024411259649773198, 0.7890942805615997, 0.5544041312622399, 0.028516226207106365, 0.47881731848678943, -0.11448206750978152, 0.03328726628969192, -0.14679632629732997, 0.27832788088796345, -0.6861644663911428, 0.319275953495818, 0.7642962708357428, 0.6243204122662356, -0.7607477263116937, -0.6706618661134782, -0.7818651257598612, -0.19156079203626758, 0.30746060035456446, -0.9328712908398274, -0.9370973147149384, -0.7343191083288352, 0.3736695498416074, -0.6745827013691306, 0.5851067060393647, -0.13869145587179357, -0.5568559291459894, -0.5212779628732747, 0.11416537525743947, 0.23676176600777815, 0.48466942539841606, 0.6113148412037855, 0.737408912863661, 0.5513250955961273, -0.49618397620218196, -0.7459175018346984, -0.3194685116563889, 0.5583140702934293, -0.9369076851581448, -0.18329064157265362, 0.8171124569506765, 0.3576275218813978, 0.21169618731636258, 0.1346621386706799, -0.5807699774845707, 0.3854200535715304, -0.39129217702357644, -0.4902806967776998, 0.6049858707156839, 0.7800527883127415, -0.41191400394463606, -0.2702177815611029, 0.5190145249683503, 0.2937800889306319, 0.024736308577977262, 0.2755214962184691, -0.5217462943919013, -0.5979429144975023, -0.4392068624924504, 0.17267710746965556, 0.028642369137588164, 0.7998468901275797]
101.99998474121094	(8, 12, 2)	[-0.6204512570982849, 0.6979662020951669, -0.6790304787861621, 0.5110084206732503, 0.5461088729271162, -0.9020573007796147, 0.3460261455732705, -0.16513175371930178, -0.6530964228683587, -0.0714039510672988, -0.03426554886888744, -0.8006093963968033, 0.7603727017672992, 0.8243867714951494, -0.5135817101534128, 0.5494473263971991, 0.19776312829954468, 0.3538529569867461, 0.1962581156033671, 0.5895784507042248, -0.6726778194138714, -0.05034886048506648, -0.06203038634055206, -0.8966652501929149, -0.9826066262512403, -0.25312223162280545, -0.562219595599861, -0.1072869959840621, 0.6448707460010037, 0.7468571205058292, 0.17795526768794565, 0.9448711300364385, -0.0577480244822548, -0.05711514462128631, 0.04067964759779417, -0.8578649978646702, 0.3054820212849596, -0.8695596306167321, 0.9486780809700344, -0.6941286490777412, -0.2261483240003408, -0.25488736424560754, -0.565688422262961, 0.5371100292282684, 0.9984299099818361, 0.187016911687506, 0.48793798367752994, 0.10929292830222104, -0.07936459601983244, -0.7842867447362845, 0.16204530092055003, -0.269719547647816, -0.5025341784531256, 0.7644451419394355, -0.3710441454956152, -0.526331333830947, -1.0, 0.22130430432505976, -0.9586312849701261, 0.7158459794108099, 0.7593045805587959, 0.5544041312622399, -0.8850888332375783, 0.47881731848678943, -0.11448206750978152, 0.0567984416721824, -0.14679632629732997, -0.01350393635174494, -0.6861644663911428, -0.7830375744821197, 0.6916941723275025, -0.046416310337929145, -0.7548652707092232, -0.6937548635113335, -0.7818651257598612, -0.6031677941280196, 0.5139008151045984, -0.9328712908398274, -0.9129089565363495, 0.25569864984343615, 0.250053103975178, -0.44002567440708185, 0.5851067060393647, -0.17078124479780266, -0.5568559291459894, -0.6872333437296445, -0.003691413923475939, -0.05235914206460518, 0.4037183032341132, 0.34998921749288486, 0.737408912863661, 0.5513250955961273, -0.5616977547639268, -0.957143476290133, -0.1781269044740169, 0.5583140702934293, -0.9369076851581448, -0.18329064157265362, 0.8171124569506765, -0.8690385110249315, -0.736606599564914, 0.7844678064722572, -0.22330223975190136, 0.3854200535715304, 0.07712607913132968, -0.6023593442308526, 0.7314696732446857, 0.7800527883127415, -0.22554829266608856, -0.3044626705232095, 0.5987347937308514, 0.6671920695780416, 0.9763175931732202, 0.9353819504484797, -0.5217462943919013, -0.485655348779261, -0.3286690090576483, 1.0, 0.028642369137588164, -0.8139685404650783]
101.99998474121094	(8, 12, 2)	[-0.1975893679430032, 0.8357812949508593, -0.6505412672322529, 0.3687874108997118, 0.5461088729271162, -0.850605067185806, 0.3460261455732705, 0.15393701186737188, -0.44765027816307024, -0.017684601659947216, -0.24790838044008626, -0.8006093963968033, 0.7836044018318706, 0.8243867714951494, -0.5135817101534128, 0.5494473263971991, 0.19776312829954468, 0.47438462810637616, 0.1962581156033671, 0.4631528739642259, -0.7920458477227157, -0.02765350891079299, -0.9192586154851577, -0.422493879356913, -1.0, -0.25312223162280545, -0.562219595599861, -0.005841704289028776, 0.6448707460010037, 0.38278037486748273, 0.1619075566534459, 0.9448711300364385, -0.33731989009895336, -0.05711514462128631, -0.4239029007304911, -0.8578649978646702, 0.3054820212849596, -0.8695596306167321, 0.7872774550399846, -0.6430089708459887, -0.6068720002302463, -0.25488736424560754, -0.493632719312733, 0.5371100292282684, 0.5088659571321634, 0.187016911687506, 0.48793798367752994, 0.10929292830222104, -0.24412517354412927, -0.9924756725094575, 0.16204530092055003, -0.269719547647816, 0.19150462559937198, 0.7782304822486036, -0.3710441454956152, -0.526331333830947, -1.0, 0.22130430432505976, -0.8680183754131916, 0.7158459794108099, 0.7479164312298215, 0.5544041312622399, -0.023176064184596605, -0.46230279873142166, 0.07060427379677689, 0.03328726628969192, 0.44355947703010346, -0.3042347139448635, -0.6861644663911428, 0.1252788986331513, 0.6836055335835327, 0.4767796633880883, -0.7607477263116937, -0.6937548635113335, -0.8864358721285073, -0.008501637487417835, 0.30746060035456446, -0.702660089864235, -0.2874955614541812, -0.9494475715904147, 0.250053103975178, -0.3202319083399986, 0.8075436127162456, -0.7435432680672043, 0.12936637020500877, -0.560804006877042, 0.11416537525743947, 0.23676176600777815, 0.2558813183451457, 0.6130199427901203, 0.6947167841288908, 0.6923709330556114, -0.38674420554571837, -0.7459175018346984, -0.3087147682646345, 0.5583140702934293, -0.9369076851581448, -0.5704748785199243, 0.8171124569506765, 0.3576275218813978, -0.736606599564914, 0.1346621386706799, 0.0012046948732887357, 0.3564332434816738, 0.12043388866434242, -0.021638361365354797, 0.7314696732446857, 0.7800527883127415, -0.22554829266608856, 0.509666015132137, 0.5190145249683503, -0.06489667799685805, 0.8362861565301873, -0.5203024125738511, -0.5648320590017342, 0.41415084305646044, -0.3286690090576483, 0.09336245838696053, -0.243158655632636, -0.041380879401839155]
101.99996948242188	(8, 12, 2)	[-0.7420948616607411, 0.9399868333311867, -0.5940318238353144, 0.5110084206732503, 0.5461088729271162, -0.9020573007796147, 0.34482252692896453, 0.15393701186737188, -0.6530964228683587, 0.042659757590777, -0.03426554886888744, -0.1927342683018466, 0.7836044018318706, 0.8209682346186984, -0.43768916132651636, 0.5494473263971991, 0.19776312829954468, 0.47438462810637616, 0.1962581156033671, 0.5895784507042248, -0.6726778194138714, 0.106188286378182, -0.9192586154851577, -0.422493879356913, -0.9826066262512403, -0.22330553501024364, -0.9320587550899919, -0.005841704289028776, 0.4524682120392932, 1.0, 0.17795526768794565, 0.44208318410959824, -0.0577480244822548, -0.05711514462128631, -0.4239029007304911, -0.8578649978646702, 0.3054820212849596, -0.8695596306167321, -0.04752038515692601, -0.6941286490777412, -0.2261483240003408, -0.3288570393079766, -0.493632719312733, 0.5371100292282684, 0.9984299099818361, 0.187016911687506, 0.37375793635101645, 0.007250829370576972, -0.05254705168600271, -0.7165384960038788, -0.5225442420522023, -0.269719547647816, 0.19150462559937198, 0.7644451419394355, 0.7853791911379189, -0.38534737166917976, -1.0, 0.25313142829025803, -0.5536403587648184, 0.7158459794108099, 0.7890942805615997, 0.5544041312622399, -0.7566166934536875, 0.47881731848678943, -0.11448206750978152, 0.03328726628969192, 0.41664970928308875, 0.3765148219524832, -0.6861644663911428, -0.9606954914617425, 0.6916941723275025, 0.4767796633880883, -0.7607477263116937, -0.5711470579469492, -0.7166623508454205, -0.008501637487417835, 0.5458878550650504, -0.702660089864235, -0.2874955614541812, 0.25569864984343615, 0.313766775610381, -0.4043400179961413, 0.63419125525357, -0.7435432680672043, -0.900835021806075, -0.6872333437296445, 0.17399222283424076, -0.05235914206460518, 0.3051901790539995, -0.47136708635697144, 0.6947167841288908, 0.5513250955961273, -0.40795250140116346, 0.39813251051759657, -0.3194685116563889, 0.5583140702934293, -0.9080251757916833, -0.5704748785199243, 0.8171124569506765, 0.3576275218813978, 0.13451208573613116, 0.1346621386706799, -0.5807699774845707, 0.3854200535715304, 0.5556056820109538, -0.4902806967776998, 0.7872827314597893, -0.6366800627149207, 0.8175937972148392, 0.6713794254365972, 0.5190145249683503, 0.6671920695780416, 1.0, -0.4954217892221151, -0.5648320590017342, 0.062052163420089596, -0.3286690090576483, -0.04121335914001567, -0.25573077505846475, 0.03113143802307316]
101.99999237060547	(8, 12, 2)	[-0.6204512570982849, 0.03018571443917062, -0.6505412672322529, 0.3861440123412101, 0.953220380759545, -0.850605067185806, 0.3460261455732705, -0.16513175371930178, -0.44765027816307024, -0.0714039510672988, -0.03426554886888744, -0.8006093963968033, 0.6911405793569468, 0.8243867714951494, -0.5135817101534128, 0.5494473263971991, 0.319420224880011, 0.8026613750124723, 0.1962581156033671, 0.5735425975155448, -0.7920458477227157, -0.05034886048506648, -0.5523472438341543, -0.43727934736667723, -0.9826066262512403, -0.25312223162280545, -0.599675220503256, -0.0683151678798136, 0.8030699641476683, 0.38278037486748273, 0.17795526768794565, 0.5306926479902133, -0.0577480244822548, -0.05711514462128631, -0.4239029007304911, -0.8578649978646702, 0.3054820212849596, -0.8695596306167321, -0.04752038515692601, -0.6941286490777412, -0.2261483240003408, -0.25488736424560754, -0.493632719312733, 0.7485318640052611, 0.9984299099818361, 0.187016911687506, 0.48793798367752994, 0.10929292830222104, -0.33437441559546777, -0.6960045136733461, -0.5225442420522023, -0.9655479230333877, -0.5025341784531256, 0.01682466203541466, -0.33103404831074346, 0.5340287665476041, -1.0, 0.24958072916504925, -0.9702231168434227, 0.024411259649773198, 0.7890942805615997, 0.5544041312622399, -0.8526353010777752, 0.47881731848678943, -0.11448206750978152, 0.03328726628969192, -0.14679632629732997, 0.008822825303416298, -0.6861644663911428, -0.7830375744821197, 0.5832072199718841, 0.4767796633880883, -0.7607477263116937, -0.5547950253592802, -0.7818651257598612, -0.008501637487417835, 0.5139008151045984, -0.9328712908398274, -1.0, -0.7343191083288352, 0.7963141016440648, -0.44002567440708185, 0.8075436127162456, -0.7435432680672043, -0.900835021806075, -0.6872333437296445, 0.20844200470143556, -0.05235914206460518, 0.48466942539841606, 0.4058020780444429, 0.737408912863661, 0.5513250955961273, -0.44501691096847784, 0.06368119900505076, -0.3194685116563889, 0.5583140702934293, -0.9369076851581448, 0.7991628715076453, 0.036742333514427905, 0.3576275218813978, -0.736606599564914, 0.7844678064722572, 0.0012046948732887357, 0.3854200535715304, 0.07712607913132968, -0.4902806967776998, 0.9987012834187301, 0.7800527883127415, -0.41191400394463606, -0.2702177815611029, 0.4746042108184765, 0.6671920695780416, 0.9763175931732202, 0.2755214962184691, -0.5217462943919013, 0.41415084305646044, -0.4392068624924504, 0.9913828942536205, 0.028642369137588164, -0.3472082631663791]
101.9999771118164	(8, 12, 2)	[-0.6204512570982849, 0.9399868333311867, -0.6790304787861621, 0.5110084206732503, 0.953220380759545, -0.9020573007796147, 0.3460261455732705, 0.15393701186737188, -0.6792748900122018, -0.0714039510672988, -0.5276582427240477, -0.8543223811032811, 0.7603727017672992, 0.8243867714951494, -0.43768916132651636, 0.5494473263971991, 0.19776312829954468, 0.47438462810637616, 0.1962581156033671, 0.41437689045535997, -0.6726778194138714, 0.38190849564312146, -0.5523472438341543, -0.43727934736667723, -0.15610702707386404, -0.3048299020520744, -0.562219595599861, 0.05570956372436143, 0.6448707460010037, 0.9496653260832703, 0.17795526768794565, 0.8181647296762025, -0.33731989009895336, -0.11626988692358427, -0.4239029007304911, -0.8578649978646702, 0.3054820212849596, 0.47212692771051246, -0.04752038515692601, -0.8249467479336349, -0.18752417331415522, -0.25488736424560754, -0.17111962254127633, 0.6846401689496757, 0.9984299099818361, 0.7642976858231387, -0.31643272355830365, -0.1851540632306088, -0.05374702280013155, -0.6960045136733461, 0.16204530092055003, 0.2712673021241535, 0.19150462559937198, 0.7782304822486036, 0.9299969386135312, 0.5340287665476041, -0.9672125995567646, 0.24958072916504925, -0.41151219746714573, 0.024411259649773198, 0.7890942805615997, 0.5544041312622399, -0.023176064184596605, 0.47881731848678943, -0.11448206750978152, 0.3703765273766867, -0.14679632629732997, 0.27832788088796345, -0.6861644663911428, 0.2068647557438743, 0.6060378535818027, 0.6243204122662356, -0.7607477263116937, -0.5547950253592802, -0.8864358721285073, -0.008501637487417835, 0.30746060035456446, -0.29057361788942737, -0.2874955614541812, 0.4969451650606318, 0.313766775610381, -0.6745827013691306, 0.5851067060393647, -0.7435432680672043, -0.900835021806075, -0.5212779628732747, 0.20844200470143556, -0.05235914206460518, 0.48466942539841606, 0.3054414848700936, -0.2054695094472754, 0.5513250955961273, -0.11256117975779834, 0.06368119900505076, -0.3194685116563889, 0.6146867327862751, -0.9369076851581448, -0.5704748785199243, 0.8171124569506765, 0.3576275218813978, 0.21169618731636258, 0.1346621386706799, 0.0012046948732887357, 0.3854200535715304, 0.1484269684076272, -0.4902806967776998, 0.7314696732446857, -0.6366800627149207, -0.4684517273094213, 0.18516952934126202, 0.4746042108184765, 0.6671920695780416, 0.024736308577977262, 0.2755214962184691, -0.4063389362381162, 0.41415084305646044, -0.3286690090576483, 0.4738100051460852, -0.25573077505846475, -0.8139685404650783]
102.0	(8, 12, 2)	[-0.7811047049204883, 0.03018571443917062, -0.6790304787861621, 0.5110084206732503, 0.5461088729271162, -0.9020573007796147, 0.3460261455732705, 0.15393701186737188, -0.44765027816307024, 0.16080643084148594, -0.24790838044008626, -0.8006093963968033, 0.7836044018318706, 0.8190347160847922, -0.43768916132651636, 0.5611100748324578, 0.19776312829954468, 0.47438462810637616, 0.1962581156033671, 0.486620732642092, -0.7920458477227157, 0.106188286378182, -0.47101675222950035, -0.43727934736667723, -0.9826066262512403, -0.3333592958539753, -0.562219595599861, -0.0683151678798136, 0.6448707460010037, 0.731241344047659, 0.24321094292559786, 0.9448711300364385, -0.0577480244822548, 0.22703795302023333, -0.4239029007304911, -0.8578649978646702, 0.3054820212849596, 0.47212692771051246, 0.07203878759142311, -0.878962775791984, -0.2261483240003408, -0.3288570393079766, -0.493632719312733, 0.5371100292282684, 0.9984299099818361, 0.7642976858231387, 0.48793798367752994, 0.10929292830222104, -0.05254705168600271, -0.7165384960038788, 0.16204530092055003, -0.9655479230333877, 0.06067033297494512, 0.7644451419394355, 0.9299969386135312, -0.2849720821965871, -1.0, 0.3769703042634015, -0.5536403587648184, 0.7158459794108099, 0.7479164312298215, 0.5544041312622399, -0.8526353010777752, 0.47881731848678943, -0.11448206750978152, 0.03328726628969192, -0.14679632629732997, -0.004882183497625356, -0.6861644663911428, 0.1252788986331513, 0.5832072199718841, 0.4767796633880883, -0.7548652707092232, -0.6937548635113335, -0.7818651257598612, -0.008501637487417835, 0.30746060035456446, -0.9328712908398274, -0.9129089565363495, -0.9494475715904147, 0.250053103975178, -0.44002567440708185, 0.8075436127162456, -0.7435432680672043, -0.8540011383947854, -0.6089867722322448, 0.20844200470143556, 0.23676176600777815, 0.3051901790539995, 0.676026217514919, 0.737408912863661, 0.5513250955961273, -0.49618397620218196, -0.957143476290133, -0.3087147682646345, 0.5583140702934293, -0.9369076851581448, -0.6180507237106075, 0.8171124569506765, 0.3576275218813978, 0.21169618731636258, 0.1346621386706799, -0.5083874121103549, 0.4444314819484623, 0.0885638632078567, -0.021638361365354797, 0.6049858707156839, 0.7800527883127415, -0.41191400394463606, -0.3473875160544727, 0.5190145249683503, 0.6671920695780416, 0.730534093627035, -0.4954217892221151, -0.5217462943919013, 0.41415084305646044, -0.3286690090576483, -0.04121335914001567, 0.028642369137588164, 0.7683252001921033]
101.9999771118164	(8, 12, 2)	[-0.7420948616607411, 0.3643557679167256, -0.6505412672322529, 0.4237296913656374, 0.5461088729271162, -0.9847693965220978, 0.3460261455732705, -0.16513175371930178, -0.44765027816307024, -0.0714039510672988, -0.3690124447185795, -0.8006093963968033, 0.7836044018318706, 0.8243867714951494, -0.669155945991192, 0.621263049454641, 0.19776312829954468, 0.3538529569867461, 0.1962581156033671, 0.5895784507042248, -0.6726778194138714, -0.05034886048506648, -0.5523472438341543, -0.43727934736667723, -0.9826066262512403, -0.25312223162280545, -0.562219595599861, -0.0683151678798136, 0.5408376146233237, 0.3325257974172094, 0.17795526768794565, 0.5306926479902133, -0.0577480244822548, -0.05711514462128631, -0.4239029007304911, -0.8578649978646702, 0.3054820212849596, -0.8695596306167321, -0.04752038515692601, -0.6941286490777412, -0.2261483240003408, -0.25488736424560754, -0.493632719312733, 0.731694961623529, 0.9984299099818361, 0.7642976858231387, -0.31643272355830365, 0.10929292830222104, -0.33437441559546777, -0.6960045136733461, 0.15372585765866886, -0.269719547647816, -0.5025341784531256, 0.01682466203541466, -0.33103404831074346, 0.5340287665476041, -1.0, 0.24958072916504925, -0.9702231168434227, 0.024411259649773198, 0.7890942805615997, 0.5544041312622399, -0.75035762018616, 0.47881731848678943, -0.15845325975030142, 0.03328726628969192, -0.14679632629732997, 0.27832788088796345, -0.6861644663911428, -0.7830375744821197, 0.6060378535818027, 0.6243204122662356, -0.7548652707092232, -0.5547950253592802, -0.8864358721285073, -0.795823072851159, 0.30746060035456446, -0.9328712908398274, -1.0, -0.7343191083288352, 0.3736695498416074, -0.44002567440708185, 0.8075436127162456, -0.8996871108165181, -0.5568559291459894, -0.6872333437296445, 0.20844200470143556, 0.4489833982673066, 0.4037183032341132, 0.4058020780444429, 0.737408912863661, 0.5513250955961273, -0.44501691096847784, -0.7459175018346984, -0.3194685116563889, 0.5583140702934293, -0.9369076851581448, -0.5704748785199243, 0.036742333514427905, 0.3576275218813978, -0.736606599564914, 0.27345175396093147, 0.0012046948732887357, 0.3854200535715304, -0.39129217702357644, -0.4902806967776998, 0.9987012834187301, 0.7800527883127415, -0.01599781926350133, -0.2702177815611029, 0.4746042108184765, 0.6671920695780416, 0.8362861565301873, 0.2755214962184691, -0.5526311317582836, 0.41415084305646044, -0.4392068624924504, 0.09336245838696053, 0.028642369137588164, -0.3472082631663791]
101.99998474121094	(8, 12, 2)	[-0.7420948616607411, 0.216782846860875, -0.5117955043815896, 0.3861440123412101, 1.0, -0.9020573007796147, 0.3460261455732705, 0.15393701186737188, -0.6792748900122018, -0.0714039510672988, -0.12746246892984597, -0.8006093963968033, 0.7836044018318706, 0.8209682346186984, -0.6170280161839288, 0.5494473263971991, 0.19776312829954468, 0.8026613750124723, 0.044668358233845185, 0.41437689045535997, -0.6726778194138714, 0.106188286378182, -0.6867738501591194, -0.43727934736667723, -0.9826066262512403, -0.3333592958539753, -0.562219595599861, -0.12282197840501233, 0.6448707460010037, 0.7502913860304359, 0.17795526768794565, 0.5807094804824704, -0.33731989009895336, -0.05711514462128631, -0.4239029007304911, -0.8578649978646702, 0.3054820212849596, -0.8695596306167321, 0.7872774550399846, -0.6941286490777412, -0.18752417331415522, -0.25488736424560754, -0.3968927443046011, 0.6846401689496757, 0.9984299099818361, 0.03291531201064493, -0.11479865491559797, -0.1851540632306088, -0.05374702280013155, -0.6960045136733461, 0.16204530092055003, -0.06937261148160373, -0.5025341784531256, 0.7644451419394355, -0.33103404831074346, -0.38534737166917976, -1.0, 0.22130430432505976, -0.8866207924544696, 0.7158459794108099, 0.7890942805615997, 0.5544041312622399, 0.028516226207106365, 0.5533535998738024, -0.11448206750978152, 0.03328726628969192, 0.41664970928308875, 0.008822825303416298, -0.7192357107936629, 0.2068647557438743, 0.6916941723275025, 0.6243204122662356, 0.8762130571684597, -0.5547950253592802, -0.8864358721285073, -0.008501637487417835, 0.30746060035456446, -0.702660089864235, -0.9129089565363495, -0.7343191083288352, 0.313766775610381, -0.6745827013691306, 0.5851067060393647, -0.7435432680672043, -0.900835021806075, -0.6872333437296445, -0.003691413923475939, -0.05235914206460518, 0.48466942539841606, 0.3054414848700936, 0.737408912863661, 0.5513250955961273, -0.45599091472595477, 0.06368119900505076, -0.3087147682646345, 0.5583140702934293, -0.9369076851581448, 0.7991628715076453, -0.7896284050394813, -0.8690385110249315, 0.13451208573613116, 0.1346621386706799, -0.5083874121103549, 0.4409369124173528, 0.09381371324719938, -0.4902806967776998, 0.6906800600343125, 0.7800527883127415, -0.41191400394463606, -0.2702177815611029, 0.5190145249683503, 0.6671920695780416, 0.024736308577977262, 0.2755214962184691, -0.5217462943919013, 0.062052163420089596, -0.4392068624924504, 0.08447580234112811, 0.028642369137588164, 0.7683252001921033]
101.99996948242188	(8, 12, 2)	[-0.7811047049204883, 0.6562265537679539, -0.6790304787861621, 0.3861440123412101, 0.5461088729271162, -0.9020573007796147, 0.3460261455732705, 0.15393701186737188, -0.44765027816307024, -0.0714039510672988, -0.24790838044008626, -0.8006093963968033, 0.7836044018318706, 0.8243867714951494, -0.43768916132651636, 0.5494473263971991, 0.19776312829954468, 0.3538529569867461, 0.044668358233845185, 0.5649034750439295, -0.7920458477227157, 0.07458710406288602, -0.5523472438341543, -0.43727934736667723, -0.20318498077769595, -0.3333592958539753, -0.562219595599861, -0.005841704289028776, 0.6506300418997921, 0.7502913860304359, 0.24755691789124423, 0.23239270877595142, -0.33731989009895336, -0.05711514462128631, -0.4239029007304911, -0.8578649978646702, 0.15784049494084265, -0.8695596306167321, -0.04752038515692601, -0.7885051187976418, -0.2261483240003408, -0.25488736424560754, -0.8828621585115177, 0.7485318640052611, 0.9984299099818361, 0.7642976858231387, -0.31643272355830365, 0.007250829370576972, -0.7252099587512727, -0.9924756725094575, 0.15372585765866886, -0.269719547647816, 0.19150462559937198, 0.3219266373084879, -0.47322314159622403, -0.526331333830947, -1.0, 0.22130430432505976, -0.9702231168434227, 0.7158459794108099, 0.7890942805615997, 0.5544041312622399, -0.023176064184596605, 0.47881731848678943, -0.15845325975030142, 0.06547193712683141, -0.14679632629732997, -0.03284536640135394, -0.6861644663911428, 0.2068647557438743, 0.6916941723275025, 0.4767796633880883, -0.7607477263116937, -0.6994053221611254, -0.8864358721285073, -0.008501637487417835, 0.30746060035456446, -0.702660089864235, -0.9370973147149384, 0.4969451650606318, 0.250053103975178, -0.4043400179961413, 0.5851067060393647, -0.7435432680672043, -0.07675976757706182, -0.5212779628732747, 0.17399222283424076, 0.4489833982673066, 0.48466942539841606, 0.30793952608888053, 0.737408912863661, 0.5513250955961273, -0.44501691096847784, -0.7459175018346984, -0.1604455553137964, 0.5583140702934293, -0.9369076851581448, -0.5704748785199243, -0.0864255695667615, 0.3576275218813978, 0.21169618731636258, 0.1681956005504528, -0.5807699774845707, 0.4675468932492227, 0.0885638632078567, -0.4902806967776998, 0.6049858707156839, -0.6366800627149207, -0.41191400394463606, -0.2702177815611029, 0.4746042108184765, -0.06489667799685805, 0.730534093627035, -0.4954217892221151, -0.5526311317582836, 0.1359521708600877, -0.3286690090576483, -0.04121335914001567, -0.25573077505846475, 0.1653855007943942]
101.99996948242188	(8, 12, 2)	[-0.7811047049204883, 0.9399868333311867, -0.6505412672322529, 0.5110084206732503, 0.5461088729271162, -0.9020573007796147, 0.3460261455732705, 0.15393701186737188, -0.6530964228683587, -0.0714039510672988, -0.24790838044008626, -0.8006093963968033, 0.7836044018318706, 0.9452220025847731, -0.43768916132651636, 0.5611100748324578, 0.19776312829954468, 0.47438462810637616, 0.044668358233845185, 0.5895784507042248, -0.6828192998474715, 0.38190849564312146, -0.5523472438341543, -0.422493879356913, -0.9826066262512403, -0.3333592958539753, -0.562219595599861, -0.005841704289028776, 0.47889782274600023, 1.0, 0.24755691789124423, 0.5306926479902133, -0.0577480244822548, -0.05711514462128631, -0.4239029007304911, -0.9147819578861965, 0.4070891282939211, -0.8695596306167321, 0.7872774550399846, -0.6941286490777412, -0.6068720002302463, -0.25488736424560754, -0.8828621585115177, 0.7485318640052611, 0.9984299099818361, 0.24394996958809287, 0.48793798367752994, 0.10929292830222104, -0.05025280806533323, -0.6960045136733461, 0.16204530092055003, -0.9655479230333877, 0.06067033297494512, 0.7644451419394355, -0.42923419446272937, -0.38534737166917976, -1.0, 0.22130430432505976, -0.5536403587648184, 0.6475117082093634, 0.7890942805615997, 0.5544041312622399, -0.8850888332375783, 0.47881731848678943, -0.20290897354427628, 0.03328726628969192, 0.41664970928308875, -0.03284536640135394, -0.6861644663911428, 0.319275953495818, 0.5832072199718841, 0.4767796633880883, -0.7548652707092232, -0.5547950253592802, -0.7818651257598612, -0.008501637487417835, 0.30746060035456446, -0.9328712908398274, -0.9129089565363495, 0.25569864984343615, 0.313766775610381, -0.6745827013691306, 0.5851067060393647, 0.4654442567273669, -0.8540011383947854, -0.6672094603198919, -0.003691413923475939, 0.23676176600777815, 0.3051901790539995, 0.6106535430915638, 0.6947167841288908, 0.5513250955961273, -0.49618397620218196, -0.957143476290133, -0.3087147682646345, 0.5583140702934293, -1.0, -0.5704748785199243, 0.8171124569506765, 0.3576275218813978, 0.21169618731636258, 0.1346621386706799, 0.0012046948732887357, 0.537106566923834, 0.07712607913132968, -0.4902806967776998, 0.7872827314597893, 0.7800527883127415, -0.4684517273094213, -0.3473875160544727, 0.5190145249683503, 0.6671920695780416, 0.730534093627035, 0.2755214962184691, -0.5217462943919013, 0.41415084305646044, -0.3286690090576483, 0.9913828942536205, -0.25573077505846475, 0.7683252001921033]
101.99999237060547	(8, 12, 2)	[-0.7811047049204883, 0.6955367323671626, -0.37218787776374374, 0.5110084206732503, 0.5461088729271162, -0.850605067185806, 0.3460261455732705, 0.15393701186737188, -0.6530964228683587, -0.0714039510672988, -0.25541209959611505, -0.8006093963968033, 0.7836044018318706, 0.8243867714951494, -0.5135817101534128, 0.5494473263971991, 0.19776312829954468, 0.3538529569867461, 0.1962581156033671, 0.5590637121433938, -0.7614703789293719, 0.060221955231543875, -0.9192586154851577, -0.41106390699871875, -0.9826066262512403, -0.25312223162280545, -0.562219595599861, -0.0683151678798136, 0.4524682120392932, 0.7468571205058292, 0.24755691789124423, 1.0, -0.33731989009895336, -0.05711514462128631, -0.4239029007304911, -0.9147819578861965, -0.05651948975456469, -0.8695596306167321, 0.07203878759142311, -0.6941286490777412, -0.18752417331415522, -0.25488736424560754, -0.565688422262961, 0.7485318640052611, 0.5088659571321634, 0.7642976858231387, 0.48793798367752994, 0.009210357704611552, -0.05374702280013155, -0.6960045136733461, 0.16204530092055003, -1.0, 0.19150462559937198, 0.3219266373084879, -0.33103404831074346, -0.2849720821965871, -0.9971791768441997, 0.30880318722201894, -0.5536403587648184, 0.7158459794108099, 0.7890942805615997, 0.5544041312622399, -0.8850888332375783, 0.47881731848678943, -0.15845325975030142, 0.03328726628969192, 0.41664970928308875, -0.03284536640135394, -0.6861644663911428, -0.7830375744821197, 0.7642962708357428, 0.3960559045855862, -0.7607477263116937, -0.5547950253592802, -0.8864358721285073, -0.008501637487417835, 0.30746060035456446, -0.9328712908398274, -1.0, -0.7343191083288352, 0.831135598396435, -0.6745827013691306, 0.5851067060393647, -0.7435432680672043, -0.900835021806075, -0.4984694519610015, 0.3137435834048911, -0.05235914206460518, 0.3051901790539995, 0.49768402766138176, -0.2054695094472754, 0.5513250955961273, -0.11256117975779834, -0.957143476290133, -0.1604455553137964, 0.5583140702934293, -0.9369076851581448, -0.5704748785199243, 0.8171124569506765, -0.9623158594425408, -0.736606599564914, 0.7844678064722572, -0.5083874121103549, 0.4409369124173528, 0.0885638632078567, -0.4902806967776998, 0.7872827314597893, 0.7800527883127415, -0.4684517273094213, -0.3473875160544727, 0.5976880351775666, 0.2937800889306319, 0.8362861565301873, -0.4954217892221151, -0.5217462943919013, 0.41415084305646044, -0.3286690090576483, -0.04121335914001567, 0.7667699742540415, -0.3472082631663791]
101.99998474121094	(8, 12, 2)	[-0.1975893679430032, 0.6496056136272401, -0.6505412672322529, 0.5110084206732503, 0.5461088729271162, -0.9020573007796147, 0.3460261455732705, -0.16513175371930178, -0.44765027816307024, -0.0714039510672988, -0.24790838044008626, -0.885001081311569, 0.7836044018318706, 0.9452220025847731, -0.5135817101534128, 0.44584903858011804, 0.19776312829954468, 0.47438462810637616, 0.044668358233845185, 0.5895784507042248, -0.6828192998474715, -0.05034886048506648, -0.47101675222950035, -0.41106390699871875, -0.9826066262512403, -0.25312223162280545, -0.562219595599861, -0.005841704289028776, 0.47889782274600023, 0.38278037486748273, 0.24755691789124423, 0.23239270877595142, -0.0577480244822548, -0.05711514462128631, -0.4239029007304911, -0.8578649978646702, 0.4070891282939211, -0.9955643061668014, -0.0832564554626169, -0.6941286490777412, -0.2261483240003408, -0.25488736424560754, -0.392702109552598, 0.7485318640052611, 0.5088659571321634, 0.187016911687506, 0.48793798367752994, 0.10929292830222104, -0.027806538438094157, -0.6960045136733461, 0.16204530092055003, -0.9655479230333877, 0.19150462559937198, 0.8510937015416898, -0.42923419446272937, 0.5340287665476041, -1.0, 0.24958072916504925, -0.41151219746714573, 0.7158459794108099, 0.7450309238375769, 0.5544041312622399, -0.8850888332375783, 0.47881731848678943, -0.11448206750978152, 0.03328726628969192, -0.14679632629732997, 0.008822825303416298, -0.6861644663911428, 0.319275953495818, 0.5832072199718841, 0.6243204122662356, -0.7390306573932981, -0.6937548635113335, -0.8864358721285073, -0.008501637487417835, 0.30746060035456446, -0.9328712908398274, -0.9129089565363495, -0.7911097901378282, 0.313766775610381, -0.5970045359123409, 0.5851067060393647, -0.27632265568582803, -0.8540011383947854, -0.6089867722322448, 0.11416537525743947, 0.23676176600777815, 0.4037183032341132, 0.4058020780444429, 0.6947167841288908, 0.5513250955961273, -0.5996151247310062, 0.06368119900505076, -0.3194685116563889, 0.5583140702934293, -0.9369076851581448, -0.5704748785199243, 0.036742333514427905, 0.3576275218813978, 0.5808169496449065, 0.1346621386706799, -0.6190956285397929, 0.3854200535715304, -0.39129217702357644, -0.4902806967776998, 0.6049858707156839, 0.7800527883127415, -0.41191400394463606, -0.2702177815611029, 0.5987347937308514, 0.6671920695780416, 0.024736308577977262, 0.2755214962184691, -0.5217462943919013, -0.485655348779261, -0.4392068624924504, 0.09336245838696053, 0.8439057624317472, 0.7683252001921033]
102.0	(8, 12, 2)	[-0.9495529555802629, 0.6979662020951669, -0.6790304787861621, 0.3861440123412101, 0.5461088729271162, -0.9020573007796147, 0.34482252692896453, -0.16513175371930178, -0.44765027816307024, 0.08984271683462025, -0.24790838044008626, -0.8006093963968033, 0.7836044018318706, 0.945531251339781, -0.43768916132651636, 0.5611100748324578, 0.19776312829954468, 0.8026613750124723, 0.1962581156033671, 0.5649034750439295, -0.6726778194138714, 0.106188286378182, -0.47101675222950035, -0.43727934736667723, -0.9826066262512403, -0.3333592958539753, -0.562219595599861, -0.0683151678798136, 0.6506300418997921, 0.7502913860304359, 0.24755691789124423, 0.8911506843336482, -0.0577480244822548, -0.05711514462128631, -0.4239029007304911, -0.8578649978646702, -0.05651948975456469, -0.8695596306167321, 0.07203878759142311, -0.6941286490777412, -0.6068720002302463, -0.3288570393079766, -0.8828621585115177, 0.7485318640052611, 0.9984299099818361, 0.187016911687506, 0.37375793635101645, 0.10929292830222104, -0.05254705168600271, -0.9924756725094575, 0.16204530092055003, -0.9655479230333877, 0.19150462559937198, -0.022290356637692313, -0.47322314159622403, -0.5118925266189143, -0.9672125995567646, 0.22130430432505976, -0.5536403587648184, 0.7158459794108099, 0.7890942805615997, 0.5544041312622399, 0.028516226207106365, -0.46230279873142166, -0.11448206750978152, 0.0567984416721824, -0.14679632629732997, 0.3765148219524832, -0.7192357107936629, 0.1252788986331513, 0.3841094947787721, 0.6243204122662356, -0.7607477263116937, -0.6994053221611254, -0.8864358721285073, -0.008501637487417835, 0.5458878550650504, -0.9328712908398274, -1.0, 0.25569864984343615, 0.7963141016440648, -0.44002567440708185, 0.5851067060393647, 0.4654442567273669, -0.900835021806075, -0.6089867722322448, 0.17399222283424076, 0.4489833982673066, 0.48466942539841606, 0.3054414848700936, 1.0, 0.5513250955961273, -0.11256117975779834, 0.06368119900505076, -0.1604455553137964, 0.6205641032887922, -0.9369076851581448, -0.18329064157265362, 0.8171124569506765, -0.8690385110249315, 0.5808169496449065, 0.7844678064722572, -0.5083874121103549, 0.3854200535715304, 0.0885638632078567, -0.4902806967776998, 0.7314696732446857, 0.7800527883127415, -0.41191400394463606, 0.6713794254365972, 0.345430767346975, 0.6671920695780416, 0.8362861565301873, 0.12326643689325012, -0.5991899537936743, 0.5854910470677614, -0.4392068624924504, 0.9913828942536205, -0.12550888924956974, -0.8139685404650783]
101.99999237060547	(8, 12, 2)	[-0.7811047049204883, 0.3643557679167256, -0.6505412672322529, 0.3861440123412101, 0.953220380759545, -0.9020573007796147, 0.3460261455732705, 0.15393701186737188, -0.5538694682887376, -0.0714039510672988, -0.24790838044008626, -0.8006093963968033, 0.7836044018318706, 0.8209682346186984, -0.43768916132651636, 0.5494473263971991, 0.19776312829954468, 0.16896764873152303, 0.044668358233845185, 0.5895784507042248, -0.6726778194138714, 0.060221955231543875, -0.5523472438341543, -0.43727934736667723, -0.15610702707386404, -0.25312223162280545, -0.599675220503256, -0.18273014962360723, 0.4524682120392932, 0.38278037486748273, 0.24755691789124423, 0.5306926479902133, -0.0577480244822548, -0.05711514462128631, 0.04067964759779417, -0.9147819578861965, 0.3054820212849596, -0.8695596306167321, -0.04752038515692601, -0.6941286490777412, -0.2261483240003408, -0.25488736424560754, -0.6050455957002572, 0.6846401689496757, 0.9362754124674209, 0.7642976858231387, 0.48793798367752994, 0.10929292830222104, -0.05374702280013155, -0.6960045136733461, -0.5225442420522023, -0.03063548870797539, 0.19150462559937198, 0.7644451419394355, 0.9299969386135312, -0.2849720821965871, -1.0, 0.24958072916504925, -0.5536403587648184, 0.7158459794108099, 0.7890942805615997, 0.5544041312622399, -0.8850888332375783, 0.47881731848678943, -0.11448206750978152, 0.03328726628969192, -0.14679632629732997, 0.008822825303416298, -0.6861644663911428, 0.2068647557438743, 0.6916941723275025, 0.6243204122662356, -0.7607477263116937, -0.6706618661134782, -0.8864358721285073, -0.15285111271568952, 0.2208013448725462, -0.702660089864235, -0.9129089565363495, 0.25569864984343615, 0.313766775610381, -0.6745827013691306, 0.5851067060393647, -0.7435432680672043, -0.900835021806075, -0.6872333437296445, 0.20844200470143556, 0.37714634617457277, 0.3051901790539995, 0.3054414848700936, 0.737408912863661, 0.5513250955961273, -0.46142190013509143, -0.957143476290133, -0.3087147682646345, 0.5583140702934293, -0.9369076851581448, 0.7991628715076453, -0.7896284050394813, 0.3576275218813978, 0.5808169496449065, 0.107670185490368, -0.5807699774845707, 0.3854200535715304, -0.3371387265229489, -0.4902806967776998, 0.6049858707156839, 0.7800527883127415, 0.8175937972148392, -0.2702177815611029, 0.4746042108184765, -0.06489667799685805, 0.8362861565301873, -0.4954217892221151, -0.5217462943919013, 0.41415084305646044, -0.4392068624924504, -0.04121335914001567, 0.8439057624317472, 0.018064396840993674]
101.99999237060547	(8, 12, 2)	[-0.5245404304818563, 0.03018571443917062, -0.6548225438113144, 0.3861440123412101, 0.5461088729271162, -0.9020573007796147, 0.34482252692896453, 0.15393701186737188, -0.6792748900122018, -0.0714039510672988, -0.03426554886888744, -0.8006093963968033, 0.7836044018318706, 0.8243867714951494, -0.43768916132651636, 0.6507415895827494, 0.27115110293544636, 0.37257031970430166, 0.044668358233845185, 0.5895784507042248, -0.7391120225281879, 0.38190849564312146, -0.5523472438341543, -0.8966652501929149, -0.9826066262512403, -0.3048299020520744, -0.562219595599861, -0.0683151678798136, 0.5927070361641382, 0.38278037486748273, 0.17795526768794565, 0.9448711300364385, -0.0577480244822548, -0.05711514462128631, 0.35720643126229734, -0.8578649978646702, 0.3054820212849596, -0.8695596306167321, -0.006852512094553072, -0.878962775791984, -0.2261483240003408, -0.3288570393079766, -0.6644955592582645, 0.7485318640052611, 0.5088659571321634, 0.7642976858231387, 0.48793798367752994, 0.007250829370576972, -0.05254705168600271, -0.7165384960038788, 0.16204530092055003, -0.9655479230333877, 0.19150462559937198, 0.7782304822486036, 0.9299969386135312, -0.526331333830947, -0.9672125995567646, 0.22130430432505976, -0.8680183754131916, 0.024411259649773198, 0.7890942805615997, 0.5544041312622399, 0.028516226207106365, 0.47881731848678943, -0.11448206750978152, 0.03328726628969192, -0.14679632629732997, 0.3765148219524832, -0.6861644663911428, -0.7830375744821197, 0.6836055335835327, 0.5799127921234682, -0.7607477263116937, -0.6937548635113335, -0.8864358721285073, -0.813234804249019, 0.30746060035456446, -0.702660089864235, -0.9129089565363495, 0.4969451650606318, 0.3736695498416074, -0.44002567440708185, 0.5851067060393647, -0.7435432680672043, -0.900835021806075, -0.6872333437296445, 0.17399222283424076, 0.23676176600777815, 0.48466942539841606, 0.4058020780444429, 0.737408912863661, 0.5767180493920905, -0.49934564893419386, -0.7459175018346984, -0.32270145656608584, 0.6205641032887922, -0.9369076851581448, -0.18329064157265362, 0.7909812237182361, 0.3576275218813978, 0.21169618731636258, 0.7844678064722572, 0.0012046948732887357, 0.3854200535715304, 0.0885638632078567, -0.4902806967776998, 0.7314696732446857, 0.7800527883127415, 0.8175937972148392, 0.0036052317362288144, 0.3972419717467949, 0.2937800889306319, 0.024736308577977262, 0.3559071270454633, -0.5217462943919013, 0.41415084305646044, -0.3286690090576483, -0.04121335914001567, -0.25573077505846475, 0.7683252001921033]
101.99999237060547	(8, 12, 2)	[-0.7811047049204883, 0.6979662020951669, -0.6790304787861621, 0.3861440123412101, 0.953220380759545, -0.9020573007796147, 0.3460261455732705, -0.16513175371930178, -0.6792748900122018, 0.027312546419016974, -0.25541209959611505, -0.8006093963968033, 0.7836044018318706, 0.9452220025847731, -0.6170280161839288, 0.5611100748324578, 0.12815607328499043, 0.3538529569867461, 0.044668358233845185, 0.5895784507042248, -0.6726778194138714, 0.060221955231543875, -0.5523472438341543, -0.41106390699871875, -0.15610702707386404, -0.3333592958539753, -0.562219595599861, -0.0683151678798136, 0.6506300418997921, 0.3848869032120681, 0.24755691789124423, 0.44208318410959824, -0.0577480244822548, -0.05711514462128631, 0.35720643126229734, -0.9147819578861965, 0.3054820212849596, -0.9955643061668014, -0.04752038515692601, -0.6941286490777412, -0.6068720002302463, -0.3288570393079766, -0.6050455957002572, 0.5371100292282684, 0.5088659571321634, 0.7642976858231387, 0.48793798367752994, 0.10929292830222104, -0.05025280806533323, -0.9924756725094575, 0.16204530092055003, -0.20245333661501833, -0.5025341784531256, 0.7644451419394355, 0.9299969386135312, -0.2849720821965871, -1.0, 0.3296430469615049, -0.5536403587648184, 0.7158459794108099, 0.7890942805615997, 0.5544041312622399, -0.8850888332375783, 0.47881731848678943, -0.20290897354427628, 0.03328726628969192, -0.14679632629732997, -0.03284536640135394, -0.6861644663911428, 0.2068647557438743, 0.5832072199718841, 0.4767796633880883, -0.7607477263116937, -0.6994053221611254, -0.7818651257598612, -0.008501637487417835, 0.30746060035456446, -0.702660089864235, -0.9293417744863033, -0.9380586281801769, 0.7557596591675486, -0.6745827013691306, 0.5851067060393647, -0.7435432680672043, -0.900835021806075, -0.6872333437296445, 0.20844200470143556, 0.37714634617457277, 0.3051901790539995, 0.6113148412037855, 0.6947167841288908, 0.5513250955961273, -0.46142190013509143, 0.06368119900505076, -0.3087147682646345, 0.5583140702934293, -1.0, 0.7991628715076453, -0.7896284050394813, 0.3576275218813978, 0.5808169496449065, 0.1677245078584296, -0.5083874121103549, 0.4409369124173528, 0.3679988019679646, -0.4902806967776998, 0.6049858707156839, 0.7800527883127415, -0.41191400394463606, -0.3473875160544727, 0.4746042108184765, 0.6671920695780416, 0.730534093627035, -0.4954217892221151, -0.5648320590017342, 0.43490107581754184, -0.3286690090576483, -0.04121335914001567, 0.8439057624317472, 0.03113143802307316]
102.0	(8, 12, 2)	[-0.7561464400640696, 0.6979662020951669, -0.6505412672322529, 0.3687874108997118, 0.5461088729271162, -0.9020573007796147, 0.34482252692896453, 0.26000052837149934, -0.4917685407191861, -0.0714039510672988, -0.24790838044008626, -0.8006093963968033, 0.7836044018318706, 0.8250855150921705, -0.5135817101534128, 0.5494473263971991, 0.19776312829954468, 0.47438462810637616, 0.044668358233845185, 0.5895784507042248, -0.6726778194138714, 0.12865600563821047, -0.47101675222950035, -0.422493879356913, -0.9826066262512403, -0.25312223162280545, -0.562219595599861, -0.0683151678798136, 0.4524682120392932, 0.7468571205058292, 0.24755691789124423, 0.44208318410959824, -0.33731989009895336, -0.05711514462128631, -0.4239029007304911, -0.8578649978646702, -0.05651948975456469, -0.8695596306167321, 0.07203878759142311, -0.6941286490777412, -0.2261483240003408, -0.21164471172516033, -0.6918973220185857, 0.7485318640052611, 0.5088659571321634, 0.7642976858231387, 0.37375793635101645, 0.10929292830222104, -0.05374702280013155, -1.0, -0.5225442420522023, -0.269719547647816, 0.025157183072015227, -0.9900770271586032, -0.42923419446272937, -0.526331333830947, -1.0, 0.16694636727390771, -0.5536403587648184, 0.7158459794108099, 0.7890942805615997, 0.5544041312622399, -0.75035762018616, 0.47881731848678943, 0.14093644245760795, 0.03328726628969192, 0.41664970928308875, 0.3765148219524832, -0.7192357107936629, 0.1252788986331513, 0.6916941723275025, 0.4767796633880883, -0.7548652707092232, -0.5547950253592802, -0.7166623508454205, -0.2472083716327334, 0.30746060035456446, -0.28550863641126323, -0.7566968168476517, -0.7911097901378282, 0.3736695498416074, -0.6745827013691306, 0.8075436127162456, -0.7435432680672043, -0.5568559291459894, -0.5502114869729162, 0.3137435834048911, -0.05235914206460518, 0.3051901790539995, 0.3054414848700936, 0.737408912863661, 0.5513250955961273, -0.11256117975779834, -0.957143476290133, -0.3087147682646345, 0.6205641032887922, -0.9487355339367356, -0.35507763120355573, -0.7896284050394813, 0.3576275218813978, -0.736606599564914, 0.7844678064722572, -0.5083874121103549, 0.3854200535715304, -0.3371387265229489, -0.4902806967776998, 0.7314696732446857, 0.6326546528288515, -0.41191400394463606, 0.6713794254365972, 0.6714586158183657, 0.6671920695780416, 0.730534093627035, 0.12326643689325012, -0.5217462943919013, 0.36765873172546365, -0.3286690090576483, 0.9913828942536205, -0.25573077505846475, 0.03113143802307316]
101.99998474121094	(8, 12, 2)	[-0.7420948616607411, 0.6562265537679539, -0.37218787776374374, 0.4237296913656374, 0.5461088729271162, -0.9020573007796147, 0.3460261455732705, 0.15393701186737188, -0.42662982583274367, -0.0714039510672988, -0.28139960217945276, -0.8006093963968033, 0.7836044018318706, 0.8243867714951494, -0.43768916132651636, 0.5494473263971991, 0.19776312829954468, 0.6774495800747005, 0.044668358233845185, 0.5649034750439295, -0.6726778194138714, 0.106188286378182, -0.5523472438341543, -0.4901738640823192, -0.9826066262512403, -0.25312223162280545, -0.6513253359610829, -0.005841704289028776, 0.5408376146233237, 0.7468571205058292, 0.10421821866669483, 0.9448711300364385, -0.0577480244822548, -0.05711514462128631, -0.4239029007304911, -0.8578649978646702, -0.05651948975456469, -0.8695596306167321, -0.0832564554626169, -0.6941286490777412, -0.6068720002302463, -0.25488736424560754, -0.5878418368857973, 0.6846401689496757, 0.9984299099818361, 0.7642976858231387, 0.48793798367752994, -0.1851540632306088, -0.05374702280013155, -0.9924756725094575, 0.16204530092055003, -0.9655479230333877, 0.025157183072015227, 0.3219266373084879, -0.47322314159622403, 0.5340287665476041, -1.0, 0.22130430432505976, -0.5536403587648184, 0.7158459794108099, 0.7890942805615997, 0.5544041312622399, 0.02640138425246666, -0.46230279873142166, -0.023487937792804947, 0.17653143008108546, -0.14679632629732997, -0.03284536640135394, -0.7192357107936629, 0.2068647557438743, 0.5832072199718841, 0.6243204122662356, -0.7607477263116937, -0.5547950253592802, -0.8864358721285073, -0.19156079203626758, 0.30746060035456446, -0.9328712908398274, -1.0, -0.783370012407834, 0.831135598396435, -0.4043400179961413, 0.5851067060393647, -0.10169404767010537, -0.07675976757706182, -0.722294939723985, -0.003691413923475939, 0.37714634617457277, 0.6297829529306979, 0.3054414848700936, 1.0, 0.5513250955961273, -0.44501691096847784, -0.957143476290133, -0.1909841770058146, 0.5583140702934293, -0.9369076851581448, -0.5704748785199243, 0.8171124569506765, 0.3576275218813978, 0.21169618731636258, 0.7844678064722572, -0.5083874121103549, 0.4409369124173528, 0.0885638632078567, -0.8033661249817763, 0.7314696732446857, 0.7800527883127415, -0.01599781926350133, -0.2702177815611029, 0.5190145249683503, -0.06489667799685805, 0.8362861565301873, -0.4954217892221151, -0.5648320590017342, 0.41415084305646044, -0.4392068624924504, 0.9913828942536205, -0.12550888924956974, -0.8139685404650783]
101.9999771118164	(8, 12, 2)	[-0.7811047049204883, 0.6979662020951669, -0.5117955043815896, 0.4460297947819842, 0.953220380759545, -0.850605067185806, 0.2607344425234631, 0.15393701186737188, -0.44765027816307024, -0.0714039510672988, -0.25541209959611505, -0.8006093963968033, 0.7836044018318706, 0.945531251339781, -0.5135817101534128, 0.6059699244376444, 0.19776312829954468, 0.8026613750124723, 0.3320489635874399, 0.5649034750439295, -0.6726778194138714, 0.060221955231543875, -0.5523472438341543, -0.43727934736667723, -0.9826066262512403, -0.3333592958539753, -0.562219595599861, -0.19856241816834191, 0.8030699641476683, 0.7502913860304359, 0.24755691789124423, 0.23239270877595142, -0.33731989009895336, -0.05711514462128631, 0.35720643126229734, -0.8578649978646702, -0.05651948975456469, -0.8695596306167321, 0.07203878759142311, -0.6941286490777412, -0.6068720002302463, -0.3288570393079766, -0.8828621585115177, 0.7485318640052611, 0.9984299099818361, 0.187016911687506, 0.48793798367752994, 0.10929292830222104, -0.05254705168600271, -0.9924756725094575, 0.16204530092055003, -0.9655479230333877, 0.025157183072015227, 0.3219266373084879, -0.47322314159622403, -0.38534737166917976, -1.0, 0.24958072916504925, -0.8680183754131916, 0.024411259649773198, 0.7890942805615997, 0.5544041312622399, -0.8850888332375783, 0.47881731848678943, -0.11448206750978152, 0.03328726628969192, -0.14679632629732997, 0.3765148219524832, -0.6861644663911428, 0.2068647557438743, 0.3841094947787721, 0.5764274135043106, -0.7607477263116937, -0.6937548635113335, -0.9816194836133353, -0.008501637487417835, 0.30746060035456446, -0.702660089864235, -0.7566968168476517, -0.7343191083288352, 0.831135598396435, -0.44002567440708185, 0.5851067060393647, -0.7435432680672043, -0.07675976757706182, -0.6089867722322448, 0.17399222283424076, 0.4505768330984012, 0.48466942539841606, 0.4058020780444429, 0.6947167841288908, 0.5513250955961273, -0.49618397620218196, -0.7459175018346984, -0.1909841770058146, 0.5583140702934293, -0.9369076851581448, -0.18329064157265362, -0.7896284050394813, 0.3576275218813978, 0.5808169496449065, 0.7844678064722572, -0.5083874121103549, 0.3854200535715304, 0.0885638632078567, -0.4902806967776998, 0.7314696732446857, 0.7800527883127415, -0.41191400394463606, 0.6713794254365972, 0.345430767346975, 0.6671920695780416, 0.8362861565301873, 0.12326643689325012, -0.5217462943919013, 0.5854910470677614, -0.3286690090576483, 0.9913828942536205, -0.12550888924956974, 0.1653855007943942]
101.99999237060547	(8, 12, 2)	[-0.7811047049204883, 0.03018571443917062, -0.6548225438113144, 0.3861440123412101, 0.953220380759545, -0.9020573007796147, 0.3460261455732705, 0.15393701186737188, -0.44765027816307024, -0.0714039510672988, -0.21680452602603403, -0.7200943046379911, 0.7836044018318706, 0.8190347160847922, -0.6170280161839288, 0.5611100748324578, 0.19776312829954468, 0.5883904921475491, 0.3762973105375309, 0.41437689045535997, -0.6726778194138714, 0.106188286378182, -0.5523472438341543, -0.43727934736667723, -0.9826066262512403, -0.3048299020520744, -0.562219595599861, -0.0683151678798136, 0.6506300418997921, 0.7468571205058292, 0.24755691789124423, 0.44208318410959824, -0.0577480244822548, -0.05711514462128631, 0.35720643126229734, -0.8578649978646702, 0.4070891282939211, 0.47212692771051246, -0.04752038515692601, -0.6941286490777412, -0.2261483240003408, -0.3288570393079766, -0.6050455957002572, 0.731694961623529, 0.9984299099818361, 0.187016911687506, 0.48793798367752994, -0.1851540632306088, -0.05025280806533323, -0.6960045136733461, 0.16204530092055003, -0.20245333661501833, 0.09215246503779408, 0.7644451419394355, 0.8616088958241175, -0.38534737166917976, -0.9971791768441997, 0.22130430432505976, -0.5536403587648184, 0.024411259649773198, 0.7450309238375769, 0.5544041312622399, -0.75035762018616, 0.47881731848678943, -0.15845325975030142, 0.03328726628969192, 0.44355947703010346, 0.008822825303416298, -0.6861644663911428, 0.1252788986331513, 0.5832072199718841, 0.4767796633880883, -0.7607477263116937, -0.6706618661134782, -0.8864358721285073, -0.008501637487417835, 0.30746060035456446, -0.9328712908398274, -0.2874955614541812, -0.9380586281801769, 0.7963141016440648, -0.6745827013691306, 0.14526940584914233, -0.7435432680672043, -0.900835021806075, -0.6872333437296445, -0.003691413923475939, 0.37714634617457277, 0.48466942539841606, 0.6113148412037855, 0.8426169462409839, 0.5513250955961273, -0.27154844368255504, -0.7459175018346984, -0.3087147682646345, 0.5583140702934293, -0.9369076851581448, 0.7991628715076453, -0.7896284050394813, 0.3576275218813978, 0.5808169496449065, 0.134265637981256, -0.5083874121103549, 0.4675468932492227, 0.0885638632078567, -0.4902806967776998, 0.6049858707156839, -0.6366800627149207, -0.41191400394463606, -0.3473875160544727, 0.345430767346975, 0.6671920695780416, 0.8362861565301873, 0.12326643689325012, -0.5217462943919013, 0.062052163420089596, -0.4392068624924504, 0.9913828942536205, -0.25573077505846475, -0.8139685404650783]
101.99999237060547	(8, 12, 2)	[-0.7811047049204883, 0.6979662020951669, -0.6505412672322529, 0.3861440123412101, 0.5461088729271162, -0.9020573007796147, 0.3460261455732705, -0.15811501674493764, -0.4917685407191861, -0.0714039510672988, -0.25541209959611505, -0.8006093963968033, 0.7836044018318706, 0.8190347160847922, -0.43768916132651636, 0.5494473263971991, 0.19776312829954468, 0.3538529569867461, 0.1962581156033671, 0.5895784507042248, -0.7391120225281879, 0.106188286378182, -0.5523472438341543, -0.41106390699871875, -0.9826066262512403, -0.3333592958539753, -0.562219595599861, -0.005841704289028776, 0.5408376146233237, 0.7502913860304359, 0.24755691789124423, 0.5306926479902133, -0.0577480244822548, -0.05711514462128631, -0.04021593714990825, -0.9147819578861965, -0.05651948975456469, -0.803338346603194, -0.006852512094553072, -0.6941286490777412, -0.6068720002302463, -0.25488736424560754, -0.8828621585115177, 0.7485318640052611, 0.9984299099818361, 0.24394996958809287, 0.48793798367752994, 0.10929292830222104, -0.05254705168600271, -0.9924756725094575, 0.16204530092055003, -0.9655479230333877, 0.025157183072015227, 0.7644451419394355, -0.33103404831074346, -0.38534737166917976, -0.9672125995567646, 0.3296430469615049, -0.5536403587648184, 0.7158459794108099, 0.7890942805615997, 0.5544041312622399, -0.8850888332375783, 0.47881731848678943, 0.07060427379677689, 0.03328726628969192, -0.14679632629732997, 0.008822825303416298, -0.7192357107936629, -0.7830375744821197, 0.7642962708357428, 0.4767796633880883, -0.7607477263116937, -0.8128194643549264, -0.8864358721285073, -0.11015786360164898, 0.2583755288745675, -0.9328712908398274, -0.9129089565363495, -0.9380586281801769, 0.280548022510828, -0.6745827013691306, 0.5851067060393647, -0.7435432680672043, -0.900835021806075, -0.516055161195231, 0.17399222283424076, 0.37714634617457277, 0.48466942539841606, 0.6113148412037855, 0.6947167841288908, 0.5513250955961273, -0.44501691096847784, 0.06368119900505076, -0.3087147682646345, 0.7240610470634475, -0.9369076851581448, -0.18329064157265362, 0.8171124569506765, -0.8690385110249315, -0.736606599564914, 0.7844678064722572, -0.5083874121103549, 0.428232119241882, 0.0885638632078567, -0.4902806967776998, 0.6049858707156839, 0.7800527883127415, -0.01599781926350133, 0.0036052317362288144, 0.4746042108184765, -0.06489667799685805, 0.7843570667725179, -0.4954217892221151, -0.5217462943919013, 0.41415084305646044, -0.4392068624924504, -0.04121335914001567, -0.25573077505846475, 0.7683252001921033]
101.99998474121094	(8, 12, 2)	[-0.7147104894991348, 0.03018571443917062, -0.5117955043815896, 0.5110084206732503, 0.5461088729271162, -0.850605067185806, 0.3460261455732705, 0.15393701186737188, -0.6530964228683587, -0.0714039510672988, -0.28139960217945276, -0.8006093963968033, 0.7836044018318706, 0.9452220025847731, -0.6170280161839288, 0.5494473263971991, 0.19776312829954468, 0.47438462810637616, 0.044668358233845185, 0.5895784507042248, -0.7614703789293719, -0.05034886048506648, -0.5523472438341543, -0.41106390699871875, -0.15610702707386404, -0.25312223162280545, -0.562219595599861, -0.002327519020687365, 0.6506300418997921, 0.7502913860304359, 0.24755691789124423, 0.44208318410959824, -0.0577480244822548, -0.05711514462128631, 0.35720643126229734, -0.8578649978646702, 0.3054820212849596, -0.803338346603194, 0.7872774550399846, -0.6941286490777412, -0.6068720002302463, -0.3026770580073084, -0.8828621585115177, 0.7485318640052611, 1.0, 0.187016911687506, 0.48793798367752994, 0.10929292830222104, -0.05254705168600271, -0.6960045136733461, -0.5225442420522023, -1.0, 0.19150462559937198, 0.3219266373084879, -0.33103404831074346, -0.2849720821965871, -1.0, 0.30880318722201894, -0.5536403587648184, 0.024411259649773198, 0.7450309238375769, 0.7424687188757619, 0.028516226207106365, -0.46230279873142166, 0.07060427379677689, 0.03328726628969192, -0.14679632629732997, 0.008822825303416298, -0.6861644663911428, 0.2068647557438743, 0.5832072199718841, 0.4767796633880883, -0.7607477263116937, -0.7435193553606753, -0.8809348493969003, -0.008501637487417835, 0.30746060035456446, -0.702660089864235, -0.30527452315253706, 0.25569864984343615, 0.3736695498416074, -0.6745827013691306, 0.7437772569136774, -0.7435432680672043, -0.900835021806075, -0.6089867722322448, 0.17399222283424076, 0.23676176600777815, 0.48466942539841606, 0.4058020780444429, 0.5289938468985254, 0.5513250955961273, -0.46142190013509143, 0.06368119900505076, -0.3194685116563889, 0.5583140702934293, -0.9369076851581448, -0.18329064157265362, 0.7909812237182361, 0.3576275218813978, 0.21169618731636258, 0.1681956005504528, -0.5083874121103549, 0.33821145861709123, 0.0759193979529586, -0.021638361365354797, 0.6049858707156839, 0.7800527883127415, -0.41191400394463606, -0.3473875160544727, 0.3972419717467949, 0.2937800889306319, 0.8362861565301873, -0.4954217892221151, -0.577587488815651, 0.5854910470677614, -0.4392068624924504, 0.9913828942536205, -0.25573077505846475, 0.7998468901275797]
102.0	(8, 12, 2)	[-0.9582364862752042, 0.31484584250040853, -0.6790304787861621, 0.3861440123412101, 0.5461088729271162, -0.9020573007796147, 0.34482252692896453, 0.15393701186737188, -0.44765027816307024, -0.017684601659947216, -0.24790838044008626, -0.8543223811032811, 0.6911405793569468, 0.8209682346186984, -0.43768916132651636, 0.5611100748324578, 0.19776312829954468, 0.47438462810637616, 0.1962581156033671, 0.6547980071616056, -0.7614703789293719, 0.106188286378182, -1.0, -0.44254309354926036, -0.9826066262512403, -0.3333592958539753, -0.562219595599861, -0.005841704289028776, 0.6506300418997921, 0.3848869032120681, 0.17795526768794565, 0.44208318410959824, -0.0577480244822548, -0.05711514462128631, -0.47177294257507985, -0.8578649978646702, 0.4070891282939211, -0.8695596306167321, -0.04752038515692601, -0.8249467479336349, -0.2261483240003408, -0.3288570393079766, -0.392702109552598, 0.827880481493614, 0.5088659571321634, 0.7642976858231387, 0.37375793635101645, 0.16176642409587416, -0.05254705168600271, -0.9924756725094575, 0.15372585765866886, -1.0, 0.19150462559937198, -0.9900770271586032, 0.9299969386135312, -0.526331333830947, -1.0, 0.24958072916504925, -0.5536403587648184, 0.024411259649773198, 0.7450309238375769, 0.5544041312622399, -0.8739024157743133, -0.46230279873142166, 0.14093644245760795, 0.03328726628969192, 0.41664970928308875, 0.008822825303416298, -0.6861644663911428, 0.2068647557438743, 0.4064744968547034, 0.4767796633880883, -0.7607477263116937, -0.6937548635113335, -0.8864358721285073, -0.008501637487417835, 0.30746060035456446, -0.9328712908398274, -0.7566968168476517, 0.4969451650606318, 0.3736695498416074, -0.6745827013691306, 0.5851067060393647, -0.27632265568582803, -0.900835021806075, -0.6089867722322448, -0.003691413923475939, 0.37714634617457277, 0.6297829529306979, 0.3054414848700936, 1.0, 0.5513250955961273, -0.11256117975779834, -0.957143476290133, -0.3087147682646345, 0.5583140702934293, -0.9369076851581448, -0.5704748785199243, 0.8171124569506765, 0.3576275218813978, -0.736606599564914, 1.0, 0.0012046948732887357, 0.428232119241882, 0.09381371324719938, -0.4902806967776998, 0.8054061440797303, 0.7800527883127415, -0.01599781926350133, 0.6713794254365972, 0.6830844511960856, -0.06489667799685805, 0.8362861565301873, 0.2755214962184691, -0.5217462943919013, 0.062052163420089596, -0.3286690090576483, 0.9913828942536205, -0.25573077505846475, 0.03113143802307316]
101.99996948242188	(8, 12, 2)	[-0.7147104894991348, 0.6979662020951669, -0.5117955043815896, 0.3861440123412101, 0.5461088729271162, -0.9020573007796147, 0.34482252692896453, -0.16513175371930178, -0.44765027816307024, -0.0714039510672988, -0.5008751700156358, -0.8006093963968033, 0.7836044018318706, 1.0, -0.5135817101534128, 0.5611100748324578, 0.19776312829954468, 0.7569413447417362, 0.12986101986019516, 0.5049296219649806, -0.6726778194138714, 0.106188286378182, -0.5523472438341543, -0.41106390699871875, -0.9826066262512403, -0.3333592958539753, -0.562219595599861, -0.0683151678798136, 0.6448707460010037, 0.7502913860304359, 0.17795526768794565, 0.5810243416656272, -0.0577480244822548, -0.05711514462128631, -0.4239029007304911, -0.9434863814073704, -0.05651948975456469, -0.8695596306167321, -0.006852512094553072, -0.6941286490777412, -0.2261483240003408, -0.3288570393079766, -0.392702109552598, 0.7485318640052611, 0.5088659571321634, 0.24394996958809287, 0.48793798367752994, 0.10929292830222104, -0.05025280806533323, -0.9924756725094575, 0.16204530092055003, -0.9655479230333877, 0.19150462559937198, 0.3219266373084879, -0.3710441454956152, -0.2849720821965871, -1.0, 0.24315201990147867, -0.5536403587648184, 0.7158459794108099, 0.7450309238375769, 0.5544041312622399, 0.028516226207106365, -0.46230279873142166, -0.20290897354427628, 0.03328726628969192, -0.056381891681254626, 0.008822825303416298, -0.6861644663911428, -0.7830375744821197, 0.5832072199718841, 0.5764274135043106, -0.7548652707092232, -0.5711470579469492, -0.7818651257598612, 0.06417109563701358, 0.2583755288745675, -0.9328712908398274, -0.2874955614541812, -0.7343191083288352, 0.313766775610381, -0.6745827013691306, 0.5851067060393647, -0.7435432680672043, -0.79546583461459, -0.6089867722322448, 0.0894698464563048, 0.37714634617457277, 0.48466942539841606, 0.6113148412037855, 0.6947167841288908, 0.6066428892641428, -0.27154844368255504, -0.7459175018346984, -0.1604455553137964, 0.5663134152734882, -0.9369076851581448, -0.18329064157265362, -0.7896284050394813, -0.8690385110249315, 0.5808169496449065, 0.7844678064722572, -0.5083874121103549, 0.428232119241882, 0.0885638632078567, -0.4902806967776998, 0.7314696732446857, 0.7800527883127415, -0.01599781926350133, -0.3473875160544727, 0.4746042108184765, -0.06489667799685805, 0.8362861565301873, -0.4954217892221151, -0.5217462943919013, 0.41415084305646044, -0.3286690090576483, 0.09336245838696053, -0.12550888924956974, -0.3472082631663791]
101.99998474121094	(8, 12, 2)	[-0.1975893679430032, 0.6979662020951669, -0.6790304787861621, 0.4691985538523731, 0.7785171590465974, -0.9020573007796147, 0.3460261455732705, 0.15393701186737188, -0.6530964228683587, 0.08984271683462025, -0.24790838044008626, -0.8006093963968033, 0.7836044018318706, 0.8243867714951494, -0.43768916132651636, 0.5494473263971991, 0.19776312829954468, 0.47438462810637616, 0.044668358233845185, 0.5049296219649806, -0.6726778194138714, 0.106188286378182, -0.6867738501591194, -0.43727934736667723, -0.8929889243005606, -0.3462172223718765, -0.562219595599861, -0.0683151678798136, 0.6448707460010037, 0.29924376028329147, 0.24755691789124423, 0.8911506843336482, -0.33731989009895336, -0.05711514462128631, -0.4239029007304911, -0.8578649978646702, 0.3054820212849596, -0.7464676642426498, 0.7872774550399846, -0.6941286490777412, -0.2261483240003408, -0.3288570393079766, -0.565688422262961, 0.6423528729653212, 0.9984299099818361, 0.7642976858231387, 0.48793798367752994, 0.16176642409587416, -0.05254705168600271, -0.9924756725094575, 0.16204530092055003, -0.9655479230333877, 0.19150462559937198, 0.3219266373084879, -0.3710441454956152, -0.38534737166917976, -1.0, 0.22130430432505976, -0.5536403587648184, 0.7158459794108099, 0.7890942805615997, 0.6975302294582689, -0.8526353010777752, 0.47881731848678943, -0.20290897354427628, 0.03328726628969192, -0.14679632629732997, -0.03284536640135394, -0.6861644663911428, 0.2068647557438743, 0.4064744968547034, 0.4767796633880883, -0.7607477263116937, -0.5547950253592802, -0.8864358721285073, -0.008501637487417835, 0.30746060035456446, -0.6093795794337287, -0.5061598185240757, 0.25569864984343615, 0.313766775610381, -0.6745827013691306, 0.6254640500634815, -0.7435432680672043, -0.900835021806075, -0.6872333437296445, -0.003691413923475939, 0.23676176600777815, 0.3051901790539995, 0.4058020780444429, 1.0, 0.5513250955961273, -0.49618397620218196, -0.7459175018346984, -0.3087147682646345, 0.7163779360397216, -0.9369076851581448, -0.5704748785199243, 0.8171124569506765, -0.8690385110249315, 0.5808169496449065, 0.7844678064722572, -0.594187150234053, 0.428232119241882, 0.09381371324719938, -0.8033661249817763, 0.7314696732446857, 0.7800527883127415, -0.41191400394463606, -0.2702177815611029, 0.345430767346975, -0.06489667799685805, 0.8362861565301873, -0.4954217892221151, -0.5217462943919013, 0.062052163420089596, -0.4392068624924504, -0.04121335914001567, -0.25573077505846475, 0.7683252001921033]
101.99999237060547	(8, 12, 2)	[-0.7811047049204883, 0.6979662020951669, -0.6790304787861621, 0.3861440123412101, 0.5461088729271162, -0.9020573007796147, 0.3460261455732705, 0.15393701186737188, -0.6530964228683587, -0.0714039510672988, -0.4041866250613546, -0.8543223811032811, 0.6911405793569468, 1.0, -0.43768916132651636, 0.5494473263971991, 0.19776312829954468, 0.47438462810637616, 0.1962581156033671, 0.5895784507042248, -0.6726778194138714, 0.106188286378182, -0.9192586154851577, -0.41106390699871875, -0.9826066262512403, -0.25312223162280545, -0.6513253359610829, -0.005841704289028776, 0.6448707460010037, 0.731241344047659, 0.17795526768794565, 0.44208318410959824, -0.0577480244822548, -0.05711514462128631, -0.4239029007304911, -0.8578649978646702, -0.05651948975456469, -0.8695596306167321, -0.04752038515692601, -0.6941286490777412, -0.2261483240003408, -0.3288570393079766, -0.565688422262961, 0.6846401689496757, 1.0, 0.187016911687506, 0.37375793635101645, -0.1851540632306088, -0.05374702280013155, -0.9924756725094575, 0.37102547549888665, -0.269719547647816, 0.19150462559937198, 0.3219266373084879, -0.33103404831074346, -0.2849720821965871, -0.9971791768441997, 0.22130430432505976, -0.5536403587648184, 0.7158459794108099, 0.7890942805615997, 0.6975302294582689, -0.75035762018616, -0.46230279873142166, -0.023487937792804947, 0.03328726628969192, -0.05426167615044189, 0.27832788088796345, -0.6861644663911428, 0.2068647557438743, 0.6916941723275025, 0.5764274135043106, -0.7607477263116937, -0.5711470579469492, -0.8864358721285073, -0.008501637487417835, 0.30746060035456446, -0.4303854105677687, -0.7566968168476517, 0.25569864984343615, 0.313766775610381, -0.6745827013691306, 0.5851067060393647, -0.7435432680672043, -0.900835021806075, -0.6089867722322448, -0.003691413923475939, 0.37714634617457277, 0.48466942539841606, 0.3054414848700936, 0.6947167841288908, 0.5513250955961273, -0.11256117975779834, -0.7459175018346984, -0.3087147682646345, 0.6205641032887922, -1.0, -0.18329064157265362, 0.8171124569506765, 0.3576275218813978, 0.21169618731636258, 0.7844678064722572, -0.5083874121103549, 0.3854200535715304, -0.4343904152771457, -0.4902806967776998, 0.8054061440797303, 0.7800527883127415, -0.41191400394463606, -0.2702177815611029, 0.345430767346975, 0.26807473547248195, 0.8362861565301873, 0.12624811032294483, -0.5217462943919013, -0.5979429144975023, -0.4392068624924504, 0.9913828942536205, 0.028642369137588164, 0.7998468901275797]
101.99998474121094	(8, 12, 2)	[-0.7811047049204883, 0.6979662020951669, -0.6790304787861621, 0.3861440123412101, 0.953220380759545, -0.9020573007796147, 0.34482252692896453, -0.3115480474005319, -0.44765027816307024, 0.08984271683462025, -0.5276582427240477, -0.8006093963968033, 0.7836044018318706, 0.9452220025847731, -0.43768916132651636, 0.5494473263971991, 0.12815607328499043, 0.3538529569867461, 0.044668358233845185, 0.6547980071616056, -0.8739626372675295, 0.106188286378182, -0.5523472438341543, -0.3816963865909792, -0.9826066262512403, -0.3333592958539753, -0.562219595599861, -0.0683151678798136, 0.5927070361641382, 0.3496995316411901, 0.24755691789124423, 0.44208318410959824, -0.0577480244822548, -0.05711514462128631, -0.4239029007304911, -0.8578649978646702, 0.28018890695967, -0.8695596306167321, -0.04752038515692601, -0.6941286490777412, -0.6068720002302463, -0.3288570393079766, -0.8828621585115177, 0.7485318640052611, 0.5088659571321634, 0.7642976858231387, 0.48793798367752994, -0.1851540632306088, -0.05025280806533323, -1.0, 0.16204530092055003, -0.269719547647816, 0.025157183072015227, -0.9900770271586032, -0.33103404831074346, -0.2849720821965871, -0.9672125995567646, 0.3296430469615049, -0.5897978443883907, 0.7358870081069779, 0.7890942805615997, 0.6980755598103285, 0.028516226207106365, 0.5524666015408511, -0.023487937792804947, 0.03328726628969192, -0.14679632629732997, 0.008822825303416298, -0.7192357107936629, 0.2068647557438743, 0.4064744968547034, 0.4767796633880883, -0.7607477263116937, -0.8128194643549264, -0.8864358721285073, 0.06417109563701358, 0.2583755288745675, -0.9328712908398274, -0.9129089565363495, -0.7343191083288352, 0.3736695498416074, -0.44002567440708185, 0.5899952350114543, -0.10169404767010537, -0.900835021806075, -0.6872333437296445, 0.17399222283424076, 0.4489833982673066, 0.3051901790539995, 0.4058020780444429, 0.6947167841288908, 0.5513250955961273, -0.46142190013509143, -0.7459175018346984, -0.3087147682646345, 0.5583140702934293, -0.9369076851581448, 0.7991628715076453, -0.7896284050394813, -0.8690385110249315, 0.5808169496449065, 0.8909482838906186, -0.5083874121103549, 0.428232119241882, 0.09381371324719938, -0.8033661249817763, 0.7872827314597893, 0.7800527883127415, -0.41191400394463606, -0.3473875160544727, 0.345430767346975, 0.2937800889306319, 0.8362861565301873, -0.4954217892221151, -0.5648320590017342, -0.485655348779261, -0.4392068624924504, 0.07614978973196393, -0.25573077505846475, 0.7683252001921033]
101.99998474121094	(8, 12, 2)	[-0.12803742861578532, 0.3643557679167256, -0.6790304787861621, 0.3861440123412101, 0.5417990668997541, -0.9020573007796147, 0.34482252692896453, 0.15393701186737188, -0.6792748900122018, -0.0714039510672988, -0.24790838044008626, -0.8006093963968033, 0.7930933171925297, 0.8243867714951494, -0.43768916132651636, 0.5494473263971991, 0.19776312829954468, 0.8026613750124723, 0.044668358233845185, 0.5735425975155448, -0.6726778194138714, 0.12865600563821047, -0.5523472438341543, -0.4805691618338943, -0.9826066262512403, -0.3333592958539753, -0.562219595599861, -0.0683151678798136, 0.47889782274600023, 0.731241344047659, 0.17795526768794565, 0.44208318410959824, -0.0577480244822548, -0.05711514462128631, 0.35720643126229734, -0.9434863814073704, -0.05651948975456469, -0.8695596306167321, -0.04752038515692601, -0.6941286490777412, -0.2261483240003408, -0.3288570393079766, -0.8828621585115177, 0.5910944385703957, 0.9984299099818361, 0.187016911687506, 0.48793798367752994, -0.1851540632306088, -0.05025280806533323, -0.9924756725094575, 0.02138105769044199, -1.0, 0.19150462559937198, 0.7644451419394355, -0.3030834493475014, -0.7351642941392184, -1.0, 0.22130430432505976, -0.5536403587648184, 0.7158459794108099, 0.7890942805615997, 0.6975302294582689, -0.8850888332375783, 0.47881731848678943, -0.15845325975030142, 0.03328726628969192, -0.05426167615044189, 0.008822825303416298, -0.6861644663911428, -0.7304212219584619, 0.3841094947787721, 0.4767796633880883, -0.7450157891999755, -0.5547950253592802, -0.8864358721285073, 0.06417109563701358, 0.30746060035456446, -0.9328712908398274, -0.7566968168476517, 0.4969451650606318, 0.3736695498416074, -0.6745827013691306, 0.4866449176003521, -0.7435432680672043, -0.900835021806075, -0.6089867722322448, 0.3137435834048911, 0.23676176600777815, 0.48466942539841606, 0.6113148412037855, 1.0, 0.5513250955961273, -0.49618397620218196, -0.7459175018346984, -0.3087147682646345, 0.738591654958261, -0.9369076851581448, -0.18329064157265362, 0.036742333514427905, -0.8690385110249315, 0.21169618731636258, 0.7844678064722572, -0.5083874121103549, 0.3854200535715304, 0.0885638632078567, -0.4902806967776998, 0.8054061440797303, 0.7800527883127415, -0.01599781926350133, -0.2702177815611029, 0.5190145249683503, 0.6671920695780416, 0.730534093627035, 0.2755214962184691, -0.4052995150842186, -0.5979429144975023, -0.3286690090576483, -0.04121335914001567, -0.25573077505846475, 0.7683252001921033]
101.99999237060547	(8, 12, 2)	[-0.7811047049204883, 0.6562265537679539, -0.37218787776374374, 0.5110084206732503, 0.5461088729271162, -0.9020573007796147, 0.3460261455732705, 0.15393701186737188, -0.6530964228683587, -0.0714039510672988, -0.25541209959611505, -0.8543223811032811, 0.7691038212748517, 1.0, -0.43768916132651636, 0.5494473263971991, 0.13066135768505377, 0.6774495800747005, 0.1962581156033671, 0.6547980071616056, -0.6726778194138714, 0.106188286378182, -0.9660085257901238, -0.8966652501929149, -0.9826066262512403, -0.25312223162280545, -0.562219595599861, -0.0683151678798136, 0.47889782274600023, 0.731241344047659, 0.24755691789124423, 0.44208318410959824, -0.0577480244822548, -0.05711514462128631, -0.4239029007304911, -0.8578649978646702, 0.3054820212849596, -0.9955643061668014, -0.006852512094553072, -0.8249467479336349, -0.2261483240003408, -0.3288570393079766, -0.392702109552598, 0.7485318640052611, 0.9984299099818361, 0.6669684582418809, 0.48793798367752994, -0.1851540632306088, -0.05254705168600271, -0.9924756725094575, 0.16204530092055003, -0.269719547647816, 0.19150462559937198, -0.9900770271586032, -0.33103404831074346, -0.526331333830947, -1.0, 0.22130430432505976, -0.9702231168434227, 0.7158459794108099, 0.7450309238375769, 0.5544041312622399, -0.8850888332375783, 0.47881731848678943, -0.023487937792804947, 0.03328726628969192, -0.14679632629732997, 0.008822825303416298, -0.6861644663911428, 0.3089633537049141, 0.6916941723275025, 0.4767796633880883, -0.7607477263116937, -0.2949887906427564, -0.8864358721285073, -0.008501637487417835, 0.30746060035456446, -0.9328712908398274, -1.0, 0.4969451650606318, 0.7963141016440648, -0.6745827013691306, 0.5851067060393647, -0.17078124479780266, -1.0, -0.6872333437296445, 0.17399222283424076, 0.4489833982673066, 0.8402957862688658, 0.30793952608888053, 0.6947167841288908, 0.5513250955961273, -0.11256117975779834, 0.06368119900505076, -0.1909841770058146, 0.7240610470634475, -1.0, -0.18329064157265362, 0.036742333514427905, 0.3576275218813978, 0.5808169496449065, 0.7844678064722572, 0.0012046948732887357, 0.2627410606172825, -0.39129217702357644, -0.8033661249817763, 0.7872827314597893, -0.6366800627149207, -0.41191400394463606, -0.2702177815611029, 0.345430767346975, 0.26807473547248195, 0.8362861565301873, -0.4954217892221151, -0.577587488815651, 0.41415084305646044, -0.3286690090576483, 0.09336245838696053, -0.25573077505846475, 0.7683252001921033]
101.99998474121094	(8, 12, 2)	[-0.7811047049204883, 0.6979662020951669, -0.6505412672322529, 0.5110084206732503, 0.5461088729271162, -1.0, 0.34482252692896453, -0.3636398588869416, -0.3735505470343873, -0.0714039510672988, -0.1954696070163382, -0.8006093963968033, 0.7836044018318706, 0.8190347160847922, -0.43768916132651636, 0.5494473263971991, 0.19776312829954468, 0.3538529569867461, 0.044668358233845185, 0.5735425975155448, -0.6726778194138714, 0.106188286378182, -0.6867738501591194, -0.3816963865909792, -0.9826066262512403, -0.3333592958539753, -0.562219595599861, -0.0683151678798136, 0.5408376146233237, 0.7468571205058292, 0.24755691789124423, 0.44208318410959824, 0.012675618313610956, 0.12899367653403204, -0.4239029007304911, -0.9147819578861965, -0.05651948975456469, -0.8695596306167321, -0.0832564554626169, -0.8249467479336349, -0.6068720002302463, -0.3288570393079766, -0.8828621585115177, 0.7485318640052611, 0.9984299099818361, 0.187016911687506, 0.48793798367752994, 0.10929292830222104, -0.05025280806533323, -0.7165384960038788, 0.16204530092055003, -0.9655479230333877, 0.19150462559937198, 0.7644451419394355, -0.33103404831074346, -0.38534737166917976, -0.9672125995567646, 0.22130430432505976, -0.33185957583985237, 0.7158459794108099, 0.7890942805615997, 0.5544041312622399, -0.8526353010777752, 0.5524666015408511, -0.023487937792804947, 0.03328726628969192, -0.056381891681254626, 0.008822825303416298, -0.6861644663911428, 0.2068647557438743, 0.6916941723275025, 0.4767796633880883, -0.7607477263116937, -0.5547950253592802, -0.8864358721285073, -0.008501637487417835, 0.30746060035456446, -0.7114375439224704, -0.7566968168476517, -0.7343191083288352, 0.7963141016440648, -0.44002567440708185, 0.5851067060393647, -0.27632265568582803, -0.900835021806075, -0.6872333437296445, -0.003691413923475939, 0.23676176600777815, 0.48466942539841606, 0.6113148412037855, 0.737408912863661, 0.5513250955961273, -0.11256117975779834, -0.957143476290133, -0.3194685116563889, 0.5663134152734882, -0.9369076851581448, -0.6170815012013832, 0.8171124569506765, 0.3576275218813978, 0.5808169496449065, 0.7844678064722572, 0.0012046948732887357, 0.18057114222012965, 0.09381371324719938, -0.4902806967776998, 0.7314696732446857, 0.7800527883127415, -0.41191400394463606, -0.3473875160544727, 0.5976880351775666, -0.06489667799685805, 0.7843570667725179, 0.2755214962184691, -0.5427707980372765, 0.41415084305646044, -0.3286690090576483, 0.09336245838696053, -0.25573077505846475, 0.7998468901275797]
101.9999771118164	(8, 12, 2)	[-0.7811047049204883, 0.03018571443917062, -0.6790304787861621, 0.4691985538523731, 0.6964924826104859, -0.9020573007796147, 0.3460261455732705, -0.22211810657621645, -0.3735505470343873, -0.0714039510672988, -0.25541209959611505, -0.8543223811032811, 0.7836044018318706, 1.0, -0.43768916132651636, 0.5494473263971991, 0.12815607328499043, 0.3538529569867461, 0.3762973105375309, 0.6547980071616056, -0.6726778194138714, 0.106188286378182, -0.5523472438341543, -0.8966652501929149, -0.9826066262512403, -0.25312223162280545, -0.562219595599861, -0.0683151678798136, 0.5927070361641382, 0.3496995316411901, 0.24755691789124423, 0.44208318410959824, -0.0577480244822548, -0.05711514462128631, -0.4239029007304911, -0.8578649978646702, 0.3054820212849596, -0.7464676642426498, -0.04752038515692601, -0.6941286490777412, -0.2261483240003408, -0.25488736424560754, -0.8828621585115177, 0.6846401689496757, 0.9984299099818361, 0.6669684582418809, 0.48793798367752994, -0.1851540632306088, -0.05025280806533323, -0.9924756725094575, 0.1479345748127119, -0.269719547647816, 0.025157183072015227, 0.3219266373084879, -0.33103404831074346, -0.2849720821965871, -0.9672125995567646, 0.3296430469615049, -0.5536403587648184, 0.7158459794108099, 0.7890942805615997, 0.5544041312622399, -0.8526353010777752, 0.47881731848678943, -0.05863004523592303, 0.03328726628969192, -0.14679632629732997, 0.27832788088796345, -0.6863713250178952, -0.8582915941255986, 0.7642962708357428, 0.4767796633880883, -0.794282275419629, -0.5547950253592802, -0.7848022069062803, -0.11015786360164898, 0.4198830925534981, -0.9328712908398274, -1.0, -0.5988139148076701, 0.4692369855230465, -0.4043400179961413, 0.5851067060393647, -0.12895812433399986, -0.900835021806075, -0.6089867722322448, -0.003691413923475939, -0.1313357382274052, 0.8402957862688658, 0.4058020780444429, 0.737408912863661, 0.5513250955961273, -0.49618397620218196, -1.0, -0.3087147682646345, 0.6205641032887922, -0.9369076851581448, -0.5704748785199243, -0.9067711167848628, 0.3576275218813978, 0.5808169496449065, 0.1681956005504528, 0.0012046948732887357, 0.4675468932492227, 0.3679988019679646, -0.4902806967776998, 0.7872827314597893, 0.7800527883127415, -0.41191400394463606, -0.3473875160544727, 0.6007454342787674, 0.2937800889306319, 0.8362861565301873, -0.4954217892221151, -0.5217462943919013, -0.485655348779261, -0.3286690090576483, 0.09336245838696053, -0.25573077505846475, 0.7683252001921033]
101.99998474121094	(8, 12, 2)	[-0.7811047049204883, 0.3643557679167256, -0.37218787776374374, 0.5110084206732503, 0.5461088729271162, -0.9020573007796147, 0.34482252692896453, 0.15393701186737188, -0.44765027816307024, -0.0714039510672988, -0.21680452602603403, -0.8006093963968033, 0.8424297497341312, 1.0, -0.43768916132651636, 0.5494473263971991, 0.157740832122142, 0.47438462810637616, 0.12986101986019516, 0.5805626105834281, -0.6726778194138714, 0.106188286378182, -0.9192586154851577, -0.89142166377155, -0.9826066262512403, -0.3333592958539753, -0.4944953446992073, -0.0683151678798136, 0.5548706474126036, 0.731241344047659, 0.24755691789124423, 0.44208318410959824, -0.0577480244822548, -0.05711514462128631, -0.4239029007304911, -0.9434863814073704, 0.3054820212849596, -0.8695596306167321, -0.006852512094553072, -0.6987699423875913, -0.2261483240003408, -0.3288570393079766, -0.8828621585115177, 0.7485318640052611, 0.9984299099818361, 0.6669684582418809, 0.48793798367752994, 0.10929292830222104, -0.05025280806533323, -0.7165384960038788, 0.16204530092055003, -1.0, 0.0371681747772875, -0.9900770271586032, 0.8616088958241175, -0.38534737166917976, -1.0, 0.22130430432505976, -0.9702231168434227, 0.024411259649773198, 0.7450309238375769, 0.5544041312622399, -0.8526353010777752, 0.47881731848678943, 0.07060427379677689, 0.17653143008108546, -0.14679632629732997, 0.27832788088796345, -0.6861644663911428, 0.2068647557438743, 0.6916941723275025, 0.40024705953962364, -0.7548652707092232, -0.2949887906427564, -0.8864358721285073, -0.11015786360164898, 0.30746060035456446, -0.702660089864235, -0.7566968168476517, -0.5868665509839868, 0.7963141016440648, -0.6745827013691306, 0.5851067060393647, -0.27632265568582803, -1.0, -0.6872333437296445, 0.17399222283424076, -0.1313357382274052, 0.48466942539841606, 0.3054414848700936, 0.6947167841288908, 0.5513250955961273, -0.11256117975779834, -0.957143476290133, -0.3087147682646345, 0.6205641032887922, -0.9369076851581448, -0.18329064157265362, 0.036742333514427905, 0.3576275218813978, 0.5808169496449065, 0.7844678064722572, 0.0012046948732887357, 0.2627410606172825, -0.4343904152771457, -0.8033661249817763, 0.7872827314597893, 0.7800527883127415, -0.41191400394463606, -0.3473875160544727, 0.4808195068167324, -0.11943978367434477, 0.8362861565301873, 0.2755214962184691, -0.5217462943919013, 0.41415084305646044, -0.3286690090576483, 0.09336245838696053, 0.8439057624317472, -0.3472082631663791]
101.99998474121094	(8, 12, 2)	[-0.7811047049204883, 0.6979662020951669, -0.6505412672322529, 0.5110084206732503, 0.5461088729271162, -0.9020573007796147, 0.2607344425234631, -0.16513175371930178, -0.44765027816307024, 0.08984271683462025, -0.24790838044008626, -0.8006093963968033, 0.7836044018318706, 0.8209682346186984, -0.43768916132651636, 0.5494473263971991, 0.12815607328499043, 0.8026613750124723, 0.1962581156033671, 0.5107216626845583, -0.6726778194138714, 0.106188286378182, -0.9192586154851577, -0.8966652501929149, -0.9826066262512403, -0.3333592958539753, -0.562219595599861, -0.0683151678798136, 0.695676528632272, 0.3848869032120681, 0.24755691789124423, 0.44208318410959824, -0.0577480244822548, -0.05711514462128631, -0.04021593714990825, -0.8578649978646702, -0.05651948975456469, -0.8695596306167321, 0.07203878759142311, -0.6941286490777412, -0.6068720002302463, -0.25488736424560754, -0.8828621585115177, 0.827880481493614, 1.0, 0.7737355672487534, 0.3514958281464632, 0.10929292830222104, -0.05025280806533323, -0.9924756725094575, 0.1479345748127119, -0.3250894639883004, 0.19150462559937198, 0.3219266373084879, 0.9299969386135312, -0.38534737166917976, -1.0, 0.24958072916504925, -0.5536403587648184, 0.024411259649773198, 0.7890942805615997, 0.6975302294582689, 0.028516226207106365, 0.5524666015408511, 0.07060427379677689, 0.03328726628969192, 0.45239073625018295, -0.03284536640135394, -0.6861644663911428, 0.3089633537049141, 0.3659483863743493, 0.4767796633880883, -0.7607477263116937, -0.6937548635113335, -0.8864358721285073, -0.08661880131550245, 0.30746060035456446, -0.702660089864235, -0.9129089565363495, -0.5988139148076701, 0.3736695498416074, -0.44002567440708185, 0.6497378214367313, -0.7435432680672043, -0.946368074561408, -0.6089867722322448, 0.0894698464563048, 0.23676176600777815, 0.48466942539841606, 0.4058020780444429, 0.6947167841288908, 0.6066428892641428, -0.5371079698505159, -0.7459175018346984, -0.3087147682646345, 0.5663134152734882, -0.9369076851581448, -0.48751709891387174, -0.7896284050394813, -0.8690385110249315, 0.23940368280182645, 0.1681956005504528, -0.5083874121103549, 0.3854200535715304, 0.0885638632078567, -0.4902806967776998, 0.7314696732446857, 0.7800527883127415, -0.568265145301108, -0.3473875160544727, 0.345430767346975, -0.11943978367434477, 0.8362861565301873, 0.2755214962184691, -0.5217462943919013, 0.41415084305646044, -0.3286690090576483, 0.09336245838696053, 0.880042500685715, -0.8139685404650783]
101.99999237060547	(8, 12, 2)	[-0.7147104894991348, 0.6979662020951669, -0.6790304787861621, 0.3861440123412101, 0.953220380759545, -0.9020573007796147, 0.3460261455732705, 0.15393701186737188, -0.3735505470343873, -0.0714039510672988, -0.4041866250613546, -0.8006093963968033, 0.7836044018318706, 1.0, -0.6170280161839288, 0.5494473263971991, 0.19776312829954468, 0.8026613750124723, 0.17637652107875967, 0.5649034750439295, -0.6726778194138714, 0.106188286378182, -0.9192586154851577, -0.8966652501929149, -0.9826066262512403, -0.3909627350724043, -0.6513253359610829, -0.09123098747359837, 0.5927070361641382, 0.7502913860304359, 0.24755691789124423, 0.44208318410959824, -0.0577480244822548, -0.05711514462128631, -0.4239029007304911, -0.8578649978646702, 0.3054820212849596, -0.8695596306167321, -0.006852512094553072, -0.6941286490777412, -0.2261483240003408, -0.25488736424560754, -0.8828621585115177, 0.7485318640052611, 0.9984299099818361, 0.6669684582418809, 0.48793798367752994, -0.1851540632306088, -0.05374702280013155, -0.9924756725094575, 0.1479345748127119, -1.0, 0.025157183072015227, -0.9900770271586032, -0.33103404831074346, -0.45385179633262046, -1.0, 0.39544089486988393, -0.5361252974486854, -0.19672614473255626, 0.7890942805615997, 0.5544041312622399, 0.028516226207106365, -0.46230279873142166, -0.05863004523592303, 0.03328726628969192, -0.056381891681254626, 0.27832788088796345, -0.6861644663911428, -0.8582915941255986, 0.7642962708357428, 0.40024705953962364, -0.6074778087996167, -0.5810974964228954, -0.8864358721285073, -0.026615342940921313, 0.2583755288745675, -0.9328712908398274, -1.0, -0.5868665509839868, 0.7963141016440648, -0.6745827013691306, 0.5851067060393647, -0.7435432680672043, -0.900835021806075, -0.6089867722322448, 0.20342947638571754, -0.1313357382274052, 0.8402957862688658, 0.3054414848700936, 0.737408912863661, 0.5513250955961273, -0.44501691096847784, -0.7459175018346984, -0.1909841770058146, 0.5663134152734882, -1.0, -0.7634292747655685, -0.9067711167848628, 0.3576275218813978, 0.49104788313007997, 0.7844678064722572, -0.5083874121103549, 0.2627410606172825, -0.4343904152771457, -0.4902806967776998, 0.7314696732446857, 0.7800527883127415, -0.01599781926350133, 0.6325068009445939, 0.4746042108184765, 0.6671920695780416, 0.9542364101189384, -0.4954217892221151, -0.5648320590017342, -0.485655348779261, -0.3286690090576483, 0.09336245838696053, -0.25573077505846475, 0.7683252001921033]
102.0	(8, 12, 2)	[-0.7147104894991348, 0.6562265537679539, -0.6505412672322529, 0.3861440123412101, 0.953220380759545, -0.9020573007796147, 0.3460261455732705, 0.15393701186737188, -0.42662982583274367, 0.08984271683462025, -0.24790838044008626, -0.8006093963968033, 0.7836044018318706, 1.0, -0.43768916132651636, 0.5494473263971991, 0.19776312829954468, 0.8026613750124723, 0.1962581156033671, 0.41437689045535997, -0.8383626551662304, -0.02765350891079299, -0.9192586154851577, -0.43727934736667723, -0.9826066262512403, -0.22330553501024364, -0.562219595599861, -0.0683151678798136, 0.682460081827456, 0.731241344047659, 0.24755691789124423, 0.44208318410959824, -0.0577480244822548, -0.05711514462128631, -0.47177294257507985, -0.9006573084335419, -0.05651948975456469, -0.9759863265420521, -0.006852512094553072, -0.7582327253464806, -0.2261483240003408, -0.3288570393079766, -0.5878418368857973, 0.6846401689496757, 0.9144395283159692, 0.7642976858231387, 0.48793798367752994, -0.1851540632306088, -0.05025280806533323, -0.6960045136733461, 0.15372585765866886, -0.9655479230333877, 0.19150462559937198, -0.9900770271586032, -0.3710441454956152, -0.38534737166917976, -0.9672125995567646, 0.3296430469615049, -0.5536403587648184, 0.7158459794108099, 0.7890942805615997, 0.455599925830136, -0.8850888332375783, 0.47881731848678943, -0.20290897354427628, 0.010063892582950096, -0.05426167615044189, 0.27832788088796345, -0.6519379644585374, -0.8797301838523497, 0.5832072199718841, 0.6243204122662356, -0.7548652707092232, -0.5547950253592802, -0.8864358721285073, -0.11015786360164898, 0.2583755288745675, -0.9328712908398274, -0.7566968168476517, 0.25569864984343615, 0.18078813265992344, -0.44002567440708185, 0.5851067060393647, -0.7435432680672043, -0.900835021806075, -0.6872333437296445, 0.17399222283424076, 0.37714634617457277, 0.8402957862688658, 0.3054414848700936, 0.5289938468985254, 0.5513250955961273, -0.11256117975779834, -0.9783479215045833, -0.2430108874881876, 0.7163779360397216, -1.0, -0.05164618123254908, -0.7896284050394813, -0.8690385110249315, 0.5808169496449065, 0.7844678064722572, 0.0012046948732887357, 0.428232119241882, 0.35638162572992627, -0.4902806967776998, 0.7314696732446857, 0.7800527883127415, -0.41191400394463606, -0.2702177815611029, 0.6830844511960856, 0.2937800889306319, 0.8362861565301873, -0.4954217892221151, -0.5217462943919013, -0.5979429144975023, -0.4392068624924504, -0.04121335914001567, -0.25573077505846475, -0.8139685404650783]
101.99998474121094	(8, 12, 2)	[-0.9585795183992811, 0.6562265537679539, -0.6548225438113144, 0.5110084206732503, 0.5461088729271162, -0.9020573007796147, 0.3460261455732705, -0.16513175371930178, -0.44765027816307024, 0.08984271683462025, -0.5276582427240477, -0.8006093963968033, 0.7836044018318706, 0.8209682346186984, -0.5135817101534128, 0.5131343331012864, 0.19776312829954468, 0.3538529569867461, 0.1962581156033671, 0.5107216626845583, -0.6726778194138714, 0.106188286378182, -0.6867738501591194, -0.8966652501929149, -0.9826066262512403, -0.3333592958539753, -0.562219595599861, -0.002327519020687365, 0.695676528632272, 0.7468571205058292, 0.24755691789124423, 0.44208318410959824, -0.0577480244822548, -0.07339307897755988, 0.35720643126229734, -0.8578649978646702, -0.05651948975456469, -0.8695596306167321, -0.04752038515692601, -0.6941286490777412, -0.2261483240003408, -0.3288570393079766, -0.8828621585115177, 0.7396469436359667, 0.9984299099818361, 0.7642976858231387, 0.37375793635101645, -0.1851540632306088, -0.05374702280013155, -0.7165384960038788, 0.16204530092055003, -0.9913073083542506, 0.19150462559937198, 0.3219266373084879, -0.33103404831074346, -0.7351642941392184, -0.9920257860671825, 0.17631819273016924, -0.5361252974486854, 0.024411259649773198, 0.6559915491932805, 0.3500713578837198, -0.8850888332375783, 0.47881731848678943, -0.023487937792804947, 0.012146233237166015, -0.14679632629732997, -0.03284536640135394, -0.6861644663911428, 0.2068647557438743, 0.7642962708357428, 0.4767796633880883, 0.8762130571684597, -0.5810974964228954, -0.7818651257598612, -0.11015786360164898, 0.2583755288745675, -0.8384208707896441, -0.9129089565363495, -0.9380586281801769, 0.3736695498416074, -0.6745827013691306, 0.5851067060393647, -0.12895812433399986, -0.900835021806075, -0.6089867722322448, -0.003691413923475939, -0.012067305836389111, 0.6297829529306979, 0.4058020780444429, 0.737408912863661, 0.6066428892641428, -0.44501691096847784, -1.0, -0.3087147682646345, 0.7163779360397216, -0.9369076851581448, -0.6170815012013832, 0.8171124569506765, -0.9623158594425408, 0.26084113882010185, 0.8851763407320162, -0.5083874121103549, 0.2627410606172825, 0.0885638632078567, -0.4902806967776998, 0.7314696732446857, 0.7800527883127415, -0.41191400394463606, -0.3473875160544727, 0.6830844511960856, -0.06489667799685805, 0.8362861565301873, -0.7153307705807441, -0.5648320590017342, 0.36765873172546365, -0.3286690090576483, 0.09336245838696053, 0.8439057624317472, -0.9008199616195556]
101.9999771118164	(8, 12, 2)	[-0.7811047049204883, 0.6562265537679539, -0.37218787776374374, 0.3861440123412101, 0.953220380759545, -0.9020573007796147, 0.34482252692896453, 0.15393701186737188, -0.42662982583274367, 0.08984271683462025, -0.35939809155089597, -0.8006093963968033, 0.7836044018318706, 0.9452220025847731, -0.43768916132651636, 0.5494473263971991, 0.157740832122142, 0.8026613750124723, 0.1962581156033671, 0.6547980071616056, -0.6726778194138714, -0.02765350891079299, -0.9192586154851577, -0.8966652501929149, -0.9826066262512403, -0.3333592958539753, -0.5822593440703769, -0.0683151678798136, 0.5548706474126036, 0.7468571205058292, 0.17795526768794565, 0.5810243416656272, -0.0577480244822548, -0.05711514462128631, -0.04021593714990825, -0.8578649978646702, 0.3054820212849596, -0.8695596306167321, -0.0832564554626169, -0.6941286490777412, -0.2261483240003408, -0.1967538919531359, -0.392702109552598, 0.7485318640052611, 0.9984299099818361, 0.6669684582418809, 0.48793798367752994, -0.1851540632306088, -0.05025280806533323, -0.7165384960038788, 0.16204530092055003, -0.269719547647816, 0.19150462559937198, -0.022290356637692313, -0.33103404831074346, -0.5359976494205129, -1.0, 0.24958072916504925, -0.5536403587648184, 0.7158459794108099, 0.7377395613422106, 0.5544041312622399, 0.028516226207106365, 0.47881731848678943, -0.20290897354427628, 0.03328726628969192, -0.14679632629732997, 0.008822825303416298, -0.6861644663911428, -0.7830375744821197, 0.5832072199718841, 0.6243204122662356, -0.651754820152858, -0.5547950253592802, -0.8864358721285073, -0.11015786360164898, 0.30746060035456446, -0.8384208707896441, -1.0, -0.7343191083288352, 0.3736695498416074, -0.6298891696206605, 0.5851067060393647, -0.6478160598543954, -0.8726855450618822, -0.6089867722322448, 0.02133433515814956, 0.37714634617457277, 0.48466942539841606, 0.6113148412037855, 0.737408912863661, 0.5513250955961273, -0.11256117975779834, -0.7459175018346984, -0.3087147682646345, 0.6325349180015517, -0.9369076851581448, 0.7991628715076453, -0.7896284050394813, -0.8690385110249315, 0.26084113882010185, 0.7844678064722572, -0.5642132075220558, 0.428232119241882, 0.07712607913132968, -0.4902806967776998, 0.7314696732446857, 0.7800527883127415, -0.4684517273094213, 0.0036052317362288144, 0.47018733496578174, 0.26807473547248195, 0.024736308577977262, -0.7153307705807441, -0.5217462943919013, 0.36765873172546365, -0.3286690090576483, 0.9913828942536205, 0.028642369137588164, -0.3472082631663791]
