1019.9468383789062	(8, 12, 2)	[-0.6556856182405824, 0.7595553781550133, -0.03614968676641772, -0.9159146537998646, 0.9429752192274947, -0.5614651673563802, 0.4786014295549994, 0.7425057508133246, -0.97516131639544, 0.893502179603235, 0.2588452619728052, -0.7062139550241398, -0.3860683548838617, 0.02023226806051115, 0.7724216269475048, 0.16524927588722904, 0.6689811291062719, 0.6303190610789957, -0.6105022092919874, 0.4702812994099046, -0.8231348652976826, 0.9746029187021596, 0.9530955232305165, -0.32759298466701225, -0.2925490023351711, -0.08299062560979187, -0.21005509302723047, -0.032332019995423567, -0.4993262150862432, -0.49570928699301975, 0.5810683818806022, 0.3237623277823485, 0.0971230870929769, -0.9245703538566588, 0.8131457278097776, -0.531000216815102, -0.4889229899928378, -0.7550425942561094, 0.061192752484916735, 0.1415679605772906, -0.8055432931804627, 0.9946171700740309, -0.4388473531619861, -0.6634329104810575, -0.474268613618543, -0.09882491005295302, 0.7611081005775393, 0.9542725733605297, 0.37678875499016895, -0.7249876202645762, 0.3603061936922516, -0.11585640528887353, -0.6617454031530359, -0.15661629601015736, 0.3841618383428629, 0.5874766861412879, 0.6119048476067843, -0.2966542883946559, 0.4867225446662067, 0.32658560240346346, -0.7493810161864327, -0.7600561436265449, 0.1705631958302265, -0.8911386849914547, 0.08907408297900443, 0.1950596043636692, 0.9236341785463456, -0.5336049924428805, -0.2520300844717138, 0.793387551246453, -0.26457770381593004, -0.16001853287534318, 0.42776430349430505, -0.18093083735802895, -0.6912981849762005, 0.894702119108159, 0.42709331332261025, -0.03956550722737617, 0.799850485566844, -0.8856053275713234, -0.6853818734652406, -0.4703013376138969, 0.01756029707412976, -0.7209761716531837, 0.39441182929226093, 0.6268658324285317, -0.05514564992064175, 0.45181064563168394, -0.5991614938131977, -0.8443407302217842, -0.5139537184816927, 0.8383338897832053, -0.5053343068494776, 0.5067420610686544, 0.1404860295106145, -0.23274461463520812, 0.23023121663051027, 0.8399939292237801, 0.6323506562419288, 0.5781518379621917, 0.5131600256447402, -0.8492536098394738, 0.39122217943028037, 0.10397722822839084, -0.8431191746067335, -0.9994854878820119, 0.9987186889584918, -0.001613475608666981, -0.3075079870389972, -0.17595863060782424, -0.35784414734271164, -0.5432059341919988, -0.3683125102710407, 0.9921295090375617, 0.006199889427120686, 0.5050734210435761, 0.3339176453593, -0.8687529411259822, 0.797159105357808, -0.13067141147914674]
-9.635218620300293	(8, 12, 2)	[-0.6556856182405824, 0.7595553781550133, -0.03614968676641772, -0.9159146537998646, 0.9429752192274947, -0.5614651673563802, 0.4786014295549994, 0.7425057508133246, -0.97516131639544, 0.893502179603235, 0.2588452619728052, -0.7062139550241398, -0.3860683548838617, 0.02023226806051115, 0.7724216269475048, 0.16524927588722904, 0.6689811291062719, 0.6303190610789957, -0.6105022092919874, 0.4702812994099046, -0.8231348652976826, 0.9746029187021596, 0.9530955232305165, -0.32759298466701225, -0.2925490023351711, -0.08299062560979187, -0.21005509302723047, -0.032332019995423567, -0.4993262150862432, -0.49570928699301975, 0.5810683818806022, 0.3237623277823485, 0.0971230870929769, -0.9245703538566588, 0.8131457278097776, -0.531000216815102, -0.4889229899928378, -0.7550425942561094, 0.061192752484916735, 0.1415679605772906, -0.8055432931804627, 0.9946171700740309, -0.4388473531619861, -0.6634329104810575, -0.474268613618543, -0.09882491005295302, 0.7611081005775393, 0.9542725733605297, 0.37678875499016895, -0.7249876202645762, 0.3603061936922516, -0.11585640528887353, -0.6617454031530359, -0.15661629601015736, 0.3841618383428629, 0.5874766861412879, 0.6119048476067843, -0.2966542883946559, 0.4867225446662067, 0.32658560240346346, -0.7493810161864327, -0.7600561436265449, 0.1705631958302265, -0.8911386849914547, 0.08907408297900443, 0.1950596043636692, 0.9236341785463456, -0.5336049924428805, -0.2520300844717138, 0.793387551246453, -0.26457770381593004, -0.16001853287534318, 0.42776430349430505, -0.18093083735802895, -0.6912981849762005, 0.894702119108159, 0.42709331332261025, -0.03956550722737617, 0.799850485566844, -0.8856053275713234, -0.6853818734652406, -0.4703013376138969, 0.01756029707412976, -0.7209761716531837, 0.39441182929226093, 0.6268658324285317, -0.05514564992064175, 0.45181064563168394, -0.5991614938131977, -0.8443407302217842, -0.5139537184816927, 0.8383338897832053, -0.5053343068494776, 0.5067420610686544, 0.1404860295106145, -0.23274461463520812, 0.23023121663051027, 0.8399939292237801, 0.6323506562419288, 0.5781518379621917, 0.5131600256447402, -0.8492536098394738, 0.39122217943028037, 0.10397722822839084, -0.8431191746067335, -0.9994854878820119, 0.9987186889584918, -0.001613475608666981, -0.3075079870389972, -0.17595863060782424, -0.35784414734271164, -0.5432059341919988, -0.3683125102710407, 0.9921295090375617, 0.006199889427120686, 0.5050734210435761, 0.3339176453593, -0.8687529411259822, 0.797159105357808, -0.13067141147914674]
9.77368450164795	(8, 12, 2)	[0.9416589627302119, -0.6146503424848433, 0.5005081170465704, -0.5822591295962196, -0.03508348501850178, -0.34325351034283846, -0.3267098636535286, 0.1849224759026391, 0.5404826310436475, -0.22518879148254478, 0.8354183926921375, -0.8538214838999534, -0.6362596140203423, -0.6367579728138728, -0.007439310477606265, 0.8248471069999406, -0.0029602237866692693, 0.9051733117854794, -0.6273879549715706, -0.17124902488308025, 0.0014048912271011904, 0.7893752450565543, -0.1990468399779486, -0.42283268250942396, 0.40130954418788933, -0.3850301535348013, -0.42236424922070936, 0.1730095940989529, 0.5358707363572159, -0.41725575258659897, 0.12767242469389806, -0.1766845691991854, -0.236271231147684, 0.6624909233526208, 0.2804206392983639, 0.5996776108582107, 0.009384500194253853, 0.7788957938517347, -0.8029095428641269, -0.9696804561823846, 0.3301200988153079, 0.5280052226148586, -0.807537997802342, -0.5518172051624011, 0.22519081066407987, -0.7642342008567025, 0.5490681279080605, -0.5879809107779601, -0.9260904415065494, 0.5343335505267621, -0.4439337120290332, -0.5816142005804259, 0.8999154945131078, 0.7263456369984649, 0.018478984037239687, 0.17743411049805835, 0.9534489659581489, -0.5181597077221065, 0.7361108482042074, 0.5865108210799912, -0.6504285189199233, -0.12201621409238661, 0.36115933333250827, 0.14299244006529443, 0.34650057366635423, -0.27703288414331717, -0.10950198157633628, 0.9742384050105828, -0.145868962971887, -0.10566773198855706, 0.19418475446803418, 0.4498163108754254, 0.035627494804866044, -0.9754762896249616, -0.016858175055333276, -0.9358747386055961, 0.5598150872666676, 0.8606930198573008, 0.06011396733484076, -0.8180097094407413, 0.42719688992155236, 0.11749888692527503, -0.8007986060090495, 0.7533391505372222, -0.2319353947621554, 0.6803713862961689, 0.13328724468530595, 0.2188664105129916, 0.30006149738831533, 0.698020395292525, -0.8495655478086321, 0.8684403982906936, 0.09313522350369996, -0.6053770766693773, 0.849065618295711, 0.3404910615088934, 0.5138476486647245, 0.6434347222451331, 0.7747339100027666, -0.8021571819969755, 0.44317574259485926, 0.7190947932501841, 0.8621842568096509, 0.02157036925468847, 0.04282387411562705, -0.8710763641187895, -0.5139652713392799, -0.651512774094847, -0.9213087984508928, -0.21503715179074656, -0.8950001577636266, -0.11524652655249645, 0.41132178430654887, -0.7212487809607127, -0.8624746736057107, -0.29878539186245145, 0.2777778517040701, 0.13365934420709524, -0.45054773953306126, 0.6536167901270709]
991.9259033203125	(8, 12, 2)	[0.8387649745834391, -0.8736688798009669, 0.332601265543524, 0.3897816109786725, -0.4301169577910522, 0.1270194430850602, 0.976148740626553, -0.7037836436601492, -0.2841458207841616, -0.2214478787169296, -0.8218083488176777, 0.41401724777496174, 0.2717917800403695, 0.3371942150442604, -0.9327431988527941, -0.8106135178575589, -0.5900842713991297, -0.48740607339029296, -0.6990875624494057, 0.1520254912766701, -0.6511984226547758, -0.31143755893041414, -0.7294176069014264, -0.20319672575939385, -0.7698127985438177, -0.4195953050524386, 0.3907652484830262, -0.3414736774432354, -0.5266027357791392, -0.6174868817609487, -0.5519560492762896, -0.6761898784654081, -0.3529064319477624, -0.8614995186768233, -0.9501095708274725, -0.6645698120273666, -0.430057594893664, -0.23139411666944376, -0.15926212869453882, -0.3817132985053233, -0.7807907580711306, -0.7846842405449974, -0.8078483344205569, -0.9848036698929135, -0.35068867545072413, -0.8405100278485143, 0.31353719848211514, -0.6275459020058656, 0.5614385493021439, 0.8738663686285224, 0.4542541463822567, -0.12402100751837475, -0.005494830912851967, -0.8179675985798103, 0.7043594564990816, -0.2880803993497112, -0.48118297212524075, 0.28093750398085127, -0.28099001126172074, 0.5466378962082379, -0.25205073985049764, 0.549429377798158, 0.4450369305178017, 0.8807263158384941, 0.800669709705883, 0.2667303516173958, -0.3768004039717887, -0.09939523997787192, 0.5363071439054679, 0.08499146052573855, 0.5057003921797323, 0.5966891034111612, -0.20761539274789165, -0.06805896713262483, -0.21204542535966442, -0.3060777810820301, 0.26308623902681205, 0.31050697343709865, -0.7397705785399666, 0.717061971697075, 0.41199129944569646, 0.26371019188717404, 0.724805545091521, 0.8667230490702866, 0.3857351599673755, -0.34436704679844765, 0.9038371846628979, -0.9250033507055837, 0.8866626064921093, -0.5029581624079773, -0.048961753030486665, -0.69643170147655, 0.8839126402696869, 0.7282058192622989, 0.2859656610256518, -0.30110143006085743, 0.4814227119024663, 0.6374037595767128, 0.0973508701098098, 0.6453836708856748, 0.3882541717495025, 0.007634871297437007, -0.532740187925345, 0.03993510445203974, 0.7835160565233579, -0.40831782958508644, 0.8999123556611743, -0.712544757686715, -0.4118869766874156, -0.3690416125124314, 0.5623895266613927, -0.181346461210794, -0.6213219479602134, 0.5512718597066499, 0.6264534939719997, -0.6464203339644095, 0.12641195146615924, -0.8058805353008534, 0.38078824540231104, 0.913509663402122]
1018.5127563476562	(8, 12, 2)	[-0.3135282749211279, -0.09451475241007423, -0.13012285151690595, 0.5851875545687908, 0.9429752192274947, -0.2955968678428893, -0.06267455753453222, -0.4516404184423044, 0.0868853749629861, -0.2214478787169296, 0.024614492817423672, -0.8538214838999534, 0.07790688436564475, 0.581186347131982, -0.03572207660761895, -0.11289633924648768, -0.5050893002778049, -0.6699637703744628, -0.6990875624494057, -0.17124902488308025, -0.47444231223283784, 0.7893752450565543, 0.3439669432473562, -0.4153607151710377, -0.883991461008311, -0.4195953050524386, 0.02896791640869667, -0.032332019995423567, 0.7310206449355505, -0.18977629192927958, 0.57875893286284, 0.6090037145432923, -0.5136922441697234, -0.30809907991349106, -0.7468617797845298, 0.2500451975847344, -0.6865985940627224, -0.57128703613355, -0.8973132992644204, -0.9696804561823846, 0.8005072701397973, 0.337766456053336, -0.807537997802342, -0.6634329104810575, 0.22519081066407987, -0.7642342008567025, -0.7535040662861461, -0.6275459020058656, -0.9260904415065494, 0.9206539376748657, -0.4439337120290332, 0.3152427959838744, -0.6251650963872843, -0.6233963619974057, -0.9684322507100611, -0.5549632029316021, 0.6185959158131233, 0.5851733982274259, -0.5967723839246344, 0.8313818155744981, -0.6504285189199233, 0.3485105296776614, 0.6461827359934462, 0.14299244006529443, -0.9030581796679216, -0.15951844357664702, -0.7690969973113675, 0.26407056755697145, -0.7079509963280015, 0.5681442378105703, 0.9840192766777631, -0.09471697107049781, 0.035627494804866044, -0.9754762896249616, -0.12034541182569769, -0.4319816246027657, 0.32247338325356734, 0.592340299418538, -0.9669921975934435, -0.0497745709054791, 0.482610657061318, -0.46426319535067817, 0.724805545091521, 0.15040261923542086, -0.7794722165262964, 0.6803713862961689, -0.692442591118889, -0.2398195102770544, 0.759964293822007, -0.8964787875148872, 0.1062356941532947, -0.4606075750242755, -0.35854752256268574, -0.17269397644287765, -0.2261815165985661, 0.6663540012450715, -0.47854312650199193, -0.8717804094150057, 0.3207098517825251, 0.11799192083344123, 0.5165474144083437, 0.9512327242483123, 0.5386798293154695, 0.1903048286006359, -0.8431191746067335, 0.08548732445957152, -0.6161997849802563, 0.1535008870680532, 0.01777837505497004, -0.21503715179074656, 0.1336196795544371, -0.5832263927457946, 0.41132178430654887, 0.8449049880702966, 0.438864321736288, 0.6014609485272788, 0.4731877280038608, 0.13365934420709524, -0.8985809795186916, -0.29539382693915606]
1003.1605224609375	(8, 12, 2)	[0.669320364313897, -0.2758244012877735, 0.2439121894552836, -0.9815023965154401, 0.8792162125492027, 0.7254054809468906, -0.2171445589818639, -0.29401374745981146, -0.8643610387117842, -0.2570754351458955, -0.9023066392431696, 0.35880189551082653, 0.5252603107908531, -0.8878988981429676, 0.5409619465576201, -0.3790280843915619, 0.867251371219259, -0.6024811130465693, -0.6873372363044505, 0.11772785022153465, -0.1883284189491934, -0.060425003294954927, -0.6567216396139914, -0.4153607151710377, -0.883991461008311, -0.06592754206588358, -0.071980176651957, 0.5518416905866343, -0.8991719108970768, 0.5262535539740019, 0.028586804034590685, -0.880292985571635, 0.0971230870929769, -0.34365162423174334, -0.6347952571925191, -0.5978094091806965, 0.027124951141224374, 0.13108773769627602, 0.9512757380698702, -0.4525433011446356, -0.35143344322465353, 0.2711328363078753, 0.025325563107033933, -0.3650328260994973, -0.474268613618543, 0.4889455108611347, -0.6995103716986049, 0.04270654521381956, -0.2307213677183524, -0.858586075017582, -0.10786850232670608, -0.8292265311132878, -0.5128931782812425, -0.6774742642708342, -0.46057169086338967, -0.22450045883099734, -0.5992162571430206, 0.7369878110244323, 0.584744818595466, 0.30666602893434547, 0.7981504307341307, -0.9808503319884476, 0.46947530718734165, -0.38164800195891146, -0.2503376788922298, 0.4671265471638719, 0.5467999951495524, -0.5336049924428805, 0.9263850571416214, 0.7430800352860758, -0.8088090996736788, -0.8946454481514957, 0.9955899780015343, 0.31120501820106017, 0.23877082106480207, 0.28937099282277456, -0.6814542235601457, 0.020446067407322355, 0.0025955200994334238, 0.43976495046865804, -0.8771578076537441, -0.24388906139012456, 0.24042727004968878, -0.837938489387017, -0.7794722165262964, -0.04735992819720547, 0.1605588294153515, 0.9033700606396413, -0.5787837640402294, 0.8906785358402407, 0.5966626520186693, -0.20445383316284915, -0.9840913368292303, 0.9689948892272082, -0.3623505959396931, -0.8628875566613159, 0.23023121663051027, -0.43434347387889405, 0.32647487761438687, 0.8310252206063378, -0.962355731781362, 0.7100794730060445, -0.9320825796013994, 0.7529616506497787, 0.5152570212676624, 0.18319346213779952, -0.6054746561002595, 0.8429208044548397, 0.35347488086176226, 0.02968937553413742, -0.40378638576932846, 0.5410946415472466, 0.26595779846616296, -0.8888006878182473, 0.5860529069243794, -0.7096894795090829, -0.6623135179467732, 0.7609623597247921, 0.7596630701667231, -0.22613900606373827]
-156.40789794921875	(8, 12, 2)	[0.7902057916605154, -0.755123120626451, 0.7342831800441116, 0.8450066704567323, -0.03508348501850178, -0.9905260887393113, -0.3267098636535286, 0.1849224759026391, 0.5404826310436475, 0.3941152377472783, 0.8354183926921375, -0.7439820668351396, -0.6362596140203423, 0.3371942150442604, 0.3252456087420801, -0.2765124532220897, -0.0029602237866692693, -0.021721666298465392, -0.6273879549715706, 0.5453899365098049, 0.0014048912271011904, -0.21272182466699197, 0.5413755534718896, -0.42283268250942396, -0.6505580056906133, 0.41089213257906954, -0.30453902214642214, 0.1730095940989529, 0.5358707363572159, 0.9535828339426455, 0.6755671507085619, -0.1766845691991854, -0.236271231147684, 0.31557481699739975, 0.2804206392983639, 0.1401920651269284, 0.8420180357043847, 0.7788957938517347, 0.21312741653431577, 0.35499196517163645, 0.3301200988153079, 0.9535110258655668, -0.807537997802342, -0.5518172051624011, -0.15603901984040935, -0.7642342008567025, -0.5651986579078594, 0.19159499642631173, -0.9260904415065494, -0.44629337836344085, 0.567722289125147, -0.9713379347392994, -0.9543019607490522, 0.7263456369984649, -0.9208380018449078, 0.17743411049805835, 0.9534489659581489, 0.6838107155211655, 0.7361108482042074, -0.918591039451484, -0.7784769858515179, -0.12201621409238661, 0.36115933333250827, 0.0972457189881677, 0.34650057366635423, -0.43238524877716356, -0.3524430119730748, 0.9742384050105828, -0.145868962971887, -0.10566773198855706, -0.45202087172224203, 0.4498163108754254, 0.035627494804866044, -0.9754762896249616, -0.016858175055333276, -0.5855024307356229, -0.23621672462514698, -0.077354163404872, -0.5938579812218148, 0.6193550592379338, 0.42719688992155236, 0.11749888692527503, -0.8007986060090495, 0.7533391505372222, -0.2319353947621554, 0.6803713862961689, 0.13328724468530595, 0.2188664105129916, -0.6544776725045409, 0.698020395292525, -0.048961753030486665, 0.8684403982906936, 0.8839126402696869, -0.6053770766693773, -0.4311258946447205, 0.3404910615088934, 0.5138476486647245, 0.6434347222451331, -0.4038418807604869, 0.5713870715429046, -0.6996371100806567, 0.7190947932501841, -0.29459327897792287, 0.02157036925468847, 0.04282387411562705, -0.8710763641187895, -0.968002333255088, -0.651512774094847, -0.9213087984508928, -0.13039872052446966, -0.8950001577636266, -0.11524652655249645, 0.3490047264549967, -0.7212487809607127, 0.8935716999934136, -0.29878539186245145, 0.4164116609682915, 0.023560528341456166, -0.45054773953306126, 0.6536167901270709]
-46.355979919433594	(8, 12, 2)	[0.05287933019216107, -0.8736688798009669, -0.4330108958523853, -0.426991667637898, -0.03508348501850178, 0.1270194430850602, 0.8479007502122236, -0.6239239869540479, -0.6959779937741093, 0.7567199012882717, 0.37726051872304867, -0.8024049268636542, 0.7348740242633163, 0.581186347131982, 0.3252456087420801, -0.7068525628974633, 0.21263851612700457, 0.9051733117854794, 0.6341783629899551, 0.5453899365098049, -0.4178907329978576, -0.7077958345597266, 0.5413755534718896, 0.2814510517572941, -0.23038222746693449, -0.09899248883177547, 0.02896791640869667, 0.05241379144646929, -0.5539539669655054, -0.38076660883635927, 0.6766476271442843, -0.4235100297415255, 0.8642045801890033, -0.3767127422998886, -1.0, -0.6953052943057805, -0.430057594893664, 0.09206118007680941, -0.8029095428641269, 0.48519362331545146, -0.0855135060031551, -0.051242964796262, -0.31815626473508796, 0.857674201652463, -0.13161865184571764, -0.826767836215411, -0.4008089115837612, 0.3328543255638037, 0.7491966290637517, -0.33985199479383943, 0.567722289125147, -0.7417194751879448, 0.7861937354347492, -0.6424388028169683, 0.9567012907078034, -0.7056255665310067, -0.8744412687818861, 0.6838107155211655, 0.14618756129722654, 0.5865108210799912, 0.7981504307341307, -0.12201621409238661, -0.6147082836260394, 0.0972457189881677, -0.3545334623999674, 0.2667303516173958, -0.8729449996314851, -0.3691598509129568, -0.4220492200554753, 0.7009559897263138, 0.7803229309170853, 0.4912376721991125, -0.5631151398067231, -0.3813611923682412, -0.9862066494866779, -0.7328818007343041, 0.6292561348110295, 0.3599036313548736, -0.7397705785399666, -0.5961320894240747, -0.6108595509347898, -0.3798207958191755, -0.006916786072488433, 0.2814661584555822, -0.023300371131520503, 1.0, 0.00959479178695763, 0.45181064563168394, 0.8866626064921093, -0.3234296037890009, -0.8495655478086321, -0.6089543994883444, 0.36497783153335295, -0.4408095586845291, -0.9099046692316131, 0.7357101655668163, 0.8555391202404721, -0.8717804094150057, -0.14333195792772524, 0.5026135014363502, -0.6996371100806567, 0.9876632807439496, -0.6833976860110389, -0.9196952474028939, -0.037518724787285934, -0.4248672913439635, -0.13901145489011824, -0.9464037772770526, -0.9211482983912982, -0.13039872052446966, 0.1336196795544371, -0.5283118682843657, -0.29754469438173214, 0.1339787893915989, 0.6264534939719997, -0.6419064571719548, 0.11644090906837379, -0.42403953876878386, 0.5485064191710327, 0.08402082006896139]
8.496634483337402	(8, 12, 2)	[0.617588884747686, 0.0271698699868963, -0.4330108958523853, 0.3897816109786725, 0.1420768196674289, -0.5912782328459605, -0.5303247495463215, -0.09136074210513545, -0.6959779937741093, -0.08943574041391433, -0.014070870094754495, 0.06961282422584736, -0.22802583559616618, 0.581186347131982, -0.9327431988527941, 0.320434088997839, 0.4365502831157122, 0.6303190610789957, 0.6890467838878436, 0.9692417381883378, 0.8419958768873268, -0.7077958345597266, 0.15404960178008142, 0.246022252376757, -0.2925490023351711, -0.4195953050524386, 0.3907652484830262, 0.9962353821276717, -0.9965772411621532, -0.49570928699301975, 0.6755671507085619, 0.854145154256791, 0.4811491455502559, -0.9245703538566588, -0.9501095708274725, -0.9559149830995355, 0.2872358362721834, -0.23139411666944376, -0.15926212869453882, 0.7002452901939213, -0.5459209980763966, -0.22214502235272193, 0.41284241804823485, -0.3645164740567768, -0.13161865184571764, -0.37710340816986565, -0.6941760758407227, 0.06783378315718991, -0.5700505580010633, -0.1638444905710048, 0.13175781082255233, -0.47957538972709846, 0.9630164883889356, 0.6199192033409235, 0.6391910083387207, -0.640211122140556, 0.31597879706392473, -0.3475934039933779, -0.25367773228606416, 0.30666602893434547, 0.10390447378095358, 0.549429377798158, -0.08393782339493128, -0.882551998729296, 0.44153295660981984, 0.4871621584484982, -0.8884783851056179, 0.8213433910068124, 0.8505449615950895, 0.3669999824446583, -0.26457770381593004, 0.5966891034111612, 0.27365808897974, 0.3211218957751025, -0.8940508147220934, -0.3060777810820301, 0.4808731184745143, 0.3599036313548736, 0.15113842972707126, -0.9428720431719271, 0.07562901366405339, -0.4703013376138969, -0.7513175265236633, 0.34525791415717055, 0.24114957439892115, 0.1371724663593219, 0.9038371846628979, -0.8698343521739804, -0.5683736002729083, 0.8906785358402407, -0.6589169507254895, 0.638790037312283, 0.36497783153335295, -0.9936095045762465, 0.2859656610256518, -0.5638827786402976, 0.23023121663051027, 0.6374037595767128, 0.011495514011272912, 0.6602628843464025, -0.6996371100806567, 0.9876632807439496, 0.27523697141338566, -0.9196952474028939, -0.4854388820281159, -0.40831782958508644, -0.9731097487874911, 0.26960418040443224, -0.47132943417902506, -0.00885010424238905, 0.1336196795544371, -0.4865859902559745, -0.8292333564592467, 0.1339787893915989, 0.5860529069243794, -0.6419064571719548, 0.2727798921133142, -0.5796109640610594, 0.797159105357808, 0.11726316243187784]
1019.5576782226562	(8, 12, 2)	[0.9416589627302119, -0.09451475241007423, 0.332601265543524, -0.2629915556470115, 0.3565271218175735, 0.7254054809468906, -0.7012547883836038, -0.7037836436601492, 0.6932967908176453, -0.2570754351458955, -0.2213362719287053, 0.41401724777496174, 0.4229399031046801, 0.0871172716555968, 0.5409619465576201, -0.11289633924648768, 0.21263851612700457, -0.48740607339029296, 0.999066764791477, 0.804741507355204, -0.1883284189491934, 0.7372128757280172, -0.6567216396139914, 0.246022252376757, 0.40130954418788933, 0.7724821430488942, -0.12772575395456864, 0.5518416905866343, -0.5266027357791392, -0.41725575258659897, 0.6755671507085619, -0.7624772166413978, 0.4811491455502559, -0.9835919097607921, -0.9501095708274725, -0.31115977115321525, 0.2872358362721834, 0.13108773769627602, 0.9512757380698702, 0.7002452901939213, -0.8463172911955317, -0.012568214389483856, 0.025325563107033933, -0.477857661345906, 0.22519081066407987, 0.8694052524709328, 0.7611081005775393, 0.43959946439311093, 0.43197687838210586, 0.9206539376748657, 0.4542541463822567, -0.47957538972709846, -0.5621435418730427, 0.7263456369984649, 0.018478984037239687, -0.1117629714797641, -0.8744412687818861, 0.8742413519343644, -0.28099001126172074, -0.7755426876295384, -0.6504285189199233, -0.12201621409238661, 0.5411441866127509, 0.0972457189881677, -0.049129864658788575, -0.27703288414331717, 0.5171211937443501, 0.9742384050105828, -0.7579909446274986, 0.5681442378105703, 0.6453846964791834, 0.4498163108754254, -0.20761539274789165, -0.9754762896249616, 0.5928430879979543, -0.4319816246027657, 0.4808731184745143, -0.46906330654836803, 0.0025955200994334238, 0.43976495046865804, -0.1532380959013946, -0.18224371635400605, -0.7513175265236633, -0.5775747918583165, -0.7794722165262964, 0.6447593781743017, 0.9038371846628979, -0.9250033507055837, -0.8428970739284962, -0.6306617773285135, 0.7160320633415376, -0.20445383316284915, -0.9840371060630717, -0.9936095045762465, -0.3623505959396931, -0.4834879985649163, -0.6174274374337629, -0.43434347387889405, -0.4038418807604869, -0.28498450354249605, 0.44317574259485926, -0.8492536098394738, 0.8621842568096509, -0.8781511342881476, -0.8431191746067335, 0.18319346213779952, 0.6015811351895353, -0.712544757686715, 0.35347488086176226, 0.02968937553413742, 0.18618697171531462, 0.5410946415472466, -0.23670395669608246, -0.9702221918990217, 0.6264534939719997, 0.14726248006943887, -0.6623135179467732, -0.2413801602712795, 0.38078824540231104, 0.6536167901270709]
1019.5375366210938	(8, 12, 2)	[0.6142462985589863, -0.11919033878445884, 0.7281177911134964, -0.426991667637898, -0.002951622888361871, -0.6356182517775715, -0.25348355213208174, -0.5255724598418199, -0.2841458207841616, -0.5074159784453234, 0.8118056495787287, 0.06961282422584736, 0.5252603107908531, -0.8878988981429676, -0.9327431988527941, -0.7068525628974633, 0.867251371219259, 0.06372129739855747, 0.20661109556091017, 0.11772785022153465, -0.9830049295444617, -0.17043354034604646, 0.23873580450626064, 0.4926855254174307, -0.5565436586779127, 0.32380155168195945, -0.071980176651957, 0.9962353821276717, -0.8991719108970768, -0.5946381030972048, 0.028586804034590685, -0.5583302119039568, -0.61615866798131, -0.9835919097607921, -0.6347952571925191, -0.5978094091806965, -0.38259355355706026, 0.6114794209395391, 0.3937451411185071, -0.47444373304911924, -0.5459209980763966, -0.7846842405449974, -0.5248574064987195, -0.5518172051624011, 0.8924095501813245, 0.8694052524709328, -0.6995103716986049, 0.04270654521381956, -0.5700505580010633, 0.7711549701756379, 0.4758993312392106, -0.12402100751837475, -0.894859561248416, 0.9884530549492405, -0.46057169086338967, -0.6815157549778768, 0.7397714717934556, -0.06123182944249822, -0.46443684445701394, -0.10956666053079744, 0.19158770374696843, 0.7987906947992345, -0.7263115511690992, 0.8807263158384941, 0.35999554186459015, 0.8364044599320275, 0.3197009180763841, 0.8213433910068124, 0.30148521187322186, -0.8231165416122102, -0.26457770381593004, 0.12757786235338148, -0.5631151398067231, 0.8329244847986879, 0.5928430879979543, -0.04383964150372188, -0.5259831546794185, 0.8606930198573008, -0.9669921975934435, -0.9428720431719271, -0.9676460719280189, -0.18224371635400605, -0.7513175265236633, 0.7762010849400665, 0.24114957439892115, 0.1371724663593219, 0.9038371846628979, -0.8698343521739804, -0.5787837640402294, -0.5131978800988028, 0.5966626520186693, -0.7362097104133682, -0.8476022085343995, -0.2613369165471593, 0.020018816434994147, -0.4834879985649163, 0.5138476486647245, 0.6374037595767128, 0.07943090712601161, 0.5026135014363502, -0.962355731781362, -0.04094426004636165, 0.2709677267373207, -0.9196952474028939, -0.2580460781389853, -0.2725234209280205, -0.9731097487874911, -0.4901357025403754, 0.6957108324154497, 0.02968937553413742, -0.8950001577636266, 0.5410946415472466, 0.39150055598830846, -0.6181223475288324, 0.9716725507880108, 0.37150119282567795, 0.11644090906837379, -0.13946821131054699, 0.5485064191710327, -0.9748000937282728]
1014.6864624023438	(8, 12, 2)	[0.669320364313897, -0.8736688798009669, 0.332601265543524, -0.426991667637898, -0.03508348501850178, 0.1270194430850602, -0.25348355213208174, -0.28637614252749777, 0.6932967908176453, 0.7567199012882717, -0.2213362719287053, -0.8024049268636542, 0.7348740242633163, -0.2845158859809678, 0.3252456087420801, -0.8106135178575589, 0.21263851612700457, -0.5710952891815522, 0.999066764791477, 0.1520254912766701, -0.5775918031728007, -0.7077958345597266, -0.4026723431876672, 0.2814510517572941, -0.8858483050047228, 0.7724821430488942, 0.3907652484830262, 0.5518416905866343, -0.5266027357791392, -0.5946381030972048, 0.6755671507085619, -0.7624772166413978, -0.2622558777035714, -0.9835919097607921, 0.5773826533129371, -0.25420882560610836, -0.430057594893664, 0.6114794209395391, 0.3937451411185071, 0.25802544721642795, -0.0855135060031551, -0.051242964796262, 0.5231946448849982, 0.857674201652463, 0.22519081066407987, -0.8405100278485143, 0.7611081005775393, -0.6275459020058656, 0.4271661248407459, -0.1638444905710048, -0.10786850232670608, -0.47957538972709846, 0.1954777080613075, -0.853782524063053, -0.9684322507100611, -0.6539871866924676, 0.4746427148533019, 0.8742413519343644, 0.14618756129722654, -0.1433455603568653, 0.10390447378095358, 0.3559579255655443, 0.8320946947940671, 0.8807263158384941, -0.9030581796679216, 0.04559893680533941, 0.3197009180763841, 0.8213433910068124, -0.4220492200554753, -0.8231165416122102, -0.42123949731167754, -0.09471697107049781, -0.5574844607659823, -0.9754762896249616, 0.5928430879979543, -0.4319816246027657, -0.20379325827822492, 0.535666851437496, -0.7397705785399666, -0.9428720431719271, -0.1532380959013946, -0.18224371635400605, 0.04383001336616066, 0.48477645521413343, -0.7794722165262964, 0.2986360935079342, -0.5964817456333029, -0.9250033507055837, 0.8866626064921093, -0.5131978800988028, -0.3813015166354936, -0.6089543994883444, -0.9840371060630717, -0.9936095045762465, 0.020018816434994147, -1.0, 0.8555391202404721, 0.8640562530034402, 0.32647487761438687, 0.6602628843464025, -0.6996371100806567, 0.012650132081400756, 0.552816021298645, 0.1903048286006359, 0.010164522443056434, -0.4248672913439635, 0.6015811351895353, -0.9464037772770526, 0.07477883863986645, 0.6038679720236582, 0.18618697171531462, 0.5410946415472466, -0.23670395669608246, -0.6113899793382347, 0.6264534939719997, -0.8742528191578283, 0.9832798515590944, -0.2413801602712795, -0.45054773953306126, 0.6536167901270709]
1019.9531860351562	(8, 12, 2)	[0.7902057916605154, -0.755123120626451, 0.7342831800441116, 0.3897816109786725, 0.8792162125492027, -0.9905260887393113, 0.8479007502122236, 0.1849224759026391, -0.6959779937741093, 0.3941152377472783, 0.37726051872304867, -0.16163312454391665, -0.6362596140203423, 0.018764673010171595, 0.3252456087420801, -0.11289633924648768, 0.4365502831157122, -0.6024811130465693, -0.6873372363044505, 0.560505882562321, -0.7053543446036494, -0.21272182466699197, 0.14657862579393605, -0.42283268250942396, -0.6505580056906133, -0.06592754206588358, -0.5663704658461624, -0.7504991884479901, -0.8991719108970768, 0.9535828339426455, 0.57875893286284, -0.1766845691991854, 0.9393786201760812, 0.6409339974437316, -0.013440104693133836, -0.6953052943057805, 0.027124951141224374, 0.6114794209395391, 0.7061946759185966, 0.7002452901939213, -0.35143344322465353, 0.2711328363078753, 0.025325563107033933, -0.5518172051624011, 0.35558646694651974, -0.7642342008567025, -0.6995103716986049, -0.6275459020058656, 0.9720526159474925, 0.8441422725490109, 0.4542541463822567, -0.9713379347392994, -0.9117128235387788, -0.853782524063053, -0.9208380018449078, -0.6815157549778768, -0.8744412687818861, 0.8742413519343644, 0.584744818595466, -0.1433455603568653, 0.24451327238919185, 0.549429377798158, 0.8320946947940671, -0.882551998729296, 0.34650057366635423, 0.4871621584484982, -0.3768004039717887, 0.9742384050105828, 0.26047536616978606, 0.5681442378105703, 0.0608354045013455, -0.8648544686378057, -0.20761539274789165, -0.06805896713262483, 0.4417904183887307, -0.09699890663513244, 0.26308623902681205, 0.020446067407322355, 0.0025955200994334238, -0.213487767961298, 0.42719688992155236, 0.11749888692527503, -0.006916786072488433, 0.34525791415717055, -0.023300371131520503, 0.6447593781743017, -0.692442591118889, -0.9250033507055837, -0.6544776725045409, 0.698020395292525, -0.37519864639020195, 0.8684403982906936, 0.8839126402696869, -0.4408095586845291, 0.020018816434994147, 0.3404910615088934, 0.5138476486647245, -0.43434347387889405, -0.4038418807604869, 0.8310252206063378, -0.4425030121702762, 0.9876632807439496, 0.8621842568096509, 0.02157036925468847, -0.10611995670579377, -0.8879568381646975, -0.13901145489011824, 0.5189903437684777, 0.35347488086176226, -0.6861126218725822, 0.1336196795544371, -0.4865859902559745, 0.39150055598830846, -0.7212487809607127, 0.6264534939719997, 0.18093017511376466, 0.4164116609682915, 0.7609623597247921, 0.5485064191710327, 0.11726316243187784]
1019.8892822265625	(8, 12, 2)	[0.8455791034345832, 0.0271698699868963, 0.7342831800441116, -0.2629915556470115, 0.8792162125492027, 0.1270194430850602, 0.8479007502122236, -0.7037836436601492, -0.055428677248277936, -0.5074159784453234, 0.37726051872304867, -0.16163312454391665, -0.6362596140203423, 0.018764673010171595, -0.9327431988527941, -0.11289633924648768, 0.4365502831157122, -0.6024811130465693, -0.6273879549715706, 0.560505882562321, -0.4131812526730996, -0.21272182466699197, 0.14657862579393605, 0.42148075730491785, 0.40130954418788933, -0.6214714587182337, -0.5663704658461624, -0.7504991884479901, -0.9423077193282685, 0.9535828339426455, 0.57875893286284, -0.1766845691991854, -0.61615866798131, -0.9835919097607921, 0.7169943864080639, -0.6953052943057805, -0.38259355355706026, 0.6114794209395391, 0.7061946759185966, 0.7002452901939213, -0.8463172911955317, -0.012568214389483856, -0.807537997802342, -0.5518172051624011, 0.8924095501813245, -0.7642342008567025, -0.6995103716986049, -0.6275459020058656, 0.43197687838210586, -0.44629337836344085, 0.4542541463822567, -0.12402100751837475, -0.9117128235387788, -0.853782524063053, -0.9208380018449078, -0.6815157549778768, 0.9534489659581489, 0.8742413519343644, 0.584744818595466, -0.7755426876295384, 0.19158770374696843, 0.7987906947992345, -0.08393782339493128, -0.882551998729296, 0.34650057366635423, 0.4871621584484982, 0.3197009180763841, 0.9742384050105828, -0.7579909446274986, 0.5681442378105703, -0.26457770381593004, 0.4498163108754254, -0.5631151398067231, 0.3211218957751025, 0.4417904183887307, -0.4319816246027657, -0.5259831546794185, 0.020446067407322355, 0.0025955200994334238, -0.213487767961298, -0.1532380959013946, 0.11749888692527503, -0.7513175265236633, 0.2814661584555822, -0.7794722165262964, 0.6803713862961689, -0.692442591118889, -0.9250033507055837, -0.5787837640402294, -0.3631224397634276, -0.048961753030486665, 0.638790037312283, 0.8839126402696869, -0.9936095045762465, 0.020018816434994147, -0.5638827786402976, -0.5309152411727498, -0.43434347387889405, 0.011495514011272912, 0.8310252206063378, -0.4425030121702762, 0.25028141515699054, 0.9304324169309947, 0.02157036925468847, -0.10611995670579377, 0.18319346213779952, -0.13901145489011824, -0.712544757686715, 0.35347488086176226, 0.02968937553413742, 0.1336196795544371, 0.5410946415472466, -0.23670395669608246, -0.7212487809607127, 0.438864321736288, 0.18093017511376466, -0.6623135179467732, 0.7609623597247921, 0.797159105357808, -0.9748000937282728]
1010.1719360351562	(8, 12, 2)	[0.8455791034345832, -0.11919033878445884, -0.4330108958523853, -0.2629915556470115, 0.38546669044159465, 0.1270194430850602, 0.8479007502122236, -0.7037836436601492, -0.2841458207841616, -0.5074159784453234, 0.37726051872304867, 0.28171612967838816, -0.6362596140203423, -0.2133429484417737, -0.9327431988527941, -0.11289633924648768, 0.4365502831157122, 0.2573378546549538, -0.6273879549715706, 0.560505882562321, 0.0014048912271011904, -0.21272182466699197, 0.15404960178008142, 0.42148075730491785, -0.5565436586779127, 0.32380155168195945, -0.5663704658461624, -0.7504991884479901, -0.9423077193282685, 0.9535828339426455, 0.57875893286284, -0.1766845691991854, -0.61615866798131, -0.9835919097607921, 0.7169943864080639, -0.6953052943057805, 0.18380821545796855, 0.6114794209395391, 0.3937451411185071, 0.7002452901939213, -0.5459209980763966, 0.192620741066174, -0.807537997802342, -0.5518172051624011, 0.8924095501813245, -0.7642342008567025, -0.6995103716986049, -0.6275459020058656, 0.9720526159474925, 0.39079462327788606, 0.567722289125147, -0.12402100751837475, -0.9117128235387788, 0.6199192033409235, -0.9208380018449078, -0.6815157549778768, 0.9534489659581489, 0.8742413519343644, -0.46443684445701394, -0.7755426876295384, -0.6237300565370005, 0.7987906947992345, -0.08393782339493128, -0.882551998729296, 0.34650057366635423, 0.4871621584484982, 0.3197009180763841, 0.9742384050105828, -0.4220492200554753, 0.5681442378105703, -0.26457770381593004, 0.5966891034111612, -0.5631151398067231, -0.302626160864796, -0.016858175055333276, -0.4319816246027657, -0.5259831546794185, -0.897292505662038, 0.10808785296962051, -0.213487767961298, -0.1532380959013946, -0.24388906139012456, -0.7513175265236633, -0.5775747918583165, -0.7794722165262964, 0.1371724663593219, 0.1605588294153515, 0.2188664105129916, -0.5364758524874064, -0.5131978800988028, -0.048961753030486665, -0.69643170147655, -0.8476022085343995, -0.9936095045762465, -0.1742359283753374, -0.5638827786402976, 0.9206145227053737, 0.6374037595767128, -0.049273608765003696, 0.6885646437664981, -0.4425030121702762, 0.25028141515699054, 0.2709677267373207, 0.02157036925468847, -0.10611995670579377, -0.4248672913439635, -0.9731097487874911, -0.4901357025403754, 0.022989010125671117, 0.02968937553413742, 0.1336196795544371, -0.11524652655249645, -0.23670395669608246, -0.7212487809607127, 0.438864321736288, 0.18093017511376466, -0.6623135179467732, 0.7609623597247921, 0.5485064191710327, -0.9748000937282728]
1017.4201049804688	(8, 12, 2)	[0.9416589627302119, -0.11919033878445884, -0.4330108958523853, -0.426991667637898, 0.8792162125492027, 0.30127816698629806, -0.25348355213208174, -0.3070683219194967, -0.2841458207841616, 0.3941152377472783, 0.38664118478263365, 0.35880189551082653, 0.9860966501265778, -0.2133429484417737, -0.7409622494136854, -0.8106135178575589, 0.4365502831157122, -0.48740607339029296, 0.6890467838878436, -0.39308377591158306, -0.4178907329978576, -0.7077958345597266, -0.1990468399779486, -0.19839466901151637, 0.40130954418788933, 0.32380155168195945, -0.071980176651957, -0.9251191450229213, -0.4763684416459837, -0.5946381030972048, 0.6755671507085619, -0.5583302119039568, -0.2622558777035714, 0.860193536339696, -0.9788676591661808, 0.36579453327951184, 0.8420180357043847, -0.23139411666944376, -0.15926212869453882, 0.7002452901939213, -0.6754943145209427, -0.051242964796262, 0.025325563107033933, 0.3713177870835167, 0.22519081066407987, -0.8405100278485143, -0.6995103716986049, 0.04270654521381956, 0.4271661248407459, 0.8441422725490109, 0.13175781082255233, -0.47957538972709846, 0.8999154945131078, -0.6424388028169683, -0.9208380018449078, 0.17743411049805835, 0.4746427148533019, 0.8742413519343644, 0.14618756129722654, 0.04422217630999925, 0.19158770374696843, 0.549429377798158, -0.08393782339493128, 0.8807263158384941, -0.049129864658788575, 0.4871621584484982, 0.3197009180763841, -0.6325393632655726, -0.7579909446274986, 0.5681442378105703, -0.26457770381593004, 0.7151994558399131, 0.035627494804866044, -0.9754762896249616, -0.016858175055333276, -0.5855024307356229, -0.6814542235601457, -0.897292505662038, 0.0025955200994334238, -0.5961320894240747, -0.9676460719280189, -0.24388906139012456, -0.7513175265236633, 0.34525791415717055, 0.4841202478161284, 0.6447593781743017, 0.1605588294153515, 0.45181064563168394, -0.5787837640402294, -0.5131978800988028, 0.5156718168907738, -0.6089543994883444, 0.24571668343698216, -0.2613369165471593, -0.11411418891301262, 0.3404910615088934, 0.4814227119024663, 0.2824257344371921, -0.003837416915755315, 0.11799192083344123, -0.4425030121702762, 0.012650132081400756, -0.29459327897792287, 0.02157036925468847, -0.4854388820281159, -0.8710763641187895, 0.6015811351895353, -0.4901357025403754, 0.07477883863986645, 0.02968937553413742, -0.9682159059141672, -0.4865859902559745, -0.29754469438173214, -0.6181223475288324, 0.8935716999934136, -0.29878539186245145, 0.11644090906837379, -0.13946821131054699, 0.5485064191710327, 0.6536167901270709]
1019.9498901367188	(8, 12, 2)	[0.617588884747686, -0.755123120626451, -0.4330108958523853, 0.5967219156243773, -0.002951622888361871, -0.6356182517775715, -0.7012547883836038, -0.29401374745981146, -0.39756646971196874, 0.7567199012882717, -0.2213362719287053, 0.35880189551082653, -0.6362596140203423, -0.2845158859809678, -0.7409622494136854, -0.8106135178575589, 0.867251371219259, 0.7853795250388433, 0.999066764791477, -0.39308377591158306, -0.4178907329978576, -0.31143755893041414, -0.4026723431876672, 0.4926855254174307, -0.6505580056906133, -0.09899248883177547, 0.1993134148817941, -0.9251191450229213, -0.8991719108970768, -0.5871440660259493, 0.12767242469389806, -0.7624772166413978, 0.24968019189532015, 0.31557481699739975, -1.0, 0.1401920651269284, 0.9804597332977971, -0.16156023761560936, 0.3937451411185071, 0.7002452901939213, -0.5459209980763966, -0.051242964796262, -0.5248574064987195, -0.5518172051624011, 0.22519081066407987, -0.09882491005295302, -0.6941760758407227, -0.6275459020058656, -0.9260904415065494, 0.8441422725490109, 0.567722289125147, -0.47957538972709846, -0.9117128235387788, 0.7263456369984649, -0.9208380018449078, -0.640211122140556, 0.4746427148533019, -0.06123182944249822, -0.25367773228606416, -0.1433455603568653, 0.10390447378095358, 0.549429377798158, -0.7263115511690992, -0.023682519005198133, 0.44153295660981984, 0.9583693614750071, 0.5171211937443501, 0.8213433910068124, -0.4220492200554753, 0.7430800352860758, -0.45202087172224203, 0.4912376721991125, 0.035627494804866044, -0.9754762896249616, -0.016858175055333276, -0.5855024307356229, 0.4808731184745143, 0.8606930198573008, 0.15113842972707126, -0.9335014226950832, -0.1532380959013946, -0.16266461154513534, 0.04383001336616066, -0.5775747918583165, 0.4597044199199903, 0.6803713862961689, 0.9038371846628979, -0.7235746688222389, -0.5787837640402294, -0.5131978800988028, -0.048961753030486665, 0.638790037312283, 0.36497783153335295, -0.2613369165471593, -0.1742359283753374, 0.6597770154262879, 0.5138476486647245, 0.6374037595767128, -0.4038418807604869, 0.5026135014363502, -0.6996371100806567, 0.08928674472365596, 0.6846740708869057, 0.02157036925468847, -0.8431191746067335, 0.5653553251625334, -0.06258282204913977, -0.8722633370018344, 0.35347488086176226, 0.02968937553413742, -0.8950001577636266, 0.8885457899003797, -0.4353878515674936, 0.8449049880702966, 0.6264534939719997, -0.29878539186245145, -0.6623135179467732, -0.2413801602712795, 0.5485064191710327, 0.6536167901270709]
1015.106201171875	(8, 12, 2)	[0.669320364313897, -0.11919033878445884, -0.4330108958523853, -0.5034973521815349, -0.15690552351693765, 0.1270194430850602, -0.25348355213208174, -0.28637614252749777, -0.2841458207841616, -0.10027585599033029, 0.37726051872304867, 0.06961282422584736, -0.6362596140203423, -0.2133429484417737, -0.9327431988527941, -0.8106135178575589, 0.4365502831157122, 0.2573378546549538, 0.6341783629899551, -0.38882794935256837, -0.7411104182097361, -0.31143755893041414, -0.1990468399779486, 0.2814510517572941, 0.40130954418788933, -0.09899248883177547, 0.3907652484830262, 0.9962353821276717, -0.8991719108970768, -0.5946381030972048, 0.028586804034590685, -0.819747507474665, -0.236271231147684, -0.9835919097607921, 0.6197331143248295, -0.6953052943057805, 0.18380821545796855, 0.6114794209395391, 0.7061946759185966, 0.35499196517163645, -0.6754943145209427, -0.051242964796262, -0.5248574064987195, -0.5518172051624011, 0.8924095501813245, -0.8405100278485143, -0.5651986579078594, -0.6275459020058656, -0.2307213677183524, 0.7711549701756379, 0.567722289125147, -0.8292265311132878, 0.9630164883889356, 0.7263456369984649, -0.46057169086338967, -0.6815157549778768, -0.5992162571430206, 0.8742413519343644, 0.14618756129722654, -0.918591039451484, 0.19158770374696843, 0.549429377798158, 0.36115933333250827, -0.023682519005198133, -0.0058638501738689855, -0.43238524877716356, 0.3197009180763841, -0.6325393632655726, -0.4220492200554753, 0.5681442378105703, -0.45202087172224203, 0.4912376721991125, 0.9955899780015343, -0.9754762896249616, -0.016858175055333276, -0.04383964150372188, -0.5259831546794185, 0.8606930198573008, 0.15113842972707126, -0.9428720431719271, -0.9676460719280189, 0.471883797116867, 0.6218227599064661, -0.837938489387017, -0.2319353947621554, 0.6803713862961689, 0.1605588294153515, -0.7235746688222389, -0.5787837640402294, -0.5131978800988028, 0.33858726424853525, -0.6089543994883444, 0.36497783153335295, 0.5295701636972749, -0.1742359283753374, -0.8628875566613159, 0.5138476486647245, 0.6434347222451331, -0.049273608765003696, -0.426704287276398, -0.6996371100806567, 0.09045231400557174, 0.2709677267373207, -0.8671076789901011, -0.10611995670579377, -0.4248672913439635, -0.9731097487874911, -0.6700574862664508, -0.6551794147219963, 0.02968937553413742, -0.848134358279002, 0.5410946415472466, -0.3681516603494795, -0.6181223475288324, 0.5860529069243794, 0.18093017511376466, -0.6623135179467732, -0.5796109640610594, 0.6264029654769798, 0.6536167901270709]
1003.662109375	(8, 12, 2)	[0.617588884747686, -0.755123120626451, -0.4330108958523853, -0.426991667637898, -0.15690552351693765, 0.584967352396615, 0.7241041245753188, -0.09136074210513545, -0.8643610387117842, -0.08943574041391433, 0.38664118478263365, 0.35880189551082653, -0.6362596140203423, 0.0871172716555968, -0.7409622494136854, -0.8106135178575589, -0.0029602237866692693, 0.06372129739855747, 0.20661109556091017, -0.39308377591158306, -0.4131812526730996, -0.7077958345597266, 0.15404960178008142, 0.246022252376757, 0.29452701615800647, 0.41089213257906954, -0.12772575395456864, 0.6544801123762882, -0.4763684416459837, 0.5262535539740019, 0.6755671507085619, -0.819747507474665, 0.1503731145215117, -0.9835919097607921, 0.5773826533129371, -0.18276618801378502, 0.2872358362721834, 0.6114794209395391, 0.7061946759185966, 0.35499196517163645, -0.5459209980763966, -0.051242964796262, -0.5248574064987195, -0.477857661345906, 0.8924095501813245, 0.8694052524709328, -0.6995103716986049, 0.04270654521381956, 0.9720526159474925, 0.8441422725490109, 0.4758993312392106, -0.12402100751837475, 0.1954777080613075, 0.7263456369984649, -0.9208380018449078, -0.6815157549778768, -0.5992162571430206, 0.8742413519343644, 0.14618756129722654, -0.7755426876295384, 0.3993254521870979, -0.9304781824956769, 0.36115933333250827, 0.0972457189881677, -0.049129864658788575, 0.9583693614750071, -0.8729449996314851, 0.8213433910068124, -0.4220492200554753, 0.5681442378105703, -0.26457770381593004, 0.4912376721991125, -0.5574844607659823, -0.9754762896249616, 0.14069595513804956, -0.04383964150372188, 0.4808731184745143, 0.535666851437496, 0.06011396733484076, -0.5961320894240747, -0.1532380959013946, -0.16266461154513534, -0.7513175265236633, 0.2814661584555822, 0.524515063068857, 0.6447593781743017, 0.1605588294153515, -0.8698343521739804, -0.5683736002729083, -0.6306617773285135, 0.5966626520186693, 0.8307617664798556, 0.8839126402696869, -0.2613369165471593, -0.1742359283753374, -0.8628875566613159, 0.5138476486647245, 0.6374037595767128, -0.049273608765003696, 0.5026135014363502, -0.6996371100806567, 0.25028141515699054, -0.29459327897792287, -0.07738268937489859, -0.4854388820281159, 0.5653553251625334, -0.13901145489011824, -0.8722633370018344, -0.6551794147219963, 0.02968937553413742, -0.9682159059141672, 0.8885457899003797, 0.39150055598830846, -0.7212487809607127, 0.6264534939719997, 0.30531410434480005, -0.6623135179467732, -0.5796109640610594, -0.45054773953306126, 0.8180568109152978]
1019.9478759765625	(8, 12, 2)	[0.617588884747686, -0.755123120626451, -0.4330108958523853, 0.5967219156243773, 0.38546669044159465, -0.6356182517775715, -0.7012547883836038, 0.11797042994330682, -0.39756646971196874, -0.10027585599033029, -0.2213362719287053, 0.35880189551082653, 0.07790688436564475, -0.2845158859809678, -0.7409622494136854, -0.8106135178575589, 0.4365502831157122, 0.06372129739855747, 0.999066764791477, -0.39308377591158306, -0.5775918031728007, -0.7484920681915969, -0.6567216396139914, 0.246022252376757, 0.40130954418788933, -0.09899248883177547, -0.9618703256820664, -0.9251191450229213, -0.9423077193282685, -0.5946381030972048, 0.6755671507085619, -0.819747507474665, -0.5599973489403024, -0.9835919097607921, 0.5773826533129371, 0.1401920651269284, 0.9804597332977971, 0.6114794209395391, 0.3937451411185071, 0.7002452901939213, -0.6754943145209427, -0.051242964796262, -0.5248574064987195, -0.5518172051624011, 0.22519081066407987, -0.8405100278485143, -0.6941760758407227, -0.6275459020058656, -0.9260904415065494, 0.7711549701756379, 0.567722289125147, -0.8292265311132878, -0.9117128235387788, 0.7263456369984649, -0.9208380018449078, -0.6815157549778768, 0.4746427148533019, 0.5851733982274259, 0.14618756129722654, -0.1433455603568653, 0.10390447378095358, 0.549429377798158, -0.7263115511690992, -0.023682519005198133, 0.44153295660981984, 0.9583693614750071, 0.3197009180763841, 0.8213433910068124, 0.8505449615950895, -0.8408477791371088, -0.45202087172224203, -0.8648544686378057, -0.5574844607659823, -0.8370634269013539, -0.016858175055333276, -0.4319816246027657, -0.5259831546794185, 0.8606930198573008, 0.15113842972707126, 0.030275143226366232, -0.1532380959013946, -0.509420466174056, 0.04383001336616066, 0.34525791415717055, 0.4597044199199903, 0.6803713862961689, 0.9038371846628979, -0.7235746688222389, -0.5787837640402294, -0.5131978800988028, -0.048961753030486665, -0.69643170147655, -0.9840371060630717, -0.2613369165471593, -0.1742359283753374, -0.7677526849553293, 0.5138476486647245, 0.7694607675323065, 0.011495514011272912, 0.5026135014363502, -0.962355731781362, 0.012650132081400756, 0.2709677267373207, -0.07738268937489859, 0.04282387411562705, -0.8710763641187895, -0.9731097487874911, -0.712544757686715, 0.35347488086176226, -0.21503715179074656, -0.37719117650503614, -0.5283118682843657, -0.23670395669608246, -0.7212487809607127, 0.6264534939719997, 0.37150119282567795, -0.6623135179467732, -0.8058805353008534, 0.5485064191710327, 0.6536167901270709]
1019.9388427734375	(8, 12, 2)	[0.617588884747686, -0.755123120626451, 0.7281177911134964, -0.9815023965154401, 0.8792162125492027, 0.584967352396615, -0.3267098636535286, -0.3070683219194967, -0.2841458207841616, 0.512381781908007, -0.2213362719287053, 0.41401724777496174, -0.46433700040774023, -0.8878988981429676, 0.3592318909900359, -0.8106135178575589, -0.0029602237866692693, -0.021721666298465392, 0.999066764791477, -0.38882794935256837, -0.7411104182097361, -0.7077958345597266, -0.1990468399779486, -0.4153607151710377, -0.6505580056906133, 0.7724821430488942, -0.071980176651957, -0.9251191450229213, -0.8991719108970768, -0.5946381030972048, 0.57875893286284, -0.6761898784654081, -0.236271231147684, 0.31557481699739975, -0.9501095708274725, -0.5978094091806965, 0.9804597332977971, 0.13108773769627602, 0.7061946759185966, -0.3817132985053233, -0.5459209980763966, -0.012568214389483856, -0.5248574064987195, 0.3713177870835167, 0.8924095501813245, -0.8405100278485143, -0.6941760758407227, -0.6275459020058656, -0.9260904415065494, 0.8441422725490109, 0.13175781082255233, -0.47957538972709846, 0.9630164883889356, 0.7763760357354439, -0.46057169086338967, 0.17743411049805835, -0.5992162571430206, -0.06123182944249822, 0.7361108482042074, -0.7755426876295384, -0.6237300565370005, 0.549429377798158, 0.8320946947940671, 0.0972457189881677, -0.049129864658788575, 0.9583693614750071, -0.8884783851056179, 0.9742384050105828, 0.8505449615950895, -0.8231165416122102, 0.5057003921797323, 0.7151994558399131, -0.20761539274789165, -1.0, -0.016858175055333276, -0.9358747386055961, -0.20379325827822492, -0.897292505662038, 0.0025955200994334238, -0.9428720431719271, -0.1532380959013946, -0.32418376343161465, 0.724805545091521, 0.7762010849400665, 0.4597044199199903, 0.6803713862961689, -0.5964817456333029, -0.7235746688222389, -0.6544776725045409, -0.5131978800988028, -0.048961753030486665, 0.8684403982906936, 0.36497783153335295, -0.9936095045762465, -0.1742359283753374, 0.6597770154262879, 0.5138476486647245, 0.749948922632881, 0.32647487761438687, 0.11799192083344123, -0.962355731781362, 0.7190947932501841, -0.29459327897792287, 0.02157036925468847, -0.4854388820281159, -0.4248672913439635, -0.9731097487874911, -0.8722633370018344, 0.07477883863986645, -0.21503715179074656, -0.9682159059141672, 0.8885457899003797, -0.4353878515674936, -0.7559886967039244, 0.6264534939719997, -0.29878539186245145, 0.9832798515590944, -0.2413801602712795, 0.5485064191710327, 0.5070827262564975]
1015.15966796875	(8, 12, 2)	[0.669320364313897, -0.755123120626451, 0.332601265543524, 0.5967219156243773, -0.8662984889540983, 0.1270194430850602, -0.3267098636535286, -0.28637614252749777, -0.2841458207841616, 0.3941152377472783, 0.8118056495787287, 0.35880189551082653, 0.7348740242633163, -0.8878988981429676, -0.7409622494136854, -0.8106135178575589, 0.21263851612700457, -0.021721666298465392, 0.37011760962299844, 0.1520254912766701, -0.5775918031728007, -0.060425003294954927, 0.15404960178008142, 0.4926855254174307, -0.883991461008311, -0.09899248883177547, -0.9618703256820664, -0.3414736774432354, -0.9423077193282685, -0.5946381030972048, 0.6755671507085619, -0.819747507474665, 0.1503731145215117, -0.9835919097607921, -0.9501095708274725, -0.5978094091806965, 0.18380821545796855, 0.6114794209395391, 0.5041061451495708, 0.25802544721642795, -0.5459209980763966, -0.051242964796262, -0.5248574064987195, -0.5518172051624011, 0.22519081066407987, 0.8694052524709328, -0.6799169759461509, 0.04270654521381956, -0.9260904415065494, 0.7711549701756379, -0.10786850232670608, -0.12402100751837475, -0.9117128235387788, -0.6774742642708342, -0.9684322507100611, -0.6815157549778768, 0.4746427148533019, -0.06123182944249822, 0.7361108482042074, -0.1433455603568653, 0.10390447378095358, 0.7987906947992345, -0.7263115511690992, -0.023682519005198133, 0.44153295660981984, 0.4339462656952986, 0.5352695290949088, 0.8213433910068124, -0.7079509963280015, 0.7430800352860758, -0.45202087172224203, 0.12757786235338148, 0.035627494804866044, -0.8296555639524763, 0.5928430879979543, -0.04383964150372188, -0.20379325827822492, -0.077354163404872, 0.06011396733484076, -0.9335014226950832, -0.1532380959013946, 0.11749888692527503, 0.6218227599064661, 0.48477645521413343, 0.1847271531190222, -0.1438428355051753, 0.27400200874150393, -0.8698343521739804, -0.5787837640402294, -0.5131978800988028, -0.3813015166354936, -0.6089543994883444, -0.8476022085343995, -0.9936095045762465, -0.11411418891301262, 0.6597770154262879, -0.6174274374337629, 0.6434347222451331, -0.4038418807604869, 0.6602628843464025, -0.962355731781362, 0.08928674472365596, 0.552816021298645, 0.02157036925468847, 0.04282387411562705, 0.18319346213779952, -0.13901145489011824, 0.5189903437684777, 0.022989010125671117, 0.6038679720236582, -0.37719117650503614, -0.5283118682843657, -0.3681516603494795, -0.7534816387459355, 0.6264534939719997, 0.18093017511376466, -0.6623135179467732, -0.2413801602712795, -0.45054773953306126, 0.6536167901270709]
1019.9241333007812	(8, 12, 2)	[0.7902057916605154, -0.11919033878445884, -0.4330108958523853, 0.5967219156243773, -0.03508348501850178, 0.1270194430850602, 0.7241041245753188, -0.3070683219194967, -0.2841458207841616, 0.3941152377472783, 0.38664118478263365, 0.7279730638302273, -0.31266518527281817, 0.0871172716555968, -0.9327431988527941, -0.8106135178575589, 0.4365502831157122, -0.021721666298465392, 0.20661109556091017, -0.39308377591158306, -0.5775918031728007, -0.7077958345597266, 0.15404960178008142, -0.19839466901151637, 0.40130954418788933, -0.09899248883177547, 0.3907652484830262, -0.9251191450229213, -0.5087296081947162, -0.38076660883635927, 0.7931308999423513, -0.819747507474665, 0.1503731145215117, 0.860193536339696, 0.5773826533129371, -0.5978094091806965, 0.2872358362721834, 0.6114794209395391, 0.5041061451495708, 0.7002452901939213, -0.5459209980763966, -0.051242964796262, -0.5248574064987195, -0.3645164740567768, 0.8924095501813245, -0.8405100278485143, -0.6941760758407227, 0.04270654521381956, 0.9720526159474925, 0.8441422725490109, 0.4758993312392106, -0.12402100751837475, -0.9117128235387788, 0.7263456369984649, -0.46057169086338967, -0.6815157549778768, -0.8744412687818861, -0.06123182944249822, 0.14618756129722654, -0.8394508365682708, 0.10390447378095358, 0.549429377798158, 0.8320946947940671, 0.031189997578533205, -0.049129864658788575, 0.9583693614750071, 0.5171211937443501, 0.8213433910068124, 0.8505449615950895, 0.3669999824446583, -0.26457770381593004, 0.4912376721991125, -0.5574844607659823, -0.8370634269013539, -0.016858175055333276, -0.4319816246027657, 0.4808731184745143, 0.535666851437496, -0.9669921975934435, 0.030275143226366232, -0.1532380959013946, -0.24388906139012456, 0.724805545091521, 0.2814661584555822, -0.2319353947621554, 0.6803713862961689, -0.5964817456333029, -0.8698343521739804, -0.5787837640402294, -0.6306617773285135, -0.89347895548877, -0.69643170147655, 0.36497783153335295, -0.9936095045762465, -0.11411418891301262, -0.5638827786402976, 0.5138476486647245, 0.6434347222451331, -0.049273608765003696, 0.5026135014363502, -0.9431025564843506, 0.012650132081400756, 0.552816021298645, -0.07738268937489859, -0.897576260092228, -0.4248672913439635, -0.13901145489011824, -0.712544757686715, 0.35347488086176226, 0.12255540935402638, -0.2852933835789422, 0.5410946415472466, -0.3681516603494795, -0.6181223475288324, 0.6264534939719997, -0.29878539186245145, 0.2290203705038404, -0.5796109640610594, -0.7694845049694177, 0.6536167901270709]
1016.0691528320312	(8, 12, 2)	[0.617588884747686, -0.2328643761066831, 0.7281177911134964, 0.5967219156243773, 0.18787503165226646, 0.1250941794621118, -0.3267098636535286, -0.3070683219194967, -0.39756646971196874, 0.7567199012882717, 0.38664118478263365, 0.41401724777496174, -0.013201947998174271, -0.8878988981429676, 0.3252456087420801, -0.8106135178575589, -0.0029602237866692693, 0.7853795250388433, 0.20661109556091017, -0.39308377591158306, -0.4178907329978576, -0.31143755893041414, -0.1990468399779486, -0.19839466901151637, 0.40130954418788933, 0.7724821430488942, -0.071980176651957, -0.9251191450229213, -0.8803250156450305, -0.38076660883635927, 0.6755671507085619, -0.819747507474665, -0.236271231147684, 0.860193536339696, 0.5773826533129371, 0.1401920651269284, 0.15858773373815754, 0.6114794209395391, 0.6074982012932408, 0.7002452901939213, -0.6754943145209427, 0.192620741066174, -0.5241668938826262, -0.5518172051624011, 0.8924095501813245, -0.7642342008567025, -0.5651986579078594, -0.6275459020058656, -0.5700505580010633, 0.9206539376748657, 0.13175781082255233, -0.12402100751837475, -0.5621435418730427, 0.7763760357354439, -0.46057169086338967, -0.5549632029316021, 0.4746427148533019, -0.06123182944249822, 0.7361108482042074, 0.5865108210799912, 0.19158770374696843, 0.549429377798158, 0.8320946947940671, 0.0972457189881677, 0.44153295660981984, 0.9583693614750071, 0.3197009180763841, 0.8213433910068124, -0.7079509963280015, -0.8408477791371088, 0.9840192766777631, 0.4912376721991125, -0.20761539274789165, -0.9754762896249616, -0.016858175055333276, -0.4319816246027657, -0.5259831546794185, -0.45054169265750443, 0.15113842972707126, 0.08682763919553771, 0.42719688992155236, -0.32418376343161465, -0.7513175265236633, 0.8667230490702866, 0.4597044199199903, 0.5574750516408334, 0.1605588294153515, -0.8698343521739804, -0.6544776725045409, 0.698020395292525, -0.170161730940857, 0.638790037312283, 0.36497783153335295, -0.9936095045762465, -0.16057587434014375, -0.5638827786402976, 0.9206145227053737, 0.6374037595767128, 0.32647487761438687, 0.6534269237939123, -0.4425030121702762, 0.1609321774250521, 0.552816021298645, 0.02157036925468847, 0.04282387411562705, -0.4248672913439635, 0.6015811351895353, -0.712544757686715, 0.07477883863986645, -0.6861126218725822, -0.9682159059141672, -0.5283118682843657, -0.3681516603494795, -0.7212487809607127, 0.6264534939719997, -0.8742528191578283, 0.9832798515590944, 0.6450761740807318, -0.45054773953306126, 0.6536167901270709]
1019.95751953125	(8, 12, 2)	[0.617588884747686, -0.755123120626451, -0.4330108958523853, -0.426991667637898, 0.5523095172915549, -0.6356182517775715, -0.3267098636535286, -0.29401374745981146, -0.8643610387117842, 0.3941152377472783, 0.32254852215468766, 0.6620681614619104, -0.46433700040774023, -0.2133429484417737, -0.9327431988527941, -0.8106135178575589, 0.8570056391476627, 0.06372129739855747, 0.6341783629899551, -0.39308377591158306, -0.7411104182097361, -0.7484920681915969, -0.1990468399779486, 0.246022252376757, 0.28372620932033654, 0.41089213257906954, 0.1993134148817941, -0.7504991884479901, -0.9423077193282685, -0.5946381030972048, 0.57875893286284, -0.6761898784654081, -0.236271231147684, 0.31557481699739975, 0.5773826533129371, 0.1401920651269284, 0.2872358362721834, 0.6114794209395391, 0.7061946759185966, 0.35499196517163645, -0.6754943145209427, -0.051242964796262, -0.5248574064987195, -0.5518172051624011, -0.15603901984040935, -0.8405100278485143, -0.6941760758407227, -0.6275459020058656, -0.9260904415065494, 0.8441422725490109, 0.4758993312392106, -0.47957538972709846, 0.1954777080613075, 0.7263456369984649, -0.9684322507100611, -0.6815157549778768, -0.5992162571430206, -0.06123182944249822, -0.46443684445701394, -0.7755426876295384, 0.10390447378095358, 0.549429377798158, 0.8320946947940671, 0.0972457189881677, -0.9030581796679216, 0.04559893680533941, 0.5171211937443501, 0.8213433910068124, -0.4220492200554753, 0.3669999824446583, -0.45202087172224203, 0.5550478867553665, 0.035627494804866044, -0.9754762896249616, -0.10903988184149657, -0.4319816246027657, -0.5259831546794185, -0.897292505662038, -0.9669921975934435, -0.9356306243002009, -0.1532380959013946, -0.18224371635400605, -0.7513175265236633, -0.5775747918583165, 0.1847271531190222, 0.6803713862961689, 0.1605588294153515, -0.9250033507055837, -0.5787837640402294, -0.5816564962677132, -0.048961753030486665, 0.8684403982906936, 0.8839126402696869, -0.9936095045762465, -0.1742359283753374, -0.7677526849553293, 0.4814227119024663, 0.8640562530034402, -0.049273608765003696, 0.11799192083344123, -0.4425030121702762, 0.09045231400557174, 0.552816021298645, -0.07738268937489859, -0.3346107168466461, -0.4248672913439635, -0.13901145489011824, -0.9464037772770526, 0.07477883863986645, 0.02968937553413742, -0.37719117650503614, 0.8885457899003797, -0.29754469438173214, 0.1339787893915989, 0.6264534939719997, -0.8742528191578283, 0.9832798515590944, -0.8058805353008534, 0.6264029654769798, 0.5070827262564975]
1019.8480224609375	(8, 12, 2)	[0.617588884747686, -0.755123120626451, -0.4330108958523853, -0.426991667637898, 0.5523095172915549, -0.6356182517775715, -0.3267098636535286, -0.29401374745981146, -0.8643610387117842, 0.3941152377472783, 0.32254852215468766, 0.6620681614619104, -0.46433700040774023, -0.2133429484417737, -0.9327431988527941, -0.8106135178575589, 0.8570056391476627, 0.06372129739855747, 0.6341783629899551, -0.39308377591158306, -0.7411104182097361, -0.7484920681915969, -0.1990468399779486, 0.246022252376757, 0.28372620932033654, 0.41089213257906954, 0.1993134148817941, -0.7504991884479901, -0.9423077193282685, -0.5946381030972048, 0.57875893286284, -0.6761898784654081, -0.236271231147684, 0.31557481699739975, 0.5773826533129371, 0.1401920651269284, 0.2872358362721834, 0.6114794209395391, 0.7061946759185966, 0.35499196517163645, -0.6754943145209427, -0.051242964796262, -0.5248574064987195, -0.5518172051624011, -0.15603901984040935, -0.8405100278485143, -0.6941760758407227, -0.6275459020058656, -0.9260904415065494, 0.8441422725490109, 0.4758993312392106, -0.47957538972709846, 0.1954777080613075, 0.7263456369984649, -0.9684322507100611, -0.6815157549778768, -0.5992162571430206, -0.06123182944249822, -0.46443684445701394, -0.7755426876295384, 0.10390447378095358, 0.549429377798158, 0.8320946947940671, 0.0972457189881677, -0.9030581796679216, 0.04559893680533941, 0.5171211937443501, 0.8213433910068124, -0.4220492200554753, 0.3669999824446583, -0.45202087172224203, 0.5550478867553665, 0.035627494804866044, -0.9754762896249616, -0.10903988184149657, -0.4319816246027657, -0.5259831546794185, -0.897292505662038, -0.9669921975934435, -0.9356306243002009, -0.1532380959013946, -0.18224371635400605, -0.7513175265236633, -0.5775747918583165, 0.1847271531190222, 0.6803713862961689, 0.1605588294153515, -0.9250033507055837, -0.5787837640402294, -0.5816564962677132, -0.048961753030486665, 0.8684403982906936, 0.8839126402696869, -0.9936095045762465, -0.1742359283753374, -0.7677526849553293, 0.4814227119024663, 0.8640562530034402, -0.049273608765003696, 0.11799192083344123, -0.4425030121702762, 0.09045231400557174, 0.552816021298645, -0.07738268937489859, -0.3346107168466461, -0.4248672913439635, -0.13901145489011824, -0.9464037772770526, 0.07477883863986645, 0.02968937553413742, -0.37719117650503614, 0.8885457899003797, -0.29754469438173214, 0.1339787893915989, 0.6264534939719997, -0.8742528191578283, 0.9832798515590944, -0.8058805353008534, 0.6264029654769798, 0.5070827262564975]
1019.9630737304688	(8, 12, 2)	[0.7902057916605154, -0.755123120626451, -0.3669874083222322, -0.426991667637898, 0.5523095172915549, -0.6356182517775715, -0.3267098636535286, -0.3070683219194967, -0.2841458207841616, 0.3631592331206511, -0.2213362719287053, 0.7279730638302273, -0.31266518527281817, -0.8878988981429676, -0.7409622494136854, -0.8106135178575589, 0.4365502831157122, -0.021721666298465392, 0.20661109556091017, -0.38882794935256837, -0.4178907329978576, -0.7484920681915969, -0.1990468399779486, 0.23241797264661274, -0.883991461008311, 0.41089213257906954, -0.12772575395456864, -0.3414736774432354, -0.4763684416459837, 0.5262535539740019, -0.46371486003086515, -0.8032348134202633, 0.1503731145215117, -0.9835919097607921, -0.6347952571925191, -0.5978094091806965, 0.18380821545796855, 0.6114794209395391, 0.7061946759185966, 0.35499196517163645, -0.0855135060031551, -0.051242964796262, 0.025325563107033933, 0.3713177870835167, 0.8924095501813245, -0.8405100278485143, -0.8785391229944017, -0.6275459020058656, -0.9260904415065494, 0.8441422725490109, 0.567722289125147, -0.47957538972709846, -0.9117128235387788, -0.853782524063053, -0.9208380018449078, 0.2526840133466578, 0.4746427148533019, 0.8742413519343644, 0.7361108482042074, -0.7755426876295384, 0.10390447378095358, 0.549429377798158, 0.36115933333250827, 0.0972457189881677, -0.049129864658788575, 0.04559893680533941, 0.5171211937443501, 0.9742384050105828, -0.7579909446274986, -0.8231165416122102, -0.26457770381593004, 0.12757786235338148, -0.5574844607659823, -0.8296555639524763, 0.14069595513804956, -0.4319816246027657, -0.20379325827822492, 0.8606930198573008, 0.10808785296962051, -0.9428720431719271, 0.42719688992155236, 0.11749888692527503, 0.04383001336616066, 0.7762010849400665, 0.524515063068857, 0.7917865428592308, 0.1605588294153515, -0.9250033507055837, -0.5787837640402294, 0.698020395292525, -0.30336709170061393, 0.638790037312283, 0.8839126402696869, -0.6047687625686788, -0.16377702967853117, -0.5638827786402976, 0.9206145227053737, 0.6374037595767128, -0.049273608765003696, 0.6602628843464025, -0.962355731781362, 0.25028141515699054, -0.29459327897792287, -0.07738268937489859, -0.4854388820281159, -0.4248672913439635, 0.6015811351895353, -0.9464037772770526, 0.022989010125671117, 0.02968937553413742, -0.9682159059141672, 0.5410946415472466, -0.23670395669608246, -0.7212487809607127, 0.6264534939719997, 0.30531410434480005, 0.9832798515590944, -0.13946821131054699, -0.45054773953306126, 0.5070827262564975]
1019.9605712890625	(8, 12, 2)	[0.617588884747686, -0.2328643761066831, 0.332601265543524, -0.426991667637898, 0.18787503165226646, -0.6356182517775715, -0.3267098636535286, -0.3070683219194967, -0.2841458207841616, -0.10027585599033029, -0.2213362719287053, 0.7279730638302273, -0.46433700040774023, -0.2845158859809678, 0.3592318909900359, 0.320434088997839, -0.0029602237866692693, -0.021721666298465392, 0.20661109556091017, -0.39308377591158306, -0.7411104182097361, -0.7484920681915969, 0.15404960178008142, -0.4153607151710377, 0.29452701615800647, 0.32380155168195945, -0.9618703256820664, -0.7504991884479901, -0.9423077193282685, 0.5262535539740019, 0.6755671507085619, -0.819747507474665, 0.18255356914735543, -0.9835919097607921, -0.6347952571925191, -0.5978094091806965, 0.18380821545796855, 0.6114794209395391, 0.3937451411185071, 0.21793838422826114, -0.0855135060031551, 0.192620741066174, -0.6630534365060643, -0.477857661345906, 1.0, -0.8405100278485143, -0.5651986579078594, 0.04270654521381956, 1.0, 0.7711549701756379, 0.4758993312392106, -0.47957538972709846, -0.9117128235387788, -0.853782524063053, -0.9684322507100611, 0.17743411049805835, 0.4746427148533019, 0.7286125954261847, 0.7361108482042074, -0.10956666053079744, 0.3993254521870979, 0.549429377798158, 0.8320946947940671, 0.0972457189881677, 0.44153295660981984, 0.9395093413291717, -0.879484163106706, 0.8213433910068124, -0.7579909446274986, 0.7430800352860758, -0.5531065270598806, 0.7151994558399131, 0.9955899780015343, -0.8296555639524763, -0.016858175055333276, -0.9358747386055961, -0.20379325827822492, -0.077354163404872, 0.15113842972707126, -0.9335014226950832, -0.9676460719280189, -0.16266461154513534, 0.724805545091521, -0.5775747918583165, 0.4841202478161284, 0.6803713862961689, -0.5964817456333029, 0.2188664105129916, -0.6544776725045409, -0.5131978800988028, -0.048961753030486665, -0.6089543994883444, 0.36497783153335295, -0.9936095045762465, -0.1742359283753374, 0.6597770154262879, 0.5138476486647245, 0.6434347222451331, -0.049273608765003696, 0.6602628843464025, -0.962355731781362, 0.012650132081400756, -0.29459327897792287, 0.02157036925468847, -0.4854388820281159, -0.4248672913439635, -0.9731097487874911, -0.8722633370018344, 0.07477883863986645, -0.6861126218725822, -0.848134358279002, -0.5283118682843657, -0.3681516603494795, -0.7534816387459355, 0.5535122006624487, -0.29878539186245145, 0.9832798515590944, 0.6450761740807318, -0.45054773953306126, 0.6536167901270709]
1019.9601440429688	(8, 12, 2)	[0.617588884747686, -0.2328643761066831, -0.4330108958523853, 0.5967219156243773, 0.8792162125492027, -0.6356182517775715, -0.3267098636535286, -0.29401374745981146, -0.8643610387117842, 0.3941152377472783, 0.38664118478263365, 0.06961282422584736, -0.31266518527281817, -0.2845158859809678, -0.7409622494136854, 0.320434088997839, 0.4365502831157122, 0.06372129739855747, -0.6273879549715706, -0.38882794935256837, -0.7411104182097361, -0.7077958345597266, -0.1990468399779486, -0.19839466901151637, 0.29452701615800647, -0.09899248883177547, -0.12772575395456864, -0.7504991884479901, -0.4763684416459837, -0.5946381030972048, 0.6755671507085619, -0.6761898784654081, 0.18255356914735543, -0.9835919097607921, 0.6197331143248295, 0.1401920651269284, 0.9804597332977971, 0.6114794209395391, 0.5041061451495708, 0.35499196517163645, -0.0855135060031551, 0.192620741066174, -0.5248574064987195, -0.477857661345906, 0.8924095501813245, -0.8405100278485143, -0.5651986579078594, 0.04270654521381956, -0.9260904415065494, 0.7711549701756379, 0.4758993312392106, -0.8292265311132878, -0.9117128235387788, -0.853782524063053, -0.9208380018449078, 0.17743411049805835, -0.5992162571430206, 0.0851955337155366, 0.7361108482042074, -0.7755426876295384, 0.10390447378095358, 0.549429377798158, 0.8320946947940671, 0.0972457189881677, 0.44153295660981984, 0.04559893680533941, 0.5171211937443501, 0.9742384050105828, -0.7079509963280015, 0.3669999824446583, 0.5057003921797323, 0.7151994558399131, 0.9955899780015343, -0.9754762896249616, -0.016858175055333276, -0.4319816246027657, -0.20379325827822492, 0.8606930198573008, 0.15113842972707126, -0.9428720431719271, 0.42719688992155236, -0.32418376343161465, -0.7513175265236633, 0.34525791415717055, 0.4841202478161284, 0.6803713862961689, 0.1605588294153515, -0.7235746688222389, -0.5787837640402294, -0.6306617773285135, -0.048961753030486665, 0.638790037312283, 0.8839126402696869, -0.6047687625686788, -0.16377702967853117, -1.0, -0.6174274374337629, 0.6434347222451331, 0.36280631565293203, 0.6534269237939123, -0.962355731781362, 0.09045231400557174, 0.552816021298645, -0.8671076789901011, 0.010164522443056434, -0.4248672913439635, -0.9731097487874911, -0.8722633370018344, 0.07477883863986645, 0.02968937553413742, -0.9682159059141672, 0.5410946415472466, -0.47671264426593923, -0.7534816387459355, 0.6264534939719997, -0.29878539186245145, -0.6623135179467732, -0.13946821131054699, -0.45054773953306126, 0.6536167901270709]
1019.9628295898438	(8, 12, 2)	[0.617588884747686, -0.2328643761066831, -0.4330108958523853, 0.5967219156243773, 0.8792162125492027, -0.6356182517775715, -0.3267098636535286, -0.29401374745981146, -0.8643610387117842, 0.3941152377472783, 0.38664118478263365, 0.06961282422584736, -0.31266518527281817, -0.2845158859809678, -0.7409622494136854, 0.320434088997839, 0.4365502831157122, 0.06372129739855747, -0.6273879549715706, -0.38882794935256837, -0.7411104182097361, -0.7077958345597266, -0.1990468399779486, -0.19839466901151637, 0.29452701615800647, -0.09899248883177547, -0.12772575395456864, -0.7504991884479901, -0.4763684416459837, -0.5946381030972048, 0.6755671507085619, -0.6761898784654081, 0.18255356914735543, -0.9835919097607921, 0.6197331143248295, 0.1401920651269284, 0.9804597332977971, 0.6114794209395391, 0.5041061451495708, 0.35499196517163645, -0.0855135060031551, 0.192620741066174, -0.5248574064987195, -0.477857661345906, 0.8924095501813245, -0.8405100278485143, -0.5651986579078594, 0.04270654521381956, -0.9260904415065494, 0.7711549701756379, 0.4758993312392106, -0.8292265311132878, -0.9117128235387788, -0.853782524063053, -0.9208380018449078, 0.17743411049805835, -0.5992162571430206, 0.0851955337155366, 0.7361108482042074, -0.7755426876295384, 0.10390447378095358, 0.549429377798158, 0.8320946947940671, 0.0972457189881677, 0.44153295660981984, 0.04559893680533941, 0.5171211937443501, 0.9742384050105828, -0.7079509963280015, 0.3669999824446583, 0.5057003921797323, 0.7151994558399131, 0.9955899780015343, -0.9754762896249616, -0.016858175055333276, -0.4319816246027657, -0.20379325827822492, 0.8606930198573008, 0.15113842972707126, -0.9428720431719271, 0.42719688992155236, -0.32418376343161465, -0.7513175265236633, 0.34525791415717055, 0.4841202478161284, 0.6803713862961689, 0.1605588294153515, -0.7235746688222389, -0.5787837640402294, -0.6306617773285135, -0.048961753030486665, 0.638790037312283, 0.8839126402696869, -0.6047687625686788, -0.16377702967853117, -1.0, -0.6174274374337629, 0.6434347222451331, 0.36280631565293203, 0.6534269237939123, -0.962355731781362, 0.09045231400557174, 0.552816021298645, -0.8671076789901011, 0.010164522443056434, -0.4248672913439635, -0.9731097487874911, -0.8722633370018344, 0.07477883863986645, 0.02968937553413742, -0.9682159059141672, 0.5410946415472466, -0.47671264426593923, -0.7534816387459355, 0.6264534939719997, -0.29878539186245145, -0.6623135179467732, -0.13946821131054699, -0.45054773953306126, 0.6536167901270709]
1019.9246826171875	(8, 12, 2)	[0.617588884747686, -0.755123120626451, -0.4330108958523853, -0.426991667637898, 0.5523095172915549, -0.6356182517775715, -0.3267098636535286, -0.3070683219194967, -0.2841458207841616, 0.7567199012882717, -0.2213362719287053, 0.6620681614619104, -0.31266518527281817, -0.2133429484417737, -0.7409622494136854, 0.320434088997839, 0.8570056391476627, -0.021721666298465392, 0.999066764791477, -0.39308377591158306, -0.4131812526730996, -0.7077958345597266, 0.15404960178008142, -0.19839466901151637, -0.883991461008311, -0.09899248883177547, -0.12772575395456864, 0.9962353821276717, -0.4763684416459837, 0.5262535539740019, 0.57875893286284, -0.819747507474665, -0.236271231147684, -0.9835919097607921, -0.9501095708274725, 0.1401920651269284, -0.430057594893664, 0.6114794209395391, 0.7061946759185966, 0.35499196517163645, -0.0855135060031551, -0.051242964796262, -0.6630534365060643, 0.3713177870835167, 0.22519081066407987, -0.8405100278485143, -0.5651986579078594, -0.5239851866153313, -1.0, 0.9206539376748657, 0.4758993312392106, -0.47957538972709846, 0.1954777080613075, -0.853782524063053, -0.9208380018449078, 0.2526840133466578, 0.29016461291876827, 0.8742413519343644, 0.7361108482042074, -0.7755426876295384, 0.10390447378095358, 0.549429377798158, 0.8181639479440187, 0.0972457189881677, 0.44153295660981984, 0.04559893680533941, 0.3197009180763841, 0.8213433910068124, -0.7579909446274986, -0.8231165416122102, -0.45202087172224203, -0.8648544686378057, 0.9955899780015343, -0.8296555639524763, 0.14069595513804956, -0.04383964150372188, -0.20379325827822492, -0.46906330654836803, 0.10808785296962051, 0.08682763919553771, 0.42719688992155236, 0.11749888692527503, 0.6218227599064661, 0.7762010849400665, 0.1847271531190222, 0.6803713862961689, 0.1605588294153515, 0.2188664105129916, -0.6544776725045409, -0.5131978800988028, -0.048961753030486665, -0.5505262103369241, 0.8839126402696869, -0.6047687625686788, -0.1742359283753374, 0.6597770154262879, 0.4814227119024663, 0.6374037595767128, -0.049273608765003696, 0.11799192083344123, -0.4425030121702762, 0.25028141515699054, 0.552816021298645, -0.07738268937489859, -0.4854388820281159, -0.4248672913439635, -0.9731097487874911, -0.8722633370018344, 0.07477883863986645, 0.02968937553413742, -0.37719117650503614, 0.5410946415472466, -0.29754469438173214, -0.7534816387459355, 0.6264534939719997, -0.8116203510883633, -0.6623135179467732, -0.13946821131054699, -0.45054773953306126, 0.5070827262564975]
1019.9487915039062	(8, 12, 2)	[0.617588884747686, -0.755123120626451, -0.4330108958523853, 0.5967219156243773, 0.8792162125492027, -0.6356182517775715, -0.3267098636535286, -0.29401374745981146, -0.8643610387117842, 0.3631592331206511, 0.38664118478263365, 0.06961282422584736, -0.31266518527281817, -0.2133429484417737, -0.7409622494136854, 0.320434088997839, 0.4365502831157122, 0.06372129739855747, -0.6273879549715706, -0.39308377591158306, -0.7411104182097361, -0.7077958345597266, -0.1990468399779486, 0.16697651899911048, 0.29452701615800647, -0.09899248883177547, -0.12772575395456864, -0.7504991884479901, -0.4763684416459837, -0.5946381030972048, 0.6755671507085619, -0.6761898784654081, 0.18255356914735543, -0.9835919097607921, -0.6347952571925191, -0.5978094091806965, 0.18380821545796855, 0.6114794209395391, 0.5041061451495708, 0.8106259560736555, -0.0855135060031551, 0.192620741066174, -0.5248574064987195, -0.477857661345906, 0.8924095501813245, -0.8405100278485143, -0.6799169759461509, 0.04270654521381956, -0.9260904415065494, 0.7711549701756379, 0.567722289125147, -0.8292265311132878, -0.9117128235387788, -0.853782524063053, -0.0997722475653091, -0.640211122140556, 0.29016461291876827, 0.0851955337155366, 0.7361108482042074, -0.918591039451484, -0.6737699370258704, 0.549429377798158, 0.8320946947940671, 0.0972457189881677, -0.049129864658788575, 0.04559893680533941, -0.3524430119730748, 0.9742384050105828, -0.7079509963280015, -0.8231165416122102, 0.434031264457057, 0.7151994558399131, 0.9955899780015343, -0.8296555639524763, -0.016858175055333276, -0.4319816246027657, -0.20379325827822492, 0.8606930198573008, 0.15113842972707126, 0.030275143226366232, 0.42719688992155236, -0.32418376343161465, 0.724805545091521, 0.34525791415717055, 0.4597044199199903, 0.6803713862961689, 0.1605588294153515, -0.9250033507055837, -0.6544776725045409, -0.6306617773285135, -0.048961753030486665, -0.69643170147655, 0.8839126402696869, -0.3503932929616298, -0.1742359283753374, 0.5523165263504954, -0.6174274374337629, 0.6434347222451331, -0.049273608765003696, 0.6534269237939123, -0.962355731781362, 0.08763354084757531, 0.5419920497862251, 0.02157036925468847, 0.04282387411562705, -0.4248672913439635, -0.9731097487874911, -0.8722633370018344, 0.07477883863986645, 0.02968937553413742, -0.9682159059141672, 0.5410946415472466, -0.47671264426593923, -0.7212487809607127, 0.6264534939719997, -0.8667600139981275, 0.9832798515590944, 0.6450761740807318, -0.45054773953306126, 0.6536167901270709]
1019.6951293945312	(8, 12, 2)	[0.617588884747686, -0.755123120626451, -0.4330108958523853, 0.5967219156243773, 0.8792162125492027, -0.6356182517775715, -0.3267098636535286, -0.29401374745981146, -0.8643610387117842, 0.3631592331206511, 0.38664118478263365, 0.06961282422584736, -0.31266518527281817, -0.2133429484417737, -0.7409622494136854, 0.320434088997839, 0.4365502831157122, 0.06372129739855747, -0.6273879549715706, -0.39308377591158306, -0.7411104182097361, -0.7077958345597266, -0.1990468399779486, 0.16697651899911048, 0.29452701615800647, -0.09899248883177547, -0.12772575395456864, -0.7504991884479901, -0.4763684416459837, -0.5946381030972048, 0.6755671507085619, -0.6761898784654081, 0.18255356914735543, -0.9835919097607921, -0.6347952571925191, -0.5978094091806965, 0.18380821545796855, 0.6114794209395391, 0.5041061451495708, 0.8106259560736555, -0.0855135060031551, 0.192620741066174, -0.5248574064987195, -0.477857661345906, 0.8924095501813245, -0.8405100278485143, -0.6799169759461509, 0.04270654521381956, -0.9260904415065494, 0.7711549701756379, 0.567722289125147, -0.8292265311132878, -0.9117128235387788, -0.853782524063053, -0.0997722475653091, -0.640211122140556, 0.29016461291876827, 0.0851955337155366, 0.7361108482042074, -0.918591039451484, -0.6737699370258704, 0.549429377798158, 0.8320946947940671, 0.0972457189881677, -0.049129864658788575, 0.04559893680533941, -0.3524430119730748, 0.9742384050105828, -0.7079509963280015, -0.8231165416122102, 0.434031264457057, 0.7151994558399131, 0.9955899780015343, -0.8296555639524763, -0.016858175055333276, -0.4319816246027657, -0.20379325827822492, 0.8606930198573008, 0.15113842972707126, 0.030275143226366232, 0.42719688992155236, -0.32418376343161465, 0.724805545091521, 0.34525791415717055, 0.4597044199199903, 0.6803713862961689, 0.1605588294153515, -0.9250033507055837, -0.6544776725045409, -0.6306617773285135, -0.048961753030486665, -0.69643170147655, 0.8839126402696869, -0.3503932929616298, -0.1742359283753374, 0.5523165263504954, -0.6174274374337629, 0.6434347222451331, -0.049273608765003696, 0.6534269237939123, -0.962355731781362, 0.08763354084757531, 0.5419920497862251, 0.02157036925468847, 0.04282387411562705, -0.4248672913439635, -0.9731097487874911, -0.8722633370018344, 0.07477883863986645, 0.02968937553413742, -0.9682159059141672, 0.5410946415472466, -0.47671264426593923, -0.7212487809607127, 0.6264534939719997, -0.8667600139981275, 0.9832798515590944, 0.6450761740807318, -0.45054773953306126, 0.6536167901270709]
1019.9327392578125	(8, 12, 2)	[0.617588884747686, -0.11919033878445884, -0.4330108958523853, -0.426991667637898, 0.8792162125492027, -0.6356182517775715, -0.3267098636535286, -0.3070683219194967, -0.8643610387117842, 0.7567199012882717, 0.38664118478263365, 0.7279730638302273, -0.31266518527281817, 0.0871172716555968, -0.7409622494136854, -0.8106135178575589, 0.4365502831157122, -0.021721666298465392, 0.20661109556091017, -0.39308377591158306, -0.4178907329978576, -0.7077958345597266, 0.15404960178008142, -0.19839466901151637, 0.40130954418788933, 0.4853308583453765, -0.12772575395456864, 0.9962353821276717, -0.8991719108970768, 0.5262535539740019, 0.6755671507085619, -0.819747507474665, 0.1503731145215117, -0.9835919097607921, -1.0, -0.5978094091806965, 0.9804597332977971, 0.6114794209395391, 0.24929126380403677, -0.3817132985053233, -0.0855135060031551, 0.192620741066174, -0.5248574064987195, 0.3713177870835167, 0.8924095501813245, -0.8405100278485143, -0.5651986579078594, -0.6275459020058656, -0.9260904415065494, 0.7711549701756379, 0.13175781082255233, -0.8292265311132878, -0.9117128235387788, 0.4614579184620055, 0.9567012907078034, -0.640211122140556, -0.5992162571430206, 0.9543103065701642, -0.46443684445701394, -0.7755426876295384, 0.10390447378095358, 0.549429377798158, 0.4166502788269234, 0.0972457189881677, -0.049129864658788575, 0.04559893680533941, -0.8884783851056179, 0.9742384050105828, 0.8505449615950895, -0.8408477791371088, 0.5057003921797323, -0.8648544686378057, 0.035627494804866044, -0.9754762896249616, -0.016858175055333276, -0.4319816246027657, -0.20379325827822492, -0.46906330654836803, 0.15113842972707126, -0.9428720431719271, -0.9676460719280189, -0.18224371635400605, 0.724805545091521, 0.34525791415717055, 0.1847271531190222, -0.1438428355051753, -0.5964817456333029, -0.9250033507055837, -0.5787837640402294, -0.5131978800988028, -0.37519864639020195, 0.638790037312283, 0.8839126402696869, -0.6053770766693773, -0.11411418891301262, 0.6597770154262879, 0.9206145227053737, 0.6434347222451331, -0.4038418807604869, 0.6602628843464025, -0.962355731781362, 0.25028141515699054, 0.2709677267373207, -0.8671076789901011, 0.010164522443056434, -0.4248672913439635, -0.9731097487874911, -0.8722633370018344, 0.022989010125671117, -0.6861126218725822, -0.37719117650503614, -0.5283118682843657, 0.39150055598830846, 0.1339787893915989, 0.6264534939719997, 0.30531410434480005, 0.9832798515590944, -0.13946821131054699, 0.6264029654769798, 0.5070827262564975]
1019.8801879882812	(8, 12, 2)	[0.7902057916605154, -0.755123120626451, -0.4330108958523853, -0.426991667637898, 0.8792162125492027, -0.6356182517775715, -0.3267098636535286, -0.3070683219194967, -0.8643610387117842, 0.7567199012882717, 0.32254852215468766, 0.06961282422584736, -0.31266518527281817, 0.0871172716555968, -0.7409622494136854, -0.8106135178575589, 0.8570056391476627, 0.06372129739855747, -0.6273879549715706, -0.39308377591158306, -0.7411104182097361, -0.7077958345597266, 0.14657862579393605, 0.246022252376757, 0.29942301034773505, 0.41089213257906954, -0.12772575395456864, -0.7504991884479901, -0.9423077193282685, -0.5946381030972048, 0.6755671507085619, -0.819747507474665, 0.18255356914735543, 0.860193536339696, -0.6347952571925191, -0.5978094091806965, 0.2872358362721834, 0.6114794209395391, 0.7061946759185966, 0.48519362331545146, -0.0855135060031551, 0.192620741066174, -0.5248574064987195, -0.5802687377309288, -0.15603901984040935, -0.8405100278485143, -0.6799169759461509, -0.6275459020058656, -0.9260904415065494, 0.9206539376748657, -0.10786850232670608, -0.47957538972709846, -0.9117128235387788, 0.7263456369984649, -0.9208380018449078, -0.6815157549778768, 0.4746427148533019, 0.8742413519343644, 0.7361108482042074, -0.7755426876295384, 0.3993254521870979, -0.9304781824956769, 0.8320946947940671, 0.0972457189881677, -0.9030581796679216, 0.04559893680533941, 0.3197009180763841, 0.9742384050105828, -0.7579909446274986, -0.8408477791371088, -0.45202087172224203, 0.5550478867553665, 0.035627494804866044, -0.8370634269013539, 0.14069595513804956, -0.2610652510911467, -0.20379325827822492, -0.897292505662038, 0.10808785296962051, -0.9428720431719271, -0.1532380959013946, 0.11749888692527503, -0.7513175265236633, 0.34525791415717055, 0.4597044199199903, 0.6803713862961689, 0.1605588294153515, -0.9250033507055837, -0.5787837640402294, -0.35528458697610066, -0.37519864639020195, -0.69643170147655, 0.36497783153335295, -0.6047687625686788, -0.1742359283753374, 0.6597770154262879, 0.9206145227053737, -0.9911579771622847, -0.049273608765003696, 0.11799192083344123, -0.962355731781362, 0.09045231400557174, 0.34602086653857617, 0.02157036925468847, -0.4854388820281159, 0.18319346213779952, 0.6015811351895353, -0.8722633370018344, 0.07477883863986645, 0.02968937553413742, -0.9682159059141672, 0.5410946415472466, -0.23670395669608246, 0.1339787893915989, 0.6264534939719997, -0.8667600139981275, 0.9832798515590944, -0.13946821131054699, -0.4145940868403005, -0.29539382693915606]
1019.6494750976562	(8, 12, 2)	[0.44843606542454384, -0.11919033878445884, -0.4330108958523853, -0.426991667637898, 0.5523095172915549, -0.6356182517775715, 0.8479007502122236, -0.3070683219194967, -0.2841458207841616, 0.3941152377472783, 0.32254852215468766, 0.6620681614619104, -0.31266518527281817, 0.0871172716555968, -0.7409622494136854, 0.320434088997839, 0.4365502831157122, -0.021721666298465392, 0.6341783629899551, -0.38882794935256837, -0.7411104182097361, -0.7484920681915969, 0.14657862579393605, 0.246022252376757, 0.40130954418788933, 0.41089213257906954, 0.1993134148817941, -0.7504991884479901, -0.4763684416459837, -0.38076660883635927, 0.6755671507085619, -0.6761898784654081, 0.2521232744790831, -0.9835919097607921, -0.9501095708274725, -0.0064828000437295585, -0.430057594893664, 0.6114794209395391, 0.3937451411185071, 0.25802544721642795, -0.6754943145209427, 0.192620741066174, -0.5241668938826262, -0.5518172051624011, 0.22519081066407987, -0.8405100278485143, -0.6941760758407227, 0.04270654521381956, -0.9260904415065494, 0.7711549701756379, 0.4758993312392106, -0.47957538972709846, -0.9117128235387788, 0.6199192033409235, -0.9684322507100611, -0.640211122140556, 0.4746427148533019, 0.8742413519343644, -0.46443684445701394, -0.7755426876295384, -0.6237300565370005, 0.549429377798158, -0.7496897299795066, 0.031189997578533205, -0.9030581796679216, 0.4339462656952986, 0.5171211937443501, 0.8213433910068124, -0.7079509963280015, -0.8408477791371088, 0.5057003921797323, 0.5550478867553665, 0.035627494804866044, -0.9754762896249616, 0.14069595513804956, -0.04383964150372188, -0.20379325827822492, 0.3599036313548736, 0.15113842972707126, 0.030275143226366232, 0.42719688992155236, -0.18224371635400605, -0.7513175265236633, -0.5775747918583165, 0.1847271531190222, 0.5574750516408334, 0.1605588294153515, -0.9250033507055837, -0.5787837640402294, -0.5816564962677132, -0.37519864639020195, 0.8684403982906936, 0.8839126402696869, -0.6047687625686788, -0.3218764475793713, -0.6274137864364081, 0.8703887512526806, -0.8717804094150057, -0.049273608765003696, 0.6534269237939123, -0.4425030121702762, 0.37533213509056795, 0.552816021298645, -0.07738268937489859, -0.3346107168466461, -0.4248672913439635, 0.6015811351895353, -0.8722633370018344, -0.6551794147219963, -0.21503715179074656, -0.4395555927757516, 0.5410946415472466, -0.4353878515674936, 0.1339787893915989, 0.5827071623788911, 0.30531410434480005, -0.6623135179467732, -0.13946821131054699, -0.4145940868403005, 0.6451141746262609]
1018.5386962890625	(8, 12, 2)	[0.7902057916605154, -0.09451475241007423, -0.44556645432527525, -0.426991667637898, 0.8792162125492027, -0.6356182517775715, -0.3267098636535286, -0.3070683219194967, -0.8643610387117842, -0.10027585599033029, 0.38664118478263365, 0.7279730638302273, -0.3730076327498297, -0.2133429484417737, -0.7409622494136854, -0.8106135178575589, 0.21263851612700457, 0.7853795250388433, 0.6341783629899551, -0.39308377591158306, -0.7411104182097361, -0.7484920681915969, -0.1990468399779486, -0.19839466901151637, 0.40130954418788933, 0.41089213257906954, -0.9618703256820664, -0.8080669482211701, -0.9423077193282685, -0.5946381030972048, 0.6755671507085619, -0.6761898784654081, -0.25326061222604324, 0.860193536339696, -0.6347952571925191, -0.5978094091806965, 0.18380821545796855, 0.6114794209395391, 0.3937451411185071, 0.25802544721642795, -0.6754943145209427, 0.192620741066174, -0.5241668938826262, -0.5518172051624011, 0.22519081066407987, -0.8405100278485143, -0.5651986579078594, -0.6275459020058656, -0.9260904415065494, 0.8441422725490109, 0.4758993312392106, -0.47957538972709846, 0.9630164883889356, -0.853782524063053, -0.9208380018449078, -0.640211122140556, 0.4746427148533019, 0.8742413519343644, 0.7361108482042074, -0.1433455603568653, -0.6237300565370005, 0.3559579255655443, 0.8300536788189302, 0.0972457189881677, -0.049129864658788575, 0.04559893680533941, 0.5171211937443501, 0.8213433910068124, -0.7579909446274986, -0.8231165416122102, 0.5057003921797323, -0.8648544686378057, 0.035627494804866044, -0.9754762896249616, -0.016858175055333276, -0.4319816246027657, -0.5259831546794185, 0.3599036313548736, 0.15113842972707126, -0.9428720431719271, -0.9676460719280189, 0.11749888692527503, -0.7513175265236633, 0.7762010849400665, 0.12893352429765906, 0.10066367890515523, 0.1605588294153515, -0.9250033507055837, -0.5787837640402294, -0.6306617773285135, -0.048961753030486665, -0.6089543994883444, 0.8839126402696869, -0.6047687625686788, -0.1742359283753374, -0.5638827786402976, 0.4814227119024663, 0.6434347222451331, -0.049273608765003696, 0.6602628843464025, -0.4425030121702762, 0.25028141515699054, 0.552816021298645, 0.1000270307056251, -0.4854388820281159, -0.4248672913439635, -0.13901145489011824, -0.9464037772770526, 0.07477883863986645, 0.02968937553413742, -0.848134358279002, -0.5283118682843657, 0.39150055598830846, 0.1339787893915989, 0.5827071623788911, -0.8742528191578283, 0.9832798515590944, -0.8058805353008534, -0.45054773953306126, 0.5070827262564975]
1019.9470825195312	(8, 12, 2)	[1.0, -0.755123120626451, -0.4330108958523853, -0.6150188688611551, 0.8792162125492027, -0.6356182517775715, 0.7241041245753188, -0.37454878381795587, -0.8643610387117842, 0.3941152377472783, 0.32254852215468766, 0.06961282422584736, -0.31266518527281817, -0.2845158859809678, -0.9327431988527941, -0.7696469495272666, 0.8570056391476627, -0.021721666298465392, 0.999066764791477, -0.39308377591158306, -0.7411104182097361, -0.7077958345597266, -0.1990468399779486, -0.19839466901151637, 0.29942301034773505, 0.4853308583453765, -0.12772575395456864, -0.7504991884479901, -0.4763684416459837, -0.5946381030972048, 0.5430468601135571, -0.819747507474665, 0.18255356914735543, -0.9835919097607921, -0.9501095708274725, -0.0064828000437295585, 0.9804597332977971, 0.6114794209395391, 0.7061946759185966, 0.48519362331545146, -0.0855135060031551, -0.051242964796262, -0.5248574064987195, 0.3713177870835167, 0.22519081066407987, -0.8405100278485143, -0.6799169759461509, 0.04270654521381956, -0.9260904415065494, 0.7711549701756379, 0.4585779693161, -0.47957538972709846, -0.9117128235387788, 0.7263456369984649, -0.9208380018449078, -0.6815157549778768, 0.29016461291876827, -0.06123182944249822, 0.9664168398970824, -0.7825414884164406, 0.10390447378095358, -0.9304781824956769, 0.8320946947940671, 0.031189997578533205, -0.9030581796679216, 0.04559893680533941, 0.3197009180763841, 0.8213433910068124, -0.7079509963280015, -0.8408477791371088, -0.45202087172224203, 0.5550478867553665, 0.035627494804866044, -0.8370634269013539, 0.14069595513804956, -0.4319816246027657, -0.20379325827822492, -0.897292505662038, 0.10808785296962051, 0.030275143226366232, 0.42719688992155236, 0.20137280186453438, -0.7513175265236633, 0.34525791415717055, 0.4841202478161284, 0.6803713862961689, 0.1605588294153515, -0.9250033507055837, -0.5787837640402294, -0.5131978800988028, -0.37519864639020195, -0.69643170147655, 0.8839126402696869, -0.6053770766693773, -0.16377702967853117, -0.6082174603167668, -0.6174274374337629, 0.6434347222451331, -0.4038418807604869, 0.6602628843464025, -0.962355731781362, 0.09045231400557174, -0.29459327897792287, 0.19686390410509377, 0.11310881510669035, -0.4248672913439635, 0.6015811351895353, -0.8722633370018344, -0.6551794147219963, 0.02968937553413742, -0.9682159059141672, 0.5410946415472466, -0.3681516603494795, 0.1339787893915989, 0.6264534939719997, -0.29878539186245145, -0.6623135179467732, -0.13946821131054699, 0.6264029654769798, -0.29539382693915606]
1019.7061767578125	(8, 12, 2)	[0.7902057916605154, -0.2328643761066831, -0.44556645432527525, -0.426991667637898, 0.8792162125492027, -0.6356182517775715, -0.3267098636535286, -0.37454878381795587, -0.34933683674578075, 0.3941152377472783, 0.38664118478263365, 0.6620681614619104, -0.31266518527281817, -0.8878988981429676, -0.9327431988527941, -0.8106135178575589, 0.4365502831157122, 0.06372129739855747, 0.6341783629899551, -0.39308377591158306, -0.4178907329978576, -0.7484920681915969, 0.14657862579393605, -0.19839466901151637, 0.29452701615800647, -0.09899248883177547, -0.9618703256820664, 0.9962353821276717, -0.8991719108970768, -0.38076660883635927, 0.6755671507085619, -0.819747507474665, -0.236271231147684, -0.9835919097607921, -0.9501095708274725, -0.5978094091806965, 0.9804597332977971, 0.6114794209395391, 0.3937451411185071, 0.48519362331545146, -0.0855135060031551, -0.012568214389483856, -0.5241668938826262, -0.477857661345906, 0.22519081066407987, -0.8405100278485143, -0.7772103732834121, 0.04270654521381956, -0.9260904415065494, 0.9206539376748657, 0.4585779693161, -0.12402100751837475, 0.1954777080613075, 0.7263456369984649, -0.46057169086338967, -0.6815157549778768, 0.4746427148533019, 0.8742413519343644, -0.46443684445701394, -0.7755426876295384, -0.7042087972340997, 0.549429377798158, -0.7496897299795066, -0.08005799556737003, 0.34650057366635423, 0.4339462656952986, 0.3197009180763841, 0.9742384050105828, -0.7079509963280015, 0.7430800352860758, 0.5057003921797323, 0.38685324487760575, 0.035627494804866044, -0.9754762896249616, -0.016858175055333276, -0.9358747386055961, -0.20379325827822492, 0.3599036313548736, 0.1444410911007197, 0.030275143226366232, 0.42719688992155236, 0.11749888692527503, -0.7513175265236633, 0.110040504771566, 0.1847271531190222, -0.1438428355051753, 0.1605588294153515, -0.7235746688222389, -0.5787837640402294, -0.5131978800988028, -0.37519864639020195, -0.69643170147655, 0.8839126402696869, -0.2613369165471593, -0.1742359283753374, -0.5638827786402976, 0.7312690379943008, 0.7694607675323065, -0.049273608765003696, 0.6602628843464025, -0.6996371100806567, 0.37533213509056795, 0.2709677267373207, -0.8671076789901011, 0.04282387411562705, -0.4248672913439635, -0.13901145489011824, -0.8722633370018344, 0.022989010125671117, 0.02968937553413742, -0.2530964989787671, 0.5410946415472466, -0.5027911877285882, -0.7534816387459355, 0.6264534939719997, -0.8667600139981275, -0.6623135179467732, -0.13946821131054699, -0.4145940868403005, 0.6536167901270709]
1019.9271240234375	(8, 12, 2)	[0.669320364313897, -0.23704820025171525, -0.46067260788311154, -0.426991667637898, 0.5826542777963655, -0.6356182517775715, -0.3267098636535286, -0.28637614252749777, -0.2841458207841616, 0.3941152377472783, 0.38664118478263365, 0.7279730638302273, -0.6362596140203423, -0.8878988981429676, -0.9327431988527941, 0.320434088997839, 0.21419421445569967, 0.06372129739855747, 0.20661109556091017, -0.39308377591158306, -0.5272193202970031, -0.7484920681915969, -0.2219538483489824, 0.246022252376757, 0.29452701615800647, 0.41089213257906954, 0.1993134148817941, -0.9251191450229213, -0.4763684416459837, -0.6416210379187057, 0.57875893286284, -0.819747507474665, 0.18255356914735543, -0.9835919097607921, -0.9501095708274725, -0.5978094091806965, 0.2872358362721834, 0.6114794209395391, 0.3937451411185071, 0.35499196517163645, -0.0855135060031551, -0.012568214389483856, -0.5248574064987195, -0.477857661345906, 0.22519081066407987, -0.8405100278485143, -0.7772103732834121, 0.04270654521381956, -0.9260904415065494, 0.9206539376748657, 0.4758993312392106, -0.8292265311132878, -0.9106482265619775, -0.853782524063053, -0.46057169086338967, 0.17743411049805835, -0.5992162571430206, 0.8742413519343644, 0.7361108482042074, -0.10956666053079744, 0.10390447378095358, 0.3559579255655443, 0.36115933333250827, 0.0972457189881677, -0.9030581796679216, 0.9395093413291717, 0.5171211937443501, 0.9742384050105828, -0.32149829779964373, -0.8231165416122102, -0.45202087172224203, 0.12757786235338148, 0.9955899780015343, -0.8370634269013539, -0.016858175055333276, -0.9358747386055961, -0.20379325827822492, -0.897292505662038, 0.15113842972707126, 0.030275143226366232, -0.9676460719280189, 0.11749888692527503, 0.724805545091521, 0.21521121753433178, 0.1847271531190222, 0.6803713862961689, 0.1605588294153515, -0.7235746688222389, -0.6544776725045409, -0.5131978800988028, -0.37519864639020195, -0.69643170147655, 0.8839126402696869, -0.12925058478261797, -0.16377702967853117, 0.6597770154262879, 0.7312690379943008, 0.6434347222451331, -0.4038418807604869, 0.6534269237939123, -0.4425030121702762, 0.37533213509056795, -0.29459327897792287, -0.07738268937489859, 0.04282387411562705, -0.4248672913439635, -0.9731097487874911, -0.9464037772770526, 0.022989010125671117, 0.1334018549887951, -0.37719117650503614, 0.5410946415472466, -0.3681516603494795, 0.1339787893915989, 0.5827071623788911, -0.29878539186245145, -0.6675776060739909, -0.13946821131054699, -0.4145940868403005, 0.8180568109152978]
1019.5361938476562	(8, 12, 2)	[0.617588884747686, -0.23704820025171525, -0.46067260788311154, -0.426991667637898, 0.5826542777963655, -0.6356182517775715, 0.7241041245753188, -0.28637614252749777, -0.2841458207841616, 0.3941152377472783, 0.38664118478263365, 0.7279730638302273, -0.31266518527281817, -0.2133429484417737, -0.9327431988527941, 0.320434088997839, 0.4365502831157122, 0.06372129739855747, 0.999066764791477, -0.39308377591158306, -0.4131812526730996, -0.7484920681915969, -0.2219538483489824, 0.246022252376757, -0.8691090124253991, 0.41089213257906954, 0.1993134148817941, -0.9251191450229213, -0.4763684416459837, -0.6416210379187057, 0.57875893286284, -0.819747507474665, 0.1503731145215117, -0.9835919097607921, -0.9501095708274725, -0.5978094091806965, -0.430057594893664, 0.6114794209395391, 0.5041061451495708, 0.35499196517163645, -0.0855135060031551, -0.012568214389483856, -0.5248574064987195, -0.477857661345906, -0.15603901984040935, -0.8405100278485143, -0.7772103732834121, -0.6275459020058656, -0.9260904415065494, 0.9206539376748657, 0.4758993312392106, -0.8292265311132878, 0.1954777080613075, 0.7263456369984649, -0.46057169086338967, 0.17743411049805835, -0.5992162571430206, 0.8742413519343644, 0.7361108482042074, -0.10956666053079744, 0.19158770374696843, 0.3559579255655443, 0.36115933333250827, 0.0972457189881677, -0.049129864658788575, 0.9395093413291717, 0.5171211937443501, 0.9742384050105828, -0.32149829779964373, 0.7430800352860758, -0.45202087172224203, 0.12757786235338148, 0.035627494804866044, -0.8296555639524763, -0.016858175055333276, -0.9358747386055961, -0.20379325827822492, -0.897292505662038, 0.15113842972707126, 0.030275143226366232, -0.9676460719280189, -0.24388906139012456, -0.7513175265236633, 0.21521121753433178, 0.1847271531190222, 0.5574750516408334, 0.1605588294153515, -0.9869602428465823, -0.6544776725045409, -0.5131978800988028, -0.37519864639020195, -0.69643170147655, 0.8839126402696869, -0.12925058478261797, -0.16377702967853117, 0.6597770154262879, 0.7312690379943008, 0.6434347222451331, -0.049273608765003696, 0.6534269237939123, -0.4425030121702762, 0.37533213509056795, -0.29459327897792287, 0.02157036925468847, -0.10611995670579377, -0.4248672913439635, -0.9731097487874911, -0.9464037772770526, 0.022989010125671117, 0.1334018549887951, -0.9682159059141672, 0.5410946415472466, -0.3681516603494795, 0.1339787893915989, 0.5827071623788911, -0.29878539186245145, -0.6675776060739909, -0.8058805353008534, -0.4145940868403005, 0.8180568109152978]
1019.9410400390625	(8, 12, 2)	[0.669320364313897, -0.755123120626451, -0.4330108958523853, -0.426991667637898, 0.8792162125492027, -0.6943068971737558, -0.3267098636535286, -0.3070683219194967, -0.8643610387117842, 0.3941152377472783, 0.38664118478263365, -0.047549524107257504, -0.6362596140203423, -0.2133429484417737, -0.7409622494136854, -0.8106135178575589, 0.4365502831157122, -0.021721666298465392, 0.20661109556091017, -0.39308377591158306, -0.4178907329978576, -0.7484920681915969, 0.15404960178008142, -0.19839466901151637, -0.5664264125792189, 0.41089213257906954, 0.1993134148817941, 0.9962353821276717, -0.4763684416459837, 0.5262535539740019, 0.6755671507085619, -0.819747507474665, 0.18255356914735543, -1.0, -0.9501095708274725, -0.6204036330366342, 0.2872358362721834, 0.6114794209395391, 0.5041061451495708, 0.35499196517163645, -0.6754943145209427, 0.192620741066174, -0.5241668938826262, -0.69864860845339, -0.15603901984040935, -0.8405100278485143, -0.6941760758407227, 0.04270654521381956, -0.9260904415065494, 0.8441422725490109, 0.4758993312392106, -0.8292265311132878, 0.1954777080613075, 0.7263456369984649, 0.9567012907078034, -0.640211122140556, -0.5992162571430206, 0.9543103065701642, 0.7361108482042074, -0.7755426876295384, 0.10390447378095358, 0.3559579255655443, 0.36115933333250827, 0.0972457189881677, -0.049129864658788575, 0.4339462656952986, -0.7690969973113675, 0.9742384050105828, -0.7079509963280015, 0.7430800352860758, -0.45202087172224203, 0.12757786235338148, 0.9955899780015343, -0.9754762896249616, -0.10903988184149657, -0.9358747386055961, -0.20379325827822492, -0.46906330654836803, 0.07785563034087144, -0.9335014226950832, -0.9676460719280189, -0.565194040901094, -0.7513175265236633, -0.5775747918583165, 0.12893352429765906, 0.10066367890515523, 0.1605588294153515, 0.2188664105129916, -0.5787837640402294, -0.5131978800988028, -0.048961753030486665, -0.6089543994883444, 0.8839126402696869, -0.6053770766693773, -0.1742359283753374, 0.6576697618654685, 0.8703887512526806, 0.6434347222451331, -0.049273608765003696, 0.11799192083344123, -0.962355731781362, 0.37533213509056795, 0.5467693618920634, -0.07738268937489859, 0.04282387411562705, -0.4248672913439635, -0.13901145489011824, -0.9464037772770526, 0.07477883863986645, 0.02968937553413742, -0.9682159059141672, -0.5283118682843657, -0.23670395669608246, 0.1339787893915989, 0.6264534939719997, -0.29878539186245145, -0.6623135179467732, -0.5796109640610594, 0.6264029654769798, 0.6536167901270709]
1018.3822631835938	(8, 12, 2)	[0.617588884747686, -0.23704820025171525, -0.6009122721231019, -0.426991667637898, 0.8792162125492027, -0.5119587534403827, 0.7241041245753188, -0.32944686755942415, -0.8643610387117842, 0.3941152377472783, 0.32254852215468766, 0.41401724777496174, -0.6362596140203423, -0.2133429484417737, -0.9327431988527941, -0.7696469495272666, 0.4365502831157122, -0.021721666298465392, 0.999066764791477, -0.39308377591158306, -0.7053543446036494, -0.7484920681915969, 0.15404960178008142, 0.24011002237514173, -0.41357509159640254, 0.41089213257906954, -0.9618703256820664, 0.9962353821276717, -0.4763684416459837, -0.5946381030972048, 0.57875893286284, -0.819747507474665, 0.18255356914735543, -0.9835919097607921, -1.0, -0.5978094091806965, -0.430057594893664, 0.6114794209395391, 0.5041061451495708, 0.35499196517163645, -0.5459209980763966, 0.355052367704222, -0.5248574064987195, -0.477857661345906, 0.22519081066407987, -0.8405100278485143, -0.5651986579078594, 0.04270654521381956, -0.9260904415065494, 0.8441422725490109, 0.13175781082255233, -0.8292265311132878, 0.9630164883889356, 0.7263456369984649, -0.9208380018449078, -0.699853946275916, -0.5992162571430206, 0.8742413519343644, -0.5535663140036114, -0.10956666053079744, -0.6237300565370005, 0.7306524547409894, 0.36115933333250827, 0.0972457189881677, -0.9030581796679216, 0.9395093413291717, 0.5171211937443501, 0.8213433910068124, -0.7079509963280015, -0.8231165416122102, -0.26457770381593004, 0.443432449225112, 0.9955899780015343, -0.8296555639524763, -0.016858175055333276, -0.9358747386055961, -0.20379325827822492, 0.3599036313548736, 0.15113842972707126, 0.030275143226366232, -0.9676460719280189, -0.24388906139012456, -0.7513175265236633, -0.5775747918583165, 0.1847271531190222, 0.1371724663593219, 0.1605588294153515, 0.2188664105129916, -0.5787837640402294, -0.6306617773285135, -0.048961753030486665, -0.6089543994883444, 0.8839126402696869, -0.9936095045762465, -0.16377702967853117, 0.6597770154262879, 0.9206145227053737, 0.6434347222451331, -0.4038418807604869, 0.7033618755198023, -0.962355731781362, 0.37533213509056795, -0.29459327897792287, -0.07738268937489859, -0.3346107168466461, -0.4248672913439635, -0.9731097487874911, -0.9464037772770526, 0.06797316868070744, 0.02968937553413742, -0.9682159059141672, -0.5283118682843657, 0.39150055598830846, -0.7534816387459355, 0.5827071623788911, -0.8667600139981275, 0.9713296883283346, -0.13946821131054699, -0.4145940868403005, 0.8180568109152978]
1019.8983154296875	(8, 12, 2)	[0.7902057916605154, -0.11919033878445884, -0.4330108958523853, -0.426991667637898, 0.8792162125492027, -0.6356182517775715, -0.3267098636535286, -0.37454878381795587, -0.8643610387117842, -0.10027585599033029, 0.38664118478263365, 0.41401724777496174, -0.31266518527281817, -0.2133429484417737, -0.7409622494136854, 0.320434088997839, 0.4365502831157122, -0.021721666298465392, 0.20661109556091017, -0.39308377591158306, -0.4178907329978576, -0.7077958345597266, 0.15404960178008142, 0.246022252376757, -0.8691090124253991, 0.41089213257906954, -0.9125789194640987, 0.9962353821276717, -1.0, -0.5946381030972048, 0.6755671507085619, -0.6761898784654081, 0.1503731145215117, -0.9835919097607921, -0.6347952571925191, -0.5978094091806965, 0.9804597332977971, 0.6114794209395391, 0.3937451411185071, 0.25802544721642795, -0.6754943145209427, 0.192620741066174, -0.5248574064987195, -0.5518172051624011, 0.22519081066407987, -0.8405100278485143, -0.5651986579078594, 0.04270654521381956, -0.9260904415065494, 0.8441422725490109, 0.4758993312392106, -0.47957538972709846, -0.9512461271697007, 0.7263456369984649, -0.9208380018449078, 0.17743411049805835, -0.5992162571430206, 0.8742413519343644, 0.7361108482042074, -0.7755426876295384, 0.19158770374696843, -0.9304781824956769, -0.7496897299795066, 0.1626451062300461, -0.029169608091796997, 0.4339462656952986, -0.8884783851056179, 0.9742384050105828, -0.7004449405677229, -0.8408477791371088, 0.4991676194191068, 0.5550478867553665, 0.9955899780015343, -0.8296555639524763, 0.14069595513804956, -0.4319816246027657, -0.20379325827822492, -0.897292505662038, 0.07785563034087144, -0.07216925173861158, 0.42719688992155236, -0.24388906139012456, -0.7513175265236633, 0.34525791415717055, 0.4841202478161284, 0.10066367890515523, -0.5964817456333029, 0.2188664105129916, -0.5787837640402294, -0.6306617773285135, -0.048961753030486665, -0.7811380340740754, 0.8839126402696869, -0.6047687625686788, -0.1742359283753374, 0.5523165263504954, 0.4814227119024663, -0.8717804094150057, -0.049273608765003696, 0.6534269237939123, -0.4425030121702762, 0.25028141515699054, 0.552816021298645, -0.07738268937489859, 0.010164522443056434, -0.4248672913439635, 0.6015811351895353, -0.8722633370018344, -0.6551794147219963, 0.02968937553413742, -0.848134358279002, -0.5283118682843657, 0.39150055598830846, 0.1339787893915989, 0.5827071623788911, -0.8667600139981275, -0.6623135179467732, -0.13946821131054699, -0.4145940868403005, 0.6451141746262609]
1019.4923095703125	(8, 12, 2)	[0.8456646558319519, -0.11919033878445884, -0.6009122721231019, -0.426991667637898, 0.8792162125492027, -0.6356182517775715, 0.7241041245753188, -0.29401374745981146, -0.8643610387117842, 0.3941152377472783, 0.38664118478263365, 0.7279730638302273, -0.31266518527281817, -0.19718227576026198, -0.8158378694524927, 0.320434088997839, -0.0029602237866692693, 0.06372129739855747, 0.6341783629899551, -0.39308377591158306, -0.7411104182097361, -0.7484920681915969, 0.15404960178008142, -0.19839466901151637, -0.5664264125792189, 0.41089213257906954, -1.0, 0.9962353821276717, -0.9423077193282685, -0.5946381030972048, 0.6755671507085619, -0.6761898784654081, 0.18255356914735543, -1.0, -0.9501095708274725, -0.18276618801378502, 0.9804597332977971, 0.6114794209395391, 0.3937451411185071, 0.25802544721642795, -0.6754943145209427, 0.355052367704222, -0.5248574064987195, -0.5518172051624011, 0.8924095501813245, -0.8405100278485143, -0.5651986579078594, 0.04270654521381956, -0.9260904415065494, 0.9206539376748657, 0.4758993312392106, -0.8292265311132878, 0.9630164883889356, 0.6199192033409235, -0.9208380018449078, -0.640211122140556, 0.4746427148533019, 0.8742413519343644, 0.7361108482042074, -0.1433455603568653, 0.10390447378095358, -0.9304781824956769, 0.8320946947940671, 0.0972457189881677, -0.049129864658788575, 0.9395093413291717, 0.5171211937443501, 0.8213433910068124, -0.7079509963280015, -0.8408477791371088, -0.45202087172224203, 0.12757786235338148, 0.035627494804866044, -0.8296555639524763, 0.14069595513804956, -0.9358747386055961, -0.20379325827822492, -0.897292505662038, 0.15113842972707126, -0.9428720431719271, -0.9676460719280189, -0.18224371635400605, -0.7513175265236633, -0.5775747918583165, 0.12893352429765906, 0.6803713862961689, 0.1605588294153515, 0.2188664105129916, -0.5787837640402294, -0.5131978800988028, -0.048961753030486665, -0.69643170147655, 0.8839126402696869, -0.6047687625686788, -0.1742359283753374, 0.5523165263504954, 0.4814227119024663, 0.6434347222451331, -0.049273608765003696, 0.6534269237939123, -0.6996371100806567, 0.3873275177037417, -0.29459327897792287, -0.8671076789901011, 0.010164522443056434, -0.4248672913439635, -0.13901145489011824, -0.9464037772770526, 0.022989010125671117, -0.6861126218725822, -0.9682159059141672, -0.5283118682843657, 0.39150055598830846, 0.1339787893915989, 0.5827071623788911, -0.29878539186245145, 0.9832798515590944, -0.13946821131054699, -0.4145940868403005, 0.6536167901270709]
1019.7643432617188	(8, 12, 2)	[0.617588884747686, -0.23704820025171525, 0.7281177911134964, -0.426991667637898, 0.5523095172915549, -0.6356182517775715, 0.7241041245753188, -0.32944686755942415, -0.8643610387117842, 0.3941152377472783, 0.38664118478263365, 0.7279730638302273, -0.6362596140203423, -0.19718227576026198, -0.8158378694524927, -0.7696469495272666, -0.0029602237866692693, -0.021721666298465392, 0.6341783629899551, -0.39308377591158306, -0.7053543446036494, -0.7484920681915969, 0.15404960178008142, -0.19839466901151637, -0.5664264125792189, 0.41089213257906954, 0.1993134148817941, 0.9962353821276717, -0.9423077193282685, -0.5946381030972048, 0.57875893286284, -0.819747507474665, 0.18255356914735543, -0.9835919097607921, -0.9501095708274725, -0.5978094091806965, 0.9804597332977971, 0.6114794209395391, 0.3937451411185071, 0.35499196517163645, -0.6754943145209427, -0.12763247959281998, -0.5248574064987195, -0.5518172051624011, 0.22519081066407987, -0.8405100278485143, -0.5651986579078594, 0.04270654521381956, -0.9260904415065494, 0.8441422725490109, 0.4758993312392106, -0.47957538972709846, 0.9630164883889356, 0.6199192033409235, -0.9208380018449078, 0.17743411049805835, -0.5992162571430206, 0.8742413519343644, -0.5535663140036114, -0.1433455603568653, -0.6237300565370005, -0.9304781824956769, -0.7496897299795066, -0.08005799556737003, -0.9030581796679216, 0.4339462656952986, 0.5171211937443501, 0.8213433910068124, 0.8505449615950895, -0.8408477791371088, -0.45202087172224203, 0.443432449225112, 0.035627494804866044, -0.9754762896249616, -0.016858175055333276, -0.9358747386055961, -0.5259831546794185, -0.897292505662038, 0.15113842972707126, 0.030275143226366232, -0.9676460719280189, -0.24388906139012456, -0.8687892117264742, -0.5775747918583165, 0.1847271531190222, 0.6803713862961689, 0.1605588294153515, 0.2188664105129916, -0.6544776725045409, -0.6306617773285135, -0.048961753030486665, -0.6089543994883444, 0.36497783153335295, -0.6047687625686788, -0.1742359283753374, 0.5523165263504954, 0.4814227119024663, 0.6684216754709925, -0.049273608765003696, 0.6602628843464025, -1.0, 0.37533213509056795, 0.5348297943957238, -0.019509764259441953, 0.010164522443056434, -0.4248672913439635, -0.9731097487874911, -0.9464037772770526, 0.06797316868070744, -0.6861126218725822, -0.9682159059141672, 0.5410946415472466, 0.39150055598830846, 0.1339787893915989, 0.6264534939719997, -0.8667600139981275, 0.9713296883283346, -0.5796109640610594, -0.4145940868403005, 0.6536167901270709]
1019.9033813476562	(8, 12, 2)	[0.617588884747686, -0.09451475241007423, -0.4330108958523853, -0.426991667637898, 0.6193540578633494, -0.5088776868055338, -0.26549726025109627, -0.28637614252749777, -0.7716707894410735, 0.3941152377472783, 0.32254852215468766, 0.7279730638302273, -0.31266518527281817, -0.8966278992199965, -0.9327431988527941, -0.8106135178575589, 0.4365502831157122, -0.021721666298465392, 0.6341783629899551, -0.39308377591158306, -0.27363774029399957, -0.694720047336439, 0.15404960178008142, 0.30785794583910503, -0.5664264125792189, 0.4853308583453765, 0.1993134148817941, 0.9962353821276717, -0.9423077193282685, -0.5946381030972048, 0.57875893286284, -0.819747507474665, 0.18255356914735543, -0.9835919097607921, -0.6347952571925191, -0.5978094091806965, 0.9804597332977971, 0.6114794209395391, 0.7061946759185966, 0.35499196517163645, -0.6754943145209427, 0.192620741066174, -0.5248574064987195, -0.477857661345906, -0.15603901984040935, -0.8405100278485143, -0.7772103732834121, 0.04270654521381956, -0.9260904415065494, 0.9943086217078799, -0.10786850232670608, -0.12402100751837475, -0.9117128235387788, -0.853782524063053, -0.9208380018449078, 0.17743411049805835, 0.4746427148533019, 0.8742413519343644, 0.7361108482042074, -0.7755426876295384, -0.6237300565370005, 0.3559579255655443, 0.36115933333250827, -0.07641222343057566, 0.44153295660981984, 0.9395093413291717, 0.5171211937443501, 0.9742384050105828, -0.7079509963280015, -0.8408477791371088, -0.45202087172224203, -0.8648544686378057, 0.035627494804866044, -0.9754762896249616, -0.04529743006830778, -0.9358747386055961, -0.5259831546794185, -0.46906330654836803, 0.15113842972707126, -0.9428720431719271, 0.5925768129997935, -0.24388906139012456, -0.7513175265236633, -0.5775747918583165, 0.1847271531190222, 0.1371724663593219, 0.1605588294153515, 0.21754791402653492, -0.5787837640402294, -0.6306617773285135, -0.37519864639020195, -0.69643170147655, 0.7870273805719463, -0.9936095045762465, -0.07511538152419436, -0.5638827786402976, 0.4814227119024663, 0.6434347222451331, -0.4038418807604869, 0.04008400385561528, -0.4425030121702762, 0.37533213509056795, 0.552816021298645, -0.7635923299035727, -0.10611995670579377, -0.4248672913439635, -0.13901145489011824, -0.9464037772770526, 0.07477883863986645, 0.02968937553413742, -0.4395555927757516, -0.5283118682843657, -0.3681516603494795, 0.1339787893915989, 0.5827071623788911, -0.8667600139981275, 0.9832798515590944, -0.5796109640610594, -0.4145940868403005, -0.29539382693915606]
1019.8165893554688	(8, 12, 2)	[0.7902057916605154, -0.2328643761066831, 0.332601265543524, -0.42043601723401247, 0.5523095172915549, -0.6236185230882524, 0.7241041245753188, -0.3070683219194967, -0.8643610387117842, 0.3941152377472783, 0.32254852215468766, 0.6620681614619104, -0.31266518527281817, -0.39056925578622037, -0.8158378694524927, -0.7696469495272666, 0.4365502831157122, -0.021721666298465392, 0.6341783629899551, -0.39308377591158306, -0.7053543446036494, -0.7484920681915969, 0.15404960178008142, 0.246022252376757, 0.40130954418788933, 0.41089213257906954, 0.1993134148817941, 0.9962353821276717, -0.9423077193282685, -0.5946381030972048, 0.6755671507085619, -0.819747507474665, 0.1503731145215117, -0.7382419997213685, -0.9501095708274725, -0.5978094091806965, 0.2872358362721834, 0.6114794209395391, 0.3937451411185071, 0.35499196517163645, -0.0855135060031551, -0.12763247959281998, -0.5248574064987195, 0.3713177870835167, 0.22519081066407987, -0.8405100278485143, -0.5651986579078594, 0.12780832407231607, -0.9260904415065494, 0.7711549701756379, 0.4758993312392106, -0.8292265311132878, 0.9630164883889356, 0.6199192033409235, -0.8220025262623964, -0.640211122140556, -0.5992162571430206, 0.9851030032663568, 0.7361108482042074, -0.7755426876295384, -0.6237300565370005, 0.3559579255655443, 0.8300536788189302, 0.0972457189881677, -0.9030581796679216, 0.44206128201782335, 0.5171211937443501, 0.9742384050105828, -0.7079509963280015, -0.8408477791371088, -0.45202087172224203, 0.3803958796393775, 0.035627494804866044, -0.9754762896249616, -0.016858175055333276, -0.9358747386055961, -0.5259831546794185, 0.3599036313548736, 0.15113842972707126, -0.9428720431719271, 0.42719688992155236, 0.11749888692527503, -0.7513175265236633, -0.5775747918583165, 0.1847271531190222, -0.1438428355051753, 0.22674765411470438, -0.7235746688222389, -0.5787837640402294, -0.5816564962677132, -0.048961753030486665, -0.69643170147655, 0.8839126402696869, -0.6047687625686788, -0.1742359283753374, 0.6597770154262879, 0.8703887512526806, 0.6434347222451331, 0.36280631565293203, 0.6602628843464025, -0.8421845602736663, 0.37533213509056795, -0.4079676427846998, -0.07738268937489859, 0.04282387411562705, -0.4248672913439635, -0.13901145489011824, -0.9464037772770526, -0.6551794147219963, 0.02968937553413742, -0.37719117650503614, 0.5410946415472466, 0.39150055598830846, 0.1339787893915989, 0.6264534939719997, -0.29878539186245145, 0.9832798515590944, -0.5796109640610594, -0.4145940868403005, 0.6536167901270709]
1019.67919921875	(8, 12, 2)	[0.7902057916605154, -0.11919033878445884, 0.332601265543524, -0.426991667637898, 0.5914914679617563, -0.5119587534403827, 0.7241041245753188, -0.3070683219194967, -0.2841458207841616, -0.10027585599033029, 0.38664118478263365, 0.41401724777496174, -0.31266518527281817, -0.2133429484417737, -0.8158378694524927, -0.7696469495272666, 0.8570056391476627, -0.021721666298465392, 0.6341783629899551, -0.2885971366194162, -0.4178907329978576, -0.694720047336439, 0.15404960178008142, -0.19839466901151637, -0.8691090124253991, 0.41089213257906954, 0.1993134148817941, 0.9962353821276717, -0.9423077193282685, -0.5946381030972048, 0.6755671507085619, -0.819747507474665, 0.18255356914735543, -0.9835919097607921, -0.6347952571925191, -0.6204036330366342, 0.2872358362721834, 0.6114794209395391, 0.7061946759185966, 0.25802544721642795, -0.0855135060031551, 0.17789756672893617, -0.5248574064987195, 0.3080054559556855, -0.15603901984040935, -0.7642342008567025, -0.5651986579078594, 0.04270654521381956, -0.9260904415065494, 0.8441422725490109, 0.4758993312392106, -0.8292265311132878, -0.9512461271697007, -0.853782524063053, -0.9208380018449078, -0.640211122140556, 0.4746427148533019, 0.9851030032663568, -0.5535663140036114, -0.918591039451484, -0.6737699370258704, 0.3559579255655443, 0.36115933333250827, -0.08005799556737003, -0.049129864658788575, 0.04559893680533941, 0.3197009180763841, 0.9742384050105828, -0.7079509963280015, -0.860410263043318, -0.26457770381593004, 0.07428841620182783, 0.035627494804866044, -0.8296555639524763, -0.10903988184149657, -0.4319816246027657, -0.5259831546794185, -0.45054169265750443, 0.15113842972707126, 0.030275143226366232, -0.9676460719280189, 0.11749888692527503, -0.7513175265236633, -0.5775747918583165, 0.12893352429765906, 0.6803713862961689, 0.1605588294153515, 0.2188664105129916, -0.5787837640402294, -0.6306617773285135, -0.048961753030486665, -0.69643170147655, 0.8839126402696869, -0.6047687625686788, -0.1742359283753374, 0.6597770154262879, 0.944328313202101, 0.6434347222451331, -0.049273608765003696, 0.6534269237939123, -0.962355731781362, 0.37533213509056795, 0.552816021298645, -0.7635923299035727, -0.3346107168466461, -0.4248672913439635, -0.13901145489011824, -0.9279744992270714, 0.25664506651486596, 0.02968937553413742, -0.4395555927757516, -0.5283118682843657, 0.39150055598830846, -0.7534816387459355, 0.5827071623788911, 0.30531410434480005, -0.6623135179467732, -0.5796109640610594, -0.4145940868403005, 0.8180568109152978]
1019.4379272460938	(8, 12, 2)	[0.617588884747686, -0.11919033878445884, 0.7281177911134964, -0.426991667637898, 0.5794647265393861, -0.6356182517775715, 0.7241041245753188, -0.32944686755942415, -0.8643610387117842, 0.3941152377472783, 0.32254852215468766, 0.6620681614619104, -0.6362596140203423, -0.8878988981429676, -0.9327431988527941, -0.7696469495272666, 0.3369326373365913, -0.021721666298465392, 0.999066764791477, -0.2885971366194162, -0.7053543446036494, -0.7484920681915969, 0.15404960178008142, 0.16697651899911048, -0.41357509159640254, 0.41089213257906954, -0.9618703256820664, 0.9962353821276717, -0.9423077193282685, -0.5946381030972048, 0.8380721214714449, -0.819747507474665, 0.18255356914735543, -0.9835919097607921, -1.0, -0.5978094091806965, 0.2872358362721834, 0.6114794209395391, 0.5041061451495708, 0.25802544721642795, -0.5459209980763966, -0.12763247959281998, -0.5248574064987195, 0.3080054559556855, 0.8924095501813245, -0.8405100278485143, -0.5651986579078594, 0.04270654521381956, -1.0, 0.8441422725490109, 0.13175781082255233, -0.8292265311132878, 0.1954777080613075, 0.7263456369984649, -0.9208380018449078, -0.640211122140556, -0.5992162571430206, 0.9851030032663568, 0.7361108482042074, -0.1433455603568653, -0.753393945976271, 0.549429377798158, 0.8300536788189302, -0.08005799556737003, -0.049129864658788575, 0.4871621584484982, 0.5171211937443501, 0.8213433910068124, -0.7234908384624157, -0.8408477791371088, -0.45202087172224203, -0.8648544686378057, 0.035627494804866044, -0.9754762896249616, -0.016858175055333276, -0.37182143739609624, -0.5259831546794185, -0.897292505662038, 0.1444410911007197, 0.030275143226366232, -0.9676460719280189, -0.32418376343161465, -0.7513175265236633, 0.34525791415717055, 0.1847271531190222, 0.1371724663593219, 0.1605588294153515, -0.6485942769961974, -0.5787837640402294, -0.6306617773285135, -0.048961753030486665, -0.6089543994883444, 0.8839126402696869, -0.2613369165471593, -0.07511538152419436, 0.6597770154262879, 0.4814227119024663, 0.6434347222451331, 0.36280631565293203, 0.6602628843464025, -0.962355731781362, 0.3873275177037417, 0.552816021298645, -0.07738268937489859, 0.010164522443056434, -0.4248672913439635, -0.13901145489011824, -0.9464037772770526, 0.06797316868070744, 0.02968937553413742, -0.4395555927757516, -0.5283118682843657, 0.39150055598830846, 0.1339787893915989, 0.5827071623788911, -0.8463151041076221, -0.6623135179467732, -0.5796109640610594, -0.4145940868403005, 0.6451141746262609]
1019.5770263671875	(8, 12, 2)	[0.7902057916605154, -0.09451475241007423, 0.332601265543524, -0.42043601723401247, 0.5826542777963655, -0.6356182517775715, 0.7241041245753188, -0.32944686755942415, -0.2841458207841616, 0.3941152377472783, 0.32254852215468766, 0.7279730638302273, -0.31266518527281817, -0.8878988981429676, -0.8158378694524927, 0.33130194392507484, 0.4365502831157122, -0.021721666298465392, 0.6341783629899551, -0.39308377591158306, -0.7053543446036494, -0.7484920681915969, 0.15404960178008142, 0.30785794583910503, -0.8691090124253991, 0.41089213257906954, 0.1993134148817941, 0.90762079292052, -0.9423077193282685, -0.5946381030972048, 0.57875893286284, -0.819747507474665, 0.07550694394279628, -0.9835919097607921, -0.9501095708274725, -0.5978094091806965, -0.430057594893664, 0.6114794209395391, 0.5041061451495708, 0.25802544721642795, -0.5459209980763966, 0.192620741066174, -0.5248574064987195, 0.3080054559556855, 0.8924095501813245, -0.7642342008567025, -0.5651986579078594, -0.7248027688598062, -0.9260904415065494, 0.8441422725490109, 0.4758993312392106, -0.47957538972709846, -0.9512461271697007, 0.7263456369984649, 0.9567012907078034, 0.17743411049805835, -0.5992162571430206, 0.7985585407698105, -0.5535663140036114, -0.918591039451484, -0.5630421744033438, 0.7306524547409894, 0.8300536788189302, 0.0972457189881677, -0.049129864658788575, 0.4339462656952986, 0.3197009180763841, 0.8213433910068124, -0.7234908384624157, -0.8408477791371088, -0.26457770381593004, 0.443432449225112, 0.9955899780015343, -0.9754762896249616, -0.10903988184149657, -0.37182143739609624, -0.20379325827822492, 0.3599036313548736, 0.15113842972707126, 0.11484051077735907, -0.9676460719280189, -0.24388906139012456, -0.7513175265236633, 0.34525791415717055, 0.1847271531190222, -0.1438428355051753, 0.1605588294153515, 0.2188664105129916, -0.7620714424039596, -0.3697512016276581, -0.048961753030486665, -0.69643170147655, 0.7870273805719463, -0.6047687625686788, -0.07511538152419436, 0.5523165263504954, 0.4814227119024663, 0.7694607675323065, -0.049273608765003696, 0.11799192083344123, -0.4425030121702762, 0.3873275177037417, -0.29459327897792287, -0.019509764259441953, 0.04282387411562705, -0.4248672913439635, 0.5812758852292441, -0.9464037772770526, 0.07477883863986645, 0.02968937553413742, -0.4395555927757516, 0.5410946415472466, -0.3681516603494795, 0.1339787893915989, 0.5827071623788911, -0.8463151041076221, -0.6623135179467732, -0.5796109640610594, -0.4145940868403005, 0.8180568109152978]
1019.48681640625	(8, 12, 2)	[0.617588884747686, -0.09451475241007423, 0.7281177911134964, -0.42043601723401247, 0.5826542777963655, -0.6356182517775715, 0.7241041245753188, -0.32944686755942415, -0.2841458207841616, 0.3941152377472783, 0.38664118478263365, 0.6620681614619104, -0.31266518527281817, -0.8878988981429676, -0.8158378694524927, -0.8106135178575589, 0.8570056391476627, -0.021721666298465392, 0.5204482017300048, -0.39308377591158306, -0.7053543446036494, -0.7484920681915969, 0.15404960178008142, 0.30785794583910503, -0.8691090124253991, 0.41089213257906954, 0.1993134148817941, 0.9962353821276717, -0.9423077193282685, -0.6416210379187057, 0.6755671507085619, -0.819747507474665, 0.18255356914735543, -1.0, -0.6347952571925191, -0.5978094091806965, 0.2872358362721834, 0.6114794209395391, 0.7061946759185966, 0.25802544721642795, -0.5459209980763966, 0.355052367704222, -0.5248574064987195, 0.3713177870835167, 0.8924095501813245, -0.7642342008567025, -0.5651986579078594, -0.0365851713776279, -0.9260904415065494, 0.9943086217078799, 0.4758993312392106, -0.47957538972709846, 0.9832861291448222, 0.7263456369984649, -0.9208380018449078, -0.640211122140556, 0.4746427148533019, 0.7985585407698105, 0.7361108482042074, -0.7755426876295384, -0.6237300565370005, 0.3559579255655443, 0.8300536788189302, -0.08005799556737003, 0.0925162223196877, 0.4339462656952986, 0.5318336150254854, 0.9742384050105828, 0.8505449615950895, -0.8408477791371088, -0.26457770381593004, 0.443432449225112, 0.035627494804866044, -0.9754762896249616, -0.10903988184149657, -0.37182143739609624, -0.5259831546794185, 0.3599036313548736, 0.15113842972707126, -0.9428720431719271, 0.42719688992155236, -0.32418376343161465, -0.7513175265236633, 0.34525791415717055, 0.1847271531190222, 0.1371724663593219, 0.15197893428569034, 0.2188664105129916, -0.6544776725045409, -0.6306617773285135, -0.048961753030486665, -0.69643170147655, 0.8839126402696869, -0.9936095045762465, -0.16377702967853117, 0.5523165263504954, 0.4814227119024663, 0.6434347222451331, -0.049273608765003696, 0.6602628843464025, -0.962355731781362, 0.37533213509056795, 0.552816021298645, -0.07738268937489859, 0.04282387411562705, -0.4248672913439635, -0.13901145489011824, -0.9464037772770526, -0.6551794147219963, -0.6861126218725822, -0.4395555927757516, 0.5410946415472466, -0.3681516603494795, 0.1339787893915989, 0.5827071623788911, -0.8463151041076221, -0.6623135179467732, -0.5796109640610594, -0.4145940868403005, -0.29539382693915606]
1019.5906372070312	(8, 12, 2)	[0.7902057916605154, -0.755123120626451, 0.7281177911134964, -0.426991667637898, 0.5794647265393861, -0.6356182517775715, 0.7241041245753188, -0.32944686755942415, -0.34933683674578075, 0.3941152377472783, 0.32254852215468766, 0.41401724777496174, -0.6362596140203423, -0.8878988981429676, -0.8516335174185328, -0.8106135178575589, 0.4365502831157122, -0.021721666298465392, 0.6341783629899551, -0.2885971366194162, -0.7053543446036494, -0.7484920681915969, 0.15404960178008142, 0.16697651899911048, -0.8691090124253991, 0.4853308583453765, 0.1993134148817941, 0.9962353821276717, -0.9423077193282685, -0.5946381030972048, 0.6755671507085619, -0.819747507474665, 0.04059420769160929, -0.9835919097607921, -0.9501095708274725, -0.5978094091806965, -0.430057594893664, 0.6114794209395391, 0.7061946759185966, 0.25802544721642795, -0.5459209980763966, -0.12763247959281998, -0.5241668938826262, 0.3080054559556855, 0.22519081066407987, -0.8405100278485143, -0.5651986579078594, 0.04270654521381956, -0.9260904415065494, 0.9943086217078799, 0.13175781082255233, -0.8292265311132878, -0.9512461271697007, 0.7263456369984649, -0.9208380018449078, 0.17743411049805835, -0.5992162571430206, 0.9851030032663568, 0.7361108482042074, -0.1433455603568653, -0.5630421744033438, 0.3559579255655443, 0.8300536788189302, -0.08005799556737003, -0.049129864658788575, 0.04559893680533941, 0.5171211937443501, 0.9742384050105828, 0.8505449615950895, -0.8408477791371088, -0.45202087172224203, -0.8648544686378057, 0.035627494804866044, -0.9754762896249616, -0.016858175055333276, -0.4319816246027657, -0.5259831546794185, 0.3599036313548736, 0.15113842972707126, 0.11484051077735907, 0.42719688992155236, -0.24388906139012456, -0.7513175265236633, 0.34525791415717055, 0.18993856499659004, 0.1371724663593219, 0.1605588294153515, -0.6485942769961974, -0.507087710554507, -0.6306617773285135, -0.37519864639020195, -0.69643170147655, 0.8839126402696869, -0.2613369165471593, -0.1742359283753374, 0.6597770154262879, 0.4814227119024663, 0.6434347222451331, -0.049273608765003696, 0.6602628843464025, -0.962355731781362, 0.37533213509056795, 0.552816021298645, -0.07738268937489859, -0.10611995670579377, -0.4248672913439635, -0.9731097487874911, -0.8722633370018344, 0.06797316868070744, 0.02968937553413742, -0.4395555927757516, -0.5283118682843657, 0.39150055598830846, 0.1339787893915989, 0.6264534939719997, 0.30531410434480005, -0.6623135179467732, -0.19950083675466024, -0.4145940868403005, -0.29539382693915606]
1019.7348022460938	(8, 12, 2)	[0.7902057916605154, -0.09451475241007423, 0.7281177911134964, -0.42043601723401247, 0.5523095172915549, -0.6356182517775715, 0.7241041245753188, -0.3070683219194967, -0.34933683674578075, 0.7567199012882717, 0.32254852215468766, 0.35880189551082653, -0.23522035337994404, -0.2845158859809678, -0.8516335174185328, -0.7696469495272666, 0.8570056391476627, -0.021721666298465392, 0.6341783629899551, -0.39308377591158306, -0.7411104182097361, -0.7484920681915969, 0.15404960178008142, -0.19839466901151637, 0.40130954418788933, 0.41089213257906954, 0.1993134148817941, 0.9962353821276717, -0.9423077193282685, -0.5946381030972048, 0.6755671507085619, -0.819747507474665, 0.18255356914735543, -0.9492405740947529, -1.0, -0.5978094091806965, 0.2872358362721834, 0.6419801738473374, 0.5041061451495708, 0.35499196517163645, -0.0855135060031551, 0.355052367704222, -0.5241668938826262, 0.3080054559556855, 0.8924095501813245, -0.7642342008567025, -0.6667740342331971, 0.04270654521381956, -0.9260904415065494, 0.5248324981689381, 0.4758993312392106, -0.5722663531549566, 0.9798503583669589, 0.7263456369984649, -0.9208380018449078, 0.17743411049805835, -0.5992162571430206, 0.8742413519343644, 0.7361108482042074, -0.28018902618809205, -0.753393945976271, 0.549429377798158, 0.8300536788189302, -0.08005799556737003, 0.0925162223196877, 0.04559893680533941, 0.5171211937443501, 0.8213433910068124, -0.7234908384624157, -0.8408477791371088, -0.45202087172224203, 0.3803958796393775, 0.035627494804866044, -0.9754762896249616, -0.016858175055333276, -0.4319816246027657, -0.5259831546794185, -0.46906330654836803, 0.1444410911007197, -0.9428720431719271, 0.42719688992155236, 0.17145400960101095, -0.7513175265236633, -0.5775747918583165, 0.1847271531190222, -0.1438428355051753, 0.1605588294153515, -0.7235746688222389, -0.5787837640402294, -0.6306617773285135, -0.048961753030486665, -0.69643170147655, 0.8839126402696869, -0.2613369165471593, -0.16377702967853117, 0.5523165263504954, 0.4814227119024663, 0.6434347222451331, 0.36280631565293203, 0.6602628843464025, -0.8421845602736663, 0.37533213509056795, 0.552816021298645, -0.07738268937489859, -0.10611995670579377, -0.4248672913439635, -0.13901145489011824, -0.9264830589820277, 0.06797316868070744, 0.02968937553413742, -0.2933094868256906, 0.5410946415472466, -0.3681516603494795, 0.1339787893915989, 0.5827071623788911, 0.30531410434480005, -0.717652113862335, -0.5796109640610594, -0.4145940868403005, 0.8180568109152978]
1019.0506591796875	(8, 12, 2)	[0.617588884747686, -0.11919033878445884, 0.7905331454866286, -0.426991667637898, 0.5826542777963655, -0.6356182517775715, 0.7241041245753188, -0.3070683219194967, -0.8643610387117842, 0.3941152377472783, 0.3435885146619593, 0.35880189551082653, -0.6362596140203423, -0.2845158859809678, -0.8158378694524927, 0.28535667126232644, 0.39907666868458913, -0.021721666298465392, 0.6341783629899551, -0.39308377591158306, -0.7500998207567245, -0.7077958345597266, 0.17239828103941168, 0.16697651899911048, -0.8691090124253991, 0.41089213257906954, 0.1993134148817941, 0.9962353821276717, -0.9423077193282685, -0.5946381030972048, 0.6755671507085619, -0.819747507474665, 0.18255356914735543, -0.9835919097607921, -0.6347952571925191, -0.5978094091806965, -0.430057594893664, 0.6114794209395391, 0.5041061451495708, 0.35499196517163645, -0.6563389516680637, 0.355052367704222, -0.5248574064987195, 0.3713177870835167, 0.22519081066407987, -0.7642342008567025, -0.5651986579078594, 0.12780832407231607, -0.9260904415065494, 0.7711549701756379, 0.4758993312392106, -0.47957538972709846, 0.9630164883889356, 0.7263456369984649, -0.9208380018449078, -0.699853946275916, -0.5992162571430206, 0.9851030032663568, 0.7361108482042074, -0.7755426876295384, 0.10390447378095358, 0.3559579255655443, 0.8300536788189302, -0.08005799556737003, -0.10099129850115868, 0.04559893680533941, 0.5171211937443501, 0.8213433910068124, -0.7079509963280015, -0.8408477791371088, -0.45202087172224203, 0.07428841620182783, 0.035627494804866044, -0.9754762896249616, -0.016858175055333276, -0.4319816246027657, -0.20379325827822492, -0.897292505662038, 0.15113842972707126, 0.030275143226366232, 0.42719688992155236, -0.32418376343161465, -0.7513175265236633, 0.34525791415717055, 0.1847271531190222, -0.1438428355051753, 0.1605588294153515, -0.7235746688222389, -0.5787837640402294, -0.6306617773285135, -0.37519864639020195, -0.69643170147655, 0.8839126402696869, -0.6047687625686788, -0.1742359283753374, 0.6597770154262879, 0.4814227119024663, 0.6434347222451331, -0.049273608765003696, 0.6602628843464025, -0.962355731781362, 0.37533213509056795, -0.4079676427846998, -0.07738268937489859, 0.04282387411562705, -0.4248672913439635, -0.13901145489011824, -0.9464037772770526, 0.25664506651486596, 0.02968937553413742, -0.37719117650503614, -0.5283118682843657, 0.39150055598830846, 0.1339787893915989, 0.5827071623788911, -0.29878539186245145, -0.717652113862335, -0.5796109640610594, -0.4145940868403005, 0.6451141746262609]
1018.1578369140625	(8, 12, 2)	[0.617588884747686, -0.755123120626451, 0.7281177911134964, -0.42043601723401247, 0.5826542777963655, -0.5119587534403827, 0.8479007502122236, -0.28637614252749777, -0.39756646971196874, 0.3941152377472783, 0.32254852215468766, 0.7279730638302273, -0.31266518527281817, -0.8878988981429676, -0.8158378694524927, -0.9188399248260684, 0.4365502831157122, -0.021721666298465392, 0.6341783629899551, -0.39308377591158306, -0.4338783542690789, -0.7484920681915969, 0.15404960178008142, 0.246022252376757, -0.8691090124253991, 0.41089213257906954, 0.1993134148817941, 0.9962353821276717, -0.9423077193282685, -0.5946381030972048, 0.6755671507085619, -0.6761898784654081, 0.07550694394279628, -0.7382419997213685, -0.9501095708274725, -0.5978094091806965, 0.2872358362721834, 0.6419801738473374, 0.4230794712159218, 0.35499196517163645, -0.6754943145209427, 0.355052367704222, -0.5248574064987195, 0.3080054559556855, -0.15603901984040935, -0.8405100278485143, -0.5651986579078594, 0.12780832407231607, -0.9260904415065494, 0.8441422725490109, 0.4758993312392106, -0.8292265311132878, 0.9630164883889356, 0.7263456369984649, -0.8873624412400944, -0.640211122140556, -0.5992162571430206, 0.9851030032663568, 0.7361108482042074, -0.918591039451484, -0.6237300565370005, 0.3559579255655443, 0.8300536788189302, 0.0972457189881677, -0.049129864658788575, 0.4522937511327951, 0.5171211937443501, 0.8213433910068124, -0.7079509963280015, -0.8408477791371088, -0.45202087172224203, -0.8648544686378057, 0.035627494804866044, -0.8296555639524763, -0.016858175055333276, -0.9358747386055961, -0.20379325827822492, -0.897292505662038, 0.15113842972707126, -0.9994521681064447, -0.9676460719280189, 0.11749888692527503, -0.6787680822964464, 0.34525791415717055, 0.1847271531190222, 0.1371724663593219, 0.1605588294153515, -0.7235746688222389, -0.46870947388804113, -0.6306617773285135, -0.2669986453674111, -0.69643170147655, 0.8839126402696869, -0.6047687625686788, -0.1742359283753374, -0.5638827786402976, 0.944328313202101, 0.6434347222451331, 0.36280631565293203, 0.6534269237939123, -0.4425030121702762, 0.37533213509056795, 0.552816021298645, -0.7635923299035727, 0.04282387411562705, -0.4248672913439635, -0.1574513996537265, -0.9464037772770526, 0.08132353997229816, 0.02968937553413742, -0.37719117650503614, 0.5410946415472466, 0.39150055598830846, 0.1339787893915989, 0.6264534939719997, -0.29878539186245145, -0.6623135179467732, -0.39174655066616754, -0.4145940868403005, 0.6451141746262609]
1019.9960327148438	(8, 12, 2)	[0.617588884747686, -0.09451475241007423, 0.7281177911134964, -0.42043601723401247, 0.5523095172915549, -0.5088776868055338, 0.7241041245753188, -0.3070683219194967, -0.34933683674578075, 0.7567199012882717, 0.3435885146619593, 0.7279730638302273, -0.31266518527281817, -0.8878988981429676, -0.8158378694524927, -0.7696469495272666, 0.4365502831157122, -0.021721666298465392, 0.999066764791477, -0.39308377591158306, -0.4338783542690789, -0.7484920681915969, 0.15404960178008142, -0.15473914929344854, -0.8691090124253991, 0.41089213257906954, 0.1993134148817941, 0.9962353821276717, -0.9423077193282685, -0.5946381030972048, 0.6755671507085619, -0.6761898784654081, 0.07550694394279628, -0.9492405740947529, -1.0, 0.1401920651269284, 0.2872358362721834, 0.6419801738473374, 0.49271974941706126, 0.35499196517163645, -0.6754943145209427, 0.355052367704222, -0.5248574064987195, 0.3713177870835167, 0.8924095501813245, -0.7642342008567025, -0.5651986579078594, 0.05817496861484347, -0.9260904415065494, 0.8441422725490109, 0.4758993312392106, -0.47957538972709846, -0.9512461271697007, 0.7263456369984649, -0.8220025262623964, -0.640211122140556, -0.5992162571430206, 0.8742413519343644, 0.7361108482042074, -0.7755426876295384, -0.6237300565370005, 0.3559579255655443, 0.8300536788189302, 0.0972457189881677, -0.049129864658788575, 0.4954982021053808, 0.5171211937443501, 0.8213433910068124, -0.7079509963280015, -0.8408477791371088, -0.45202087172224203, 0.3803958796393775, 0.035627494804866044, -0.8296555639524763, -0.016858175055333276, -0.4319816246027657, -0.5259831546794185, -0.897292505662038, 0.15113842972707126, -0.9994521681064447, 0.42719688992155236, 0.11749888692527503, -0.7513175265236633, -0.5775747918583165, 0.12893352429765906, 0.6803713862961689, 0.1605588294153515, 0.21754791402653492, -0.46870947388804113, -0.701929888204458, -0.2669986453674111, -0.69643170147655, 0.8839126402696869, -0.9936095045762465, -0.16377702967853117, 0.5523165263504954, 0.4814227119024663, 0.6434347222451331, 0.36280631565293203, 0.6654001858708262, -0.962355731781362, 0.37533213509056795, 0.552816021298645, -0.07738268937489859, 0.04282387411562705, -0.4248672913439635, -0.9731097487874911, -0.9464037772770526, -0.6551794147219963, 0.02968937553413742, -0.37719117650503614, -0.5283118682843657, -0.24785882628297945, 0.1339787893915989, 0.6264534939719997, -0.29878539186245145, -0.717652113862335, -0.19950083675466024, -0.4145940868403005, 0.8180568109152978]
1019.9095458984375	(8, 12, 2)	[0.617588884747686, -0.09451475241007423, 0.7281177911134964, -0.42043601723401247, 0.5523095172915549, -0.5088776868055338, 0.7241041245753188, -0.3070683219194967, -0.34933683674578075, 0.7567199012882717, 0.3435885146619593, 0.7279730638302273, -0.31266518527281817, -0.8878988981429676, -0.8158378694524927, -0.7696469495272666, 0.4365502831157122, -0.021721666298465392, 0.999066764791477, -0.39308377591158306, -0.4338783542690789, -0.7484920681915969, 0.15404960178008142, -0.15473914929344854, -0.8691090124253991, 0.41089213257906954, 0.1993134148817941, 0.9962353821276717, -0.9423077193282685, -0.5946381030972048, 0.6755671507085619, -0.6761898784654081, 0.07550694394279628, -0.9492405740947529, -1.0, 0.1401920651269284, 0.2872358362721834, 0.6419801738473374, 0.49271974941706126, 0.35499196517163645, -0.6754943145209427, 0.355052367704222, -0.5248574064987195, 0.3713177870835167, 0.8924095501813245, -0.7642342008567025, -0.5651986579078594, 0.05817496861484347, -0.9260904415065494, 0.8441422725490109, 0.4758993312392106, -0.47957538972709846, -0.9512461271697007, 0.7263456369984649, -0.8220025262623964, -0.640211122140556, -0.5992162571430206, 0.8742413519343644, 0.7361108482042074, -0.7755426876295384, -0.6237300565370005, 0.3559579255655443, 0.8300536788189302, 0.0972457189881677, -0.049129864658788575, 0.4954982021053808, 0.5171211937443501, 0.8213433910068124, -0.7079509963280015, -0.8408477791371088, -0.45202087172224203, 0.3803958796393775, 0.035627494804866044, -0.8296555639524763, -0.016858175055333276, -0.4319816246027657, -0.5259831546794185, -0.897292505662038, 0.15113842972707126, -0.9994521681064447, 0.42719688992155236, 0.11749888692527503, -0.7513175265236633, -0.5775747918583165, 0.12893352429765906, 0.6803713862961689, 0.1605588294153515, 0.21754791402653492, -0.46870947388804113, -0.701929888204458, -0.2669986453674111, -0.69643170147655, 0.8839126402696869, -0.9936095045762465, -0.16377702967853117, 0.5523165263504954, 0.4814227119024663, 0.6434347222451331, 0.36280631565293203, 0.6654001858708262, -0.962355731781362, 0.37533213509056795, 0.552816021298645, -0.07738268937489859, 0.04282387411562705, -0.4248672913439635, -0.9731097487874911, -0.9464037772770526, -0.6551794147219963, 0.02968937553413742, -0.37719117650503614, -0.5283118682843657, -0.24785882628297945, 0.1339787893915989, 0.6264534939719997, -0.29878539186245145, -0.717652113862335, -0.19950083675466024, -0.4145940868403005, 0.8180568109152978]
1019.9577026367188	(8, 12, 2)	[0.617588884747686, -0.09451475241007423, 0.7281177911134964, -0.42043601723401247, 0.5523095172915549, -0.5088776868055338, 0.7241041245753188, -0.3070683219194967, -0.34933683674578075, 0.7567199012882717, 0.3435885146619593, 0.7279730638302273, -0.31266518527281817, -0.8878988981429676, -0.8158378694524927, -0.7696469495272666, 0.4365502831157122, -0.021721666298465392, 0.999066764791477, -0.39308377591158306, -0.4338783542690789, -0.7484920681915969, 0.15404960178008142, -0.15473914929344854, -0.8691090124253991, 0.41089213257906954, 0.1993134148817941, 0.9962353821276717, -0.9423077193282685, -0.5946381030972048, 0.6755671507085619, -0.6761898784654081, 0.07550694394279628, -0.9492405740947529, -1.0, 0.1401920651269284, 0.2872358362721834, 0.6419801738473374, 0.49271974941706126, 0.35499196517163645, -0.6754943145209427, 0.355052367704222, -0.5248574064987195, 0.3713177870835167, 0.8924095501813245, -0.7642342008567025, -0.5651986579078594, 0.05817496861484347, -0.9260904415065494, 0.8441422725490109, 0.4758993312392106, -0.47957538972709846, -0.9512461271697007, 0.7263456369984649, -0.8220025262623964, -0.640211122140556, -0.5992162571430206, 0.8742413519343644, 0.7361108482042074, -0.7755426876295384, -0.6237300565370005, 0.3559579255655443, 0.8300536788189302, 0.0972457189881677, -0.049129864658788575, 0.4954982021053808, 0.5171211937443501, 0.8213433910068124, -0.7079509963280015, -0.8408477791371088, -0.45202087172224203, 0.3803958796393775, 0.035627494804866044, -0.8296555639524763, -0.016858175055333276, -0.4319816246027657, -0.5259831546794185, -0.897292505662038, 0.15113842972707126, -0.9994521681064447, 0.42719688992155236, 0.11749888692527503, -0.7513175265236633, -0.5775747918583165, 0.12893352429765906, 0.6803713862961689, 0.1605588294153515, 0.21754791402653492, -0.46870947388804113, -0.701929888204458, -0.2669986453674111, -0.69643170147655, 0.8839126402696869, -0.9936095045762465, -0.16377702967853117, 0.5523165263504954, 0.4814227119024663, 0.6434347222451331, 0.36280631565293203, 0.6654001858708262, -0.962355731781362, 0.37533213509056795, 0.552816021298645, -0.07738268937489859, 0.04282387411562705, -0.4248672913439635, -0.9731097487874911, -0.9464037772770526, -0.6551794147219963, 0.02968937553413742, -0.37719117650503614, -0.5283118682843657, -0.24785882628297945, 0.1339787893915989, 0.6264534939719997, -0.29878539186245145, -0.717652113862335, -0.19950083675466024, -0.4145940868403005, 0.8180568109152978]
1019.9763793945312	(8, 12, 2)	[0.617588884747686, -0.09451475241007423, 0.7281177911134964, -0.42043601723401247, 0.5523095172915549, -0.5088776868055338, 0.7241041245753188, -0.3070683219194967, -0.34933683674578075, 0.7567199012882717, 0.3435885146619593, 0.7279730638302273, -0.31266518527281817, -0.8878988981429676, -0.8158378694524927, -0.7696469495272666, 0.4365502831157122, -0.021721666298465392, 0.999066764791477, -0.39308377591158306, -0.4338783542690789, -0.7484920681915969, 0.15404960178008142, -0.15473914929344854, -0.8691090124253991, 0.41089213257906954, 0.1993134148817941, 0.9962353821276717, -0.9423077193282685, -0.5946381030972048, 0.6755671507085619, -0.6761898784654081, 0.07550694394279628, -0.9492405740947529, -1.0, 0.1401920651269284, 0.2872358362721834, 0.6419801738473374, 0.49271974941706126, 0.35499196517163645, -0.6754943145209427, 0.355052367704222, -0.5248574064987195, 0.3713177870835167, 0.8924095501813245, -0.7642342008567025, -0.5651986579078594, 0.05817496861484347, -0.9260904415065494, 0.8441422725490109, 0.4758993312392106, -0.47957538972709846, -0.9512461271697007, 0.7263456369984649, -0.8220025262623964, -0.640211122140556, -0.5992162571430206, 0.8742413519343644, 0.7361108482042074, -0.7755426876295384, -0.6237300565370005, 0.3559579255655443, 0.8300536788189302, 0.0972457189881677, -0.049129864658788575, 0.4954982021053808, 0.5171211937443501, 0.8213433910068124, -0.7079509963280015, -0.8408477791371088, -0.45202087172224203, 0.3803958796393775, 0.035627494804866044, -0.8296555639524763, -0.016858175055333276, -0.4319816246027657, -0.5259831546794185, -0.897292505662038, 0.15113842972707126, -0.9994521681064447, 0.42719688992155236, 0.11749888692527503, -0.7513175265236633, -0.5775747918583165, 0.12893352429765906, 0.6803713862961689, 0.1605588294153515, 0.21754791402653492, -0.46870947388804113, -0.701929888204458, -0.2669986453674111, -0.69643170147655, 0.8839126402696869, -0.9936095045762465, -0.16377702967853117, 0.5523165263504954, 0.4814227119024663, 0.6434347222451331, 0.36280631565293203, 0.6654001858708262, -0.962355731781362, 0.37533213509056795, 0.552816021298645, -0.07738268937489859, 0.04282387411562705, -0.4248672913439635, -0.9731097487874911, -0.9464037772770526, -0.6551794147219963, 0.02968937553413742, -0.37719117650503614, -0.5283118682843657, -0.24785882628297945, 0.1339787893915989, 0.6264534939719997, -0.29878539186245145, -0.717652113862335, -0.19950083675466024, -0.4145940868403005, 0.8180568109152978]
1019.8171997070312	(8, 12, 2)	[0.7725021587211486, 0.07118031166705654, 0.7281177911134964, -0.426991667637898, 0.5826542777963655, -0.6356182517775715, 0.7241041245753188, -0.28637614252749777, -0.34933683674578075, 0.3941152377472783, 0.3435885146619593, 0.35880189551082653, -0.31266518527281817, -0.2845158859809678, -0.8158378694524927, -0.8106135178575589, 0.4365502831157122, -0.021721666298465392, 0.5277962303553905, -0.39308377591158306, -0.7053543446036494, -0.7077958345597266, 0.15404960178008142, 0.246022252376757, -0.8691090124253991, 0.41089213257906954, 0.1993134148817941, 0.9962353821276717, -0.9423077193282685, -0.5946381030972048, 0.6755671507085619, -0.819747507474665, 0.18255356914735543, -0.9492405740947529, -0.6347952571925191, -0.5522977127038851, -0.430057594893664, 0.6419801738473374, 0.4230794712159218, 0.25802544721642795, -0.0855135060031551, 0.192620741066174, -0.5248574064987195, 0.3080054559556855, -0.15603901984040935, -0.8405100278485143, -0.5651986579078594, -0.0365851713776279, -0.9260904415065494, 0.8441422725490109, 0.13175781082255233, -0.8292265311132878, -0.9117128235387788, -0.853782524063053, -0.9208380018449078, -0.640211122140556, -0.5992162571430206, 1.0, 0.7361108482042074, -0.7755426876295384, -0.6237300565370005, 0.3559579255655443, 0.8300536788189302, 0.0972457189881677, -0.049129864658788575, 0.4954982021053808, 0.5171211937443501, 0.8213433910068124, -0.7079509963280015, -0.8408477791371088, -0.26457770381593004, 0.443432449225112, 0.035627494804866044, -0.9754762896249616, -0.10903988184149657, -0.4319816246027657, -0.5259831546794185, -0.897292505662038, 0.1444410911007197, -0.9428720431719271, 0.5925768129997935, -0.24388906139012456, -0.7513175265236633, 0.34525791415717055, 0.1847271531190222, 0.6803713862961689, 0.1605588294153515, 0.2188664105129916, -0.46870947388804113, -0.6306617773285135, -0.048961753030486665, -0.69643170147655, 0.7870273805719463, -0.2613369165471593, -0.1742359283753374, 0.7597423349512967, 0.4814227119024663, -0.8717804094150057, 0.36280631565293203, 0.6654001858708262, -0.9756125680112572, 0.37533213509056795, 0.552816021298645, -0.8218460082034683, 0.04282387411562705, -0.4248672913439635, -0.9731097487874911, -0.9464037772770526, -0.6551794147219963, 0.02968937553413742, -0.4395555927757516, -0.5283118682843657, -0.3681516603494795, 0.1339787893915989, 0.6264534939719997, -0.29878539186245145, -0.717652113862335, -0.19950083675466024, -0.3833153298530119, -0.29539382693915606]
1019.9981079101562	(8, 12, 2)	[0.617588884747686, -0.09451475241007423, 0.7905331454866286, -0.42043601723401247, 0.5523095172915549, -0.6356182517775715, 0.7241041245753188, -0.32944686755942415, -0.34933683674578075, 0.3941152377472783, 0.3435885146619593, 0.7279730638302273, -0.31266518527281817, -0.39056925578622037, -0.8516335174185328, -0.7696469495272666, 0.4365502831157122, -0.021721666298465392, 0.999066764791477, -0.39308377591158306, -0.4338783542690789, -0.7077958345597266, 0.15404960178008142, -0.15473914929344854, -0.8691090124253991, 0.41089213257906954, 0.1993134148817941, 0.9962353821276717, -0.9423077193282685, -0.5946381030972048, 0.6755671507085619, -0.6761898784654081, 0.07550694394279628, -1.0, -0.6347952571925191, -0.5978094091806965, 0.2872358362721834, 0.6419801738473374, 0.5041061451495708, 0.35499196517163645, -0.5459209980763966, 0.355052367704222, -0.5248574064987195, 0.3080054559556855, 0.8924095501813245, -0.7642342008567025, -0.5651986579078594, 0.05817496861484347, -0.9260904415065494, 0.9943086217078799, 0.3716909916652804, -0.47957538972709846, 0.9798503583669589, 0.7263456369984649, -0.9208380018449078, -0.640211122140556, 0.47575507893205016, 0.9851030032663568, 0.7361108482042074, -0.918591039451484, -0.6237300565370005, 0.3559579255655443, 0.8320946947940671, 0.0972457189881677, -0.9030581796679216, 0.4954982021053808, 0.5171211937443501, 0.8213433910068124, -0.7079509963280015, -0.8408477791371088, -0.26457770381593004, 0.3803958796393775, 0.035627494804866044, -0.8296555639524763, -0.016858175055333276, -0.4319816246027657, -0.20379325827822492, -0.897292505662038, 0.15113842972707126, -0.9994521681064447, 0.42719688992155236, -0.24388906139012456, -0.7407663204087233, -0.5775747918583165, 0.18840961718482485, 0.6803713862961689, 0.1605588294153515, -0.7442918155996424, -0.507087710554507, -0.6306617773285135, -0.048961753030486665, -0.69643170147655, 0.8839126402696869, -0.2613369165471593, -0.1742359283753374, -0.5638827786402976, 0.4814227119024663, -0.8717804094150057, 0.36280631565293203, 0.6602628843464025, -0.962355731781362, 0.37533213509056795, 0.552816021298645, -0.7635923299035727, -0.10611995670579377, -0.4248672913439635, -0.9731097487874911, -0.9464037772770526, 0.06797316868070744, 0.02968937553413742, -0.37719117650503614, -0.5283118682843657, 0.39150055598830846, 0.1339787893915989, 0.5822641068255994, -0.29878539186245145, -0.717652113862335, -0.19950083675466024, -0.4145940868403005, 0.6889636371597649]
1019.9988403320312	(8, 12, 2)	[0.7902057916605154, -0.09451475241007423, 0.7281177911134964, -0.426991667637898, 0.5523095172915549, -0.2742141503901684, 0.8171302071017827, -0.32944686755942415, -0.34933683674578075, 0.7567199012882717, 0.3435885146619593, 0.6620681614619104, -0.31266518527281817, -0.39056925578622037, -0.7409622494136854, -0.7696469495272666, 0.4365502831157122, -0.021721666298465392, 0.6341783629899551, -0.39308377591158306, -0.7053543446036494, -0.7484920681915969, 0.15404960178008142, 0.30785794583910503, -0.8691090124253991, 0.41089213257906954, 0.1993134148817941, 0.9962353821276717, -0.9423077193282685, -0.5946381030972048, 0.6755671507085619, -0.819747507474665, 0.18255356914735543, -0.7382419997213685, -0.9501095708274725, -0.5978094091806965, 0.2872358362721834, 0.6419801738473374, 0.3937451411185071, 0.35499196517163645, -0.6563389516680637, 0.192620741066174, -0.5248574064987195, 0.3080054559556855, 0.8924095501813245, -0.8405100278485143, -0.5651986579078594, -0.6275459020058656, -0.9260904415065494, 0.9943086217078799, 0.4758993312392106, -0.47957538972709846, 0.9630164883889356, 0.7263456369984649, -0.8220025262623964, -0.640211122140556, -0.5992162571430206, 0.9851030032663568, 0.7361108482042074, -0.918591039451484, -0.753393945976271, 0.3559579255655443, 0.8300536788189302, 0.0972457189881677, -0.049129864658788575, 0.04559893680533941, 0.5171211937443501, 0.8213433910068124, -0.7079509963280015, -0.8408477791371088, -0.26457770381593004, 0.3803958796393775, 0.035627494804866044, -0.9754762896249616, -0.10903988184149657, -0.37182143739609624, -0.5259831546794185, -0.897292505662038, 0.15113842972707126, -0.9428720431719271, -0.8265936167483661, -0.18224371635400605, -0.6787680822964464, 0.34525791415717055, 0.10682307106777915, -0.1438428355051753, 0.1605588294153515, -0.6485942769961974, -0.5787837640402294, -0.6306617773285135, -0.37519864639020195, -0.69643170147655, 0.8839126402696869, -0.4299127467169731, -0.10226425121755636, 0.5523165263504954, 0.4814227119024663, 0.6434347222451331, 0.36280631565293203, 0.6602628843464025, -0.946947526110636, 0.37533213509056795, 0.552816021298645, -0.07738268937489859, 0.04282387411562705, -0.4248672913439635, -0.13901145489011824, -0.8756429648212136, 0.08132353997229816, 0.02968937553413742, -0.46458358539195577, 0.5410946415472466, -0.24785882628297945, 0.1339787893915989, 0.5827071623788911, 0.30531410434480005, -0.717652113862335, -0.5796109640610594, -0.4145940868403005, -0.29539382693915606]
1019.9898071289062	(8, 12, 2)	[0.7902057916605154, -0.09451475241007423, 0.7281177911134964, -0.426991667637898, 0.6193540578633494, -0.2742141503901684, 0.8479007502122236, -0.28637614252749777, -0.2841458207841616, 0.3941152377472783, 0.32254852215468766, 0.41401724777496174, -0.31266518527281817, -0.1956119391643366, -0.8158378694524927, -0.7696469495272666, 0.4365502831157122, -0.021721666298465392, 0.6341783629899551, -0.39308377591158306, -0.4338783542690789, -0.7484920681915969, 0.15404960178008142, -0.15473914929344854, -0.8691090124253991, 0.41089213257906954, 0.1993134148817941, 0.9962353821276717, -0.9423077193282685, -0.5946381030972048, 0.6755671507085619, -0.6761898784654081, 0.18255356914735543, -0.9835919097607921, -1.0, -0.5978094091806965, 0.2872358362721834, 0.6114794209395391, 0.3937451411185071, 0.35499196517163645, -0.6563389516680637, 0.355052367704222, -0.5248574064987195, 0.3080054559556855, 0.22519081066407987, -0.8405100278485143, -0.5651986579078594, -0.05359981888478417, -0.9260904415065494, 0.9943086217078799, 0.4758993312392106, -0.8292265311132878, 0.9798503583669589, 0.7263456369984649, -0.8220025262623964, -0.699853946275916, -0.5992162571430206, 0.8742413519343644, 0.7361108482042074, -0.918591039451484, -0.5630421744033438, 0.3559579255655443, 0.8300536788189302, -0.08005799556737003, -0.049129864658788575, 0.4522937511327951, 0.5171211937443501, 0.8213433910068124, -0.7079509963280015, -0.8408477791371088, -0.45202087172224203, 0.3803958796393775, 0.035627494804866044, -0.9754762896249616, -0.18508987794487863, -0.9358747386055961, -0.20379325827822492, -0.897292505662038, 0.15113842972707126, -0.9428720431719271, -0.8265936167483661, -0.04982328587201679, -0.7513175265236633, 0.34525791415717055, 0.3052160524124278, -0.1438428355051753, 0.1605588294153515, -0.6485942769961974, -0.5787837640402294, -0.6306617773285135, -0.048961753030486665, -0.69643170147655, 0.8839126402696869, -0.9936095045762465, -0.16377702967853117, -0.5638827786402976, 0.4814227119024663, 0.6434347222451331, 0.36280631565293203, 0.6602628843464025, -0.4425030121702762, 0.37533213509056795, 0.552816021298645, -0.07738268937489859, 0.04282387411562705, -0.4248672913439635, -0.9731097487874911, -1.0, 0.07477883863986645, 0.02968937553413742, -0.37719117650503614, 0.5410946415472466, -0.24785882628297945, 0.1339787893915989, 0.5827071623788911, -0.29878539186245145, 0.9832798515590944, -0.5796109640610594, -0.4145940868403005, 0.8132527374391694]
1019.9931640625	(8, 12, 2)	[0.617588884747686, -0.09451475241007423, 0.7281177911134964, -0.42043601723401247, 0.5826542777963655, -0.5119587534403827, 0.6480494329121282, -0.32944686755942415, -0.34933683674578075, 0.7567199012882717, 0.3435885146619593, 0.41401724777496174, -0.31266518527281817, -0.1956119391643366, -0.8158378694524927, -0.7696469495272666, 0.4365502831157122, -0.021721666298465392, 0.5277962303553905, -0.39308377591158306, -0.4338783542690789, -0.7484920681915969, 0.15404960178008142, 0.30785794583910503, 0.40130954418788933, 0.41089213257906954, 0.1993134148817941, 0.9962353821276717, -0.9423077193282685, -0.5946381030972048, 0.6755671507085619, -0.819747507474665, -0.236271231147684, -0.9835919097607921, -0.6347952571925191, -0.5978094091806965, 0.2872358362721834, 0.6114794209395391, 0.5041061451495708, 0.35499196517163645, -0.0855135060031551, 0.355052367704222, -0.5248574064987195, 0.3080054559556855, 0.8924095501813245, -0.7642342008567025, -0.5651986579078594, 0.12780832407231607, -0.9260904415065494, 0.8441422725490109, 0.4758993312392106, -0.5722663531549566, 0.9798503583669589, 0.7263456369984649, -0.9208380018449078, -0.640211122140556, -0.45633458839718466, 0.8742413519343644, 0.7361108482042074, -0.918591039451484, -0.6737699370258704, 0.7306524547409894, 0.8300536788189302, 0.0972457189881677, -0.049129864658788575, 0.4954982021053808, 0.5171211937443501, 0.8213433910068124, -0.7079509963280015, -0.8408477791371088, -0.26457770381593004, 0.3803958796393775, 0.035627494804866044, -0.9754762896249616, -0.016858175055333276, -0.4319816246027657, -0.5259831546794185, -1.0, 0.1444410911007197, -0.9994521681064447, -1.0, -0.21649965252101805, -0.6787680822964464, 0.34525791415717055, 0.18014091917915168, 0.1371724663593219, 0.1605588294153515, 0.21754791402653492, -0.5787837640402294, -0.6306617773285135, -0.048961753030486665, -0.69643170147655, 0.8839126402696869, -0.6047687625686788, -0.1742359283753374, -0.5638827786402976, 0.4814227119024663, 0.6434347222451331, 0.36280631565293203, 0.6602628843464025, -0.4425030121702762, 0.37533213509056795, 0.552816021298645, -0.7635923299035727, 0.04282387411562705, -0.4248672913439635, -0.9731097487874911, -0.9464037772770526, 0.08132353997229816, 0.02968937553413742, -0.37719117650503614, -0.5283118682843657, -0.3681516603494795, 0.1339787893915989, 0.5827071623788911, -0.29878539186245145, -0.717652113862335, -0.19950083675466024, -0.4145940868403005, 0.6889636371597649]
1019.9978637695312	(8, 12, 2)	[0.7902057916605154, -0.09451475241007423, 0.7281177911134964, -0.426991667637898, 0.4326374693227131, -0.6356182517775715, 0.8479007502122236, -0.3070683219194967, -0.34933683674578075, 0.3941152377472783, 0.3435885146619593, 0.41401724777496174, -0.31266518527281817, -0.39056925578622037, -0.9258305649454781, -0.8106135178575589, 0.8570056391476627, -0.021721666298465392, 0.999066764791477, -0.39308377591158306, -0.7053543446036494, -0.6441350017549101, 0.15404960178008142, 0.30785794583910503, -0.8691090124253991, 0.41089213257906954, 0.1993134148817941, 0.9962353821276717, -0.9423077193282685, -0.5946381030972048, 0.6755671507085619, -0.819747507474665, 0.17860010860649378, -1.0, -1.0, -0.5978094091806965, -0.430057594893664, 0.6114794209395391, 0.3937451411185071, 0.35499196517163645, -0.6563389516680637, 0.355052367704222, -0.5248574064987195, 0.3080054559556855, -0.15603901984040935, -0.7642342008567025, -0.5651986579078594, -0.6275459020058656, -0.9260904415065494, 0.8441422725490109, 0.4758993312392106, -0.8292265311132878, 1.0, 0.7263456369984649, -0.9208380018449078, -0.640211122140556, -0.5992162571430206, 0.9851030032663568, 0.7361108482042074, -0.7755426876295384, -0.753393945976271, 0.7306524547409894, 0.8320946947940671, -0.08005799556737003, -0.049129864658788575, 0.04559893680533941, 0.5171211937443501, 0.8213433910068124, -0.7079509963280015, -0.8408477791371088, -0.26457770381593004, 0.443432449225112, 0.035627494804866044, -0.8296555639524763, -0.04529743006830778, -0.4319816246027657, -0.5259831546794185, -0.9803050358794685, 0.15113842972707126, -1.0, 0.5925768129997935, -0.24388906139012456, -0.7513175265236633, 0.34525791415717055, 0.1847271531190222, 0.00919593818795239, 0.1605588294153515, -0.6485942769961974, -0.5787837640402294, -0.6306617773285135, -0.048961753030486665, -0.69643170147655, 0.7870273805719463, -0.2613369165471593, -0.16377702967853117, -0.5638827786402976, 0.8703887512526806, 0.6434347222451331, 0.36280631565293203, 0.6602628843464025, -0.946947526110636, 0.37533213509056795, 0.552816021298645, -0.07738268937489859, -0.10611995670579377, -0.4248672913439635, -1.0, -0.8756429648212136, 0.08132353997229816, 0.02968937553413742, -0.4395555927757516, 0.5410946415472466, -0.3681516603494795, 0.1339787893915989, 0.5827071623788911, 0.30531410434480005, -0.7140629631615404, -0.5796109640610594, -0.3833153298530119, 0.6451141746262609]
1019.9967041015625	(8, 12, 2)	[0.7902057916605154, -0.09451475241007423, 0.7281177911134964, -0.426991667637898, 0.4326374693227131, -0.6356182517775715, 0.8479007502122236, -0.3070683219194967, -0.34933683674578075, 0.43076058285804003, 0.3435885146619593, 0.35880189551082653, -0.31266518527281817, -0.39056925578622037, -0.8158378694524927, -0.8106135178575589, 0.3369326373365913, -0.021721666298465392, 0.6341783629899551, -0.39308377591158306, -0.7053543446036494, -0.6674359055517454, 0.15404960178008142, -0.15473914929344854, -0.8691090124253991, 0.41089213257906954, 0.1993134148817941, 0.9962353821276717, -0.9423077193282685, -0.5946381030972048, 0.8380721214714449, -0.6761898784654081, 0.18255356914735543, -0.9835919097607921, -1.0, -0.5978094091806965, -0.430057594893664, 0.6419801738473374, 0.4230794712159218, 0.25802544721642795, -0.6563389516680637, 0.355052367704222, -0.5248574064987195, 0.3080054559556855, 0.8924095501813245, -0.8405100278485143, -0.5651986579078594, 0.05817496861484347, -0.9260904415065494, 0.9943086217078799, 0.13175781082255233, -0.8292265311132878, 0.9798503583669589, 0.7263456369984649, -0.9208380018449078, -0.640211122140556, -0.5992162571430206, 0.8742413519343644, 0.7361108482042074, -0.8545374832256749, -0.6237300565370005, 0.3559579255655443, 0.8300536788189302, 0.0972457189881677, -0.049129864658788575, 0.04559893680533941, 0.5171211937443501, 0.8213433910068124, -0.7079509963280015, -0.8408477791371088, -0.26457770381593004, 0.443432449225112, 0.035627494804866044, -0.9754762896249616, -0.016858175055333276, -0.4319816246027657, -0.20379325827822492, -0.897292505662038, 0.15113842972707126, -1.0, -0.9676460719280189, -0.24388906139012456, -0.7513175265236633, 0.34525791415717055, 0.1847271531190222, 0.6803713862961689, 0.1605588294153515, 0.2188664105129916, -0.5787837640402294, -0.6306617773285135, -0.048961753030486665, -0.69643170147655, 0.8839126402696869, -0.2613369165471593, -0.1742359283753374, 0.5523165263504954, 0.4814227119024663, -0.8717804094150057, -0.049273608765003696, 0.6602628843464025, -0.962355731781362, 0.37533213509056795, 0.552816021298645, -0.07738268937489859, 0.04282387411562705, -0.4248672913439635, -0.13901145489011824, -0.8756429648212136, 0.08132353997229816, 0.02968937553413742, -0.37719117650503614, -0.5283118682843657, -0.3681516603494795, -0.7534816387459355, 0.5827071623788911, -0.29878539186245145, 0.9832798515590944, -0.5796109640610594, -0.4145940868403005, 0.6889636371597649]
1019.996337890625	(8, 12, 2)	[0.617588884747686, -0.09451475241007423, 0.7905331454866286, -0.426991667637898, 0.5523095172915549, -0.2742141503901684, 0.8158185273936199, -0.32944686755942415, -0.2841458207841616, 0.3941152377472783, 0.3435885146619593, 0.6620681614619104, -0.31266518527281817, -0.2845158859809678, -0.8158378694524927, -0.7696469495272666, 0.3369326373365913, -0.021721666298465392, 0.6341783629899551, -0.39308377591158306, -0.7053543446036494, -0.7077958345597266, 0.15404960178008142, 0.16697651899911048, -0.8691090124253991, 0.41089213257906954, 0.1993134148817941, 1.0, -0.9423077193282685, -0.5946381030972048, 0.6755671507085619, -0.819747507474665, 0.18255356914735543, -0.9492405740947529, -0.9501095708274725, -0.5978094091806965, 0.2872358362721834, 0.6419801738473374, 0.4230794712159218, 0.35499196517163645, -0.1426952617823224, 0.355052367704222, -0.5248574064987195, 0.3080054559556855, 0.22519081066407987, -0.8405100278485143, -0.5651986579078594, 0.04270654521381956, -0.9260904415065494, 0.9943086217078799, 0.13175781082255233, -0.8127115236741119, 0.9798503583669589, 0.7263456369984649, -0.7519103377973502, -0.640211122140556, 0.47575507893205016, 0.8742413519343644, 0.700100722941942, -0.918591039451484, 0.10390447378095358, 0.3559579255655443, 0.8300536788189302, 0.0972457189881677, -0.049129864658788575, 0.04559893680533941, 0.5171211937443501, 0.8213433910068124, -0.7079509963280015, -0.9400941541983302, -0.45202087172224203, 0.3803958796393775, 0.035627494804866044, -0.8296555639524763, -0.016858175055333276, -0.4319816246027657, -0.5259831546794185, -0.897292505662038, 0.1444410911007197, -0.9428720431719271, 0.5925768129997935, -0.18224371635400605, -0.6787680822964464, 0.34525791415717055, 0.1847271531190222, 0.0034449614726083655, 0.1605588294153515, 0.2188664105129916, -0.5787837640402294, -0.6306617773285135, -0.048961753030486665, -0.7946852019238458, 0.8839126402696869, -0.9936095045762465, -0.1742359283753374, -0.5219348272301864, 0.4814227119024663, -0.8717804094150057, 0.36280631565293203, 0.6654001858708262, -0.946947526110636, 0.37533213509056795, 0.552816021298645, -0.07738268937489859, -0.10611995670579377, -0.4248672913439635, -0.13901145489011824, -0.9464037772770526, 0.06797316868070744, 0.02968937553413742, -0.4395555927757516, -0.6755162352229013, -0.3681516603494795, -0.7534816387459355, 0.5827071623788911, -0.29878539186245145, -0.717652113862335, -0.5796109640610594, -0.4145940868403005, 0.6889636371597649]
1019.9996337890625	(8, 12, 2)	[0.7902057916605154, -0.09451475241007423, 0.692060739472185, -0.426991667637898, 0.5826542777963655, -0.6356182517775715, 0.6129714465986278, -0.3070683219194967, -0.2841458207841616, 0.3941152377472783, 0.32254852215468766, 0.7279730638302273, -0.31266518527281817, -0.39056925578622037, -0.8158378694524927, -0.7696469495272666, 0.3369326373365913, -0.021721666298465392, 0.6341783629899551, -0.39308377591158306, -0.4338783542690789, -0.7484920681915969, 0.15404960178008142, 0.16697651899911048, -0.8691090124253991, 0.41089213257906954, 0.1993134148817941, 1.0, -1.0, -0.5946381030972048, 0.6755671507085619, -0.6761898784654081, 0.18255356914735543, -1.0, -1.0, -0.5978094091806965, 0.2872358362721834, 0.6419801738473374, 0.49271974941706126, 0.35499196517163645, -0.1426952617823224, 0.355052367704222, -0.5248574064987195, 0.3080054559556855, -0.15603901984040935, -0.7642342008567025, -0.5651986579078594, 0.05817496861484347, -0.9260904415065494, 0.8441422725490109, 0.3716909916652804, -0.47957538972709846, 0.9630164883889356, 0.7263456369984649, -0.46057169086338967, -0.699853946275916, 0.47575507893205016, 0.8742413519343644, 0.7361108482042074, -0.918591039451484, -0.6152712984850089, 0.3559579255655443, 0.8300536788189302, 0.0972457189881677, 0.20957613848992246, 0.4954982021053808, 0.5171211937443501, 0.8213433910068124, -0.7079509963280015, -0.8936115821943978, -0.27767731001832513, 0.3803958796393775, -0.027203056098962286, -0.9754762896249616, -0.016858175055333276, -0.4319816246027657, -0.20379325827822492, -0.897292505662038, 0.1444410911007197, -1.0, -0.9676460719280189, -0.24388906139012456, -0.6787680822964464, 0.34525791415717055, 0.18014091917915168, 0.0034449614726083655, 0.1605588294153515, 0.21754791402653492, -0.5787837640402294, -0.6306617773285135, -0.048961753030486665, -0.69643170147655, 0.8839126402696869, -0.9936095045762465, -0.16377702967853117, -0.5638827786402976, 0.4814227119024663, 0.6434347222451331, 0.36280631565293203, 0.6654001858708262, -1.0, 0.37533213509056795, 0.552816021298645, -0.07738268937489859, -0.3346107168466461, -0.4248672913439635, -0.9731097487874911, -0.9464037772770526, 0.08132353997229816, 0.02968937553413742, -0.4395555927757516, -0.6226492882221683, -0.24785882628297945, 0.1339787893915989, 0.6264534939719997, -0.3471614707574241, -0.717652113862335, -0.19950083675466024, -0.4145940868403005, 0.6451141746262609]
1019.9994506835938	(8, 12, 2)	[0.7902057916605154, -0.10968922643980221, 0.7281177911134964, -0.426991667637898, 0.5523095172915549, -0.5119587534403827, 0.7241041245753188, -0.3070683219194967, -0.2841458207841616, 0.422608234231338, 0.3435885146619593, 0.41401724777496174, -0.31266518527281817, -0.8878988981429676, -0.8158378694524927, -0.7696469495272666, 0.4365502831157122, -0.021721666298465392, 0.999066764791477, -0.39308377591158306, -0.7053543446036494, -0.7120923648658748, 0.15404960178008142, 0.30785794583910503, -0.8691090124253991, 0.41089213257906954, 0.1993134148817941, 0.9962353821276717, -0.9423077193282685, -0.5946381030972048, 0.6755671507085619, -0.6761898784654081, -0.236271231147684, -0.9492405740947529, -0.9501095708274725, -0.5978094091806965, -0.430057594893664, 0.6114794209395391, 0.4230794712159218, 0.35499196517163645, -0.6563389516680637, 0.192620741066174, -0.539684463548969, 0.3080054559556855, 0.8778413893949681, -0.7009719899796665, -0.5651986579078594, 0.12780832407231607, -0.9260904415065494, 0.9943086217078799, 0.4758993312392106, -0.47957538972709846, 0.9798503583669589, 0.7263456369984649, -0.9208380018449078, -0.640211122140556, -0.5992162571430206, 0.8742413519343644, 0.7361108482042074, -0.918591039451484, 0.10390447378095358, 0.7306524547409894, 0.8300536788189302, 0.0972457189881677, -0.049129864658788575, 0.04559893680533941, 0.5171211937443501, 0.8213433910068124, -0.7079509963280015, -0.8408477791371088, -0.26457770381593004, 0.443432449225112, 0.035627494804866044, -0.8296555639524763, -0.016858175055333276, -0.4319816246027657, -0.20379325827822492, -0.897292505662038, 0.15113842972707126, -1.0, 0.5925768129997935, -0.2601284693188791, -0.6099878477088417, 0.34525791415717055, 0.18014091917915168, 0.1371724663593219, 0.1605588294153515, 0.2188664105129916, -0.5787837640402294, -0.6306617773285135, -0.048961753030486665, -0.69643170147655, 0.7870273805719463, -0.1606279815349282, -0.1742359283753374, -0.7048233918991766, 0.4814227119024663, 0.6434347222451331, 0.36280631565293203, 0.6602628843464025, -0.9756125680112572, 0.37533213509056795, 0.552816021298645, -0.7635923299035727, 0.04282387411562705, -0.4248672913439635, -0.9731097487874911, -0.9464037772770526, 0.08132353997229816, 0.02968937553413742, -0.4395555927757516, -0.5283118682843657, -0.24785882628297945, 0.1339787893915989, 0.5827071623788911, 0.30531410434480005, 1.0, -0.5796109640610594, -0.3833153298530119, 0.6451141746262609]
1019.9989624023438	(8, 12, 2)	[0.7902057916605154, -0.09451475241007423, 0.7905331454866286, -0.426991667637898, 0.5523095172915549, -0.5119587534403827, 0.7241041245753188, -0.3070683219194967, -0.2841458207841616, 0.3941152377472783, 0.3435885146619593, 0.41401724777496174, -0.31266518527281817, -0.8878988981429676, -0.8158378694524927, -0.8106135178575589, 0.8570056391476627, -0.021721666298465392, 0.6341783629899551, -0.39308377591158306, -0.7053543446036494, -0.7077958345597266, 0.15404960178008142, 0.30785794583910503, -0.8533387882088839, 0.41089213257906954, 0.1993134148817941, 0.9962353821276717, -0.9423077193282685, -0.5946381030972048, 0.6755671507085619, -0.819747507474665, 0.18255356914735543, -0.7325327070451346, -1.0, -0.5978094091806965, -0.430057594893664, 0.6419801738473374, 0.4230794712159218, 0.35499196517163645, -0.0855135060031551, 0.192620741066174, -0.5248574064987195, 0.3080054559556855, 0.8924095501813245, -0.8405100278485143, -0.5651986579078594, 0.05817496861484347, -0.9260904415065494, 0.8441422725490109, 0.13175781082255233, -0.47957538972709846, 0.9358519208908341, 0.7263456369984649, -0.9208380018449078, -0.640211122140556, -0.5992162571430206, 0.9851030032663568, 0.4968785577635668, -0.7755426876295384, -0.6737699370258704, 0.3559579255655443, 0.8300536788189302, 0.0972457189881677, -0.049129864658788575, 0.04559893680533941, 0.5171211937443501, 0.8213433910068124, -0.7048203888182027, -0.8408477791371088, -0.26457770381593004, 0.3803958796393775, 0.035627494804866044, -0.9754762896249616, -0.016858175055333276, -0.4319816246027657, -0.5259831546794185, -1.0, 0.1444410911007197, -0.9428720431719271, 0.451585961251432, -0.18224371635400605, -0.6787680822964464, 0.34525791415717055, 0.18014091917915168, 0.6803713862961689, 0.1605588294153515, -0.6485942769961974, -0.5787837640402294, -0.6306617773285135, -0.048961753030486665, -0.69643170147655, 0.8839126402696869, -0.2613369165471593, -0.16377702967853117, -0.5219348272301864, 0.4814227119024663, 0.6434347222451331, 0.36280631565293203, 0.6602628843464025, -0.946947526110636, 0.37533213509056795, 0.552816021298645, -0.7635923299035727, 0.04282387411562705, -0.4248672913439635, -0.1574513996537265, -0.8756429648212136, 0.07477883863986645, 0.02968937553413742, -0.37719117650503614, 0.5410946415472466, -0.3681516603494795, 0.1339787893915989, 0.6264534939719997, -0.29878539186245145, -0.717652113862335, -0.5796109640610594, -0.4145940868403005, 0.6451141746262609]
1019.993408203125	(8, 12, 2)	[0.617588884747686, -0.28396263052592174, 0.7281177911134964, -0.426991667637898, 0.5826542777963655, -0.2742141503901684, 0.8124289554441153, -0.31489085136632183, -0.34933683674578075, 0.3941152377472783, 0.3435885146619593, 0.7279730638302273, -0.31266518527281817, -0.39056925578622037, -0.8379578653523327, -0.8106135178575589, 0.36288037844068977, -0.021721666298465392, 0.6341783629899551, -0.39308377591158306, -0.7053543446036494, -0.8021136260414834, 0.15404960178008142, 0.16697651899911048, -0.8691090124253991, 0.41089213257906954, 0.10463594116724209, 0.9962353821276717, -0.9423077193282685, -0.5946381030972048, 0.6755671507085619, -0.6761898784654081, 0.18255356914735543, -1.0, -1.0, -0.5978094091806965, -0.430057594893664, 0.6114794209395391, 0.5041061451495708, 0.35499196517163645, -0.6563389516680637, 0.355052367704222, -0.5072965814669227, 0.3080054559556855, -0.15603901984040935, -0.8405100278485143, -0.5651986579078594, 0.05817496861484347, -0.9260904415065494, 0.8441422725490109, 0.13175781082255233, -0.8292265311132878, 0.9832861291448222, 0.7263456369984649, -0.46057169086338967, -0.640211122140556, -0.5992162571430206, 0.8742413519343644, 0.7361108482042074, -0.918591039451484, -0.6152712984850089, 0.3559579255655443, 0.8300536788189302, -0.08005799556737003, -0.049129864658788575, 0.4522937511327951, 0.5171211937443501, 0.8213433910068124, -0.7079509963280015, -0.8408477791371088, -0.27767731001832513, 0.443432449225112, 0.035627494804866044, -0.8296555639524763, 0.09591327756122067, -0.9358747386055961, -0.20379325827822492, -0.897292505662038, 0.1444410911007197, -0.9428720431719271, 0.451585961251432, -0.24388906139012456, -0.6099878477088417, 0.34525791415717055, 0.18014091917915168, 0.6127400240399569, 0.1605588294153515, -0.6485942769961974, -0.5787837640402294, -0.6306617773285135, -0.09415053680659372, -0.69643170147655, 0.7087761843938687, -0.2613369165471593, -0.16377702967853117, -0.5487040803964232, 0.944328313202101, 0.6434347222451331, 0.36280631565293203, 0.5902800095240224, -0.9756125680112572, 0.37533213509056795, 0.552816021298645, -0.0588626420507994, 0.04282387411562705, -0.4248672913439635, -0.13901145489011824, -0.8756429648212136, 0.07477883863986645, 0.02968937553413742, -0.4395555927757516, 0.5410946415472466, -0.24785882628297945, 0.1339787893915989, 0.6264534939719997, -0.29878539186245145, -0.717652113862335, -0.5796109640610594, -0.4145940868403005, 0.6889636371597649]
1019.998779296875	(8, 12, 2)	[0.617588884747686, -0.10968922643980221, 0.7281177911134964, -0.426991667637898, 0.5523095172915549, -0.5119587534403827, 0.8171302071017827, -0.31489085136632183, -0.2841458207841616, 0.3941152377472783, 0.3435885146619593, 0.41401724777496174, -0.31266518527281817, -0.39056925578622037, -0.8158378694524927, -0.7696469495272666, 0.4365502831157122, -0.0034164574347619846, 0.6341783629899551, -0.39308377591158306, -0.7053543446036494, -0.6674359055517454, 0.15404960178008142, 0.30785794583910503, -0.8691090124253991, 0.41089213257906954, 0.3915454233707135, 0.9962353821276717, -0.9423077193282685, -0.5946381030972048, 0.6755671507085619, -0.6761898784654081, -0.236271231147684, -1.0, -0.6347952571925191, -0.5978094091806965, -0.430057594893664, 0.6419801738473374, 0.5041061451495708, 0.35499196517163645, -0.0855135060031551, 0.355052367704222, -0.539684463548969, 0.3080054559556855, -0.15603901984040935, -0.8405100278485143, -0.5651986579078594, -0.05359981888478417, -0.9260904415065494, 0.9943086217078799, 0.4758993312392106, -0.8127115236741119, 0.9630164883889356, 0.7263456369984649, -0.8220025262623964, -0.640211122140556, -0.5992162571430206, 0.9851030032663568, 0.7361108482042074, -0.918591039451484, -0.753393945976271, 0.7306524547409894, 0.8300536788189302, 0.0972457189881677, -0.049129864658788575, 0.06940210536857647, 0.5171211937443501, 0.8213433910068124, -0.7079509963280015, -0.8408477791371088, -0.26457770381593004, 0.443432449225112, 0.035627494804866044, -0.8296555639524763, 0.05357606552251249, -0.4319816246027657, -0.20379325827822492, -0.897292505662038, 0.1444410911007197, -1.0, -1.0, -0.04982328587201679, -0.7513175265236633, 0.34525791415717055, 0.18840961718482485, 0.0034449614726083655, 0.1605588294153515, 0.2188664105129916, -0.5787837640402294, -0.6306617773285135, -0.048961753030486665, -0.69643170147655, 0.8839126402696869, -0.6047687625686788, -0.1742359283753374, -0.7048233918991766, 0.8703887512526806, 0.6833736987349015, 0.36280631565293203, 0.6262864727496471, -0.4425030121702762, 0.37533213509056795, 0.552816021298645, -0.07738268937489859, 0.04282387411562705, -0.4248672913439635, -0.13901145489011824, -1.0, 0.08132353997229816, 0.02968937553413742, -0.4395555927757516, 0.5410946415472466, -0.3681516603494795, 0.1339787893915989, 0.6264534939719997, -0.29878539186245145, -0.717652113862335, -0.5796109640610594, -0.4145940868403005, -0.29539382693915606]
1019.9989624023438	(8, 12, 2)	[0.7902057916605154, -0.09451475241007423, 0.7281177911134964, -0.426991667637898, 0.4326374693227131, -0.5088776868055338, 0.8479007502122236, -0.32944686755942415, -0.34933683674578075, 0.3941152377472783, 0.3435885146619593, 0.35880189551082653, -0.31266518527281817, -0.39056925578622037, -0.8158378694524927, -0.8106135178575589, 0.4365502831157122, -0.021721666298465392, 0.6341783629899551, -0.39308377591158306, -0.7053543446036494, -0.6227766190376033, 0.15404960178008142, 0.30785794583910503, -0.8691090124253991, 0.41089213257906954, 0.3915454233707135, 0.9962353821276717, -0.9423077193282685, -0.5946381030972048, 0.6755671507085619, -0.6761898784654081, 0.18255356914735543, -0.9835919097607921, -0.9501095708274725, -0.5375774460852604, -0.430057594893664, 0.6419801738473374, 0.4230794712159218, 0.35499196517163645, -0.0855135060031551, 0.355052367704222, -0.5248574064987195, 0.299110324079642, 0.8924095501813245, -0.8405100278485143, -0.5651986579078594, 0.05817496861484347, -0.9260904415065494, 0.9855540727678547, 0.13175781082255233, -0.9400002199951619, 0.9832861291448222, 0.7263456369984649, -0.9208380018449078, -0.640211122140556, -0.5992162571430206, 0.9851030032663568, 0.7361108482042074, -0.7755426876295384, 0.10390447378095358, 0.3559579255655443, 0.6940492128653767, 0.0972457189881677, -0.049129864658788575, 0.06940210536857647, 0.5171211937443501, 0.8213433910068124, -0.7079509963280015, -0.8408477791371088, -0.27767731001832513, 0.443432449225112, 0.035627494804866044, -0.9754762896249616, 0.053663628985100305, -0.4319816246027657, -0.20379325827822492, -1.0, 0.1444410911007197, -1.0, 0.42719688992155236, -0.24388906139012456, -0.6099878477088417, 0.34525791415717055, 0.1847271531190222, 0.7132654914650326, 0.1605588294153515, -0.6485942769961974, -0.5787837640402294, -0.6306617773285135, -0.048961753030486665, -0.69643170147655, 0.8839126402696869, -0.2613369165471593, -0.16377702967853117, -0.5487040803964232, 0.4814227119024663, 0.6833736987349015, 0.36280631565293203, 0.6602628843464025, -0.4425030121702762, 0.37533213509056795, 0.552816021298645, -0.07738268937489859, 0.04282387411562705, -0.4248672913439635, -0.13901145489011824, -0.8756429648212136, 0.07477883863986645, 0.02968937553413742, -0.4395555927757516, 0.6476066433824204, -0.24785882628297945, 0.1339787893915989, 0.5402231722738517, 0.30531410434480005, -0.717652113862335, -0.5796109640610594, -0.3217780638931884, 0.6451141746262609]
1019.9978637695312	(8, 12, 2)	[0.7902057916605154, -0.09451475241007423, 0.7905331454866286, -0.426991667637898, 0.5826542777963655, -0.5088776868055338, 0.6129714465986278, -0.029684866967778056, -0.2841458207841616, 0.3941152377472783, 0.3435885146619593, 0.6286388376923444, -0.31266518527281817, -0.8878988981429676, -0.8158378694524927, -0.7696469495272666, 0.4365502831157122, -0.021721666298465392, 0.5277962303553905, -0.39308377591158306, -0.7053543446036494, -0.7484920681915969, 0.15404960178008142, 0.30785794583910503, -0.8533387882088839, 0.41089213257906954, 0.1993134148817941, 1.0, -0.9423077193282685, -0.5946381030972048, 0.8380721214714449, -0.6761898784654081, 0.18255356914735543, -0.7325327070451346, -0.6347952571925191, -0.5978094091806965, -0.430057594893664, 0.6419801738473374, 0.3937451411185071, 0.35499196517163645, -0.1426952617823224, 0.355052367704222, -0.5248574064987195, 0.3080054559556855, 0.8924095501813245, -0.8405100278485143, -0.5651986579078594, 0.05817496861484347, -0.9260904415065494, 0.8441422725490109, 0.13175781082255233, -0.47957538972709846, 0.9630164883889356, 0.7263456369984649, -0.6752561849126458, -0.640211122140556, -0.5992162571430206, 0.8765188643335919, 0.7361108482042074, -0.7755426876295384, -0.6737699370258704, 0.3559579255655443, 0.8320946947940671, 0.0972457189881677, -0.049129864658788575, 0.04559893680533941, 0.5171211937443501, 0.8213433910068124, -0.7079509963280015, -0.8408477791371088, -0.27767731001832513, 0.443432449225112, -0.027203056098962286, -0.8606727844292824, -0.016858175055333276, -0.4319816246027657, -0.5259831546794185, -1.0, 0.1444410911007197, -0.9428720431719271, 0.5925768129997935, -0.18224371635400605, -0.6787680822964464, 0.34525791415717055, 0.18840961718482485, 0.6127400240399569, 0.1605588294153515, -0.6485942769961974, -0.5787837640402294, -0.6306617773285135, -0.048961753030486665, -0.69643170147655, 0.7870273805719463, -0.1606279815349282, -0.16377702967853117, -0.5638827786402976, 0.4814227119024663, -0.8717804094150057, 0.36280631565293203, 0.6602628843464025, -0.946947526110636, 0.37533213509056795, 0.552816021298645, -0.07738268937489859, -0.10611995670579377, -0.4248672913439635, -0.1574513996537265, -0.9464037772770526, 0.08132353997229816, 0.02968937553413742, -0.37719117650503614, 0.5410946415472466, -0.24785882628297945, 0.1339787893915989, 0.703735451313447, 0.30531410434480005, -0.717652113862335, -0.5796109640610594, -0.4145940868403005, 0.6451141746262609]
1019.9999389648438	(8, 12, 2)	[0.7902057916605154, -0.28396263052592174, 0.7281177911134964, -0.28464272139385627, 0.6193540578633494, -0.2742141503901684, 0.6129714465986278, -0.32944686755942415, -0.2841458207841616, 0.3941152377472783, 0.3435885146619593, 0.7279730638302273, -0.31266518527281817, -0.39056925578622037, -0.8158378694524927, -0.7696469495272666, 0.4365502831157122, -0.021721666298465392, 0.6341783629899551, -0.39308377591158306, -0.7053543446036494, -0.7077958345597266, 0.15404960178008142, 0.30785794583910503, -0.8691090124253991, 0.37140732200743926, 0.1993134148817941, 0.9962353821276717, -0.9423077193282685, -0.5946381030972048, 0.6755671507085619, -0.6761898784654081, 0.18255356914735543, -0.9492405740947529, -1.0, -0.5978094091806965, -0.430057594893664, 0.6114794209395391, 0.3937451411185071, 0.35499196517163645, -0.6563389516680637, 0.6665404884585993, -0.5072965814669227, 0.3080054559556855, 0.8924095501813245, -0.7009719899796665, -0.5651986579078594, 0.05817496861484347, -0.9260904415065494, 0.8441422725490109, 0.4758993312392106, -0.8292265311132878, 0.9798503583669589, 0.7263456369984649, -0.9208380018449078, -0.699853946275916, 0.47575507893205016, 0.9851030032663568, 0.7361108482042074, -0.918591039451484, -0.6737699370258704, 0.3559579255655443, 0.8282059126365943, -0.08005799556737003, -0.049129864658788575, 0.04559893680533941, 0.5171211937443501, 0.8213433910068124, -0.7079509963280015, -0.8408477791371088, -0.27767731001832513, 0.443432449225112, 0.035627494804866044, -0.8296555639524763, -0.016858175055333276, -0.4319816246027657, -0.5259831546794185, -1.0, 0.15113842972707126, -0.9994521681064447, 0.451585961251432, -0.24388906139012456, -0.6099878477088417, 0.34525791415717055, 0.18014091917915168, 0.6127400240399569, 0.1605588294153515, -0.6485942769961974, -0.5787837640402294, -0.6306617773285135, -0.048961753030486665, -0.69643170147655, 0.8839126402696869, -0.2613369165471593, -0.16377702967853117, -0.5487040803964232, 0.8703887512526806, -0.8717804094150057, 0.36280631565293203, 0.6654001858708262, -1.0, 0.37533213509056795, 0.552816021298645, -0.0588626420507994, 0.04282387411562705, -0.4248672913439635, -0.13901145489011824, -0.9464037772770526, -0.5636806770021094, 0.02968937553413742, -0.2865819207970779, 0.5410946415472466, -0.24785882628297945, 0.1339787893915989, 0.5827071623788911, 0.30531410434480005, 0.8602947129602128, -0.5796109640610594, -0.4145940868403005, 0.6889636371597649]
1019.997314453125	(8, 12, 2)	[0.617588884747686, -0.09451475241007423, 0.7281177911134964, -0.426991667637898, 0.6193540578633494, -0.5119587534403827, 0.8479007502122236, -0.32944686755942415, -0.34933683674578075, 0.3941152377472783, 0.34698106858128536, 0.35880189551082653, -0.31266518527281817, -0.8878988981429676, -0.8158378694524927, -0.8106135178575589, 0.4333843718838845, -0.021721666298465392, 0.6341783629899551, -0.39308377591158306, -0.36860794186628965, -0.7484920681915969, 0.15404960178008142, 0.30785794583910503, -0.8691090124253991, 0.41089213257906954, 0.3915454233707135, 0.9962353821276717, -0.9423077193282685, -0.5946381030972048, 0.6755671507085619, -0.6761898784654081, -0.236271231147684, -0.9835919097607921, -0.9501095708274725, -0.5978094091806965, -0.430057594893664, 0.6419801738473374, 0.5041061451495708, 0.35499196517163645, -0.0855135060031551, 0.355052367704222, -0.5248574064987195, 0.3080054559556855, -0.15603901984040935, -0.8405100278485143, -0.5651986579078594, 0.05817496861484347, -0.9260904415065494, 0.9855540727678547, 0.13175781082255233, -0.5722663531549566, 0.9798503583669589, 0.7263456369984649, -0.9208380018449078, -0.699853946275916, -0.5992162571430206, 0.9851030032663568, 0.7361108482042074, -0.918591039451484, -0.6737699370258704, 0.3559579255655443, 0.8300536788189302, -0.08005799556737003, -0.049129864658788575, 0.04559893680533941, 0.5171211937443501, 0.8877722166267659, -0.7048203888182027, -0.5960025695549966, -0.27767731001832513, 0.3803958796393775, 0.035627494804866044, -0.8296555639524763, 0.053663628985100305, -0.4319816246027657, -0.4661052878098701, -1.0, 0.15113842972707126, -1.0, 0.451585961251432, -0.18224371635400605, -0.7513175265236633, 0.34525791415717055, 0.18840961718482485, 0.6803713862961689, 0.1605588294153515, 0.2188664105129916, -0.5787837640402294, -0.6306617773285135, -0.048961753030486665, -0.69643170147655, 0.7870273805719463, -0.6047687625686788, -0.1742359283753374, -0.5487040803964232, 0.4814227119024663, -0.8717804094150057, 0.36280631565293203, 0.6602628843464025, -0.4425030121702762, 0.37533213509056795, 0.552816021298645, -0.8218460082034683, 0.04282387411562705, -0.4248672913439635, -0.8177210107318994, -0.9464037772770526, -0.5636806770021094, 0.02968937553413742, -0.4395555927757516, -0.5760975414568509, -0.24785882628297945, 0.1339787893915989, 0.5827071623788911, 0.34500797655385396, -0.717652113862335, -0.5796109640610594, -0.3217780638931884, -0.29539382693915606]
1019.99853515625	(8, 12, 2)	[0.617588884747686, -0.09451475241007423, 0.7281177911134964, -0.42043601723401247, 0.5826542777963655, -0.5119587534403827, 0.8479007502122236, -0.3070683219194967, -0.34933683674578075, 0.3941152377472783, 0.3435885146619593, 0.7279730638302273, -0.39879311618529356, -0.39056925578622037, -0.8158378694524927, -0.8106135178575589, 0.36288037844068977, -0.021721666298465392, 0.5277962303553905, -0.39308377591158306, -0.7053543446036494, -0.7484920681915969, 0.15404960178008142, 0.16697651899911048, -0.8691090124253991, 0.41089213257906954, 0.1993134148817941, 0.9962353821276717, -0.9423077193282685, -0.5946381030972048, 0.6755671507085619, -0.6761898784654081, -0.236271231147684, -1.0, -0.6347952571925191, -0.5978094091806965, -0.430057594893664, 0.6419801738473374, 0.5041061451495708, 0.35499196517163645, -0.6563389516680637, 0.355052367704222, -0.539684463548969, 0.3080054559556855, 1.0, -0.8405100278485143, -0.5651986579078594, -0.05359981888478417, -0.9260904415065494, 0.9855540727678547, 0.13175781082255233, -0.9400002199951619, 0.9798503583669589, 0.7263456369984649, -0.9208380018449078, -0.640211122140556, -0.5992162571430206, 0.9851030032663568, 0.7361108482042074, -0.918591039451484, -0.6737699370258704, 0.5616328948451508, 0.8320946947940671, 0.0972457189881677, -0.049129864658788575, 0.04559893680533941, 0.5171211937443501, 0.8213433910068124, -0.7079509963280015, -0.8264176018895226, -0.27767731001832513, 0.3803958796393775, 0.035627494804866044, -0.8296555639524763, 0.026468477329686685, -0.4319816246027657, -0.5259831546794185, -1.0, 0.1444410911007197, -0.9428720431719271, 0.42719688992155236, -0.18224371635400605, -0.7513175265236633, 0.34525791415717055, 0.18014091917915168, 0.1371724663593219, 0.1605588294153515, 0.2188664105129916, -0.5787837640402294, -0.6306617773285135, -0.048961753030486665, -0.69643170147655, 0.7870273805719463, -0.6047687625686788, -0.16377702967853117, -0.5487040803964232, 0.4814227119024663, 0.6434347222451331, 0.36280631565293203, 0.6602628843464025, -0.946947526110636, 0.37533213509056795, 0.552816021298645, -0.8218460082034683, 0.04282387411562705, -0.4248672913439635, -0.13901145489011824, -0.9464037772770526, 0.07477883863986645, 0.004366195266406407, -0.37719117650503614, 0.5410946415472466, -0.24785882628297945, 0.1339787893915989, 0.5827071623788911, -0.3471614707574241, -0.717652113862335, -0.5796109640610594, -0.3833153298530119, 0.6889636371597649]
1019.9972534179688	(8, 12, 2)	[0.617588884747686, -0.09451475241007423, 0.7905331454866286, -0.426991667637898, 0.4326374693227131, -0.5119587534403827, 0.8479007502122236, -0.31489085136632183, -0.2841458207841616, 0.3941152377472783, 0.3435885146619593, 0.6286388376923444, -0.31266518527281817, -0.1956119391643366, -0.8158378694524927, -0.7696469495272666, 0.4365502831157122, 0.03334805429327409, 0.6341783629899551, -0.39308377591158306, -0.7053543446036494, -0.7484920681915969, 0.15404960178008142, 0.30785794583910503, -0.8533387882088839, 0.41089213257906954, 0.1993134148817941, 0.9962353821276717, -0.9423077193282685, -0.5946381030972048, 0.6755671507085619, -0.6761898784654081, 0.18255356914735543, -0.9492405740947529, -0.6347952571925191, -0.5978094091806965, -0.430057594893664, 0.6419801738473374, 0.4230794712159218, 0.35499196517163645, -0.6563389516680637, 0.355052367704222, -0.539684463548969, 0.3080054559556855, 0.8924095501813245, -0.8405100278485143, -0.5651986579078594, 0.05817496861484347, -0.9260904415065494, 0.8441422725490109, 0.4758993312392106, -0.9400002199951619, 0.9630164883889356, 0.7263456369984649, -0.9208380018449078, -0.699853946275916, 0.47575507893205016, 0.8742413519343644, 0.7361108482042074, -0.7755426876295384, -0.753393945976271, 0.3559579255655443, 0.8282059126365943, -0.08005799556737003, -0.049129864658788575, 0.04559893680533941, 0.5171211937443501, 0.8213433910068124, -0.8196992941501144, -0.8408477791371088, -0.27767731001832513, 0.443432449225112, 0.035627494804866044, -0.8606727844292824, 0.07341805274573812, -0.4319816246027657, -0.5259831546794185, -0.897292505662038, 0.1444410911007197, -1.0, 0.5925768129997935, -0.18224371635400605, -0.6787680822964464, 0.29463077482881594, 0.18014091917915168, 0.6803713862961689, 0.1605588294153515, 0.21754791402653492, -0.5787837640402294, -0.6306617773285135, -0.048961753030486665, -0.69643170147655, 0.8839126402696869, -0.6047687625686788, -0.1742359283753374, -0.7048233918991766, 0.4814227119024663, 0.6434347222451331, 0.36280631565293203, 0.6654001858708262, -0.946947526110636, 0.37533213509056795, 0.552816021298645, -0.0588626420507994, 0.04282387411562705, -0.4248672913439635, -0.9731097487874911, -0.9464037772770526, 0.07477883863986645, 0.08150206740475942, -0.4395555927757516, 0.5410946415472466, -0.3681516603494795, 0.1339787893915989, 0.5402231722738517, -0.4630552222302411, -0.717652113862335, -0.5796109640610594, -0.20244919925672045, -0.29539382693915606]
1019.9981079101562	(8, 12, 2)	[0.617588884747686, -0.09451475241007423, 0.7905331454866286, -0.36548387554316847, 0.5826542777963655, -0.5119587534403827, 0.723242759327324, -0.31489085136632183, -0.2841458207841616, 0.8632674533425311, 0.1417428611977271, 0.41401724777496174, -0.31266518527281817, -0.39056925578622037, -0.8158378694524927, -0.7696469495272666, 0.4333843718838845, -0.021721666298465392, 0.6341783629899551, -0.39308377591158306, -0.36860794186628965, -0.7484920681915969, 0.15404960178008142, 0.30785794583910503, -0.8691090124253991, 0.41089213257906954, 0.10463594116724209, 1.0, -0.7931100126586038, -0.5946381030972048, 0.6755671507085619, -0.6761898784654081, 0.18255356914735543, -1.0, -0.6347952571925191, -0.5978094091806965, -0.430057594893664, 0.6419801738473374, 0.4230794712159218, 0.35499196517163645, -0.0855135060031551, 0.355052367704222, -0.5248574064987195, 0.3080054559556855, 0.8924095501813245, -0.8405100278485143, -0.5651986579078594, 0.05817496861484347, -0.9260904415065494, 0.9943086217078799, 0.13175781082255233, -0.8292265311132878, 0.9798503583669589, 0.7263456369984649, -0.9208380018449078, -0.640211122140556, -0.5992162571430206, 0.8742413519343644, 0.6915746910294143, -0.6915309304215138, -0.6152712984850089, 0.1457574336422751, 0.8320946947940671, 0.0972457189881677, -0.049129864658788575, 0.04559893680533941, 0.5171211937443501, 0.8877722166267659, -0.7079509963280015, -0.5960025695549966, -0.27767731001832513, 0.3803958796393775, 0.035627494804866044, -0.8296555639524763, 0.2370707382268195, -0.4319816246027657, -0.4661052878098701, -0.9803050358794685, 0.1444410911007197, -0.9994521681064447, -1.0, -0.04982328587201679, -0.6787680822964464, 0.34525791415717055, 0.2783873727064151, 0.0034449614726083655, 0.1605588294153515, -0.6485942769961974, -0.5787837640402294, -0.6306617773285135, -0.048961753030486665, -0.69643170147655, 0.7870273805719463, -0.6047687625686788, -0.1742359283753374, -0.7048233918991766, 0.4814227119024663, -0.8717804094150057, 0.36280631565293203, 0.5902800095240224, -0.946947526110636, 0.37533213509056795, 0.552816021298645, -0.07738268937489859, -0.10611995670579377, -0.4248672913439635, -0.9731097487874911, -0.9464037772770526, -0.5636806770021094, 0.02968937553413742, -0.37719117650503614, 0.5410946415472466, -0.24785882628297945, 0.1339787893915989, 0.5402231722738517, -0.29878539186245145, -0.717652113862335, -0.5796109640610594, -0.4145940868403005, 0.6451141746262609]
1019.9992065429688	(8, 12, 2)	[0.7902057916605154, -0.09451475241007423, 0.7905331454866286, -0.45942540313202684, 0.5826542777963655, -0.5119587534403827, 0.723242759327324, -0.31489085136632183, -0.34933683674578075, 0.8931413066656378, 0.34698106858128536, 0.35880189551082653, -0.31266518527281817, -0.39056925578622037, -0.8158378694524927, -0.7696469495272666, 0.4365502831157122, -0.021721666298465392, 0.5277962303553905, -0.39308377591158306, -0.7053543446036494, -0.7077958345597266, 0.15404960178008142, 0.30785794583910503, -0.8691090124253991, 0.41089213257906954, 0.1993134148817941, 0.9962353821276717, -0.7931100126586038, -0.5946381030972048, 0.6755671507085619, -0.819747507474665, 0.17860010860649378, -0.9835919097607921, -0.6347952571925191, -0.5978094091806965, -0.430057594893664, 0.6419801738473374, 0.3937451411185071, 0.35499196517163645, -0.0855135060031551, 0.6665404884585993, -0.5248574064987195, 0.3080054559556855, 0.8924095501813245, -0.8405100278485143, -0.5651986579078594, 0.05817496861484347, -0.9260904415065494, 0.8441422725490109, 0.4758993312392106, -0.8127115236741119, 0.9630164883889356, 0.7346108531542007, -0.9208380018449078, -0.699853946275916, -0.5992162571430206, 0.8742413519343644, 0.7361108482042074, -0.7755426876295384, -0.7117920777774704, 0.3559579255655443, 0.8320946947940671, -0.08005799556737003, -0.049129864658788575, 0.04559893680533941, 0.5171211937443501, 0.8213433910068124, -0.7079509963280015, -0.5960025695549966, -0.21620640505460598, 0.3396951759965738, 0.035627494804866044, -0.8296555639524763, 0.053663628985100305, -0.4319816246027657, -0.20379325827822492, -0.9803050358794685, 0.15113842972707126, -1.0, -1.0, -0.04982328587201679, -0.6787680822964464, 0.34525791415717055, 0.18840961718482485, 0.7132654914650326, 0.1605588294153515, 0.2188664105129916, -0.5787837640402294, -0.6306617773285135, -0.048961753030486665, -0.69643170147655, 0.8839126402696869, -0.6047687625686788, -0.16377702967853117, -0.5638827786402976, 0.4814227119024663, 0.6833736987349015, 0.36280631565293203, 0.6602628843464025, -0.946947526110636, 0.37533213509056795, 0.552816021298645, -0.07738268937489859, 0.04282387411562705, -0.4248672913439635, -0.8177210107318994, -0.9464037772770526, 0.08132353997229816, 0.02968937553413742, -0.4395555927757516, 0.6476066433824204, -0.24785882628297945, 0.1339787893915989, 0.5827071623788911, -0.29878539186245145, -0.717652113862335, -0.5796109640610594, -0.4145940868403005, 0.6451141746262609]
1019.99951171875	(8, 12, 2)	[0.7902057916605154, -0.09451475241007423, 0.7905331454866286, -0.426991667637898, 0.5826542777963655, -0.5119587534403827, 0.8479007502122236, -0.31489085136632183, -0.2841458207841616, 0.8632674533425311, 0.1417428611977271, 0.41401724777496174, -0.43229941760221346, -0.39056925578622037, -0.8158378694524927, -0.7696469495272666, 0.4365502831157122, -0.021721666298465392, 0.6341783629899551, -0.39308377591158306, -0.4338783542690789, -0.7484920681915969, 0.15404960178008142, 0.11653600941089665, -0.8691090124253991, 0.41089213257906954, 0.334814870289198, 0.9962353821276717, -0.9423077193282685, -0.5946381030972048, 0.6755671507085619, -0.6761898784654081, 0.18255356914735543, -1.0, -0.6347952571925191, -0.5978094091806965, -0.430057594893664, 0.6419801738473374, 0.3937451411185071, 0.35499196517163645, -0.0855135060031551, 0.192620741066174, -0.4644425251195439, 0.3080054559556855, 0.8924095501813245, -0.8405100278485143, -0.5651986579078594, 0.05817496861484347, -0.9260904415065494, 0.8441422725490109, 0.4758993312392106, -0.47957538972709846, 0.9798503583669589, 0.7263456369984649, -0.8220025262623964, -0.640211122140556, -0.5992162571430206, 0.9851030032663568, 0.7361108482042074, -0.7755426876295384, -0.6152712984850089, 0.3559579255655443, 0.8320946947940671, 0.0972457189881677, -0.049129864658788575, 0.06940210536857647, 0.5171211937443501, 0.8213433910068124, -0.7079509963280015, -0.8408477791371088, -0.26457770381593004, 0.3803958796393775, 0.035627494804866044, -0.8296555639524763, 0.053663628985100305, -0.4319816246027657, -0.20379325827822492, -0.9803050358794685, 0.1444410911007197, -0.9994521681064447, 0.451585961251432, -0.24388906139012456, -0.7513175265236633, 0.34525791415717055, 0.15144796591459084, 0.0034449614726083655, 0.1605588294153515, 0.2188664105129916, -0.5787837640402294, -0.6306617773285135, -0.048961753030486665, -0.69643170147655, 0.8839126402696869, -0.2613369165471593, -0.1742359283753374, -0.5638827786402976, 0.4814227119024663, 0.6434347222451331, 0.36280631565293203, 0.5902800095240224, -0.946947526110636, 0.37533213509056795, 0.552816021298645, -0.07738268937489859, 0.04282387411562705, -0.4248672913439635, -0.9731097487874911, -0.9464037772770526, -0.5636806770021094, 0.02968937553413742, -0.4395555927757516, 0.5410946415472466, -0.24785882628297945, 0.1339787893915989, 0.5402231722738517, 0.34500797655385396, -0.717652113862335, -0.5796109640610594, -0.4145940868403005, 0.6451141746262609]
1019.9998779296875	(8, 12, 2)	[0.617588884747686, -0.09451475241007423, 0.7905331454866286, -0.426991667637898, 0.4326374693227131, -0.2742141503901684, 0.8479007502122236, -0.3070683219194967, -0.2841458207841616, 0.3941152377472783, 0.3435885146619593, 0.6286388376923444, -0.31266518527281817, -0.39056925578622037, -0.8158378694524927, -0.7696469495272666, 0.6079669448828096, 0.03334805429327409, 0.6341783629899551, -0.39308377591158306, -0.7053543446036494, -0.7077958345597266, 0.15404960178008142, 0.30785794583910503, -0.8533387882088839, 0.41089213257906954, 0.319838297854512, 0.9962353821276717, -0.9423077193282685, -0.5946381030972048, 0.6755671507085619, -0.6761898784654081, 0.18255356914735543, -1.0, -0.6347952571925191, -0.5978094091806965, -0.430057594893664, 0.6419801738473374, 0.5041061451495708, 0.35499196517163645, -0.6563389516680637, 0.192620741066174, -0.40475762121242764, 0.3080054559556855, 0.8924095501813245, -0.8405100278485143, -0.5651986579078594, 0.05817496861484347, -0.9260904415065494, 0.8441422725490109, 0.4758993312392106, -0.8127115236741119, 0.9630164883889356, 0.7263456369984649, -0.9481870648591643, -0.640211122140556, -0.5992162571430206, 0.9851030032663568, 0.7361108482042074, -0.6586655054581673, -0.6737699370258704, 0.3559579255655443, 0.8320946947940671, -0.08005799556737003, -0.049129864658788575, 0.2922485663747665, 0.5171211937443501, 0.8213433910068124, -0.7079509963280015, -0.8408477791371088, -0.27767731001832513, 0.443432449225112, 0.035627494804866044, -0.8296555639524763, -0.016858175055333276, -0.5566375886717799, -0.5259831546794185, -0.9803050358794685, 0.15113842972707126, -1.0, 0.5925768129997935, -0.18224371635400605, -0.6787680822964464, 0.34525791415717055, 0.18840961718482485, 0.6803713862961689, 0.1605588294153515, 0.21754791402653492, -0.5787837640402294, -0.6306617773285135, -0.048961753030486665, -0.69643170147655, 0.8839126402696869, -0.2613369165471593, -0.1742359283753374, -0.5487040803964232, 0.4814227119024663, 0.6833736987349015, 0.36280631565293203, 0.6654001858708262, -0.4425030121702762, 0.37533213509056795, 0.552816021298645, -0.07738268937489859, 0.04282387411562705, -0.42678142259848145, -0.9731097487874911, -0.8756429648212136, 0.07477883863986645, 0.02968937553413742, -0.37719117650503614, -0.5283118682843657, -0.3681516603494795, 0.1339787893915989, 0.6264534939719997, -0.3471614707574241, -0.717652113862335, -0.5796109640610594, -0.4145940868403005, 0.6451141746262609]
1019.9995727539062	(8, 12, 2)	[0.7902057916605154, -0.09451475241007423, 0.7281177911134964, -0.426991667637898, 0.5826542777963655, -0.5119587534403827, 0.8479007502122236, -0.31489085136632183, -0.34933683674578075, 0.3277162007375999, 0.1417428611977271, 0.7279730638302273, -0.31266518527281817, -0.39056925578622037, -0.8379578653523327, -0.7556212533316344, 0.4365502831157122, -0.021721666298465392, 0.6341783629899551, -0.39308377591158306, -0.7053543446036494, -0.7077958345597266, 0.15404960178008142, 0.16697651899911048, -0.8691090124253991, 0.41089213257906954, 0.3915454233707135, 0.9962353821276717, -0.7931100126586038, -0.6280833346912337, 0.6755671507085619, -0.6761898784654081, 0.17860010860649378, -0.9492405740947529, -0.6347952571925191, -0.5978094091806965, -0.430057594893664, 0.6419801738473374, 0.3937451411185071, 0.35499196517163645, -0.0855135060031551, 0.355052367704222, -0.5248574064987195, 0.3080054559556855, 0.8924095501813245, -0.8405100278485143, -0.5651986579078594, -0.05359981888478417, -0.9260904415065494, 0.8441422725490109, 0.4758993312392106, -0.8292265311132878, 0.9630164883889356, 0.7263456369984649, -0.9208380018449078, -0.640211122140556, -0.5992162571430206, 0.9851030032663568, 0.7361108482042074, -0.918591039451484, -0.6737699370258704, 0.5616328948451508, 0.8282059126365943, -0.08005799556737003, -0.049129864658788575, 0.4339462656952986, 0.5171211937443501, 0.8213433910068124, -0.7048203888182027, -0.8408477791371088, -0.26457770381593004, 0.443432449225112, 0.035627494804866044, -0.8872025754807047, 0.053663628985100305, -0.4319816246027657, -0.20379325827822492, -0.897292505662038, 0.15113842972707126, -0.9994521681064447, -1.0, -0.18224371635400605, -0.7513175265236633, 0.34525791415717055, 0.24097669266409488, 0.6803713862961689, 0.1605588294153515, -0.6485942769961974, -0.5787837640402294, -0.6306617773285135, -0.048961753030486665, -0.69643170147655, 0.7870273805719463, -0.2613369165471593, -0.10655654551697188, -0.5638827786402976, 0.8703887512526806, 0.6833736987349015, 0.36280631565293203, 0.6602628843464025, -0.946947526110636, 0.37533213509056795, 0.552816021298645, -0.07738268937489859, 0.04282387411562705, -0.4248672913439635, -0.13901145489011824, -0.8756429648212136, 0.08132353997229816, 0.02968937553413742, -0.3539456502912176, 0.5410946415472466, -0.24785882628297945, 0.1339787893915989, 0.5402231722738517, -0.4630552222302411, -0.717652113862335, -0.5796109640610594, -0.4145940868403005, 0.6451141746262609]
1019.99853515625	(8, 12, 2)	[0.617588884747686, -0.09451475241007423, 0.7905331454866286, -0.426991667637898, 0.5826542777963655, -0.5119587534403827, 0.8479007502122236, -0.32944686755942415, -0.34933683674578075, 0.8931413066656378, 0.1417428611977271, 0.35880189551082653, -0.31266518527281817, -0.39056925578622037, -0.8158378694524927, -0.7696469495272666, 0.734223170146108, -0.021721666298465392, 0.6341783629899551, -0.39308377591158306, -0.7053543446036494, -0.7484920681915969, 0.15404960178008142, 0.30785794583910503, -0.8691090124253991, 0.27939569594746383, 0.3915454233707135, 0.9962353821276717, -0.9423077193282685, -0.5946381030972048, 0.6755671507085619, -0.6761898784654081, 0.18255356914735543, -0.9835919097607921, -1.0, -0.7314268047084512, -0.430057594893664, 0.6114794209395391, 0.4230794712159218, 0.35499196517163645, -0.6563389516680637, 0.355052367704222, -0.5248574064987195, 0.3080054559556855, 0.8924095501813245, -0.8405100278485143, -0.5651986579078594, 0.05817496861484347, -0.9260904415065494, 0.8441422725490109, 0.4758993312392106, -0.5934268453823587, 0.9798503583669589, 0.7263456369984649, -0.9208380018449078, -0.699853946275916, -0.5992162571430206, 0.9851030032663568, 0.7361108482042074, -0.918591039451484, -0.753393945976271, 0.3559579255655443, 0.8320946947940671, 0.0972457189881677, -0.049129864658788575, 0.04559893680533941, 0.38637212497786977, 0.8213433910068124, -0.7079509963280015, -0.8408477791371088, -0.27767731001832513, 0.443432449225112, 0.035627494804866044, -0.8296555639524763, 0.07175478374997385, -0.4319816246027657, -0.5259831546794185, -0.8374639785983566, 0.1444410911007197, -1.0, -1.0, -0.18224371635400605, -0.7513175265236633, 0.16131667286865797, 0.18840961718482485, 0.7132654914650326, 0.1605588294153515, 0.2188664105129916, -0.5787837640402294, -0.6306617773285135, -0.048961753030486665, -0.69643170147655, 0.8839126402696869, -0.6047687625686788, -0.16377702967853117, -0.7048233918991766, 0.4814227119024663, 0.6833736987349015, 0.31078285669054356, 0.6654001858708262, -0.9756125680112572, 0.37533213509056795, 0.552816021298645, -0.0588626420507994, -0.043594772505276436, -0.4248672913439635, -0.9731097487874911, -0.9464037772770526, 0.08132353997229816, 0.08150206740475942, -0.37719117650503614, 0.6861461060435975, -0.3681516603494795, 0.1339787893915989, 0.5827071623788911, 0.4188954399608187, -0.717652113862335, -0.5796109640610594, -0.4145940868403005, -0.29539382693915606]
1019.9998168945312	(8, 12, 2)	[0.7902057916605154, -0.09451475241007423, 0.7905331454866286, -0.426991667637898, 0.4326374693227131, -0.5119587534403827, 0.8171302071017827, -0.31489085136632183, -0.34933683674578075, 0.43155037176204053, 0.1417428611977271, 0.35880189551082653, -0.31266518527281817, -0.39056925578622037, -0.8158378694524927, -0.7606575360904014, 0.4365502831157122, 0.03334805429327409, 0.6341783629899551, -0.39308377591158306, -0.7053543446036494, -0.8423204826498691, 0.15404960178008142, 0.11653600941089665, -0.8691090124253991, 0.41089213257906954, 0.319838297854512, 0.9962353821276717, -0.7931100126586038, -0.5946381030972048, 0.6755671507085619, -0.819747507474665, 0.18255356914735543, -0.9835919097607921, -0.6347952571925191, -0.5978094091806965, -0.430057594893664, 0.6419801738473374, 0.5041061451495708, 0.35499196517163645, -0.6563389516680637, 0.355052367704222, -0.5248574064987195, 0.3080054559556855, 0.8924095501813245, -0.8405100278485143, -0.5651986579078594, 0.12450826601151072, -1.0, 0.8441422725490109, 0.4758993312392106, -0.9400002199951619, 0.9798503583669589, 0.7263456369984649, -0.9208380018449078, -0.640211122140556, -0.5992162571430206, 0.9851030032663568, 0.7361108482042074, -0.7755426876295384, -0.753393945976271, 0.3559579255655443, 0.8300536788189302, 0.0972457189881677, -0.049129864658788575, 0.2922485663747665, 0.5171211937443501, 0.8213433910068124, -0.7079509963280015, -0.5960025695549966, -0.27767731001832513, 0.443432449225112, 0.035627494804866044, -0.8296555639524763, 0.053663628985100305, -0.4319816246027657, -0.5259831546794185, -0.9803050358794685, 0.1444410911007197, -1.0, -1.0, -0.18224371635400605, -0.7513175265236633, 0.12024549515529151, 0.18840961718482485, 0.619877796656864, 0.1605588294153515, -0.6485942769961974, -0.5787837640402294, -0.6306617773285135, -0.048961753030486665, -0.69643170147655, 0.8839126402696869, -0.6047687625686788, -0.1742359283753374, -0.5487040803964232, 0.4814227119024663, -0.8717804094150057, 0.36280631565293203, 0.6602628843464025, -0.946947526110636, 0.37533213509056795, 0.552816021298645, -0.8218460082034683, 0.06083385119806888, -0.4248672913439635, -0.8177210107318994, -0.8756429648212136, -0.5636806770021094, 0.08150206740475942, -0.3539456502912176, -0.5283118682843657, -0.24785882628297945, 0.1339787893915989, 0.6264534939719997, 0.2692809224599042, -0.717652113862335, -0.5796109640610594, -0.4145940868403005, 0.6451141746262609]
1019.9996948242188	(8, 12, 2)	[0.617588884747686, -0.09451475241007423, 0.7281177911134964, -0.426991667637898, 0.5826542777963655, -0.5119587534403827, 0.723242759327324, -0.31489085136632183, -0.2841458207841616, 0.3941152377472783, 0.34698106858128536, 0.7279730638302273, -0.31266518527281817, -0.8878988981429676, -0.8379578653523327, -0.8302087991215611, 0.5602964550738727, 0.03334805429327409, 0.6341783629899551, -0.39308377591158306, -0.7053543446036494, -0.5875477278218345, 0.15404960178008142, 0.30785794583910503, -0.8691090124253991, 0.41089213257906954, 0.1993134148817941, 0.9962353821276717, -0.9423077193282685, -0.5946381030972048, 0.6755671507085619, -0.6761898784654081, 0.18255356914735543, -0.9835919097607921, -0.6347952571925191, -0.5978094091806965, -0.430057594893664, 0.6114794209395391, 0.3937451411185071, 0.35499196517163645, -0.6563389516680637, 0.355052367704222, -0.5248574064987195, 0.3080054559556855, 0.8924095501813245, -0.8405100278485143, -0.5651986579078594, -0.05359981888478417, -0.9260904415065494, 0.8441422725490109, 0.13175781082255233, -0.8127115236741119, 0.9798503583669589, 0.7263456369984649, -0.8220025262623964, -0.640211122140556, -0.5992162571430206, 0.8742413519343644, 0.7361108482042074, -0.7755426876295384, -0.7117920777774704, 0.3559579255655443, 0.8320946947940671, 0.0972457189881677, 0.04405644436375676, 0.04559893680533941, 0.5171211937443501, 0.8213433910068124, -0.7079509963280015, -0.8408477791371088, -0.3325006807206471, 0.443432449225112, -0.052605067429632224, -0.8296555639524763, 0.053663628985100305, -0.4319816246027657, -0.20379325827822492, -0.9803050358794685, 0.1444410911007197, -1.0, 0.451585961251432, -0.18224371635400605, -0.7513175265236633, 0.34525791415717055, 0.18014091917915168, 0.6803713862961689, 0.1605588294153515, 0.2188664105129916, -0.5787837640402294, -0.6306617773285135, -0.048961753030486665, -0.69643170147655, 0.7870273805719463, -0.6047687625686788, -0.16377702967853117, -0.5487040803964232, 0.8703887512526806, -0.8717804094150057, 0.36280631565293203, 0.5902800095240224, -0.9756125680112572, 0.37533213509056795, 0.552816021298645, -0.8218460082034683, 0.07120489138139768, -0.4248672913439635, -0.8177210107318994, -0.8756429648212136, -0.5636806770021094, 0.02968937553413742, -0.3539456502912176, 0.6476066433824204, -0.24785882628297945, 0.1339787893915989, 0.5827071623788911, -0.29878539186245145, -0.717652113862335, -0.5796109640610594, -0.4145940868403005, -0.29539382693915606]
1019.9995727539062	(8, 12, 2)	[0.617588884747686, -0.09451475241007423, 0.7905331454866286, -0.45942540313202684, 0.4326374693227131, -0.5119587534403827, 0.8479007502122236, -0.32944686755942415, -0.34933683674578075, 0.8931413066656378, 0.3435885146619593, 0.41401724777496174, -0.31266518527281817, -0.39056925578622037, -0.8158378694524927, -0.8106135178575589, 0.4365502831157122, 0.03334805429327409, 0.6341783629899551, -0.39308377591158306, -0.7053543446036494, -0.7484920681915969, 0.15404960178008142, 0.30785794583910503, -0.8691090124253991, 0.41089213257906954, 0.3915454233707135, 0.9962353821276717, -0.7931100126586038, -0.5946381030972048, 0.6755671507085619, -0.819747507474665, 0.18255356914735543, -0.9835919097607921, -0.6347952571925191, -0.5978094091806965, -0.430057594893664, 0.6419801738473374, 0.5041061451495708, 0.35499196517163645, -0.6563389516680637, 0.192620741066174, -0.5248574064987195, 0.3080054559556855, 0.8924095501813245, -0.8405100278485143, -0.5651986579078594, -0.05359981888478417, -0.9260904415065494, 0.8441422725490109, 0.13175781082255233, -0.9400002199951619, 0.9630164883889356, 0.7263456369984649, -0.8220025262623964, -0.699853946275916, -0.5992162571430206, 0.9851030032663568, 0.7361108482042074, -0.918591039451484, -0.6737699370258704, 0.5616328948451508, 0.8300536788189302, 0.0972457189881677, -0.049129864658788575, 0.04009376014967607, 0.5171211937443501, 0.8213433910068124, -0.5659126174521801, -0.8408477791371088, -0.27767731001832513, 0.443432449225112, 0.035627494804866044, -0.8296555639524763, -0.016858175055333276, -0.4319816246027657, -0.20379325827822492, -0.897292505662038, 0.1444410911007197, -1.0, -1.0, -0.18224371635400605, -0.7513175265236633, 0.34525791415717055, 0.18840961718482485, 0.6803713862961689, 0.1605588294153515, -0.6485942769961974, -0.5787837640402294, -0.6306617773285135, -0.048961753030486665, -0.69643170147655, 0.8839126402696869, -0.33086270541163904, -0.1742359283753374, -0.5487040803964232, 0.4814227119024663, 0.6833736987349015, 0.36280631565293203, 0.6654001858708262, -0.4425030121702762, 0.37533213509056795, -0.4340133756661883, -0.15839748138828616, 0.04282387411562705, -0.4248672913439635, -0.9731097487874911, -0.8915651619089789, -0.6551794147219963, 0.004366195266406407, -0.37719117650503614, 0.6476066433824204, -0.24785882628297945, 0.1339787893915989, 0.5827071623788911, -0.29878539186245145, -0.717652113862335, -0.5796109640610594, -0.44052738773719247, 0.6451141746262609]
1019.9979858398438	(8, 12, 2)	[0.7902057916605154, -0.09451475241007423, 0.7281177911134964, -0.426991667637898, 0.5826542777963655, -0.5119587534403827, 0.8479007502122236, -0.4008709393381474, -0.34933683674578075, 0.3941152377472783, 0.3435885146619593, 0.41401724777496174, -0.31266518527281817, -0.39056925578622037, -0.8642563672581813, -0.7696469495272666, 0.6079669448828096, 0.03334805429327409, 0.6341783629899551, -0.39308377591158306, -0.7053543446036494, -0.7077958345597266, 0.14458198250432996, 0.30785794583910503, -0.8691090124253991, 0.41089213257906954, 0.3915454233707135, 0.9962353821276717, -0.7931100126586038, -0.6280833346912337, 0.6755671507085619, -0.819747507474665, -0.236271231147684, -0.9835919097607921, -0.6695103914310625, -0.5978094091806965, -0.430057594893664, 0.6114794209395391, 0.3937451411185071, 0.35499196517163645, -0.6563389516680637, 0.355052367704222, -0.5248574064987195, 0.3080054559556855, 0.8924095501813245, -0.8405100278485143, -0.5651986579078594, -0.05359981888478417, -0.9260904415065494, 0.9635562561968072, 0.5504465023606202, -0.8277664651505338, 0.9630164883889356, 0.7263456369984649, -0.9481870648591643, -0.640211122140556, -0.5992162571430206, 1.0, 0.7361108482042074, -0.7755426876295384, -0.753393945976271, 0.3559579255655443, 0.8320946947940671, -0.08005799556737003, -0.049129864658788575, 0.06940210536857647, 0.5171211937443501, 0.7937401503636918, -0.7079509963280015, -0.8408477791371088, -0.3685038164602199, 0.443432449225112, 0.035627494804866044, -0.8872025754807047, 0.12441353176845157, -0.5566375886717799, -0.5259831546794185, -0.897292505662038, 0.1444410911007197, -0.9994521681064447, -1.0, -0.18224371635400605, -0.6787680822964464, 0.16131667286865797, 0.08202333756280407, 0.6803713862961689, 0.1605588294153515, -0.7017647694856483, -0.5787837640402294, -0.6306617773285135, -0.048961753030486665, -0.69643170147655, 0.8839126402696869, -0.2613369165471593, -0.1482958379638274, -0.5638827786402976, 0.4814227119024663, 0.6833736987349015, 0.36280631565293203, 0.5902800095240224, -0.946947526110636, 0.37533213509056795, 0.552816021298645, -0.9575684536126472, 0.04282387411562705, -0.4248672913439635, -0.13901145489011824, -0.9464037772770526, 0.08132353997229816, 0.02968937553413742, -0.2523698463374956, -0.5581070695867363, -0.24785882628297945, 0.1339787893915989, 0.6264534939719997, 0.30531410434480005, -0.717652113862335, -0.19950083675466024, -0.4145940868403005, 0.6451141746262609]
1019.9998779296875	(8, 12, 2)	[0.7902057916605154, -0.09451475241007423, 0.7905331454866286, -0.426991667637898, 0.5347910476141114, -0.506074964627565, 0.8479007502122236, -0.31489085136632183, -0.25992212613333454, 0.3941152377472783, 0.1417428611977271, 0.41401724777496174, -0.31266518527281817, -0.39056925578622037, -0.8158378694524927, -0.7606575360904014, 0.6079669448828096, -0.021721666298465392, 0.5277962303553905, -0.39308377591158306, -0.7053543446036494, -0.7077958345597266, 0.15404960178008142, 0.30785794583910503, -0.8691090124253991, 0.41089213257906954, 0.3915454233707135, 0.9962353821276717, -0.7931100126586038, -0.6280833346912337, 0.6755671507085619, -0.6761898784654081, -0.236271231147684, -0.9835919097607921, -0.6347952571925191, -0.6357946300370036, -0.430057594893664, 0.6419801738473374, 0.3937451411185071, 0.47345322685096447, -0.6563389516680637, 0.20462746323485612, -0.5072965814669227, 0.3080054559556855, 0.8924095501813245, -0.8405100278485143, -0.5651986579078594, -0.05359981888478417, -1.0, 0.8441422725490109, 0.13175781082255233, -0.5934268453823587, 0.9630164883889356, 0.7263456369984649, -0.9481870648591643, -0.640211122140556, -0.5992162571430206, 0.9851030032663568, 0.7361108482042074, -0.918591039451484, -0.6737699370258704, 0.3559579255655443, 0.8300536788189302, 0.0972457189881677, -0.049129864658788575, 0.04559893680533941, 0.5171211937443501, 0.8213433910068124, -0.9912972092394062, -0.8408477791371088, -0.27767731001832513, 0.443432449225112, 0.035627494804866044, -0.8872025754807047, 0.12441353176845157, -0.5219385269422145, -0.20379325827822492, -0.9803050358794685, 0.1444410911007197, -1.0, 0.2740693876335033, -0.33287686804616146, -0.7513175265236633, 0.34525791415717055, 0.18840961718482485, 0.6803713862961689, 0.1605588294153515, -0.6485942769961974, -0.5787837640402294, -0.6306617773285135, -0.048961753030486665, -0.69643170147655, 0.7870273805719463, -0.6047687625686788, -0.16377702967853117, -0.5638827786402976, 0.4814227119024663, 0.6833736987349015, 0.36280631565293203, 0.5902800095240224, -0.9756125680112572, 0.37533213509056795, 0.552816021298645, -0.8218460082034683, 0.04282387411562705, -0.4248672913439635, -0.13901145489011824, -0.9464037772770526, 0.08132353997229816, 0.02968937553413742, -0.23031896691747045, -0.3705226481399623, -0.24785882628297945, 0.1339787893915989, 0.6264534939719997, 0.30531410434480005, -0.717652113862335, -0.5796109640610594, -0.3217780638931884, 0.6451141746262609]
1019.9998779296875	(8, 12, 2)	[0.7902057916605154, -0.09451475241007423, 0.7281177911134964, -0.426991667637898, 0.5826542777963655, -0.506074964627565, 0.8479007502122236, -0.4008709393381474, -0.34933683674578075, 0.8931413066656378, 0.1417428611977271, 0.35880189551082653, -0.39879311618529356, -0.39056925578622037, -0.8642563672581813, -0.8106135178575589, 0.6079669448828096, -0.021721666298465392, 0.6341783629899551, -0.39308377591158306, -0.7053543446036494, -0.9074395462288417, 0.14458198250432996, 0.30785794583910503, -0.8691090124253991, 0.41089213257906954, 0.1993134148817941, 0.9962353821276717, -0.7931100126586038, -0.6280833346912337, 0.6755671507085619, -0.6761898784654081, -0.236271231147684, -0.9835919097607921, -0.6347952571925191, -0.5978094091806965, -0.430057594893664, 0.6114794209395391, 0.5041061451495708, 0.35499196517163645, -0.21930687689688938, 0.355052367704222, -0.5248574064987195, 0.3080054559556855, 0.8924095501813245, -0.8405100278485143, -0.5651986579078594, -0.05359981888478417, -0.9260904415065494, 0.8441422725490109, 0.4758993312392106, -0.8277664651505338, 0.9630164883889356, 0.7263456369984649, -0.9481870648591643, -0.6997194197701995, -0.5992162571430206, 1.0, 0.7361108482042074, -0.918591039451484, -0.753393945976271, 0.5616328948451508, 0.8300536788189302, -0.08005799556737003, -0.049129864658788575, 0.04559893680533941, 0.5171211937443501, 0.8213433910068124, -0.7079509963280015, -0.8408477791371088, -0.3685038164602199, 0.443432449225112, 0.035627494804866044, -0.8296555639524763, 0.12441353176845157, -0.4319816246027657, -0.5259831546794185, -0.9803050358794685, 0.1444410911007197, -0.9994521681064447, -1.0, 0.01704184303485433, -0.6787680822964464, 0.34525791415717055, 0.18840961718482485, 0.6803713862961689, 0.1605588294153515, -0.6485942769961974, -0.5787837640402294, -0.6306617773285135, -0.048961753030486665, -0.69643170147655, 0.7870273805719463, -0.2613369165471593, -0.1742359283753374, -0.5638827786402976, 0.4814227119024663, 0.6709738424419269, 0.36280631565293203, 0.5902800095240224, -0.946947526110636, 0.37533213509056795, 0.552816021298645, -0.9575684536126472, 0.04282387411562705, -0.4248672913439635, -0.8177210107318994, -0.9464037772770526, -0.626097796081508, 0.02968937553413742, -0.37719117650503614, -0.5581070695867363, -0.24785882628297945, 0.1339787893915989, 0.6264534939719997, 0.30531410434480005, -0.717652113862335, -0.19950083675466024, -0.4145940868403005, 0.6889636371597649]
1019.9998168945312	(8, 12, 2)	[0.617588884747686, -0.09451475241007423, 0.7905331454866286, -0.426991667637898, 0.5826542777963655, -0.5119587534403827, 0.8479007502122236, -0.32944686755942415, -0.34933683674578075, 0.43155037176204053, 0.3435885146619593, 0.41401724777496174, -0.39879311618529356, -0.39056925578622037, -0.865899739189465, -0.8106135178575589, 0.734223170146108, 0.03334805429327409, 0.6341783629899551, -0.39308377591158306, -0.7053543446036494, -0.773115995833718, 0.14458198250432996, 0.30785794583910503, -0.8691090124253991, 0.5072832741305346, 0.3915454233707135, 0.9962353821276717, -0.9423077193282685, -0.5946381030972048, 0.6755671507085619, -0.819747507474665, 0.18255356914735543, -0.9892128553094436, -0.6347952571925191, -0.5978094091806965, -0.430057594893664, 0.6114794209395391, 0.5041061451495708, 0.28409609163120436, -0.6563389516680637, 0.355052367704222, -0.5248574064987195, 0.3080054559556855, 0.8924095501813245, -1.0, -0.5651986579078594, 0.05817496861484347, -1.0, 0.8441422725490109, 0.13175781082255233, -0.8277664651505338, 0.9630164883889356, 0.7263456369984649, -0.8220025262623964, -0.699853946275916, -0.5992162571430206, 0.9851030032663568, 0.7361108482042074, -0.918591039451484, -0.753393945976271, 0.5616328948451508, 1.0, 0.0972457189881677, -0.049129864658788575, -0.0733420876829005, 0.45752252145063904, 0.8213433910068124, -0.7079509963280015, -0.8408477791371088, -0.3685038164602199, 0.3396951759965738, 0.035627494804866044, -0.8296555639524763, 0.053663628985100305, -0.4319816246027657, -0.20379325827822492, -0.9803050358794685, 0.1444410911007197, -0.9994521681064447, 0.3374531483806005, -0.18224371635400605, -0.7513175265236633, 0.3019453365322635, 0.18840961718482485, 0.7074421476715063, 0.1605588294153515, -0.7017647694856483, -0.5787837640402294, -0.6306617773285135, -0.048961753030486665, -0.69643170147655, 0.7870273805719463, -0.2613369165471593, -0.16377702967853117, -0.5487040803964232, 0.4814227119024663, -0.8717804094150057, 0.3687779095155831, 0.6602628843464025, -0.9756125680112572, 0.37533213509056795, 0.552816021298645, -0.8218460082034683, 0.04282387411562705, -0.4248672913439635, -0.8102389188262186, -0.9464037772770526, 0.08132353997229816, 0.004366195266406407, -0.37719117650503614, 0.6476066433824204, -0.24785882628297945, 0.1339787893915989, 0.5827071623788911, -0.4630552222302411, -0.717652113862335, -0.19950083675466024, -0.4145940868403005, 0.6889636371597649]
1019.9998168945312	(8, 12, 2)	[0.617588884747686, -0.09451475241007423, 0.7905331454866286, -0.426991667637898, 0.5826542777963655, -0.5119587534403827, 0.8479007502122236, -0.4008709393381474, -0.3610149439456184, 0.3941152377472783, 0.24494100147856146, 0.41401724777496174, -0.31266518527281817, -0.39056925578622037, -0.8333618552388845, -0.8106135178575589, 0.4531993777823434, -0.021721666298465392, 0.6341783629899551, -0.39308377591158306, -0.7053543446036494, -0.7484920681915969, 0.15404960178008142, 0.30785794583910503, -0.8220281693647588, 0.41089213257906954, 0.48813233923041766, 0.9962353821276717, -0.7931100126586038, -0.5946381030972048, 0.6755671507085619, -0.6761898784654081, 0.18255356914735543, -1.0, -0.6347952571925191, -0.5978094091806965, -0.430057594893664, 0.6419801738473374, 0.5041061451495708, 0.35499196517163645, -0.6563389516680637, 0.355052367704222, -0.5248574064987195, 0.3080054559556855, 0.8924095501813245, -0.8405100278485143, -0.5651986579078594, 0.05817496861484347, -0.9260904415065494, 0.8441422725490109, 0.4758993312392106, -0.8127115236741119, 0.9798503583669589, 0.7849050343242379, -0.9208380018449078, -0.640211122140556, -0.5992162571430206, 0.9851030032663568, 0.7361108482042074, -0.918591039451484, -0.6737699370258704, 0.5616328948451508, 0.8320946947940671, 0.0972457189881677, -0.049129864658788575, 0.04559893680533941, 0.5171211937443501, 0.8213433910068124, -0.5183790971609821, -0.8408477791371088, -0.26457770381593004, 0.443432449225112, 0.1724506110220073, -0.8296555639524763, -0.016858175055333276, -0.5219385269422145, -0.20379325827822492, -1.0, 0.1444410911007197, -1.0, 0.22953985591164872, -0.18224371635400605, -0.7513175265236633, 0.34525791415717055, 0.18840961718482485, 0.6803713862961689, 0.1605588294153515, 0.2188664105129916, -0.5787837640402294, -0.6306617773285135, -0.052007360932727405, -0.69643170147655, 0.7870273805719463, -0.6047687625686788, -0.3238977355491275, -0.5638827786402976, 0.4814227119024663, -0.8717804094150057, 0.36280631565293203, 0.6602628843464025, -0.9756125680112572, 0.37533213509056795, 0.552816021298645, -0.9140667750330854, 0.04282387411562705, -0.4248672913439635, -0.9731097487874911, -0.9464037772770526, 0.010916174695440886, 0.004366195266406407, -0.37719117650503614, 0.6476066433824204, -0.24785882628297945, 0.1339787893915989, 0.6264534939719997, -0.29878539186245145, -0.717652113862335, -0.6657697838145605, -0.4305482616946783, 0.6451141746262609]
1019.9998779296875	(8, 12, 2)	[0.617588884747686, -0.09451475241007423, 0.7905331454866286, -0.426991667637898, 0.5826542777963655, -0.5119587534403827, 0.8479007502122236, -0.32944686755942415, -0.34933683674578075, 0.43155037176204053, 0.3435885146619593, 0.41401724777496174, -0.39879311618529356, -0.39056925578622037, -0.865899739189465, -0.8106135178575589, 0.734223170146108, 0.03334805429327409, 0.6341783629899551, -0.39308377591158306, -0.7053543446036494, -0.773115995833718, 0.14458198250432996, 0.30785794583910503, -0.8691090124253991, 0.5072832741305346, 0.3915454233707135, 0.9962353821276717, -0.9423077193282685, -0.5946381030972048, 0.6755671507085619, -0.819747507474665, 0.18255356914735543, -0.9892128553094436, -0.6347952571925191, -0.5978094091806965, -0.430057594893664, 0.6114794209395391, 0.5041061451495708, 0.28409609163120436, -0.6563389516680637, 0.355052367704222, -0.5248574064987195, 0.3080054559556855, 0.8924095501813245, -1.0, -0.5651986579078594, 0.05817496861484347, -1.0, 0.8441422725490109, 0.13175781082255233, -0.8277664651505338, 0.9630164883889356, 0.7263456369984649, -0.8220025262623964, -0.699853946275916, -0.5992162571430206, 0.9851030032663568, 0.7361108482042074, -0.918591039451484, -0.753393945976271, 0.5616328948451508, 1.0, 0.0972457189881677, -0.049129864658788575, -0.0733420876829005, 0.45752252145063904, 0.8213433910068124, -0.7079509963280015, -0.8408477791371088, -0.3685038164602199, 0.3396951759965738, 0.035627494804866044, -0.8296555639524763, 0.053663628985100305, -0.4319816246027657, -0.20379325827822492, -0.9803050358794685, 0.1444410911007197, -0.9994521681064447, 0.3374531483806005, -0.18224371635400605, -0.7513175265236633, 0.3019453365322635, 0.18840961718482485, 0.7074421476715063, 0.1605588294153515, -0.7017647694856483, -0.5787837640402294, -0.6306617773285135, -0.048961753030486665, -0.69643170147655, 0.7870273805719463, -0.2613369165471593, -0.16377702967853117, -0.5487040803964232, 0.4814227119024663, -0.8717804094150057, 0.3687779095155831, 0.6602628843464025, -0.9756125680112572, 0.37533213509056795, 0.552816021298645, -0.8218460082034683, 0.04282387411562705, -0.4248672913439635, -0.8102389188262186, -0.9464037772770526, 0.08132353997229816, 0.004366195266406407, -0.37719117650503614, 0.6476066433824204, -0.24785882628297945, 0.1339787893915989, 0.5827071623788911, -0.4630552222302411, -0.717652113862335, -0.19950083675466024, -0.4145940868403005, 0.6889636371597649]
1019.999755859375	(8, 12, 2)	[0.7902057916605154, -0.09451475241007423, 0.7281177911134964, -0.426991667637898, 0.5826542777963655, -0.5119587534403827, 0.723242759327324, -0.4008709393381474, -0.34933683674578075, 0.43155037176204053, 0.3435885146619593, 0.41401724777496174, -0.31266518527281817, -0.1956119391643366, -0.8158378694524927, -0.7606575360904014, 0.6079669448828096, 0.03334805429327409, 0.6341783629899551, -0.39308377591158306, -0.7053543446036494, -0.7484920681915969, 0.037279027251691355, 0.30785794583910503, -0.8691090124253991, 0.41089213257906954, 0.319838297854512, 0.9962353821276717, -0.9423077193282685, -0.5946381030972048, 0.6755671507085619, -0.819747507474665, 0.18255356914735543, -0.9835919097607921, -0.6347952571925191, -0.5978094091806965, -0.430057594893664, 0.6419801738473374, 0.5041061451495708, 0.47345322685096447, -0.6563389516680637, 0.355052367704222, -0.5248574064987195, 0.4411723473739118, 0.8924095501813245, -0.8405100278485143, -0.5651986579078594, 0.05817496861484347, -0.9260904415065494, 0.8441422725490109, 0.4758993312392106, -0.9400002199951619, 0.9630164883889356, 0.7263456369984649, -0.8220025262623964, -0.640211122140556, -0.5992162571430206, 0.9851030032663568, 0.7361108482042074, -0.918591039451484, -0.6737699370258704, 0.3559579255655443, 0.8320946947940671, 0.0972457189881677, -0.049129864658788575, 0.04009376014967607, 0.5171211937443501, 0.8213433910068124, -0.7079509963280015, -0.8408477791371088, -0.27767731001832513, 0.443432449225112, 0.035627494804866044, -0.8296555639524763, 0.12441353176845157, -0.5566375886717799, -0.5259831546794185, -0.9803050358794685, 0.1444410911007197, -0.9994521681064447, -1.0, -0.18224371635400605, -0.6787680822964464, 0.12024549515529151, 0.18840961718482485, 0.7074421476715063, 0.1605588294153515, 0.2188664105129916, -0.5787837640402294, -0.6306617773285135, -0.048961753030486665, -0.69643170147655, 0.8839126402696869, -0.2657346135205984, -0.2910405615353664, -0.5638827786402976, 0.8703887512526806, 0.6833736987349015, 0.36280631565293203, 0.8846278725261042, -0.9756125680112572, 0.37533213509056795, 0.552816021298645, -0.9575684536126472, 0.06083385119806888, -0.4248672913439635, -1.0, -0.9840604113928829, -0.626097796081508, 0.02968937553413742, -0.2523698463374956, 0.5410946415472466, -0.3681516603494795, 0.06770378532260264, 0.5402231722738517, -0.3471614707574241, -0.717652113862335, -0.5796109640610594, -0.4145940868403005, 0.6451141746262609]
1019.9996337890625	(8, 12, 2)	[0.617588884747686, -0.09451475241007423, 0.7905331454866286, -0.426991667637898, 0.5826542777963655, -0.5119587534403827, 0.8479007502122236, -0.4008709393381474, -0.34933683674578075, 0.43155037176204053, 0.1417428611977271, 0.3766951505935024, -0.39879311618529356, -0.39056925578622037, -0.8158378694524927, -0.8106135178575589, 0.6079669448828096, 0.03334805429327409, 0.6799169238106584, -0.39308377591158306, -0.7053543446036494, -0.8423204826498691, 0.14458198250432996, 0.30785794583910503, -0.8691090124253991, 0.41089213257906954, 0.1993134148817941, 0.9962353821276717, -0.9423077193282685, -0.3889415593254837, 0.6755671507085619, -0.6761898784654081, -0.236271231147684, -0.9835919097607921, -0.6347952571925191, -0.5978094091806965, -0.430057594893664, 0.6114794209395391, 0.5041061451495708, 0.35499196517163645, -0.21930687689688938, 0.355052367704222, -0.5248574064987195, 0.25650929871462197, 0.8924095501813245, -0.8405100278485143, -0.5651986579078594, -0.05359981888478417, -1.0, 0.9855540727678547, 0.4758993312392106, -0.9400002199951619, 0.9798503583669589, 0.8133426797728325, -0.9208380018449078, -0.6997194197701995, -0.5992162571430206, 0.9851030032663568, 0.7361108482042074, -0.7755426876295384, -0.753393945976271, 0.5616328948451508, 0.8320946947940671, 0.0972457189881677, -0.02542021925617248, 0.04559893680533941, 0.45752252145063904, 0.8213433910068124, -0.9912972092394062, -0.8408477791371088, -0.21620640505460598, 0.443432449225112, 0.1724506110220073, -0.8872025754807047, 0.12441353176845157, -0.5634565000154851, -0.6564649203952716, -0.897292505662038, 0.1444410911007197, -1.0, -1.0, -0.18224371635400605, -0.7513175265236633, 0.34525791415717055, 0.18840961718482485, 0.8361582057536373, 0.1605588294153515, -0.6485942769961974, -0.6997941681353342, -0.5473694401233027, -0.048961753030486665, -0.69643170147655, 0.8839126402696869, -0.33086270541163904, -0.1742359283753374, -0.5638827786402976, 0.4814227119024663, 0.6833736987349015, 0.364942718821655, 0.6602628843464025, -0.8042103854872766, 0.37533213509056795, 0.552816021298645, -0.9575684536126472, 0.04282387411562705, -0.4248672913439635, -0.13901145489011824, -0.9464037772770526, 0.08132353997229816, 0.08150206740475942, -0.2523698463374956, 0.6476066433824204, -0.3681516603494795, 0.1339787893915989, 0.5402231722738517, 0.30531410434480005, -0.717652113862335, -0.5796109640610594, -0.4145940868403005, 0.6451141746262609]
1019.9998168945312	(8, 12, 2)	[0.617588884747686, -0.09451475241007423, 0.7905331454866286, -0.5434373023264943, 0.5826542777963655, -0.5119587534403827, 0.723242759327324, -0.31489085136632183, -0.34933683674578075, 0.3941152377472783, 0.1417428611977271, 0.3766951505935024, -0.39879311618529356, -0.1956119391643366, -0.865899739189465, -0.8106135178575589, 0.6079669448828096, 0.03334805429327409, 0.6799169238106584, -0.39308377591158306, -0.7053543446036494, -0.7077958345597266, 0.15404960178008142, 0.30785794583910503, -0.8691090124253991, 0.5072832741305346, 0.1993134148817941, 0.9962353821276717, -0.7931100126586038, -0.3889415593254837, 0.6755671507085619, -0.819747507474665, 0.18255356914735543, -0.9835919097607921, -0.6347952571925191, -0.5978094091806965, -0.430057594893664, 0.6419801738473374, 0.5041061451495708, 0.3743948350924947, -0.21930687689688938, 0.355052367704222, -0.5072965814669227, 0.3080054559556855, 0.8924095501813245, -0.8405100278485143, -0.5651986579078594, 0.05817496861484347, -1.0, 0.8441422725490109, 0.5504465023606202, -0.8127115236741119, 0.9630164883889356, 0.7263456369984649, -0.8544882103243381, -0.640211122140556, -0.5992162571430206, 0.9851030032663568, 0.653124955939841, -0.918591039451484, -0.6737699370258704, 0.5616328948451508, 0.8320946947940671, 0.0972457189881677, -0.049129864658788575, 0.06940210536857647, 0.45752252145063904, 0.8213433910068124, -0.7079509963280015, -0.8408477791371088, -0.26457770381593004, 0.443432449225112, 0.035627494804866044, -0.8872025754807047, 0.019985529703776678, -0.4319816246027657, -0.6245282556824272, -0.897292505662038, 0.1444410911007197, -0.9994521681064447, 0.3374531483806005, -0.18224371635400605, -0.7513175265236633, 0.34525791415717055, 0.18840961718482485, 0.7132654914650326, 0.1605588294153515, 0.2188664105129916, -0.5787837640402294, -0.5473694401233027, -0.048961753030486665, -0.69643170147655, 0.7870273805719463, -0.33086270541163904, -0.3238977355491275, -0.5487040803964232, 0.4814227119024663, -0.8717804094150057, 0.364942718821655, 0.8846278725261042, -0.8042103854872766, 0.37533213509056795, 0.552816021298645, -0.9575684536126472, 0.04282387411562705, -0.4248672913439635, -0.1574513996537265, -0.9464037772770526, -0.626097796081508, 0.004366195266406407, -0.3539456502912176, 0.6476066433824204, -0.3681516603494795, 0.1339787893915989, 0.6264534939719997, -0.3471614707574241, -0.717652113862335, -0.492085087143498, -0.4145940868403005, 0.6451141746262609]
1019.9993286132812	(8, 12, 2)	[0.7902057916605154, -0.09451475241007423, 0.8074336461192185, -0.426991667637898, 0.4326374693227131, -0.5119587534403827, 0.723242759327324, -0.3070683219194967, -0.2561355221852374, 0.3941152377472783, 0.3435885146619593, 0.41401724777496174, -0.39879311618529356, -0.8878988981429676, -0.8158378694524927, -0.7696469495272666, 0.6079669448828096, 0.03334805429327409, 0.6341783629899551, -0.39308377591158306, -0.7053543446036494, -0.773115995833718, 0.15404960178008142, 0.30785794583910503, -0.8691090124253991, 0.41089213257906954, 0.3915454233707135, 0.9962353821276717, -0.9423077193282685, -0.5946381030972048, 0.6755671507085619, -0.6761898784654081, -0.236271231147684, -0.9835919097607921, -0.6347952571925191, -0.6357946300370036, -0.430057594893664, 0.6114794209395391, 0.45665043222562846, 0.35499196517163645, -0.6563389516680637, 0.3222003892952141, -0.5248574064987195, 0.3080054559556855, 0.8924095501813245, -0.8405100278485143, -0.5651986579078594, 0.05817496861484347, -1.0, 0.8441422725490109, 0.4758993312392106, -0.8277664651505338, 0.9798503583669589, 0.7263456369984649, -0.8220025262623964, -0.699853946275916, -0.5992162571430206, 0.9851030032663568, 0.7361108482042074, -0.918591039451484, -0.6737699370258704, 0.5616328948451508, 1.0, 0.0972457189881677, -0.049129864658788575, 0.04009376014967607, 0.5171211937443501, 0.8213433910068124, -0.5659126174521801, -0.8408477791371088, -0.21620640505460598, 0.443432449225112, 0.035627494804866044, -0.8606727844292824, 0.053663628985100305, -0.4319816246027657, -0.20379325827822492, -0.8374639785983566, 0.1444410911007197, -0.9994521681064447, 0.451585961251432, -0.18224371635400605, -0.7513175265236633, 0.16131667286865797, 0.18840961718482485, 0.7680276142005237, 0.1605588294153515, -0.7017647694856483, -0.5787837640402294, -0.6306617773285135, -0.048961753030486665, -0.69643170147655, 0.7870273805719463, -0.2657346135205984, -0.3238977355491275, -0.5638827786402976, 0.4814227119024663, -0.8717804094150057, 0.31078285669054356, 0.6602628843464025, -0.9756125680112572, 0.37533213509056795, 0.6672771542756875, -0.9575684536126472, 0.04282387411562705, -0.4248672913439635, -0.8937265067454669, -0.9464037772770526, -0.626097796081508, 0.004366195266406407, -0.3539456502912176, -0.5581070695867363, -0.3681516603494795, 0.06770378532260264, 0.5402231722738517, -0.29878539186245145, -0.717652113862335, -0.6657697838145605, -0.522971713527669, -0.29539382693915606]
1019.9989624023438	(8, 12, 2)	[0.7902057916605154, -0.09451475241007423, 0.7905331454866286, -0.426991667637898, 0.5826542777963655, -0.5119587534403827, 0.8479007502122236, -0.3070683219194967, -0.34933683674578075, 0.3941152377472783, 0.1417428611977271, 0.3766951505935024, -0.31266518527281817, -0.9029106144225347, -0.865899739189465, -0.7696469495272666, 0.6079669448828096, -0.021721666298465392, 0.6341783629899551, -0.39308377591158306, -0.7053543446036494, -0.7484920681915969, -0.0028181498598058297, 0.30785794583910503, -0.8713753157293549, 0.41089213257906954, 0.48813233923041766, 0.9962353821276717, -0.7931100126586038, -0.5946381030972048, 0.6536358717114295, -0.7513186111215385, -0.236271231147684, -0.9835919097607921, -0.6347952571925191, -0.5978094091806965, -0.430057594893664, 0.6419801738473374, 0.3937451411185071, 0.47345322685096447, -0.6563389516680637, 0.3222003892952141, -0.5072965814669227, 0.3080054559556855, 0.8924095501813245, -0.8221366940801166, -0.5651986579078594, 0.05817496861484347, -0.9260904415065494, 0.8441422725490109, 0.5504465023606202, -0.8127115236741119, 0.9630164883889356, 0.7263456369984649, -0.8220025262623964, -0.699853946275916, -0.5992162571430206, 0.8742413519343644, 0.7361108482042074, -0.7755426876295384, -0.6737699370258704, 0.3559579255655443, 0.7261110046460104, -0.08005799556737003, -0.049129864658788575, 0.06940210536857647, 0.5171211937443501, 0.8213433910068124, -0.7079509963280015, -0.8898280290489475, -0.27767731001832513, 0.443432449225112, 0.035627494804866044, -0.8296555639524763, 0.12441353176845157, -0.21824656198686612, -0.46469273325242555, -0.9803050358794685, 0.1444410911007197, -0.9994521681064447, 0.451585961251432, -0.33287686804616146, -0.7513175265236633, 0.16131667286865797, 0.11683264791968366, 0.7074421476715063, 0.017815198208689348, 0.2188664105129916, -0.5787837640402294, -0.6306617773285135, -0.048961753030486665, -0.69643170147655, 0.7870273805719463, -0.33086270541163904, -0.2910405615353664, -0.5638827786402976, 0.8703887512526806, 0.6833736987349015, 0.36280631565293203, 0.6654001858708262, -0.946947526110636, 0.37533213509056795, 0.552816021298645, -0.9575684536126472, -0.043594772505276436, -0.4248672913439635, -0.13901145489011824, -0.8756429648212136, 0.08132353997229816, 0.015250853044135145, -0.23031896691747045, 0.5410946415472466, -0.24785882628297945, 0.1339787893915989, 0.5251493765136087, -0.29878539186245145, -0.717652113862335, -0.5796109640610594, -0.4145940868403005, 0.7451625853421802]
1019.9986572265625	(8, 12, 2)	[0.7902057916605154, -0.09451475241007423, 0.7905331454866286, -0.426991667637898, 0.5826542777963655, -0.5119587534403827, 0.8479007502122236, -0.31489085136632183, -0.34933683674578075, 0.43155037176204053, 0.1417428611977271, 0.3766951505935024, -0.39879311618529356, -0.9029106144225347, -0.865899739189465, -0.8106135178575589, 0.6079669448828096, 0.03334805429327409, 0.6799169238106584, -0.39308377591158306, -0.7053543446036494, -0.7484920681915969, 0.15404960178008142, 0.30785794583910503, -0.8691090124253991, 0.41089213257906954, 0.48813233923041766, 0.9962353821276717, -0.9423077193282685, -0.5946381030972048, 0.6755671507085619, -0.819747507474665, -0.236271231147684, -0.9835919097607921, -0.6347952571925191, -0.5978094091806965, -0.430057594893664, 0.6419801738473374, 0.5041061451495708, 0.35499196517163645, -0.21930687689688938, 0.3222003892952141, -0.5248574064987195, 0.3080054559556855, 0.8924095501813245, -0.8405100278485143, -0.5651986579078594, 0.05817496861484347, -0.9260904415065494, 0.8441422725490109, 0.5504465023606202, -0.8127115236741119, 0.9630164883889356, 0.8133426797728325, -0.8220025262623964, -0.6997194197701995, -0.5992162571430206, 0.8742413519343644, 0.7361108482042074, -0.7755426876295384, -0.6737699370258704, 0.5616328948451508, 0.7261110046460104, -0.08005799556737003, -0.02542021925617248, 0.06940210536857647, 0.45752252145063904, 0.8213433910068124, -0.7079509963280015, -0.8898280290489475, -0.21620640505460598, 0.443432449225112, 0.035627494804866044, -0.8872025754807047, 0.12441353176845157, -0.4319816246027657, -0.46469273325242555, -0.9803050358794685, 0.1444410911007197, -0.9887306219262862, -1.0, -0.33287686804616146, -0.7513175265236633, 0.16131667286865797, 0.11683264791968366, 0.7132654914650326, 0.1605588294153515, -0.6485942769961974, -0.6997941681353342, -0.6306617773285135, -0.048961753030486665, -0.69643170147655, 0.8839126402696869, -0.33086270541163904, -0.2910405615353664, -0.5638827786402976, 0.8703887512526806, 0.6833736987349015, 0.36280631565293203, 0.6654001858708262, -0.9756125680112572, 0.37533213509056795, 0.552816021298645, -0.9575684536126472, 0.04282387411562705, -0.4248672913439635, -0.13901145489011824, -0.8756429648212136, 0.08132353997229816, 0.015250853044135145, -0.2523698463374956, 0.5410946415472466, -0.3681516603494795, 0.1339787893915989, 0.5251493765136087, -0.29878539186245145, -0.717652113862335, -0.5796109640610594, -0.4145940868403005, 0.6889636371597649]
1019.999755859375	(8, 12, 2)	[0.7902057916605154, -0.09451475241007423, 0.7905331454866286, -0.45942540313202684, 0.5826542777963655, -0.5119587534403827, 0.8479007502122236, -0.31489085136632183, -0.34933683674578075, 0.43155037176204053, 0.1417428611977271, 0.3766951505935024, -0.39879311618529356, -0.9029106144225347, -0.7313061685024573, -0.7606575360904014, 0.6079669448828096, 0.03334805429327409, 0.6799169238106584, -0.39308377591158306, -0.7157111395100604, -0.7484920681915969, 0.15404960178008142, 0.30785794583910503, -0.8713753157293549, 0.41089213257906954, 0.3915454233707135, 0.9962353821276717, -0.9423077193282685, -0.3889415593254837, 0.6755671507085619, -0.6761898784654081, 0.18255356914735543, -0.9835919097607921, -0.6347952571925191, -0.5978094091806965, -0.5420152868909186, 0.6419801738473374, 0.5041061451495708, 0.35499196517163645, -0.21930687689688938, 0.3222003892952141, -0.5248574064987195, 0.3080054559556855, 0.8924095501813245, -0.9482987497219807, -0.5651986579078594, 0.05817496861484347, -0.9260904415065494, 0.8441422725490109, 0.5504465023606202, -0.9400002199951619, 0.9630164883889356, 0.7263456369984649, -0.9481870648591643, -0.6746518356152525, -0.5992162571430206, 0.9851030032663568, 0.653124955939841, -0.7755426876295384, -0.6737699370258704, 0.3559579255655443, 0.8320946947940671, -0.08005799556737003, -0.049129864658788575, 0.06940210536857647, 0.45752252145063904, 0.8213433910068124, -0.7079509963280015, -0.8408477791371088, -0.3685038164602199, 0.443432449225112, 0.035627494804866044, -0.8872025754807047, 0.12441353176845157, -0.4319816246027657, -0.46469273325242555, -0.897292505662038, 0.1444410911007197, -0.9994521681064447, 0.42060306884625187, -0.18224371635400605, -0.6787680822964464, 0.312068765077205, 0.11683264791968366, 0.7132654914650326, 0.1605588294153515, -0.6485942769961974, -0.5956485110846838, -0.6306617773285135, -0.048961753030486665, -0.8560382260623037, 0.7870273805719463, -0.2657346135205984, -0.2910405615353664, -0.5638827786402976, 0.8703887512526806, 0.6833736987349015, 0.41038551250291866, 0.6654001858708262, -0.9756125680112572, 0.37533213509056795, 0.552816021298645, -0.9575684536126472, 0.04282387411562705, -0.4248672913439635, -0.13901145489011824, -0.8291635745470756, 0.08132353997229816, 0.02968937553413742, -0.23031896691747045, -0.5581070695867363, -0.3681516603494795, 0.1339787893915989, 0.5402231722738517, 0.30531410434480005, -0.717652113862335, -0.19950083675466024, -0.4145940868403005, 0.6889636371597649]
