1019.95849609375	(8, 12, 2)	[-0.592881902513142, 0.862328870370004, 0.08440424545122349, 0.4533267739443618, -0.3315992665430867, -0.1416356956102789, 0.2524175752015785, 0.0640317741390306, -0.4302158396211233, 0.5699427868359088, -0.5656945873442032, 0.8591251146297991, 0.14150107363741293, 0.12189937805694728, -0.9673098138204996, 0.15185348455537118, -0.37213694137431874, 0.5005076689780246, -0.2913058411834162, 0.9388529171739577, -0.4808794045437983, 0.9875584102846098, -0.20585332727662542, -0.4718678917285126, 0.6997658408285616, -0.671239143577635, 0.24220889972500448, 0.6655686429928891, -0.32022262124241285, 0.1083051620119877, -0.24036350947937657, 0.9118495926896937, 0.471218249416542, -0.6740701280310641, 0.2613271501276828, -0.6344694725779254, 0.5233189695697587, 0.5059646811933165, 0.00427467551132743, 0.9544492462013454, -0.8530515517901291, 0.2497797031395146, 0.7979924631857298, 0.39314310496569616, 0.6735695253864808, 0.11344707026388301, -0.5731787967381836, -0.0388608336619336, 0.19631711743863245, -0.8547160489179257, 0.9251780362989488, -0.6329935518473337, -0.6160743472375949, 0.9130768908395914, -0.16720857915628629, 0.5110429033340784, 0.4216966642458546, -0.09435797358182674, -0.9495852535369826, -0.3146745654241576, -0.486940998996668, -0.14736330525172692, 0.9351922926143448, -0.717016253722671, -0.014992009453421495, 0.28848018353695726, -0.3475037084513819, -0.5824712107902275, 0.1554271606058759, -0.3042632991195904, -0.6185087423807807, -0.09083980387832091, -0.7314251655952111, -0.11769498077546081, 0.4636348793174532, -0.10717380138964416, 0.19742256542348868, 0.8851226743199643, 0.6285314411276772, -0.04299571612267683, 0.07070818238173016, 0.5974399974286173, 0.6998081211703151, 0.16674915514790678, -0.003830043601892763, -0.6802893344505676, 0.4786766973322456, 0.18676850737401463, 0.8603144803988589, -0.3836045866593989, -0.29909619842662916, -0.4608508052236475, 0.15672890430070674, -0.39053178621163154, 0.09970509188163357, -0.3079511158362964, 0.5549514782545892, -0.7757782902797137, 0.13596568176148804, 0.8293581489220592, -0.7205316322649644, 0.5435713154518615, 0.49382387922793725, -0.7737680795593838, 0.07802405833007175, -0.4574221815298378, 0.9897618223590123, -0.4370560605548768, 0.45238784630015916, -0.7093505816034027, 0.26905642985006506, -0.0048753744462759485, 0.957504995712378, -0.8673970799511703, -0.2442889727368709, 0.6551636025054455, 0.35286578498393983, -0.5863201031874574, -0.1656856727352216, 0.4072139142472]
15.762489318847656	(8, 12, 2)	[0.7021555851114045, 0.23547308087225427, -0.7521666166772205, 0.06904714567721704, -0.7316158104593526, -0.19355373859381975, -0.17374839647837215, 0.8430336447182456, -0.8004012348720808, -0.28936655760399654, 0.592455562280304, -0.29942534041598523, -0.8839390741815001, 0.8261961943729694, -0.6762330405965811, 0.8525730159044835, 0.2804756519272158, 0.628166262473947, 0.35224527107776615, 0.6377326072019898, 0.26567203802542894, 0.1763844568925117, 0.4020069755009883, 0.34467686781691675, -0.2272016113508113, -0.37823259764333805, -0.8467247811533438, -0.32531188770261776, 0.27551265792359514, -0.2680319554674173, -0.5285989918465299, 0.003611962641637545, 0.04900874236435926, -0.1564136503655431, 0.8800515612417346, -0.619931683902099, -0.08031382914146312, 0.35303696053632194, -0.13897651283661605, 0.5618237164498494, -0.4038833969511202, -0.4899993300069725, -0.9017827754048864, -0.41277547612825827, -0.9080809466429474, 0.3205297173332218, -0.9094296769283396, 0.7639092052236418, 0.9489230778829565, 0.8021700298850609, -0.12863542655467208, 0.6171043119757542, 0.7563300544159091, 0.09112478569501792, -0.6272930521078091, 0.6555603516636195, 0.05513605477126449, -0.7576968274968248, -0.4755625549359088, -0.6450731575285591, -0.4774245721628525, 0.5909595693294114, 0.048516932019885495, -0.338360571659988, -0.9522770265645422, -0.0032445484604046726, 0.7043223861540182, -0.613241200199518, -0.2797960415539771, -0.6027463928741903, -0.4363931940576309, -0.49771220257767834, -0.6305833540054413, 0.6689823010651723, -0.5548139805852466, -0.43128444279775, 0.018416042796636667, -0.2379459039062537, 0.9307291077659541, 0.22572063905118345, -0.2467013594711187, 0.01325474628947676, -0.7819083834587306, -0.1887024796631711, -0.8142243461684386, -0.46913066478880494, -0.6064282941438985, 0.39945108392970563, -0.11488683115862663, 0.840117629535096, -0.9898021979224862, -0.027376856512758785, 0.7512893097796407, -0.919581101600317, -0.6109722854843236, -0.7430054447506125, -0.17925601804576785, 0.8824944718167294, 0.013070798298126851, 0.5398295152358772, 0.6327104089741369, -0.5139955808156931, 0.18670813012339016, -0.2815181794011625, 0.7322729668565702, -0.3070140997571127, -0.3412485997070358, -0.3706862345847428, -0.06945118101567416, -0.5715016640608404, 0.21818033006135917, -0.637485301743997, 0.35874817895167777, -0.19119765119402476, -0.6152589408933908, 0.30586567373896023, 0.70503757701599, 0.19656237164551138, -0.5944299975152303, 0.8485466622357798]
1019.6732177734375	(8, 12, 2)	[-0.06872290138925957, -0.4326026120210351, 0.40171388476314607, 0.3374694960703595, 0.7855748754294596, -0.6511761943844379, 0.5872727239714584, -0.7794046551546723, -0.11472256877610243, -0.6696506172796104, 0.3071129158737145, -0.7914735727609454, 0.6512538094136606, -0.2564233063251544, 0.47694535602726784, -0.0787570293544484, 0.001284711780746628, 0.2072865375997901, 0.4488412243349942, 0.5530579687436374, -0.5313202791340332, -0.35640930574553487, 0.7716829625587704, 0.48722653827645224, 0.30169174558928824, 0.37706635126105903, 0.758770603657251, 0.9607165945843827, 0.04607973447123448, -0.7977663292225714, -0.4985105979805744, -0.7430970414825622, 0.13481677965924654, 0.17901846956338324, -0.27847882531280477, 0.7353173751419468, -0.6355188994672767, -0.924872365960969, 0.06093291957946945, 0.7522061244265701, -0.20242701147584463, 0.74135133139917, -0.9389887251039151, -0.09194622645819672, 0.7242337283020603, 0.6683939174967894, -0.8071230829927996, 0.8949405033835054, -0.28477145235878076, -0.8113005551104291, 0.5627025401165051, -0.8042322319847908, 0.9600457094120463, 0.7861998969112041, 0.11469793569805664, 0.17878508785533298, -0.8659021575100547, 0.9480120895941055, -0.4349469335145262, 0.055521086434262124, 0.5597798526235074, 0.2488266115573894, -0.7462727172479875, 0.17419973715613546, 0.9586729602784281, 0.4607193804114267, 0.03835266070100518, 0.22450743752633406, 0.8315071695200433, 0.7879192393247714, 0.5377158495683418, -0.1239662975564142, -0.582507801020032, -0.7665066869986175, -0.17481188465483677, 0.4588771665982232, -0.3772598512865317, -0.4982938622239881, 0.5491190289642469, 0.4715580102298864, -0.6521757106777344, -0.08239229699176986, 1.0, -0.07291542386066086, 0.9528330063461132, -0.67712310733267, -0.40233418635767415, -0.4644969780659698, -0.29693293472247606, -0.3271700253790162, 0.5804319539716647, 0.12035201749084287, 0.7646439750054839, 0.846164131722156, 0.2579715346599396, -0.6826096502279897, 0.8484176706016962, -0.6522757821158747, -0.19059674830762918, -0.438760512134156, 0.47701929316407576, -0.4482654275539022, 0.5166707508171475, 0.7808946276180397, 0.9956466991212971, -0.7211084714458127, -0.5844421775094848, 0.09845576736038208, -0.9568517816968845, 0.09879502557403597, 0.4152077917723591, -0.32644176019079074, -0.18603409661948556, 0.18812783981962533, 0.18946245262704808, 0.20659054341890726, -0.8341472996689836, -0.7472918610699131, 0.07794357039229172, 0.6546042233142788]
9.957395553588867	(8, 12, 2)	[-0.06872290138925957, -0.4326026120210351, 0.40171388476314607, 0.3374694960703595, 0.7855748754294596, -0.6511761943844379, 0.5872727239714584, -0.7794046551546723, -0.11472256877610243, -0.6696506172796104, 0.3071129158737145, -0.7914735727609454, 0.6512538094136606, -0.2564233063251544, 0.47694535602726784, -0.0787570293544484, 0.001284711780746628, 0.2072865375997901, 0.4488412243349942, 0.5530579687436374, -0.5313202791340332, -0.35640930574553487, 0.7716829625587704, 0.48722653827645224, 0.30169174558928824, 0.37706635126105903, 0.758770603657251, 0.9607165945843827, 0.04607973447123448, -0.7977663292225714, -0.4985105979805744, -0.7430970414825622, 0.13481677965924654, 0.17901846956338324, -0.27847882531280477, 0.7353173751419468, -0.6355188994672767, -0.924872365960969, 0.06093291957946945, 0.7522061244265701, -0.20242701147584463, 0.74135133139917, -0.9389887251039151, -0.09194622645819672, 0.7242337283020603, 0.6683939174967894, -0.8071230829927996, 0.8949405033835054, -0.28477145235878076, -0.8113005551104291, 0.5627025401165051, -0.8042322319847908, 0.9600457094120463, 0.7861998969112041, 0.11469793569805664, 0.17878508785533298, -0.8659021575100547, 0.9480120895941055, -0.4349469335145262, 0.055521086434262124, 0.5597798526235074, 0.2488266115573894, -0.7462727172479875, 0.17419973715613546, 0.9586729602784281, 0.4607193804114267, 0.03835266070100518, 0.22450743752633406, 0.8315071695200433, 0.7879192393247714, 0.5377158495683418, -0.1239662975564142, -0.582507801020032, -0.7665066869986175, -0.17481188465483677, 0.4588771665982232, -0.3772598512865317, -0.4982938622239881, 0.5491190289642469, 0.4715580102298864, -0.6521757106777344, -0.08239229699176986, 1.0, -0.07291542386066086, 0.9528330063461132, -0.67712310733267, -0.40233418635767415, -0.4644969780659698, -0.29693293472247606, -0.3271700253790162, 0.5804319539716647, 0.12035201749084287, 0.7646439750054839, 0.846164131722156, 0.2579715346599396, -0.6826096502279897, 0.8484176706016962, -0.6522757821158747, -0.19059674830762918, -0.438760512134156, 0.47701929316407576, -0.4482654275539022, 0.5166707508171475, 0.7808946276180397, 0.9956466991212971, -0.7211084714458127, -0.5844421775094848, 0.09845576736038208, -0.9568517816968845, 0.09879502557403597, 0.4152077917723591, -0.32644176019079074, -0.18603409661948556, 0.18812783981962533, 0.18946245262704808, 0.20659054341890726, -0.8341472996689836, -0.7472918610699131, 0.07794357039229172, 0.6546042233142788]
1019.57666015625	(8, 12, 2)	[-0.2812381270744364, 0.23547308087225427, -0.7521666166772205, 0.06904714567721704, -0.7316158104593526, 0.7560167365677433, 0.794097874201483, -0.9375577253809868, -0.5445891911674818, 0.10942203013001484, 0.592455562280304, 0.05794808599656909, -0.4898727659187896, 0.8261961943729694, -0.6762330405965811, -0.7958488491370153, 0.08386569070336836, 0.628166262473947, 0.8190332207859117, 0.6377326072019898, 0.6603722039181089, -0.3820469764943486, 0.04379843442877229, 0.22293966039349056, -0.2272016113508113, 0.16715834754491832, -0.7458717619284292, -0.7220020803918199, -0.9835530164288158, -0.5751857207423483, -0.5285989918465299, 0.29289741981425377, -0.5693606655256458, -0.9148838695772323, -0.9132128799868184, 0.2191270316657481, -0.08031382914146312, 0.35303696053632194, 0.13010540498876377, 0.4347867246553805, -0.4038833969511202, -0.7978566416355326, -0.6002893381590888, 0.4130228042508137, -0.9080809466429474, 0.05202920740878536, -0.9094296769283396, 0.5921384361833186, 0.22485101916576533, 0.8021700298850609, -0.12863542655467208, -0.20042544860373934, 0.3282523786949061, 0.09112478569501792, -0.9513790199270591, -0.8579432688256161, 0.05513605477126449, 0.7419757344542455, 0.5581719241912839, -0.6450731575285591, -0.14409047942764408, 0.5909595693294114, -0.1936686093321791, -0.338360571659988, -0.7453414713433215, 0.579313031803484, 0.47181960336635886, 0.2967966547598755, 0.2603969733680296, -0.6027463928741903, -0.4363931940576309, -0.49771220257767834, -0.6305833540054413, 0.6689823010651723, 0.5190169040467656, -0.43128444279775, 0.018416042796636667, -0.2379459039062537, 0.9307291077659541, 0.8711797896532083, -0.9698601015219261, -0.9082437489191968, -0.7819083834587306, -0.1887024796631711, -0.6763062370722601, -0.46913066478880494, -0.6064282941438985, 0.39945108392970563, -0.11488683115862663, -0.38155923784814005, -0.37127852867483524, -0.3483170947282157, 0.7512893097796407, 0.17688033107013523, -0.6109722854843236, -0.7430054447506125, -0.17925601804576785, -0.9747104700828388, 0.013070798298126851, 0.5398295152358772, 0.482005606067184, -0.5139955808156931, 0.6897730055855547, -0.2815181794011625, 0.7322729668565702, -0.3070140997571127, -0.3412485997070358, 0.5893386871024389, -0.3303371796873469, -0.5715016640608404, 0.21818033006135917, -0.4599817247478202, -0.28279094510081637, -0.19119765119402476, -0.6152589408933908, 0.30586567373896023, 0.70503757701599, -0.3656165732871124, -0.5944299975152303, 0.9543203772507713]
1019.7664184570312	(8, 12, 2)	[-0.7214137343727085, 0.23699844885912036, 0.4832884050051851, 0.8166067431954234, 0.13842030734541466, 0.0069910627802620695, 0.4142553582401818, 0.606611690137288, 0.45707183959331177, 0.29719672328790914, -0.8110824411794189, -0.14456749297817773, 0.4618441191230436, 0.32126026682681896, -0.2375972770141217, 0.5736188793068779, -0.2458180731136741, -0.2911788578265273, -0.5843347033223987, -0.22777588243096458, -0.24508445960996728, 0.5107081484167577, -0.8426999827998669, -0.39731443462920546, -0.4021884675703422, 0.16715834754491832, -0.7458717619284292, -0.6547173130066575, 0.3911492817788276, 0.3198586960228478, -0.24036350947937657, -0.6536071854734467, -0.5693606655256458, 0.38656154238827756, 0.6564878498817401, 0.7353173751419468, 0.32069694889349476, 0.173368369127898, -0.3819473161081628, 0.8658853774811923, -0.09892997173295859, -0.8436547714446794, -0.6441874001917964, 0.2249288512040255, -0.27366663449702555, -0.832649344755275, -0.7270092548849991, -0.0388608336619336, 0.22485101916576533, -0.008568235388715317, -0.757746474259896, -0.20042544860373934, 0.3282523786949061, 0.4794283051089472, -0.24124440634995414, -0.8579432688256161, 0.8862289270112162, 0.215054890347403, -0.8631600644232034, 0.3975907195588142, 0.7409858750575489, -0.5791850353877439, -0.5287219784418178, -0.6295331154762063, 0.10352373199343545, 0.1010910803095999, 0.3306563223197898, 0.04595292554521446, 0.9426257372733906, -0.3726828094245904, -0.30600767267671913, -0.512414772123758, -0.7314251655952111, -0.2955213543569781, 0.5190169040467656, 0.678583160583123, 0.7480366048522407, -0.4127412037789977, 0.9948683378450893, -0.9815685266439749, -0.9698601015219261, -0.08239229699176986, 0.6998081211703151, -0.8125636846611641, -0.003830043601892763, 0.12007341990526932, 0.6695830246182835, -0.7727906338361099, 0.16004219576631606, -0.16730255930468307, 0.323974330216384, -0.010850918755864525, 0.29415710555353436, 0.846164131722156, 0.17765999877535443, -0.2724735191507326, -0.7802190880751039, 0.5154374159420905, -0.8077184394258896, 0.8910806019252349, 0.7600938578926555, -0.13634575256536596, 0.7917171172411925, -0.48665937384172, -0.06993136595424287, -0.7412842246176166, -0.9312481451622161, -0.6470571232330142, -0.8144045501622725, -0.7474871743071063, 0.5897656105897404, -0.037201564356216466, -0.7609410879800922, -0.16196218209067426, -0.49021586792543137, 0.6464397721227761, 0.9518317379735124, -0.32260099488751504, 0.07794357039229172, -0.7242919999641562]
1019.8948364257812	(8, 12, 2)	[-0.2812381270744364, -0.9398556639379132, 0.10138223900421495, 0.6527228857253815, 0.7490479459795476, 0.7560167365677433, 0.7299753224445913, -0.9375577253809868, -0.5445891911674818, 0.10942203013001484, -0.09554314870821212, -0.7062905151209364, -0.4898727659187896, -0.10089416111299143, -0.6671923177829902, -0.7958488491370153, -0.23097645222674834, 0.4160408521459089, 0.8190332207859117, -0.46711177288408234, 0.6603722039181089, -0.3820469764943486, 0.04379843442877229, 0.22293966039349056, -0.4021884675703422, 0.16715834754491832, 0.5981498930104792, 0.694029087086176, 0.3911492817788276, -0.17958804984196064, 0.26516258302623985, 0.29289741981425377, -0.5693606655256458, -0.9148838695772323, 0.7129107296440991, 0.7353173751419468, -0.3449606578319204, 0.6177036009533322, 0.13010540498876377, 0.4347867246553805, -0.20242701147584463, 0.9300251759934905, -0.6002893381590888, 0.2249288512040255, -0.8829369074182079, 0.05202920740878536, -0.6916557777152151, 0.8813033746395165, 0.22485101916576533, -0.24712407248040713, -0.757746474259896, -0.20042544860373934, 0.3282523786949061, 0.09112478569501792, -0.9513790199270591, -0.8579432688256161, 0.05513605477126449, 0.7419757344542455, -0.8631600644232034, 0.3975907195588142, -0.4381929504024977, -0.5791850353877439, -0.1936686093321791, -0.7487047830906071, 0.10352373199343545, -0.5011418256631281, 0.47181960336635886, 0.2967966547598755, 0.2603969733680296, -0.3726828094245904, -0.20909261537859103, -0.14194135570743072, -0.5862329682924972, 0.898775174016414, 0.5190169040467656, 0.7122449509139284, -0.8280990472092791, -0.7445390613538678, -0.8756705623263534, -0.9815685266439749, -0.9698601015219261, -0.08239229699176986, -0.9297593365272452, -0.045881868989222196, -0.6763062370722601, -0.8746388870041255, -0.3361714474736035, 0.7934433089996504, 0.9904933355460346, -0.38155923784814005, 0.323974330216384, -0.3483170947282157, -0.8825111348941312, 0.17688033107013523, -0.26004669688049176, -0.6979332966367848, 0.8410284875117446, -0.9747104700828388, 0.9365245312199248, 0.5398295152358772, -0.6615926895375772, -0.8894756933099528, 0.6897730055855547, -0.48665937384172, 0.32623648937035, 0.26688845038485876, -0.9312481451622161, 0.5893386871024389, -0.8144045501622725, 0.6903724378189224, 0.30347665740980156, -0.037201564356216466, -0.28279094510081637, -0.7273150310195755, -0.18222644105064498, 0.6464397721227761, 0.70503757701599, -0.6694927073867898, 0.554362778158479, -0.7242919999641562]
1019.8861694335938	(8, 12, 2)	[-0.2812381270744364, 0.23547308087225427, 0.44210853404838235, -0.34305898594729833, -0.7316158104593526, 0.7560167365677433, 0.794097874201483, -0.9008643358521189, -0.5445891911674818, 0.10942203013001484, 0.592455562280304, 0.05794808599656909, 0.6577288166583646, 0.6576229257583368, -0.2375972770141217, -0.7958488491370153, 0.08386569070336836, 0.35129024098726425, -0.21534334542788414, -0.7435551888724587, 0.8133332516774672, -0.13794802635540915, 0.04379843442877229, 0.6579093188934273, -0.4021884675703422, 0.16715834754491832, 0.5314046613580858, -0.7220020803918199, -0.38136719044140777, -0.8144651312026452, -0.4985105979805744, 0.29289741981425377, -0.5693606655256458, -0.9148838695772323, 0.7129107296440991, -0.45900903880562605, 0.4975509621443561, -0.924872365960969, 0.13010540498876377, 0.4347867246553805, 0.1505508355619991, -0.7978566416355326, 0.07214052494670797, 0.4130228042508137, -0.23280626819144984, 0.05202920740878536, -0.7270092548849991, 0.8813033746395165, -0.28477145235878076, -0.8113005551104291, -0.12863542655467208, -0.20042544860373934, 0.3282523786949061, 0.7861998969112041, 0.11469793569805664, -0.002071473159056092, -0.03756666746541226, 0.215054890347403, 0.5365756351264896, 0.3975907195588142, 0.5597798526235074, 0.5909595693294114, 0.7715058981418832, -0.7487047830906071, -0.7453414713433215, 0.30500824545826033, -0.38876675689857376, 0.2967966547598755, -0.41474300558774124, 0.7879192393247714, -0.4363931940576309, -0.512414772123758, -0.09232539473840617, 0.6689823010651723, 0.5190169040467656, 0.74155524501059, -0.8280990472092791, -0.4982938622239881, 0.9307291077659541, 0.8711797896532083, -0.3767922864106241, -0.08239229699176986, -0.1342559688876659, -0.8366376110532099, 0.9528330063461132, 0.6328844974649313, -0.6064282941438985, 0.74040876687299, -0.29693293472247606, -0.38155923784814005, -0.677053093112141, -0.3483170947282157, -0.11886075310216372, 0.17688033107013523, -0.6109722854843236, -0.7430054447506125, 0.6255942460754276, 0.5154374159420905, 0.013070798298126851, -0.438760512134156, -0.21519341152569882, -0.32830860921559046, 0.18670813012339016, -0.2815181794011625, 0.7322729668565702, -0.3070140997571127, -0.3412485997070358, -0.7698776491933454, -0.8144045501622725, -0.4865859538310684, 0.4152077917723591, 0.1340174723285017, -0.6807938614069808, -0.16196218209067426, 0.18946245262704808, 0.20659054341890726, -0.8341472996689836, -0.3656165732871124, -0.5944299975152303, -0.006027042286527395]
-36.901885986328125	(8, 12, 2)	[-0.2812381270744364, 0.23699844885912036, 0.10138223900421495, 0.8166067431954234, 0.7855748754294596, 0.7125719449505317, 0.6957466222587583, -0.20735151256562268, 0.1388946560323081, -0.3079275053932631, 0.789717901303127, -0.14456749297817773, 0.35119007237733824, 0.32126026682681896, -0.2375972770141217, -0.7958488491370153, 0.490117891883898, 0.35129024098726425, 0.8190332207859117, 0.5530579687436374, -0.4808794045437983, 0.5107081484167577, 0.04379843442877229, 0.18989595278648208, -0.4021884675703422, -0.03572789068979887, 0.1930164045817777, -0.7220020803918199, -0.22529555861597195, -0.6082671688515957, 0.3795333444250306, -0.7430970414825622, 0.13481677965924654, -0.7872487227604791, -0.006707993444780014, 0.2610257595519283, -0.9782925135616325, 0.173368369127898, 0.13010540498876377, -0.7517646732035441, 0.1505508355619991, 0.74135133139917, 0.22371510845985743, -0.9230304610999231, 0.7428337517563728, -0.832649344755275, -0.6731916556477853, 0.8813033746395165, 0.22485101916576533, -0.24712407248040713, -0.34220970790739047, -0.8042322319847908, 0.3282523786949061, 0.4794283051089472, -0.9513790199270591, 0.9253100330239077, -0.8659021575100547, 0.7419757344542455, -0.4349469335145262, -0.4947886199195741, 0.2569584227117534, 0.2488266115573894, -0.1936686093321791, -0.7487047830906071, -0.7453414713433215, -0.22364263981967514, 0.3571970732937775, 0.22450743752633406, -0.6675854017187324, -0.3726828094245904, 0.9096346557694901, -0.6107221585846159, 0.6988899090523035, -0.3038180670424695, 0.5190169040467656, 0.7122449509139284, -0.8280990472092791, 0.8851226743199643, -0.8756705623263534, -0.8339749357677968, -0.9698601015219261, -0.9082437489191968, -0.3518500402108049, -0.07291542386066086, -0.6763062370722601, 0.4770874035531505, 0.6695830246182835, 0.37642865085994903, 0.8603144803988589, -0.16730255930468307, -0.677053093112141, -0.3483170947282157, -0.6286780923610618, 0.17688033107013523, -0.26004669688049176, -0.2724735191507326, 0.5549514782545892, 0.9261749161966855, 0.5764818447306872, 0.5398295152358772, 0.47701929316407576, -0.6032420232416351, -0.458315847162599, 0.7736466758842737, 0.9956466991212971, -0.7211084714458127, -0.9890430901154377, -0.7280509891691576, -0.5713590649979043, -0.7474871743071063, 0.26905642985006506, 0.5402958144908054, -0.18603409661948556, -0.37176139997308044, 0.752541656605243, -0.27503887109405684, 0.9518317379735124, -0.7472918610699131, -0.5944299975152303, -0.006027042286527395]
1019.8630981445312	(8, 12, 2)	[-0.5369638265912657, 0.23547308087225427, 0.5103987764773237, -0.34305898594729833, -0.7316158104593526, -0.6511761943844379, 0.794097874201483, -0.9008643358521189, -0.5445891911674818, 0.10942203013001484, 0.592455562280304, 0.05794808599656909, -0.10579443171688796, 0.6576229257583368, 0.47694535602726784, -0.7958488491370153, 0.08386569070336836, -0.47677056256932104, -0.21534334542788414, -0.7435551888724587, 0.8133332516774672, -0.35640930574553487, 0.04379843442877229, 0.6579093188934273, -0.4021884675703422, -0.37747484320877667, 0.5314046613580858, -0.7220020803918199, -0.38136719044140777, -0.8763840661931408, -0.4985105979805744, 0.29289741981425377, -0.5693606655256458, -0.01765159167261099, -0.006707993444780014, -0.45900903880562605, 0.4975509621443561, -0.9315952120563573, 0.3906881662252395, 0.4347867246553805, 0.1505508355619991, -0.14536072392787092, -0.6002893381590888, 0.4130228042508137, -0.23280626819144984, 0.05202920740878536, 0.17824951449744697, 0.8813033746395165, -0.37171789592463855, -0.8113005551104291, -0.608974433416116, -0.20042544860373934, -0.7663118948366534, 0.7861998969112041, -0.943100909293243, -0.8579432688256161, -0.03756666746541226, 0.215054890347403, 0.5365756351264896, -0.07040968596427732, 0.5597798526235074, 0.5909595693294114, 0.7715058981418832, -0.338360571659988, -0.7453414713433215, 0.30500824545826033, -0.38876675689857376, 0.2967966547598755, 0.3654405016017048, -0.6027463928741903, -0.4363931940576309, -0.14194135570743072, -0.09232539473840617, 0.8970661236935669, 0.5190169040467656, -0.5357754445826735, -0.8280990472092791, -0.4982938622239881, -0.8756705623263534, 0.8711797896532083, 0.300430108474826, -0.08239229699176986, -0.7819083834587306, -0.8366376110532099, -0.8091269055747103, 0.6328844974649313, -0.3361714474736035, -0.4644969780659698, -0.29693293472247606, -0.38155923784814005, -0.677053093112141, -0.47832053284601006, -0.11886075310216372, 0.492710239124704, -0.6109722854843236, -0.9234039998598504, 0.6255942460754276, -0.1557382152129687, -0.19059674830762918, -0.438760512134156, -0.3141629719524315, -0.5139955808156931, 0.6897730055855547, 0.3963245379985432, 0.7322729668565702, -0.3070140997571127, -0.3412485997070358, -0.7698776491933454, -0.8144045501622725, 0.6903724378189224, 0.19438010939048866, -0.09468473281016876, -0.6807938614069808, 0.1902846728804819, 0.18946245262704808, -0.6588556850533254, -0.8341472996689836, -0.3656165732871124, -0.5944299975152303, -0.006027042286527395]
1019.909423828125	(8, 12, 2)	[-0.5785978467153639, 0.9618659691521856, 0.40171388476314607, 0.9770225663127587, 0.152329131750514, 0.6821259062473946, -0.17374839647837215, -0.20735151256562268, -0.04854287662508194, 0.10942203013001484, -0.5656945873442032, 0.2394727222247453, -0.4898727659187896, -0.43502239692308214, 0.43719204508813103, 0.3351388582620407, -0.06995808997643005, -0.47677056256932104, 0.8190332207859117, 0.6377326072019898, 0.6603722039181089, -0.3820469764943486, -0.9977166876238652, 0.48722653827645224, -0.2272016113508113, -0.37747484320877667, 0.07924404682419073, 0.13618563011273482, 0.060823149479372285, -0.8144651312026452, 0.6940973246691877, 0.08096097383111878, 0.04900874236435926, -0.9148838695772323, -0.006707993444780014, 0.2610257595519283, -0.08031382914146312, -0.7648876473511642, 0.13010540498876377, -0.7517646732035441, -0.4038833969511202, -0.42643354020754387, 0.22371510845985743, 0.2249288512040255, 0.18140121006503818, 0.05202920740878536, -0.6916557777152151, 0.5971658032830989, -0.37171789592463855, -0.6228158361222234, -0.12863542655467208, -0.9606054883129935, -0.444699645204891, 0.5855826926909444, 0.11469793569805664, -0.8579432688256161, -0.8659021575100547, 0.7794226822869286, -0.9510242777134308, 0.3856197194180435, 0.7409858750575489, 0.2488266115573894, -0.7760466903753314, -0.338360571659988, 0.4194545971226149, 0.42127265057409624, 0.47181960336635886, 0.4570180663990475, -0.6675854017187324, 0.2809575463857301, -0.5320043298738983, 0.9226647014580269, -0.6305833540054413, 0.6689823010651723, 0.5123355892178583, -0.5357754445826735, 0.018416042796636667, 0.8851226743199643, -0.5912371573232857, -0.9815685266439749, -0.9126248497048637, -0.2788868727395193, -0.7976337212123228, -0.08934787943568323, -0.8091269055747103, 0.6328844974649313, -0.9397331070878512, -0.7727906338361099, -0.42949487033210065, -0.16730255930468307, 0.7112481222520874, -0.3483170947282157, 0.7512893097796407, 0.17688033107013523, 0.23381932196275418, -0.7430054447506125, 0.052552016912979616, 0.5154374159420905, -0.9379565290266896, 0.11635289896095546, 0.482005606067184, -0.5139955808156931, 0.6279146759355708, -0.48665937384172, 0.5456487198919222, -0.9835332418362319, -0.3412485997070358, -0.6470571232330142, -0.3303371796873469, -0.7474871743071063, 0.1440131195728957, -0.4599817247478202, -0.6807938614069808, -0.369231826822813, -0.49021586792543137, 0.30586567373896023, 0.70503757701599, 0.8604711455621414, 0.554362778158479, 0.6546042233142788]
890.077392578125	(8, 12, 2)	[-0.2812381270744364, 0.47266453427501287, -0.7521666166772205, 0.9001166719740253, 0.668058612842504, 0.7125719449505317, 0.794097874201483, -0.9375577253809868, -0.5445891911674818, -0.3079275053932631, 0.36010867864262996, 0.2394727222247453, 0.9712538007638354, -0.10089416111299143, -0.2375972770141217, -0.7958488491370153, -0.23097645222674834, 0.6916440286418053, 0.8190332207859117, 0.6377326072019898, -0.7749846482200282, -0.13794802635540915, 0.9368579030243256, 0.18989595278648208, -0.4021884675703422, 0.16715834754491832, -0.7458717619284292, -0.7220020803918199, -0.9835530164288158, 0.3198586960228478, -0.8431889000457169, 0.2056580270655004, -0.5693606655256458, -0.9148838695772323, -0.006707993444780014, -0.6344694725779254, -0.2780634679135079, 0.5758826056127921, 0.6525838250632581, -0.4809088996785911, -0.814429981496219, -0.42643354020754387, 0.22371510845985743, -0.9230304610999231, -0.9080809466429474, -0.832649344755275, -0.7270092548849991, -0.4520676825766352, -0.39239530143220436, -0.24712407248040713, 0.9032017876201581, 0.22574907471744576, 0.8805832890327943, 0.5855826926909444, -0.538177520551532, -0.8579432688256161, 0.22912340887795057, 0.5688614594510952, -0.4349469335145262, 0.3975907195588142, -0.4381929504024977, 0.3803339765012571, -0.1936686093321791, 0.26307754435505415, -0.7453414713433215, 0.1010910803095999, 0.03835266070100518, 0.5419205561152409, -0.6675854017187324, -0.6027463928741903, -0.5320043298738983, -0.4478748709194782, 0.6988899090523035, 0.898775174016414, 0.5190169040467656, -0.6258887165902385, 0.018416042796636667, -0.3457417386619557, 0.823116296055818, -0.9815685266439749, -0.9698601015219261, -0.7526321348139144, 0.014149054813966666, -0.8366376110532099, -0.6763062370722601, 0.6328844974649313, 0.4786766973322456, 0.6443090414623791, -0.37326664953204536, -0.3271700253790162, -0.677053093112141, -0.955603476188295, -0.7178262729210279, -0.39053178621163154, -0.6109722854843236, -0.7430054447506125, -0.7802190880751039, -0.9747104700828388, 0.013070798298126851, -0.696314288663048, -0.21519341152569882, 0.43381940610869196, 0.6897730055855547, -0.500361823696287, 0.9956466991212971, -0.1760710869140525, -0.5844421775094848, -0.6470571232330142, -0.3303371796873469, -0.7474871743071063, 0.30347665740980156, -0.037201564356216466, -0.28279094510081637, 0.75932418813519, -0.49021586792543137, 0.20659054341890726, -0.8341472996689836, 0.8651657858212587, 0.17200338165460963, -0.7242919999641562]
1019.5306396484375	(8, 12, 2)	[-0.2812381270744364, 0.625699969138534, 0.20267157876878628, 0.9770225663127587, 0.9243987733309318, 0.6821259062473946, -0.17374839647837215, -0.9375577253809868, 0.1388946560323081, 0.10942203013001484, 0.592455562280304, 0.05794808599656909, 0.35119007237733824, -0.7847177872694809, -0.6671923177829902, -0.7133037967469653, -0.23097645222674834, 0.35129024098726425, 0.8190332207859117, 0.6377326072019898, -0.919973481174502, -0.3820469764943486, 0.04379843442877229, 0.5055956655793099, -0.30885341153683604, -0.03572789068979887, -0.7430203366544514, 0.13618563011273482, -0.18847074724850144, -0.8144651312026452, 0.6940973246691877, 0.2056580270655004, -0.5693606655256458, -0.3932129402153819, 0.7129107296440991, 0.045145149406786406, -0.3449606578319204, 0.8411903400555734, -0.024655227474426278, -0.7517646732035441, 0.6174339670326048, -0.8436547714446794, -0.45260806150291644, -0.9230304610999231, -0.9080809466429474, 0.5498333415942798, -0.9094296769283396, -0.8374404404542284, -0.37171789592463855, -0.008568235388715317, -0.8409946123813851, 0.8279651544172495, 0.3282523786949061, 0.5855826926909444, -0.9513790199270591, -0.8579432688256161, 0.05513605477126449, 0.5651161442962132, -1.0, -0.4947886199195741, 0.5253929037330363, 0.2956715883151353, -0.08247674626167512, -0.7487047830906071, -0.5310984476353096, 0.1010910803095999, -0.13257599040982315, -0.613241200199518, 0.8315071695200433, 0.43079355290966725, -0.4363931940576309, 0.9319717422398117, -0.5782324997852775, -0.3038180670424695, 0.5123355892178583, 0.7122449509139284, 0.018416042796636667, -0.2379459039062537, 0.9307291077659541, -0.9815685266439749, -0.9698601015219261, -0.9082437489191968, -0.7747050263603459, -0.08934787943568323, 0.06678442912975213, 0.4770874035531505, 0.6695830246182835, -0.7727906338361099, -0.42949487033210065, -0.38155923784814005, 0.45757504266486304, -0.42647758959222637, 0.7512893097796407, 0.17688033107013523, 0.5615517572690425, -0.7430054447506125, 0.052552016912979616, 0.41287912118989417, -0.9379565290266896, 0.4312143899906955, 0.47701929316407576, -0.5139955808156931, 0.9927057535211246, -0.7737680795593838, 0.7322729668565702, 0.25262241797149027, 0.925794790366796, 0.5017852968794144, -0.3303371796873469, -0.7287979108767895, 0.21818033006135917, 0.1340174723285017, -0.6807938614069808, -0.37176139997308044, -0.11168337902766634, 0.20659054341890726, -0.8341472996689836, -0.3656165732871124, 0.554362778158479, 0.6643899772247468]
1019.8980712890625	(8, 12, 2)	[-0.5369638265912657, 0.625699969138534, 0.40171388476314607, -0.34305898594729833, 0.7855748754294596, 0.7560167365677433, 0.794097874201483, -1.0, -0.5445891911674818, -0.3079275053932631, 0.592455562280304, 0.921132486317821, 0.35119007237733824, 0.6576229257583368, -0.6671923177829902, -0.4372602439878639, 0.08386569070336836, -0.2911788578265273, 0.8190332207859117, 0.5530579687436374, -0.2572075090757552, -0.3820469764943486, -0.429887518537436, 0.22293966039349056, -0.4021884675703422, 0.16715834754491832, 0.5314046613580858, -0.7220020803918199, -0.38136719044140777, -0.8763840661931408, -0.4985105979805744, 0.003611962641637545, 0.43045259764658983, -0.9148838695772323, -0.9132128799868184, 0.2610257595519283, -0.7405967537906617, -0.8750893801338536, 0.13010540498876377, -0.4809088996785911, 0.6174339670326048, -0.8436547714446794, 0.07214052494670797, 0.2249288512040255, -0.23280626819144984, 0.05202920740878536, 0.17824951449744697, 0.8813033746395165, 0.22485101916576533, -0.8113005551104291, -0.12863542655467208, -0.37707099264020405, 0.3282523786949061, 0.4794283051089472, -0.943100909293243, -0.8579432688256161, -0.03756666746541226, 0.5688614594510952, 0.4264961127768254, -0.07040968596427732, 0.5930324410171337, 0.5909595693294114, 0.7986232964365608, -0.23592129374523862, -0.7453414713433215, 0.30500824545826033, -0.38876675689857376, 0.2967966547598755, 0.1554271606058759, -0.6027463928741903, -0.20909261537859103, 0.008577319326864341, -0.09232539473840617, -0.3038180670424695, 0.5123355892178583, -0.6258887165902385, -0.8280990472092791, -0.4982938622239881, -0.8756705623263534, 0.8711797896532083, -0.9698601015219261, 0.14264980759805748, -0.1342559688876659, -0.8614959656388528, -0.6763062370722601, -0.5032028695941295, 0.33732306494881537, -0.7727906338361099, -0.42949487033210065, -0.38155923784814005, -0.677053093112141, -0.454321051431143, 0.24278589985539778, 0.17688033107013523, 0.25858768469898274, -0.7430054447506125, 0.6255942460754276, 0.42154480443910236, 0.5720323412737295, -0.8035172586019657, 0.47701929316407576, -0.32830860921559046, 0.6897730055855547, -0.2815181794011625, 0.7322729668565702, -0.3070140997571127, -0.3412485997070358, -0.7280509891691576, -0.8144045501622725, 0.6903724378189224, 0.19438010939048866, 0.1340174723285017, -0.6807938614069808, -0.19119765119402476, 0.18946245262704808, -0.6588556850533254, -0.8341472996689836, -0.3656165732871124, -0.5944299975152303, -0.006027042286527395]
1019.9505615234375	(8, 12, 2)	[-0.2812381270744364, 0.625699969138534, 0.20267157876878628, 0.9770225663127587, 0.9243987733309318, 0.6821259062473946, -0.17374839647837215, -0.9063952849675154, 0.45707183959331177, 0.10942203013001484, -0.09554314870821212, 0.05794808599656909, 0.9712538007638354, -0.8375533779480502, 0.08976045592487444, -0.7133037967469653, -0.12567212500046313, 0.35129024098726425, 0.8190332207859117, 0.5530579687436374, -0.919973481174502, -0.35640930574553487, 0.04379843442877229, 0.5055956655793099, -0.4021884675703422, -0.03572789068979887, -0.7430203366544514, 0.13618563011273482, -0.18847074724850144, -0.6082671688515957, -0.8431889000457169, 0.2056580270655004, -0.5693606655256458, -0.3932129402153819, 0.7129107296440991, 0.13871817675674408, -0.2780634679135079, -0.6231843925247322, 0.5857716511801724, -0.7517646732035441, 0.6174339670326048, -0.14536072392787092, -0.45260806150291644, 0.4130228042508137, -0.9080809466429474, 0.05202920740878536, -0.9948883281453629, 0.5850437559080357, -0.37171789592463855, -0.008568235388715317, -0.12863542655467208, -0.20042544860373934, 0.3282523786949061, 0.5855826926909444, 0.11469793569805664, 0.9253100330239077, -0.03756666746541226, 0.5688614594510952, -0.4349469335145262, -0.07040968596427732, 0.1727594664423331, 0.3803339765012571, 0.7715058981418832, -0.7487047830906071, -0.7453414713433215, 0.1010910803095999, -0.13257599040982315, -0.42707193686757194, -0.6675854017187324, 0.43079355290966725, -0.4363931940576309, -0.512414772123758, -0.5782324997852775, -0.6216068424780281, 0.5123355892178583, -0.5357754445826735, 0.018416042796636667, -0.2379459039062537, 0.9307291077659541, -0.9815685266439749, 0.300430108474826, -0.9082437489191968, -0.7747050263603459, -0.08934787943568323, -0.8091269055747103, 0.4770874035531505, 0.03643894690499594, -0.7727906338361099, -0.42949487033210065, -0.38155923784814005, 0.45757504266486304, -0.47832053284601006, 0.7512893097796407, 0.17688033107013523, 0.5615517572690425, -0.7430054447506125, 0.052552016912979616, 0.5154374159420905, -0.9379565290266896, 0.4312143899906955, 0.47701929316407576, -0.5139955808156931, 0.6897730055855547, 0.3963245379985432, 0.7322729668565702, 0.25262241797149027, 0.9133764340958379, 0.17239722904699017, -0.8144045501622725, -0.7287979108767895, 0.4152077917723591, -0.037201564356216466, -0.6807938614069808, -0.37176139997308044, -0.11168337902766634, 0.20659054341890726, -0.8341472996689836, -0.3656165732871124, 0.554362778158479, -0.7242919999641562]
1018.6138305664062	(8, 12, 2)	[-0.5785978467153639, 0.625699969138534, 0.40171388476314607, 0.9770225663127587, 0.9243987733309318, 0.6821259062473946, -0.17374839647837215, -0.9375577253809868, -0.04854287662508194, 0.10942203013001484, -0.00449695899233804, 0.2394727222247453, -0.4898727659187896, -0.43502239692308214, 0.43719204508813103, 0.3351388582620407, 0.001284711780746628, 0.635984893313357, -0.17955273490284984, -0.6416299169533697, -0.819435621868013, 0.7603334454927426, 0.04578889219545019, 0.48722653827645224, -0.2272016113508113, -0.5594514068666916, -0.7458717619284292, -0.9887748761383746, -0.18847074724850144, -0.8609571075223692, -0.5778607622144875, 0.29289741981425377, -0.5693606655256458, 0.40214973669137044, 0.8800515612417346, 0.2610257595519283, -0.08031382914146312, 0.1442248221435736, 0.13010540498876377, 0.4347867246553805, -0.7671106701030463, -0.14536072392787092, -0.45260806150291644, 0.2249288512040255, -0.9080809466429474, 0.5498333415942798, -0.6916557777152151, -0.5578701963612314, -0.37171789592463855, -0.4087090320947502, -0.12863542655467208, -0.8042322319847908, 0.3282523786949061, 0.5855826926909444, -0.943100909293243, -0.8579432688256161, -0.8659021575100547, 0.5688614594510952, 0.5581719241912839, -0.07040968596427732, 0.2569584227117534, 0.4449745172080595, -0.5256037553434185, -0.338360571659988, -0.6499283715553013, 0.1010910803095999, 0.03835266070100518, 0.2967966547598755, 0.2603969733680296, 0.2809575463857301, -0.7623841762926946, -0.4478748709194782, -0.6305833540054413, 0.6689823010651723, 0.5123355892178583, 0.7122449509139284, 0.018416042796636667, 0.8851226743199643, 0.823116296055818, 0.8711797896532083, 0.300430108474826, 0.14264980759805748, 0.6998081211703151, -0.8366376110532099, -0.2577861038602427, 0.08632273207603475, -0.9397331070878512, -0.7727906338361099, -0.29693293472247606, -0.38155923784814005, -0.677053093112141, -0.454321051431143, -0.7178262729210279, 0.17688033107013523, -0.7232871171992401, 0.5689428913998427, -0.7802190880751039, 0.42154480443910236, -0.19059674830762918, -0.438760512134156, 0.482005606067184, -0.5139955808156931, -0.458315847162599, -0.2815181794011625, 0.7322729668565702, 0.25262241797149027, -0.3412485997070358, 0.1479638280759548, -0.4844597088448237, -0.669056531560954, 0.19438010939048866, 0.33665104452678785, -0.6807938614069808, -0.19119765119402476, -0.49021586792543137, 0.6464397721227761, -0.8341472996689836, -0.32260099488751504, 0.554362778158479, -0.7242919999641562]
1019.9348754882812	(8, 12, 2)	[-0.0989249322888257, 0.23547308087225427, -0.7521666166772205, 0.9001166719740253, 0.7855748754294596, -0.423447555335529, 0.794097874201483, -0.9375577253809868, -0.5445891911674818, 0.39189378837330935, -0.5656945873442032, 0.2394727222247453, 0.6577288166583646, 0.32126026682681896, -0.6671923177829902, -0.17914740692394027, 0.08386569070336836, -0.2911788578265273, 0.8190332207859117, 0.6377326072019898, -0.7749846482200282, -0.13794802635540915, -0.429887518537436, 0.22293966039349056, -0.2272016113508113, -0.37747484320877667, -0.7430203366544514, -0.7220020803918199, -0.18847074724850144, 0.3198586960228478, 0.6940973246691877, 0.29289741981425377, -0.5693606655256458, -0.9148838695772323, 0.8800515612417346, 0.2191270316657481, -0.2780634679135079, -0.6231843925247322, 0.13010540498876377, -0.7517646732035441, -0.4038833969511202, -0.42643354020754387, -0.6441874001917964, 0.4130228042508137, -0.9080809466429474, 0.05202920740878536, -0.7270092548849991, -0.8374404404542284, 0.22485101916576533, -0.8547160489179257, -0.757746474259896, -0.37707099264020405, 0.8805832890327943, 0.5855826926909444, -0.9513790199270591, -0.8579432688256161, 0.05513605477126449, 0.5688614594510952, 0.4264961127768254, -0.4947886199195741, 0.7409858750575489, 0.3803339765012571, -0.08247674626167512, 0.26307754435505415, -0.7453414713433215, 0.579313031803484, 0.47181960336635886, 0.4570180663990475, -0.6675854017187324, -0.6027463928741903, -0.4815994044947261, 0.008577319326864341, -0.09232539473840617, -0.6216068424780281, 0.5190169040467656, -0.6258887165902385, -0.8280990472092791, -0.3457417386619557, -0.8756705623263534, -0.9815685266439749, -0.9698601015219261, -0.7526321348139144, -0.7819083834587306, -0.8366376110532099, -0.2577861038602427, -0.5032028695941295, 0.4786766973322456, -0.7727906338361099, -0.11488683115862663, -0.38155923784814005, 0.45757504266486304, -0.47832053284601006, -0.7178262729210279, 0.17688033107013523, -0.26004669688049176, -0.7430054447506125, 0.6255942460754276, -0.9747104700828388, 0.5720323412737295, -0.7489619594682719, -0.7205316322649644, -0.5139955808156931, 0.6897730055855547, -0.48665937384172, 0.7322729668565702, -0.3736934260763338, -0.5844421775094848, -0.6470571232330142, -0.7029532965278289, -0.669056531560954, 0.21818033006135917, 0.1340174723285017, -0.28279094510081637, -0.16196218209067426, 0.18946245262704808, -0.6588556850533254, 0.70503757701599, 0.7113991490591745, 0.554362778158479, -0.006027042286527395]
1019.9237060546875	(8, 12, 2)	[-0.5785978467153639, 0.23547308087225427, 0.10138223900421495, -0.45354913908929584, 0.668058612842504, 0.7560167365677433, 0.794097874201483, -0.9008643358521189, 0.45707183959331177, 0.29719672328790914, 0.3071129158737145, 0.05794808599656909, 0.9712538007638354, 0.32126026682681896, -0.2375972770141217, -0.17914740692394027, -0.23097645222674834, -0.8745960128450427, 0.8190332207859117, -0.20026266351855035, 0.6603722039181089, 0.3058255835356727, -0.46036832625051605, 0.18989595278648208, 0.8354832809634882, -0.37747484320877667, -0.7430203366544514, -0.7220020803918199, 0.060823149479372285, -0.8144651312026452, -0.8431889000457169, 0.29289741981425377, -0.5693606655256458, -0.6831886811055992, 0.6381183354445877, 0.7439163267419063, -0.08031382914146312, -0.7648876473511642, 0.3906881662252395, -0.7517646732035441, 0.1505508355619991, 0.9470550632527832, 0.07214052494670797, 0.4130228042508137, -0.23280626819144984, 0.05202920740878536, -0.6916557777152151, 0.8813033746395165, 0.22485101916576533, -0.7162240325388405, 0.9032017876201581, -0.20042544860373934, 0.3282523786949061, -0.06761817280652116, -0.9513790199270591, -0.8579432688256161, -0.03756666746541226, 0.5688614594510952, -1.0, -0.07040968596427732, 0.2569584227117534, 0.3803339765012571, -0.5287219784418178, -0.338360571659988, 0.4194545971226149, 0.1010910803095999, -0.38876675689857376, 0.4570180663990475, 0.6118167000832424, 0.7789298853673681, -0.4815994044947261, -0.4478748709194782, -0.09232539473840617, 0.6689823010651723, 0.43565277286333326, -0.5357754445826735, -0.25294076303152824, 0.8851226743199643, -0.5282530319671138, -0.8339749357677968, -0.9698601015219261, -0.08239229699176986, -0.7819083834587306, -0.8366376110532099, -0.6763062370722601, 0.6328844974649313, 0.4786766973322456, 0.73445011746059, -0.29693293472247606, -0.38155923784814005, -0.677053093112141, -0.027376856512758785, 0.7512893097796407, 0.17688033107013523, 0.25858768469898274, 0.543031189705298, -0.7802190880751039, -0.9747104700828388, -0.9379565290266896, 0.4312143899906955, 0.47701929316407576, -0.6032420232416351, 0.6897730055855547, -0.500361823696287, 0.003539706746251703, -0.9835332418362319, 0.925794790366796, 0.5893386871024389, -0.7029532965278289, -0.9453291664168334, 0.438059363330803, 0.1340174723285017, -0.08785978167758457, -0.19119765119402476, 0.18946245262704808, 0.20659054341890726, -0.8341472996689836, -0.7472918610699131, 0.554362778158479, 0.6546042233142788]
1019.9493408203125	(8, 12, 2)	[-0.2812381270744364, 0.625699969138534, 0.20267157876878628, 0.9770225663127587, 0.9243987733309318, 0.7125719449505317, 0.794097874201483, -0.9063952849675154, -0.5445891911674818, 0.29719672328790914, -0.4014193042346419, 0.05794808599656909, 0.9712538007638354, 0.32126026682681896, -0.6762330405965811, -0.7133037967469653, 0.08386569070336836, 0.35129024098726425, 0.8190332207859117, 0.6377326072019898, 0.5692157212527735, -0.08582456819043877, -0.8426999827998669, 0.48722653827645224, -0.4021884675703422, 0.16715834754491832, -1.0, 0.13618563011273482, -0.18847074724850144, -0.8144651312026452, -0.4985105979805744, 0.29289741981425377, 0.13481677965924654, -0.3932129402153819, -0.9132128799868184, 0.2610257595519283, -0.6025564127775043, 0.1442248221435736, 0.3906881662252395, 0.4347867246553805, 0.6174339670326048, -0.14536072392787092, -0.45260806150291644, 0.2249288512040255, -0.9080809466429474, 0.615371013286939, -0.9948883281453629, -0.8374404404542284, -0.37171789592463855, -0.8547160489179257, -0.757746474259896, -0.8042322319847908, 0.3282523786949061, 0.5855826926909444, -0.9513790199270591, -0.3445225577748101, 0.05513605477126449, 0.5688614594510952, 0.5581719241912839, 0.3975907195588142, -0.4381929504024977, 0.3803339765012571, -0.5287219784418178, 0.10037216071603694, -0.7453414713433215, 0.1010910803095999, -0.13257599040982315, -0.613241200199518, -0.41474300558774124, -0.3726828094245904, -0.5320043298738983, 0.4423189461749763, -0.5782324997852775, -0.6216068424780281, -0.10713665333611806, -0.5357754445826735, 0.018416042796636667, -0.2379459039062537, 0.5491190289642469, -0.9815685266439749, -0.9698601015219261, -0.08239229699176986, -0.3518500402108049, -0.08934787943568323, -0.2577861038602427, 0.4770874035531505, 0.03643894690499594, 0.73445011746059, 0.8603144803988589, -0.38155923784814005, 0.45757504266486304, -0.42647758959222637, 0.29415710555353436, 0.17688033107013523, -0.6109722854843236, -0.9234039998598504, -0.7802190880751039, 0.41287912118989417, 0.013070798298126851, 0.4312143899906955, -0.21519341152569882, -0.4482654275539022, 0.9927057535211246, 0.3963245379985432, 0.7322729668565702, -0.9835332418362319, -0.5844421775094848, 0.1479638280759548, -0.8144045501622725, -0.7287979108767895, 0.21818033006135917, -0.037201564356216466, -0.08785978167758457, -0.37176139997308044, -0.49021586792543137, -0.27503887109405684, 0.70503757701599, 0.8604711455621414, 0.554362778158479, 0.034475153977823914]
1018.1490478515625	(8, 12, 2)	[-0.5785978467153639, 0.47266453427501287, 0.5103987764773237, 0.8166067431954234, -0.7316158104593526, -0.423447555335529, 0.8933342299806023, -0.9375577253809868, -0.5445891911674818, 0.10942203013001484, -0.5656945873442032, 0.05794808599656909, 0.9712538007638354, 0.32126026682681896, 0.43719204508813103, -0.7958488491370153, 0.001284711780746628, -0.47677056256932104, 0.4488412243349942, 0.5483197542145511, 0.6603722039181089, 0.3058255835356727, -0.46036832625051605, 0.6579093188934273, -0.4021884675703422, -0.37747484320877667, 0.46860086198844886, -0.9887748761383746, 0.060823149479372285, -0.6082671688515957, -0.4985105979805744, 0.2056580270655004, 0.43045259764658983, 0.40214973669137044, 0.8800515612417346, 0.7439163267419063, -0.2780634679135079, 0.5758826056127921, 0.6525838250632581, -0.7517646732035441, 0.1505508355619991, -0.7978566416355326, -0.6441874001917964, 0.4130228042508137, 0.7242337283020603, -0.82283154098461, -0.9948883281453629, 0.9295637916264552, 0.12845853656399098, -0.008568235388715317, -0.12863542655467208, -0.8042322319847908, 0.8805832890327943, 0.5855826926909444, 0.11469793569805664, -0.8579432688256161, 0.05513605477126449, 0.7419757344542455, 0.5581719241912839, 0.024823720447252937, 0.5930324410171337, 0.5909595693294114, -0.5256037553434185, -0.338360571659988, -0.7453414713433215, 0.1010910803095999, 0.03835266070100518, 0.4604457771164333, 0.2603969733680296, -0.6027463928741903, -0.5320043298738983, 0.008577319326864341, 0.6988899090523035, 0.21248449387819401, 0.43565277286333326, 0.678583160583123, 0.018416042796636667, 0.8851226743199643, 0.9307291077659541, -0.9815685266439749, -0.3767922864106241, -0.08239229699176986, 0.6998081211703151, -0.5646251543356038, -0.8091269055747103, -0.8746388870041255, 0.6695830246182835, 0.19173436691341025, 0.8603144803988589, -0.38155923784814005, 0.323974330216384, -0.027376856512758785, 0.7512893097796407, 0.17688033107013523, -0.6109722854843236, -0.9234039998598504, -0.7802190880751039, 0.42154480443910236, -0.19059674830762918, 0.5398295152358772, 0.482005606067184, -0.5139955808156931, -0.458315847162599, -0.48665937384172, 0.39120177293367075, -0.340894013907574, -0.3412485997070358, -0.6470571232330142, -0.7029532965278289, -0.7474871743071063, 0.19438010939048866, 0.1340174723285017, -0.28279094510081637, -0.45539554095348334, -0.49021586792543137, -0.6588556850533254, -0.9454808198047091, 0.8651657858212587, -0.5944299975152303, -0.7242919999641562]
1019.9226684570312	(8, 12, 2)	[-0.5785978467153639, 0.625699969138534, -0.7521666166772205, -0.45354913908929584, 0.668058612842504, 0.7560167365677433, -0.2531302554631469, -0.20735151256562268, -0.5445891911674818, 0.29719672328790914, -0.4014193042346419, 0.05794808599656909, 0.9712538007638354, -0.10089416111299143, -0.2375972770141217, -0.7958488491370153, 0.490117891883898, -0.8745960128450427, 0.8190332207859117, 0.6377326072019898, -0.40210672127894787, -0.3820469764943486, -0.46036832625051605, 0.18989595278648208, -0.2272016113508113, -0.37747484320877667, 0.46860086198844886, -0.9887748761383746, -0.22529555861597195, -0.8144651312026452, -0.8431889000457169, 0.29289741981425377, 0.43045259764658983, -0.6831886811055992, -0.006707993444780014, 0.2191270316657481, -0.2780634679135079, -0.7648876473511642, 0.3906881662252395, -0.7517646732035441, 0.6174339670326048, -0.8436547714446794, -0.45260806150291644, -0.5673133936217059, -0.9080809466429474, -0.82283154098461, -0.5820894372684151, -0.8374404404542284, -0.9769201774253571, -0.7162240325388405, -0.678075308022805, -0.20042544860373934, 0.3282523786949061, 0.5855826926909444, -0.9513790199270591, 0.16044205567889303, 0.05513605477126449, 0.215054890347403, 0.5581719241912839, 0.024823720447252937, -0.4381929504024977, 0.3803339765012571, 0.7715058981418832, -0.7487047830906071, -0.7453414713433215, 0.579313031803484, 0.47181960336635886, -0.22680004834301104, 0.6118167000832424, -0.3726828094245904, -0.4363931940576309, -0.4478748709194782, -0.5782324997852775, 0.6689823010651723, 0.5123355892178583, 0.7122449509139284, 0.018416042796636667, -0.35103798315916834, 0.823116296055818, -0.9498510001879077, 0.300430108474826, -0.08239229699176986, 0.6998081211703151, -0.1887024796631711, -0.2577861038602427, 0.4770874035531505, -0.42902958859160056, 0.73445011746059, 0.8603144803988589, -0.16730255930468307, 0.2407822885703521, -0.42647758959222637, 0.29415710555353436, -0.39053178621163154, -0.5767712856769499, 0.543031189705298, -0.7802190880751039, 0.41287912118989417, 0.013070798298126851, 0.31615854341232374, -0.21519341152569882, -0.4482654275539022, 0.6897730055855547, 0.44586025705915294, 0.7322729668565702, 0.19252592964184828, -0.3412485997070358, 0.5893386871024389, -0.4844597088448237, -0.349345658943212, 0.21818033006135917, 0.33665104452678785, -0.08785978167758457, -0.19119765119402476, 0.18946245262704808, -0.6588556850533254, -0.8341472996689836, -0.3656165732871124, 0.554362778158479, -0.006027042286527395]
1018.736083984375	(8, 12, 2)	[-0.2812381270744364, 0.2542439066065436, -0.7521666166772205, 0.9770225663127587, 0.668058612842504, -0.423447555335529, 0.794097874201483, 0.77459090985932, -0.5445891911674818, 0.29719672328790914, 0.3071129158737145, 0.05794808599656909, 0.35119007237733824, -0.7847177872694809, 0.43719204508813103, -0.7133037967469653, -0.2458180731136741, 0.6916440286418053, 0.5266920803751172, -0.20026266351855035, -0.22542306242372567, -0.2865894312030605, 0.9368579030243256, 0.48722653827645224, -0.2272016113508113, 0.16715834754491832, 0.46860086198844886, 0.015834117230759448, 0.04607973447123448, -0.8609571075223692, -0.2043390196633043, 0.2056580270655004, -0.4587505790551448, -0.9148838695772323, 0.6986539438662598, 0.7439163267419063, -0.10954753868642636, 0.5758826056127921, 0.3906881662252395, 0.4347867246553805, 0.6174339670326048, -0.8436547714446794, -0.45260806150291644, 0.4130228042508137, -0.23280626819144984, 0.05202920740878536, -0.9948883281453629, 0.7843512368248495, -0.9769201774253571, -0.8547160489179257, -0.12863542655467208, -0.8042322319847908, 0.3282523786949061, 0.5855826926909444, 0.14701593007639732, 0.16044205567889303, -0.03756666746541226, 0.7419757344542455, 0.5581719241912839, 0.3975907195588142, 0.5604742368051843, 0.3803339765012571, -0.4648973098759631, -0.338360571659988, 0.4194545971226149, 0.1010910803095999, 0.47181960336635886, 0.41627378888687305, 0.3654405016017048, -0.6027463928741903, -0.5320043298738983, 0.4423189461749763, 0.6988899090523035, -0.6216068424780281, -0.8417635986237153, 0.6167380474345376, 0.018416042796636667, 0.979226367568235, 0.5491190289642469, -0.9815685266439749, 0.300430108474826, -0.08239229699176986, -0.3518500402108049, -0.07291542386066086, 0.9528330063461132, 0.6328844974649313, 0.4786766973322456, 0.6443090414623791, 0.8603144803988589, -0.38155923784814005, -0.3744653809043612, -0.47832053284601006, 0.7512893097796407, 0.17688033107013523, -0.6109722854843236, -0.9234039998598504, 0.6255942460754276, 0.41287912118989417, -0.9379565290266896, 0.4312143899906955, -0.7205316322649644, -0.5139955808156931, 0.9927057535211246, -0.500361823696287, 0.7322729668565702, -0.3070140997571127, -0.26425595949844827, -0.7280509891691576, -0.7029532965278289, 0.5232299939978048, 0.21818033006135917, 0.1340174723285017, -0.28279094510081637, -0.45539554095348334, -0.49021586792543137, 0.20659054341890726, -0.8341472996689836, -0.3656165732871124, 0.554362778158479, 0.13674312945356903]
1019.9268188476562	(8, 12, 2)	[-0.2812381270744364, 0.7633487434653375, -0.7521666166772205, 0.9770225663127587, 0.7855748754294596, -0.423447555335529, 0.794097874201483, -0.9375577253809868, 0.43387400224622, 0.39189378837330935, -0.09554314870821212, -0.7914735727609454, -0.4898727659187896, -0.36806086788848646, -0.6671923177829902, -0.7133037967469653, -0.23097645222674834, -0.8745960128450427, 0.8190332207859117, -0.6416299169533697, -0.7749846482200282, -0.2865894312030605, -0.26909159621595014, 0.22293966039349056, -0.4021884675703422, -0.5594514068666916, 0.46860086198844886, -0.9887748761383746, 0.060823149479372285, 0.3198586960228478, -0.5778607622144875, 0.2056580270655004, -0.5693606655256458, -0.9148838695772323, 0.7129107296440991, 0.7439163267419063, -0.2780634679135079, -0.9315952120563573, 0.5857716511801724, -0.9152162445718571, -0.4038833969511202, -0.42643354020754387, 0.07214052494670797, -0.5673133936217059, -0.23280626819144984, 0.615371013286939, -0.9948883281453629, -0.8374404404542284, 0.22485101916576533, -0.8547160489179257, -0.757746474259896, -0.8042322319847908, -0.7663118948366534, 0.4794283051089472, -0.9513790199270591, 0.7867273885311423, -0.8659021575100547, 0.5688614594510952, 0.5581719241912839, 0.3975907195588142, 0.7409858750575489, 0.5909595693294114, -0.5256037553434185, -0.23592129374523862, 0.1778147878505918, 0.1010910803095999, 0.47181960336635886, 0.4570180663990475, 0.3883194670847404, -0.6027463928741903, -0.4363931940576309, -0.4478748709194782, 0.6988899090523035, -0.6216068424780281, 0.43565277286333326, 0.678583160583123, 0.623244239510691, -0.35103798315916834, 1.0, -0.9498510001879077, 0.300430108474826, -0.08239229699176986, -0.8844323621225193, -0.8366376110532099, -0.8091269055747103, 0.4770874035531505, 0.6695830246182835, 0.73445011746059, 0.8603144803988589, -0.38155923784814005, -0.677053093112141, -0.454321051431143, -0.8825111348941312, 0.17688033107013523, 0.25858768469898274, 0.5689428913998427, -0.17925601804576785, 0.5154374159420905, 0.5720323412737295, 0.11635289896095546, -0.7205316322649644, -0.5139955808156931, 0.6897730055855547, 0.3963245379985432, 0.7322729668565702, -0.9835332418362319, -0.3412485997070358, 0.5893386871024389, -0.4844597088448237, -0.5624381788459523, 0.21818033006135917, 0.1340174723285017, 0.12228174827822169, -0.45539554095348334, -0.49021586792543137, 0.4386360677105614, -0.8341472996689836, -0.32260099488751504, 0.46587156488299214, -0.006027042286527395]
1019.9591674804688	(8, 12, 2)	[-0.2812381270744364, 0.23547308087225427, 0.5103987764773237, -0.34305898594729833, -0.7316158104593526, 0.6821259062473946, 0.794097874201483, -0.20735151256562268, 0.45707183959331177, 0.10942203013001484, -0.4014193042346419, 0.05794808599656909, 0.9712538007638354, 0.32126026682681896, 0.47694535602726784, -0.7133037967469653, -0.2458180731136741, -0.47677056256932104, 0.4488412243349942, 0.5415832664832598, 0.5692157212527735, -0.2865894312030605, 0.04379843442877229, 0.48722653827645224, 0.8354832809634882, 0.16715834754491832, 0.46860086198844886, 0.13618563011273482, -0.22529555861597195, -0.6949656595931145, -0.8431889000457169, 0.08096097383111878, 0.43045259764658983, -0.3932129402153819, -0.006707993444780014, 0.13871817675674408, -0.2780634679135079, -0.9315952120563573, -0.024655227474426278, 0.4347867246553805, 0.1505508355619991, -0.42643354020754387, -0.45260806150291644, 0.2249288512040255, -0.8352307638225555, -0.82283154098461, -0.6916557777152151, 0.8813033746395165, -0.28015971224163916, -0.4087090320947502, -0.12863542655467208, -0.20042544860373934, 0.3282523786949061, 0.5855826926909444, -0.9513790199270591, -0.8579432688256161, 0.05513605477126449, 0.215054890347403, 0.5581719241912839, 0.3975907195588142, -0.4381929504024977, 0.3803339765012571, -0.5256037553434185, -0.338360571659988, -0.7453414713433215, 0.1010910803095999, -0.38876675689857376, 0.2336778410633633, 0.3654405016017048, -0.6027463928741903, -0.5320043298738983, -0.4478748709194782, 0.6988899090523035, 0.6689823010651723, -0.09852166253017614, -0.5357754445826735, 0.018416042796636667, -0.4982938622239881, -0.5282530319671138, -0.16012234591046082, -0.9698601015219261, -0.08239229699176986, -0.3518500402108049, -0.1887024796631711, -0.2577861038602427, 0.6328844974649313, 0.33732306494881537, 0.73445011746059, 0.8603144803988589, -0.38155923784814005, 0.323974330216384, -0.454321051431143, -0.11886075310216372, 0.492710239124704, 0.25858768469898274, -0.9234039998598504, -1.0, 0.41287912118989417, -0.9379565290266896, -0.8035172586019657, -0.7205316322649644, -0.4482654275539022, 0.9927057535211246, -0.40633735752115474, 0.7322729668565702, -0.9835332418362319, -0.5844421775094848, 0.09845576736038208, -0.3303371796873469, -0.7474871743071063, 0.4152077917723591, -0.037201564356216466, -0.28279094510081637, -0.45539554095348334, -0.49021586792543137, 0.20659054341890726, -0.8341472996689836, -0.32260099488751504, 0.554362778158479, 0.6546042233142788]
1019.9393920898438	(8, 12, 2)	[-0.5785978467153639, 0.23547308087225427, 0.20267157876878628, -0.45354913908929584, -0.7316158104593526, 0.7748715921610645, 0.794097874201483, -0.9008643358521189, 0.45707183959331177, 0.39189378837330935, -0.09554314870821212, 0.05794808599656909, -0.10579443171688796, 0.4047400668139425, -0.6671923177829902, 0.3351388582620407, 0.001284711780746628, 0.35129024098726425, 0.8190332207859117, 0.6377326072019898, -0.919973481174502, -0.3322585007400822, 0.04379843442877229, -0.8431608484003459, 0.8354832809634882, -0.37747484320877667, -0.7430203366544514, -0.7220020803918199, -0.18847074724850144, -0.8609571075223692, -0.4985105979805744, 0.14653057737040143, -0.35864320901375146, -0.9148838695772323, 0.8800515612417346, -0.6344694725779254, -0.2780634679135079, -0.9315952120563573, 0.3906881662252395, 0.4347867246553805, -0.4038833969511202, -0.42643354020754387, -0.6441874001917964, 0.4130228042508137, -0.5209473711272126, 0.05202920740878536, -0.9948883281453629, 0.8813033746395165, -1.0, -0.8113005551104291, -0.757746474259896, -0.8042322319847908, 0.3282523786949061, 0.09112478569501792, -0.9513790199270591, -0.8579432688256161, 0.05513605477126449, 0.7419757344542455, -1.0, 0.024823720447252937, 0.5930324410171337, 0.3803339765012571, -0.5287219784418178, 0.26307754435505415, 0.4194545971226149, 0.1010910803095999, 0.47181960336635886, -0.42707193686757194, 0.2603969733680296, -0.6027463928741903, 0.3659089038025174, -0.4478748709194782, 0.6988899090523035, -0.6216068424780281, -0.8417635986237153, -0.6771135245664982, -0.8280990472092791, 0.8851226743199643, 0.823116296055818, -0.9815685266439749, -0.9698601015219261, -0.08239229699176986, -0.7819083834587306, -0.1887024796631711, -0.2577861038602427, 0.14842546693048023, 0.03643894690499594, 0.39945108392970563, 0.8603144803988589, -0.38155923784814005, -0.677053093112141, -0.42647758959222637, 0.7512893097796407, 0.17688033107013523, 0.25858768469898274, -0.9234039998598504, 0.6255942460754276, 0.5154374159420905, 0.013070798298126851, 0.5398295152358772, 0.47701929316407576, -0.5139955808156931, 0.9927057535211246, 0.3963245379985432, 0.39120177293367075, -0.3736934260763338, 0.925794790366796, 0.1479638280759548, -0.06945118101567416, -0.7287979108767895, 0.19438010939048866, 0.1340174723285017, -0.28279094510081637, -0.45539554095348334, -0.49021586792543137, -0.6588556850533254, 0.9518317379735124, 0.8651657858212587, 0.554362778158479, -0.006027042286527395]
1019.7530517578125	(8, 12, 2)	[-0.2812381270744364, 0.47266453427501287, 0.10138223900421495, 0.9770225663127587, 0.668058612842504, 0.7560167365677433, 0.6957466222587583, -0.9063952849675154, -0.5445891911674818, 0.29719672328790914, -0.4014193042346419, 0.05794808599656909, 0.31907882631247786, -0.10089416111299143, -0.7708191881682367, -0.17914740692394027, 0.001284711780746628, 0.35129024098726425, 0.8190332207859117, 0.5415832664832598, 0.5692157212527735, -0.3820469764943486, 0.04379843442877229, 0.18989595278648208, -0.2272016113508113, -0.30080167070596375, 0.46860086198844886, -1.0, -0.22529555861597195, -0.8144651312026452, -0.4985105979805744, 0.003611962641637545, 0.43045259764658983, -0.01765159167261099, -0.9132128799868184, 0.13871817675674408, -0.9782925135616325, -0.9315952120563573, 0.3906881662252395, 0.4347867246553805, 0.06817792566037428, -0.42643354020754387, -0.6441874001917964, 0.4130228042508137, -0.9080809466429474, 0.615371013286939, -0.9948883281453629, 0.8813033746395165, -0.9769201774253571, -0.8547160489179257, -0.12863542655467208, -0.8042322319847908, 0.8805832890327943, 0.5855826926909444, -0.7682126524755748, 0.16044205567889303, -0.03756666746541226, 0.5688614594510952, 0.5581719241912839, 0.3975907195588142, 0.5604742368051843, 0.5909595693294114, -0.5256037553434185, 0.26307754435505415, -0.7453414713433215, 0.1010910803095999, -0.38876675689857376, -0.22680004834301104, 0.6118167000832424, -0.6027463928741903, -0.4363931940576309, 0.4423189461749763, -0.09232539473840617, -0.6216068424780281, 0.5190169040467656, 0.6167380474345376, 0.018416042796636667, -0.4982938622239881, 0.5491190289642469, -0.16012234591046082, -0.9698601015219261, -0.2788868727395193, 0.014149054813966666, -0.07291542386066086, -0.2577861038602427, 0.6328844974649313, -0.42902958859160056, 0.39945108392970563, 0.8603144803988589, -0.38155923784814005, 0.7112481222520874, -0.47832053284601006, 0.29415710555353436, 0.17688033107013523, -0.26004669688049176, -0.9234039998598504, -0.7802190880751039, 0.42154480443910236, -0.19059674830762918, -0.8035172586019657, 0.686385970574306, -0.5139955808156931, 0.9927057535211246, -0.40633735752115474, 0.7322729668565702, -0.9835332418362319, -0.3412485997070358, 0.1479638280759548, -0.06945118101567416, -0.7287979108767895, 0.21818033006135917, 0.33665104452678785, -0.28279094510081637, -0.45539554095348334, -0.49021586792543137, 0.6023781086553175, -0.9454808198047091, -0.3656165732871124, -0.5944299975152303, 0.034475153977823914]
1019.8901977539062	(8, 12, 2)	[-0.2812381270744364, 0.23547308087225427, 0.10138223900421495, 0.9770225663127587, 0.9243987733309318, 0.6821259062473946, 0.7124655018522987, -0.9375577253809868, -0.5445891911674818, 0.39189378837330935, -0.4014193042346419, 0.05794808599656909, 0.9712538007638354, -0.10089416111299143, -0.6762330405965811, -0.1591229551255816, 0.001284711780746628, -0.2040032396710024, 0.8190332207859117, 0.6377326072019898, -0.919973481174502, -0.3820469764943486, 0.04578889219545019, 0.18989595278648208, -0.4021884675703422, -0.37747484320877667, -0.7430203366544514, 0.13618563011273482, 0.04607973447123448, -0.6082671688515957, -0.4985105979805744, 0.17390154499054936, -0.5693606655256458, -0.01765159167261099, 0.8800515612417346, 0.2610257595519283, -0.6025564127775043, -0.9315952120563573, 0.3906881662252395, -0.7517646732035441, -0.05494506329231992, -0.42643354020754387, -0.6441874001917964, 0.4130228042508137, -0.9080809466429474, 0.05202920740878536, -0.9948883281453629, -0.8374404404542284, 0.22485101916576533, -0.8547160489179257, -0.757746474259896, -0.8042322319847908, 0.3282523786949061, 0.5855826926909444, -0.9513790199270591, -0.8579432688256161, -0.8659021575100547, 0.7419757344542455, 0.5581719241912839, 0.3975907195588142, -0.4381929504024977, 0.26760275694051017, -0.5287219784418178, -0.9283624663125774, 0.4194545971226149, 0.1010910803095999, 0.03835266070100518, 0.5419205561152409, 0.2603969733680296, -0.3726828094245904, 0.3659089038025174, 0.6219959399081348, -0.5782324997852775, 0.6689823010651723, 0.5190169040467656, -0.6258887165902385, 0.018416042796636667, -0.4982938622239881, 0.5491190289642469, -0.8339749357677968, -0.9698601015219261, -0.08239229699176986, -0.3518500402108049, -0.08934787943568323, -0.8091269055747103, 0.4770874035531505, 0.03643894690499594, -0.7727906338361099, 0.8603144803988589, -0.38155923784814005, -0.260282498606188, -0.42647758959222637, 0.7512893097796407, 0.17688033107013523, -0.6109722854843236, -0.7430054447506125, 0.052552016912979616, 0.5154374159420905, 0.013070798298126851, -0.8035172586019657, 0.686385970574306, -0.5139955808156931, 0.9927057535211246, -0.40633735752115474, -0.0659615611457367, -0.340894013907574, -0.3412485997070358, -0.6470571232330142, -0.06945118101567416, -0.7287979108767895, 0.19438010939048866, 0.1340174723285017, -0.28279094510081637, -0.45539554095348334, 0.18946245262704808, -0.6588556850533254, -0.9454808198047091, -0.3656165732871124, 0.554362778158479, 0.034475153977823914]
1019.4467163085938	(8, 12, 2)	[-0.2812381270744364, 0.47266453427501287, -0.7521666166772205, 0.8166067431954234, 0.9243987733309318, 0.6821259062473946, 0.794097874201483, -0.9019741258485102, -0.5445891911674818, 0.39189378837330935, -0.5656945873442032, 0.05794808599656909, 0.9712538007638354, 0.6576229257583368, -0.6762330405965811, -0.7133037967469653, 0.06285408162879877, 0.7359195052335707, 0.4488412243349942, 0.6377326072019898, -0.7749846482200282, -0.2865894312030605, 0.04379843442877229, 0.18989595278648208, -0.2679905023257161, -0.3680647943373218, 0.46860086198844886, -1.0, -1.0, -0.8609571075223692, -0.4985105979805744, 0.2056580270655004, -0.5693606655256458, -0.01765159167261099, 0.8800515612417346, 0.045145149406786406, -0.08031382914146312, -0.9315952120563573, 0.3906881662252395, 0.4347867246553805, 0.6174339670326048, 0.9470550632527832, 0.07214052494670797, -0.5673133936217059, -0.23280626819144984, -0.7788646948114685, -0.9948883281453629, -0.8374404404542284, 0.22485101916576533, -0.8113005551104291, -0.757746474259896, -0.8042322319847908, 0.8805832890327943, 0.09112478569501792, -0.9513790199270591, -0.8579432688256161, -0.03756666746541226, 0.7419757344542455, -0.9572724918595812, 0.3975907195588142, 0.5597798526235074, 0.3803339765012571, -0.08247674626167512, 0.08073145086456585, 0.4194545971226149, 0.579313031803484, -0.38876675689857376, -0.42707193686757194, 0.7702224832397042, 0.4780693531500058, -0.532061781230104, 0.4423189461749763, 0.6988899090523035, -0.6216068424780281, 0.5123355892178583, 0.678583160583123, -0.25906200760282805, 0.17144052822450329, 0.823116296055818, -0.9815685266439749, -0.9698601015219261, 0.01325474628947676, -0.3518500402108049, -0.08934787943568323, -0.14063622131124298, 0.6328844974649313, 0.03643894690499594, 0.73445011746059, 0.9948507370920443, -0.38155923784814005, 0.45757504266486304, -0.28311369973378286, -0.7178262729210279, 0.17688033107013523, -0.5767712856769499, -0.9234039998598504, 0.6255942460754276, 0.5066249435254502, 0.013070798298126851, -0.8035172586019657, 0.6327104089741369, -0.4482654275539022, 0.6279146759355708, 0.3963245379985432, 0.7322729668565702, -0.1760710869140525, 0.925794790366796, 0.1479638280759548, -0.7029532965278289, -0.7287979108767895, 0.21818033006135917, 0.33665104452678785, -0.28279094510081637, -0.37176139997308044, -0.49021586792543137, 0.7050029159841007, -0.8341472996689836, -0.3656165732871124, 0.554362778158479, 0.034475153977823914]
1019.5475463867188	(8, 12, 2)	[-0.20784414443767607, 0.47266453427501287, 0.10138223900421495, 0.9590765877253695, 0.668058612842504, 0.7560167365677433, 0.6957466222587583, -0.20735151256562268, 0.45707183959331177, 0.29719672328790914, -0.4014193042346419, 0.05794808599656909, 0.9712538007638354, 0.6576229257583368, -0.6762330405965811, -0.7958488491370153, 0.001284711780746628, -0.47677056256932104, 0.8190332207859117, 0.6377326072019898, -0.7749846482200282, -0.2865894312030605, -0.26909159621595014, 0.18989595278648208, -0.2272016113508113, 0.16715834754491832, 0.5160446607979984, -0.9887748761383746, 0.060823149479372285, -0.8144651312026452, -0.4985105979805744, 0.2056580270655004, -0.4587505790551448, -0.9148838695772323, -0.006707993444780014, 0.2191270316657481, -0.6025564127775043, -0.9315952120563573, 0.13010540498876377, 0.4347867246553805, 0.6174339670326048, -0.14536072392787092, 0.07214052494670797, -0.46304244288680674, -0.23280626819144984, 0.05202920740878536, -0.9948883281453629, -0.8374404404542284, -0.34809655038560794, -0.7668819636875466, -0.757746474259896, -0.8042322319847908, 0.3282523786949061, 0.09112478569501792, -0.9513790199270591, -0.3445225577748101, -0.8659021575100547, 0.7419757344542455, 0.5581719241912839, 0.3975907195588142, -0.4381929504024977, 0.26760275694051017, -0.08247674626167512, 0.10037216071603694, -0.7453414713433215, 0.1010910803095999, 0.03835266070100518, 0.2967966547598755, 0.2603969733680296, -0.3726828094245904, -0.5059375754523172, 0.5198700582806424, -0.5782324997852775, -0.6216068424780281, 0.5190169040467656, 0.7122449509139284, -0.25906200760282805, -0.4982938622239881, 0.9307291077659541, -0.16012234591046082, 0.35090916978943465, -0.08239229699176986, -0.3518500402108049, -0.1887024796631711, -0.2577861038602427, 0.4770874035531505, 0.33732306494881537, 0.73445011746059, 0.8603144803988589, -0.38155923784814005, -0.677053093112141, -0.42647758959222637, 0.29415710555353436, 0.492710239124704, -0.6109722854843236, -0.9234039998598504, -0.7802190880751039, 0.42154480443910236, 0.013070798298126851, 0.4312143899906955, -0.21519341152569882, -0.5139955808156931, 0.9927057535211246, 0.3963245379985432, -0.0659615611457367, 0.25262241797149027, -0.3412485997070358, 0.5893386871024389, -0.3303371796873469, -0.7287979108767895, 0.35961334126989786, 0.1340174723285017, -0.28279094510081637, -0.45539554095348334, -0.49021586792543137, 0.20659054341890726, -0.8341472996689836, 0.8604711455621414, 0.554362778158479, -0.006027042286527395]
1019.92529296875	(8, 12, 2)	[-0.5785978467153639, 0.625699969138534, -0.9432702546937144, 0.9770225663127587, 0.8309099943640755, 0.6821259062473946, 0.794097874201483, -0.9008643358521189, -0.5445891911674818, 0.29719672328790914, -0.4014193042346419, 0.05794808599656909, 0.9712538007638354, -0.10089416111299143, -0.6671923177829902, -0.8473578273041806, 0.001284711780746628, -0.47677056256932104, 0.8190332207859117, 0.6377326072019898, -0.919973481174502, -0.2865894312030605, -0.26909159621595014, 0.18989595278648208, -0.2272016113508113, 0.16715834754491832, 0.46860086198844886, -0.7220020803918199, -1.0, -0.8609571075223692, -0.4985105979805744, 0.29289741981425377, 0.43045259764658983, -0.01765159167261099, 0.8800515612417346, -0.6344694725779254, -0.08031382914146312, -0.9315952120563573, 0.3906881662252395, 0.4347867246553805, -0.7671106701030463, -0.14536072392787092, -0.45260806150291644, -0.5673133936217059, -0.5209473711272126, 0.05202920740878536, -0.6916557777152151, -0.8374404404542284, 0.22485101916576533, -0.7162240325388405, -0.757746474259896, -1.0, 0.3282523786949061, 0.5855826926909444, -0.9513790199270591, -0.8579432688256161, -0.8659021575100547, 0.7419757344542455, -0.9572724918595812, 0.024823720447252937, 0.5597798526235074, 0.26760275694051017, -0.5287219784418178, -0.9283624663125774, 0.4194545971226149, 0.1010910803095999, -0.2837287449594827, -0.22680004834301104, -0.41474300558774124, -0.3726828094245904, -0.5320043298738983, -0.4478748709194782, 0.6988899090523035, -0.5795512397566138, 0.5123355892178583, -0.6771135245664982, -0.25906200760282805, 0.8851226743199643, -0.8756705623263534, -0.9815685266439749, 0.35090916978943465, -0.1982081257449259, -0.7819083834587306, -0.1887024796631711, 0.9528330063461132, 0.14842546693048023, 0.03643894690499594, 0.39945108392970563, 0.8603144803988589, -0.38155923784814005, 0.45757504266486304, -0.47832053284601006, -0.7178262729210279, 0.17688033107013523, 0.25858768469898274, -0.9234039998598504, 0.6255942460754276, 0.5446971134473811, 0.013070798298126851, 0.4312143899906955, -0.21519341152569882, -0.5139955808156931, 0.9927057535211246, -0.500361823696287, 0.7322729668565702, 0.25262241797149027, -0.5844421775094848, -0.6470571232330142, -0.7029532965278289, -0.7287979108767895, 0.21818033006135917, 0.1340174723285017, -0.08785978167758457, -0.16196218209067426, -0.49021586792543137, 0.20659054341890726, -0.9454808198047091, -0.32260099488751504, 0.554362778158479, 0.034475153977823914]
1019.7057495117188	(8, 12, 2)	[-0.5785978467153639, 0.625699969138534, -0.9432702546937144, 0.8166067431954234, 0.8309099943640755, 0.6821259062473946, 0.794097874201483, -0.9008643358521189, -0.5445891911674818, 0.39189378837330935, -0.4014193042346419, 0.05794808599656909, 0.9712538007638354, 0.6576229257583368, -0.6671923177829902, -0.8473578273041806, 0.001284711780746628, -0.20415677483204456, 0.8190332207859117, 0.5415832664832598, -0.919973481174502, -0.2865894312030605, -0.46036832625051605, 0.18989595278648208, -0.2272016113508113, -0.37747484320877667, 0.46860086198844886, -0.7220020803918199, -1.0, -0.8609571075223692, -0.4985105979805744, 0.29289741981425377, 0.43045259764658983, -0.01765159167261099, 0.8800515612417346, -0.6344694725779254, -0.6025564127775043, -0.9315952120563573, 0.3906881662252395, 0.4347867246553805, -0.7671106701030463, -0.14536072392787092, -0.45260806150291644, 0.4130228042508137, -0.5209473711272126, 0.05202920740878536, -0.6916557777152151, -0.8374404404542284, 0.22485101916576533, -0.7162240325388405, -0.757746474259896, -1.0, 0.8805832890327943, 0.5855826926909444, -0.9513790199270591, -0.8579432688256161, -0.8659021575100547, 0.7419757344542455, -0.9572724918595812, 0.3975907195588142, 0.5597798526235074, 0.3803339765012571, -0.7760466903753314, -0.9283624663125774, 0.4194545971226149, 0.1010910803095999, 0.47181960336635886, -0.5053728195782026, -0.41474300558774124, -0.3726828094245904, -0.532061781230104, 0.4423189461749763, 0.6988899090523035, -0.5795512397566138, 0.5123355892178583, -0.5357754445826735, -0.25906200760282805, 0.6928765025959646, -0.8756705623263534, -0.9815685266439749, 0.35090916978943465, -0.1982081257449259, -0.7819083834587306, -0.1887024796631711, 0.9528330063461132, 0.4770874035531505, 0.03643894690499594, 0.73445011746059, 0.8603144803988589, -0.38155923784814005, 0.45757504266486304, -0.47832053284601006, -0.7178262729210279, 0.17688033107013523, -0.5767712856769499, -0.9234039998598504, 0.6255942460754276, 0.5446971134473811, 0.013070798298126851, 0.11635289896095546, -0.21519341152569882, -0.5139955808156931, 0.9927057535211246, -0.500361823696287, -0.08910248608318572, 0.25262241797149027, -0.3412485997070358, 0.5017852968794144, -0.7029532965278289, -0.7287979108767895, 0.21818033006135917, 0.1340174723285017, -0.08785978167758457, -0.16196218209067426, -0.49021586792543137, 0.7050029159841007, -0.9454808198047091, -0.32260099488751504, 0.554362778158479, 0.034475153977823914]
1019.3441772460938	(8, 12, 2)	[-0.5785978467153639, 0.47266453427501287, -0.7521666166772205, 0.8166067431954234, 0.9243987733309318, -0.423447555335529, 0.826949400876075, -0.9008643358521189, 0.45707183959331177, 0.39189378837330935, -0.09554314870821212, 0.05794808599656909, 0.9712538007638354, 0.6576229257583368, -0.7708191881682367, -0.7958488491370153, 0.001284711780746628, 0.35129024098726425, 0.4488412243349942, 0.6377326072019898, -0.7749846482200282, -0.2865894312030605, 0.04578889219545019, 0.7784227984211233, -0.2679905023257161, 0.16715834754491832, 0.46860086198844886, -0.9887748761383746, -0.06874050146973823, -0.8609571075223692, -0.4985105979805744, 0.2056580270655004, 0.43045259764658983, -0.01765159167261099, 0.8800515612417346, -0.6344694725779254, -0.6025564127775043, -0.9315952120563573, 0.3906881662252395, 0.4347867246553805, 0.6174339670326048, -0.42643354020754387, 0.07214052494670797, -0.5673133936217059, 0.8905206102458808, 0.05202920740878536, -0.9948883281453629, 0.8949405033835054, -0.43550789306495463, -0.8547160489179257, -0.757746474259896, -0.8042322319847908, 0.3282523786949061, 0.09112478569501792, -0.9513790199270591, -0.8579432688256161, -0.8659021575100547, 0.7419757344542455, -0.9818317819037873, 0.3975907195588142, -0.4381929504024977, 0.3803339765012571, -0.08247674626167512, 0.10037216071603694, -0.7453414713433215, 0.1010910803095999, -0.38876675689857376, -0.22680004834301104, 0.2603969733680296, 0.2809575463857301, -0.5320043298738983, -0.4478748709194782, 0.6988899090523035, -0.6216068424780281, 0.5190169040467656, -0.6258887165902385, -0.25294076303152824, -0.4982938622239881, 0.9307291077659541, -0.9815685266439749, -0.9698601015219261, -0.08239229699176986, -0.3518500402108049, -0.07291542386066086, -0.7777904316919482, 0.14842546693048023, 0.33732306494881537, 0.73445011746059, 0.8603144803988589, -0.38155923784814005, -0.677053093112141, -0.47832053284601006, -0.7178262729210279, 0.492710239124704, -0.6109722854843236, -0.9234039998598504, -0.7802190880751039, 0.41287912118989417, 0.013070798298126851, 0.4312143899906955, -0.21519341152569882, -0.5139955808156931, 0.6897730055855547, 0.3963245379985432, 0.7322729668565702, 0.25262241797149027, 0.925794790366796, -0.6470571232330142, -0.3303371796873469, -0.7287979108767895, 0.35961334126989786, 0.1340174723285017, -0.28279094510081637, -0.37176139997308044, -0.49021586792543137, 0.03764213551437945, -0.8341472996689836, -0.32260099488751504, 0.554362778158479, 0.034475153977823914]
1019.9854736328125	(8, 12, 2)	[-0.2812381270744364, 0.23547308087225427, 0.10138223900421495, 0.9770225663127587, 0.8309099943640755, 0.6821259062473946, 0.794097874201483, -0.7068374217003999, -0.5445891911674818, 0.29719672328790914, -0.4014193042346419, 0.05794808599656909, 0.9712538007638354, 0.3220049660596186, -0.6671923177829902, -0.8473578273041806, 0.08386569070336836, -0.47677056256932104, 0.8190332207859117, 0.6377326072019898, 0.5692157212527735, -0.2865894312030605, -0.26909159621595014, 0.18989595278648208, -0.2679905023257161, -0.30080167070596375, 0.46860086198844886, -0.9887748761383746, -0.05708245058900581, -0.8609571075223692, -0.4985105979805744, 0.29289741981425377, 0.43045259764658983, -0.01765159167261099, 0.8800515612417346, 0.045145149406786406, -0.08031382914146312, -0.9315952120563573, 0.3906881662252395, 0.4347867246553805, -0.7671106701030463, -0.14536072392787092, -0.45260806150291644, -0.5673133936217059, 0.7966451387681257, -0.7788646948114685, -0.6916557777152151, -0.8374404404542284, 0.22485101916576533, -0.7162240325388405, -0.757746474259896, -1.0, 0.3282523786949061, 0.5855826926909444, -0.9513790199270591, 0.7867273885311423, -0.07451328493913312, 0.7419757344542455, -0.9818317819037873, 0.20293465945651076, 0.5604742368051843, 0.26760275694051017, -0.5287219784418178, -0.9283624663125774, 0.4194545971226149, 0.1379613895755909, -0.2837287449594827, 0.4570180663990475, 0.2603969733680296, -0.3726828094245904, -0.5320043298738983, 0.5198700582806424, 0.6988899090523035, -0.5795512397566138, 0.5190169040467656, -0.5357754445826735, -0.25906200760282805, 0.8851226743199643, -0.8756705623263534, -0.908331010889679, -0.9698601015219261, -0.1982081257449259, -0.7819083834587306, -0.1887024796631711, 0.9528330063461132, 0.14842546693048023, -0.3836196943864496, 0.73445011746059, 0.8603144803988589, -0.38155923784814005, 0.45757504266486304, -0.47832053284601006, -0.11886075310216372, -0.005776804412634798, 0.25858768469898274, -0.9234039998598504, 0.6255942460754276, 0.42154480443910236, 0.013070798298126851, 0.4312143899906955, -0.21519341152569882, -0.5139955808156931, 0.9927057535211246, 0.44586025705915294, 0.7322729668565702, 0.25262241797149027, 0.925794790366796, 0.1479638280759548, -0.3303371796873469, -0.7287979108767895, 0.21818033006135917, -0.037201564356216466, -0.08785978167758457, -0.16196218209067426, -0.49021586792543137, 0.20659054341890726, -0.8341472996689836, -0.32260099488751504, 0.554362778158479, 0.034475153977823914]
1019.9016723632812	(8, 12, 2)	[-0.5785978467153639, 0.625699969138534, 0.10138223900421495, 0.8166067431954234, 0.9243987733309318, 0.6821259062473946, 0.826949400876075, -0.20735151256562268, 0.45707183959331177, 0.39189378837330935, -0.4014193042346419, 0.05794808599656909, 0.9712538007638354, -0.10089416111299143, -0.6691687284541145, -0.7958488491370153, 0.001284711780746628, 0.35129024098726425, 0.8190332207859117, 0.6377326072019898, -0.7749846482200282, -0.2865894312030605, 0.04578889219545019, 0.7784227984211233, -0.2679905023257161, 0.16715834754491832, 0.46860086198844886, -0.7220020803918199, -1.0, -0.8609571075223692, -0.4985105979805744, 0.2056580270655004, 0.43045259764658983, -0.01765159167261099, 0.8800515612417346, -0.6344694725779254, -0.08031382914146312, -0.9315952120563573, 0.3118836783888259, 0.4347867246553805, 0.6174339670326048, -0.14536072392787092, 0.07214052494670797, -0.5673133936217059, -0.5209473711272126, 0.05202920740878536, -0.9948883281453629, 0.8949405033835054, -0.43550789306495463, -0.7162240325388405, -0.757746474259896, -0.8042322319847908, 0.8805832890327943, 0.09112478569501792, -0.9513790199270591, -0.8579432688256161, -0.8659021575100547, 0.7419757344542455, -0.9818317819037873, 0.024823720447252937, -0.4381929504024977, 0.26760275694051017, -0.5287219784418178, 0.10037216071603694, -0.7453414713433215, 0.1010910803095999, -0.2837287449594827, -0.22680004834301104, -0.41474300558774124, -0.3726828094245904, -0.5320043298738983, -0.4478748709194782, -0.09232539473840617, -0.46761428776626235, 0.5123355892178583, -0.6771135245664982, -0.25906200760282805, -0.4982938622239881, 0.9307291077659541, -0.9815685266439749, -0.9698601015219261, -0.08239229699176986, -0.7819083834587306, -0.07291542386066086, 0.9528330063461132, 0.14842546693048023, 0.03643894690499594, 0.73445011746059, 0.8603144803988589, -0.38155923784814005, 0.45757504266486304, -0.47832053284601006, -0.7178262729210279, 0.492710239124704, -0.32235171533888596, -0.9234039998598504, -0.7802190880751039, 0.41287912118989417, 0.013070798298126851, -0.779364238288484, -0.21519341152569882, -0.5139955808156931, 0.6897730055855547, -0.500361823696287, 0.7322729668565702, 0.25262241797149027, 0.925794790366796, -0.6470571232330142, -0.3303371796873469, -0.7287979108767895, 0.35961334126989786, 0.1340174723285017, -0.28279094510081637, -0.37176139997308044, -0.5607841648907045, 0.03764213551437945, -0.8341472996689836, -0.32260099488751504, 0.554362778158479, 0.034475153977823914]
1019.9853515625	(8, 12, 2)	[-0.20784414443767607, 0.23547308087225427, -0.7521666166772205, 0.8166067431954234, 0.668058612842504, 0.6821259062473946, 0.9063202669002547, -0.9008643358521189, -0.5445891911674818, 0.29719672328790914, -0.4014193042346419, 0.05794808599656909, 0.9712538007638354, 0.3220049660596186, -0.6671923177829902, -0.8473578273041806, 0.08386569070336836, -0.47677056256932104, 0.7899584826027771, 0.6377326072019898, -0.919973481174502, -0.2865894312030605, 0.9368579030243256, 0.18989595278648208, -0.2679905023257161, -0.3680647943373218, -0.7430203366544514, -0.7220020803918199, -0.22529555861597195, -0.8609571075223692, -0.4985105979805744, 0.2056580270655004, 0.43045259764658983, -0.01765159167261099, 0.8800515612417346, 0.045145149406786406, -0.6025564127775043, -0.9315952120563573, 0.3906881662252395, 0.4347867246553805, 0.6174339670326048, -0.14490105305324252, -0.45260806150291644, -0.5673133936217059, 0.7966451387681257, 0.05202920740878536, -0.9948883281453629, -0.8374404404542284, 0.22485101916576533, -0.7162240325388405, -0.757746474259896, -1.0, 0.3282523786949061, 0.5855826926909444, -0.9513790199270591, -0.8579432688256161, -0.03756666746541226, 0.5688614594510952, -0.9572724918595812, 0.20293465945651076, 0.7409858750575489, 0.3803339765012571, -0.7760466903753314, 0.10037216071603694, 0.4194545971226149, 0.1010910803095999, 0.03835266070100518, -0.5053728195782026, 0.2603969733680296, -0.6027463928741903, -0.5320043298738983, 0.5198700582806424, -0.09232539473840617, -0.6216068424780281, 0.5123355892178583, -0.6771135245664982, -0.25906200760282805, 0.8851226743199643, 0.5491190289642469, -0.908331010889679, 0.35090916978943465, 0.01325474628947676, -0.7819083834587306, -0.08934787943568323, 0.9082031129368593, -0.5032028695941295, 0.03643894690499594, 0.73445011746059, 0.8603144803988589, -0.38155923784814005, 0.45757504266486304, -0.47832053284601006, -0.11886075310216372, 0.17688033107013523, -0.6109722854843236, -0.9234039998598504, 0.6255942460754276, 0.5446971134473811, 0.013070798298126851, 0.11635289896095546, -0.21519341152569882, -0.4482654275539022, 0.9927057535211246, 0.44586025705915294, 0.7322729668565702, 0.25262241797149027, -0.3412485997070358, 0.1479638280759548, -0.2923711531889993, -0.7287979108767895, 0.19438010939048866, -0.037201564356216466, -0.08785978167758457, -0.16196218209067426, -0.49021586792543137, 0.20659054341890726, -0.9454808198047091, -0.32260099488751504, -0.5944299975152303, 0.034475153977823914]
1019.9305419921875	(8, 12, 2)	[-0.6103281776412236, 0.625699969138534, 0.10138223900421495, 0.8166067431954234, 0.668058612842504, 0.7560167365677433, 0.826949400876075, -0.7068374217003999, 0.45707183959331177, 0.29719672328790914, -0.4014193042346419, 0.05794808599656909, 0.9712538007638354, -0.10089416111299143, -0.6671923177829902, -0.7958488491370153, -0.22822293530809953, 0.35129024098726425, 0.8190332207859117, 0.6377326072019898, -0.7047036505432889, -0.2865894312030605, 0.9368579030243256, 0.7784227984211233, -0.2272016113508113, -0.30080167070596375, 0.46860086198844886, -0.9887748761383746, -0.05708245058900581, -0.8609571075223692, -0.4985105979805744, 0.29289741981425377, 0.43045259764658983, -0.3932129402153819, 0.8800515612417346, -0.6344694725779254, -0.08031382914146312, -0.9315952120563573, 0.3906881662252395, 0.3631561382536125, -0.7671106701030463, -0.14536072392787092, -0.434233426002154, -0.5673133936217059, -0.5209473711272126, 0.05202920740878536, -0.9948883281453629, 0.9295637916264552, -0.37171789592463855, -0.9091357212532153, -0.757746474259896, -1.0, 0.3282523786949061, 0.5855826926909444, -0.943100909293243, 0.7867273885311423, -0.8659021575100547, 0.7419757344542455, 0.5581719241912839, 0.20293465945651076, 0.7409858750575489, 0.3803339765012571, -0.7760466903753314, -0.9283624663125774, 0.4194545971226149, 0.1010910803095999, -0.2837287449594827, 0.6453528704536204, 0.2603969733680296, 0.4780693531500058, -0.5320043298738983, 0.5198700582806424, -0.09232539473840617, -0.46761428776626235, 0.5123355892178583, -0.6771135245664982, -0.25906200760282805, 0.8851226743199643, -0.8756705623263534, -0.9815685266439749, -1.0, -0.08239229699176986, -0.8844323621225193, -0.5646251543356038, 0.9528330063461132, 0.14842546693048023, 0.03643894690499594, 0.73445011746059, 0.8603144803988589, -0.38155923784814005, -0.6890268436298738, -0.47832053284601006, -0.7178262729210279, 0.17688033107013523, 0.25858768469898274, -0.9234039998598504, -0.7802190880751039, 0.41287912118989417, -0.9379565290266896, 0.4312143899906955, -0.5502834143813593, -0.4482654275539022, 0.6897730055855547, -0.40633735752115474, 0.7322729668565702, -1.0, -0.3412485997070358, -0.6470571232330142, -0.7029532965278289, -0.7287979108767895, 0.35961334126989786, -0.037201564356216466, -0.28279094510081637, -0.45539554095348334, -0.49021586792543137, 0.7534951711673913, -0.8341472996689836, -0.32260099488751504, 0.554362778158479, 0.034475153977823914]
1019.9968872070312	(8, 12, 2)	[-0.2812381270744364, 0.47266453427501287, -0.7521666166772205, 0.9770225663127587, 0.9243987733309318, 0.6821259062473946, 0.794097874201483, -0.9008643358521189, -0.5445891911674818, 0.29719672328790914, -0.5656945873442032, 0.05794808599656909, 0.9712538007638354, 0.32126026682681896, -0.7708191881682367, -0.17914740692394027, 0.001284711780746628, 0.35129024098726425, 0.8190332207859117, 0.5937232693271904, -0.919973481174502, -0.2865894312030605, 0.9368579030243256, 0.18989595278648208, -0.2272016113508113, -0.5594514068666916, 0.46860086198844886, -1.0, -1.0, -0.8609571075223692, -0.8431889000457169, 0.2056580270655004, -0.4587505790551448, -0.01765159167261099, -0.9132128799868184, 0.045145149406786406, -0.6025564127775043, -0.9315952120563573, 0.3906881662252395, 0.4347867246553805, -0.9368947285648654, -0.42643354020754387, 0.07214052494670797, -0.5492335849184151, 0.8905206102458808, 0.05202920740878536, -0.9948883281453629, -0.8374404404542284, -0.37171789592463855, -0.7668819636875466, -0.12863542655467208, -0.8042322319847908, 0.8805832890327943, 0.5873839049253001, -0.9513790199270591, 0.7867273885311423, -0.03756666746541226, 0.7419757344542455, -0.9818317819037873, 0.3975907195588142, 0.5597798526235074, 0.3803339765012571, -0.5287219784418178, 0.3924169801768608, 0.4194545971226149, 0.579313031803484, -0.38876675689857376, 0.4570180663990475, -0.41474300558774124, -0.3726828094245904, -0.532061781230104, -0.512414772123758, -0.09232539473840617, -0.6216068424780281, 0.5190169040467656, -0.5357754445826735, -0.25294076303152824, 0.8851226743199643, 0.5491190289642469, -0.9701499800480622, 0.35090916978943465, -0.08239229699176986, -0.3518500402108049, -0.1887024796631711, -0.14063622131124298, 0.4770874035531505, 0.03643894690499594, 0.73445011746059, 0.8603144803988589, -0.38155923784814005, 0.45757504266486304, -0.42647758959222637, 0.29415710555353436, 0.17688033107013523, 0.25858768469898274, -0.9234039998598504, 0.6255942460754276, 0.5066249435254502, 0.013070798298126851, 0.4312143899906955, -0.21519341152569882, -0.5139955808156931, 0.9927057535211246, -0.48665937384172, -0.08910248608318572, -0.340894013907574, -0.5844421775094848, 0.3587760211897697, -0.6629935637371396, -0.7287979108767895, 0.21818033006135917, 0.33665104452678785, -0.28279094510081637, -0.45539554095348334, -0.09807618745346303, 0.20659054341890726, -0.9454808198047091, -0.32260099488751504, 0.554362778158479, 0.6546042233142788]
1019.9869995117188	(8, 12, 2)	[-0.6103281776412236, 0.47266453427501287, -0.7521666166772205, 0.8166067431954234, 0.668058612842504, 0.7560167365677433, 0.826949400876075, -0.9008643358521189, 0.47803454977593796, 0.29719672328790914, -0.4014193042346419, 0.05794808599656909, 0.9712538007638354, -0.10089416111299143, -0.7708191881682367, -0.7958488491370153, -0.22822293530809953, 0.35129024098726425, 0.8190332207859117, 0.5530579687436374, -0.7047036505432889, -0.2865894312030605, 0.9368579030243256, 0.18989595278648208, -0.4021884675703422, -0.30080167070596375, 0.46860086198844886, -0.8016857803784343, -1.0, -0.8609571075223692, -0.4985105979805744, 0.2056580270655004, 0.43045259764658983, -0.01765159167261099, 0.8800515612417346, -0.6344694725779254, -0.6025564127775043, -1.0, 0.3906881662252395, 0.3631561382536125, -0.7671106701030463, -0.14536072392787092, -0.434233426002154, -0.5673133936217059, -0.5209473711272126, 0.05202920740878536, -0.9948883281453629, -0.8374404404542284, -0.34809655038560794, -0.9091357212532153, -0.757746474259896, -0.8042322319847908, 0.8805832890327943, 0.5855826926909444, -0.943100909293243, 0.7867273885311423, -0.8659021575100547, 0.6844795471673799, -0.9818317819037873, 0.3975907195588142, 0.5597798526235074, 0.26760275694051017, -0.5287219784418178, 0.3924169801768608, 0.4194545971226149, 0.1010910803095999, -0.38876675689857376, 0.6453528704536204, 0.33929086100244193, 0.4780693531500058, -0.532061781230104, 0.5198700582806424, -0.09232539473840617, -0.46761428776626235, 0.5123355892178583, -0.6771135245664982, -0.25906200760282805, -0.4982938622239881, -0.8756705623263534, -0.9815685266439749, -1.0, -0.08239229699176986, -0.3518500402108049, -0.1887024796631711, 0.9528330063461132, 0.14842546693048023, -0.42902958859160056, 0.73445011746059, 0.8603144803988589, -0.38155923784814005, 0.45757504266486304, -0.454321051431143, 0.29415710555353436, 0.17688033107013523, 0.25858768469898274, -0.9234039998598504, -0.7802190880751039, 0.41287912118989417, 0.013070798298126851, 0.4312143899906955, -0.5502834143813593, -0.4482654275539022, 0.6897730055855547, -0.48665937384172, 0.7322729668565702, -1.0, 0.925794790366796, 0.3587760211897697, -0.7029532965278289, -0.7287979108767895, 0.35961334126989786, -0.037201564356216466, -0.28279094510081637, -0.45539554095348334, -0.49021586792543137, 0.7534951711673913, -0.8341472996689836, 0.8604711455621414, 0.554362778158479, 0.6546042233142788]
1019.9984741210938	(8, 12, 2)	[-0.4732749184451044, 0.625699969138534, -0.7521666166772205, 0.8166067431954234, 0.668058612842504, 0.6821259062473946, 0.9063202669002547, -0.20735151256562268, -0.5445891911674818, 0.29719672328790914, -0.4014193042346419, 0.05794808599656909, 0.9712538007638354, 0.3220049660596186, -0.7708191881682367, -0.8473578273041806, 0.08386569070336836, -0.27791822799914523, 0.8190332207859117, 0.5530579687436374, -0.7047036505432889, -0.2865894312030605, 0.9368579030243256, 0.18989595278648208, -0.2679905023257161, -0.37747484320877667, 0.46860086198844886, -0.8016857803784343, -1.0, -0.8609571075223692, -0.4985105979805744, 0.2056580270655004, 0.43045259764658983, -0.01765159167261099, 0.8800515612417346, -0.6344694725779254, -0.6025564127775043, -0.9315952120563573, 0.3906881662252395, 0.3631561382536125, -0.7671106701030463, 0.9470550632527832, -0.6441874001917964, -0.5673133936217059, -0.9080809466429474, 0.05202920740878536, -0.9948883281453629, 0.8813033746395165, 0.22485101916576533, -0.7939977325347798, -0.757746474259896, -0.8042322319847908, 0.8805832890327943, 0.5855826926909444, -0.9513790199270591, 0.7867273885311423, -0.07451328493913312, 0.7419757344542455, 0.5365756351264896, 0.5924568648223782, 0.7409858750575489, 0.3803339765012571, -0.5287219784418178, 0.3924169801768608, 0.4194545971226149, 0.1010910803095999, 0.03835266070100518, -0.5053728195782026, 0.2603969733680296, 0.4780693531500058, -0.532061781230104, 0.5198700582806424, -0.09232539473840617, -0.6216068424780281, 0.5123355892178583, -0.6771135245664982, -0.8280990472092791, 0.8851226743199643, -0.8756705623263534, -0.908331010889679, -0.9698601015219261, -0.08239229699176986, -0.7819083834587306, -0.5646251543356038, -0.2577861038602427, 0.14842546693048023, -0.3836196943864496, 0.8277443874263526, 0.8603144803988589, -0.3514119221127556, 0.45757504266486304, -0.42647758959222637, -0.7178262729210279, 0.17688033107013523, -0.6109722854843236, -0.9234039998598504, 0.6255942460754276, 0.5066249435254502, -0.017223957288901772, 0.4312143899906955, -0.7205316322649644, -0.32830860921559046, 1.0, -0.48665937384172, 0.7322729668565702, -0.340894013907574, 0.925794790366796, 0.3587760211897697, -0.7029532965278289, -0.7287979108767895, 0.19438010939048866, 0.1340174723285017, -0.08785978167758457, -0.37176139997308044, -0.49021586792543137, 0.7534951711673913, -0.9454808198047091, -0.3964177789644575, -0.5944299975152303, 0.6546042233142788]
1019.9981689453125	(8, 12, 2)	[-0.4732749184451044, 0.625699969138534, 0.10138223900421495, 0.9770225663127587, 0.9243987733309318, 0.7316019949529903, 0.794097874201483, -0.9008643358521189, -0.5445891911674818, 0.39189378837330935, -0.4014193042346419, 0.05794808599656909, 0.9712538007638354, 0.32126026682681896, -0.6671923177829902, -0.7133037967469653, -0.22822293530809953, 0.35129024098726425, 0.8190332207859117, 0.6377326072019898, -0.919973481174502, -0.2865894312030605, 0.04379843442877229, 0.6579093188934273, -0.4021884675703422, -0.37747484320877667, 0.46860086198844886, -0.9887748761383746, -0.05708245058900581, -0.8609571075223692, -0.8431889000457169, 0.29289741981425377, 0.43045259764658983, -0.01765159167261099, 0.8800515612417346, -0.6344694725779254, -0.08031382914146312, -0.9315952120563573, 0.3906881662252395, 0.4347867246553805, -0.7671106701030463, -0.42643354020754387, 0.07214052494670797, -0.5673133936217059, 1.0, 0.05202920740878536, -0.9948883281453629, 0.9295637916264552, -0.9769201774253571, -0.9091357212532153, -0.757746474259896, -1.0, 0.8805832890327943, 0.5855826926909444, -0.943100909293243, 0.662680578495656, -0.07451328493913312, 0.7419757344542455, -0.9818317819037873, 0.024823720447252937, 0.7409858750575489, 0.3803339765012571, -0.7760466903753314, 0.10037216071603694, 0.4194545971226149, 0.579313031803484, -0.2837287449594827, 0.4570180663990475, 0.2603969733680296, -0.3726828094245904, -0.5320043298738983, -0.43036696565511073, -0.09232539473840617, -0.6216068424780281, 0.5123355892178583, -0.6771135245664982, 0.018416042796636667, -0.444085113026557, -0.8756705623263534, -0.9701499800480622, -0.9698601015219261, -0.08239229699176986, -0.8844323621225193, -0.1887024796631711, 0.9528330063461132, 0.6328844974649313, 0.03643894690499594, 0.73445011746059, 0.8603144803988589, -0.38155923784814005, -0.6890268436298738, -0.42647758959222637, -0.11886075310216372, 0.492710239124704, 0.25858768469898274, -0.9587246369407759, 0.6255942460754276, 0.5066249435254502, -0.9379565290266896, 0.11635289896095546, -0.21519341152569882, -0.4482654275539022, -0.458315847162599, 0.3963245379985432, 0.7322729668565702, 0.25262241797149027, -0.5844421775094848, 0.319910209344984, -0.2923711531889993, -0.7287979108767895, 0.19438010939048866, -0.037201564356216466, -0.28279094510081637, -0.45539554095348334, -0.49021586792543137, 0.03764213551437945, -0.8341472996689836, -0.32260099488751504, 0.554362778158479, 0.034475153977823914]
1019.9951171875	(8, 12, 2)	[-0.2812381270744364, 0.625699969138534, -0.7521666166772205, 0.9770225663127587, 0.9243987733309318, 0.7560167365677433, 0.9063202669002547, -0.9008643358521189, -0.5445891911674818, 0.29719672328790914, -0.4014193042346419, 0.05794808599656909, 0.9712538007638354, 0.3373968225977128, -0.7708191881682367, -0.7958488491370153, 0.08386569070336836, -0.27791822799914523, 0.8190332207859117, 0.5937232693271904, -0.919973481174502, -0.2865894312030605, 0.9368579030243256, 0.6579093188934273, -0.2679905023257161, -0.5594514068666916, 0.46860086198844886, -0.7220020803918199, -0.22529555861597195, -0.8609571075223692, -0.8431889000457169, 0.29289741981425377, -0.5693606655256458, -0.01765159167261099, -0.9132128799868184, -0.6344694725779254, -0.08031382914146312, -0.9315952120563573, 0.448328928309756, 0.4347867246553805, 0.1505508355619991, -0.42643354020754387, 0.07214052494670797, -0.5673133936217059, 0.8905206102458808, 0.05202920740878536, -0.9948883281453629, -0.8374404404542284, -0.37171789592463855, -0.7162240325388405, -0.12863542655467208, -0.8042322319847908, 0.8805832890327943, 0.5855826926909444, -0.9513790199270591, 0.7867273885311423, -0.03756666746541226, 0.5688614594510952, -0.9818317819037873, 0.024823720447252937, 0.5597798526235074, 0.3803339765012571, -0.5287219784418178, -0.9283624663125774, 0.4194545971226149, 0.579313031803484, 0.47181960336635886, 0.5237345786803435, 0.2603969733680296, -0.3726828094245904, -0.532061781230104, 0.5198700582806424, -0.09232539473840617, -0.6216068424780281, 0.5190169040467656, -0.5357754445826735, -0.25906200760282805, 0.8851226743199643, -0.8756705623263534, -0.9815685266439749, -0.9698601015219261, -0.08239229699176986, -0.7819083834587306, -0.07291542386066086, 0.9528330063461132, -0.8746388870041255, 0.03643894690499594, 0.39945108392970563, 0.8603144803988589, -0.38155923784814005, 0.45757504266486304, -0.42647758959222637, -0.7178262729210279, 0.17688033107013523, 0.25858768469898274, -0.9234039998598504, 0.6255942460754276, 0.5066249435254502, 0.013070798298126851, 0.4312143899906955, -0.21519341152569882, -0.5139955808156931, 0.6279146759355708, -0.48665937384172, -0.0659615611457367, -0.1760710869140525, -0.5844421775094848, 0.3587760211897697, -0.2923711531889993, -0.7287979108767895, 0.19438010939048866, 0.1340174723285017, -0.28279094510081637, -0.45539554095348334, -0.49021586792543137, 0.03764213551437945, -0.9574127716386858, -0.32260099488751504, 0.554362778158479, 0.6546042233142788]
1019.9973754882812	(8, 12, 2)	[-0.4732749184451044, 0.47266453427501287, 0.10138223900421495, 0.9770225663127587, 0.9243987733309318, 0.6821259062473946, 0.794097874201483, -0.9008643358521189, -0.5445891911674818, 0.39189378837330935, -0.4014193042346419, 0.05794808599656909, 0.9712538007638354, 0.32126026682681896, -0.6671923177829902, -0.7133037967469653, 0.08386569070336836, 0.35129024098726425, 0.8190332207859117, 0.6377326072019898, -0.7749846482200282, -0.2865894312030605, 0.9368579030243256, 0.48722653827645224, -0.3729989845825382, -0.37747484320877667, 0.46860086198844886, -0.7220020803918199, -0.18847074724850144, -0.8609571075223692, -0.4985105979805744, 0.2056580270655004, 0.6327596907846585, -0.01765159167261099, 0.8800515612417346, -0.6344694725779254, -0.08031382914146312, -0.9315952120563573, 0.3906881662252395, 0.4347867246553805, -0.7671106701030463, -0.42643354020754387, 0.07214052494670797, -0.5673133936217059, 1.0, 0.05202920740878536, -0.9948883281453629, -0.8374404404542284, -0.37171789592463855, -0.9091357212532153, -0.757746474259896, -0.8042322319847908, 0.3282523786949061, 0.5855826926909444, -0.9513790199270591, 0.7867273885311423, -0.07451328493913312, 0.7419757344542455, 0.5244366709992712, 0.3975907195588142, 0.5597798526235074, 0.3803339765012571, -0.752433751476371, -0.9283624663125774, 0.4194545971226149, 0.1010910803095999, 0.47181960336635886, 0.5411444019879614, -0.41474300558774124, -0.3726828094245904, -0.5320043298738983, -0.43036696565511073, -0.09232539473840617, -0.6216068424780281, 0.5123355892178583, -0.6258887165902385, 0.018416042796636667, -0.4982938622239881, -0.9806787512228536, -0.9815685266439749, -0.9698601015219261, -0.29436770364396536, -0.8844323621225193, -0.07291542386066086, 0.9082031129368593, 0.14842546693048023, 0.03643894690499594, 0.73445011746059, 0.8603144803988589, -0.38155923784814005, -0.677053093112141, -0.42647758959222637, -0.7178262729210279, 0.492710239124704, 0.25858768469898274, -0.9587246369407759, 0.6255942460754276, 0.5446971134473811, 0.013070798298126851, 0.11635289896095546, -0.6133184372136175, -0.5139955808156931, 0.6279146759355708, 0.44586025705915294, -0.08910248608318572, 0.25262241797149027, 0.925794790366796, 0.319910209344984, -0.6629935637371396, -0.7287979108767895, 0.19438010939048866, 0.33665104452678785, -0.28279094510081637, -0.37176139997308044, -0.49021586792543137, 0.20659054341890726, -0.8341472996689836, -0.32260099488751504, 0.554362778158479, 0.6546042233142788]
1019.9986572265625	(8, 12, 2)	[-0.20784414443767607, 0.625699969138534, 0.10138223900421495, 0.8166067431954234, 0.668058612842504, 0.6821259062473946, 0.9063202669002547, -0.20735151256562268, -0.5445891911674818, 0.39189378837330935, -0.4014193042346419, 0.05794808599656909, 0.9712538007638354, 0.3220049660596186, -0.6671923177829902, -0.7133037967469653, 0.08386569070336836, -0.27791822799914523, 0.8190332207859117, 0.6377326072019898, -0.7047036505432889, -0.2865894312030605, 0.9368579030243256, 0.18989595278648208, -0.2679905023257161, -0.3680647943373218, 0.46860086198844886, -1.0, -0.18847074724850144, -0.8609571075223692, -0.8431889000457169, 0.2056580270655004, 0.43045259764658983, -0.01765159167261099, 0.8800515612417346, 0.045145149406786406, -0.08031382914146312, -0.9315952120563573, 0.06975395389663872, 0.3631561382536125, -0.7671106701030463, -0.42643354020754387, 0.07214052494670797, -0.5673133936217059, 0.8905206102458808, 0.05202920740878536, -0.9948883281453629, -0.8374404404542284, -0.37171789592463855, -0.7162240325388405, -0.757746474259896, -0.8042322319847908, 0.8805832890327943, 0.5855826926909444, -0.9513790199270591, 0.7867273885311423, -0.8659021575100547, 0.7419757344542455, -0.9572724918595812, 0.3975907195588142, 0.5597798526235074, 0.3803339765012571, -0.7760466903753314, -0.9283624663125774, 0.4269137720421589, 0.350828923653874, 0.5051803450078156, 0.4570180663990475, 0.33929086100244193, 0.4780693531500058, -0.532061781230104, -0.512414772123758, -0.09232539473840617, -0.6216068424780281, 0.5123355892178583, -0.6258887165902385, -0.25906200760282805, -0.4982938622239881, 0.5491190289642469, -0.9815685266439749, -0.9698601015219261, -0.08239229699176986, -0.8844323621225193, 0.014034571446178395, 0.9082031129368593, 0.14842546693048023, -0.42902958859160056, 0.73445011746059, 0.8603144803988589, -0.38155923784814005, -0.677053093112141, -0.42647758959222637, -0.11886075310216372, 0.492710239124704, 0.25858768469898274, -0.9234039998598504, 0.6255942460754276, 0.6510733124634164, 0.013070798298126851, 0.4312143899906955, -0.21519341152569882, -0.4482654275539022, 0.9927057535211246, -0.48665937384172, -0.0659615611457367, 0.25262241797149027, -0.3412485997070358, 0.3587760211897697, -0.2923711531889993, -0.7287979108767895, 0.19438010939048866, 0.1340174723285017, -0.28279094510081637, -0.16196218209067426, -0.09807618745346303, 0.7534951711673913, -0.8341472996689836, 0.8604711455621414, -0.5944299975152303, 0.08573560788885581]
1019.9994506835938	(8, 12, 2)	[-0.7352494754961119, 0.23547308087225427, -0.7521666166772205, 0.9770225663127587, 0.8309099943640755, 0.6821259062473946, 0.826949400876075, -0.9008643358521189, -0.5445891911674818, 0.39189378837330935, -0.4014193042346419, 0.05794808599656909, 0.9712538007638354, -0.10089416111299143, -0.7708191881682367, -0.17914740692394027, 0.001284711780746628, -0.27791822799914523, 0.8190332207859117, 0.6377326072019898, -0.7047036505432889, -0.2865894312030605, 0.9368579030243256, 0.18989595278648208, -0.2679905023257161, -0.5594514068666916, 0.46860086198844886, -0.9887748761383746, -1.0, -0.8609571075223692, -0.8431889000457169, 0.2056580270655004, 0.43045259764658983, -0.01765159167261099, -0.9132128799868184, -0.6344694725779254, -0.6025564127775043, 0.1442248221435736, 0.06975395389663872, 0.4347867246553805, -0.7671106701030463, -0.14490105305324252, 0.07214052494670797, -0.5492335849184151, 0.8905206102458808, 0.05202920740878536, -0.9948883281453629, 0.9295637916264552, -0.37171789592463855, -0.7668819636875466, -0.12863542655467208, -1.0, 0.8805832890327943, 0.5855826926909444, -0.9513790199270591, 0.7867273885311423, -0.8659021575100547, 0.7419757344542455, -0.9572724918595812, 0.024823720447252937, 0.5597798526235074, 0.3803339765012571, -0.7760466903753314, 0.10037216071603694, 0.4194545971226149, 0.6540160031219849, 0.47181960336635886, -0.5053728195782026, 0.2603969733680296, 0.4780693531500058, -0.532061781230104, -0.512414772123758, -0.09232539473840617, -0.6216068424780281, 0.5123355892178583, -0.5357754445826735, -0.1817020665033893, 0.8851226743199643, -0.8756705623263534, -0.9701499800480622, 0.2994037675426258, -0.08239229699176986, -0.7819083834587306, -0.07291542386066086, 0.8944902739487152, 0.14842546693048023, -0.42902958859160056, 0.73445011746059, 0.8603144803988589, -0.38155923784814005, 0.45757504266486304, -0.47832053284601006, -0.7178262729210279, 0.17688033107013523, 0.25858768469898274, -1.0, 0.6255942460754276, 0.5066249435254502, -0.017223957288901772, 0.4312143899906955, -0.21519341152569882, -0.4482654275539022, 0.6897730055855547, -0.48665937384172, 0.7322729668565702, 0.25262241797149027, -0.5844421775094848, 0.1479638280759548, -0.2923711531889993, -0.7287979108767895, 0.19438010939048866, 0.33665104452678785, -0.28279094510081637, -0.37176139997308044, -0.620995517831797, 0.7050029159841007, -0.8341472996689836, -0.32260099488751504, -0.5944299975152303, 0.08573560788885581]
1019.999755859375	(8, 12, 2)	[-0.4732749184451044, 0.47266453427501287, -0.9432702546937144, 0.8166067431954234, 0.9243987733309318, 0.6821259062473946, 0.794097874201483, -0.20735151256562268, -0.5445891911674818, 0.39189378837330935, -0.4014193042346419, 0.05794808599656909, 0.9712538007638354, 0.6576229257583368, -0.6895202290354779, -0.17914740692394027, 0.001284711780746628, -0.27791822799914523, 0.8190332207859117, 0.5937232693271904, -0.7749846482200282, -0.3820469764943486, 0.9368579030243256, 0.48722653827645224, -0.4021884675703422, -0.5594514068666916, 0.46860086198844886, -0.7220020803918199, -1.0, -0.8609571075223692, -0.4985105979805744, 0.29289741981425377, -0.5693606655256458, -0.01765159167261099, 0.8800515612417346, -0.6344694725779254, -0.6025564127775043, 0.1442248221435736, 0.06975395389663872, 0.4347867246553805, -0.7671106701030463, -0.42643354020754387, 0.07214052494670797, -0.5673133936217059, -0.23280626819144984, 0.05202920740878536, -0.9948883281453629, 0.9295637916264552, -0.37171789592463855, -0.7162240325388405, -0.757746474259896, -0.8042322319847908, 0.8805832890327943, 0.5855826926909444, -0.9513790199270591, 0.7867273885311423, -0.07451328493913312, 0.7419757344542455, -0.9818317819037873, 0.024823720447252937, 0.5253929037330363, 0.3803339765012571, -0.5287219784418178, -0.9283624663125774, 0.4194545971226149, 0.350828923653874, 0.03835266070100518, 0.4570180663990475, 0.2603969733680296, -0.3726828094245904, -0.532061781230104, 0.5198700582806424, -0.09232539473840617, -0.6216068424780281, 0.5123355892178583, -0.6258887165902385, -0.25294076303152824, -0.4982938622239881, -0.8756705623263534, -0.9815685266439749, -0.9698601015219261, -0.08239229699176986, -0.7819083834587306, -0.07291542386066086, 0.9528330063461132, 0.14842546693048023, 0.03643894690499594, 0.73445011746059, 0.8603144803988589, -0.3514119221127556, -0.677053093112141, -0.42647758959222637, 0.29415710555353436, 0.492710239124704, 0.25858768469898274, -0.9587246369407759, 0.6255942460754276, 0.5446971134473811, -0.017223957288901772, 0.4312143899906955, -0.5502834143813593, -0.5139955808156931, 0.9927057535211246, -0.48665937384172, 0.7322729668565702, 0.25262241797149027, -0.3412485997070358, 0.3587760211897697, -0.7029532965278289, -0.7287979108767895, 0.19438010939048866, 0.1340174723285017, -0.28279094510081637, -0.37176139997308044, -0.620995517831797, 0.20659054341890726, -0.8341472996689836, -0.32260099488751504, -0.5944299975152303, -0.006027042286527395]
1019.999755859375	(8, 12, 2)	[-0.7352494754961119, 0.3795013422811024, -0.7521666166772205, 0.9590765877253695, 0.9243987733309318, 0.7560167365677433, 0.9063202669002547, -0.9008643358521189, -0.5445891911674818, 0.29719672328790914, -0.4014193042346419, 0.050001195656814754, 0.9712538007638354, 0.32126026682681896, -0.7708191881682367, -0.8473578273041806, 0.08386569070336836, -0.47677056256932104, 0.8190332207859117, 0.5530579687436374, -0.919973481174502, -0.2865894312030605, 0.9368579030243256, 0.18989595278648208, -0.2272016113508113, -0.5594514068666916, 0.46860086198844886, -0.8016857803784343, -1.0, -0.8609571075223692, -0.4985105979805744, 0.2056580270655004, 0.6327596907846585, -0.01765159167261099, -0.006707993444780014, 0.045145149406786406, -0.6025564127775043, -0.9315952120563573, 0.3906881662252395, 0.4347867246553805, 0.1505508355619991, -0.42643354020754387, 0.07214052494670797, -0.5673133936217059, 0.8905206102458808, 0.05202920740878536, -0.9948883281453629, -0.8374404404542284, -0.37171789592463855, -0.7162240325388405, -0.757746474259896, -0.8042322319847908, 0.8805832890327943, 0.5873839049253001, -0.943100909293243, 0.7867273885311423, -0.07451328493913312, 0.7419757344542455, -0.9572724918595812, 0.3975907195588142, 0.5597798526235074, 0.3803339765012571, -0.7760466903753314, -0.9283624663125774, 0.4269137720421589, 0.579313031803484, 0.47181960336635886, 0.5237345786803435, 0.2603969733680296, -0.3726828094245904, -0.532061781230104, 0.5198700582806424, -0.09184382652503395, -0.6216068424780281, 0.5123355892178583, -0.5357754445826735, -0.25906200760282805, -0.45762107970996946, -0.8756705623263534, -0.9815685266439749, -0.9698601015219261, -0.08239229699176986, -0.7819083834587306, -0.07291542386066086, 0.9504043950474098, 0.14842546693048023, 0.03643894690499594, 0.73445011746059, 0.8603144803988589, -0.5233486447463063, -0.677053093112141, -0.47832053284601006, -0.7178262729210279, 0.17688033107013523, 0.25858768469898274, -0.9234039998598504, -0.7802190880751039, 0.5066249435254502, 0.013070798298126851, 0.13378182810038008, 0.47701929316407576, -0.4301612470031195, 1.0, 0.3963245379985432, -0.0659615611457367, -0.1760710869140525, 0.925794790366796, 0.5893386871024389, -0.29557303454230693, -0.7287979108767895, 0.19438010939048866, 0.1340174723285017, -0.28279094510081637, -0.37176139997308044, -0.09807618745346303, 0.20659054341890726, -0.8341472996689836, -0.32260099488751504, -0.5944299975152303, -0.006027042286527395]
1019.9994506835938	(8, 12, 2)	[-0.24509423356275462, 0.23547308087225427, 0.10138223900421495, 0.8166067431954234, 0.9243987733309318, 0.6821259062473946, 0.794097874201483, -0.20735151256562268, -0.4345780546934122, 0.29719672328790914, -0.4014193042346419, 0.05794808599656909, 0.9712538007638354, 0.3535437751394745, -0.7708191881682367, -0.7133037967469653, 0.001284711780746628, -0.47677056256932104, 0.8190332207859117, 0.6377326072019898, -0.919973481174502, -0.2865894312030605, 0.04578889219545019, 0.18989595278648208, -0.2679905023257161, -0.37747484320877667, 0.4581342707124952, -1.0, -1.0, -0.8609571075223692, -0.5641707294222517, 0.29289741981425377, 0.43045259764658983, -0.01765159167261099, 0.8800515612417346, -0.6344694725779254, -0.6624399525563476, -0.9315952120563573, 0.3906881662252395, 0.4347867246553805, 0.06817792566037428, -0.44812776093223156, 0.07214052494670797, -0.5673133936217059, 0.7966451387681257, -0.7788646948114685, -0.9948883281453629, -0.8984033711410077, 0.30044115847045555, -0.7668819636875466, -0.757746474259896, -0.8042322319847908, 0.8805832890327943, 0.5855826926909444, -0.943100909293243, 0.7867273885311423, -0.03756666746541226, 0.5688614594510952, -0.9572724918595812, 0.024823720447252937, 0.5597798526235074, 0.3803339765012571, -0.5287219784418178, 0.10037216071603694, -0.7453414713433215, 0.676476195322154, 0.03835266070100518, 0.5419205561152409, 0.33929086100244193, -0.7329336032863077, -0.532061781230104, 0.4423189461749763, -0.09232539473840617, -0.6216068424780281, 0.5190169040467656, -0.6771135245664982, -0.8280990472092791, -0.45762107970996946, 0.5491190289642469, -0.9815685266439749, -0.9698601015219261, -0.08239229699176986, -0.7819083834587306, -0.1887024796631711, 0.9082031129368593, 0.14842546693048023, 0.13583485652228844, 0.73445011746059, 0.8603144803988589, -0.38155923784814005, 0.4483984645758663, -0.454321051431143, -0.7178262729210279, 0.08391277093266836, 0.25858768469898274, -0.9234039998598504, 0.6255942460754276, 0.5066249435254502, -0.019103007281443582, 0.11635289896095546, 0.47701929316407576, -0.4482654275539022, 0.9927057535211246, -0.500361823696287, -0.08910248608318572, -1.0, 0.925794790366796, 0.5893386871024389, -0.7029532965278289, -0.7287979108767895, 0.21818033006135917, -0.037201564356216466, -0.28279094510081637, -0.45539554095348334, -0.09807618745346303, 0.20659054341890726, -0.8341472996689836, -0.32260099488751504, 0.554362778158479, -0.006027042286527395]
1019.99951171875	(8, 12, 2)	[-0.20784414443767607, 0.47266453427501287, -0.9432702546937144, 0.8166067431954234, 0.8309099943640755, 0.6821259062473946, 0.794097874201483, -0.20735151256562268, -0.5445891911674818, 0.39189378837330935, -0.4014193042346419, 0.05794808599656909, 0.9712538007638354, 0.3220049660596186, -0.6762330405965811, -0.8473578273041806, 0.001284711780746628, 0.35129024098726425, 0.8190332207859117, 0.5937232693271904, -0.919973481174502, -0.3820469764943486, 0.9368579030243256, 0.18989595278648208, -0.2679905023257161, -0.37747484320877667, 0.4581342707124952, -0.7220020803918199, -1.0, -0.8609571075223692, -0.8431889000457169, 0.2056580270655004, -0.5693606655256458, -0.01765159167261099, 0.8800515612417346, 0.045145149406786406, -0.6025564127775043, -0.9315952120563573, 0.19197494100833912, 0.3631561382536125, -0.7671106701030463, -0.4433929534935965, -0.6441874001917964, -0.5673133936217059, 0.7966451387681257, -0.7788646948114685, -0.9948883281453629, 0.8813033746395165, -0.37171789592463855, -0.9091357212532153, -0.757746474259896, -0.8042322319847908, 0.8805832890327943, 0.5855826926909444, -0.9513790199270591, 0.7867273885311423, -0.03756666746541226, 0.7419757344542455, -0.9818317819037873, 0.3975907195588142, 0.5604742368051843, 0.3803339765012571, -0.7760466903753314, 0.10037216071603694, 0.4194545971226149, 0.579313031803484, -0.2837287449594827, 0.4570180663990475, 0.2603969733680296, -0.33681253666151467, -0.5320043298738983, 0.5198700582806424, -0.5092427194701769, -0.6216068424780281, 0.5123355892178583, -0.5357754445826735, -0.8280990472092791, -0.45762107970996946, -0.8756705623263534, -0.9701499800480622, -0.9698601015219261, -0.08239229699176986, -0.8730459351505537, -0.1887024796631711, 0.9528330063461132, 0.14842546693048023, -0.027863649778378116, 0.39945108392970563, 0.8603144803988589, -0.38155923784814005, -0.6890268436298738, -0.42647758959222637, -0.7178262729210279, 0.17688033107013523, 0.25858768469898274, -0.9234039998598504, 0.6255942460754276, 0.5066249435254502, -0.9379565290266896, 0.4808887251320263, 0.47701929316407576, -0.5139955808156931, 0.9927057535211246, -0.500361823696287, -0.08910248608318572, 0.25262241797149027, 0.925794790366796, 0.1479638280759548, -0.7029532965278289, -0.7287979108767895, 0.19438010939048866, 0.33665104452678785, -0.28279094510081637, -0.37176139997308044, -0.49021586792543137, 0.7050029159841007, -0.8341472996689836, -0.32260099488751504, 0.554362778158479, -0.006027042286527395]
1019.9988403320312	(8, 12, 2)	[-0.7352494754961119, 0.47266453427501287, -0.9432702546937144, 0.9770225663127587, 0.8309099943640755, 0.6821259062473946, 0.7534228596864117, -0.1418284916001626, -0.5445891911674818, 0.29719672328790914, -0.4014193042346419, 0.050001195656814754, 0.9712538007638354, 0.32126026682681896, -0.7708191881682367, -0.8473578273041806, 0.08386569070336836, -0.47677056256932104, 0.8190332207859117, 0.6377326072019898, -0.919973481174502, -0.2865894312030605, 0.9368579030243256, 0.48722653827645224, -0.2679905023257161, -0.37747484320877667, 0.46860086198844886, -1.0, -1.0, -0.8609571075223692, -0.8431889000457169, 0.2056580270655004, 0.6327596907846585, -0.01765159167261099, -0.006707993444780014, 0.045145149406786406, -0.6025564127775043, -0.9315952120563573, 0.3906881662252395, 0.4347867246553805, 0.1505508355619991, -0.42643354020754387, 0.07214052494670797, -0.5492335849184151, 0.8905206102458808, 0.05202920740878536, -0.9948883281453629, -0.8374404404542284, -0.37171789592463855, -0.7668819636875466, -0.12863542655467208, -0.8042322319847908, 0.8805832890327943, 0.5855826926909444, -0.9513790199270591, 0.7867273885311423, -0.8659021575100547, 0.7419757344542455, -1.0, 0.5924568648223782, 0.5604742368051843, 0.3803339765012571, -0.7760466903753314, -0.9283624663125774, 0.4194545971226149, 0.579313031803484, 0.47181960336635886, 0.5237345786803435, 0.2603969733680296, -0.3726828094245904, -0.5320043298738983, 0.5198700582806424, -0.09232539473840617, -0.6216068424780281, 0.5123355892178583, -0.5357754445826735, -0.25906200760282805, 0.8679081910056041, 0.5491190289642469, -0.9815685266439749, -0.9698601015219261, -0.08239229699176986, -0.3518500402108049, -0.07291542386066086, 0.9504043950474098, 0.14842546693048023, 0.03643894690499594, 0.73445011746059, 0.8603144803988589, -0.38155923784814005, -0.6890268436298738, -0.454321051431143, -0.7178262729210279, 0.08391277093266836, 0.25858768469898274, -0.9234039998598504, 0.6255942460754276, 0.5446971134473811, 0.013070798298126851, 0.11635289896095546, -0.5502834143813593, -0.4301612470031195, 0.9927057535211246, 0.3963245379985432, -0.0659615611457367, -0.340894013907574, 0.925794790366796, 0.5893386871024389, -0.7029532965278289, -0.7287979108767895, 0.19438010939048866, 0.1340174723285017, -0.08785978167758457, -0.37176139997308044, -0.49021586792543137, 0.7050029159841007, -0.8341472996689836, -0.20047461436126102, 0.554362778158479, -0.006027042286527395]
1019.9998779296875	(8, 12, 2)	[-0.20784414443767607, 0.23547308087225427, -0.7521666166772205, 0.9770225663127587, 0.8309099943640755, 0.7560167365677433, 0.794097874201483, -0.20735151256562268, -0.5445891911674818, 0.39189378837330935, -0.5021283539102067, 0.05794808599656909, 0.9712538007638354, 0.3220049660596186, -0.6762330405965811, -0.17914740692394027, 0.001284711780746628, 0.35129024098726425, 0.8190332207859117, 0.6377326072019898, -0.919973481174502, -0.2865894312030605, 0.9368579030243256, 0.18989595278648208, -0.2272016113508113, -0.37747484320877667, 0.46860086198844886, -1.0, -0.05708245058900581, -0.8609571075223692, -0.5641707294222517, 0.2056580270655004, -0.5693606655256458, -0.01765159167261099, 0.8800515612417346, 0.045145149406786406, -0.6025564127775043, -0.9315952120563573, 0.19197494100833912, 0.33399138848863463, 0.06817792566037428, -0.42643354020754387, -0.6441874001917964, -0.5673133936217059, 0.7966451387681257, -0.7788646948114685, -0.9948883281453629, -0.8374404404542284, 0.30044115847045555, -0.7668819636875466, -0.757746474259896, -0.8042322319847908, 0.8805832890327943, 0.5855826926909444, -0.9513790199270591, 0.7867273885311423, -0.03756666746541226, 0.7419757344542455, -0.9818317819037873, 0.024823720447252937, 0.7409858750575489, 0.3803339765012571, -0.7760466903753314, -0.9283624663125774, 0.4269137720421589, 0.579313031803484, 0.47181960336635886, 0.4570180663990475, 0.2603969733680296, -0.3726828094245904, -0.5320043298738983, -0.4478748709194782, -0.09232539473840617, -0.6216068424780281, 0.5123355892178583, -0.6771135245664982, -0.2492708106045973, -0.4982938622239881, 0.5491190289642469, -0.9701499800480622, -0.9698601015219261, -0.08239229699176986, -0.7819083834587306, -0.07291542386066086, 0.9082031129368593, 0.14842546693048023, 0.03643894690499594, 0.39945108392970563, 0.8603144803988589, -0.38155923784814005, 0.45757504266486304, -0.42647758959222637, -0.639428192057422, 0.492710239124704, 0.25858768469898274, -0.9234039998598504, 0.6255942460754276, 0.5066249435254502, -0.9379565290266896, 0.11635289896095546, 0.47701929316407576, -0.4482654275539022, 1.0, -0.4050801114008635, 0.7322729668565702, -1.0, 0.925794790366796, 0.5893386871024389, -0.2923711531889993, -0.7287979108767895, 0.19438010939048866, -0.037201564356216466, -0.2873931473611016, -0.16196218209067426, -0.09807618745346303, 0.20659054341890726, -0.9454808198047091, -0.32260099488751504, 0.554362778158479, -0.006027042286527395]
1019.9998168945312	(8, 12, 2)	[-0.2812381270744364, 0.5243713024592862, -0.9432702546937144, 0.9770225663127587, 0.668058612842504, 0.6821259062473946, 0.7534228596864117, -0.9008643358521189, -0.5445891911674818, 0.29719672328790914, -0.4014193042346419, 0.05794808599656909, 0.9712538007638354, 0.3535437751394745, -0.6895202290354779, -0.8473578273041806, -0.22822293530809953, -0.27791822799914523, 0.8190332207859117, 0.6377326072019898, -0.919973481174502, -0.2865894312030605, 0.9368579030243256, 0.48722653827645224, -0.2679905023257161, -0.5594514068666916, 0.46860086198844886, -1.0, -1.0, -0.8609571075223692, -0.8256040447292735, 0.2056580270655004, 0.6327596907846585, -0.3932129402153819, -0.9132128799868184, 0.045145149406786406, -0.6025564127775043, 0.1442248221435736, 0.06975395389663872, 0.4347867246553805, 0.06817792566037428, -0.44812776093223156, 0.07214052494670797, -0.5673133936217059, 0.7966451387681257, -0.7788646948114685, -0.9948883281453629, 0.9295637916264552, -1.0, -0.7162240325388405, -0.12863542655467208, -0.8042322319847908, 0.8805832890327943, 0.5855826926909444, -0.943100909293243, 0.7867273885311423, -0.8659021575100547, 0.7419757344542455, -0.9135581798792187, 0.5924568648223782, 0.5604742368051843, 0.3803339765012571, -0.5287219784418178, 0.10037216071603694, 0.4194545971226149, 0.676476195322154, 0.03835266070100518, 0.5419205561152409, 0.33929086100244193, 0.4780693531500058, -0.5320043298738983, -0.512414772123758, -0.09232539473840617, -0.6216068424780281, 0.5123355892178583, -0.6258887165902385, -0.25906200760282805, -0.4843804501416595, -0.8756705623263534, -0.9815685266439749, -0.9698601015219261, -0.08239229699176986, -0.7819083834587306, -0.1887024796631711, 0.9082031129368593, 0.14842546693048023, 0.03643894690499594, 0.8277443874263526, 0.8603144803988589, -0.3514119221127556, 0.45757504266486304, -0.42647758959222637, -0.7178262729210279, 0.5902576050020726, 0.14067225081892032, -0.9234039998598504, 0.6255942460754276, 0.5446971134473811, 0.013070798298126851, 0.11635289896095546, -0.21519341152569882, -0.4301612470031195, 0.6279146759355708, -0.4050801114008635, -0.0659615611457367, 0.25262241797149027, 0.9133764340958379, 0.5893386871024389, -0.7029532965278289, -0.7287979108767895, 0.21818033006135917, -0.037201564356216466, -0.08785978167758457, -0.16196218209067426, -0.09807618745346303, 0.7050029159841007, -1.0, -0.15466052382755194, -0.5944299975152303, -0.006027042286527395]
1019.99951171875	(8, 12, 2)	[-0.8846539147773438, 0.3795013422811024, -0.7521666166772205, 0.8166067431954234, 0.8309099943640755, 0.6821259062473946, 0.826949400876075, -0.9008643358521189, -0.5445891911674818, 0.39189378837330935, -0.4014193042346419, 0.061475835181924586, 0.9712538007638354, 0.32126026682681896, -0.6762330405965811, -0.8473578273041806, 0.08386569070336836, -0.27791822799914523, 0.8190332207859117, 0.5530579687436374, -0.919973481174502, -0.2865894312030605, 0.9368579030243256, 0.48722653827645224, -0.2272016113508113, -0.37747484320877667, 0.46860086198844886, -0.7220020803918199, -1.0, -0.8609571075223692, -0.8431889000457169, 0.29289741981425377, 0.6327596907846585, -0.01765159167261099, 0.8800515612417346, -0.6344694725779254, -0.09481244383488821, -0.9315952120563573, 0.19197494100833912, 0.3631561382536125, 0.1505508355619991, -0.14490105305324252, 0.07214052494670797, -0.5673133936217059, 0.8905206102458808, 0.05202920740878536, -0.9948883281453629, 0.9295637916264552, -1.0, -0.7162240325388405, -0.757746474259896, -1.0, 0.8805832890327943, 0.5855826926909444, -0.9513790199270591, 0.7867273885311423, -0.8659021575100547, 0.7419757344542455, -0.9572724918595812, 0.3975907195588142, 0.5597798526235074, 0.3803339765012571, -0.5287219784418178, 0.10037216071603694, 0.4194545971226149, 0.676476195322154, 0.03835266070100518, 0.5419205561152409, 0.33929086100244193, 0.4780693531500058, -0.5519646472889668, 0.5198700582806424, -0.09232539473840617, -0.6216068424780281, 0.5190169040467656, -0.5357754445826735, -0.1817020665033893, -0.45762107970996946, 0.5491190289642469, -0.9815685266439749, -0.9698601015219261, -0.08239229699176986, -0.3518500402108049, -0.07291542386066086, 0.9528330063461132, -0.8746388870041255, 0.03643894690499594, 0.73445011746059, 0.8603144803988589, -0.38155923784814005, 0.45757504266486304, -0.47832053284601006, 0.29415710555353436, 0.492710239124704, 0.25858768469898274, -0.9234039998598504, 0.6255942460754276, 0.5446971134473811, 0.013070798298126851, 0.11635289896095546, -0.5502834143813593, -0.4482654275539022, 1.0, -0.4050801114008635, -0.08910248608318572, 0.25262241797149027, -0.3412485997070358, 0.3587760211897697, -0.7029532965278289, -0.7287979108767895, 0.19438010939048866, 0.33665104452678785, -0.28279094510081637, -0.45539554095348334, -0.09807618745346303, 0.7050029159841007, -0.8341472996689836, -0.32260099488751504, -0.5944299975152303, -0.006027042286527395]
1019.999755859375	(8, 12, 2)	[-0.6103281776412236, 0.47266453427501287, -0.9432702546937144, 0.9770225663127587, 0.8309099943640755, 0.7560167365677433, 0.794097874201483, -0.1418284916001626, -0.5445891911674818, 0.39189378837330935, -0.4014193042346419, 0.061475835181924586, 0.9712538007638354, 0.3220049660596186, -0.6895202290354779, -0.17914740692394027, 0.001284711780746628, 0.35129024098726425, 0.8190332207859117, 0.6377326072019898, -0.919973481174502, -0.3820469764943486, 0.9368579030243256, 0.18989595278648208, -0.4021884675703422, -0.37747484320877667, 0.46860086198844886, -0.9887748761383746, -1.0, -0.8609571075223692, -0.8431889000457169, 0.2056580270655004, 0.6327596907846585, -0.01765159167261099, 0.8800515612417346, 0.045145149406786406, -0.6025564127775043, -0.9315952120563573, 0.19197494100833912, 0.4347867246553805, 0.06817792566037428, -0.42643354020754387, 0.07214052494670797, -0.4996183891386983, 0.7966451387681257, 0.05202920740878536, -1.0, 0.8813033746395165, -0.37171789592463855, -0.7668819636875466, -0.12863542655467208, -0.8042322319847908, 0.8805832890327943, 0.5855826926909444, -0.9513790199270591, 0.7867273885311423, -0.9547775501169724, 0.7419757344542455, -0.9572724918595812, 0.5924568648223782, 0.7409858750575489, 0.3803339765012571, -0.7760466903753314, -0.9283624663125774, -0.6996094048570902, 0.579313031803484, 0.4694091905705566, 0.5237345786803435, 0.2603969733680296, -0.3726828094245904, -0.4980789381789124, 0.5198700582806424, -0.09232539473840617, -0.6216068424780281, 0.5123355892178583, -0.5357754445826735, -0.7903279260226292, -0.45762107970996946, 0.5491190289642469, -0.9815685266439749, -0.9698601015219261, -0.08239229699176986, -0.7819083834587306, -0.07291542386066086, 0.9528330063461132, 0.14842546693048023, 0.03643894690499594, 0.39945108392970563, 0.8603144803988589, -0.38155923784814005, -0.6890268436298738, -0.47832053284601006, -0.7178262729210279, 0.17688033107013523, 0.25858768469898274, -0.9587246369407759, 0.6255942460754276, 0.5446971134473811, 0.013070798298126851, 0.3169435547229136, -0.21519341152569882, -0.4482654275539022, 1.0, 0.3963245379985432, 0.7322729668565702, -0.340894013907574, 0.925794790366796, 0.5893386871024389, -0.7029532965278289, -0.7287979108767895, 0.35961334126989786, 0.33665104452678785, 0.01341637453885696, -0.16196218209067426, -0.5560262222808603, 0.7050029159841007, -0.9454808198047091, -0.32260099488751504, 0.554362778158479, -0.006027042286527395]
1019.9995727539062	(8, 12, 2)	[-0.7352494754961119, 0.47266453427501287, -0.9771712692587855, 0.9770225663127587, 0.8309099943640755, 0.7560167365677433, 0.794097874201483, -0.20735151256562268, -0.5445891911674818, 0.29719672328790914, -0.5021283539102067, 0.05794808599656909, 0.9712538007638354, 0.3220049660596186, -0.7708191881682367, -0.7133037967469653, 0.001284711780746628, 0.35129024098726425, 0.8190332207859117, 0.6377326072019898, -0.919973481174502, -0.43781572129509605, 0.9368579030243256, 0.18989595278648208, -0.2272016113508113, -0.37747484320877667, 0.46860086198844886, -1.0, -1.0, -0.8609571075223692, -0.5641707294222517, 0.29289741981425377, -0.5693606655256458, -0.01765159167261099, 0.8800515612417346, -0.6807508866534059, -0.5373752768846966, -1.0, 0.06975395389663872, 0.33399138848863463, 0.06817792566037428, -0.42643354020754387, 0.07214052494670797, -0.5673133936217059, 0.7966451387681257, 0.05202920740878536, -0.9948883281453629, -0.8374404404542284, -0.37171789592463855, -0.7668819636875466, -0.757746474259896, -1.0, 0.8805832890327943, 0.5855826926909444, -0.943100909293243, 0.7867273885311423, -0.8659021575100547, 0.7419757344542455, -0.9572724918595812, 0.4171115930133993, 0.7409858750575489, 0.3803339765012571, -0.42993359338708476, -0.9283624663125774, 0.4194545971226149, 0.1010910803095999, 0.47181960336635886, 0.5419205561152409, 0.2603969733680296, 0.4780693531500058, -0.5320043298738983, 0.4423189461749763, 0.07926509958712546, -0.6216068424780281, 0.4423971475193169, -0.6771135245664982, -0.8280990472092791, 0.8679081910056041, 0.5491190289642469, -0.9815685266439749, -0.9698601015219261, -0.08239229699176986, -0.7819083834587306, -0.07291542386066086, 0.9710242671432155, 0.14842546693048023, 0.03643894690499594, 0.8277443874263526, 0.8603144803988589, -0.38155923784814005, -0.677053093112141, -0.42647758959222637, 0.29415710555353436, 0.17688033107013523, 0.25858768469898274, -0.9587246369407759, 0.6255942460754276, 0.5066249435254502, -0.9379565290266896, 0.4312143899906955, -0.21519341152569882, -0.4482654275539022, 1.0, 0.44586025705915294, -0.05225372674502106, -1.0, 0.925794790366796, 0.5893386871024389, -0.2923711531889993, -0.7287979108767895, 0.19438010939048866, 0.1340174723285017, -0.2873931473611016, -0.16196218209067426, -0.09807618745346303, 0.03764213551437945, -0.9454808198047091, -0.3964177789644575, -0.5944299975152303, -0.006027042286527395]
1019.9998779296875	(8, 12, 2)	[-0.6103281776412236, 0.5243713024592862, -0.7521666166772205, 0.9770225663127587, 0.8518520311353238, 0.7560167365677433, 0.826949400876075, -0.20735151256562268, -0.5445891911674818, 0.39189378837330935, -0.5309597805051989, 0.061475835181924586, 0.8358293074954042, 0.3373968225977128, -0.7708191881682367, -0.17914740692394027, 0.001284711780746628, 0.35129024098726425, 0.8190332207859117, 0.6377326072019898, -0.919973481174502, -0.2865894312030605, 0.9368579030243256, 0.18989595278648208, -0.2272016113508113, 0.16715834754491832, 0.46860086198844886, -0.7220020803918199, -0.2955309823533053, -0.6082671688515957, -0.8431889000457169, 0.29289741981425377, -0.5693606655256458, -0.01765159167261099, 0.7590201919084129, -0.6344694725779254, -0.6025564127775043, -0.9315952120563573, 0.19197494100833912, 0.3631561382536125, -0.7671106701030463, -0.42643354020754387, -0.6441874001917964, -0.5673133936217059, -0.5209473711272126, 0.19445103058458438, -0.9948883281453629, 0.8813033746395165, -1.0, -0.7162240325388405, -0.757746474259896, -0.8042322319847908, 0.8805832890327943, 0.48172301235926407, -0.9513790199270591, 0.7867273885311423, -0.03756666746541226, 0.7419757344542455, -0.9818317819037873, 0.3975907195588142, 0.5604742368051843, 0.3803339765012571, -0.5287219784418178, 0.05803113296475509, 0.4269137720421589, 0.676476195322154, 0.03835266070100518, 0.5419205561152409, 0.33929086100244193, 0.4780693531500058, -0.532061781230104, 0.4423189461749763, -0.09232539473840617, -0.6216068424780281, 0.5811741050898549, -0.6771135245664982, -0.8280990472092791, -0.45762107970996946, -0.8756705623263534, -0.9815685266439749, -0.9698601015219261, -0.08239229699176986, -0.3518500402108049, -0.07291542386066086, 0.9528330063461132, 0.14842546693048023, 0.03643894690499594, 0.39945108392970563, 0.8603144803988589, -0.38155923784814005, -0.677053093112141, -0.42647758959222637, -0.7178262729210279, 0.492710239124704, 0.25858768469898274, -0.9587246369407759, 0.6255942460754276, 0.5446971134473811, 0.013070798298126851, 0.11635289896095546, -0.21519341152569882, -0.4482654275539022, 0.6279146759355708, -0.40633735752115474, 0.7322729668565702, 0.25262241797149027, -0.5844421775094848, 0.3587760211897697, -0.29557303454230693, -0.7287979108767895, 0.19438010939048866, -0.037201564356216466, -0.28279094510081637, -0.45539554095348334, -0.09807618745346303, 0.20659054341890726, -0.8341472996689836, -0.32260099488751504, 0.5133416875456139, -0.006027042286527395]
1019.9995727539062	(8, 12, 2)	[-0.7352494754961119, 0.47266453427501287, -0.7521666166772205, 0.8166067431954234, 0.8309099943640755, 0.6821259062473946, 0.8733787471244792, -0.9008643358521189, -0.5445891911674818, 0.29719672328790914, -0.4014193042346419, 0.05794808599656909, 0.9712538007638354, 0.3373968225977128, -0.6762330405965811, -0.17914740692394027, 0.15071619889472468, -0.2040032396710024, 0.8190332207859117, 0.6377326072019898, -0.7047036505432889, -0.3820469764943486, 0.9368579030243256, 0.1990602020442526, -0.19765633637504487, -0.30851407646546253, 0.46860086198844886, -0.9887748761383746, -1.0, -0.8609571075223692, -0.8431889000457169, 0.29289741981425377, 0.6327596907846585, -0.01765159167261099, 0.8800515612417346, -0.6344694725779254, -0.6025564127775043, -0.9315952120563573, 0.06975395389663872, 0.5045713037599588, -0.7671106701030463, -0.14536072392787092, 0.07214052494670797, -0.5775176963245559, 0.7966451387681257, 0.19445103058458438, -0.9948883281453629, 0.8813033746395165, -1.0, -0.7162240325388405, -0.757746474259896, -0.8042322319847908, 0.8805832890327943, 0.48172301235926407, -0.943100909293243, 0.7867273885311423, -0.8659021575100547, 0.6844795471673799, -1.0, 0.5924568648223782, 0.5597798526235074, 0.3803339765012571, -0.7760466903753314, 0.3924169801768608, 0.4194545971226149, 0.676476195322154, 0.47181960336635886, 0.5237345786803435, 0.2603969733680296, -0.4024967130896596, -0.532061781230104, -0.48852095978586496, -0.09232539473840617, -0.6216068424780281, 0.5123355892178583, -0.4776182794866631, -0.8280990472092791, 0.8851226743199643, 0.5491190289642469, -0.9815685266439749, -0.9698601015219261, -0.08239229699176986, -0.3518500402108049, -0.07291542386066086, 0.9082031129368593, 0.4770874035531505, -0.42902958859160056, 0.7380090429135383, 0.8603144803988589, -0.38155923784814005, -0.6890268436298738, -0.454321051431143, -0.7178262729210279, 0.492710239124704, 0.25858768469898274, -0.9234039998598504, -0.7802190880751039, 0.5446971134473811, -0.019103007281443582, 0.11635289896095546, 0.47701929316407576, -0.44890095059225404, 0.6279146759355708, -0.48665937384172, -0.0659615611457367, -0.340894013907574, 0.925794790366796, 0.3587760211897697, -0.6629935637371396, -0.7287979108767895, 0.19438010939048866, -0.037201564356216466, -0.28279094510081637, -0.45539554095348334, -0.09807618745346303, 0.20659054341890726, -0.8341472996689836, -0.32260099488751504, 0.554362778158479, -0.006027042286527395]
1019.999755859375	(8, 12, 2)	[-0.8846539147773438, 0.47266453427501287, -0.7521666166772205, 0.9770225663127587, 0.668058612842504, 0.6821259062473946, 0.826949400876075, -0.9008643358521189, -0.5445891911674818, 0.39189378837330935, -0.5656945873442032, 0.05794808599656909, 0.9712538007638354, 0.3535437751394745, -0.8037011384282943, -0.8473578273041806, 0.08386569070336836, -0.47677056256932104, 0.8190332207859117, 0.6377326072019898, -0.919973481174502, -0.2865894312030605, 0.9368579030243256, 0.23975963047998997, -0.2272016113508113, -0.5594514068666916, 0.46860086198844886, -0.7220020803918199, -1.0, -0.6082671688515957, -0.8431889000457169, 0.29289741981425377, 0.6327596907846585, -0.1332656129824703, 0.8800515612417346, -0.5658851644331032, -0.6025564127775043, -0.9315952120563573, 0.3906881662252395, 0.33399138848863463, 0.1505508355619991, -0.42643354020754387, 0.0680453046823773, -0.5673133936217059, 0.7966451387681257, 0.05202920740878536, -0.9948883281453629, 0.8813033746395165, -0.37171789592463855, -0.7162240325388405, -0.757746474259896, -0.8042322319847908, 0.8805832890327943, 0.5855826926909444, -0.9513790199270591, 0.7867273885311423, -0.8659021575100547, 0.7060590236224804, -0.9572724918595812, 0.3975907195588142, 0.7409858750575489, -0.002573525541259225, -0.5287219784418178, 0.10037216071603694, 0.4194545971226149, 0.579313031803484, 0.03835266070100518, 0.4570180663990475, 0.33929086100244193, 0.4780693531500058, -0.5320043298738983, 0.5198700582806424, -0.09232539473840617, -0.6216068424780281, 0.5123355892178583, -0.6771135245664982, -0.25906200760282805, -0.45480836298324245, 0.5491190289642469, -0.9815685266439749, -0.9885999460872107, -0.08239229699176986, -0.3518500402108049, -0.07291542386066086, 0.9082031129368593, 0.14842546693048023, -0.42902958859160056, 0.73445011746059, 0.8603144803988589, -0.3514119221127556, -0.6890268436298738, -0.47832053284601006, -0.5712139417665202, 0.17688033107013523, 0.25858768469898274, -0.9234039998598504, 0.5801336299155199, 0.5446971134473811, 0.013070798298126851, 0.11635289896095546, -0.5502834143813593, -0.4482654275539022, 1.0, -0.4050801114008635, -0.08910248608318572, 0.25262241797149027, 0.9133764340958379, 0.47825588951710524, -0.7029532965278289, -0.7287979108767895, 0.19438010939048866, 0.1340174723285017, -0.28279094510081637, -0.45539554095348334, -0.09807618745346303, 0.15205684001133155, -0.8341472996689836, -0.32260099488751504, -0.5944299975152303, -0.006027042286527395]
1019.9999389648438	(8, 12, 2)	[-0.7352494754961119, 0.47266453427501287, -0.7521666166772205, 0.9770225663127587, 0.668058612842504, 0.6821259062473946, 0.9063202669002547, -0.20735151256562268, -0.4634701944549381, 0.39189378837330935, -0.4262403585263369, 0.061475835181924586, 1.0, 0.6576229257583368, -0.7708191881682367, -0.17914740692394027, -0.1327554350470268, -0.47677056256932104, 0.8190332207859117, 0.5530579687436374, -0.919973481174502, -0.3820469764943486, 0.9368579030243256, 0.18989595278648208, -0.4021884675703422, -0.32077755347553105, 0.46860086198844886, -1.0, -0.05708245058900581, -0.8609571075223692, -0.8431889000457169, 0.2056580270655004, 0.6327596907846585, -0.01765159167261099, 0.8800515612417346, -0.6344694725779254, -0.11977092910874707, -1.0, 0.06975395389663872, 0.34238170592786377, -0.7671106701030463, -0.14536072392787092, 0.07214052494670797, -0.5673133936217059, 0.7966451387681257, 0.05202920740878536, -0.9948883281453629, -0.8374404404542284, -1.0, -0.7668819636875466, -0.12863542655467208, -0.8042322319847908, 0.8805832890327943, 0.5855826926909444, -0.9513790199270591, 0.7867273885311423, -0.8659021575100547, 0.5688614594510952, -0.9818317819037873, 0.5924568648223782, 0.7409858750575489, 0.3803339765012571, -0.5287219784418178, 0.10037216071603694, -0.6996094048570902, 0.676476195322154, 0.03835266070100518, 0.5419205561152409, 0.06318434785595642, 0.4780693531500058, -0.532061781230104, 0.5198700582806424, -0.5092427194701769, -0.6216068424780281, 0.5123355892178583, -0.5357754445826735, -0.8280990472092791, 0.8679081910056041, -0.8756705623263534, -0.9815685266439749, -0.9698601015219261, -0.08239229699176986, -0.3518500402108049, -0.1887024796631711, 0.9082031129368593, 0.14842546693048023, 0.03643894690499594, 0.8277443874263526, 0.7296710192643107, -0.3514119221127556, 0.45757504266486304, -0.42647758959222637, -0.7178262729210279, 0.17688033107013523, 0.25858768469898274, -0.9234039998598504, -0.7802190880751039, 0.5446971134473811, 0.013070798298126851, 0.11635289896095546, 0.47701929316407576, -0.4482654275539022, 1.0, -0.48665937384172, -0.0659615611457367, -0.340894013907574, -0.5844421775094848, 0.5893386871024389, -0.7029532965278289, -0.7287979108767895, 0.19438010939048866, -0.037201564356216466, -0.28279094510081637, -0.45539554095348334, -0.49021586792543137, 0.20659054341890726, -1.0, -0.32260099488751504, 0.5133416875456139, -0.006027042286527395]
1019.9996337890625	(8, 12, 2)	[-0.6103281776412236, 0.23547308087225427, -0.7521666166772205, 0.9770225663127587, 0.8518520311353238, 0.7560167365677433, 0.9063202669002547, -0.20735151256562268, -0.5445891911674818, 0.29719672328790914, -0.5309597805051989, 0.061475835181924586, 0.9712538007638354, 0.3535437751394745, -0.7708191881682367, -0.2474614732217915, 0.08386569070336836, -0.27791822799914523, 0.8190332207859117, 0.6377326072019898, -0.919973481174502, -0.2865894312030605, 0.9368579030243256, 0.18989595278648208, -0.2272016113508113, -0.37726056711484707, 0.46860086198844886, -1.0, -0.05708245058900581, -0.8609571075223692, -0.8431889000457169, 0.29289741981425377, -0.5693606655256458, -0.01765159167261099, 0.8800515612417346, -0.6807508866534059, -0.08031382914146312, -0.9315952120563573, 0.08723147676208198, 0.4347867246553805, 0.06817792566037428, -0.4433929534935965, 0.07214052494670797, -0.5673133936217059, 0.8905206102458808, 0.05202920740878536, -0.9948883281453629, 0.7805896155083626, -1.0, -0.614112754569889, -0.757746474259896, -0.8042322319847908, 0.8805832890327943, 0.5873839049253001, -0.9513790199270591, 0.7867273885311423, -0.8659021575100547, 0.7419757344542455, -0.9135581798792187, 0.3975907195588142, 0.5597798526235074, -0.002573525541259225, -0.7760466903753314, -0.03520322346282034, 0.4194545971226149, 0.676476195322154, 0.47181960336635886, 0.4570180663990475, 0.2603969733680296, 0.4780693531500058, -0.5320043298738983, -0.512414772123758, -0.09232539473840617, -0.6216068424780281, 0.5123355892178583, -0.48421577728556964, -0.25906200760282805, -0.45762107970996946, 0.5491190289642469, -0.9815685266439749, -0.9698601015219261, -0.08239229699176986, -0.3518500402108049, -0.0884722533156694, 0.9528330063461132, 0.14842546693048023, 0.03643894690499594, 0.39945108392970563, 0.8603144803988589, -0.38155923784814005, -0.677053093112141, -0.42647758959222637, -0.7343432001596925, 0.08391277093266836, 0.25858768469898274, -0.9234039998598504, 0.6255942460754276, 0.5309577269801647, -0.019103007281443582, 0.11635289896095546, -0.5502834143813593, -0.4482654275539022, 1.0, -0.48665937384172, -0.08910248608318572, 0.25262241797149027, 0.925794790366796, 0.3587760211897697, -0.29557303454230693, -0.7287979108767895, 0.19438010939048866, 0.1340174723285017, 0.01341637453885696, -0.5841713798482739, -0.08868651432428534, 0.20659054341890726, -0.8341472996689836, -0.32260099488751504, -0.5944299975152303, -0.006027042286527395]
1019.9998168945312	(8, 12, 2)	[-0.7352494754961119, 0.23547308087225427, -0.7521666166772205, 0.9770225663127587, 0.9243987733309318, 0.6821259062473946, 0.826949400876075, -0.20735151256562268, -0.5107166349999863, 0.39189378837330935, -0.5309597805051989, 0.05794808599656909, 0.9712538007638354, 0.32126026682681896, -0.7708191881682367, -0.17914740692394027, 0.001284711780746628, 0.35129024098726425, 0.8190332207859117, 0.6377326072019898, -0.7047036505432889, -0.2865894312030605, 0.9368579030243256, 0.18989595278648208, -0.2272016113508113, 0.16715834754491832, 0.46860086198844886, -0.7220020803918199, -0.2955309823533053, -0.6082671688515957, -0.8431889000457169, 0.29289741981425377, -0.5693606655256458, -0.46433038347004424, 0.8800515612417346, -0.6344694725779254, -0.6025564127775043, -1.0, 0.19197494100833912, 0.4347867246553805, -0.7671106701030463, -0.42643354020754387, -0.6441874001917964, -0.5673133936217059, 0.7966451387681257, 0.05202920740878536, -0.9948883281453629, 0.9295637916264552, -1.0, -0.7162240325388405, -0.757746474259896, -0.8042322319847908, 0.8805832890327943, 0.5873839049253001, -0.943100909293243, 0.7867273885311423, -0.03756666746541226, 0.7419757344542455, -0.9135581798792187, 0.46245682364466484, 0.5597798526235074, 0.3803339765012571, -0.5287219784418178, 0.05803113296475509, 0.4194545971226149, 0.8516142115589744, 0.03835266070100518, 0.5419205561152409, 0.2603969733680296, -0.3726828094245904, -0.532061781230104, 0.4423189461749763, -0.09232539473840617, -0.6216068424780281, 0.5123355892178583, -0.5357754445826735, -0.8280990472092791, -0.4575215758431119, -0.8756705623263534, -0.9815685266439749, -0.9698601015219261, -0.08239229699176986, -0.3518500402108049, -0.1887024796631711, 0.9528330063461132, 0.14842546693048023, 0.03643894690499594, 0.8277443874263526, 0.8603144803988589, -0.38155923784814005, -0.677053093112141, -0.42647758959222637, 0.39822867756033764, 0.17688033107013523, 0.3036677499468722, -0.9587246369407759, 0.6255942460754276, 0.5446971134473811, 0.013070798298126851, 0.11635289896095546, 0.47701929316407576, -0.4482654275539022, 0.6279146759355708, -0.48665937384172, -0.0659615611457367, 0.25262241797149027, -0.5844421775094848, 0.3587760211897697, -0.29557303454230693, -0.7287979108767895, 0.19438010939048866, -0.09470462823957584, -0.28279094510081637, -0.45539554095348334, -0.09807618745346303, 0.7050029159841007, -0.8341472996689836, -0.32260099488751504, 0.5133416875456139, -0.006027042286527395]
1019.9996948242188	(8, 12, 2)	[-0.7352494754961119, 0.23547308087225427, -0.9432702546937144, 0.9770225663127587, 0.9243987733309318, 0.6821259062473946, 0.9063202669002547, -0.20735151256562268, -0.5445891911674818, 0.24714831462387743, -0.5656945873442032, 0.05794808599656909, 0.9712538007638354, 0.6576229257583368, -0.7478506057684108, -0.17914740692394027, 0.001284711780746628, 0.35129024098726425, 0.8190332207859117, 0.5956050562761136, -0.919973481174502, -0.3820469764943486, 0.9368579030243256, 0.18989595278648208, -0.2272016113508113, -0.27079262560821116, 0.46860086198844886, -0.7220020803918199, -1.0, -0.8609571075223692, -0.8431889000457169, 0.29289741981425377, 0.6327596907846585, -0.46433038347004424, 0.6473251015906564, -0.36936749370286126, -0.6025564127775043, -0.9315952120563573, 0.19197494100833912, 0.33399138848863463, 0.708129276200707, -0.14536072392787092, 0.07214052494670797, -0.5492335849184151, 0.9390337304201444, 0.19445103058458438, -0.9948883281453629, 0.8813033746395165, -0.37171789592463855, -0.7162240325388405, -0.757746474259896, -0.8042322319847908, 0.9128369786183975, 0.5873839049253001, -0.9513790199270591, 0.7867273885311423, -0.8488741853567575, 0.5688614594510952, -0.9818317819037873, 0.5924568648223782, 0.7409858750575489, 0.3803339765012571, -0.7760466903753314, 0.4135223795209667, 0.4194545971226149, 0.676476195322154, 0.03835266070100518, 0.5237345786803435, 0.33929086100244193, -0.3726828094245904, -0.5320043298738983, 0.5198700582806424, -0.09232539473840617, -0.6216068424780281, 0.5123355892178583, -0.5357754445826735, -0.8280990472092791, -0.4575215758431119, 0.5491190289642469, -0.9815685266439749, -0.9698601015219261, -0.08239229699176986, -0.3518500402108049, -0.07291542386066086, 0.9082031129368593, 0.4770874035531505, -0.42902958859160056, 0.7380090429135383, 0.8603144803988589, -0.38155923784814005, -0.6890268436298738, -0.454321051431143, -0.7178262729210279, 0.492710239124704, 0.14067225081892032, -0.9587246369407759, 0.5801336299155199, 0.5446971134473811, 0.013070798298126851, 0.11635289896095546, 0.47701929316407576, -0.4482654275539022, 1.0, -0.4050801114008635, -0.0659615611457367, 0.25262241797149027, 0.9133764340958379, 0.5893386871024389, -0.7464114983219664, -0.7287979108767895, 0.19438010939048866, 0.1340174723285017, -0.08785978167758457, -0.45539554095348334, -0.09807618745346303, 0.7050029159841007, -0.8341472996689836, -0.32260099488751504, 0.5133416875456139, -0.006027042286527395]
1019.9996337890625	(8, 12, 2)	[-0.6103281776412236, 0.47266453427501287, -0.7521666166772205, 0.9770225663127587, 0.8518520311353238, 0.6821259062473946, 0.794097874201483, -0.1418284916001626, -0.5445891911674818, 0.39189378837330935, -0.5309597805051989, 0.05794808599656909, 1.0, 0.6576229257583368, -0.7708191881682367, -0.9689481358572032, 0.001284711780746628, -0.27791822799914523, 0.8190332207859117, 0.6377326072019898, -0.7047036505432889, -0.2865894312030605, 0.9368579030243256, 0.21703504897323528, -0.2679905023257161, 0.16715834754491832, 0.46860086198844886, -1.0, -0.22529555861597195, -0.6082671688515957, -0.4985105979805744, 0.29289741981425377, 0.6327596907846585, -0.46433038347004424, 0.8800515612417346, -0.5114858370996069, -0.5373752768846966, -1.0, 0.3906881662252395, 0.33399138848863463, -0.7671106701030463, -0.42643354020754387, -0.6441874001917964, -0.5492335849184151, 0.7966451387681257, 0.05202920740878536, -0.9948883281453629, 0.8813033746395165, -0.37171789592463855, -0.6138604294968657, -0.757746474259896, -0.8042322319847908, 0.9128369786183975, 0.5855826926909444, -0.9513790199270591, 0.7867273885311423, -0.8659021575100547, 0.7419757344542455, -0.9572724918595812, 0.3975907195588142, 0.7409858750575489, -0.002573525541259225, -0.5287219784418178, 0.059729747473036755, 0.4269137720421589, 0.8516142115589744, 0.47181960336635886, 0.5419205561152409, 0.33929086100244193, 0.4780693531500058, -0.4980789381789124, 0.5198700582806424, -0.09232539473840617, -0.6216068424780281, 0.5123355892178583, -0.6771135245664982, -0.8280990472092791, -0.45480836298324245, 0.5491190289642469, -0.9815685266439749, -0.9698601015219261, -0.08239229699176986, -0.3518500402108049, -0.07291542386066086, 0.9528330063461132, 0.14842546693048023, 0.03643894690499594, 0.7380090429135383, 0.8603144803988589, -0.38155923784814005, 0.5008079498713688, -0.454321051431143, 0.29415710555353436, 0.17688033107013523, 0.25858768469898274, -0.9234039998598504, 0.6255942460754276, 0.5446971134473811, 0.013070798298126851, 0.4312143899906955, -0.21519341152569882, -0.4482654275539022, 1.0, -0.4050801114008635, -0.08910248608318572, 0.25262241797149027, 0.9133764340958379, 0.5447167609148079, -0.7029532965278289, -0.7287979108767895, 0.19438010939048866, -0.037201564356216466, -0.08785978167758457, -0.45539554095348334, -0.09807618745346303, 0.20659054341890726, -0.8341472996689836, -0.32260099488751504, -0.5944299975152303, -0.006027042286527395]
1019.9998168945312	(8, 12, 2)	[-0.8846539147773438, 0.47266453427501287, -0.7521666166772205, 0.9770225663127587, 0.8309099943640755, 0.7560167365677433, 0.826949400876075, -0.20735151256562268, -0.5445891911674818, 0.39189378837330935, -0.5309597805051989, 0.05794808599656909, 0.9712538007638354, 0.32126026682681896, -0.7708191881682367, -0.7133037967469653, 0.001284711780746628, 0.35129024098726425, 0.8190332207859117, 0.7480161144740233, -0.919973481174502, -0.2865894312030605, 0.9368579030243256, 0.18989595278648208, -0.2679905023257161, -0.32077755347553105, 0.46860086198844886, -0.7220020803918199, -0.22529555861597195, -0.6082671688515957, -0.8431889000457169, 0.29289741981425377, 0.6712970725012187, -0.46433038347004424, 0.8800515612417346, -0.6344694725779254, -0.09481244383488821, -1.0, 0.19197494100833912, 0.3631561382536125, 0.6174339670326048, -0.42643354020754387, 0.07214052494670797, -0.5673133936217059, 0.8905206102458808, 0.05202920740878536, -0.9948883281453629, 0.8813033746395165, -1.0, -0.7668819636875466, -0.12863542655467208, -0.8042322319847908, 0.8805832890327943, 0.5855826926909444, -0.943100909293243, 0.9163250619424219, -0.03756666746541226, 0.5688614594510952, -0.9818317819037873, 0.3975907195588142, 0.5597798526235074, 0.3803339765012571, -0.5287219784418178, -0.9283624663125774, 0.4269137720421589, 0.8516142115589744, 0.03835266070100518, 0.5419205561152409, 0.2603969733680296, -0.3726828094245904, -0.532061781230104, 0.5198700582806424, -0.09232539473840617, -0.6216068424780281, 0.5123355892178583, -0.5357754445826735, -0.8280990472092791, -0.4575215758431119, -0.6197221321706485, -0.9815685266439749, -0.9698601015219261, -0.08239229699176986, -0.8576335251711635, -0.07291542386066086, 0.9094669677654161, 0.14842546693048023, 0.03643894690499594, 0.39945108392970563, 0.8603144803988589, -0.38155923784814005, -0.766757826376129, -0.42647758959222637, 0.29415710555353436, 0.014216560093377711, 0.25858768469898274, -0.9234039998598504, 0.6255942460754276, 0.5446971134473811, 0.013070798298126851, 0.11635289896095546, -0.5502834143813593, -0.4482654275539022, 1.0, -0.500361823696287, -0.08910248608318572, 0.25262241797149027, -0.3917615975602906, 0.3587760211897697, -0.7464114983219664, -0.7287979108767895, 0.19438010939048866, -0.09470462823957584, -0.28279094510081637, -0.45539554095348334, -0.09807618745346303, 0.15205684001133155, -0.8341472996689836, -0.32260099488751504, 0.5133416875456139, -0.021670114964272662]
1019.999755859375	(8, 12, 2)	[-0.6103281776412236, 0.47266453427501287, -0.9432702546937144, 0.9770225663127587, 0.668058612842504, 0.7560167365677433, 0.794097874201483, -0.20735151256562268, -0.5445891911674818, 0.39189378837330935, -0.4014193042346419, 0.05794808599656909, 0.9712538007638354, 0.32126026682681896, -0.9253705335899477, -0.7133037967469653, 0.001284711780746628, 0.35129024098726425, 0.8190332207859117, 0.6377326072019898, -0.919973481174502, -0.2865894312030605, 0.9368579030243256, 0.18989595278648208, -0.2679905023257161, -0.5594514068666916, 0.46860086198844886, -1.0, -1.0, -0.8609571075223692, -0.5641707294222517, 0.29289741981425377, -0.5693606655256458, -0.01765159167261099, 0.8800515612417346, -0.6344694725779254, -0.5373752768846966, -0.9315952120563573, 0.06975395389663872, 0.4347867246553805, -0.7671106701030463, -0.42643354020754387, 0.0680453046823773, -0.5673133936217059, -0.5209473711272126, 0.05202920740878536, -0.9948883281453629, -0.7693437230621405, -0.37171789592463855, -0.7693251333124086, -0.757746474259896, -0.8042322319847908, 0.8805832890327943, 0.5873839049253001, -1.0, 0.7867273885311423, -0.8488741853567575, 0.5688614594510952, -0.9572724918595812, 0.3975907195588142, 0.5597798526235074, 0.3803339765012571, -0.5287219784418178, 0.10037216071603694, 0.4269137720421589, 0.8516142115589744, 0.03835266070100518, 0.4297794759709824, 0.2603969733680296, 0.4780693531500058, -0.5320043298738983, 0.5198700582806424, -0.09232539473840617, -0.6216068424780281, 0.5123355892178583, -0.6258887165902385, -0.2492708106045973, -0.45480836298324245, -0.8756705623263534, -0.9815685266439749, -0.9698601015219261, -0.08239229699176986, -0.3518500402108049, -0.0884722533156694, 0.9094669677654161, 0.14842546693048023, 0.03643894690499594, 0.73445011746059, 0.8603144803988589, -0.38155923784814005, 0.45757504266486304, -0.454321051431143, 0.29415710555353436, 0.17688033107013523, 0.3036677499468722, -0.9234039998598504, -0.7802190880751039, 0.5446971134473811, 0.013070798298126851, 0.18202257876346462, -0.5502834143813593, -0.4482654275539022, 1.0, -0.4050801114008635, -0.05225372674502106, -0.340894013907574, 0.9133764340958379, 0.43557303099939837, -0.7464114983219664, -0.7287979108767895, 0.19438010939048866, -0.037201564356216466, -0.28279094510081637, -0.37176139997308044, -0.04139854170066299, 0.7050029159841007, -0.8341472996689836, -0.32260099488751504, 0.5133416875456139, -0.006027042286527395]
1019.9998168945312	(8, 12, 2)	[-0.6103281776412236, 0.47266453427501287, -0.9432702546937144, 0.9770225663127587, 0.8518520311353238, 0.7560167365677433, 0.794097874201483, -0.20735151256562268, -0.5107166349999863, 0.39189378837330935, -0.4014193042346419, 0.05794808599656909, 0.9712538007638354, 0.32126026682681896, -0.9253705335899477, -0.7133037967469653, 0.08386569070336836, 0.35129024098726425, 0.8190332207859117, 0.6377326072019898, -0.919973481174502, -0.2865894312030605, 0.9368579030243256, 0.18989595278648208, -0.2272016113508113, -0.37747484320877667, 0.46860086198844886, -0.7220020803918199, -1.0, -0.8609571075223692, -0.8431889000457169, 0.29289741981425377, -0.5693606655256458, -0.01765159167261099, 0.8800515612417346, -0.6344694725779254, -0.4447135050066465, -0.9315952120563573, 0.3906881662252395, 0.33399138848863463, -0.7671106701030463, -0.42643354020754387, 0.0680453046823773, -0.5673133936217059, 0.7966451387681257, 0.05202920740878536, -0.9948883281453629, -0.7693437230621405, -1.0, -0.7693251333124086, -0.757746474259896, -0.8042322319847908, 0.8805832890327943, 0.5873839049253001, -1.0, 0.7867273885311423, -0.8659021575100547, 0.5688614594510952, -0.9572724918595812, 0.3975907195588142, 0.7409858750575489, 0.3803339765012571, -0.5287219784418178, 0.10037216071603694, 0.4194545971226149, 0.676476195322154, 0.03835266070100518, 0.4297794759709824, 0.2603969733680296, 0.4780693531500058, -0.5320043298738983, 0.5198700582806424, -0.09232539473840617, -0.6216068424780281, 0.5123355892178583, -0.6771135245664982, -0.2492708106045973, -0.45480836298324245, 0.5491190289642469, -0.9815685266439749, -1.0, -0.08239229699176986, -0.3518500402108049, -0.07291542386066086, 0.9094669677654161, 0.14842546693048023, 0.03643894690499594, 0.7380090429135383, 0.8603144803988589, -0.38155923784814005, -0.6890268436298738, -0.42647758959222637, 0.29415710555353436, 0.17688033107013523, 0.3036677499468722, -0.9234039998598504, 0.6255942460754276, 0.5446971134473811, 0.013070798298126851, 0.11635289896095546, -0.5502834143813593, -0.4482654275539022, 1.0, -0.48665937384172, -0.05225372674502106, -0.340894013907574, -0.5844421775094848, 0.43732759329163257, -0.29557303454230693, -0.7287979108767895, 0.19438010939048866, 0.1340174723285017, -0.28279094510081637, -0.45539554095348334, -0.04139854170066299, 0.20659054341890726, -0.8341472996689836, -0.32260099488751504, 0.5133416875456139, -0.006027042286527395]
1019.9996337890625	(8, 12, 2)	[-0.6103281776412236, 0.23547308087225427, -0.7521666166772205, 0.9770225663127587, 0.668058612842504, 0.715726960818208, 0.7534228596864117, -0.1418284916001626, -0.5445891911674818, 0.27912581796710356, -0.5309597805051989, 0.05794808599656909, 0.9712538007638354, 0.6576229257583368, -0.7708191881682367, -0.9689481358572032, 0.08386569070336836, -0.27791822799914523, 0.8190332207859117, 0.5530579687436374, -0.7047036505432889, -0.2865894312030605, 0.8779833286159067, 0.18989595278648208, -0.2679905023257161, -0.27079262560821116, 0.46860086198844886, -0.7220020803918199, -0.22529555861597195, -0.6082671688515957, -0.8431889000457169, 0.2056580270655004, 0.662246684391557, -0.46433038347004424, 0.8800515612417346, 0.045145149406786406, -0.6025564127775043, -1.0, 0.19197494100833912, 0.5045713037599588, 0.06817792566037428, -0.14536072392787092, 0.07214052494670797, -0.5673133936217059, 0.7966451387681257, 0.05202920740878536, -0.9948883281453629, 0.8813033746395165, -1.0, -0.6138604294968657, -0.757746474259896, -0.8042322319847908, 0.8805832890327943, 0.5873839049253001, -0.9513790199270591, 0.7867273885311423, -0.03756666746541226, 0.7419757344542455, -0.9818317819037873, 0.3975907195588142, 0.5597798526235074, 0.3803339765012571, -0.5116285000090777, 0.05803113296475509, 0.4194545971226149, 0.676476195322154, 0.03835266070100518, 0.5419205561152409, 0.2603969733680296, 0.4780693531500058, -0.5320043298738983, 0.5198700582806424, -0.09232539473840617, -0.6216068424780281, 0.5123355892178583, -0.6258887165902385, -0.8280990472092791, -0.45480836298324245, 0.5491190289642469, -0.9397621673583976, -0.9698601015219261, -0.08239229699176986, -0.3518500402108049, -0.1887024796631711, 0.9082031129368593, 0.14842546693048023, 0.03643894690499594, 0.73445011746059, 0.8603144803988589, -0.38155923784814005, 0.5008079498713688, -0.42647758959222637, 0.29415710555353436, 0.492710239124704, 0.25858768469898274, -0.9234039998598504, 0.6362841939781261, 0.5446971134473811, 0.013070798298126851, 0.11635289896095546, -0.21519341152569882, -0.4482654275539022, 1.0, -0.48665937384172, 0.7322729668565702, 0.25262241797149027, -0.3412485997070358, 0.47825588951710524, -0.2923711531889993, -0.7287979108767895, 0.19438010939048866, -0.037201564356216466, -0.28279094510081637, -0.45539554095348334, -0.08868651432428534, 0.20659054341890726, -0.9454808198047091, -0.32260099488751504, 0.5133416875456139, -0.006027042286527395]
1019.999755859375	(8, 12, 2)	[-0.8846539147773438, 0.47266453427501287, -0.9432702546937144, 0.9770225663127587, 0.668058612842504, 0.6821259062473946, 0.826949400876075, -0.20735151256562268, -0.5445891911674818, 0.39189378837330935, -0.5309597805051989, 0.05794808599656909, 0.9712538007638354, 0.3373968225977128, -0.7708191881682367, -0.8473578273041806, 0.001284711780746628, 0.31939853503731913, 0.8190332207859117, 0.6377326072019898, -0.7047036505432889, -0.3820469764943486, 0.9368579030243256, 0.18989595278648208, -0.2272016113508113, 0.16715834754491832, 0.4289651009907631, -1.0, -1.0, -0.8609571075223692, -0.6361967510078667, 0.29289741981425377, -0.5693606655256458, -0.01765159167261099, 0.7590201919084129, -0.6344694725779254, -0.5373752768846966, -1.0, 0.19197494100833912, 0.28640566086866437, 0.06817792566037428, -0.42643354020754387, 0.07214052494670797, -0.5673133936217059, 0.8905206102458808, 0.05202920740878536, -0.9948883281453629, 0.8813033746395165, -1.0, -0.7162240325388405, -0.757746474259896, -0.8042322319847908, 0.9128369786183975, 0.5855826926909444, -0.9513790199270591, 0.7867273885311423, -0.03756666746541226, 0.7060590236224804, -0.9135581798792187, 0.47269348097645153, 0.5597798526235074, -0.002573525541259225, -0.5116285000090777, 0.10037216071603694, 0.4194545971226149, 0.8516142115589744, 0.47181960336635886, 0.5419205561152409, 0.06318434785595642, 0.4780693531500058, -0.532061781230104, 0.5198700582806424, -0.09232539473840617, -0.6216068424780281, 0.5123355892178583, -0.6771135245664982, -0.8280990472092791, -0.45762107970996946, -0.8756705623263534, -0.9397621673583976, -0.9698601015219261, -0.08239229699176986, -0.8576335251711635, -0.05737151212297347, 0.9528330063461132, 0.14842546693048023, 0.03643894690499594, 0.39945108392970563, 0.8603144803988589, -0.38155923784814005, -0.6890268436298738, -0.42647758959222637, 0.29415710555353436, 0.17688033107013523, 0.25858768469898274, -0.9587246369407759, -0.7802190880751039, 0.5446971134473811, 0.013070798298126851, 0.4312143899906955, -0.21519341152569882, -0.1869031332918829, 1.0, -0.40633735752115474, -0.05225372674502106, 0.25262241797149027, 0.9133764340958379, 0.3587760211897697, -0.29557303454230693, -0.7287979108767895, 0.19438010939048866, 0.1340174723285017, -0.28279094510081637, -0.45539554095348334, -0.09807618745346303, 0.20659054341890726, -0.9454808198047091, -0.32260099488751504, 0.5133416875456139, -0.006027042286527395]
1019.9999389648438	(8, 12, 2)	[-0.6103281776412236, 0.47266453427501287, -0.7521666166772205, 0.9770225663127587, 0.9333352488712265, 0.6821259062473946, 0.7534228596864117, -0.1418284916001626, -0.5445891911674818, 0.39189378837330935, -0.5309597805051989, 0.05794808599656909, 0.9712538007638354, 0.6576229257583368, -0.8037011384282943, -0.17914740692394027, 0.15071619889472468, -0.2040032396710024, 0.8190332207859117, 0.6377326072019898, -0.7047036505432889, -0.2865894312030605, 0.9368579030243256, 0.21703504897323528, -0.2272016113508113, -0.27079262560821116, 0.46860086198844886, -1.0, -0.2955309823533053, -0.8609571075223692, -1.0, 0.29289741981425377, -0.5693606655256458, -0.01765159167261099, 0.8800515612417346, -0.7022703160919407, -0.5373752768846966, -0.9315952120563573, 0.06975395389663872, 0.5045713037599588, -0.7671106701030463, -0.14536072392787092, 0.07214052494670797, -0.5492335849184151, 0.7966451387681257, 0.05202920740878536, -0.9948883281453629, 0.9723402778940818, -1.0, -0.614112754569889, -0.757746474259896, -0.8042322319847908, 0.8805832890327943, 0.5873839049253001, -0.9513790199270591, 0.7867273885311423, -0.8659021575100547, 0.7419757344542455, -0.9818317819037873, 0.3975907195588142, 0.5597798526235074, -0.002573525541259225, -0.5287219784418178, 0.10037216071603694, 0.4194545971226149, 0.676476195322154, 0.47181960336635886, 0.4570180663990475, 0.2603969733680296, 0.4345042806268987, -0.532061781230104, -0.512414772123758, 0.0008151803323480783, -0.6216068424780281, 0.5123355892178583, -0.6771135245664982, -0.2492708106045973, -0.4575215758431119, -0.8756705623263534, -0.8100247253978226, -0.9698601015219261, -0.08239229699176986, -0.3518500402108049, -0.07291542386066086, 0.9082031129368593, 0.14842546693048023, 0.03643894690499594, 0.39945108392970563, 0.8603144803988589, -0.38155923784814005, -0.7435229911339676, -0.48094756135581446, 0.29415710555353436, 0.17688033107013523, 0.3036677499468722, -0.9587246369407759, 0.6255942460754276, 0.5446971134473811, 0.013070798298126851, 0.11635289896095546, -0.21519341152569882, -0.4482654275539022, 1.0, -0.500361823696287, 0.7322729668565702, 0.25262241797149027, 0.9133764340958379, 0.4127509588703084, -0.7029532965278289, -0.7287979108767895, 0.19438010939048866, 0.1340174723285017, -0.28279094510081637, -0.45539554095348334, -0.09807618745346303, 0.20659054341890726, -0.8341472996689836, -0.32260099488751504, 0.5133416875456139, -0.006027042286527395]
1019.9999389648438	(8, 12, 2)	[-0.8846539147773438, 0.23547308087225427, -0.9432702546937144, 1.0, 0.8518520311353238, 0.8595838067312949, 0.826949400876075, -0.20735151256562268, -0.5445891911674818, 0.39189378837330935, -0.5656945873442032, 0.05794808599656909, 0.9712538007638354, 0.3373968225977128, -0.7708191881682367, -0.8473578273041806, 0.08386569070336836, -0.27791822799914523, 0.8190332207859117, 0.6377326072019898, -0.7047036505432889, -0.2865894312030605, 0.9368579030243256, 0.21703504897323528, -0.17702875194812964, 0.16715834754491832, 0.46860086198844886, -0.7220020803918199, -0.22529555861597195, -0.8609571075223692, -0.6361967510078667, 0.19333535361405985, -0.5139746736753086, -0.46433038347004424, 0.8800515612417346, -0.6344694725779254, -0.5373752768846966, -0.9315952120563573, 0.19197494100833912, 0.4347867246553805, -0.7671106701030463, -0.42643354020754387, -0.6441874001917964, -0.5673133936217059, 0.7966451387681257, 0.05202920740878536, -0.9948883281453629, -0.8374404404542284, -0.37171789592463855, -0.7404244975699058, -0.757746474259896, -0.8042322319847908, 0.8805832890327943, 0.5855826926909444, -0.9513790199270591, 0.7867273885311423, -0.8488741853567575, 0.5688614594510952, -0.9135581798792187, 0.47269348097645153, 0.8486219228730271, 0.3803339765012571, -0.5287219784418178, 0.10037216071603694, 0.4347944248439075, 0.676476195322154, 0.47181960336635886, 0.5419205561152409, 0.2603969733680296, 0.4780693531500058, -0.5320043298738983, 0.5198700582806424, -0.09232539473840617, -0.6216068424780281, 0.5123355892178583, -0.6258887165902385, -0.8280990472092791, -0.45480836298324245, 0.5491190289642469, -0.9397621673583976, -0.9698601015219261, -0.08239229699176986, -0.3518500402108049, -0.07291542386066086, 0.9528330063461132, 0.14842546693048023, 0.03643894690499594, 0.73445011746059, 0.8603144803988589, -0.3514119221127556, 0.5008079498713688, -0.454321051431143, 0.29415710555353436, 0.17688033107013523, 0.25858768469898274, -0.9587246369407759, -0.7802190880751039, 0.5446971134473811, 0.013070798298126851, 0.11635289896095546, -0.21519341152569882, -0.4482654275539022, 1.0, -0.48665937384172, 0.7322729668565702, -0.340894013907574, 0.9133764340958379, 0.3587760211897697, -0.29557303454230693, -0.7287979108767895, 0.19438010939048866, 0.1340174723285017, -0.28279094510081637, -0.45539554095348334, -0.08868651432428534, 0.7050029159841007, -0.9454808198047091, -0.32260099488751504, 0.5133416875456139, -0.006027042286527395]
1019.9998168945312	(8, 12, 2)	[-0.6103281776412236, 0.47266453427501287, -0.7521666166772205, 0.9770225663127587, 0.9333352488712265, 0.7560167365677433, 0.7534228596864117, -0.1418284916001626, -0.5445891911674818, 0.39189378837330935, -0.5656945873442032, 0.061475835181924586, 1.0, 0.32126026682681896, -0.7708191881682367, -0.8473578273041806, 0.15071619889472468, -0.2040032396710024, 0.8190332207859117, 0.6377326072019898, -0.919973481174502, -0.2865894312030605, 0.9368579030243256, 0.21703504897323528, -0.2272016113508113, -0.37747484320877667, 0.46860086198844886, -0.7220020803918199, -0.22529555861597195, -0.6082671688515957, -1.0, 0.19333535361405985, -0.5394082712876044, -0.01765159167261099, 0.8800515612417346, -0.8327933372916169, -0.5373752768846966, -0.9315952120563573, 0.3319755402814326, 0.5045713037599588, -0.7671106701030463, -0.14536072392787092, 0.0680453046823773, -0.5673133936217059, 0.8347307487970324, 0.05202920740878536, -0.9948883281453629, 0.8813033746395165, -1.0, -0.7162240325388405, -0.757746474259896, -0.8042322319847908, 0.8805832890327943, 0.5873839049253001, -0.9513790199270591, 0.7867273885311423, -0.8488741853567575, 0.7419757344542455, -0.9818317819037873, 0.47269348097645153, 0.8486219228730271, -0.002573525541259225, -0.5287219784418178, 0.10037216071603694, 0.4194545971226149, 0.676476195322154, 0.47181960336635886, 0.4297794759709824, 0.2603969733680296, 0.4780693531500058, -0.4980789381789124, 0.5198700582806424, -0.08973310016794989, -0.5374218738388501, 0.5190169040467656, -0.6258887165902385, -0.8280990472092791, -0.4575215758431119, 0.5491190289642469, -1.0, -0.9698601015219261, -0.08239229699176986, -0.3518500402108049, -0.07291542386066086, 0.9094669677654161, 0.14842546693048023, 0.03643894690499594, 0.39945108392970563, 0.8603144803988589, -0.38155923784814005, 0.45757504266486304, -0.48094756135581446, 0.29415710555353436, 0.17688033107013523, 0.25858768469898274, -0.9587246369407759, 0.6255942460754276, 0.5446971134473811, 0.013070798298126851, 0.11635289896095546, -0.21519341152569882, -0.4482654275539022, 1.0, -0.40633735752115474, -0.2071621070769034, 0.25262241797149027, 0.925794790366796, 0.47636755797321406, -0.7029532965278289, -0.7287979108767895, 0.19438010939048866, 0.1340174723285017, -0.28279094510081637, -0.45539554095348334, -0.09807618745346303, 0.20659054341890726, -0.9454808198047091, -0.32260099488751504, 0.5133416875456139, -0.006027042286527395]
1019.999755859375	(8, 12, 2)	[-0.6103281776412236, 0.47266453427501287, -0.7521666166772205, 0.9770225663127587, 0.668058612842504, 0.7560167365677433, 0.794097874201483, -0.20735151256562268, -0.5445891911674818, 0.39189378837330935, -0.5309597805051989, 0.05794808599656909, 0.9712538007638354, 0.6576229257583368, -0.8037011384282943, -0.8473578273041806, 0.15071619889472468, -0.2040032396710024, 0.8190332207859117, 0.7228649976060756, -0.7047036505432889, -0.2865894312030605, 0.9368579030243256, 0.21703504897323528, -0.2679905023257161, 0.16715834754491832, 0.46860086198844886, -1.0, -0.2955309823533053, -0.8609571075223692, -0.8431889000457169, 0.29289741981425377, 0.6712970725012187, -0.01765159167261099, 0.7590201919084129, -0.6344694725779254, -0.5373752768846966, -0.9315952120563573, 0.19197494100833912, 0.5045713037599588, -0.7671106701030463, -0.14536072392787092, -0.6441874001917964, -0.5673133936217059, -0.5209473711272126, 0.05202920740878536, -0.9948883281453629, 0.8813033746395165, -1.0, -0.7162240325388405, -0.757746474259896, -0.8042322319847908, 0.8805832890327943, 0.5873839049253001, -1.0, 0.7867273885311423, -0.8659021575100547, 0.5688614594510952, -0.9818317819037873, 0.3975907195588142, 0.7409858750575489, -0.002573525541259225, -0.5287219784418178, 0.10037216071603694, 0.4269137720421589, 0.676476195322154, 0.47181960336635886, 0.4570180663990475, 0.12392614623236364, 0.4345042806268987, -0.5320043298738983, 0.5198700582806424, -0.09232539473840617, -0.6216068424780281, 0.5123355892178583, -0.6258887165902385, -0.7265363211584934, -0.4575215758431119, -0.8756705623263534, -0.9815685266439749, -0.9698601015219261, -0.08239229699176986, -0.3518500402108049, -0.07291542386066086, 0.9082031129368593, 0.14842546693048023, 0.03643894690499594, 0.39945108392970563, 0.8603144803988589, -0.38155923784814005, -0.7435229911339676, -0.454321051431143, 0.29415710555353436, 0.17688033107013523, 0.3036677499468722, -0.9587246369407759, -0.7802190880751039, 0.5446971134473811, 0.013070798298126851, 0.11635289896095546, -0.21519341152569882, -0.1869031332918829, 1.0, -0.40633735752115474, -0.05225372674502106, 0.25262241797149027, 0.9133764340958379, 0.5447167609148079, -0.29557303454230693, -0.7287979108767895, 0.19438010939048866, 0.1340174723285017, -0.28279094510081637, -0.37176139997308044, -0.09807618745346303, 0.20659054341890726, -0.8341472996689836, -0.32260099488751504, 0.5133416875456139, 0.034475153977823914]
1019.9999389648438	(8, 12, 2)	[-0.8846539147773438, 0.23547308087225427, -0.7521666166772205, 0.9770225663127587, 0.8518520311353238, 0.6821259062473946, 0.7534228596864117, -0.1418284916001626, -0.5445891911674818, 0.39189378837330935, -0.5309597805051989, 0.05794808599656909, 0.9712538007638354, 0.32126026682681896, -0.7708191881682367, -0.9689481358572032, 0.001284711780746628, 0.35129024098726425, 0.8190332207859117, 0.6377326072019898, -0.919973481174502, -0.2865894312030605, 0.9368579030243256, 0.21703504897323528, -0.2679905023257161, -0.32077755347553105, 0.46860086198844886, -0.7220020803918199, -1.0, -0.6082671688515957, -0.4985105979805744, 0.29289741981425377, -0.5693606655256458, -0.01765159167261099, 0.8800515612417346, -0.6344694725779254, -0.5373752768846966, -1.0, 0.06975395389663872, 0.3631561382536125, -0.7671106701030463, -0.40054666849373144, 0.0680453046823773, -0.5673133936217059, 0.8905206102458808, 0.05202920740878536, -0.9948883281453629, -0.7693437230621405, -1.0, -0.7162240325388405, -0.776075150522064, -0.8042322319847908, 0.8805832890327943, 0.5855826926909444, -0.9513790199270591, 0.7867273885311423, -0.8488741853567575, 0.5688614594510952, -0.9572724918595812, 0.3975907195588142, 0.8486219228730271, 0.3803339765012571, -0.5287219784418178, 0.10037216071603694, 0.5133686199491347, 0.676476195322154, 0.47181960336635886, 0.5419205561152409, 0.12392614623236364, 0.4780693531500058, -0.5320043298738983, 0.5198700582806424, -0.09232539473840617, -0.6216068424780281, 0.5123355892178583, -0.6771135245664982, -0.8280990472092791, -0.45762107970996946, -0.902905626549064, -1.0, -0.9698601015219261, -0.08239229699176986, -0.3518500402108049, -0.05737151212297347, 0.9082031129368593, 0.14842546693048023, 0.03643894690499594, 0.7380090429135383, 0.8603144803988589, -0.5654422178375891, -0.5919425311611145, -0.42647758959222637, 0.29415710555353436, 0.492710239124704, 0.3036677499468722, -0.9587246369407759, 0.6255942460754276, 0.5446971134473811, 0.013070798298126851, 0.11635289896095546, -0.5502834143813593, -0.4482654275539022, 1.0, -0.48665937384172, -0.08910248608318572, 0.25262241797149027, -0.5152441038275875, 0.5447167609148079, -0.7029532965278289, -0.7287979108767895, 0.19438010939048866, 0.1340174723285017, -0.28279094510081637, -0.45539554095348334, -0.09807618745346303, 0.7050029159841007, -1.0, -0.32260099488751504, 0.5133416875456139, -0.006027042286527395]
1019.9998168945312	(8, 12, 2)	[-0.6103281776412236, 0.47266453427501287, -0.7521666166772205, 0.9770225663127587, 0.668058612842504, 0.8595838067312949, 0.826949400876075, -0.1418284916001626, -0.5445891911674818, 0.39189378837330935, -0.4014193042346419, 0.05794808599656909, 0.9712538007638354, 0.3373968225977128, -0.6762330405965811, -0.8473578273041806, 0.001284711780746628, 0.35129024098726425, 0.8190332207859117, 0.6377326072019898, -0.919973481174502, -0.2865894312030605, 0.9368579030243256, 0.21703504897323528, -0.2272016113508113, 0.16715834754491832, 0.46860086198844886, -1.0, -0.9806971949492811, -0.8609571075223692, -1.0, 0.19333535361405985, -0.5693606655256458, -0.03685168371344772, 0.7590201919084129, -0.6344694725779254, -0.5373752768846966, -1.0, 0.06975395389663872, 0.4347867246553805, -0.7671106701030463, -0.40054666849373144, -0.6441874001917964, -0.5673133936217059, 0.7966451387681257, 0.19445103058458438, -0.9948883281453629, -0.7693437230621405, -1.0, -0.7162240325388405, -0.776075150522064, -0.8042322319847908, 0.8805832890327943, 0.5855826926909444, -0.9513790199270591, 0.7867273885311423, -0.8659021575100547, 0.5688614594510952, -0.9135581798792187, 0.47269348097645153, 0.8486219228730271, 0.3803339765012571, -0.43131579405408127, 0.10037216071603694, 0.4568664399496812, 0.8516142115589744, 0.03835266070100518, 0.5419205561152409, 0.2603969733680296, 0.4780693531500058, -0.532061781230104, 0.5198700582806424, 0.0008151803323480783, -0.6216068424780281, 0.5123355892178583, -0.7897003573720243, -0.8280990472092791, -0.45480836298324245, -0.8302400602061487, -0.9397621673583976, -0.9698601015219261, -0.08239229699176986, -0.3518500402108049, -0.16960702929173843, 0.9082031129368593, 0.14842546693048023, 0.03643894690499594, 0.73445011746059, 0.8603144803988589, -0.38155923784814005, -0.6890268436298738, -0.42647758959222637, 0.29415710555353436, 0.492710239124704, 0.25858768469898274, -0.9234039998598504, -0.7802190880751039, 0.5446971134473811, 0.013070798298126851, 0.22775764340839993, -0.21519341152569882, -0.4482654275539022, 1.0, -0.40216982676199287, 0.7322729668565702, 0.25262241797149027, 0.9133764340958379, 0.3587760211897697, -0.29557303454230693, -0.7287979108767895, 0.19438010939048866, 0.1340174723285017, -0.28279094510081637, -0.45539554095348334, -0.09807618745346303, 0.7050029159841007, -0.9454808198047091, -0.32260099488751504, -0.6321176474241998, -0.006027042286527395]
1019.999755859375	(8, 12, 2)	[-0.8846539147773438, 0.23547308087225427, -0.7521666166772205, 0.9770225663127587, 0.9106878499531014, 0.6821259062473946, 0.7534228596864117, -0.14162083622496074, -0.5445891911674818, 0.39189378837330935, -0.5309597805051989, 0.05794808599656909, 1.0, 0.6576229257583368, -0.7708191881682367, -0.8473578273041806, 0.001284711780746628, 0.35129024098726425, 0.8190332207859117, 0.6635519448071067, -0.7047036505432889, -0.3820469764943486, 0.9368579030243256, 0.21703504897323528, -0.2272016113508113, -0.37747484320877667, 0.427055943587304, -0.7220020803918199, -0.22529555861597195, -0.6082671688515957, -0.8431889000457169, 0.2056580270655004, -0.5693606655256458, -0.01765159167261099, 0.8800515612417346, -0.6807508866534059, -0.6025564127775043, -1.0, 0.19197494100833912, 0.4347867246553805, -0.7671106701030463, -0.14536072392787092, 0.07214052494670797, -0.6894301629395408, -0.5209473711272126, 0.05202920740878536, -0.9948883281453629, -0.7693437230621405, -1.0, -0.7162240325388405, -0.757746474259896, -0.8042322319847908, 0.8805832890327943, 0.5873839049253001, -0.9513790199270591, 0.7867273885311423, -0.8488741853567575, 0.5688614594510952, -0.9135581798792187, 0.3975907195588142, 0.8486219228730271, -0.002573525541259225, -0.7760466903753314, 0.10037216071603694, 0.4269137720421589, 0.676476195322154, 0.4076420317995364, 0.4570180663990475, 0.2603969733680296, 0.6343624659172181, -0.532061781230104, -0.4471809928144486, -0.09232539473840617, -0.6278539051938827, 0.5190169040467656, -0.6771135245664982, -0.8280990472092791, -0.45480836298324245, 0.5491190289642469, -1.0, -0.9698601015219261, -0.08239229699176986, -0.3518500402108049, -0.05737151212297347, 0.9082031129368593, 0.14842546693048023, 0.03643894690499594, 0.39945108392970563, 0.8603144803988589, -0.38155923784814005, -0.6458373554827362, -0.454321051431143, 0.29415710555353436, 0.17688033107013523, 0.25858768469898274, -0.9587246369407759, 0.6255942460754276, 0.5446971134473811, 0.013070798298126851, 0.4312143899906955, -0.21519341152569882, -0.4482654275539022, 1.0, -0.40633735752115474, -0.08910248608318572, 0.25262241797149027, 0.9133764340958379, 0.47825588951710524, -0.7029532965278289, -0.7287979108767895, 0.172428653387163, 0.1340174723285017, -0.28279094510081637, -0.37176139997308044, -0.09807618745346303, 0.20659054341890726, -0.8341472996689836, -0.32260099488751504, 0.5133416875456139, -0.04453264135265836]
1019.9998168945312	(8, 12, 2)	[-0.6103281776412236, 0.23547308087225427, -0.9432702546937144, 0.9770225663127587, 0.668058612842504, 0.715726960818208, 0.7534228596864117, -0.1418284916001626, -0.5445891911674818, 0.39189378837330935, -0.4014193042346419, 0.061475835181924586, 0.9712538007638354, 0.3373968225977128, -0.7708191881682367, -0.8473578273041806, 0.15071619889472468, 0.35129024098726425, 0.8190332207859117, 0.6912115825729043, -0.7047036505432889, -0.2865894312030605, 1.0, 0.21703504897323528, -0.2272016113508113, -0.32077755347553105, 0.427055943587304, -1.0, -0.22529555861597195, -0.8609571075223692, -0.8482402070787924, 0.2056580270655004, 0.65559523486235, -0.01765159167261099, 0.8800515612417346, -0.7022703160919407, -0.6025564127775043, -1.0, 0.3319755402814326, 0.5045713037599588, -0.7671106701030463, -0.14536072392787092, 0.0680453046823773, -0.5673133936217059, 0.7966451387681257, 0.05202920740878536, -0.9948883281453629, 0.8813033746395165, -1.0, -0.7162240325388405, -0.757746474259896, -0.8042322319847908, 0.8805832890327943, 0.5855826926909444, -0.9513790199270591, 0.7867273885311423, -0.03756666746541226, 0.7419757344542455, -0.9135581798792187, 0.47269348097645153, 0.8486219228730271, 0.3803339765012571, -0.5287219784418178, 0.10037216071603694, 0.4347944248439075, 0.676476195322154, 0.47181960336635886, 0.5419205561152409, 0.2603969733680296, 0.5550111964519713, -0.532061781230104, -0.4471809928144486, 0.0008151803323480783, -0.6216068424780281, 0.5123355892178583, -0.6771135245664982, -0.8280990472092791, -0.4575215758431119, 0.5491190289642469, -0.9397621673583976, -0.9698601015219261, -0.08239229699176986, -0.3518500402108049, -0.07291542386066086, 0.9082031129368593, 0.14842546693048023, 0.03643894690499594, 0.39945108392970563, 0.8603144803988589, -0.38155923784814005, 0.45757504266486304, -0.42647758959222637, 0.29415710555353436, 0.17688033107013523, 0.25858768469898274, -0.9234039998598504, 0.6255942460754276, 0.5446971134473811, 0.013070798298126851, 0.11635289896095546, -0.21519341152569882, -0.4482654275539022, 1.0, -0.40633735752115474, -0.08910248608318572, 0.25262241797149027, 0.9133764340958379, 0.47636755797321406, -0.7029532965278289, -0.6691268926931162, 0.19438010939048866, 0.1340174723285017, -0.28279094510081637, -0.4455468190345537, -0.09807618745346303, 0.20659054341890726, -0.9454808198047091, -0.32260099488751504, 0.5133416875456139, -0.006027042286527395]
1019.9998168945312	(8, 12, 2)	[-0.6103281776412236, 0.47266453427501287, -0.7521666166772205, 0.9301484960905526, 0.668058612842504, 0.6821259062473946, 0.7534228596864117, -0.1418284916001626, -0.5445891911674818, 0.27912581796710356, -0.5656945873442032, 0.05794808599656909, 0.9712538007638354, 0.3373968225977128, -0.7708191881682367, -0.8473578273041806, 0.001284711780746628, -0.27791822799914523, 0.8190332207859117, 0.6377326072019898, -0.919973481174502, -0.2865894312030605, 0.9368579030243256, 0.18989595278648208, -0.2272016113508113, 0.16715834754491832, 0.46860086198844886, -0.7220020803918199, -1.0, -0.8609571075223692, -0.8431889000457169, 0.2056580270655004, -0.5693606655256458, -0.03685168371344772, 0.7590201919084129, -0.6344694725779254, -0.5373752768846966, -1.0, 0.19197494100833912, 0.4347867246553805, -0.7671106701030463, -0.14536072392787092, -0.6441874001917964, -0.6894301629395408, -0.5209473711272126, 0.19445103058458438, -0.9948883281453629, -0.7693437230621405, -1.0, -0.7162240325388405, -0.757746474259896, -0.8042322319847908, 0.8805832890327943, 0.7121675271178981, -0.9513790199270591, 0.7867273885311423, -0.8659021575100547, 0.7060590236224804, -0.9135581798792187, 0.3975907195588142, 0.8486219228730271, 0.2753790255146714, -0.7760466903753314, 0.10037216071603694, 0.4347944248439075, 0.8516142115589744, 0.47181960336635886, 0.5419205561152409, 0.06318434785595642, 0.5350243423641983, -0.532061781230104, 0.5198700582806424, -0.09232539473840617, -0.6216068424780281, 0.5123355892178583, -0.6258887165902385, -0.2492708106045973, -0.45480836298324245, 0.5491190289642469, -0.9815685266439749, -0.9698601015219261, -0.08239229699176986, -0.3518500402108049, -0.16960702929173843, 0.9082031129368593, 0.14842546693048023, -0.42902958859160056, 0.39945108392970563, 0.8603144803988589, -0.38155923784814005, -0.6890268436298738, -0.42647758959222637, 0.29415710555353436, 0.17688033107013523, 0.25858768469898274, -0.8593726549142313, -0.7802190880751039, 0.5446971134473811, 0.013070798298126851, 0.11635289896095546, -0.5502834143813593, -0.4482654275539022, 1.0, -0.40216982676199287, 0.7322729668565702, 0.25262241797149027, 0.9133764340958379, 0.47825588951710524, -0.29557303454230693, -0.7287979108767895, 0.172428653387163, 0.1340174723285017, -0.28279094510081637, -0.45539554095348334, -0.09807618745346303, 0.20659054341890726, -0.9454808198047091, -0.32260099488751504, -0.6321176474241998, -0.10539607072962284]
1019.9998168945312	(8, 12, 2)	[-0.625711520471383, 0.47266453427501287, -0.7521666166772205, 0.9770225663127587, 0.8518520311353238, 0.7560167365677433, 0.7534228596864117, -0.1418284916001626, -0.5445891911674818, 0.39189378837330935, -0.4014193042346419, 0.05794808599656909, 0.9712538007638354, 0.32126026682681896, -0.6762330405965811, -0.8473578273041806, 0.08386569070336836, 0.35129024098726425, 0.6267423674570798, 0.5530579687436374, -0.8186845998539589, -0.3820469764943486, 0.9368579030243256, 0.21703504897323528, -0.2272016113508113, 0.16715834754491832, 0.5770231584418393, -0.7220020803918199, -0.05708245058900581, -0.6082671688515957, -0.6361967510078667, 0.2056580270655004, -0.5693606655256458, -0.01765159167261099, 0.8800515612417346, -0.6807508866534059, -0.5373752768846966, -1.0, 0.19197494100833912, 0.4347867246553805, -0.7671106701030463, -0.14536072392787092, 0.07214052494670797, -0.5673133936217059, 0.7966451387681257, 0.05202920740878536, -0.9948883281453629, -0.9351889993143623, -1.0, -0.7162240325388405, -0.757746474259896, -0.8042322319847908, 0.8805832890327943, 0.5855826926909444, -1.0, 0.7867273885311423, -0.8488741853567575, 0.7419757344542455, -0.9818317819037873, 0.47269348097645153, 0.8486219228730271, 0.3803339765012571, -0.7760466903753314, 0.10037216071603694, 0.4194545971226149, 0.676476195322154, 0.47181960336635886, 0.5419205561152409, 0.2603969733680296, 0.4780693531500058, -0.5320043298738983, 0.5198700582806424, 0.0008151803323480783, -0.6216068424780281, 0.5123355892178583, -0.7612042508479613, -0.2492708106045973, -0.45480836298324245, 0.5491190289642469, -0.8789533619033816, -0.9698601015219261, -0.08239229699176986, -0.3518500402108049, -0.07291542386066086, 0.9528330063461132, 0.14842546693048023, 0.03643894690499594, 0.39945108392970563, 0.8603144803988589, -0.5781634360457087, -0.677053093112141, -0.42647758959222637, 0.29415710555353436, 0.492710239124704, 0.25858768469898274, -0.9234039998598504, -0.7802190880751039, 0.5446971134473811, 0.028133968036718807, 0.11635289896095546, -0.21519341152569882, -0.4482654275539022, 1.0, -0.48665937384172, -0.05225372674502106, 0.25262241797149027, 0.925794790366796, 0.3587760211897697, -0.7029532965278289, -0.7287979108767895, 0.19438010939048866, 0.1340174723285017, -0.28279094510081637, -0.45539554095348334, -0.08868651432428534, 0.7050029159841007, -0.9454808198047091, -0.32260099488751504, 0.5133416875456139, -0.006027042286527395]
1019.9998779296875	(8, 12, 2)	[-0.6103281776412236, 0.47266453427501287, -0.7521666166772205, 0.9770225663127587, 0.8518520311353238, 0.6821259062473946, 0.7534228596864117, -0.1418284916001626, -0.5445891911674818, 0.39189378837330935, -0.5309597805051989, 0.05794808599656909, 0.9712538007638354, 0.6576229257583368, -0.7708191881682367, -0.8473578273041806, 0.08386569070336836, 0.35129024098726425, 0.8190332207859117, 0.5530579687436374, -0.7047036505432889, -0.2865894312030605, 0.935726655361336, 0.18989595278648208, -0.3938798644665491, -0.39846848985177374, 0.46860086198844886, -0.7220020803918199, -0.05708245058900581, -0.6082671688515957, -1.0, 0.19333535361405985, -0.5394082712876044, -0.01765159167261099, 0.8800515612417346, -0.6344694725779254, -0.5373752768846966, -0.9835584369317596, 0.06975395389663872, 0.33399138848863463, -0.7671106701030463, -0.14536072392787092, 0.0519528805596765, -0.5673133936217059, 0.8905206102458808, 0.05202920740878536, -0.9948883281453629, 0.8813033746395165, -1.0, -0.7162240325388405, -0.757746474259896, -0.8042322319847908, 0.8805832890327943, 0.5855826926909444, -0.8248535984667846, 0.7867273885311423, -0.8488741853567575, 0.5688614594510952, -0.9135581798792187, 0.3975907195588142, 0.7409858750575489, 0.3803339765012571, -0.5287219784418178, 0.10037216071603694, 0.4269137720421589, 0.676476195322154, 0.47181960336635886, 0.5419205561152409, 0.2603969733680296, 0.4780693531500058, -0.5320043298738983, 0.5198700582806424, 0.0008151803323480783, -0.6216068424780281, 0.5123355892178583, -0.6258887165902385, -0.2492708106045973, -0.45762107970996946, -0.8756705623263534, -0.9381435195173617, -0.9698601015219261, -0.26260511273207976, -0.3518500402108049, -0.16960702929173843, 0.9082031129368593, 0.14842546693048023, 0.03643894690499594, 0.6889275100504411, 0.8603144803988589, -0.38155923784814005, -0.7568500428648082, -0.48094756135581446, 0.29415710555353436, 0.492710239124704, 0.25858768469898274, -0.9587246369407759, 0.6255942460754276, 0.5446971134473811, 0.013070798298126851, 0.11635289896095546, -0.21519341152569882, -0.4482654275539022, 1.0, -0.40633735752115474, -0.05225372674502106, 0.25262241797149027, 0.9133764340958379, 0.3587760211897697, -0.29557303454230693, -0.7287979108767895, 0.19438010939048866, 0.1340174723285017, -0.08785978167758457, -0.45539554095348334, -0.09807618745346303, 0.20659054341890726, -0.8341472996689836, -0.1694501279099677, 0.554362778158479, -0.10539607072962284]
1019.9998779296875	(8, 12, 2)	[-0.6103281776412236, 0.47266453427501287, -0.7521666166772205, 0.9301484960905526, 0.668058612842504, 0.6821259062473946, 0.7534228596864117, -0.20735151256562268, -0.5445891911674818, 0.27912581796710356, -0.5309597805051989, 0.05794808599656909, 0.9712538007638354, 0.32126026682681896, -0.7708191881682367, -0.8473578273041806, 0.001284711780746628, 0.35129024098726425, 0.8190332207859117, 0.6377326072019898, -0.919973481174502, -0.2865894312030605, 0.9368579030243256, 0.18989595278648208, -0.2272016113508113, -0.39846848985177374, 0.46860086198844886, -0.7220020803918199, -0.05708245058900581, -0.6082671688515957, -1.0, 0.2056580270655004, -0.5394082712876044, -0.01765159167261099, 0.8800515612417346, -0.6344694725779254, -0.5373752768846966, -1.0, 0.3906881662252395, 0.33399138848863463, -0.7671106701030463, -0.19659565846520355, 0.0519528805596765, -0.5673133936217059, 0.7966451387681257, 0.05202920740878536, -0.9948883281453629, -0.7693437230621405, -1.0, -0.7162240325388405, -0.757746474259896, -0.8042322319847908, 0.8805832890327943, 0.7121675271178981, -0.9513790199270591, 0.7867273885311423, -0.8659021575100547, 0.5688614594510952, -0.9135581798792187, 0.3975907195588142, 0.8486219228730271, 0.3803339765012571, -0.5287219784418178, 0.10037216071603694, 0.4347944248439075, 0.676476195322154, 0.47181960336635886, 0.5419205561152409, 0.2603969733680296, 0.4780693531500058, -0.532061781230104, 0.5198700582806424, -0.09232539473840617, -0.6216068424780281, 0.5123355892178583, -0.6258887165902385, -0.2492708106045973, -0.45480836298324245, 0.5491190289642469, -0.9381435195173617, -0.9698601015219261, -0.26260511273207976, -0.38429572382151067, -0.16960702929173843, 0.9082031129368593, 0.14842546693048023, 0.03643894690499594, 0.6889275100504411, 0.8603144803988589, -0.38155923784814005, -0.6890268436298738, -0.42647758959222637, 0.29415710555353436, 0.17688033107013523, 0.25858768469898274, -0.9587246369407759, -0.7802190880751039, 0.5446971134473811, 0.013070798298126851, 0.11635289896095546, -0.21519341152569882, -0.4482654275539022, 1.0, -0.40216982676199287, -0.05225372674502106, 0.25262241797149027, 0.9133764340958379, 0.3587760211897697, -0.29557303454230693, -0.7287979108767895, 0.19438010939048866, 0.1340174723285017, -0.28279094510081637, -0.45539554095348334, -0.08868651432428534, 0.7050029159841007, -0.9454808198047091, -0.32260099488751504, 0.554362778158479, -0.10539607072962284]
1019.9998779296875	(8, 12, 2)	[-0.6103281776412236, 0.47266453427501287, -0.7521666166772205, 0.9770225663127587, 0.8518520311353238, 0.7560167365677433, 0.826949400876075, -0.1418284916001626, -0.5445891911674818, 0.39189378837330935, -0.4014193042346419, 0.061475835181924586, 0.9712538007638354, 0.3373968225977128, -0.6762330405965811, -0.7967277000964537, 0.08386569070336836, 0.35129024098726425, 0.8190332207859117, 0.6377326072019898, -0.7047036505432889, -0.3820469764943486, 0.9368579030243256, 0.18989595278648208, -0.2272016113508113, 0.16715834754491832, 0.5805757442557652, -1.0, -0.9806971949492811, -0.6633359753050289, -0.8431889000457169, 0.29289741981425377, -0.5693606655256458, -0.01765159167261099, 0.8800515612417346, -0.6344694725779254, -0.5373752768846966, -0.9315952120563573, 0.06975395389663872, 0.4347867246553805, -0.7671106701030463, -0.14536072392787092, 0.0519528805596765, -0.6894301629395408, 0.7966451387681257, 0.05202920740878536, -0.9948883281453629, 0.8813033746395165, -1.0, -0.7162240325388405, -0.757746474259896, -0.8042322319847908, 0.8805832890327943, 0.5855826926909444, -0.9513790199270591, 0.7867273885311423, -0.8659021575100547, 0.5688614594510952, -0.9135581798792187, 0.47269348097645153, 0.7409858750575489, -0.002573525541259225, -0.43131579405408127, 0.10037216071603694, 0.5133686199491347, 0.676476195322154, 0.03835266070100518, 0.5419205561152409, 0.2603969733680296, 0.4345042806268987, -0.532061781230104, 0.5198700582806424, 0.0008151803323480783, -0.6278539051938827, 0.5123355892178583, -0.7090139235407941, -0.2492708106045973, -0.30834170479453316, -0.8756705623263534, -1.0, -0.9698601015219261, -0.08239229699176986, -0.3518500402108049, -0.16960702929173843, 0.9082031129368593, 0.14842546693048023, 0.03643894690499594, 0.6889275100504411, 0.8603144803988589, -0.38155923784814005, -0.6890268436298738, -0.42647758959222637, 0.29415710555353436, 0.492710239124704, 0.25858768469898274, -0.9234039998598504, -0.7802190880751039, 0.5446971134473811, 0.013070798298126851, 0.11635289896095546, -0.21519341152569882, -0.4482654275539022, 1.0, -0.40633735752115474, 0.7322729668565702, -0.45591707621766114, 0.9133764340958379, 0.3587760211897697, -0.29557303454230693, -0.7287979108767895, 0.19438010939048866, 0.1340174723285017, -0.28279094510081637, -0.45539554095348334, -0.08868651432428534, 0.20659054341890726, -0.8341472996689836, -0.26970594036602574, 0.5133416875456139, -0.006027042286527395]
1019.9999389648438	(8, 12, 2)	[-0.6103281776412236, 0.47266453427501287, -0.7521666166772205, 0.9591603106080506, 0.668058612842504, 0.6821259062473946, 0.826949400876075, -0.1418284916001626, -0.5445891911674818, 0.6522354922881204, -0.5309597805051989, 0.05794808599656909, 0.9712538007638354, 0.3373968225977128, -0.7708191881682367, -0.7967277000964537, 0.08386569070336836, -0.27791822799914523, 0.8190332207859117, 0.5530579687436374, -0.7047036505432889, -0.38492200503934865, 0.9368579030243256, 0.18989595278648208, -0.2272016113508113, 0.16715834754491832, 0.427055943587304, -1.0, -0.05708245058900581, -0.6082671688515957, -0.8431889000457169, 0.19333535361405985, -0.5693606655256458, -0.03685168371344772, 0.8800515612417346, -0.6861338765960232, -0.5373752768846966, -1.0, 0.06975395389663872, 0.4347867246553805, 0.06817792566037428, -0.14536072392787092, 0.07214052494670797, -0.5673133936217059, 0.7966451387681257, 0.07832440967926249, -0.9948883281453629, -0.7693437230621405, -1.0, -0.7162240325388405, -0.757746474259896, -0.8042322319847908, 0.8805832890327943, 0.5873839049253001, -0.9513790199270591, 0.7867273885311423, -0.8488741853567575, 0.6011982097152493, -0.9135581798792187, 0.47269348097645153, 0.7409858750575489, 0.3803339765012571, -0.5116285000090777, 0.10037216071603694, 0.4269137720421589, 0.676476195322154, 0.4179069016275528, 0.5419205561152409, 0.2603969733680296, 0.4780693531500058, -0.532061781230104, 0.5198700582806424, 0.0008151803323480783, -0.6216068424780281, 0.5190169040467656, -0.6771135245664982, -0.2492708106045973, -0.10464391317846505, 0.5491190289642469, -1.0, -0.9698601015219261, -0.08239229699176986, -0.3518500402108049, -0.07291542386066086, 0.7799572176382954, 0.14842546693048023, 0.03643894690499594, 0.39945108392970563, 0.8603144803988589, -0.36782802409169224, -0.6458373554827362, -0.42647758959222637, 0.29415710555353436, 0.492710239124704, 0.25858768469898274, -0.9234039998598504, 0.6362841939781261, 0.5446971134473811, 0.10157988642535945, 0.2016044810669415, -0.21519341152569882, -0.4482654275539022, 1.0, -0.4050801114008635, 0.7322729668565702, 0.25262241797149027, 0.9133764340958379, 0.3587760211897697, -0.7777809174088425, -0.7287979108767895, 0.038347268376864335, 0.1340174723285017, -0.28279094510081637, -0.45539554095348334, 0.03151530357323726, 0.20659054341890726, -0.8677964914694519, -0.32260099488751504, -0.6321176474241998, -0.006027042286527395]
1019.9999389648438	(8, 12, 2)	[-0.6103281776412236, 0.47266453427501287, -0.7521666166772205, 0.9770225663127587, 0.668058612842504, 0.7560167365677433, 0.7534228596864117, -0.1418284916001626, -0.5445891911674818, 0.39189378837330935, -0.4014193042346419, 0.05794808599656909, 0.9712538007638354, 0.3373968225977128, -0.7708191881682367, -0.7967277000964537, 0.08386569070336836, 0.35129024098726425, 0.8190332207859117, 0.6377326072019898, -0.7047036505432889, -0.3820469764943486, 0.9368579030243256, 0.18989595278648208, -0.2272016113508113, 0.16715834754491832, 0.5770231584418393, -0.7220020803918199, -0.9806971949492811, -0.6633359753050289, -0.6361967510078667, 0.1429469246042529, -0.5693606655256458, -0.03685168371344772, 0.8800515612417346, -0.6344694725779254, -0.5373752768846966, -1.0, 0.3906881662252395, 0.4347867246553805, -0.7671106701030463, -0.40054666849373144, 0.07214052494670797, -0.6894301629395408, 0.7966451387681257, 0.05202920740878536, -0.9948883281453629, -0.7693437230621405, -1.0, -0.7162240325388405, -0.757746474259896, -0.8042322319847908, 0.9128369786183975, 0.5855826926909444, -0.9513790199270591, 0.7867273885311423, -0.8488741853567575, 0.6011982097152493, -0.9135581798792187, 0.47269348097645153, 0.7409858750575489, 0.3803339765012571, -0.43131579405408127, 0.10037216071603694, 0.4568664399496812, 0.676476195322154, 0.03835266070100518, 0.5419205561152409, 0.2603969733680296, 0.4780693531500058, -0.532061781230104, 0.4342844876457929, -0.09232539473840617, -0.6278539051938827, 0.5123355892178583, -0.7897003573720243, -0.8280990472092791, -0.45762107970996946, 0.5491190289642469, -0.8789533619033816, -0.9698601015219261, 0.04110797025313895, -0.3518500402108049, -0.07291542386066086, 0.9082031129368593, 0.14842546693048023, 0.03643894690499594, 0.6889275100504411, 0.8603144803988589, -0.34690041277518635, -0.6598725659245981, -0.48094756135581446, 0.29415710555353436, 0.17688033107013523, 0.25858768469898274, -0.9234039998598504, -0.7802190880751039, 0.5446971134473811, 0.028133968036718807, 0.11635289896095546, -0.5502834143813593, -0.1869031332918829, 1.0, -0.48665937384172, -0.05225372674502106, 0.25262241797149027, 0.9133764340958379, 0.3587760211897697, -0.29557303454230693, -0.7287979108767895, 0.19438010939048866, 0.1340174723285017, -0.28279094510081637, -0.45539554095348334, -0.09807618745346303, 0.7050029159841007, -0.8341472996689836, -0.26970594036602574, -0.6321176474241998, -0.006027042286527395]
1019.9999389648438	(8, 12, 2)	[-0.6103281776412236, 0.4697177262653673, -0.7521666166772205, 0.9301484960905526, 0.8518520311353238, 0.7560167365677433, 0.826949400876075, -0.20735151256562268, -0.5445891911674818, 0.39189378837330935, -0.5309597805051989, 0.05794808599656909, 0.9712538007638354, 0.6576229257583368, -0.7708191881682367, -0.8473578273041806, 0.001284711780746628, 0.35129024098726425, 0.8190332207859117, 0.6377326072019898, -0.919973481174502, -0.3483445080209225, 0.9368579030243256, 0.18989595278648208, -0.2272016113508113, 0.16715834754491832, 0.427055943587304, -1.0, -0.9806971949492811, -0.8609571075223692, -0.7980099493625239, 0.29289741981425377, -0.5693606655256458, -0.01765159167261099, 0.8800515612417346, -0.6861338765960232, -0.7794418758718911, -1.0, 0.3906881662252395, 0.4347867246553805, -0.7671106701030463, -0.14536072392787092, 0.0519528805596765, -0.5673133936217059, 0.7966451387681257, 0.05202920740878536, -0.9948883281453629, -0.7693437230621405, -1.0, -0.7162240325388405, -0.757746474259896, -0.8042322319847908, 0.8805832890327943, 0.5855826926909444, -0.9513790199270591, 0.9628843830678689, -0.8488741853567575, 0.5688614594510952, -0.9135581798792187, 0.3975907195588142, 0.8486219228730271, 0.3803339765012571, -0.5287219784418178, 0.10037216071603694, 0.4347944248439075, 0.676476195322154, 0.47181960336635886, 0.5419205561152409, 0.2603969733680296, 0.4780693531500058, -0.532061781230104, 0.5198700582806424, 0.0008151803323480783, -0.6216068424780281, 0.5123355892178583, -0.6258887165902385, -0.2492708106045973, -0.45480836298324245, 0.5491190289642469, -0.9381435195173617, -0.9698601015219261, -0.26260511273207976, -0.8576335251711635, -0.07291542386066086, 0.9082031129368593, 0.14842546693048023, 0.03643894690499594, 0.39945108392970563, 0.8318664070190288, -0.38155923784814005, -0.6890268436298738, -0.42647758959222637, 0.29415710555353436, 0.17688033107013523, 0.25858768469898274, -0.9587246369407759, -0.7802190880751039, 0.5446971134473811, 0.028133968036718807, 0.2016044810669415, -0.21519341152569882, -0.4482654275539022, 1.0, -0.48665937384172, -0.10855415134493107, 0.25262241797149027, 0.9133764340958379, 0.3587760211897697, -0.29557303454230693, -0.7287979108767895, 0.19438010939048866, 0.1340174723285017, -0.28279094510081637, -0.45539554095348334, -0.09807618745346303, 0.7050029159841007, -0.9454808198047091, -0.26970594036602574, 0.5133416875456139, -0.10539607072962284]
1019.9998168945312	(8, 12, 2)	[-0.6103281776412236, 0.23547308087225427, -0.7521666166772205, 0.9301484960905526, 0.8518520311353238, 0.7560167365677433, 0.826949400876075, -0.20735151256562268, -0.5445891911674818, 0.39189378837330935, -0.5309597805051989, 0.05794808599656909, 0.9712538007638354, 0.3373968225977128, -0.7708191881682367, -0.8473578273041806, 0.001284711780746628, 0.35129024098726425, 0.8190332207859117, 0.6377326072019898, -0.919973481174502, -0.3483445080209225, 0.9368579030243256, 0.18989595278648208, -0.2272016113508113, 0.16715834754491832, 0.427055943587304, -1.0, -0.9806971949492811, -0.8609571075223692, -0.7980099493625239, 0.2056580270655004, -0.5693606655256458, -0.01765159167261099, 0.8800515612417346, -0.6344694725779254, -0.7794418758718911, -0.9051446123169646, 0.3906881662252395, 0.5045713037599588, -0.7671106701030463, -0.14536072392787092, 0.0519528805596765, -0.5673133936217059, 0.7966451387681257, 0.19445103058458438, -0.9948883281453629, -0.7693437230621405, -1.0, -0.7162240325388405, -0.757746474259896, -0.8042322319847908, 0.8805832890327943, 0.5855826926909444, -0.9513790199270591, 0.9628843830678689, -0.8488741853567575, 0.5688614594510952, -0.9135581798792187, 0.3975907195588142, 0.8486219228730271, 0.3803339765012571, -0.7760466903753314, 0.10037216071603694, 0.4347944248439075, 0.676476195322154, 0.47181960336635886, 0.5419205561152409, 0.12392614623236364, 0.4780693531500058, -0.532061781230104, 0.5198700582806424, 0.0008151803323480783, -0.6216068424780281, 0.5123355892178583, -0.8515455845925255, -0.2492708106045973, -0.45480836298324245, 0.5491190289642469, -1.0, -0.9698601015219261, -0.26260511273207976, -0.8576335251711635, -0.07291542386066086, 0.9082031129368593, 0.14842546693048023, 0.03643894690499594, 0.39945108392970563, 0.8603144803988589, -0.38155923784814005, -0.6458373554827362, -0.42647758959222637, 0.29415710555353436, 0.17688033107013523, 0.25858768469898274, -0.9587246369407759, 0.6255942460754276, 0.5446971134473811, 0.013070798298126851, 0.2016044810669415, -0.21519341152569882, -0.4482654275539022, 1.0, -0.48665937384172, -0.10855415134493107, 0.25262241797149027, 0.9283161031406401, 0.3587760211897697, -0.29557303454230693, -0.7287979108767895, 0.19438010939048866, -0.037201564356216466, -0.28279094510081637, -0.45539554095348334, -0.09807618745346303, 0.7050029159841007, -0.9454808198047091, -0.32260099488751504, 0.554362778158479, -0.09646054816546015]
1019.9996948242188	(8, 12, 2)	[-0.625711520471383, 0.47266453427501287, -0.7521666166772205, 0.9770225663127587, 0.8657682968686391, 0.6821259062473946, 0.7534228596864117, -0.1418284916001626, -0.5445891911674818, 0.43218361772332997, -0.5309597805051989, 0.05794808599656909, 0.9712538007638354, 0.6576229257583368, -0.6762330405965811, -0.7967277000964537, 0.001284711780746628, 0.35129024098726425, 0.8190332207859117, 0.5530579687436374, -0.919973481174502, -0.2865894312030605, 0.9368579030243256, 0.18989595278648208, -0.2272016113508113, -0.39846848985177374, 0.5770231584418393, -0.7220020803918199, -0.2955309823533053, -0.6633359753050289, -0.8431889000457169, 0.1429469246042529, -0.5693606655256458, -0.01765159167261099, 0.8800515612417346, -0.7022703160919407, -0.5373752768846966, -1.0, 0.06975395389663872, 0.4347867246553805, -0.7671106701030463, -0.14536072392787092, -0.6441874001917964, -0.5673133936217059, -0.5209473711272126, 0.05202920740878536, -0.9948883281453629, -0.7693437230621405, -1.0, -0.7162240325388405, -0.757746474259896, -0.8042322319847908, 0.8805832890327943, 0.7121675271178981, -0.9513790199270591, 0.7867273885311423, -0.8488741853567575, 0.6011982097152493, -0.9135581798792187, 0.47269348097645153, 0.7409858750575489, -0.002573525541259225, -0.5287219784418178, 0.10037216071603694, 0.4269137720421589, 0.676476195322154, 0.47181960336635886, 0.5419205561152409, 0.2603969733680296, 0.4780693531500058, -0.5320043298738983, 0.5198700582806424, 0.0008151803323480783, -0.6216068424780281, 0.5123355892178583, -0.7897003573720243, -0.8280990472092791, -0.45480836298324245, 0.5491190289642469, -0.9397621673583976, -0.9698601015219261, -0.08239229699176986, -0.8576335251711635, -0.16960702929173843, 0.7799572176382954, 0.14842546693048023, 0.03643894690499594, 0.39945108392970563, 0.8603144803988589, -0.38155923784814005, -0.6890268436298738, -0.42647758959222637, 0.29415710555353436, 0.492710239124704, 0.25858768469898274, -0.9234039998598504, -0.7802190880751039, 0.5446971134473811, 0.10157988642535945, 0.22775764340839993, -0.21519341152569882, -0.4482654275539022, 0.6279146759355708, -0.4050801114008635, 0.7322729668565702, 0.25262241797149027, 0.9133764340958379, 0.49287558974202084, -0.29557303454230693, -0.5891974079370601, 0.19438010939048866, 0.1340174723285017, -0.28279094510081637, -0.45539554095348334, -0.08868651432428534, 0.20659054341890726, -0.8341472996689836, -0.26970594036602574, -0.6321176474241998, -0.006027042286527395]
1019.9998779296875	(8, 12, 2)	[-0.6103281776412236, 0.47266453427501287, -0.9432702546937144, 0.9770225663127587, 0.7613673709479973, 0.6821259062473946, 0.7534228596864117, -0.1418284916001626, -0.5445891911674818, 0.43218361772332997, -0.4014193042346419, 0.061475835181924586, 0.9712538007638354, 0.6576229257583368, -0.7708191881682367, -0.8473578273041806, 0.15071619889472468, 0.35129024098726425, 0.8190332207859117, 0.5530579687436374, -0.919973481174502, -0.4841776127139401, 0.9368579030243256, 0.18989595278648208, -0.2272016113508113, -0.32077755347553105, 0.5805757442557652, -0.7794718316758965, -0.05708245058900581, -0.6082671688515957, -0.6361967510078667, 0.2056580270655004, -0.5693606655256458, -0.01765159167261099, 0.8800515612417346, -0.6344694725779254, -0.6025564127775043, -1.0, 0.06975395389663872, 0.4347867246553805, -0.7671106701030463, -0.19659565846520355, 0.0519528805596765, -0.6894301629395408, 0.7966451387681257, 0.05202920740878536, -0.9948883281453629, 0.8813033746395165, -1.0, -0.7162240325388405, -0.757746474259896, -0.8042322319847908, 0.8805832890327943, 0.7121675271178981, -0.9513790199270591, 0.9572846921321609, -0.8488741853567575, 0.5688614594510952, -0.9818317819037873, 0.47269348097645153, 0.8486219228730271, -0.002573525541259225, -0.5287219784418178, 0.10037216071603694, 0.4269137720421589, 0.676476195322154, 0.47181960336635886, 0.5419205561152409, 0.2603969733680296, 0.4780693531500058, -0.532061781230104, 0.5198700582806424, 0.0008151803323480783, -0.6216068424780281, 0.5123355892178583, -0.7897003573720243, -0.8280990472092791, -0.26152945476154776, 0.5491190289642469, -0.9815685266439749, -0.9698601015219261, -0.08239229699176986, -0.3518500402108049, -0.16960702929173843, 0.9528330063461132, 0.14842546693048023, 0.03643894690499594, 0.39945108392970563, 0.8603144803988589, -0.38155923784814005, -0.6890268436298738, -0.42647758959222637, 0.29415710555353436, 0.17688033107013523, 0.25858768469898274, -0.9234039998598504, 0.6255942460754276, 0.5446971134473811, 0.013070798298126851, 0.11635289896095546, -0.21519341152569882, -0.4482654275539022, 1.0, -0.40216982676199287, -0.05225372674502106, 0.25262241797149027, 0.9133764340958379, 0.3587760211897697, -0.8581622847598569, -0.7287979108767895, 0.20791597987161495, -0.037201564356216466, -0.1886003694015899, -0.45539554095348334, -0.09807618745346303, 0.29859975908195546, -0.8341472996689836, -0.32260099488751504, -0.6321176474241998, -0.006027042286527395]
1019.9999389648438	(8, 12, 2)	[-0.6103281776412236, 0.47266453427501287, -0.9432702546937144, 0.9301484960905526, 0.668058612842504, 0.9819718075250412, 0.826949400876075, -0.20735151256562268, -0.5445891911674818, 0.39189378837330935, -0.5309597805051989, 0.05794808599656909, 0.9712538007638354, 0.6576229257583368, -0.6762330405965811, -0.8473578273041806, 0.15071619889472468, 0.35129024098726425, 0.8190332207859117, 0.5530579687436374, -0.7047036505432889, -0.3483445080209225, 0.9368579030243256, 0.18989595278648208, -0.2272016113508113, 0.16715834754491832, 0.3477122166587123, -1.0, -0.9806971949492811, -0.6082671688515957, -0.6361967510078667, 0.2694670963403869, -0.5693606655256458, -0.01765159167261099, 0.8800515612417346, -0.6861338765960232, -0.6025564127775043, -1.0, 0.3906881662252395, 0.5045713037599588, -0.7671106701030463, -0.19659565846520355, 0.07214052494670797, -0.6894301629395408, 0.7966451387681257, 0.05202920740878536, -0.9948883281453629, -0.7693437230621405, -1.0, -0.7162240325388405, -0.757746474259896, -0.8042322319847908, 0.8805832890327943, 0.5855826926909444, -0.9513790199270591, 0.9628843830678689, -0.8488741853567575, 0.5688614594510952, -0.9135581798792187, 0.3975907195588142, 0.8486219228730271, 0.3803339765012571, -0.5287219784418178, 0.10037216071603694, 0.4269137720421589, 0.676476195322154, 0.4076420317995364, 0.5419205561152409, 0.33929086100244193, 0.4780693531500058, -0.532061781230104, 0.5198700582806424, 0.0008151803323480783, -0.6216068424780281, 0.5123355892178583, -0.6771135245664982, -0.7265363211584934, -0.45480836298324245, -0.8756705623263534, -0.9381435195173617, -0.9698601015219261, -0.08239229699176986, -0.3518500402108049, -0.07291542386066086, 0.7799572176382954, 0.14842546693048023, 0.03643894690499594, 0.73445011746059, 0.8603144803988589, -0.38155923784814005, -0.677053093112141, -0.48094756135581446, 0.29415710555353436, 0.17688033107013523, 0.3036677499468722, -0.9234039998598504, 0.6255942460754276, 0.5446971134473811, 0.013070798298126851, 0.2016044810669415, -0.21519341152569882, -0.4482654275539022, 1.0, -0.4050801114008635, -0.08910248608318572, 0.25262241797149027, 0.9349738181556696, 0.3587760211897697, -0.29557303454230693, -0.7287979108767895, 0.19438010939048866, 0.2109058930680769, -0.28279094510081637, -0.45539554095348334, -0.09807618745346303, 0.8036726352979419, -0.9454808198047091, -0.32260099488751504, -0.6321176474241998, -0.006027042286527395]
1019.9999389648438	(8, 12, 2)	[-0.6103281776412236, 0.47266453427501287, -0.7521666166772205, 0.9770225663127587, 0.8518520311353238, 0.7560167365677433, 0.8740545722009743, -0.1418284916001626, -0.5445891911674818, 0.27912581796710356, -0.5309597805051989, 0.05794808599656909, 0.9712538007638354, 0.6576229257583368, -0.6762330405965811, -0.8473578273041806, 0.15071619889472468, 0.2554486192510175, 0.8190332207859117, 0.6377326072019898, -0.7047036505432889, -0.36418029007854175, 0.9368579030243256, 0.18989595278648208, -0.2272016113508113, 0.2522629959030181, 0.5770231584418393, -0.7220020803918199, -1.0, -0.6082671688515957, -1.0, 0.24334687457618343, -0.5693606655256458, -0.01765159167261099, 0.8800515612417346, -0.6861338765960232, -0.5373752768846966, -1.0, 0.19197494100833912, 0.4347867246553805, -0.7671106701030463, -0.14536072392787092, -0.6441874001917964, -0.691970447814565, 0.8949707906090745, 0.05202920740878536, -0.9948883281453629, -0.7693437230621405, -0.8242952488262482, -0.7162240325388405, -0.776075150522064, -0.5745293505558845, 0.8805832890327943, 0.7121675271178981, -0.9513790199270591, 0.7867273885311423, -0.8659021575100547, 0.5688614594510952, -0.7967348090886599, 0.3975907195588142, 0.7409858750575489, 0.38121515148279445, -0.7760466903753314, 0.10037216071603694, 0.4269137720421589, 0.676476195322154, 0.47181960336635886, 0.5419205561152409, 0.2603969733680296, 0.4780693531500058, -0.532061781230104, 0.4342844876457929, 0.0008151803323480783, -0.6216068424780281, 0.5123355892178583, -0.7897003573720243, -0.8280990472092791, -0.45480836298324245, -0.8756705623263534, -0.9397621673583976, -0.9698601015219261, -0.08239229699176986, -0.3518500402108049, -0.07291542386066086, 0.5832321033444086, 0.14842546693048023, 0.03643894690499594, 0.6889275100504411, 0.8603144803988589, -0.38155923784814005, -0.6890268436298738, -0.42647758959222637, 0.29415710555353436, 0.492710239124704, 0.25858768469898274, -0.9234039998598504, 0.6362841939781261, 0.5446971134473811, 0.028133968036718807, 0.2016044810669415, -0.21519341152569882, -0.4482654275539022, 0.6279146759355708, -0.4050801114008635, 0.7322729668565702, 0.25262241797149027, 0.9133764340958379, 0.47825588951710524, -0.29557303454230693, -0.7287979108767895, 0.19438010939048866, 0.1340174723285017, -0.1886003694015899, -0.45539554095348334, -0.08868651432428534, 0.20659054341890726, -0.9454808198047091, -0.1694501279099677, 0.5133416875456139, -0.006027042286527395]
1019.9998779296875	(8, 12, 2)	[-0.6103281776412236, 0.23547308087225427, -0.7521666166772205, 0.9770225663127587, 0.7613673709479973, 0.9819718075250412, 0.826949400876075, -0.20735151256562268, -0.5445891911674818, 0.6522354922881204, -0.4014193042346419, 0.05794808599656909, 0.9712538007638354, 0.3373968225977128, -0.6762330405965811, -0.8473578273041806, 0.15071619889472468, -0.27791822799914523, 0.8190332207859117, 0.7191874256238268, -0.919973481174502, -0.38492200503934865, 0.9368579030243256, 0.18989595278648208, -0.3938798644665491, -0.2958266714515011, 0.5770231584418393, -0.7220020803918199, -1.0, -0.6082671688515957, -0.6295380498585392, 0.19333535361405985, -0.5693606655256458, -0.01765159167261099, 0.8800515612417346, -0.6317498308340814, -0.6025564127775043, -0.9796062444228041, 0.06975395389663872, 0.4347867246553805, -0.7671106701030463, -0.14536072392787092, -0.6441874001917964, -0.6038963745864336, 0.7966451387681257, 0.05202920740878536, -0.9948883281453629, -0.7693437230621405, -1.0, -0.721936939442048, -0.757746474259896, -0.5745293505558845, 0.8805832890327943, 0.5855826926909444, -1.0, 0.7867273885311423, -0.8488741853567575, 0.5688614594510952, -0.9818317819037873, 0.47269348097645153, 0.8486219228730271, 0.3803339765012571, -0.7760466903753314, 0.10037216071603694, 0.4347944248439075, 0.676476195322154, 0.03835266070100518, 0.5419205561152409, 0.2603969733680296, 0.4780693531500058, -0.532061781230104, 0.4342844876457929, 0.0008151803323480783, -0.5267383066206623, 0.5123355892178583, -0.7897003573720243, -0.8280990472092791, -0.5976067535565702, 0.5491190289642469, -1.0, -0.9698601015219261, -0.06719038066811753, -0.8576335251711635, -0.16960702929173843, 0.9528330063461132, 0.14842546693048023, 0.03643894690499594, 0.39945108392970563, 0.8603144803988589, -0.38155923784814005, -0.6890268436298738, -0.42647758959222637, 0.29415710555353436, 0.5146971739859291, 0.25858768469898274, -0.8593726549142313, 0.6362841939781261, 0.5446971134473811, 0.013070798298126851, 0.11635289896095546, -0.017204000918324358, -0.4482654275539022, 0.6279146759355708, -0.4050801114008635, -0.10855415134493107, 0.25262241797149027, 0.9133764340958379, 0.3587760211897697, -0.7029532965278289, -0.7287979108767895, 0.19438010939048866, 0.1340174723285017, -0.28279094510081637, -0.45539554095348334, -0.09807618745346303, 0.7050029159841007, -1.0, -0.32260099488751504, 0.5133416875456139, -0.14504755271191447]
1019.9998779296875	(8, 12, 2)	[-0.6103281776412236, 0.47266453427501287, -0.9432702546937144, 0.9301484960905526, 0.7613673709479973, 0.6821259062473946, 0.7534228596864117, -0.1418284916001626, -0.5445891911674818, 0.30116798206624995, -0.4014193042346419, 0.05794808599656909, 0.9712538007638354, 0.32126026682681896, -0.6762330405965811, -0.8473578273041806, 0.15071619889472468, 0.35129024098726425, 0.8190332207859117, 0.6169482387459744, -0.919973481174502, -0.2865894312030605, 0.9368579030243256, 0.18989595278648208, -0.2272016113508113, -0.2958266714515011, 0.5805757442557652, -1.0, -0.05708245058900581, -0.8609571075223692, -0.6361967510078667, 0.2694670963403869, -0.5693606655256458, -0.01765159167261099, 0.8800515612417346, -0.6344694725779254, -0.5373752768846966, -1.0, 0.3906881662252395, 0.5045713037599588, -0.7671106701030463, -0.14536072392787092, 0.07214052494670797, -0.5673133936217059, 0.7966451387681257, 0.05202920740878536, -0.9948883281453629, -0.7693437230621405, -1.0, -0.8230295648875489, -0.757746474259896, -0.8042322319847908, 0.8805832890327943, 0.7121675271178981, -1.0, 0.9628843830678689, -0.8488741853567575, 0.5688614594510952, -0.9135581798792187, 0.47269348097645153, 0.7409858750575489, 0.3803339765012571, -0.5287219784418178, 0.10037216071603694, 0.5133686199491347, 0.676476195322154, 0.47181960336635886, 0.5658426103666803, 0.2603969733680296, 0.4780693531500058, -0.532061781230104, 0.5198700582806424, -0.09232539473840617, -0.6216068424780281, 0.5123355892178583, -0.7897003573720243, -0.2492708106045973, -0.45480836298324245, -0.8756705623263534, -0.9815685266439749, -0.9698601015219261, -0.08239229699176986, -0.3170745256287523, -0.07291542386066086, 0.9528330063461132, 0.14842546693048023, 0.03643894690499594, 0.73445011746059, 0.8603144803988589, -0.5781634360457087, -0.6458373554827362, -0.48094756135581446, 0.29415710555353436, 0.17688033107013523, 0.50089637085492, -0.9234039998598504, -0.7802190880751039, 0.5446971134473811, 0.013070798298126851, 0.22775764340839993, 0.06363709417631197, -0.1869031332918829, 0.6279146759355708, -0.4050801114008635, -0.10611900046927365, 0.25262241797149027, 0.9133764340958379, 0.3587760211897697, -0.29557303454230693, -0.735437860764707, 0.19438010939048866, -0.037201564356216466, -0.28279094510081637, -0.45539554095348334, -0.09807618745346303, 0.20659054341890726, -0.9454808198047091, -0.32260099488751504, 0.39145370762878007, -0.006027042286527395]
1019.9998168945312	(8, 12, 2)	[-0.6103281776412236, 0.47266453427501287, -0.7521666166772205, 0.9770225663127587, 0.7613673709479973, 0.6821259062473946, 0.826949400876075, -0.20735151256562268, -0.5445891911674818, 0.43218361772332997, -0.5309597805051989, 0.061475835181924586, 0.9712538007638354, 0.3373968225977128, -0.7708191881682367, -0.8473578273041806, 0.15071619889472468, 0.2554486192510175, 0.8190332207859117, 0.6377326072019898, -0.7047036505432889, -0.36418029007854175, 0.9368579030243256, 0.18989595278648208, -0.2272016113508113, -0.48462662461301353, 0.46860086198844886, -0.7220020803918199, -1.0, -0.6082671688515957, -0.6295380498585392, 0.2694670963403869, -0.5693606655256458, -0.01765159167261099, 0.8800515612417346, -0.6861338765960232, -0.6025564127775043, -1.0, 0.06975395389663872, 0.4347867246553805, -0.7671106701030463, -0.14536072392787092, -0.6441874001917964, -0.6038963745864336, 0.7966451387681257, 0.05202920740878536, -0.9948883281453629, -0.7693437230621405, -1.0, -0.7162240325388405, -0.757746474259896, -0.8042322319847908, 0.9880982822284876, 0.7121675271178981, -0.9513790199270591, 0.7867273885311423, -0.8488741853567575, 0.5688614594510952, -0.9135581798792187, 0.47269348097645153, 0.8486219228730271, 0.3803339765012571, -0.5287219784418178, 0.10037216071603694, 0.4269137720421589, 0.676476195322154, 0.4076420317995364, 0.5419205561152409, 0.2603969733680296, 0.4780693531500058, -0.532061781230104, 0.5198700582806424, 0.0008151803323480783, -0.6216068424780281, 0.5123355892178583, -0.7897003573720243, -0.7265363211584934, -0.45480836298324245, 0.7621340661514083, -1.0, -0.9698601015219261, -0.08239229699176986, -0.3518500402108049, -0.16960702929173843, 0.7799572176382954, 0.14842546693048023, 0.03643894690499594, 0.73445011746059, 0.8603144803988589, -0.3090163313925549, -0.677053093112141, -0.48094756135581446, 0.29415710555353436, 0.492710239124704, 0.25858768469898274, -0.9234039998598504, -0.7802190880751039, 0.5446971134473811, 0.028133968036718807, 0.22775764340839993, 0.06363709417631197, -0.4482654275539022, 0.6279146759355708, -0.40216982676199287, -0.10855415134493107, 0.25262241797149027, 0.9133764340958379, 0.3587760211897697, -0.29557303454230693, -0.7287979108767895, 0.19438010939048866, -0.037201564356216466, -0.1886003694015899, -0.45539554095348334, -0.08868651432428534, 0.7050029159841007, -0.8341472996689836, -0.26970594036602574, -0.6321176474241998, -0.006027042286527395]
1019.9999389648438	(8, 12, 2)	[-0.6103281776412236, 0.4697177262653673, -0.7521666166772205, 0.9301484960905526, 0.668058612842504, 0.9819718075250412, 0.826949400876075, -0.1418284916001626, -0.5445891911674818, 0.27912581796710356, -0.5309597805051989, 0.061475835181924586, 0.9712538007638354, 0.3373968225977128, -0.6762330405965811, -0.9188283069284607, 0.15071619889472468, 0.35129024098726425, 0.8190332207859117, 0.5530579687436374, -0.919973481174502, -0.4841776127139401, 0.9368579030243256, 0.21703504897323528, -0.2272016113508113, 0.16715834754491832, 0.5770231584418393, -0.7794718316758965, -0.05708245058900581, -0.6082671688515957, -1.0, 0.2694670963403869, -0.5693606655256458, -0.46433038347004424, 0.8800515612417346, -0.6344694725779254, -0.5373752768846966, -1.0, 0.06975395389663872, 0.36020866829513654, -0.7671106701030463, -0.14536072392787092, 0.0519528805596765, -0.6932169079927079, 0.8949707906090745, 0.05202920740878536, -0.9948883281453629, -0.7693437230621405, -1.0, -0.7162240325388405, -0.757746474259896, -0.939178939355725, 0.9880982822284876, 0.7121675271178981, -0.9513790199270591, 0.8374177772076545, -0.6146611391941091, 0.5688614594510952, -0.7967348090886599, 0.47269348097645153, 0.8486219228730271, -0.002573525541259225, -0.5287219784418178, 0.10037216071603694, 0.4269137720421589, 0.676476195322154, 0.4076420317995364, 0.5419205561152409, 0.2603969733680296, 0.4780693531500058, -0.532061781230104, 0.4342844876457929, -0.09232539473840617, -0.49640477975507047, 0.5123355892178583, -0.7897003573720243, -0.7265363211584934, -0.10464391317846505, 0.7621340661514083, -0.9397621673583976, -0.9698601015219261, -0.08239229699176986, -0.8576335251711635, -0.16960702929173843, 0.9322859473541502, 0.14842546693048023, 0.03643894690499594, 0.5808123956868562, 0.788767244845105, -0.38155923784814005, -0.6890268436298738, -0.42647758959222637, 0.29415710555353436, 0.492710239124704, 0.25858768469898274, -0.9911163944247209, 0.6362841939781261, 0.5446971134473811, 0.028133968036718807, 0.2016044810669415, -0.21519341152569882, -0.4482654275539022, 1.0, -0.4050801114008635, -0.08910248608318572, 0.3546999075310083, 0.9349738181556696, 0.3587760211897697, -0.29557303454230693, -0.7287979108767895, 0.20791597987161495, -0.037201564356216466, -0.08785978167758457, -0.45539554095348334, -0.09807618745346303, 0.3039093777645356, -0.9454808198047091, -0.26970594036602574, 0.5133416875456139, -0.006027042286527395]
1019.9998779296875	(8, 12, 2)	[-0.6103281776412236, 0.4697177262653673, -0.7521666166772205, 0.9770225663127587, 0.6686393500455159, 0.7560167365677433, 0.8740545722009743, -0.1418284916001626, -0.5445891911674818, 0.1923698007718644, -0.5309597805051989, 0.061475835181924586, 0.9712538007638354, 0.6576229257583368, -0.6762330405965811, -0.8473578273041806, 0.08386569070336836, 0.2554486192510175, 0.8190332207859117, 0.5530579687436374, -0.919973481174502, -0.36418029007854175, 0.9368579030243256, 0.18989595278648208, -0.2272016113508113, 0.16715834754491832, 0.5805757442557652, -0.7220020803918199, -0.05708245058900581, -0.6082671688515957, -1.0, 0.3834348629015171, -0.5693606655256458, -0.01765159167261099, 0.8800515612417346, -0.6861338765960232, -0.5373752768846966, -1.0, 0.3906881662252395, 0.4347867246553805, -0.7739084544335726, -0.14536072392787092, 0.04925026949998706, -0.6038963745864336, 0.8949707906090745, 0.05202920740878536, -0.9948883281453629, -0.7693437230621405, -0.8875208097255672, -0.7162240325388405, -0.757746474259896, -0.8042322319847908, 0.8805832890327943, 0.7121675271178981, -0.9513790199270591, 0.7867273885311423, -0.8659021575100547, 0.6991595568850919, -0.9818317819037873, 0.47269348097645153, 0.7409858750575489, 0.3803339765012571, -0.43131579405408127, 0.10037216071603694, 0.4269137720421589, 0.676476195322154, 0.47181960336635886, 0.5419205561152409, 0.2603969733680296, 0.4780693531500058, -0.5073503056363973, 0.5198700582806424, 0.0008151803323480783, -0.6216068424780281, 0.36879883322891155, -0.7897003573720243, -0.8280990472092791, -0.26152945476154776, 0.3378626860105861, -0.9815685266439749, -0.9698601015219261, -0.1486529603634541, -0.3518500402108049, -0.022215913960528806, 0.9082031129368593, 0.14842546693048023, 0.03643894690499594, 0.6889275100504411, 0.8603144803988589, -0.36782802409169224, -0.6890268436298738, -0.42647758959222637, 0.29415710555353436, 0.492710239124704, 0.25858768469898274, -0.9234039998598504, -0.7802190880751039, 0.5446971134473811, 0.013070798298126851, 0.22775764340839993, 0.06363709417631197, -0.4482654275539022, 0.6279146759355708, -0.40633735752115474, -0.10855415134493107, 0.25262241797149027, 0.9133764340958379, 0.3587760211897697, -0.29557303454230693, -0.7287979108767895, 0.19438010939048866, -0.037201564356216466, -0.20768659179952723, -0.45539554095348334, -0.09807618745346303, 0.20659054341890726, -0.9454808198047091, -0.32260099488751504, -0.6321176474241998, -0.006027042286527395]
1019.9998168945312	(8, 12, 2)	[-0.6103281776412236, 0.47266453427501287, -0.7521666166772205, 1.0, 0.668058612842504, 0.6821259062473946, 0.826949400876075, -0.1418284916001626, -0.5445891911674818, 0.39189378837330935, -0.36614303574327467, -0.02014311599383095, 0.9712538007638354, 0.32126026682681896, -0.7708191881682367, -0.8473578273041806, 0.08386569070336836, 0.35129024098726425, 0.8190332207859117, 0.5391377668790265, -0.8495524083417691, -0.36418029007854175, 0.9368579030243256, 0.18989595278648208, -0.45480824330885905, 0.16715834754491832, 0.5805757442557652, -0.7220020803918199, -0.2955309823533053, -0.6082671688515957, -0.6295380498585392, 0.3834348629015171, -0.5693606655256458, -0.01765159167261099, 0.7590201919084129, -0.7022703160919407, -0.5373752768846966, -1.0, 0.3906881662252395, 0.4347867246553805, -0.7671106701030463, -0.14536072392787092, 0.0519528805596765, -0.6038963745864336, -0.5209473711272126, 0.05202920740878536, -0.9948883281453629, -0.7693437230621405, -0.8242952488262482, -0.7162240325388405, -0.757746474259896, -0.8042322319847908, 0.8805832890327943, 0.7121675271178981, -0.9513790199270591, 0.7867273885311423, -0.9591293947695634, 0.5688614594510952, -0.9135581798792187, 0.47269348097645153, 0.7409858750575489, 0.45278979376057527, -0.5287219784418178, 0.10037216071603694, 0.4269137720421589, 0.676476195322154, 0.47181960336635886, 0.5658426103666803, 0.2603969733680296, 0.4780693531500058, -0.532061781230104, 0.5198700582806424, -0.09232539473840617, -0.6216068424780281, 0.5123355892178583, -0.7897003573720243, -0.2492708106045973, -0.26152945476154776, 0.5491190289642469, -0.9815685266439749, -0.9698601015219261, -0.08239229699176986, -0.8576335251711635, -0.07291542386066086, 0.9528330063461132, 0.14842546693048023, 0.03643894690499594, 0.3529113712560218, 0.8603144803988589, -0.38155923784814005, -0.6918032173627092, -0.42647758959222637, 0.45070089658745144, 0.4041287163429502, 0.20716862684497178, -0.8593726549142313, -0.7802190880751039, 0.5446971134473811, 0.013070798298126851, 0.11635289896095546, -0.017204000918324358, -0.4482654275539022, 0.6279146759355708, -0.4050801114008635, 0.7322729668565702, 0.25262241797149027, 0.9133764340958379, 0.47825588951710524, -0.29557303454230693, -0.7287979108767895, 0.20791597987161495, 0.1340174723285017, -0.1886003694015899, -0.45539554095348334, -0.09807618745346303, 0.5960052239660287, -0.8341472996689836, -0.1694501279099677, 0.5133416875456139, -0.14504755271191447]
1019.9999389648438	(8, 12, 2)	[-0.6103281776412236, 0.47266453427501287, -0.8602443036198891, 0.9770225663127587, 0.7613673709479973, 0.6821259062473946, 0.7465816078588674, -0.1418284916001626, -0.5445891911674818, 0.39189378837330935, -0.36614303574327467, 0.061475835181924586, 0.9712538007638354, 0.5452584895461883, -0.6762330405965811, -0.8473578273041806, 0.08386569070336836, 0.35129024098726425, 0.8190332207859117, 0.5530579687436374, -0.919973481174502, -0.3483445080209225, 0.9368579030243256, 0.21703504897323528, -0.2272016113508113, -0.32077755347553105, 0.5770231584418393, -0.7220020803918199, -0.05708245058900581, -0.6082671688515957, -0.6361967510078667, 0.19333535361405985, -0.5693606655256458, -0.01765159167261099, 0.8800515612417346, -0.7022703160919407, -0.5373752768846966, -1.0, 0.3906881662252395, 0.5045713037599588, -0.7671106701030463, -0.14536072392787092, -0.6441874001917964, -0.6038963745864336, -0.5209473711272126, 0.05202920740878536, -0.9948883281453629, -0.7693437230621405, -1.0, -0.7162240325388405, -0.757746474259896, -0.8042322319847908, 0.8805832890327943, 0.7121675271178981, -0.8276430109339514, 0.9628843830678689, -0.8659021575100547, 0.5688614594510952, -0.9818317819037873, 0.3975907195588142, 0.7409858750575489, 0.3803339765012571, -0.5287219784418178, 0.10037216071603694, 0.4269137720421589, 0.676476195322154, 0.03835266070100518, 0.5419205561152409, 0.2603969733680296, 0.4780693531500058, -0.5320043298738983, 0.4342844876457929, 0.0008151803323480783, -0.6216068424780281, 0.36879883322891155, -0.6771135245664982, -0.8280990472092791, -0.45480836298324245, -0.8756705623263534, -0.9815685266439749, -0.9698601015219261, -0.08239229699176986, -0.3518500402108049, -0.022215913960528806, 0.5832321033444086, 0.14842546693048023, 0.03643894690499594, 0.39945108392970563, 0.8603144803988589, -0.36782802409169224, -0.6458373554827362, -0.42647758959222637, 0.29415710555353436, 0.492710239124704, 0.22473328193750503, -0.9234039998598504, 0.6255942460754276, 0.5446971134473811, 0.013070798298126851, 0.2016044810669415, -0.21519341152569882, -0.6011255453293909, 0.6279146759355708, -0.40633735752115474, -0.10855415134493107, 0.25262241797149027, 0.9133764340958379, 0.3587760211897697, -0.29557303454230693, -0.7220749419415703, 0.19438010939048866, -0.24268769651567434, -0.28279094510081637, -0.45539554095348334, -0.09807618745346303, 0.7411738311002335, -0.9454808198047091, -0.32260099488751504, 0.5133416875456139, -0.010099024008410116]
1019.9998779296875	(8, 12, 2)	[-0.6103281776412236, 0.47266453427501287, -0.8054356313462279, 0.9770225663127587, 0.668058612842504, 0.6821259062473946, 0.8740545722009743, -0.1418284916001626, -0.5445891911674818, 0.30116798206624995, -0.4014193042346419, 0.05794808599656909, 0.9712538007638354, 0.5452584895461883, -0.6762330405965811, -0.8473578273041806, 0.15071619889472468, 0.35129024098726425, 0.8486293002116233, 0.6377326072019898, -0.7047036505432889, -0.36418029007854175, 0.9368579030243256, 0.18989595278648208, -0.07811535782917303, 0.16715834754491832, 0.5805757442557652, -1.0, -1.0, -0.6082671688515957, -0.6295380498585392, 0.2694670963403869, -0.6024257700091953, -0.01765159167261099, 0.8800515612417346, -0.6861338765960232, -0.7794418758718911, -0.9481800563489445, 0.06975395389663872, 0.5045713037599588, -0.7671106701030463, -0.14536072392787092, -0.6441874001917964, -0.5673133936217059, 0.7966451387681257, 0.05202920740878536, -0.9948883281453629, -0.7693437230621405, -1.0, -0.7162240325388405, -0.757746474259896, -0.8042322319847908, 0.9880982822284876, 0.5855826926909444, -0.9513790199270591, 0.7867273885311423, -0.8659021575100547, 0.5688614594510952, -0.7967348090886599, 0.47269348097645153, 0.8486219228730271, 0.45278979376057527, -0.6254174293833823, 0.10037216071603694, 0.4347944248439075, 0.676476195322154, 0.47181960336635886, 0.5419205561152409, 0.2603969733680296, 0.4780693531500058, -0.532061781230104, 0.4886569973582337, -0.09232539473840617, -0.6216068424780281, 0.5123355892178583, -0.6771135245664982, -0.7265363211584934, -0.26152945476154776, 0.5491190289642469, -0.9397621673583976, -0.9698601015219261, -0.08239229699176986, -0.3518500402108049, -0.16960702929173843, 0.9528330063461132, 0.14842546693048023, 0.03643894690499594, 0.8379911635301092, 0.8603144803988589, -0.3090163313925549, -0.677053093112141, -0.27733012742844354, 0.29415710555353436, 0.5146971739859291, 0.3036677499468722, -0.9234039998598504, 0.6255942460754276, 0.5446971134473811, 0.10157988642535945, 0.22775764340839993, -0.21519341152569882, -0.4482654275539022, 1.0, -0.40633735752115474, 0.7322729668565702, 0.3364929413169579, 0.9133764340958379, 0.3587760211897697, -0.29557303454230693, -0.7287979108767895, 0.19438010939048866, 0.1340174723285017, -0.11409605866218497, -0.45539554095348334, -0.09807618745346303, 0.20659054341890726, -0.9454808198047091, -0.32260099488751504, 0.5133416875456139, -0.034235514569071764]
1019.9999389648438	(8, 12, 2)	[-0.6103281776412236, 0.47266453427501287, -0.9432702546937144, 0.9770225663127587, 0.9106878499531014, 0.6821259062473946, 0.7534228596864117, -0.1418284916001626, -0.5445891911674818, 0.39189378837330935, -0.4014193042346419, 0.05794808599656909, 0.9712538007638354, 0.28355231138553283, -0.7708191881682367, -0.8473578273041806, 0.08386569070336836, 0.35129024098726425, 0.8190332207859117, 0.6013618144638597, -0.919973481174502, -0.371677589131433, 0.9368579030243256, 0.18989595278648208, -0.2272016113508113, 0.2522629959030181, 0.5805757442557652, -0.7721099698510037, -0.2955309823533053, -0.6082671688515957, -0.8133362401828959, 0.19333535361405985, -0.5693606655256458, -0.01765159167261099, 0.8800515612417346, -0.6861338765960232, -0.5373752768846966, -0.9796062444228041, 0.4595840222699708, 0.5460962298277999, -0.7671106701030463, -0.14536072392787092, -0.6441874001917964, -0.5673133936217059, -0.5209473711272126, 0.05202920740878536, -0.9948883281453629, -0.7693437230621405, -0.8875208097255672, -0.7162240325388405, -0.757746474259896, -0.8042322319847908, 0.9880982822284876, 0.7121675271178981, -1.0, 0.7867273885311423, -0.8659021575100547, 0.5688614594510952, -0.7967348090886599, 0.47269348097645153, 0.7409858750575489, 0.3007720008512996, -0.5287219784418178, 0.10037216071603694, 0.4269137720421589, 0.676476195322154, 0.47181960336635886, 0.5419205561152409, 0.2603969733680296, 0.4780693531500058, -0.532061781230104, 0.5198700582806424, -0.09232539473840617, -0.6216068424780281, 0.5123355892178583, -0.7897003573720243, -0.8280990472092791, -0.10464391317846505, 0.3378626860105861, -0.9397621673583976, -0.906685219238154, -0.03425217555912313, -0.3518500402108049, -0.16960702929173843, 0.9528330063461132, 0.14842546693048023, 0.03643894690499594, 0.73445011746059, 0.788767244845105, -0.38155923784814005, -0.6890268436298738, -0.42647758959222637, 0.34520099687535366, 0.492710239124704, 0.3036677499468722, -0.9234039998598504, 0.5211659762427557, 0.5446971134473811, -0.23456082917067947, 0.22775764340839993, -0.21519341152569882, -0.4482654275539022, 0.6279146759355708, -0.4050801114008635, 0.7322729668565702, 0.4661867315404937, 0.9133764340958379, 0.3587760211897697, -0.2339040433991253, -0.7287979108767895, 0.19438010939048866, 0.1340174723285017, -0.28279094510081637, -0.45539554095348334, -0.08868651432428534, 0.20659054341890726, -0.9454808198047091, -0.26970594036602574, -0.6321176474241998, -0.034235514569071764]
1019.9998168945312	(8, 12, 2)	[-0.6103281776412236, 0.47266453427501287, -0.8054356313462279, 0.9770225663127587, 0.7613673709479973, 0.6821259062473946, 0.8740545722009743, -0.20735151256562268, -0.5445891911674818, 0.43218361772332997, -0.5309597805051989, 0.05794808599656909, 0.9712538007638354, 0.5452584895461883, -0.6762330405965811, -0.8473578273041806, 0.08386569070336836, 0.35129024098726425, 0.8486293002116233, 0.5391377668790265, -0.8495524083417691, -0.3483445080209225, 0.9368579030243256, 0.18989595278648208, -0.2272016113508113, 0.16715834754491832, 0.5805757442557652, -1.0, -1.0, -0.6082671688515957, -0.8431889000457169, 0.19333535361405985, -0.5693606655256458, -0.01765159167261099, 0.8800515612417346, -0.6203410246599403, -0.5373752768846966, -0.9796062444228041, 0.3906881662252395, 0.5045713037599588, -0.7671106701030463, -0.14536072392787092, 0.0519528805596765, -0.6038963745864336, 0.7966451387681257, 0.05202920740878536, -0.9948883281453629, -0.7693437230621405, -1.0, -0.7162240325388405, -0.757746474259896, -0.8042322319847908, 1.0, 0.631937887180713, -0.8946574852868365, 0.7867273885311423, -0.740903583998733, 0.5688614594510952, -0.9135581798792187, 0.47269348097645153, 0.8486219228730271, 0.45278979376057527, -0.5287219784418178, 0.10037216071603694, 0.4269137720421589, 0.676476195322154, 0.47181960336635886, 0.5419205561152409, 0.2603969733680296, 0.4345042806268987, -0.532061781230104, 0.4886569973582337, -0.09232539473840617, -0.6216068424780281, 0.5123355892178583, -0.7897003573720243, -0.7265363211584934, -0.10464391317846505, 0.5491190289642469, -0.9815685266439749, -1.0, -0.08239229699176986, -0.3518500402108049, -0.022215913960528806, 0.9528330063461132, 0.14842546693048023, 0.03643894690499594, 0.8379911635301092, 0.788767244845105, -0.3090163313925549, -0.677053093112141, -0.48094756135581446, 0.29415710555353436, 0.5146971739859291, 0.20716862684497178, -0.8593726549142313, -0.7802190880751039, 0.5446971134473811, 0.028133968036718807, 0.2016044810669415, -0.21519341152569882, -0.4482654275539022, 0.6279146759355708, -0.40633735752115474, 0.7322729668565702, 0.3364929413169579, 0.9133764340958379, 0.47825588951710524, -0.2339040433991253, -0.7287979108767895, 0.20791597987161495, 0.1340174723285017, -0.28279094510081637, -0.45539554095348334, -0.08868651432428534, 0.20659054341890726, -0.8341472996689836, -0.26970594036602574, 0.5133416875456139, -0.034235514569071764]
1019.9999389648438	(8, 12, 2)	[-0.6103281776412236, 0.4697177262653673, -0.9432702546937144, 0.9770225663127587, 0.668058612842504, 0.6821259062473946, 0.826949400876075, -0.1418284916001626, -0.5445891911674818, 0.39189378837330935, -0.5309597805051989, 0.05794808599656909, 0.9712538007638354, 0.5452584895461883, -0.6762330405965811, -0.8473578273041806, 0.15071619889472468, 0.2554486192510175, 0.7414089225409026, 0.6169482387459744, -0.7047036505432889, -0.3483445080209225, 0.9368579030243256, 0.18989595278648208, -0.2272016113508113, 0.16715834754491832, 0.5805757442557652, -0.7794718316758965, -0.2955309823533053, -0.6082671688515957, -1.0, 0.2694670963403869, -0.5693606655256458, -0.01765159167261099, 0.8800515612417346, -0.6861338765960232, -0.5373752768846966, -0.9796062444228041, 0.06975395389663872, 0.5045713037599588, -0.7671106701030463, -0.14536072392787092, -0.6441874001917964, -0.6038963745864336, -0.5209473711272126, 0.05202920740878536, -0.9948883281453629, -0.7693437230621405, -0.9261932308507899, -0.7162240325388405, -0.757746474259896, -0.8042322319847908, 0.9472168594813009, 0.7121675271178981, -0.9513790199270591, 0.7867273885311423, -0.8488741853567575, 0.5688614594510952, -0.9135581798792187, 0.3975907195588142, 0.8486219228730271, 0.38121515148279445, -0.5287219784418178, 0.10037216071603694, 0.4269137720421589, 0.676476195322154, 0.47181960336635886, 0.5419205561152409, 0.33929086100244193, 0.4780693531500058, -0.532061781230104, 0.5198700582806424, -0.11545693674955813, -0.6216068424780281, 0.5123355892178583, -0.7897003573720243, -0.8280990472092791, -0.23400273970742624, 0.5491190289642469, -0.9397621673583976, -0.9698601015219261, -0.08239229699176986, -0.3518500402108049, -0.16960702929173843, 0.9528330063461132, 0.14842546693048023, 0.03643894690499594, 0.6889275100504411, 0.8603144803988589, -0.5781634360457087, -0.6890268436298738, -0.42647758959222637, 0.29415710555353436, 0.492710239124704, 0.25858768469898274, -0.9587246369407759, 0.6362841939781261, 0.5446971134473811, 0.013070798298126851, 0.22775764340839993, -0.21519341152569882, -0.4482654275539022, 0.6279146759355708, -0.4050801114008635, 0.7322729668565702, 0.25262241797149027, 0.9133764340958379, 0.3587760211897697, -0.29557303454230693, -0.7287979108767895, 0.19438010939048866, 0.1340174723285017, -0.1886003694015899, -0.45539554095348334, -0.09807618745346303, 0.5960052239660287, -0.9454808198047091, -0.32260099488751504, -0.6321176474241998, 0.0678534748190169]
1019.9998779296875	(8, 12, 2)	[-0.6103281776412236, 0.47266453427501287, -0.9432702546937144, 0.9301484960905526, 0.668058612842504, 0.6821259062473946, 0.8740545722009743, -0.1915787768543323, -0.5445891911674818, 0.30116798206624995, -0.5309597805051989, 0.05794808599656909, 0.9712538007638354, 0.5452584895461883, -0.6762330405965811, -0.7967277000964537, 0.15071619889472468, 0.2554486192510175, 0.8486293002116233, 0.5530579687436374, -0.7047036505432889, -0.3483445080209225, 0.9368579030243256, 0.21703504897323528, -0.2272016113508113, 0.16715834754491832, 0.5805757442557652, -0.7220020803918199, -0.2955309823533053, -0.6082671688515957, -1.0, 0.2694670963403869, -0.5693606655256458, -0.01765159167261099, 0.8800515612417346, -0.6190652026542839, -0.5373752768846966, -0.9315952120563573, 0.19197494100833912, 0.4347867246553805, -0.7671106701030463, -0.14536072392787092, -0.6441874001917964, -0.5673133936217059, -0.5209473711272126, 0.05202920740878536, -0.9948883281453629, -0.7693437230621405, -1.0, -0.7162240325388405, -0.757746474259896, -0.8042322319847908, 1.0, 0.7121675271178981, -0.9513790199270591, 0.7867273885311423, -0.8659021575100547, 0.5688614594510952, -0.9135581798792187, 0.3975907195588142, 0.7409858750575489, -0.188461093579953, -0.5287219784418178, 0.10037216071603694, 0.4347944248439075, 0.676476195322154, 0.47181960336635886, 0.5419205561152409, 0.2603969733680296, 0.4780693531500058, -0.5320043298738983, 0.5198700582806424, -0.09232539473840617, -0.6216068424780281, 0.5123355892178583, -0.7897003573720243, -0.8280990472092791, -0.26152945476154776, 0.5491190289642469, -0.9815685266439749, -0.9698601015219261, -0.06719038066811753, -0.3518500402108049, -0.07291542386066086, 0.5832321033444086, 0.14842546693048023, 0.03643894690499594, 0.6889275100504411, 0.8603144803988589, -0.3090163313925549, -0.6890268436298738, -0.42647758959222637, 0.29415710555353436, 0.492710239124704, 0.25858768469898274, -0.9234039998598504, 0.6255942460754276, 0.5446971134473811, 0.10157988642535945, 0.22775764340839993, 0.06363709417631197, -0.4482654275539022, 1.0, -0.40633735752115474, 0.7322729668565702, 0.25262241797149027, 0.9133764340958379, 0.3269184445035378, -0.29557303454230693, -0.7220749419415703, 0.13174847949863103, -0.037201564356216466, -0.11409605866218497, -0.45539554095348334, -0.09807618745346303, 0.20659054341890726, -0.8341472996689836, -0.32260099488751504, 0.5133416875456139, -0.006027042286527395]
1019.9998779296875	(8, 12, 2)	[-0.6103281776412236, 0.47266453427501287, -0.9796554670169577, 0.9301484960905526, 0.7613673709479973, 0.6821259062473946, 0.8740545722009743, -0.20735151256562268, -0.5445891911674818, 0.43218361772332997, -0.4014193042346419, 0.05794808599656909, 0.9524330885675641, 0.5452584895461883, -0.6762330405965811, -0.8473578273041806, 0.15071619889472468, 0.35129024098726425, 0.8190332207859117, 0.6377326072019898, -0.8495524083417691, -0.3483445080209225, 0.9368579030243256, 0.18989595278648208, -0.07811535782917303, 0.16715834754491832, 0.5805757442557652, -0.7220020803918199, -1.0, -0.6082671688515957, -0.8431889000457169, 0.19333535361405985, -0.5693606655256458, -0.01765159167261099, 0.8800515612417346, -0.8344349931693622, -0.5373752768846966, -0.9481800563489445, 0.19197494100833912, 0.4347867246553805, -0.7671106701030463, -0.14536072392787092, -0.6441874001917964, -0.865247194621464, 0.8949707906090745, 0.05202920740878536, -0.9948883281453629, -0.7693437230621405, -1.0, -0.721936939442048, -0.757746474259896, -0.8042322319847908, 0.8805832890327943, 0.5855826926909444, -0.9513790199270591, 0.7867273885311423, -0.8659021575100547, 0.5688614594510952, -0.7967348090886599, 0.47269348097645153, 0.8486219228730271, 0.45278979376057527, -0.5287219784418178, 0.10037216071603694, 0.4347944248439075, 0.676476195322154, 0.03835266070100518, 0.5419205561152409, 0.2603969733680296, 0.4780693531500058, -0.532061781230104, 0.4886569973582337, 0.0008151803323480783, -0.6216068424780281, 0.5123355892178583, -0.6771135245664982, -0.6786815260054292, -0.26152945476154776, 0.5491190289642469, -0.9815685266439749, -0.9698601015219261, -0.0662140795072203, -0.8576335251711635, -0.16960702929173843, 0.9528330063461132, 0.14842546693048023, 0.03643894690499594, 0.39945108392970563, 0.788767244845105, -0.36782802409169224, -0.677053093112141, -0.2563806782893696, 0.29415710555353436, 0.17688033107013523, 0.22473328193750503, -0.9234039998598504, 0.6255942460754276, 0.5446971134473811, 0.10157988642535945, 0.22775764340839993, -0.006254316855989678, -0.4482654275539022, 1.0, -0.40633735752115474, -0.10855415134493107, 0.3364929413169579, 0.9133764340958379, 0.3587760211897697, -0.29557303454230693, -0.7287979108767895, 0.20791597987161495, 0.1340174723285017, -0.28279094510081637, -0.45539554095348334, -0.09807618745346303, 0.05712038502053632, -0.9454808198047091, -0.3456669109359928, -0.6321176474241998, -0.034235514569071764]
