1019.878173828125	(8, 12, 2)	[-0.18636385090227336, 0.6977948207108655, 0.13881688213409005, 0.7228520139362857, 0.27994350006960866, 0.23234786068109714, 0.3202324063357973, 0.8058957164133322, -0.3435796430205913, -0.7569662227506238, 0.17348167524879332, 0.1847036190466329, 0.7744172148780717, -0.6098131997224652, 0.3416272955077915, -0.10239589611671063, 0.16488849669127426, 0.35987656594146955, -0.673935258123405, -0.06139413280643269, 0.4355660036310163, -0.7751357230727987, -0.6250943292138471, -0.4170442777189711, -0.4426290334069334, -0.15443306560040493, 0.4092466671839401, -0.8227297302194558, -0.8248418572236398, -0.26182605296519856, -0.42193710040729493, -0.7241688185400985, 0.5797632227322678, -0.6843490475004421, -0.2067098976936408, 0.07805137073962198, 0.41494997414818746, 0.2615024218903661, -0.10295453495609141, -0.17130553595304865, 0.0923153628323512, -0.5583134155190153, -0.5277183562030754, 0.4144945408296019, 0.9373375101634109, -0.2436646859489815, -0.39260442320427913, -0.42648413160013887, -0.26544605215042893, 0.9055993124732087, -0.18188170113168178, 0.22527705088523553, 0.14632935973394012, 0.18359494288739975, 0.005711714505301835, -0.9071949403461115, 0.8988711521113526, 0.5606443372189485, -0.38669418596828264, -0.9478791407178897, 0.09492889616757427, -0.9529730697754004, 0.5297417826120567, 0.46238578181088474, 0.0775779130299814, 0.4840647737311281, -0.551896829128115, 0.8659877845268862, 0.03556549489922611, 0.46947719596998927, 0.5912786774390069, -0.3227535793177325, 0.5042313093367246, -0.11736520102188996, 0.8027169375931162, -0.8046868876969535, -0.8783553153443777, 0.8993387302683873, -0.9023594912009281, 0.7130678055606401, 0.8572139145290598, -0.9261179508406856, 0.1474945099990279, 0.31243060714982884, -0.3194102502203675, -0.7567161301039738, -0.793738776430345, -0.7692288745549143, 0.5913427322930305, 0.14015336972975034, 0.9009686831982275, 0.45672893480328525, 0.3366636552206139, -0.8689085404652324, 0.40873036174634625, -0.33429835430349675, -0.5554776562436221, -0.6268044191837774, -0.18135520789578163, -0.9373175588007343, -0.3802737414712478, -0.5413182059579431, -0.8857565351358736, 0.5548110583894559, -0.2793247572507025, 0.9507761001770523, 0.6277588923150683, -0.475077813900588, -0.8815566645450519, -0.5681365480967318, 0.16533746294397567, -0.6866892492452445, -0.5245301039159453, 0.10686107338225748, -0.8906092510687051, 0.13615008067480483, -0.3058651194791093, 0.17219500981140667, -0.06363889492274022, 0.8369541593907368]
1018.3656616210938	(8, 12, 2)	[-0.18636385090227336, 0.6977948207108655, 0.13881688213409005, 0.7228520139362857, 0.27994350006960866, 0.23234786068109714, 0.3202324063357973, 0.8058957164133322, -0.3435796430205913, -0.7569662227506238, 0.17348167524879332, 0.1847036190466329, 0.7744172148780717, -0.6098131997224652, 0.3416272955077915, -0.10239589611671063, 0.16488849669127426, 0.35987656594146955, -0.673935258123405, -0.06139413280643269, 0.4355660036310163, -0.7751357230727987, -0.6250943292138471, -0.4170442777189711, -0.4426290334069334, -0.15443306560040493, 0.4092466671839401, -0.8227297302194558, -0.8248418572236398, -0.26182605296519856, -0.42193710040729493, -0.7241688185400985, 0.5797632227322678, -0.6843490475004421, -0.2067098976936408, 0.07805137073962198, 0.41494997414818746, 0.2615024218903661, -0.10295453495609141, -0.17130553595304865, 0.0923153628323512, -0.5583134155190153, -0.5277183562030754, 0.4144945408296019, 0.9373375101634109, -0.2436646859489815, -0.39260442320427913, -0.42648413160013887, -0.26544605215042893, 0.9055993124732087, -0.18188170113168178, 0.22527705088523553, 0.14632935973394012, 0.18359494288739975, 0.005711714505301835, -0.9071949403461115, 0.8988711521113526, 0.5606443372189485, -0.38669418596828264, -0.9478791407178897, 0.09492889616757427, -0.9529730697754004, 0.5297417826120567, 0.46238578181088474, 0.0775779130299814, 0.4840647737311281, -0.551896829128115, 0.8659877845268862, 0.03556549489922611, 0.46947719596998927, 0.5912786774390069, -0.3227535793177325, 0.5042313093367246, -0.11736520102188996, 0.8027169375931162, -0.8046868876969535, -0.8783553153443777, 0.8993387302683873, -0.9023594912009281, 0.7130678055606401, 0.8572139145290598, -0.9261179508406856, 0.1474945099990279, 0.31243060714982884, -0.3194102502203675, -0.7567161301039738, -0.793738776430345, -0.7692288745549143, 0.5913427322930305, 0.14015336972975034, 0.9009686831982275, 0.45672893480328525, 0.3366636552206139, -0.8689085404652324, 0.40873036174634625, -0.33429835430349675, -0.5554776562436221, -0.6268044191837774, -0.18135520789578163, -0.9373175588007343, -0.3802737414712478, -0.5413182059579431, -0.8857565351358736, 0.5548110583894559, -0.2793247572507025, 0.9507761001770523, 0.6277588923150683, -0.475077813900588, -0.8815566645450519, -0.5681365480967318, 0.16533746294397567, -0.6866892492452445, -0.5245301039159453, 0.10686107338225748, -0.8906092510687051, 0.13615008067480483, -0.3058651194791093, 0.17219500981140667, -0.06363889492274022, 0.8369541593907368]
-91.85904693603516	(8, 12, 2)	[-0.2108317275520586, -0.09857403512191265, 0.3536524853844438, 0.37379511774233776, 0.525525906637881, -0.4907783771611762, -0.32464986419044783, 0.4880828620742894, -0.09421955640325641, -0.7671067550888451, -0.42044936613440154, 0.6508230743866683, -0.014302868581343775, -0.6040489474164055, 0.1280773559616888, -0.9990198921230931, -0.5453539360158719, 0.243672858779447, -0.6272953242678938, 0.6644008397404482, 0.9490087167712268, 0.15380001654168862, 0.6345473734878486, -0.016646778857320355, 0.14466339283294727, 0.8201446815813671, 0.0951194838441296, 0.21939900916839705, -0.812504270917251, -0.43895089297153445, -0.7344905986371792, -0.17097853748607084, -0.23961489105092548, -0.44396615853077237, 0.2652867194879016, -0.6507353752784095, -0.14860078965419032, 0.30882768142668793, -0.7542974636701061, -0.9365521447212568, -0.6578767435622267, 0.5654608536370871, 0.40264764700225775, -0.40049705062810026, 0.7892716566411329, 0.12908078467690687, -0.45757534506929587, 0.7618033334673784, -0.6943189741453988, 0.8616060947032129, 0.6633141710495638, -0.3619342759708566, -0.35112266453960994, -0.16714422285220465, 0.8024243283452737, 0.32096378382333346, 0.566381398366856, -0.84668963958652, 0.3998658446511627, 0.46597636346188387, -0.23885249747734671, -0.5568446837520062, -0.8233493932263609, 0.5309745713753136, 0.2037237204559592, 0.3466459837787099, 0.20429024119105588, 0.38476540298584205, 0.8170189658442646, 0.5968543125936938, -0.5282275141298443, -0.1747708466932527, 0.669887295321876, 0.09763366159589992, -0.1084635294154781, -0.4136418389935339, 0.8565482363591959, -0.10183233219806831, -0.04158469524143116, -0.474727249417473, -0.5134109112875864, 0.4383659719069757, 0.5424867645074318, 0.6342118250422062, 0.8749503138008052, -0.19883575287543942, -0.6566107400876133, 0.48266157623192973, 0.20327567856104367, 0.9452224487272498, 0.35261110950052266, -0.9529587676521931, -0.7521361793763239, 0.9847840325140447, -0.4330932410287207, -0.011138618277280132, -0.12664914762097723, -0.8676540602868119, -0.38737289598475644, -0.5415113403380829, -0.5331279138739038, 0.11259512934335625, -0.06859510359726917, -0.6065695035853773, 0.3411994090532864, 0.25313954611995304, -0.8203730054732057, 0.32336243471754567, 0.9285167884503476, 0.55361526148478, -0.4493528002453153, 0.6375689236029398, 0.8527808130639243, -0.4567406010245836, 0.8269030604049374, -0.663544177063599, 0.2234505346764868, -0.4182581722800722, -0.6635701702714507, -0.2556262459452101]
1019.9534912109375	(8, 12, 2)	[-0.2108317275520586, -0.09857403512191265, -0.3838407794816474, 0.8734010604983404, -0.29712388824699665, 0.4755181820063503, -0.5103331943210392, 0.552835468916635, -0.09421955640325641, -0.7671067550888451, -0.42044936613440154, 0.0652508737109474, -0.8057508699056926, -0.5224751665134533, -0.2273281916902823, 0.869423647003658, -0.5453539360158719, 0.243672858779447, -0.6272953242678938, 0.5206813935014218, -0.0878404048546535, -0.6754848361776569, -0.7940694911362285, -0.016646778857320355, 0.45354214083098654, 0.24822439978212807, -0.37847276198267465, 0.5433613681511034, -0.812504270917251, -0.6717245136193026, -0.7344905986371792, -0.9441886170211391, 0.05732051634451585, 1.0, 0.05740081689756793, -0.20488713580421258, -0.5733936363908483, -0.278582626354688, -0.6365324943920401, 0.4028970538870469, 0.7367009474320909, -0.8889858535274955, 0.149274561000992, -0.40049705062810026, -0.5161545555881981, -0.5666240245029157, 0.8245216791766263, 0.3094780193975748, -0.5106772168477425, -0.22927999693788803, -0.17012580019154844, -0.9569534540662619, -0.35112266453960994, 0.4982512806490129, 0.9937794417808945, 0.10407882743910846, 0.47911582947102427, -0.10990906257596267, 0.3998658446511627, 0.4337150758079569, -0.23885249747734671, -0.04381553176650255, -0.8233493932263609, 0.9511084902515938, 0.34277783603075074, 0.2243924691641488, 0.20429024119105588, 0.16471584932514172, 0.298240627079601, 0.5968543125936938, -0.5596610800689481, 0.8028333732041009, 0.3947444792514645, -0.6814056915435611, -0.8156251467285758, -0.38148804494999866, 0.5160637091135944, 0.981496347274347, -0.37725027722604687, -0.4917536197197978, 0.8004107568041801, 0.48465148579989314, 0.5424867645074318, 0.6342118250422062, -0.3184019216172371, 0.9737960909705516, 0.7476539615541753, -0.57350748671511, -0.8842696155429548, -0.23886932749242873, -0.04727619663711491, -0.9529587676521931, 0.6151617939074814, 0.10451569363062352, -0.4330932410287207, -0.6751922181674179, -0.5205393675587295, -0.36587668243187155, -0.3330836317160504, -0.5415113403380829, 0.055021241370437846, 0.11259512934335625, 0.2065914209880723, -0.17131550992746836, -0.25370621245538927, -0.33676766433382616, -0.2189593698550516, 0.34899490535069755, 0.9285167884503476, 0.55361526148478, -0.4493528002453153, 0.6375689236029398, 0.6728009057570168, -0.6772030241014926, 0.6461802935049212, -0.7276907880712336, -0.48028386362778797, -0.4182581722800722, 0.21214224572439666, -0.2556262459452101]
1019.8626098632812	(8, 12, 2)	[0.29382872544016014, 0.15794251740051557, 0.02102611985575953, -0.90742324561916, 0.4532763290705786, 0.4755181820063503, -0.20952266836209033, 0.8436213193827469, 0.9368482136955802, -0.7837524741182962, 0.9103558365093294, 0.47453113471043973, -0.23097815851506676, 0.9396108231651668, -0.9288929441772709, 0.869423647003658, -0.8836181008371218, -0.584727639808194, 0.29061298163161053, 0.9794738239221947, 0.8988874352187834, -0.16942715880695958, -0.5476336076991697, -0.8247691433396549, 0.45354214083098654, 0.24822439978212807, -0.9947894563366351, 0.9653295821794166, -0.5155457387259677, 0.3858771228233062, 0.5221860062225967, 0.20736643843696134, -0.40932881840417035, 0.5407266182900081, -0.2431055912130493, 0.1591413198057272, 0.4297966066554866, -0.7270512228455954, 0.26261327975242654, -0.9615816837320585, 0.7367009474320909, 0.1542251119465916, -0.504442669633254, 0.8591111164611951, -0.5161545555881981, 0.7357360365980459, 0.8245216791766263, -0.6866586650703899, -0.30604421501061774, -0.34716937135386083, -0.17012580019154844, -0.5756716619237028, -0.20385294853372793, 0.33007129868183616, 0.9937794417808945, 0.10407882743910846, 0.6133145909976288, -0.08253779131891625, -0.7398663362879823, 0.22945817299360227, -0.8176016933552304, -0.4238498587338424, 0.8031612153532159, -0.8674550827282541, 0.18668894810158654, 0.2243924691641488, -0.9999732095450753, -0.021873852229045365, 0.6605363441706327, 0.15733540609124352, -0.5596610800689481, -0.4937456508476066, -0.8808121664532069, 0.8219216302246326, -0.9785691148704523, 0.14826201804892025, -0.8122528266083278, -0.6706919198620722, -0.8123433769415436, 0.08492776607572283, -0.16311173027832893, -0.677079649297146, 0.5815879331063207, -0.8947694286864092, -0.3184019216172371, -0.4864414193913371, -0.4536452671799045, -0.9336783675550122, -0.7566816495456556, -0.6873893503177384, 0.9655585300623293, 0.8478076624724491, 0.631552899676304, -0.9031090973159168, -0.7561343530854729, 0.20249596840209527, -0.40850024220692527, -0.8580540331921225, -0.24108802428741427, 0.2503890496096661, 0.055021241370437846, 0.478153216881092, -0.2936586809581003, -0.21167117377580125, -0.25370621245538927, -0.07410698980697394, 1.0, -0.2658138750262724, -0.2241831285651894, -0.8716781133653511, -0.2540806695519453, -0.35841436501398327, 0.220687769949236, -0.6772030241014926, 0.6461802935049212, -0.7276907880712336, 0.579687604034214, 0.8776252402711995, -0.5242615260409365, -0.5684767485062532]
15.330345153808594	(8, 12, 2)	[-0.2108317275520586, -0.49905706362138247, 0.02102611985575953, 0.37379511774233776, 0.525525906637881, 0.21412935047221437, -0.32464986419044783, 0.8058957164133322, -0.09421955640325641, 0.8092308261277139, 0.3474831443222708, 0.9821036682241588, -0.23097815851506676, -0.589424151546659, -0.030224221614382207, 0.07461155180319423, -0.23350104840292407, -0.7990395417266241, -0.6272953242678938, 0.37309297327965285, 0.02967615651449007, 0.15380001654168862, 0.01328241318535972, -0.016646778857320355, -0.6322532835729255, -0.8960888756314682, -0.13868987257901666, 0.21939900916839705, -0.812504270917251, -0.43895089297153445, -0.8306308569079757, -0.31054673510214537, 0.026577680831094463, -0.44396615853077237, 0.2652867194879016, -0.1688409358856282, 0.08449215731736404, 0.6670270603794011, 0.19428408874122471, -0.3096321288470647, 0.7844082762044884, -0.1678614867186612, 0.7770503748391295, -0.40049705062810026, -0.5161545555881981, 0.2595244107956838, 0.5456985304294988, -0.43697292601345716, 0.1414393114325343, 0.9055993124732087, -0.18188170113168178, -0.49087825373235794, 0.02482740736240685, 0.9053997931232802, -0.13788047144772864, -0.16535888773785312, 0.566381398366856, -0.5040685191877565, -0.9622293447197015, -0.8408478058912991, 0.09492889616757427, -0.5568446837520062, 0.663888690644534, 0.5309745713753136, 0.2037237204559592, 0.29027038762474033, 0.5355401270550411, -0.8247553625895598, -0.9246134811962192, 0.5968543125936938, -0.39565795753466193, -0.3227535793177325, 0.7581756170741951, -0.35263135353218344, -0.36777287944378223, -0.12280307900336274, 0.8565482363591959, -0.10183233219806831, 0.0821791164475838, -0.375268883670413, 0.6376265821685898, 0.4383659719069757, -0.9226757814629314, -0.10293083324524765, -0.8794026406630606, 0.5651773356860539, -0.793738776430345, -0.7692288745549143, 0.5913427322930305, 0.10459294935009678, 0.35261110950052266, 0.5491580222716645, -0.7521361793763239, -0.09946328795979764, -0.4330932410287207, -0.011138618277280132, -0.988147309906787, -0.8676540602868119, 0.023892360647812083, 0.7568251463429045, -0.5331279138739038, 0.916954583399822, -0.22322776980997605, -0.8520267010437848, -0.25370621245538927, -0.3662374782243234, 0.9009652784464641, 0.48875976450204206, 0.9724193230729303, 0.49334282467529533, -0.9059694688414932, 0.814742636589862, -0.15807636749794907, -0.27238076680088463, -0.8906092510687051, -0.663544177063599, 0.2234505346764868, -0.4182581722800722, 0.677352819926885, -0.859499177073842]
1002.7885131835938	(8, 12, 2)	[0.37609297723040935, -0.09857403512191265, 0.47852716532825057, 0.7228520139362857, -0.22860719036259924, -0.8121804864111586, -0.20952266836209033, -0.12242199823378441, -0.1589900959635795, -0.7025379936283844, 0.03568247141055636, -0.8838124546912207, -0.4915674511363102, 0.017379538139245865, -0.9288929441772709, 0.869423647003658, 0.10031625459421295, -0.9587585095397858, 0.3126554327956108, -0.8541485120645798, -0.5719363914837634, -0.20256318679958918, 0.01328241318535972, -0.8247691433396549, 0.29882438449498094, 0.26586896869559706, -0.1457971234490707, 0.659337183195041, 0.8981102499868814, -0.6811179530559672, -0.8306308569079757, 0.20736643843696134, -0.38278930110027565, 0.5407266182900081, -0.2067098976936408, 0.18448824109785028, 0.4297966066554866, 0.763000952300118, -0.7937778998552736, -0.9615816837320585, 0.7367009474320909, -0.8889858535274955, 0.40264764700225775, -0.40049705062810026, -0.8981722407531358, 0.7357360365980459, -0.39260442320427913, 0.7618033334673784, -0.30604421501061774, -0.34716937135386083, -0.17012580019154844, -0.5756716619237028, 0.3160884228344678, 0.33007129868183616, 0.8024243283452737, 0.10407882743910846, 0.6133145909976288, -0.08253779131891625, 0.3998658446511627, -0.9729516527983377, 0.09492889616757427, -0.04381553176650255, 0.7755228813378632, 0.05271645909712963, 0.8563560407108624, 0.3466459837787099, -0.9291473374537578, 0.7257004753251843, -0.12101817609267695, -0.052199930950290296, -0.5596610800689481, -0.032383921757068945, 0.6515423206170659, 0.8219216302246326, -0.55658810999562, -0.8692185724053831, -0.8122528266083278, 0.3343333171396867, 0.0821791164475838, -0.7029825007200725, 0.8004107568041801, -0.1774372671133031, -0.14100596455919168, 0.6342118250422062, -0.8794026406630606, -0.7359810940365934, 0.6238525852411103, -0.16359855740090068, -0.8028881373802572, 0.4682920131500854, 0.35261110950052266, 0.45672893480328525, 0.6151617939074814, 0.24569425191649244, -0.7561343530854729, 0.20249596840209527, -0.21688089125842946, -0.6268044191837774, 0.47763224788025127, -0.04611117824336319, 0.055021241370437846, -0.10674883845641459, 0.18024569231572185, -0.29995035399608483, -0.25370621245538927, 0.25313954611995304, 1.0, -0.1038507569588778, 0.19463564411603596, 0.55361526148478, -0.2540806695519453, -0.35841436501398327, -0.11967470727808993, -0.6772030241014926, -0.04956120379403739, -0.7276907880712336, -0.8659966564420487, 0.8776252402711995, -0.5242615260409365, -0.5684767485062532]
1019.9373779296875	(8, 12, 2)	[0.37609297723040935, 0.30790285366354375, 0.02102611985575953, 0.7228520139362857, -0.29712388824699665, 0.21412935047221437, 0.09460228430534667, 0.775169505774397, -0.1589900959635795, -0.19822968038763844, 0.3474831443222708, 0.002606707372411643, -0.23097815851506676, 0.5228983155541413, 0.3416272955077915, 0.2381791452796198, -0.5453539360158719, 0.028716145726200182, -0.673935258123405, 0.050096518266478984, 0.4355660036310163, -0.7751357230727987, -0.7940694911362285, -0.8247691433396549, 0.29882438449498094, 0.26586896869559706, -0.37847276198267465, 0.7222244546634122, -0.812504270917251, 0.6992835899434213, 0.5221860062225967, -0.25476602631109424, -0.40932881840417035, -0.5579120623049532, -0.2431055912130493, -0.20488713580421258, -0.5164747450221523, 0.763000952300118, -0.38211292099172933, -0.7671943352839015, -0.4924190513994404, 0.1542251119465916, 0.22350316245939927, 0.3445036879832022, 0.24948707028357142, -0.5666240245029157, -0.39260442320427913, -0.6866586650703899, -0.7206772915256363, -0.9261201381615374, 0.37051943491356676, -0.49087825373235794, 0.12748631789271325, 0.7556895685516276, -0.13788047144772864, -0.09158776311043426, 0.8988711521113526, -0.84668963958652, 0.9828946700209342, -0.2839813601435266, -0.23885249747734671, -0.4238498587338424, -0.461502446378992, 0.0547382441373907, 0.34277783603075074, 0.29027038762474033, 0.8373777823255357, 0.8501233352282288, -0.12101817609267695, -0.60413252457245, 0.4333662437422501, 0.8028333732041009, -0.5337839051012101, 0.8219216302246326, -0.8156251467285758, 0.07695136767665733, -0.8783553153443777, 0.3343333171396867, 0.04008475522301308, -0.560748764486106, 0.8572139145290598, -0.677079649297146, 0.02529061221383344, 0.31243060714982884, -0.3184019216172371, 0.4865743437155583, -0.30539571070256266, -0.57350748671511, -0.7291298870517149, 0.9759719023212323, 0.9655585300623293, 0.8478076624724491, 0.6151617939074814, 0.6107914783453865, -0.7561343530854729, -0.4915092317333891, -0.49537568239951457, -0.8676540602868119, 0.47763224788025127, 0.2503890496096661, -0.5331279138739038, -0.5413182059579431, 0.2065914209880723, -0.17131550992746836, -0.25370621245538927, 0.6491649872934966, 0.6277588923150683, -0.7695533219306632, -0.7653946825733102, -0.6443886023617931, 0.16533746294397567, -0.49880515616847887, -0.5245301039159453, -0.6772030241014926, -0.04956120379403739, -0.8482081355119695, -0.2617600532851174, 0.8776252402711995, 0.1417954471588565, 0.8369541593907368]
939.7503051757812	(8, 12, 2)	[-0.2108317275520586, -0.879677367969161, 0.02102611985575953, 0.37379511774233776, 0.525525906637881, 0.21412935047221437, -0.32464986419044783, 0.4163190663596297, 0.05486298517207122, 0.8092308261277139, 0.3474831443222708, 0.9821036682241588, -0.8057508699056926, 0.9396108231651668, -0.062157277647125975, 0.07461155180319423, -0.23350104840292407, 0.028716145726200182, -0.6272953242678938, 0.37309297327965285, 0.02967615651449007, 0.4932426088566566, 0.01328241318535972, 0.0849705341555302, -0.6322532835729255, -0.064911548625737, -0.13868987257901666, 0.2986847477240515, -0.8936267498051556, 0.736161935773995, -0.09737311280149807, -0.7568359365230362, 0.026577680831094463, -0.10190967721892957, 0.2652867194879016, -0.1688409358856282, 0.08449215731736404, 0.20509496549446116, 0.19428408874122471, -0.7671943352839015, -0.12539037582529677, 0.1542251119465916, -0.504442669633254, 0.13154026824383447, -0.5161545555881981, 0.2595244107956838, -0.2206070428836866, 0.3094780193975748, 0.1414393114325343, 0.9055993124732087, -0.18188170113168178, -0.49087825373235794, 0.14632935973394012, 0.9053997931232802, 0.13801674111341566, 0.7975481666073021, 0.566381398366856, -0.7948127674702266, -0.9622293447197015, -0.8408478058912991, -0.45794621958225035, -0.9529730697754004, 0.5297417826120567, 0.7727620149151739, 0.0775779130299814, -0.1532964813707156, -0.6824297912760702, -0.8247553625895598, -0.9246134811962192, 0.5734066860495011, 0.9640283492501254, -0.3227535793177325, 0.6989897268253763, -0.35263135353218344, 0.9955599216548072, -0.12280307900336274, 0.8565482363591959, -0.10183233219806831, 0.0821791164475838, 0.1577397192061334, 0.6376265821685898, 0.4383659719069757, -0.9226757814629314, -0.5255917900786744, -0.3194102502203675, -0.7567161301039738, -0.793738776430345, -0.9962200365080007, 0.27536812844181613, 0.8226384945636283, 0.35261110950052266, 0.5491580222716645, 0.1608396257861422, -0.09946328795979764, -0.6460815270605769, -0.8884166012289993, -0.2135683749717805, 0.31583715696634695, 0.023892360647812083, -0.5415113403380829, -0.5331279138739038, 0.916954583399822, -0.22322776980997605, 0.3022924895981627, -0.25370621245538927, 0.874064498198639, 0.1866385968246358, -0.5610194772037586, -0.8296184538139922, 0.49334282467529533, -0.8034005688918271, 0.05467408525376971, 0.9853130366484533, -0.27238076680088463, -0.8906092510687051, -0.663544177063599, -0.6927719701239679, -0.8308497745567917, 0.677352819926885, -0.859499177073842]
1019.8653564453125	(8, 12, 2)	[-0.5294813993014558, -0.15429970313626717, 0.335044143451317, 0.870760181286419, 0.27994350006960866, 0.21412935047221437, -0.860179985791794, 0.775169505774397, -0.1589900959635795, -0.3748289682708059, 0.009421557222242471, 0.002606707372411643, -0.23097815851506676, 0.9396108231651668, -0.030224221614382207, 0.2381791452796198, -0.8836181008371218, -0.584727639808194, 0.29061298163161053, 0.050096518266478984, 0.4355660036310163, -0.8358079267040944, -0.5476336076991697, -0.8247691433396549, -0.38197586500178193, 0.26586896869559706, 0.6464697848637315, 0.9653295821794166, -0.6909748770388087, 0.6992835899434213, 0.5221860062225967, 0.20736643843696134, -0.40932881840417035, -0.5579120623049532, 0.6226567186319467, -0.20488713580421258, -0.008421486422479862, -0.7270512228455954, 0.26261327975242654, -0.7671943352839015, 0.7367009474320909, 0.1542251119465916, 0.40264764700225775, 0.8591111164611951, 0.8883867604595836, -0.2436646859489815, -0.39260442320427913, -0.6866586650703899, -0.0480413043830894, -0.34716937135386083, 0.5998333638342539, -0.5462185201492793, -0.20385294853372793, 0.7556895685516276, 0.9937794417808945, 0.32096378382333346, 0.6133145909976288, -0.84668963958652, 0.9863068605735925, -0.3247842929676259, -0.8176016933552304, -0.4238498587338424, 0.8031612153532159, -0.8674550827282541, -0.17336007182373225, -0.1532964813707156, 0.8373777823255357, 0.8501233352282288, -0.12101817609267695, 0.2304942854787444, -0.5596610800689481, -0.032383921757068945, -0.5050094688377715, 0.8219216302246326, -0.22068541814071874, 0.5059804267621095, -0.8122528266083278, -0.10183233219806831, 0.09825901951244576, 0.08492776607572283, 0.6376265821685898, -0.677079649297146, 0.02529061221383344, 0.6342118250422062, -0.3194102502203675, 0.5651773356860539, -0.6566107400876133, -0.57350748671511, -0.7291298870517149, 0.9759719023212323, 0.8236226064151898, 0.3769262910130151, 0.631552899676304, -0.9031090973159168, -0.7561343530854729, 0.7438763818582059, -0.988147309906787, -0.8676540602868119, 0.47763224788025127, 0.968058442581019, -0.12003178816661664, 0.478153216881092, -0.2936586809581003, -0.6065695035853773, -0.25370621245538927, -0.07410698980697394, -0.8793876490737838, -0.7695533219306632, -0.2241831285651894, -0.6443886023617931, 0.16533746294397567, -0.49880515616847887, 0.220687769949236, -0.6772030241014926, -0.8555760702158678, 0.7044227786005284, -0.8659966564420487, 0.8776252402711995, -0.5242615260409365, 0.8369541593907368]
1019.87255859375	(8, 12, 2)	[-0.417326505508842, -0.09857403512191265, 0.8044219983755143, -0.691487050519741, 0.4532763290705786, -0.6424832748814104, -0.20952266836209033, -0.12242199823378441, -0.6596002756914341, -0.19822968038763844, 0.009421557222242471, 0.47453113471043973, -0.4893439901800097, 0.017379538139245865, -0.9288929441772709, 0.2381791452796198, -0.8836181008371218, -0.7230688556123115, 0.3126554327956108, 0.050096518266478984, 0.8988874352187834, -0.7751357230727987, -0.9318386214532532, -0.7230638525871875, 0.29882438449498094, 0.6022671359927567, -0.37847276198267465, 0.659337183195041, -0.5155457387259677, 0.6992835899434213, -0.7530338764642506, 0.20736643843696134, -0.40932881840417035, 0.5407266182900081, 0.2898567086694017, 0.06901591348988144, -0.5164747450221523, 0.8481917554260308, -0.38211292099172933, -0.7671943352839015, 0.7367009474320909, 0.1542251119465916, 0.40264764700225775, -0.40049705062810026, 0.12591287001842955, -0.5666240245029157, 0.053277562539695955, 0.7618033334673784, -0.7206772915256363, -0.34716937135386083, -0.18188170113168178, -0.5756716619237028, 0.12748631789271325, 0.7556895685516276, 0.8024243283452737, 0.10407882743910846, 0.13166482581441685, 0.7506480254419783, 0.3998658446511627, -0.2839813601435266, -0.23885249747734671, -0.4238498587338424, 0.8031612153532159, 0.46238578181088474, 0.18668894810158654, 0.3466459837787099, 0.8373777823255357, 0.38476540298584205, -0.12101817609267695, -0.60413252457245, -0.39565795753466193, 0.8028333732041009, -0.8808121664532069, 0.8219216302246326, -0.55658810999562, 0.07695136767665733, -0.8783553153443777, -0.6706919198620722, -0.1854713267713536, 0.08492776607572283, 0.8572139145290598, -0.677079649297146, -0.14100596455919168, 0.6342118250422062, -0.8794026406630606, 0.4865743437155583, -0.3286601242216839, 0.10078909314024873, -0.8028881373802572, 0.4682920131500854, 0.9655585300623293, 0.8478076624724491, 0.6151617939074814, 0.2072569809205005, -0.7561343530854729, -0.4915092317333891, -0.988147309906787, -0.8676540602868119, 0.47763224788025127, -0.04611117824336319, 0.5776848302969988, -0.5413182059579431, -0.7359823601951838, -0.17131550992746836, 0.3411994090532864, 0.6491649872934966, 0.6277588923150683, -0.1038507569588778, -0.7653946825733102, -0.6443886023617931, -0.2540806695519453, 0.6375689236029398, -0.5245301039159453, -0.6772030241014926, 0.6461802935049212, -0.7276907880712336, 0.07529249142945527, 0.8776252402711995, -0.5242615260409365, 0.8369541593907368]
-31.705350875854492	(8, 12, 2)	[-0.6597107617587559, 0.30790285366354375, 0.8044219983755143, 0.37379511774233776, 0.8085664822316114, -0.6424832748814104, -0.860179985791794, 0.4880828620742894, 0.606050042779507, -0.7837524741182962, -0.013539816192780885, -0.9595863822087682, -0.23097815851506676, 0.06562074550244068, -0.030224221614382207, -0.9728277184087173, -0.5453539360158719, -0.56410346655719, -0.7923034275356211, 0.050096518266478984, 0.8988874352187834, -0.7751357230727987, 0.01328241318535972, -0.8247691433396549, 0.14466339283294727, -0.8437788548460043, -0.37847276198267465, 0.2986847477240515, -0.812504270917251, 0.6992835899434213, 0.5221860062225967, 0.20736643843696134, 0.026577680831094463, -0.07989046878139572, 0.0006956224097192099, 0.1591413198057272, -0.5164747450221523, 0.30882768142668793, -0.7978886898186953, -0.9615816837320585, 0.1700562101552614, 0.8063400330923729, 0.40264764700225775, -0.40049705062810026, -0.5161545555881981, 0.17562366077797353, -0.39260442320427913, -0.6866586650703899, 0.1414393114325343, -0.9261201381615374, -0.17012580019154844, -0.49087825373235794, 0.12748631789271325, -0.16714422285220465, -0.38399483149471614, -0.9071949403461115, 0.566381398366856, -0.5404169423594569, 0.9863068605735925, -0.6332118874606023, 0.29281152465150595, 0.6490550311688019, -0.8233493932263609, 0.05271645909712963, 0.1894940556806839, 0.29027038762474033, -0.9712222485671995, 0.7257004753251843, 0.8170189658442646, 0.46947719596998927, -0.39565795753466193, 0.8028333732041009, -0.664673079647421, -0.35263135353218344, -0.22068541814071874, -0.12280307900336274, -0.8783553153443777, -0.2056875563063123, -0.8123433769415436, 0.1577397192061334, -0.6353150516888602, -0.6027444229276775, -0.14100596455919168, 0.2841096262474818, -0.3184019216172371, -0.4864414193913371, 0.6651669312215771, -0.7692288745549143, -0.8842696155429548, 0.9137024809859193, 0.9655585300623293, 0.45672893480328525, -0.2890980909071088, 0.6107914783453865, -0.7561343530854729, -0.011138618277280132, -0.14674971907290923, -0.8676540602868119, 0.47763224788025127, 0.2503890496096661, -0.5331279138739038, -0.5413182059579431, -0.7359823601951838, 0.5548110583894559, 0.3411994090532864, 0.6491649872934966, 0.6277588923150683, -0.1038507569588778, -0.7653946825733102, 0.55361526148478, 0.16533746294397567, 0.05833141324712132, -0.37740692023044775, -0.6772030241014926, -0.04956120379403739, -0.8482081355119695, 0.2234505346764868, -0.9637144791417913, -0.32101321693674034, -0.5684767485062532]
1019.961181640625	(8, 12, 2)	[-0.417326505508842, 0.30790285366354375, 0.8044219983755143, 0.37379511774233776, 0.8085664822316114, -0.6424832748814104, 0.09460228430534667, 0.4880828620742894, 0.606050042779507, -0.7837524741182962, 0.009421557222242471, 0.5768384847618333, -0.23097815851506676, 0.06562074550244068, -0.030224221614382207, -0.9728277184087173, -0.8836181008371218, -0.7990395417266241, -0.7923034275356211, 0.050096518266478984, 0.4355660036310163, -0.7751357230727987, 0.01328241318535972, -0.8247691433396549, -0.38197586500178193, -0.8437788548460043, 0.6464697848637315, 0.2986847477240515, -0.812504270917251, 0.6992835899434213, -0.9146354093425, 0.20736643843696134, -0.40932881840417035, -0.5579120623049532, 0.31219601207820613, 0.1591413198057272, -0.5164747450221523, 0.6670270603794011, -0.8215744364327455, -0.9615816837320585, 0.1700562101552614, 0.8063400330923729, -0.504442669633254, -0.40049705062810026, -0.7949721590253698, 0.18815566282594065, 0.07775169678036975, -0.6866586650703899, 0.1414393114325343, -0.9261201381615374, -0.17012580019154844, -0.9569534540662619, 0.12748631789271325, 0.7556895685516276, -0.9079483904272281, -0.14817038077992079, 0.9985595420205207, -0.5404169423594569, 0.9863068605735925, -0.6332118874606023, 0.29281152465150595, 0.6490550311688019, -0.8233493932263609, 0.05060913288276181, 0.1894940556806839, -0.34080377175627263, -0.6350352127517367, 0.7257004753251843, -0.8420387262917053, 0.46947719596998927, -0.39565795753466193, 0.8028333732041009, 0.2922908157729751, 0.3870101276483404, -0.22068541814071874, -0.12280307900336274, -0.8783553153443777, -0.2056875563063123, 0.09825901951244576, 0.1577397192061334, -0.6353150516888602, -0.9491899560182264, -0.14100596455919168, 0.07925593277304488, -0.3184019216172371, 0.5651773356860539, 0.6651669312215771, 0.05626549722688501, -0.8842696155429548, 0.9137024809859193, 0.9655585300623293, 0.45672893480328525, 0.3366636552206139, 0.6107914783453865, 0.9504627676829649, 0.24077008758024032, -0.988147309906787, -0.8676540602868119, 0.47763224788025127, -0.9373175588007343, -0.5331279138739038, -0.5413182059579431, -0.22322776980997605, 0.5548110583894559, 0.3411994090532864, 0.6491649872934966, 0.6277588923150683, -0.7695533219306632, -0.2241831285651894, -0.6443886023617931, 0.16533746294397567, -0.008302460410487322, 0.41449342826335966, -0.6772030241014926, 0.8269030604049374, 0.670409919230766, 0.07529249142945527, 0.3137493136963043, -0.32101321693674034, -0.5684767485062532]
1019.9124755859375	(8, 12, 2)	[-0.5686411506420898, -0.15429970313626717, 0.3325744255429006, 0.870760181286419, 0.8085664822316114, 0.4962743981642914, -0.860179985791794, 0.4880828620742894, -0.1589900959635795, -0.7837524741182962, 0.31856779496856624, 0.9821036682241588, -0.23097815851506676, 0.19277397029629895, -0.5182562314649044, 0.2381791452796198, -0.5453539360158719, -0.12253691260718735, -0.673935258123405, -0.06139413280643269, 0.01531387969322262, -0.7751357230727987, -0.5476336076991697, -0.7230638525871875, 0.4726646083384113, -0.8437788548460043, 0.6464697848637315, 0.21939900916839705, -0.812504270917251, 0.6992835899434213, 0.5221860062225967, -0.9441886170211391, -0.40932881840417035, -0.07989046878139572, 0.2898567086694017, -0.44789496491998326, -0.14860078965419032, -0.7270512228455954, -0.38211292099172933, -0.7671943352839015, -0.4924190513994404, -0.3201318898716208, 0.40264764700225775, -0.3006579234164346, 0.12591287001842955, -0.5666240245029157, -0.39260442320427913, 0.7618033334673784, -0.7206772915256363, 0.8616060947032129, -0.18188170113168178, -0.5462185201492793, 0.3160884228344678, 0.7556895685516276, -0.38399483149471614, -0.09158776311043426, 0.566381398366856, -0.5040685191877565, 0.9863068605735925, 0.22945817299360227, -0.23885249747734671, -0.4238498587338424, -0.9852064868485833, 0.46238578181088474, 0.1894940556806839, 0.2243924691641488, -0.6350352127517367, 0.7257004753251843, -0.12101817609267695, 0.46947719596998927, 0.5912786774390069, -0.4937456508476066, -0.5050094688377715, -0.35263135353218344, -0.55658810999562, 0.5059804267621095, -0.8783553153443777, -0.9377620025126683, -0.00990028043492295, -0.375268883670413, -0.6353150516888602, -0.677079649297146, 0.02529061221383344, 0.8429831045332454, -0.3194102502203675, 0.5651773356860539, -0.3286601242216839, -0.7692288745549143, -0.8842696155429548, 0.9137024809859193, 0.9655585300623293, 0.5491580222716645, 0.6151617939074814, 0.6107914783453865, -0.6358775389588269, 0.24077008758024032, -0.988147309906787, -0.8676540602868119, -0.901142193887901, -0.3260131388751301, 0.055021241370437846, 0.478153216881092, -0.06859510359726917, -0.17131550992746836, -0.9063853520405942, 0.10029717028526353, 0.6277588923150683, -0.7695533219306632, -0.7653946825733102, -0.6443886023617931, 0.16533746294397567, -0.0458720227523115, 0.9110504025058845, -0.4567406010245836, -0.04956120379403739, -0.8482081355119695, 0.34135667841108264, 0.3137493136963043, 0.1417954471588565, -0.2556262459452101]
1019.8944702148438	(8, 12, 2)	[-0.5294813993014558, 0.21472123819425626, 0.8044219983755143, 0.37379511774233776, 0.27994350006960866, 0.27159298197197, -0.32464986419044783, -0.12242199823378441, -0.1589900959635795, -0.3748289682708059, 0.7368392963162611, -0.49992503245376196, 0.7871002108346097, 0.06562074550244068, -0.030224221614382207, 0.869423647003658, -0.23350104840292407, -0.7990395417266241, 0.3126554327956108, 0.050096518266478984, -0.1494421444074987, -0.7751357230727987, -0.6561562036543553, -0.8247691433396549, -0.2810728182977804, -0.41543488381213667, -0.1457971234490707, 0.7222244546634122, -0.8936267498051556, 0.3858771228233062, 0.5221860062225967, 0.20736643843696134, -0.40932881840417035, -0.5579120623049532, 0.6226567186319467, 0.1591413198057272, 0.7955580161156144, 0.20509496549446116, -0.773030083152471, 0.724227623819945, -0.691427052696814, 0.1542251119465916, 0.40264764700225775, -0.40049705062810026, -0.7949721590253698, -0.2436646859489815, -0.39260442320427913, -0.6866586650703899, -0.30604421501061774, -0.03428765656348598, -0.18188170113168178, -0.9569534540662619, 0.05979991557056996, 0.7556895685516276, 0.8024243283452737, 0.10407882743910846, 0.6133145909976288, -0.5404169423594569, 0.9863068605735925, 0.9267943157550713, 0.09492889616757427, -0.6671716236580549, -0.9852064868485833, -0.8674550827282541, 0.1894940556806839, -0.3714545961382965, -0.6350352127517367, 0.38476540298584205, 0.06151396346348492, 0.5734066860495011, 0.5514717694596978, -0.9920890136217277, -0.5050094688377715, -0.18853760849014875, -0.8156251467285758, -0.12280307900336274, 0.8565482363591959, 0.3343333171396867, -0.8123433769415436, 0.1577397192061334, 0.8572139145290598, -0.677079649297146, 0.02529061221383344, 0.4709745202376199, 0.5561737826634838, -0.7567161301039738, -0.6566107400876133, -0.57350748671511, 0.978008836537007, 0.10459294935009678, 0.35261110950052266, 0.45672893480328525, 0.6151617939074814, 0.6107914783453865, -0.025727640263590423, 0.24077008758024032, -0.42439758869660793, -0.8580540331921225, 0.3316898723558859, -0.3260131388751301, 0.001475185120273892, 0.916954583399822, 0.18024569231572185, -0.8520267010437848, 0.3411994090532864, 0.874064498198639, -0.8793876490737838, 0.05280028141718507, 0.7988659454082825, -0.14775077977706386, -0.8034005688918271, 0.6375689236029398, 0.41449342826335966, -0.4567406010245836, 0.6461802935049212, 0.7044227786005284, 0.07529249142945527, -0.9637144791417913, -0.5242615260409365, -0.859499177073842]
1019.8845825195312	(8, 12, 2)	[-0.5294813993014558, 0.21472123819425626, 0.8044219983755143, 0.37379511774233776, 0.27994350006960866, 0.27159298197197, -0.32464986419044783, -0.12242199823378441, -0.1589900959635795, -0.3748289682708059, 0.7368392963162611, -0.49992503245376196, 0.7871002108346097, 0.06562074550244068, -0.030224221614382207, 0.869423647003658, -0.23350104840292407, -0.7990395417266241, 0.3126554327956108, 0.050096518266478984, -0.1494421444074987, -0.7751357230727987, -0.6561562036543553, -0.8247691433396549, -0.2810728182977804, -0.41543488381213667, -0.1457971234490707, 0.7222244546634122, -0.8936267498051556, 0.3858771228233062, 0.5221860062225967, 0.20736643843696134, -0.40932881840417035, -0.5579120623049532, 0.6226567186319467, 0.1591413198057272, 0.7955580161156144, 0.20509496549446116, -0.773030083152471, 0.724227623819945, -0.691427052696814, 0.1542251119465916, 0.40264764700225775, -0.40049705062810026, -0.7949721590253698, -0.2436646859489815, -0.39260442320427913, -0.6866586650703899, -0.30604421501061774, -0.03428765656348598, -0.18188170113168178, -0.9569534540662619, 0.05979991557056996, 0.7556895685516276, 0.8024243283452737, 0.10407882743910846, 0.6133145909976288, -0.5404169423594569, 0.9863068605735925, 0.9267943157550713, 0.09492889616757427, -0.6671716236580549, -0.9852064868485833, -0.8674550827282541, 0.1894940556806839, -0.3714545961382965, -0.6350352127517367, 0.38476540298584205, 0.06151396346348492, 0.5734066860495011, 0.5514717694596978, -0.9920890136217277, -0.5050094688377715, -0.18853760849014875, -0.8156251467285758, -0.12280307900336274, 0.8565482363591959, 0.3343333171396867, -0.8123433769415436, 0.1577397192061334, 0.8572139145290598, -0.677079649297146, 0.02529061221383344, 0.4709745202376199, 0.5561737826634838, -0.7567161301039738, -0.6566107400876133, -0.57350748671511, 0.978008836537007, 0.10459294935009678, 0.35261110950052266, 0.45672893480328525, 0.6151617939074814, 0.6107914783453865, -0.025727640263590423, 0.24077008758024032, -0.42439758869660793, -0.8580540331921225, 0.3316898723558859, -0.3260131388751301, 0.001475185120273892, 0.916954583399822, 0.18024569231572185, -0.8520267010437848, 0.3411994090532864, 0.874064498198639, -0.8793876490737838, 0.05280028141718507, 0.7988659454082825, -0.14775077977706386, -0.8034005688918271, 0.6375689236029398, 0.41449342826335966, -0.4567406010245836, 0.6461802935049212, 0.7044227786005284, 0.07529249142945527, -0.9637144791417913, -0.5242615260409365, -0.859499177073842]
1019.9418334960938	(8, 12, 2)	[-0.417326505508842, -0.15429970313626717, 0.8044219983755143, 0.870760181286419, 0.5527500264649268, 0.27159298197197, -0.32464986419044783, -0.12242199823378441, -0.1589900959635795, -0.19822968038763844, 0.009421557222242471, -0.5296953025246802, -0.23097815851506676, -0.589424151546659, 0.14164558856532317, 0.2381791452796198, -0.5453539360158719, -0.6464847618694598, -0.2901907006612363, -0.052497061507262646, 0.01531387969322262, -0.7751357230727987, -0.7940694911362285, -0.8082097216026897, 0.5990354500644259, -0.214302254200758, -0.9947894563366351, 0.9653295821794166, -0.812504270917251, -0.6811179530559672, 0.5221860062225967, 0.7340008273878595, 0.026577680831094463, -0.5579120623049532, 0.0006956224097192099, 0.1591413198057272, -0.5164747450221523, -0.7270512228455954, -0.8215744364327455, -0.9615816837320585, 0.7367009474320909, 0.8063400330923729, 0.40264764700225775, -0.40049705062810026, 0.24948707028357142, -0.48697990081410797, 0.053277562539695955, -0.6866586650703899, -0.5934453041809756, -0.22927999693788803, -0.17012580019154844, -0.5756716619237028, 0.05979991557056996, 0.33007129868183616, 0.9937794417808945, 0.10407882743910846, 0.1352257719924086, 0.7506480254419783, 0.9863068605735925, -0.6332118874606023, -0.23885249747734671, -0.3103132187927446, 0.8031612153532159, -0.8674550827282541, 0.18668894810158654, 0.3466459837787099, -0.012352697786670808, 0.35111641613761624, -0.12101817609267695, 0.46947719596998927, 0.5514717694596978, -0.04556070660232092, -0.8808121664532069, 0.8219216302246326, -0.55658810999562, -0.12280307900336274, -0.8122528266083278, -0.10183233219806831, 0.0821791164475838, 0.1577397192061334, 0.6376265821685898, -0.1774372671133031, -0.4459972890043806, 0.4709745202376199, 0.9603808820068596, 0.4865743437155583, -0.9136908687723049, -0.7692288745549143, -0.8028881373802572, 0.10459294935009678, 0.35261110950052266, 0.8478076624724491, -0.2890980909071088, 0.2072569809205005, -0.7561343530854729, 0.14797668995786817, -0.49537568239951457, -0.8580540331921225, 0.24955230207398915, -1.0, 0.055021241370437846, 0.8125495536254699, -0.06859510359726917, -0.8520267010437848, -0.9063853520405942, 0.11073327162948432, 1.0, -0.1038507569588778, -0.2729545200645424, 0.55361526148478, -0.2540806695519453, -0.0458720227523115, 0.220687769949236, -0.6772030241014926, 0.6461802935049212, -0.7276907880712336, 0.07529249142945527, 0.3137493136963043, -0.7367969974558768, 0.681936414781319]
1019.756103515625	(8, 12, 2)	[-0.6597107617587559, -0.09857403512191265, 0.8316887451476968, 0.9130966457729548, 0.29802818745650467, 0.27159298197197, -0.32464986419044783, 0.4880828620742894, 0.606050042779507, -0.19822968038763844, -0.013539816192780885, 0.47453113471043973, -0.4915674511363102, -0.589424151546659, -0.030224221614382207, -0.22689523422413882, -0.8836181008371218, -0.4091532464309206, -0.021742024284143013, -0.06139413280643269, 0.4355660036310163, -0.4638489600811888, 0.01328241318535972, -0.7230638525871875, 0.29882438449498094, -0.8437788548460043, -0.13868987257901666, 0.9653295821794166, -0.6909748770388087, 0.6992835899434213, -0.9146354093425, 0.21187915729310536, -0.40932881840417035, -0.5579120623049532, 0.2898567086694017, -0.6507353752784095, -0.5164747450221523, -0.7270512228455954, -0.773030083152471, -0.9615816837320585, 0.7367009474320909, -0.3201318898716208, 0.40264764700225775, -0.3006579234164346, -0.7949721590253698, -0.5666240245029157, 0.07775169678036975, -0.6866586650703899, -0.3558849812036813, -0.03428765656348598, 0.5798673335142128, -0.8705526260622302, 0.05979991557056996, 0.42232322361422503, 0.9937794417808945, 0.10407882743910846, 0.566381398366856, -0.5404169423594569, 0.9981456842814228, -0.6332118874606023, -0.8176016933552304, -0.04381553176650255, -0.8233493932263609, -0.8674550827282541, 0.5701067038241214, 0.2243924691641488, 0.20429024119105588, -0.44979791753356224, -0.8420387262917053, 0.14851401784118443, 0.4333662437422501, -0.032383921757068945, -0.5050094688377715, 0.3870101276483404, -0.55658810999562, -0.12280307900336274, -0.21945938449396385, 0.3343333171396867, -0.04158469524143116, -0.375268883670413, 0.6376265821685898, -0.677079649297146, 0.5815879331063207, 0.6342118250422062, -0.3194102502203675, 0.4865743437155583, -0.3286601242216839, 0.48266157623192973, -0.8028881373802572, 0.9759719023212323, 0.35261110950052266, 0.3769262910130151, 0.6151617939074814, 0.2072569809205005, -0.6358775389588269, 0.7438763818582059, -0.49537568239951457, -0.8580540331921225, -0.901142193887901, 0.968058442581019, 0.055021241370437846, 0.8125495536254699, 0.14893272544656133, -0.17131550992746836, -0.9063853520405942, -0.07410698980697394, -0.8793876490737838, -0.7695533219306632, 0.7988659454082825, -0.6443886023617931, 0.16533746294397567, 0.6375689236029398, -0.4281833860147668, -0.27238076680088463, -0.04956120379403739, -0.8482081355119695, 0.07529249142945527, -0.4182581722800722, -0.32101321693674034, 0.9782339355589722]
1019.9302978515625	(8, 12, 2)	[-0.417326505508842, -0.15429970313626717, 0.02102611985575953, 0.37379511774233776, 0.5527500264649268, 0.27159298197197, -0.32464986419044783, -0.12242199823378441, -0.1589900959635795, -0.3748289682708059, 0.009421557222242471, -0.5296953025246802, -0.23097815851506676, -0.589424151546659, 0.14164558856532317, 0.2381791452796198, -0.23350104840292407, -0.6464847618694598, -0.2901907006612363, 0.050096518266478984, 0.01531387969322262, -0.7751357230727987, -0.5476336076991697, -0.8082097216026897, 0.5990354500644259, -0.214302254200758, -0.1457971234490707, 0.9653295821794166, -0.812504270917251, -0.6811179530559672, 0.5221860062225967, 0.7340008273878595, 0.026577680831094463, -0.5579120623049532, 0.059075275715237296, 0.1591413198057272, 0.7955580161156144, -0.7270512228455954, -0.8215744364327455, -0.832613633084649, 0.7367009474320909, 0.8063400330923729, 0.40264764700225775, -0.40049705062810026, -0.7949721590253698, -0.2436646859489815, -0.349420505412748, -0.6866586650703899, -0.7206772915256363, -0.22927999693788803, -0.17012580019154844, -0.5756716619237028, 0.05979991557056996, 0.33007129868183616, -0.13788047144772864, 0.10407882743910846, 0.1352257719924086, 0.7506480254419783, 0.9863068605735925, 0.9267943157550713, -0.23885249747734671, -0.4238498587338424, -0.9852064868485833, 0.46238578181088474, 0.18668894810158654, 0.3466459837787099, -0.6350352127517367, 0.3849222718662793, -0.12101817609267695, 0.46947719596998927, 0.5514717694596978, -0.04556070660232092, -0.5050094688377715, -0.35263135353218344, -0.55658810999562, -0.12280307900336274, -0.21945938449396385, -0.10183233219806831, 0.0821791164475838, 0.1577397192061334, 0.6376265821685898, -0.1774372671133031, -0.4459972890043806, 0.4709745202376199, 0.9603808820068596, 0.5651773356860539, -0.9136908687723049, -0.6393416621807766, -0.8842696155429548, 0.4682920131500854, 0.35261110950052266, 0.5491580222716645, 0.5392876690691121, 0.2072569809205005, 0.9504627676829649, 0.14797668995786817, -0.49537568239951457, -0.8580540331921225, 0.24955230207398915, -0.2295062412430479, 0.055021241370437846, 0.8125495536254699, -0.06859510359726917, -0.21167117377580125, -0.9063853520405942, 0.11073327162948432, -0.8793876490737838, -0.6715966505488005, -0.2729545200645424, 0.55361526148478, -0.2540806695519453, 0.6375689236029398, 0.220687769949236, -0.4567406010245836, 0.6461802935049212, -0.8482081355119695, 0.07529249142945527, 0.3137493136963043, -0.7367969974558768, 0.681936414781319]
1019.955078125	(8, 12, 2)	[-0.5294813993014558, 0.6977948207108655, 0.02102611985575953, -0.12689900340638705, 0.4532763290705786, 0.27159298197197, -0.08593760881469883, -0.12242199823378441, -0.1589900959635795, -0.3109086240878026, 0.9103558365093294, -0.5296953025246802, 0.14280150804639247, -0.589424151546659, -0.030224221614382207, 0.869423647003658, -0.5453539360158719, -0.6464847618694598, 0.29061298163161053, 0.050096518266478984, 0.01531387969322262, -0.16942715880695958, -0.5476336076991697, -0.030690666150974266, 0.29882438449498094, -0.41543488381213667, -0.9947894563366351, 0.21939900916839705, -0.5155457387259677, 0.6992835899434213, 0.5221860062225967, 0.20736643843696134, 0.5071591162926716, -0.5579120623049532, 0.2898567086694017, -0.1688409358856282, 0.7955580161156144, -0.7270512228455954, -0.5219464397898548, 0.724227623819945, 0.7508133476451518, 0.8990909060647391, 0.40264764700225775, -0.40049705062810026, -0.5161545555881981, -0.48697990081410797, 0.07775169678036975, -0.6866586650703899, -0.0480413043830894, 0.663227854554512, -0.18188170113168178, -0.9569534540662619, 0.3160884228344678, 0.7556895685516276, 0.37905653008388906, 0.09542116249996062, 0.6133145909976288, -0.006531793480856668, 0.9863068605735925, 0.9267943157550713, 0.5655643832802515, 0.6490550311688019, 0.8031612153532159, 0.05271645909712963, 0.8563560407108624, -0.1532964813707156, 0.8373777823255357, 0.38476540298584205, 0.8170189658442646, 0.46947719596998927, 0.5514717694596978, 0.8028333732041009, -0.8808121664532069, -0.35263135353218344, -0.55658810999562, 0.07695136767665733, -0.21945938449396385, -0.9377620025126683, -0.8123433769415436, -0.7029825007200725, -0.5300673789162511, -0.9491899560182264, 0.02529061221383344, 0.6342118250422062, -0.813193854612833, 0.5651773356860539, 0.10922004269079791, -0.57350748671511, -0.8842696155429548, 0.4682920131500854, 0.9655585300623293, 0.8478076624724491, 0.5392876690691121, 0.2072569809205005, 0.9504627676829649, 0.24077008758024032, -0.988147309906787, -0.8676540602868119, 0.47763224788025127, -0.5415113403380829, 0.001475185120273892, 0.8125495536254699, -0.7359823601951838, -0.21167117377580125, 0.3411994090532864, -0.07410698980697394, 0.6277588923150683, -0.2658138750262724, 0.19463564411603596, 0.55361526148478, -0.2540806695519453, 0.6375689236029398, 0.9110504025058845, -0.6772030241014926, -0.8555760702158678, -0.8482081355119695, 0.07529249142945527, -0.9637144791417913, 0.1417954471588565, 0.9782339355589722]
1019.928955078125	(8, 12, 2)	[-0.5294813993014558, -0.09857403512191265, 0.8316887451476968, 0.37379511774233776, -0.22860719036259924, 0.4962743981642914, -0.08593760881469883, 0.4880828620742894, 0.606050042779507, -0.17279226678469403, 0.009421557222242471, -0.5296953025246802, -0.23097815851506676, 0.017379538139245865, -0.030224221614382207, 0.869423647003658, -0.8836181008371218, -0.6464847618694598, 0.29061298163161053, 0.050096518266478984, -0.23687107065087565, -0.20256318679958918, -0.5476336076991697, -0.016646778857320355, 0.29882438449498094, -0.3778008909397106, -0.1457971234490707, 0.21939900916839705, -0.812504270917251, 0.6992835899434213, 0.5221860062225967, 0.20736643843696134, 0.5090957206291307, -0.5579120623049532, 0.059075275715237296, -0.20488713580421258, -0.49105047625516596, -0.7270512228455954, -0.5219464397898548, -0.9615816837320585, -0.691427052696814, 0.8990909060647391, 0.40264764700225775, -0.40049705062810026, -0.7949721590253698, 0.13563024244693186, 0.07775169678036975, 0.5255738956454139, 0.1414393114325343, 0.9055993124732087, -0.02588428090685871, -0.19482641405732548, 0.3160884228344678, 0.7556895685516276, -0.13788047144772864, 0.10407882743910846, 0.566381398366856, -0.08253779131891625, 0.9863068605735925, -0.2839813601435266, -0.23885249747734671, -0.4238498587338424, -0.9852064868485833, 0.05271645909712963, -0.17336007182373225, 0.37346962754648844, -0.6350352127517367, 0.38476540298584205, 0.8170189658442646, 0.46947719596998927, -0.5596610800689481, -0.9920890136217277, -0.8808121664532069, 0.8219216302246326, -0.55658810999562, 0.07695136767665733, -0.8122528266083278, -0.9377620025126683, 0.09825901951244576, -0.375268883670413, -0.5300673789162511, -0.9491899560182264, 0.02529061221383344, 0.31243060714982884, -0.33031167609516304, 0.5651773356860539, 0.6651669312215771, 0.48266157623192973, -0.8842696155429548, 0.4682920131500854, 0.9655585300623293, 0.3769262910130151, 0.5392876690691121, -0.3120906356320628, 0.9504627676829649, -0.4915092317333891, -0.988147309906787, -0.8676540602868119, -0.901142193887901, 0.968058442581019, -0.12003178816661664, -0.10674883845641459, -0.2936586809581003, -0.21167117377580125, -0.9063853520405942, 0.6491649872934966, -0.8793876490737838, -0.2658138750262724, 0.19463564411603596, -0.6443886023617931, -0.2540806695519453, -0.0458720227523115, 0.220687769949236, -0.27238076680088463, -0.8555760702158678, -0.7276907880712336, 0.1684709233889826, -0.4182581722800722, -0.5242615260409365, 0.8369541593907368]
1019.9429931640625	(8, 12, 2)	[-0.417326505508842, -0.09857403512191265, 0.8044219983755143, 0.9130966457729548, 0.6102469648223185, -0.6424832748814104, -0.9047680141109201, -0.12242199823378441, 0.606050042779507, -0.7025379936283844, 0.009421557222242471, -0.9595863822087682, -0.4915674511363102, 0.06562074550244068, -0.030224221614382207, 0.07461155180319423, -0.5453539360158719, -0.584727639808194, 0.41159201224746034, -0.8541485120645798, 0.4355660036310163, -0.7751357230727987, 0.01328241318535972, -0.8247691433396549, 0.14466339283294727, -0.214302254200758, 0.6464697848637315, 0.9653295821794166, -0.812504270917251, -0.05239611397423971, 0.32057466482193475, 0.20736643843696134, 0.5090957206291307, -0.07989046878139572, 0.2898567086694017, -0.20488713580421258, -0.49105047625516596, -0.7363096405483379, -0.7978886898186953, -0.9615816837320585, -0.691427052696814, 0.8063400330923729, 0.40264764700225775, -0.40049705062810026, -0.7810695607328972, -0.2436646859489815, -0.39260442320427913, 0.19012476433214798, -0.3558849812036813, -0.34716937135386083, -0.17012580019154844, -0.3619342759708566, 0.12748631789271325, 0.42232322361422503, 0.9937794417808945, -0.9071949403461115, 0.566381398366856, -0.5040685191877565, 0.9863068605735925, -0.3247842929676259, -0.9956140124306437, -0.3103132187927446, -0.9852064868485833, -0.8674550827282541, 0.0775779130299814, 0.2243924691641488, -0.012352697786670808, 0.35111641613761624, -0.8420387262917053, 0.46947719596998927, 0.5514717694596978, -0.02639696961031382, -0.5050094688377715, 0.3870101276483404, -0.55658810999562, 0.07695136767665733, 0.16873544899117388, -0.10183233219806831, 0.8552109586141861, -0.2903807749452881, 0.6376265821685898, -0.677079649297146, 0.02529061221383344, 0.31243060714982884, -0.8794026406630606, -0.4864414193913371, 0.6651669312215771, -0.57350748671511, -0.8028881373802572, 0.10459294935009678, 0.9655585300623293, 0.8478076624724491, -0.2890980909071088, 0.2072569809205005, -0.7561343530854729, 0.7438763818582059, -0.49537568239951457, 0.9120388190883513, 0.47763224788025127, 0.2503890496096661, -0.12003178816661664, 0.8125495536254699, -0.2936586809581003, -0.3333357497241605, -0.6948302338765822, -0.07410698980697394, 1.0, -0.1038507569588778, -0.2241831285651894, 0.55361526148478, 0.16533746294397567, 0.6375689236029398, -0.11967470727808993, -0.6772030241014926, 0.6461802935049212, 0.7044227786005284, 0.2234505346764868, 0.8776252402711995, -0.1142201494392121, 0.9159969909509316]
1019.8585205078125	(8, 12, 2)	[-0.5294813993014558, -0.09857403512191265, 0.7919073559864019, 0.870760181286419, 0.27994350006960866, -0.20082861467788993, -0.08593760881469883, 0.775169505774397, -0.1589900959635795, -0.19822968038763844, -0.013539816192780885, -0.5296953025246802, -0.4915674511363102, -0.589424151546659, -0.8746825798117552, 0.869423647003658, -0.5453539360158719, -0.6464847618694598, -0.2901907006612363, -0.8541485120645798, -0.23687107065087565, -0.7751357230727987, 0.01328241318535972, -0.8247691433396549, 0.5990354500644259, 0.6022671359927567, -0.1457971234490707, 0.21939900916839705, -0.812504270917251, 0.6992835899434213, 0.5221860062225967, 0.20736643843696134, 0.5071591162926716, -0.44396615853077237, 0.2898567086694017, -0.6507353752784095, -0.49105047625516596, -0.7270512228455954, -0.8215744364327455, -0.9615816837320585, -0.2906415705150347, 0.8990909060647391, 0.40264764700225775, -0.40049705062810026, 0.12591287001842955, -0.518047563239729, -0.39260442320427913, 0.5255738956454139, -0.30604421501061774, 0.8616060947032129, -0.18188170113168178, -0.19482641405732548, 0.3160884228344678, 0.33007129868183616, 0.8024243283452737, 0.10407882743910846, 0.566381398366856, -0.5404169423594569, 0.3998658446511627, 0.9267943157550713, -0.23885249747734671, -0.4238498587338424, -0.8233493932263609, 0.46238578181088474, -0.17336007182373225, -0.1532964813707156, 0.8373777823255357, 0.38476540298584205, 0.8170189658442646, 0.46947719596998927, -0.5596610800689481, 0.8028333732041009, -0.8808121664532069, 0.3870101276483404, -0.22068541814071874, -0.12280307900336274, -0.8122528266083278, -0.9377620025126683, -0.8123433769415436, 0.1577397192061334, 0.5744441863203278, -0.677079649297146, 0.5815879331063207, 0.4709745202376199, 0.9603808820068596, 0.5651773356860539, 0.6651669312215771, -0.7692288745549143, -0.4460743330375685, 0.9759719023212323, 0.9655585300623293, 0.5491580222716645, 0.9377458884091754, 0.2072569809205005, -0.7561343530854729, 0.20249596840209527, -0.49537568239951457, -0.8676540602868119, 0.47763224788025127, -0.5415113403380829, -0.12003178816661664, -0.10674883845641459, -0.7359823601951838, -0.21167117377580125, 0.3411994090532864, -0.07410698980697394, -0.8793876490737838, -0.7695533219306632, 0.7988659454082825, 0.55361526148478, -0.2540806695519453, -0.0458720227523115, 0.9110504025058845, -0.4567406010245836, 0.6461802935049212, -0.7276907880712336, 0.07529249142945527, 0.3137493136963043, -0.32101321693674034, 0.9782339355589722]
1019.8651733398438	(8, 12, 2)	[-0.417326505508842, -0.09857403512191265, 0.02102611985575953, 0.870760181286419, 0.5527500264649268, 0.27159298197197, 0.6264636891515681, 0.775169505774397, -0.1589900959635795, -0.3109086240878026, -0.013539816192780885, 0.5768384847618333, 0.7871002108346097, 0.06562074550244068, -0.030224221614382207, 0.869423647003658, -0.8836181008371218, -0.6464847618694598, 0.41159201224746034, -0.8541485120645798, -0.23687107065087565, -0.7751357230727987, -0.72201577595585, -0.7230638525871875, 0.21505238145744834, -0.8437788548460043, -0.9947894563366351, 0.21939900916839705, -0.4026653926552193, 0.3858771228233062, 0.5221860062225967, 0.20736643843696134, 0.5071591162926716, -0.5579120623049532, 0.2898567086694017, -0.6012057880890993, -0.49105047625516596, -0.7270512228455954, -0.773030083152471, -0.9615816837320585, 0.7367009474320909, 0.8990909060647391, 0.40264764700225775, 0.8591111164611951, -0.7949721590253698, -0.5666240245029157, -0.39260442320427913, 0.5255738956454139, -0.30604421501061774, -0.22927999693788803, 0.5336879398813053, -0.34810317262976853, 0.3160884228344678, 0.33007129868183616, 0.8024243283452737, -0.9071949403461115, 0.1352257719924086, -0.5040685191877565, 0.9828946700209342, 0.4337150758079569, -0.23885249747734671, -0.4238498587338424, 0.8031612153532159, -0.8674550827282541, 0.1894940556806839, 0.3466459837787099, -0.6656227959529978, 0.7257004753251843, -0.8420387262917053, 0.46947719596998927, 0.5514717694596978, 0.9155323819060082, -0.8808121664532069, -0.35263135353218344, -0.55658810999562, -0.12280307900336274, -0.21945938449396385, -0.41323617799488943, -0.8123433769415436, -0.375268883670413, -0.5300673789162511, -0.6027444229276775, -0.4459972890043806, 0.31243060714982884, -0.2207273186945667, 0.4865743437155583, 0.10922004269079791, -0.57350748671511, -0.8028881373802572, 0.10459294935009678, 0.9655585300623293, 0.5628688853021127, -0.2890980909071088, -0.9031090973159168, -0.6358775389588269, 0.14797668995786817, -0.49537568239951457, -0.8676540602868119, 0.47763224788025127, -0.5415113403380829, 0.001475185120273892, 0.8125495536254699, -0.2936586809581003, -0.3333357497241605, -0.25370621245538927, -0.07410698980697394, 0.6277588923150683, -0.7695533219306632, -0.7653946825733102, 0.55361526148478, -0.9932448682688447, -0.0458720227523115, -0.37740692023044775, -0.08311822026354054, 0.6461802935049212, -0.7276907880712336, 0.07529249142945527, -0.9637144791417913, 0.1417954471588565, 0.8369541593907368]
1019.8788452148438	(8, 12, 2)	[-0.417326505508842, -0.09857403512191265, 0.8044219983755143, 0.9130966457729548, 0.6102469648223185, -0.20082861467788993, -0.860179985791794, -0.12242199823378441, -0.1589900959635795, -0.7025379936283844, 0.009421557222242471, -0.5296953025246802, -0.23097815851506676, 0.017379538139245865, -0.22682377867755105, 0.869423647003658, -0.8836181008371218, -0.6464847618694598, 0.29061298163161053, 0.09918896771436875, 0.01531387969322262, -0.7751357230727987, 0.01328241318535972, -0.8247691433396549, 0.29882438449498094, 0.6022671359927567, -0.13868987257901666, 0.9653295821794166, -0.4026653926552193, -0.05239611397423971, 0.5221860062225967, 0.20736643843696134, 0.5090957206291307, -0.5579120623049532, 0.0006956224097192099, 0.1591413198057272, -0.49105047625516596, -0.7270512228455954, -0.8215744364327455, -0.832613633084649, -0.691427052696814, 0.8990909060647391, 0.40264764700225775, -0.40049705062810026, 0.12591287001842955, 0.18815566282594065, 0.053277562539695955, 0.5255738956454139, -0.30604421501061774, 0.9055993124732087, -0.18188170113168178, -0.19482641405732548, 0.3160884228344678, 0.3818913040182762, 0.9937794417808945, 0.10407882743910846, 0.566381398366856, -0.5040685191877565, 0.9863068605735925, 0.9267943157550713, -0.23885249747734671, -0.4238498587338424, -0.9852064868485833, 0.46238578181088474, 0.0775779130299814, 0.3466459837787099, -0.012352697786670808, 0.38476540298584205, 0.8170189658442646, 0.46947719596998927, 0.4333662437422501, 0.8028333732041009, -0.8808121664532069, 0.3870101276483404, -0.55658810999562, 0.07695136767665733, -0.8783553153443777, -0.9377620025126683, 0.09825901951244576, -0.375268883670413, -0.5300673789162511, -0.677079649297146, 0.02529061221383344, 0.2955638217395503, -0.3194102502203675, -0.4864414193913371, 0.6651669312215771, -0.6393416621807766, -0.7291298870517149, 0.4682920131500854, 0.35261110950052266, 0.5491580222716645, 0.9377458884091754, 0.17952368574458027, -0.6358775389588269, -0.4915092317333891, -0.49537568239951457, -0.8580540331921225, 0.3124036291908464, 0.968058442581019, 0.001475185120273892, 0.6743046443009592, -0.2936586809581003, -0.21167117377580125, 0.3411994090532864, 0.060917466186762415, 1.0, -0.1038507569588778, 0.6063638525121398, -0.6443886023617931, -0.2540806695519453, -0.0458720227523115, -0.37740692023044775, -0.6772030241014926, 0.6461802935049212, -0.7276907880712336, 0.2234505346764868, -0.4182581722800722, -0.1142201494392121, 0.9159969909509316]
1019.962646484375	(8, 12, 2)	[-0.417326505508842, -0.09857403512191265, 0.8044219983755143, 0.9130966457729548, 0.6102469648223185, -0.4437117191644422, -0.9047680141109201, 0.4880828620742894, -0.1589900959635795, -0.7025379936283844, 0.009421557222242471, -0.5296953025246802, -0.23097815851506676, -0.589424151546659, -0.22682377867755105, 0.07461155180319423, -0.8836181008371218, -0.6464847618694598, 0.29061298163161053, 0.09918896771436875, 0.01531387969322262, -0.7262893619680084, 0.01328241318535972, -0.8247691433396549, 0.4726646083384113, 0.6022671359927567, -0.13868987257901666, 0.9653295821794166, -0.6909748770388087, -0.05239611397423971, 0.32057466482193475, 0.7340008273878595, 0.5090957206291307, -0.5579120623049532, 0.2898567086694017, -0.20488713580421258, -0.49105047625516596, -0.7270512228455954, -0.79562238086154, -0.832613633084649, -0.691427052696814, 0.8990909060647391, 0.40264764700225775, -0.40049705062810026, -0.7810695607328972, 0.12908078467690687, 0.1154112665269719, 0.5255738956454139, -0.3558849812036813, -0.22927999693788803, -0.18188170113168178, -0.19482641405732548, 0.12748631789271325, 0.33007129868183616, 0.37905653008388906, 0.10407882743910846, 0.566381398366856, -0.5040685191877565, 0.9863068605735925, -0.3247842929676259, 0.5655643832802515, -0.3103132187927446, 0.663888690644534, -0.8674550827282541, 0.0775779130299814, 0.3466459837787099, -0.9712222485671995, 0.38476540298584205, -0.8420387262917053, 0.46947719596998927, 0.4333662437422501, 0.8028333732041009, -0.664673079647421, 0.3870101276483404, -0.55658810999562, 0.07695136767665733, -0.8783553153443777, -0.2056875563063123, -0.1854713267713536, -0.375268883670413, 0.6376265821685898, -0.677079649297146, 0.02529061221383344, 0.31243060714982884, -0.3194102502203675, -0.4864414193913371, 0.6651669312215771, -0.6393416621807766, -0.8842696155429548, 0.10459294935009678, 1.0, 0.5491580222716645, -0.2890980909071088, 0.2072569809205005, -0.7561343530854729, 0.7438763818582059, -0.5205393675587295, 0.9120388190883513, 0.3124036291908464, 0.2503890496096661, -0.12003178816661664, 0.8125495536254699, -0.2936586809581003, -0.3333357497241605, -0.9063853520405942, 0.060917466186762415, 1.0, -0.6715966505488005, 0.19463564411603596, 0.5451528368624204, 0.5723139144687119, -0.0458720227523115, -0.37740692023044775, -0.6772030241014926, 0.6461802935049212, 0.7044227786005284, 0.2234505346764868, -0.9637144791417913, -0.1142201494392121, 0.8369541593907368]
1019.71826171875	(8, 12, 2)	[0.3111981012357108, -0.09857403512191265, 0.8044219983755143, 0.946619955335133, 0.24885688376791532, -0.20082861467788993, -0.9047680141109201, -0.12242199823378441, 0.606050042779507, -0.3748289682708059, 0.009421557222242471, 0.5768384847618333, -0.4915674511363102, -0.589424151546659, -0.8746825798117552, 0.8139468817743529, -0.8836181008371218, -0.6464847618694598, 0.41159201224746034, -0.8541485120645798, 0.01531387969322262, -0.7751357230727987, 0.01328241318535972, -0.8247691433396549, 0.14466339283294727, -0.214302254200758, 0.6464697848637315, 0.9653295821794166, -0.4026653926552193, 0.6992835899434213, 0.32057466482193475, 0.20736643843696134, -0.40932881840417035, -0.5579120623049532, 0.2898567086694017, -0.20488713580421258, -0.5164747450221523, -0.7363096405483379, -0.7978886898186953, -0.832613633084649, -0.691427052696814, 0.8063400330923729, 0.40264764700225775, -0.40049705062810026, -0.7949721590253698, -0.2436646859489815, -0.3703813989695397, -0.6866586650703899, -0.550319743108679, 0.9055993124732087, -0.17012580019154844, -0.8455452858004969, 0.12748631789271325, 0.7556895685516276, 0.9937794417808945, 0.2881969443770511, 0.6133145909976288, -0.08253779131891625, 0.9863068605735925, -0.2839813601435266, -0.23885249747734671, -0.3103132187927446, 0.6249682508747654, 0.05271645909712963, 0.0775779130299814, 0.2243924691641488, -0.012352697786670808, 0.35111641613761624, -0.8420387262917053, 0.46947719596998927, -0.5596610800689481, -0.032383921757068945, -0.5050094688377715, 0.761560442726374, -0.55658810999562, -0.12280307900336274, 0.16873544899117388, -0.41323617799488943, 0.8552109586141861, 0.08492776607572283, 0.8572139145290598, -0.677079649297146, -0.6350841139030267, 0.6342118250422062, -0.813193854612833, -0.4864414193913371, -0.9136908687723049, -0.6393416621807766, -0.8028881373802572, 0.09303230245769588, -0.027603206522501332, 0.8478076624724491, -0.21293020999076928, 0.2072569809205005, 0.9504627676829649, 0.14797668995786817, -0.49537568239951457, -0.8676540602868119, 0.5546628727342245, -0.04611117824336319, 0.001475185120273892, 0.478153216881092, -0.06859510359726917, -0.21167117377580125, -0.6948302338765822, -0.07410698980697394, -0.8793876490737838, -0.6715966505488005, -0.2241831285651894, 0.55361526148478, -0.008513691231974652, 0.6375689236029398, 0.220687769949236, -0.6772030241014926, 0.6461802935049212, -0.8482081355119695, 0.2234505346764868, 0.8776252402711995, -0.32101321693674034, 0.8369541593907368]
1018.6544799804688	(8, 12, 2)	[0.3111981012357108, -0.09857403512191265, 0.7919073559864019, 0.9130966457729548, 0.29802818745650467, -0.20082861467788993, 0.6264636891515681, -0.12242199823378441, -0.1589900959635795, -0.7837524741182962, -0.013539816192780885, -0.5296953025246802, -0.23097815851506676, -0.589424151546659, -0.2273281916902823, 0.07461155180319423, -0.8836181008371218, -0.7230688556123115, 0.41159201224746034, -0.8541485120645798, 0.01531387969322262, -0.7751357230727987, 0.01328241318535972, -0.8247691433396549, 0.35623571324068204, -0.8437788548460043, -0.1457971234490707, 0.21939900916839705, -0.4026653926552193, -0.05239611397423971, 0.5221860062225967, 0.7340008273878595, 0.5071591162926716, -0.44396615853077237, 0.2898567086694017, -0.6012057880890993, -0.5164747450221523, -0.7363096405483379, -0.69831124909675, -0.9615816837320585, 0.7367009474320909, 0.8063400330923729, 0.40264764700225775, -0.40049705062810026, 0.24948707028357142, -0.5666240245029157, -0.349420505412748, 0.5255738956454139, -0.5934453041809756, -0.22927999693788803, -0.17012580019154844, -0.7991176071870928, 0.3160884228344678, 0.2397361318716324, -0.9079483904272281, -0.9071949403461115, 0.9985595420205207, 0.7506480254419783, 0.3998658446511627, 0.4337150758079569, -0.9956140124306437, -0.04381553176650255, -0.9852064868485833, 0.16159754089413517, 0.18668894810158654, 0.3466459837787099, -0.6350352127517367, 0.8912154760983653, -0.8420387262917053, 0.46947719596998927, 0.4333662437422501, 0.8028333732041009, -0.8808121664532069, 0.8219216302246326, -0.22068541814071874, 0.07695136767665733, -0.21945938449396385, -0.10183233219806831, -0.981009774030982, -0.375268883670413, -0.5300673789162511, -0.677079649297146, -0.9226757814629314, 0.6342118250422062, -0.35648833683980696, -0.5229188353329581, -0.793738776430345, -0.57350748671511, -0.8028881373802572, 0.10459294935009678, 0.9655585300623293, 0.3769262910130151, -0.2890980909071088, 0.2072569809205005, -0.6358775389588269, -0.4915092317333891, -0.5205393675587295, 0.9120388190883513, 0.47763224788025127, 0.2503890496096661, -0.5331279138739038, -0.041107829035213275, 0.14893272544656133, -0.21167117377580125, -0.9063853520405942, -0.07410698980697394, 1.0, -0.2658138750262724, -0.2546764152977908, 0.55361526148478, -0.2540806695519453, 0.6375689236029398, -0.37740692023044775, -0.18950613733793226, 0.6461802935049212, -0.7276907880712336, 0.1684709233889826, -0.4182581722800722, -0.7367969974558768, 0.8490373025612596]
1018.9847412109375	(8, 12, 2)	[-0.417326505508842, -0.09857403512191265, 0.8044219983755143, 0.9130966457729548, 0.29802818745650467, -0.4437117191644422, -0.9047680141109201, -0.12242199823378441, -0.1589900959635795, -0.7837524741182962, -0.013539816192780885, -0.5296953025246802, -0.4893439901800097, -0.589424151546659, -0.8746825798117552, 0.07461155180319423, -0.8836181008371218, -0.7230688556123115, 0.41159201224746034, -0.8541485120645798, 0.01531387969322262, -0.7751357230727987, 0.01328241318535972, -0.8247691433396549, 0.35623571324068204, -0.8437788548460043, -0.1457971234490707, -0.922174559501727, -0.6909748770388087, 0.6992835899434213, 0.32057466482193475, 0.7340008273878595, 0.5071591162926716, -0.44396615853077237, 0.2898567086694017, -0.20488713580421258, -0.49105047625516596, -0.7270512228455954, -0.79562238086154, -0.9615816837320585, -0.691427052696814, 0.8063400330923729, 0.40264764700225775, -0.40049705062810026, 0.24948707028357142, -0.5666240245029157, 0.07775169678036975, 0.5255738956454139, 0.0057328683320802334, -0.22927999693788803, -0.17012580019154844, -0.7991176071870928, 0.12748631789271325, 0.2397361318716324, -0.9079483904272281, 0.10407882743910846, 0.9985595420205207, -0.5040685191877565, 0.3998658446511627, -0.9747494714425613, -0.9956140124306437, -0.04381553176650255, -0.9852064868485833, 0.16159754089413517, 0.18668894810158654, 0.3466459837787099, -0.9712222485671995, 0.8912154760983653, -0.8420387262917053, 0.46947719596998927, 0.4333662437422501, 0.8028333732041009, -0.8808121664532069, 0.8219216302246326, -0.22068541814071874, 0.07695136767665733, -0.8122528266083278, -0.10183233219806831, -0.1854713267713536, -0.375268883670413, 0.6376265821685898, -0.677079649297146, 0.02529061221383344, 0.31243060714982884, -0.35648833683980696, -0.4864414193913371, -0.793738776430345, 0.3279742123828283, -0.8028881373802572, 0.10459294935009678, 0.9655585300623293, 0.5491580222716645, -0.2890980909071088, -0.9031090973159168, -0.7561343530854729, 0.7438763818582059, -0.5205393675587295, 0.9120388190883513, 0.3124036291908464, 0.2503890496096661, -0.12003178816661664, -0.041107829035213275, -0.2936586809581003, -0.3333357497241605, 0.4012482902898107, 0.060917466186762415, 1.0, -0.6715966505488005, -0.2546764152977908, 0.5451528368624204, 0.5723139144687119, 0.6375689236029398, -0.37740692023044775, -0.18950613733793226, 0.6461802935049212, -0.7276907880712336, 0.1684709233889826, -0.9637144791417913, -0.7367969974558768, 0.8490373025612596]
1019.921142578125	(8, 12, 2)	[-0.5294813993014558, -0.09857403512191265, 0.8044219983755143, 0.8734010604983404, 0.14302229967211524, -0.4437117191644422, -0.9047680141109201, -0.12242199823378441, 0.606050042779507, -0.7025379936283844, -0.013539816192780885, -0.5296953025246802, -0.4915674511363102, -0.589424151546659, 0.3416272955077915, 0.869423647003658, -0.5453539360158719, -0.6464847618694598, 0.41159201224746034, -0.8541485120645798, 0.4355660036310163, -0.7751357230727987, 0.20143014257359887, -0.8247691433396549, 0.29882438449498094, 0.6022671359927567, -0.9947894563366351, -0.922174559501727, -0.812504270917251, -0.05239611397423971, 0.32636583500002464, 0.7340008273878595, 0.5090957206291307, -0.11068683523366063, 0.2898567086694017, -0.5699940665284209, -0.49105047625516596, -0.7270512228455954, -0.8215744364327455, -0.832613633084649, -0.691427052696814, 0.8990909060647391, 0.40264764700225775, -0.40049705062810026, -0.5161545555881981, -0.5666240245029157, -0.39260442320427913, 0.5255738956454139, -0.0480413043830894, 0.8616060947032129, -0.17012580019154844, -0.34810317262976853, 0.3160884228344678, -0.24924474638208285, 0.8024243283452737, -0.8173816243637246, 0.6133145909976288, -0.08253779131891625, 0.9863068605735925, -0.2839813601435266, -0.9956140124306437, -0.4238498587338424, -0.8233493932263609, 0.5378301115343824, 0.0775779130299814, 0.3466459837787099, -0.6350352127517367, 0.38476540298584205, -0.8420387262917053, 0.14851401784118443, -0.4481218379313099, -0.04556070660232092, -0.22178123320516852, 0.8219216302246326, -0.22068541814071874, -0.12280307900336274, -0.8122528266083278, -0.41323617799488943, 0.8552109586141861, -0.375268883670413, -0.5300673789162511, -0.677079649297146, -0.027272133860333482, 0.6342118250422062, -0.813193854612833, 0.5651773356860539, 0.6651669312215771, 0.48266157623192973, -0.4460743330375685, 0.3650975025948229, 0.9655585300623293, 0.3769262910130151, 0.7386776064980058, 0.2072569809205005, -0.7561343530854729, -0.4915092317333891, -0.6341924808687103, -0.8676540602868119, 0.47763224788025127, -0.5415113403380829, -0.5331279138739038, 0.8125495536254699, 0.2065914209880723, -0.17131550992746836, 0.3411994090532864, 0.6491649872934966, 0.6277588923150683, -0.6715966505488005, 0.19463564411603596, 0.55361526148478, 0.16533746294397567, -0.5520350978942579, -0.11967470727808993, -0.08311822026354054, -0.8555760702158678, -0.7276907880712336, 0.2234505346764868, 0.8776252402711995, -0.32101321693674034, 0.8369541593907368]
1019.9442138671875	(8, 12, 2)	[0.3111981012357108, -0.09857403512191265, 0.8316887451476968, 0.37379511774233776, 0.6102469648223185, -0.20082861467788993, -0.9047680141109201, -0.12242199823378441, 0.606050042779507, -0.7837524741182962, 0.009421557222242471, -0.5296953025246802, -0.4915674511363102, -0.589424151546659, -0.2273281916902823, 1.0, -0.8836181008371218, -0.6464847618694598, 0.41159201224746034, -0.8541485120645798, 0.01531387969322262, -0.7751357230727987, 0.01328241318535972, -0.7230638525871875, 0.14466339283294727, -0.8437788548460043, 0.05230248498344614, 0.21939900916839705, -0.6588573971811231, 0.6992835899434213, 0.5221860062225967, 0.20736643843696134, 0.5071591162926716, -0.44396615853077237, 0.2898567086694017, -0.20488713580421258, -0.49105047625516596, -0.10567713089508102, -0.8215744364327455, -0.832613633084649, 0.7367009474320909, 0.21762253406325077, 0.40264764700225775, -0.40049705062810026, -0.7949721590253698, -0.5666240245029157, 0.07775169678036975, 0.5255738956454139, -0.3558849812036813, -0.22927999693788803, -0.17012580019154844, -0.19482641405732548, 0.3160884228344678, 0.3818913040182762, 0.9937794417808945, -0.9071949403461115, 0.566381398366856, -0.08253779131891625, 0.3998658446511627, 0.4337150758079569, -0.0656620515536677, -0.04381553176650255, -0.8233493932263609, 0.16159754089413517, 0.18668894810158654, -0.1532964813707156, -0.012352697786670808, 0.8912154760983653, 0.8170189658442646, 0.46947719596998927, 0.4333662437422501, -0.04556070660232092, -0.22178123320516852, 0.8219216302246326, -0.22068541814071874, 0.07695136767665733, -0.21945938449396385, -0.10183233219806831, -0.1854713267713536, -0.375268883670413, -0.5300673789162511, -0.1774372671133031, -0.9226757814629314, 0.31243060714982884, 0.9603808820068596, -0.4864414193913371, -0.793738776430345, -0.7605379410563792, -0.8842696155429548, 0.10459294935009678, 0.9655585300623293, 0.8478076624724491, -0.2890980909071088, 0.2072569809205005, -0.7561343530854729, 0.20249596840209527, -0.5205393675587295, 0.9120388190883513, 0.47763224788025127, 0.2503890496096661, -0.12003178816661664, 0.8125495536254699, -0.2936586809581003, -0.21167117377580125, -0.6948302338765822, -0.07410698980697394, 1.0, -0.6715966505488005, -0.2729545200645424, 0.55361526148478, -0.008513691231974652, -0.4544676934681403, 0.220687769949236, -0.6772030241014926, -0.8555760702158678, -0.7276907880712336, 0.1684709233889826, 0.3137493136963043, -0.32101321693674034, 0.8369541593907368]
1019.158447265625	(8, 12, 2)	[-0.417326505508842, -0.09857403512191265, 0.8316887451476968, 0.9130966457729548, 0.6102469648223185, 0.27159298197197, 0.6264636891515681, -0.12242199823378441, -0.1589900959635795, 0.5088577644256294, 0.009421557222242471, -0.5296953025246802, -0.4915674511363102, 0.017379538139245865, -0.2273281916902823, 0.07461155180319423, -0.8426572017457872, -0.6464847618694598, 0.41159201224746034, 0.050096518266478984, -0.23687107065087565, -0.7751357230727987, 0.01328241318535972, -0.7230638525871875, 0.29882438449498094, -0.214302254200758, -0.9947894563366351, -0.922174559501727, -0.812504270917251, 0.3858771228233062, 0.32057466482193475, 0.20736643843696134, 0.5090957206291307, -0.44396615853077237, 0.2898567086694017, -0.1688409358856282, -0.49105047625516596, -0.10567713089508102, -0.79562238086154, 0.724227623819945, -0.691427052696814, 0.21762253406325077, 0.40264764700225775, -0.40049705062810026, -0.5161545555881981, 0.12908078467690687, 0.07775169678036975, 0.5255738956454139, -0.3558849812036813, -0.9261201381615374, -0.18188170113168178, -0.19482641405732548, 0.3160884228344678, 0.33007129868183616, -0.13788047144772864, -0.9071949403461115, 0.9985595420205207, -0.5040685191877565, 0.9863068605735925, 0.4337150758079569, -0.878785049210305, -0.3103132187927446, -1.0, 0.46238578181088474, 0.26169548126536957, -0.1532964813707156, -0.9712222485671995, -0.44979791753356224, -0.12101817609267695, 0.14851401784118443, -0.5596610800689481, -0.02639696961031382, -0.8808121664532069, 0.8219216302246326, -0.22068541814071874, 0.07695136767665733, -0.21945938449396385, -0.41323617799488943, -0.1854713267713536, -0.375268883670413, 0.6287795619797341, -0.677079649297146, -0.9226757814629314, 0.31243060714982884, -0.3194102502203675, -0.4864414193913371, -0.9136908687723049, -0.57350748671511, -0.8028881373802572, 0.10459294935009678, 0.35261110950052266, 0.8478076624724491, -0.2890980909071088, 0.2072569809205005, -0.6358775389588269, -0.7233636871405245, -0.5205393675587295, -0.8676540602868119, 0.47763224788025127, -0.04611117824336319, -0.12003178816661664, 0.8125495536254699, -0.2936586809581003, -0.17131550992746836, 0.4012482902898107, -0.07410698980697394, -1.0, -0.6715966505488005, -0.2729545200645424, 0.55361526148478, -0.008513691231974652, -0.0458720227523115, 0.220687769949236, -0.6772030241014926, 0.6461802935049212, -0.7276907880712336, 0.2234505346764868, -0.9637144791417913, 0.3050532604509696, -0.5684767485062532]
1018.2710571289062	(8, 12, 2)	[-0.417326505508842, -0.09857403512191265, 0.8316887451476968, 0.37379511774233776, 0.5527500264649268, -0.20082861467788993, -0.08593760881469883, 0.4880828620742894, 0.606050042779507, -0.2540581107185092, -0.047774494572977194, -0.5296953025246802, -0.4915674511363102, -0.589424151546659, -0.8746825798117552, 0.07461155180319423, -0.7722614687070168, -0.6464847618694598, 0.41159201224746034, -0.8541485120645798, -0.23687107065087565, -0.7751357230727987, 0.01328241318535972, -0.7230638525871875, 0.14466339283294727, -0.3778008909397106, -0.9947894563366351, -0.922174559501727, -0.812504270917251, 0.6992835899434213, 0.32057466482193475, 0.20736643843696134, 0.5071591162926716, -0.44396615853077237, 0.2898567086694017, 0.009540753682928949, -0.49105047625516596, -0.7363096405483379, -0.8215744364327455, -0.832613633084649, 0.7367009474320909, 0.21762253406325077, 0.4047956735449996, -0.40049705062810026, -0.5161545555881981, -0.5666240245029157, -0.39260442320427913, -0.6866586650703899, -0.3558849812036813, -0.9554675603976759, -0.17012580019154844, -0.5756716619237028, 0.3160884228344678, -0.24924474638208285, 0.9937794417808945, -0.9071949403461115, 0.6133145909976288, -0.3168712276498025, 0.9863068605735925, -0.2839813601435266, -0.878785049210305, -0.04381553176650255, -0.8233493932263609, -0.8674550827282541, 0.0775779130299814, 0.2243924691641488, -0.6350352127517367, -0.44979791753356224, 0.8170189658442646, 0.15899161384437596, 0.4333662437422501, 0.8028333732041009, -0.664673079647421, 0.8219216302246326, -0.55658810999562, 0.07695136767665733, -0.21945938449396385, -0.41323617799488943, -0.981009774030982, -0.375268883670413, 0.6376265821685898, -0.677079649297146, 0.02529061221383344, 0.31243060714982884, 0.9603808820068596, -0.4864414193913371, -0.793738776430345, 0.48266157623192973, -0.8028881373802572, 0.09303230245769588, 0.9655585300623293, 0.5628688853021127, -0.2890980909071088, 0.2072569809205005, -0.7561343530854729, 0.20249596840209527, -0.5205393675587295, -0.8676540602868119, 0.46364725513108074, 0.2503890496096661, -0.12003178816661664, -0.041107829035213275, -0.2936586809581003, -0.21167117377580125, -0.7190323983942816, -0.07410698980697394, 0.6748151888775831, -0.5841238652351899, 0.7988659454082825, 0.55361526148478, -0.008513691231974652, 0.6375689236029398, 0.220687769949236, -0.6772030241014926, -0.8555760702158678, 0.7044227786005284, 0.1684709233889826, -0.9637144791417913, -0.1142201494392121, 0.8369541593907368]
1018.4969482421875	(8, 12, 2)	[0.3111981012357108, -0.09857403512191265, 0.7919073559864019, 0.9130966457729548, 0.29802818745650467, -0.4437117191644422, 0.6264636891515681, 0.4880828620742894, 0.606050042779507, -0.7837524741182962, 0.009421557222242471, -0.49992503245376196, -0.4915674511363102, -0.589424151546659, -0.8746825798117552, 0.07461155180319423, -0.5453539360158719, -0.6464847618694598, 0.41159201224746034, -0.8541485120645798, 0.4355660036310163, -0.7751357230727987, 0.20143014257359887, -0.7230638525871875, 0.15119076817378477, -0.3778008909397106, -0.16210548259299398, -0.922174559501727, -0.6909748770388087, 0.6992835899434213, 0.32057466482193475, 0.7340008273878595, 0.5071591162926716, -0.44396615853077237, 0.2898567086694017, -0.20488713580421258, -0.49105047625516596, -0.7270512228455954, -0.8215744364327455, -0.9615816837320585, -0.691427052696814, 0.21762253406325077, 0.40264764700225775, -0.5254989139839682, -0.7810695607328972, -0.5666240245029157, -0.39260442320427913, 0.5255738956454139, -0.550319743108679, 0.8616060947032129, -0.17012580019154844, -0.19482641405732548, 0.05979991557056996, -0.24924474638208285, 0.9937794417808945, 0.32096378382333346, 0.566381398366856, -0.5040685191877565, 0.3998658446511627, -0.9747494714425613, -0.9956140124306437, 0.6490550311688019, 0.663888690644534, -0.8674550827282541, 0.5701067038241214, -0.1532964813707156, -0.6350352127517367, 0.38476540298584205, 0.8170189658442646, 0.46947719596998927, 0.4333662437422501, -0.04556070660232092, -0.18768327230462656, 0.8219216302246326, -0.22068541814071874, -0.12280307900336274, -0.8122528266083278, -0.10183233219806831, -0.1854713267713536, -0.2903807749452881, 0.6376265821685898, -0.1774372671133031, -0.027272133860333482, 0.31243060714982884, 0.9603808820068596, -0.4864414193913371, 0.6480701007390636, -0.7605379410563792, -0.4964035720831042, 0.10459294935009678, 0.35261110950052266, 0.3769262910130151, -0.2890980909071088, 0.2072569809205005, 1.0, 0.20249596840209527, -0.5205393675587295, -0.8676540602868119, 0.47763224788025127, 0.2503890496096661, -0.12003178816661664, 0.8125495536254699, -0.2936586809581003, -0.17131550992746836, 0.3411994090532864, 0.6491649872934966, 0.6748151888775831, -0.6715966505488005, 0.19463564411603596, 0.55361526148478, -0.9932448682688447, -0.4544676934681403, 0.220687769949236, -0.2130920593975495, -0.8555760702158678, 0.7044227786005284, 0.2234505346764868, -0.9637144791417913, -0.1142201494392121, 0.8369541593907368]
1019.955078125	(8, 12, 2)	[-0.417326505508842, -0.09857403512191265, 0.3325744255429006, 0.9130966457729548, 0.6102469648223185, -0.4437117191644422, 0.6264636891515681, -0.12242199823378441, 0.606050042779507, -0.7837524741182962, -0.047774494572977194, -0.49992503245376196, -0.4915674511363102, -0.589424151546659, -0.2273281916902823, 0.07461155180319423, -0.8836181008371218, -0.6464847618694598, 0.41159201224746034, -0.8541485120645798, 0.4355660036310163, -0.7751357230727987, 0.01328241318535972, -0.8247691433396549, 0.21505238145744834, -0.4223695835222079, -0.1457971234490707, 0.21939900916839705, -0.812504270917251, -0.05239611397423971, 0.5221860062225967, 0.20736643843696134, 0.5071591162926716, -0.44396615853077237, 0.2898567086694017, -0.5261315845755246, -0.5164747450221523, -0.10567713089508102, -0.79562238086154, -0.9615816837320585, 0.7367009474320909, 0.865720847502055, 0.40264764700225775, -0.40049705062810026, 0.24948707028357142, -0.5666240245029157, -0.39260442320427913, 0.19012476433214798, -0.3558849812036813, -0.22927999693788803, -0.17012580019154844, -0.7991176071870928, 0.12748631789271325, 0.33007129868183616, 0.9937794417808945, -0.9071949403461115, 0.5031894055688206, -0.5040685191877565, 0.3998658446511627, -0.2839813601435266, -0.9956140124306437, -0.472108059090893, 0.7858588348349329, -0.0015444563267464906, 0.18668894810158654, 0.23537895415745919, -0.9712222485671995, 0.8912154760983653, -0.8420387262917053, 0.36772771928036085, 0.4333662437422501, 0.8028333732041009, -0.8808121664532069, 0.8219216302246326, -0.22068541814071874, 0.5263210448234422, -0.8122528266083278, -0.10183233219806831, -0.981009774030982, -0.375268883670413, -0.5300673789162511, -0.677079649297146, -0.9226757814629314, 0.31243060714982884, 0.9603808820068596, 0.5651773356860539, 0.6651669312215771, 0.3279742123828283, -0.8028881373802572, 0.10459294935009678, -0.027603206522501332, 0.8662864167069196, -0.21293020999076928, 0.2072569809205005, 1.0, 0.24077008758024032, -0.6419652033798058, -0.8580540331921225, 0.47763224788025127, -0.46114544634956195, -0.5331279138739038, 0.478153216881092, 0.2065914209880723, -0.17131550992746836, 0.3411994090532864, -0.07410698980697394, 1.0, -0.1038507569588778, -0.2241831285651894, 0.55361526148478, -0.9932448682688447, 0.6375689236029398, -0.37740692023044775, -0.18950613733793226, -0.8555760702158678, -0.7262985900340875, 0.07529249142945527, -0.4182581722800722, -0.32101321693674034, 0.8369541593907368]
1019.975830078125	(8, 12, 2)	[-0.417326505508842, -0.09857403512191265, 0.8316887451476968, 0.8602414033252459, 0.5527500264649268, -0.4437117191644422, 0.6264636891515681, -0.12242199823378441, -0.1589900959635795, -0.19822968038763844, -0.013539816192780885, -0.49992503245376196, -0.4915674511363102, -0.589424151546659, -0.8344021541575789, -0.33257766499450025, -0.5453539360158719, -0.6464847618694598, 0.41159201224746034, -0.8541485120645798, -0.23687107065087565, -0.7751357230727987, 0.01328241318535972, -0.7230638525871875, 0.35623571324068204, -0.214302254200758, -0.9947894563366351, -0.922174559501727, -0.5155457387259677, 0.6992835899434213, -0.7344905986371792, 0.20736643843696134, 0.5071591162926716, -0.44396615853077237, 0.2898567086694017, -0.678650387289973, -0.5164747450221523, -0.7270512228455954, -0.79562238086154, -0.8971344613174123, -0.691427052696814, 0.8990909060647391, 0.40264764700225775, -0.40049705062810026, -0.7810695607328972, -0.5666240245029157, 0.07775169678036975, 0.5255738956454139, -0.3558849812036813, -0.22927999693788803, -0.17012580019154844, -0.19482641405732548, 0.22325532870095582, 0.1878443146715326, 0.9937794417808945, -0.9071949403461115, 0.6133145909976288, -0.5040685191877565, 0.9863068605735925, -0.3247842929676259, -0.878785049210305, -0.3103132187927446, 0.663888690644534, 0.46238578181088474, 0.18668894810158654, 0.3466459837787099, 0.20429024119105588, 0.8912154760983653, 0.8170189658442646, 0.14851401784118443, 0.4333662437422501, 0.8028333732041009, -0.22178123320516852, 0.8219216302246326, -0.55658810999562, 0.07695136767665733, -0.21945938449396385, -0.41323617799488943, -0.1854713267713536, -0.2903807749452881, -0.5300673789162511, -0.677079649297146, 0.02529061221383344, 0.31243060714982884, -0.3997818596887969, -0.5229188353329581, -0.793738776430345, -0.57350748671511, -0.8028881373802572, 0.10459294935009678, 0.9655585300623293, 0.8478076624724491, -0.2890980909071088, -0.9031090973159168, 0.9504627676829649, 0.20249596840209527, -0.5783644313915489, -0.8676540602868119, 0.47763224788025127, -0.04611117824336319, -0.12003178816661664, 0.478153216881092, -0.2936586809581003, -0.17131550992746836, 0.3411994090532864, -0.07410698980697394, 1.0, -0.6715966505488005, 0.7988659454082825, 0.55361526148478, -0.008513691231974652, -0.4544676934681403, 0.9110504025058845, -0.6772030241014926, -0.8555760702158678, 0.7044227786005284, 0.03951981911351565, -0.9637144791417913, -0.32101321693674034, -0.5684767485062532]
1019.833251953125	(8, 12, 2)	[-0.417326505508842, -0.09857403512191265, 0.8316887451476968, 0.998891735268013, 0.5527500264649268, -0.20082861467788993, -0.9047680141109201, -0.12242199823378441, -0.1589900959635795, -0.19822968038763844, -0.047774494572977194, -0.49992503245376196, -0.4915674511363102, -0.589424151546659, -0.8746825798117552, 0.07461155180319423, -0.8196722387203803, -0.6464847618694598, 0.41159201224746034, -0.8541485120645798, 0.01531387969322262, -0.8258541168202415, 0.20143014257359887, -0.7230638525871875, 0.14466339283294727, -0.8437788548460043, -0.9947894563366351, 0.21939900916839705, -0.5155457387259677, -0.05239611397423971, 0.32057466482193475, 0.20736643843696134, 0.0838424598096903, -0.5579120623049532, 0.2898567086694017, -0.5261315845755246, -0.5164747450221523, -0.7363096405483379, -0.79562238086154, -0.8971344613174123, -0.691427052696814, 0.8990909060647391, 0.40264764700225775, -0.5254989139839682, -0.5161545555881981, -0.5666240245029157, 0.1154112665269719, 0.5255738956454139, -0.550319743108679, 0.8616060947032129, -0.17012580019154844, -0.5756716619237028, 0.3160884228344678, 0.3818913040182762, 0.9937794417808945, 0.32096378382333346, 0.6133145909976288, -0.5404169423594569, 0.9863068605735925, -0.3247842929676259, -0.878785049210305, -0.3103132187927446, 0.663888690644534, -0.8674550827282541, 0.5701067038241214, 0.2243924691641488, -0.012352697786670808, 0.8912154760983653, -0.8420387262917053, 0.14851401784118443, 0.4333662437422501, 0.8028333732041009, -0.22178123320516852, 0.8219216302246326, -0.55658810999562, 0.5263210448234422, -0.21945938449396385, -0.2760071671398471, 0.8552109586141861, -0.375268883670413, -0.5300673789162511, -0.677079649297146, -0.37769529861845863, 0.31243060714982884, -0.813193854612833, 0.5651773356860539, -0.793738776430345, 0.48266157623192973, -0.8028881373802572, 0.10459294935009678, 0.9655585300623293, 0.8478076624724491, -0.2890980909071088, 0.2072569809205005, 1.0, -0.49885164238339774, -0.5205393675587295, -0.8676540602868119, 0.47763224788025127, -0.04611117824336319, -0.12003178816661664, 0.15454224124418792, -0.2936586809581003, -0.21167117377580125, 0.3411994090532864, 0.6491649872934966, 0.6748151888775831, -0.6715966505488005, -0.2729545200645424, 0.55361526148478, 0.5723139144687119, 0.6375689236029398, -0.37740692023044775, -0.2130920593975495, -0.8555760702158678, -0.7276907880712336, 0.03951981911351565, 0.3137493136963043, -0.32101321693674034, 0.8369541593907368]
1019.8788452148438	(8, 12, 2)	[-0.417326505508842, -0.09857403512191265, 0.8316887451476968, 0.37379511774233776, 0.6102469648223185, -0.20082861467788993, -0.08593760881469883, 0.4995927672177017, -0.1589900959635795, -0.7837524741182962, -0.013539816192780885, -0.5296953025246802, -0.4915674511363102, -0.589424151546659, -0.8746825798117552, 0.07461155180319423, -0.8836181008371218, -0.6464847618694598, 0.41159201224746034, -0.8541485120645798, 0.01531387969322262, -0.7751357230727987, 0.20143014257359887, -0.7230638525871875, 0.14466339283294727, -0.8437788548460043, -0.9947894563366351, 0.21939900916839705, -0.812504270917251, 0.3858771228233062, -0.7344905986371792, 0.20736643843696134, 0.5090957206291307, -0.44396615853077237, 0.2898567086694017, -0.5261315845755246, -0.5981811541837126, -0.7270512228455954, -0.79562238086154, -0.9615816837320585, -0.691427052696814, 0.21762253406325077, 0.40264764700225775, -0.40049705062810026, -0.5161545555881981, -0.5666240245029157, -0.39260442320427913, -0.6866586650703899, 0.0057328683320802334, -0.9261201381615374, -0.17012580019154844, -0.7991176071870928, 0.05979991557056996, 0.33007129868183616, 0.9937794417808945, 0.10407882743910846, 0.10491862788074519, -0.3168712276498025, 0.9863068605735925, -0.2839813601435266, -0.878785049210305, -0.3103132187927446, -0.8233493932263609, 0.05271645909712963, 0.0775779130299814, 0.2243924691641488, -0.6350352127517367, 0.38476540298584205, 0.8170189658442646, 0.46947719596998927, -0.5596610800689481, -0.1747708466932527, -0.22178123320516852, 0.8219216302246326, -0.55658810999562, 0.5263210448234422, -0.8122528266083278, -0.13089907189901062, 0.8552109586141861, -0.2903807749452881, -0.5300673789162511, -0.677079649297146, -0.9226757814629314, 0.31243060714982884, 0.9603808820068596, -0.4864414193913371, -0.793738776430345, -0.57350748671511, -0.6809450405518103, 0.10459294935009678, 0.9655585300623293, 0.3769262910130151, -0.2890980909071088, -0.9031090973159168, 1.0, 0.24077008758024032, -0.5205393675587295, -0.7429664885089122, 0.47763224788025127, -0.04611117824336319, -0.12003178816661664, 0.8125495536254699, -0.2936586809581003, -0.21167117377580125, -0.7190323983942816, 0.6491649872934966, 1.0, -0.5841238652351899, -0.2546764152977908, 0.55361526148478, -0.9932448682688447, 0.6375689236029398, 0.220687769949236, -0.6772030241014926, -0.8555760702158678, -0.7276907880712336, 0.1684709233889826, 0.3137493136963043, -0.5242615260409365, 0.8369541593907368]
1019.819091796875	(8, 12, 2)	[-0.417326505508842, -0.09857403512191265, 0.8316887451476968, 0.8734010604983404, 0.29802818745650467, -0.20082861467788993, 0.6264636891515681, -0.12242199823378441, -0.1589900959635795, -0.7837524741182962, -0.013539816192780885, -0.5296953025246802, -0.4915674511363102, -0.589424151546659, -0.22682377867755105, 0.07461155180319423, -0.9301739545930892, -0.6568306305649535, 0.41159201224746034, -0.8541485120645798, 0.4355660036310163, -0.8402535697714084, 0.20143014257359887, -0.7230638525871875, 0.14466339283294727, -0.214302254200758, -0.9947894563366351, -0.922174559501727, -0.6909748770388087, -0.17319262552569842, 0.44128530909132163, 0.20736643843696134, 0.5090957206291307, -0.44396615853077237, 0.2898567086694017, -0.678650387289973, -0.5164747450221523, -0.7270512228455954, -0.8248730058305092, -1.0, -0.691427052696814, 0.8990909060647391, 0.40264764700225775, -0.40049705062810026, -0.5161545555881981, -0.5666240245029157, 0.1154112665269719, 0.19012476433214798, -0.3558849812036813, 0.7104911844126507, -0.18188170113168178, -0.7991176071870928, 0.3160884228344678, 0.33007129868183616, 0.9937794417808945, -0.9071949403461115, 0.6133145909976288, -0.5404169423594569, 0.3998658446511627, -1.0, -0.878785049210305, -0.04381553176650255, 0.7858588348349329, -0.0015444563267464906, 0.0775779130299814, 0.3466459837787099, -0.6350352127517367, 0.8912154760983653, 0.8170189658442646, 0.15899161384437596, 0.5514717694596978, 0.8028333732041009, -0.18768327230462656, 0.8219216302246326, -0.22068541814071874, 0.5263210448234422, -0.8122528266083278, -0.9377620025126683, -0.981009774030982, -0.375268883670413, -0.5300673789162511, -0.677079649297146, -0.027272133860333482, 0.6342118250422062, 0.9603808820068596, 0.5651773356860539, -0.9136908687723049, -0.57350748671511, -0.4460743330375685, 0.10459294935009678, -0.027603206522501332, 0.8478076624724491, -0.2890980909071088, 0.2072569809205005, 1.0, 0.5035622610446179, -0.5947143169214781, -0.8676540602868119, 0.47763224788025127, 0.2503890496096661, -0.5331279138739038, 0.8125495536254699, 0.2065914209880723, -0.21167117377580125, -0.6948302338765822, -0.07410698980697394, -0.8793876490737838, -0.6715966505488005, -0.2241831285651894, 0.5353561980187389, -1.0, -0.12628625663944396, 0.9110504025058845, -0.6772030241014926, -0.8555760702158678, -0.8482081355119695, 0.07529249142945527, -0.9637144791417913, -0.5242615260409365, 0.8350253795597544]
1019.8367919921875	(8, 12, 2)	[-0.417326505508842, -0.09857403512191265, 0.8316887451476968, 0.8734010604983404, 0.29802818745650467, -0.20082861467788993, 0.6264636891515681, -0.12242199823378441, -0.1589900959635795, -0.7837524741182962, -0.013539816192780885, -0.5296953025246802, -0.4915674511363102, -0.589424151546659, -0.22682377867755105, 0.07461155180319423, -0.9301739545930892, -0.6568306305649535, 0.41159201224746034, -0.8541485120645798, 0.4355660036310163, -0.8402535697714084, 0.20143014257359887, -0.7230638525871875, 0.14466339283294727, -0.214302254200758, -0.9947894563366351, -0.922174559501727, -0.6909748770388087, -0.17319262552569842, 0.44128530909132163, 0.20736643843696134, 0.5090957206291307, -0.44396615853077237, 0.2898567086694017, -0.678650387289973, -0.5164747450221523, -0.7270512228455954, -0.8248730058305092, -1.0, -0.691427052696814, 0.8990909060647391, 0.40264764700225775, -0.40049705062810026, -0.5161545555881981, -0.5666240245029157, 0.1154112665269719, 0.19012476433214798, -0.3558849812036813, 0.7104911844126507, -0.18188170113168178, -0.7991176071870928, 0.3160884228344678, 0.33007129868183616, 0.9937794417808945, -0.9071949403461115, 0.6133145909976288, -0.5404169423594569, 0.3998658446511627, -1.0, -0.878785049210305, -0.04381553176650255, 0.7858588348349329, -0.0015444563267464906, 0.0775779130299814, 0.3466459837787099, -0.6350352127517367, 0.8912154760983653, 0.8170189658442646, 0.15899161384437596, 0.5514717694596978, 0.8028333732041009, -0.18768327230462656, 0.8219216302246326, -0.22068541814071874, 0.5263210448234422, -0.8122528266083278, -0.9377620025126683, -0.981009774030982, -0.375268883670413, -0.5300673789162511, -0.677079649297146, -0.027272133860333482, 0.6342118250422062, 0.9603808820068596, 0.5651773356860539, -0.9136908687723049, -0.57350748671511, -0.4460743330375685, 0.10459294935009678, -0.027603206522501332, 0.8478076624724491, -0.2890980909071088, 0.2072569809205005, 1.0, 0.5035622610446179, -0.5947143169214781, -0.8676540602868119, 0.47763224788025127, 0.2503890496096661, -0.5331279138739038, 0.8125495536254699, 0.2065914209880723, -0.21167117377580125, -0.6948302338765822, -0.07410698980697394, -0.8793876490737838, -0.6715966505488005, -0.2241831285651894, 0.5353561980187389, -1.0, -0.12628625663944396, 0.9110504025058845, -0.6772030241014926, -0.8555760702158678, -0.8482081355119695, 0.07529249142945527, -0.9637144791417913, -0.5242615260409365, 0.8350253795597544]
1019.999267578125	(8, 12, 2)	[-0.417326505508842, -0.09857403512191265, 0.8316887451476968, 0.8734010604983404, 0.29802818745650467, -0.20082861467788993, 0.6264636891515681, -0.12242199823378441, -0.1589900959635795, -0.7837524741182962, -0.013539816192780885, -0.5296953025246802, -0.4915674511363102, -0.589424151546659, -0.22682377867755105, 0.07461155180319423, -0.9301739545930892, -0.6568306305649535, 0.41159201224746034, -0.8541485120645798, 0.4355660036310163, -0.8402535697714084, 0.20143014257359887, -0.7230638525871875, 0.14466339283294727, -0.214302254200758, -0.9947894563366351, -0.922174559501727, -0.6909748770388087, -0.17319262552569842, 0.44128530909132163, 0.20736643843696134, 0.5090957206291307, -0.44396615853077237, 0.2898567086694017, -0.678650387289973, -0.5164747450221523, -0.7270512228455954, -0.8248730058305092, -1.0, -0.691427052696814, 0.8990909060647391, 0.40264764700225775, -0.40049705062810026, -0.5161545555881981, -0.5666240245029157, 0.1154112665269719, 0.19012476433214798, -0.3558849812036813, 0.7104911844126507, -0.18188170113168178, -0.7991176071870928, 0.3160884228344678, 0.33007129868183616, 0.9937794417808945, -0.9071949403461115, 0.6133145909976288, -0.5404169423594569, 0.3998658446511627, -1.0, -0.878785049210305, -0.04381553176650255, 0.7858588348349329, -0.0015444563267464906, 0.0775779130299814, 0.3466459837787099, -0.6350352127517367, 0.8912154760983653, 0.8170189658442646, 0.15899161384437596, 0.5514717694596978, 0.8028333732041009, -0.18768327230462656, 0.8219216302246326, -0.22068541814071874, 0.5263210448234422, -0.8122528266083278, -0.9377620025126683, -0.981009774030982, -0.375268883670413, -0.5300673789162511, -0.677079649297146, -0.027272133860333482, 0.6342118250422062, 0.9603808820068596, 0.5651773356860539, -0.9136908687723049, -0.57350748671511, -0.4460743330375685, 0.10459294935009678, -0.027603206522501332, 0.8478076624724491, -0.2890980909071088, 0.2072569809205005, 1.0, 0.5035622610446179, -0.5947143169214781, -0.8676540602868119, 0.47763224788025127, 0.2503890496096661, -0.5331279138739038, 0.8125495536254699, 0.2065914209880723, -0.21167117377580125, -0.6948302338765822, -0.07410698980697394, -0.8793876490737838, -0.6715966505488005, -0.2241831285651894, 0.5353561980187389, -1.0, -0.12628625663944396, 0.9110504025058845, -0.6772030241014926, -0.8555760702158678, -0.8482081355119695, 0.07529249142945527, -0.9637144791417913, -0.5242615260409365, 0.8350253795597544]
1019.6835327148438	(8, 12, 2)	[-0.417326505508842, -0.09857403512191265, 0.7919073559864019, 0.37379511774233776, 0.5527500264649268, -0.290306913363074, 0.6264636891515681, -0.12242199823378441, -0.1589900959635795, -0.7837524741182962, -0.013539816192780885, -0.5296953025246802, -0.4915674511363102, -0.589424151546659, -0.2273281916902823, 0.07461155180319423, -0.9485383827424231, -0.6568306305649535, 0.41159201224746034, -0.8541485120645798, 0.01531387969322262, -0.7751357230727987, 0.20143014257359887, -0.7230638525871875, 0.35623571324068204, -0.214302254200758, -0.9947894563366351, -0.922174559501727, -0.6909748770388087, 0.6992835899434213, -0.7344905986371792, 0.7340008273878595, 0.5090957206291307, -0.44396615853077237, 0.2898567086694017, -0.20488713580421258, -0.49105047625516596, -0.10567713089508102, -0.79562238086154, -0.9615816837320585, -0.691427052696814, 0.9042627030441717, 0.40264764700225775, -0.40049705062810026, 0.24948707028357142, -0.5666240245029157, -0.39260442320427913, -0.6866586650703899, -0.0480413043830894, 0.7104911844126507, 0.6633141710495638, -0.7991176071870928, 0.05979991557056996, 0.33007129868183616, -0.13788047144772864, -0.9071949403461115, 0.6133145909976288, -0.5404169423594569, 0.9863068605735925, -0.3247842929676259, -0.878785049210305, -0.4238498587338424, 0.7858588348349329, -0.8674550827282541, 0.5701067038241214, -0.1532964813707156, -0.6350352127517367, 0.8912154760983653, -0.12101817609267695, 0.46947719596998927, 0.4333662437422501, 0.8028333732041009, -0.18768327230462656, 0.8219216302246326, -0.22068541814071874, 0.5263210448234422, -0.21945938449396385, -0.41323617799488943, -0.7966531751441277, -0.2903807749452881, -0.5300673789162511, -0.9491899560182264, -0.11434918195334928, 0.6342118250422062, 0.9603808820068596, -0.5229188353329581, -0.793738776430345, -0.57350748671511, -0.8028881373802572, 0.10459294935009678, 0.9655585300623293, 0.8478076624724491, 0.2752243963260034, -0.9031090973159168, 1.0, 0.6911340395270462, -0.5205393675587295, -0.8676540602868119, -0.901142193887901, -0.46114544634956195, -0.12003178816661664, 0.478153216881092, 0.2065914209880723, -0.3333357497241605, 0.3411994090532864, -0.07410698980697394, 0.6748151888775831, -0.6715966505488005, -0.2241831285651894, 0.5353561980187389, -0.9932448682688447, 0.6375689236029398, 0.220687769949236, -0.6098958926649383, -0.935172403694253, -0.7276907880712336, 0.03951981911351565, -0.9637144791417913, -0.1142201494392121, 0.8350253795597544]
1019.7513427734375	(8, 12, 2)	[-0.417326505508842, -0.09857403512191265, 0.8316887451476968, 0.9130966457729548, 0.6102469648223185, -0.20082861467788993, 0.6264636891515681, -0.12242199823378441, 0.606050042779507, -0.7837524741182962, -0.013539816192780885, -0.5296953025246802, -0.4915674511363102, -0.589424151546659, -0.2273281916902823, 0.07461155180319423, -0.8060699041097872, -0.6464847618694598, 0.41159201224746034, -0.8541485120645798, -0.23687107065087565, -0.7751357230727987, 0.01328241318535972, -0.992691953907143, 0.14466339283294727, -0.3778008909397106, -0.9947894563366351, -0.922174559501727, -0.5155457387259677, -0.17319262552569842, 0.5221860062225967, 0.20736643843696134, 0.5071591162926716, -0.44396615853077237, 0.2898567086694017, -0.678650387289973, -0.5981811541837126, -0.7270512228455954, -0.8215744364327455, -0.832613633084649, -0.691427052696814, 0.9042627030441717, 0.40264764700225775, -0.40049705062810026, -0.7810695607328972, -0.7592557285057318, -0.39260442320427913, 0.5255738956454139, -0.0480413043830894, -0.22927999693788803, -0.18188170113168178, -0.7991176071870928, 0.12748631789271325, 0.1961916969115622, 0.9937794417808945, -0.9071949403461115, 0.13166482581441685, -0.5040685191877565, 0.9863068605735925, -0.3247842929676259, -0.878785049210305, -0.3103132187927446, -1.0, -0.8674550827282541, 0.0775779130299814, 0.3466459837787099, -0.6350352127517367, 0.38476540298584205, -0.12101817609267695, 0.46947719596998927, -0.5596610800689481, 0.8028333732041009, -0.664673079647421, 0.8219216302246326, -0.55658810999562, 0.5263210448234422, -0.8122528266083278, -0.41323617799488943, -0.1854713267713536, -0.375268883670413, 0.6376265821685898, -0.1774372671133031, 0.02529061221383344, 0.31243060714982884, -0.3997818596887969, -0.4864414193913371, -0.793738776430345, -0.57350748671511, -0.8028881373802572, 0.10459294935009678, 0.9655585300623293, 0.8478076624724491, -0.2890980909071088, -1.0, -0.7557954437905773, 0.7438763818582059, -0.5205393675587295, -0.7429664885089122, -0.901142193887901, -0.5415113403380829, -0.12003178816661664, 0.478153216881092, -0.2936586809581003, -0.17131550992746836, 0.4012482902898107, 0.6491649872934966, 1.0, -0.6715966505488005, -0.24202616576928104, 0.55361526148478, 0.5723139144687119, 0.6375689236029398, 0.9110504025058845, -0.2130920593975495, -0.8555760702158678, -0.7276907880712336, 0.37906738983113963, -0.9637144791417913, -0.5242615260409365, -0.6248566597675567]
1019.7633666992188	(8, 12, 2)	[-0.3657177594788546, -0.09857403512191265, 0.8316887451476968, 0.4222420664029125, 0.5527500264649268, -0.4437117191644422, 0.6264636891515681, -0.12242199823378441, 0.606050042779507, -0.19822968038763844, -0.013539816192780885, -0.5296953025246802, -0.4893439901800097, -0.589424151546659, -0.7135347814622734, 0.07461155180319423, -0.8196722387203803, -0.6464847618694598, 0.41159201224746034, -0.8541485120645798, 0.4355660036310163, -0.7751357230727987, 0.20143014257359887, -0.7230638525871875, 0.14466339283294727, -0.8437788548460043, -0.9947894563366351, -0.922174559501727, -0.6909748770388087, 0.6992835899434213, 0.5221860062225967, 0.20736643843696134, 0.5071591162926716, -0.5579120623049532, 0.2898567086694017, -0.678650387289973, -0.49105047625516596, -0.10567713089508102, -0.79562238086154, -0.9615816837320585, -0.691427052696814, 0.8990909060647391, 0.40264764700225775, -0.40049705062810026, -0.7810695607328972, -0.5666240245029157, 0.1154112665269719, 0.19012476433214798, -0.550319743108679, 0.8616060947032129, 0.5010754679345713, -0.19482641405732548, 0.3160884228344678, 0.33007129868183616, -0.03838246678406054, 0.32096378382333346, 0.6133145909976288, -0.5040685191877565, 1.0, -0.2839813601435266, -0.878785049210305, -0.4238498587338424, 0.663888690644534, -0.0015444563267464906, 0.5701067038241214, 0.3466459837787099, -0.6350352127517367, 0.38476540298584205, 0.8170189658442646, 0.46947719596998927, -0.5596610800689481, 0.8028333732041009, -0.18768327230462656, 0.8219216302246326, -0.22068541814071874, 0.5263210448234422, -0.8122528266083278, -0.9377620025126683, -0.1854713267713536, -0.2903807749452881, -0.5300673789162511, -0.677079649297146, -0.030876537515372587, 0.31243060714982884, 0.9603808820068596, -0.4864414193913371, -0.793738776430345, -0.57350748671511, -0.4964035720831042, 0.10459294935009678, 0.9655585300623293, 0.3769262910130151, -0.19864942100967264, -0.9031090973159168, 0.8494263494125056, 0.20249596840209527, -0.5783644313915489, -0.9304104230026329, 0.3124036291908464, -0.04611117824336319, -0.12003178816661664, 0.478153216881092, 0.14893272544656133, -0.21167117377580125, 0.4012482902898107, -0.07410698980697394, 0.6748151888775831, -0.5841238652351899, -0.2241831285651894, 0.5860444592524097, 0.5723139144687119, 0.6375689236029398, 0.9110504025058845, -0.6772030241014926, -0.8555760702158678, -0.7276907880712336, 0.2234505346764868, -0.4182581722800722, -0.32101321693674034, 0.8369541593907368]
1019.9613647460938	(8, 12, 2)	[-0.417326505508842, -0.09857403512191265, 0.8316887451476968, 0.9130966457729548, 0.29802818745650467, -0.4437117191644422, -0.08593760881469883, -0.06722351555822206, -0.1589900959635795, -0.19822968038763844, -0.013539816192780885, -0.5296953025246802, -0.4915674511363102, -0.589424151546659, -0.7135347814622734, 0.07461155180319423, -0.9301739545930892, -0.6464847618694598, 0.4374128994992383, -0.8541485120645798, 0.4355660036310163, -0.8402535697714084, 0.20143014257359887, -0.7230638525871875, 0.14466339283294727, -0.214302254200758, -0.9947894563366351, -0.922174559501727, -0.6909748770388087, 0.6992835899434213, 0.44128530909132163, 0.20736643843696134, 0.5090957206291307, -0.44396615853077237, 0.2898567086694017, -0.678650387289973, -0.49105047625516596, -0.7270512228455954, -0.7077811011270285, -1.0, -0.691427052696814, 0.21762253406325077, 0.40264764700225775, -0.40049705062810026, -0.7810695607328972, -0.5666240245029157, 0.07775169678036975, 0.19012476433214798, -0.0480413043830894, -0.22927999693788803, -0.18188170113168178, -0.7991176071870928, 0.3160884228344678, 0.1961916969115622, -0.9079483904272281, -0.9071949403461115, 0.9985595420205207, -0.5040685191877565, 0.9863068605735925, -1.0, -0.878785049210305, -0.0618471250433696, 0.7858588348349329, 0.05271645909712963, 0.0775779130299814, 0.3466459837787099, -0.6656227959529978, 0.8912154760983653, 0.8170189658442646, 0.46947719596998927, 0.5514717694596978, -0.1747708466932527, -0.18768327230462656, 0.8219216302246326, -0.22068541814071874, 0.49984208769578076, -0.8122528266083278, -0.41323617799488943, -0.1854713267713536, -0.375268883670413, -0.47700187497288904, -0.9491899560182264, 0.02529061221383344, 0.31243060714982884, 0.9603808820068596, 0.5651773356860539, -0.793738776430345, -0.57350748671511, -0.4460743330375685, 0.10459294935009678, 0.9655585300623293, 0.8478076624724491, -0.2890980909071088, -0.9031090973159168, 1.0, 0.7660572575685207, -0.5947143169214781, -0.8580540331921225, 0.47763224788025127, 0.2503890496096661, -0.12003178816661664, 0.478153216881092, -0.2936586809581003, -0.21167117377580125, 0.4012482902898107, 0.060917466186762415, 1.0, -0.6715966505488005, -0.2546764152977908, 0.5353561980187389, -0.9932448682688447, -0.12628625663944396, 0.9110504025058845, -0.6772030241014926, -0.8555760702158678, -0.8482081355119695, 0.07529249142945527, -0.9637144791417913, -0.1142201494392121, 0.8350253795597544]
1019.9673461914062	(8, 12, 2)	[-0.417326505508842, -0.09857403512191265, 0.8316887451476968, 0.9130966457729548, 0.29802818745650467, -0.4437117191644422, -0.08593760881469883, -0.06722351555822206, -0.1589900959635795, -0.19822968038763844, -0.013539816192780885, -0.5296953025246802, -0.4915674511363102, -0.589424151546659, -0.7135347814622734, 0.07461155180319423, -0.9301739545930892, -0.6464847618694598, 0.4374128994992383, -0.8541485120645798, 0.4355660036310163, -0.8402535697714084, 0.20143014257359887, -0.7230638525871875, 0.14466339283294727, -0.214302254200758, -0.9947894563366351, -0.922174559501727, -0.6909748770388087, 0.6992835899434213, 0.44128530909132163, 0.20736643843696134, 0.5090957206291307, -0.44396615853077237, 0.2898567086694017, -0.678650387289973, -0.49105047625516596, -0.7270512228455954, -0.7077811011270285, -1.0, -0.691427052696814, 0.21762253406325077, 0.40264764700225775, -0.40049705062810026, -0.7810695607328972, -0.5666240245029157, 0.07775169678036975, 0.19012476433214798, -0.0480413043830894, -0.22927999693788803, -0.18188170113168178, -0.7991176071870928, 0.3160884228344678, 0.1961916969115622, -0.9079483904272281, -0.9071949403461115, 0.9985595420205207, -0.5040685191877565, 0.9863068605735925, -1.0, -0.878785049210305, -0.0618471250433696, 0.7858588348349329, 0.05271645909712963, 0.0775779130299814, 0.3466459837787099, -0.6656227959529978, 0.8912154760983653, 0.8170189658442646, 0.46947719596998927, 0.5514717694596978, -0.1747708466932527, -0.18768327230462656, 0.8219216302246326, -0.22068541814071874, 0.49984208769578076, -0.8122528266083278, -0.41323617799488943, -0.1854713267713536, -0.375268883670413, -0.47700187497288904, -0.9491899560182264, 0.02529061221383344, 0.31243060714982884, 0.9603808820068596, 0.5651773356860539, -0.793738776430345, -0.57350748671511, -0.4460743330375685, 0.10459294935009678, 0.9655585300623293, 0.8478076624724491, -0.2890980909071088, -0.9031090973159168, 1.0, 0.7660572575685207, -0.5947143169214781, -0.8580540331921225, 0.47763224788025127, 0.2503890496096661, -0.12003178816661664, 0.478153216881092, -0.2936586809581003, -0.21167117377580125, 0.4012482902898107, 0.060917466186762415, 1.0, -0.6715966505488005, -0.2546764152977908, 0.5353561980187389, -0.9932448682688447, -0.12628625663944396, 0.9110504025058845, -0.6772030241014926, -0.8555760702158678, -0.8482081355119695, 0.07529249142945527, -0.9637144791417913, -0.1142201494392121, 0.8350253795597544]
1019.9865112304688	(8, 12, 2)	[-0.417326505508842, -0.09857403512191265, 0.821518066470175, 0.4222420664029125, 0.6102469648223185, 0.27159298197197, -0.08593760881469883, -0.06722351555822206, 0.606050042779507, -0.19822968038763844, -0.013539816192780885, -0.5296953025246802, -0.4915674511363102, -0.589424151546659, -0.04249076752145079, 0.07461155180319423, -0.8060699041097872, -0.6464847618694598, 0.41159201224746034, -0.8541485120645798, 0.4355660036310163, -0.7751357230727987, 0.20143014257359887, -0.7230638525871875, 0.14466339283294727, -0.214302254200758, -0.9947894563366351, -1.0, -0.6909748770388087, 0.6992835899434213, -0.7344905986371792, 0.20736643843696134, 0.5090957206291307, -0.44396615853077237, 0.2898567086694017, -0.5261315845755246, -0.7538647028697266, -0.7270512228455954, -0.8248730058305092, -0.9615816837320585, 0.7367009474320909, 0.9042627030441717, 0.40264764700225775, -0.40049705062810026, -0.7810695607328972, -0.5666240245029157, -0.39260442320427913, 0.19012476433214798, 0.0057328683320802334, 0.14502509119878287, -0.18188170113168178, -0.7991176071870928, 0.3160884228344678, 0.1961916969115622, -0.13788047144772864, -0.9071949403461115, 0.9985595420205207, -0.5040685191877565, 0.9863068605735925, -1.0, -1.0, -0.3103132187927446, 0.7858588348349329, -0.8674550827282541, 0.0775779130299814, 0.3466459837787099, -0.6350352127517367, 0.38476540298584205, 0.8170189658442646, 0.46947719596998927, -0.5596610800689481, -0.1747708466932527, -0.664673079647421, 0.8219216302246326, -0.55658810999562, 0.5263210448234422, -0.21945938449396385, -0.9377620025126683, -0.981009774030982, -0.375268883670413, -0.5300673789162511, -0.1774372671133031, 0.02529061221383344, 0.24179058405766912, 0.9603808820068596, 0.5651773356860539, -0.793738776430345, -0.57350748671511, -0.4460743330375685, 0.10459294935009678, 0.9655585300623293, 0.8478076624724491, -0.2890980909071088, -0.9031090973159168, 1.0, 0.24077008758024032, -0.5947143169214781, -0.8580540331921225, 0.47763224788025127, -0.04611117824336319, -0.12003178816661664, 0.478153216881092, -0.2936586809581003, -0.23459002820547992, 0.4012482902898107, 0.6491649872934966, 0.6748151888775831, -0.2658138750262724, -0.2546764152977908, 0.55361526148478, 0.5723139144687119, 0.6375689236029398, 0.9110504025058845, -0.6772030241014926, -0.8555760702158678, 0.7044227786005284, 0.1684709233889826, -0.9637144791417913, -0.5242615260409365, 0.8369541593907368]
1019.9700317382812	(8, 12, 2)	[-0.417326505508842, -0.09857403512191265, 0.8316887451476968, 0.9130966457729548, 0.6102469648223185, 0.27159298197197, 0.6264636891515681, -0.06722351555822206, 0.606050042779507, -0.19822968038763844, -0.013539816192780885, -0.716305781071151, -0.4893439901800097, -0.589424151546659, -0.2273281916902823, 0.07461155180319423, -0.8060699041097872, -0.6464847618694598, 0.41159201224746034, -0.8535699038820371, 0.01531387969322262, -0.7751357230727987, 0.20143014257359887, -0.7230638525871875, 0.14466339283294727, -0.3778008909397106, 0.6464697848637315, -0.922174559501727, -0.812504270917251, -0.3095802666879431, -0.7344905986371792, 0.20736643843696134, 0.5071591162926716, -0.44396615853077237, 0.2898567086694017, -0.678650387289973, -0.5981811541837126, -0.7270512228455954, -0.8215744364327455, -0.9615816837320585, -0.691427052696814, 0.21762253406325077, 0.40264764700225775, -0.40049705062810026, -0.7810695607328972, -0.5666240245029157, 0.1154112665269719, 0.5255738956454139, -0.550319743108679, -0.22927999693788803, 0.5010754679345713, -0.19482641405732548, 0.3160884228344678, 0.1961916969115622, -0.13788047144772864, 0.32096378382333346, 0.13166482581441685, -0.5040685191877565, 0.9863068605735925, -0.4069147599642499, -0.878785049210305, -0.3103132187927446, 0.663888690644534, -0.8674550827282541, 0.0775779130299814, -0.1532964813707156, -0.6350352127517367, 0.38476540298584205, -0.12101817609267695, 0.46947719596998927, -0.5596610800689481, 0.8028333732041009, -0.18768327230462656, 0.8219216302246326, -0.22068541814071874, 0.5263210448234422, -0.8122528266083278, -0.9377620025126683, -0.981009774030982, -0.2903807749452881, -0.5300673789162511, -0.677079649297146, 0.02529061221383344, 0.24179058405766912, -0.4131952092054535, -0.4864414193913371, -0.9136908687723049, -0.57350748671511, -0.4964035720831042, 0.10459294935009678, 0.9655585300623293, 0.8478076624724491, -0.2890980909071088, -0.9031090973159168, 0.8494263494125056, 0.7438763818582059, -0.5205393675587295, -0.8580540331921225, -0.901142193887901, -0.04611117824336319, -0.12003178816661664, 0.478153216881092, 0.2065914209880723, -0.17131550992746836, 0.4012482902898107, -0.07410698980697394, 0.6748151888775831, -0.6715966505488005, -0.2729545200645424, 0.55361526148478, 0.5723139144687119, 0.6375689236029398, 0.220687769949236, -0.6772030241014926, -0.8555760702158678, -0.7276907880712336, 0.1684709233889826, -0.9637144791417913, -0.5242615260409365, -0.5684767485062532]
1019.9706420898438	(8, 12, 2)	[-0.417326505508842, -0.09857403512191265, 0.7919073559864019, 0.8734010604983404, 0.6102469648223185, -0.20082861467788993, 0.6264636891515681, -0.12242199823378441, -0.07453179961168896, -0.7837524741182962, 0.051913268093194895, -0.5296953025246802, -0.4893439901800097, -0.589424151546659, -0.2273281916902823, -0.22689523422413882, -0.6181624580089206, -0.6464847618694598, 0.41159201224746034, -0.8541485120645798, 0.01531387969322262, -0.8402535697714084, 0.20143014257359887, -0.7230638525871875, 0.14466339283294727, -0.8437788548460043, -0.8954971650863698, -0.922174559501727, -0.6909748770388087, 0.3858771228233062, -0.7344905986371792, 0.7340008273878595, 0.5090957206291307, -0.44396615853077237, 0.2898567086694017, -0.678650387289973, -0.5981811541837126, -0.7270512228455954, -0.79562238086154, -0.9615816837320585, -0.691427052696814, 0.21762253406325077, 0.40264764700225775, -0.40049705062810026, -0.5161545555881981, -0.7592557285057318, 0.1154112665269719, 0.19012476433214798, -0.3558849812036813, -0.22927999693788803, -0.17012580019154844, -0.7991176071870928, 0.19798657313969112, 0.33007129868183616, -0.9079483904272281, 0.32096378382333346, 0.13166482581441685, -0.5040685191877565, 0.9863068605735925, -0.9747494714425613, -0.878785049210305, -0.4238498587338424, 0.7858588348349329, -0.8674550827282541, 0.06333838535776601, 0.3466459837787099, -0.6726275047242748, 0.4651159890036821, -0.8140055361940262, 0.46947719596998927, -0.5596610800689481, 0.8028333732041009, -0.18768327230462656, 0.8219216302246326, -0.55658810999562, 0.5263210448234422, -0.8122528266083278, -0.3784268287535677, -0.1854713267713536, -0.375268883670413, -0.5300673789162511, -0.677079649297146, 0.02529061221383344, 0.31243060714982884, 0.9603808820068596, 0.5651773356860539, 0.6651669312215771, -0.57350748671511, -0.4460743330375685, 0.10459294935009678, 0.9655585300623293, 0.8478076624724491, -0.2890980909071088, -0.9031090973159168, 1.0, 0.7438763818582059, -0.5205393675587295, -0.8676540602868119, 0.47763224788025127, 0.2503890496096661, -0.5331279138739038, 0.478153216881092, -0.2936586809581003, -0.3333357497241605, 0.4012482902898107, 0.060917466186762415, -0.8793876490737838, -0.2658138750262724, -0.2241831285651894, 0.55361526148478, 0.5723139144687119, -0.12628625663944396, 0.9110504025058845, -0.6772030241014926, -0.8555760702158678, 0.7107418213330788, 0.1589918938423239, -0.4182581722800722, -0.5242615260409365, -0.6248566597675567]
1019.9912719726562	(8, 12, 2)	[-0.417326505508842, -0.09857403512191265, 0.8316887451476968, 0.9130966457729548, 0.6102469648223185, -0.4437117191644422, 0.6264636891515681, -0.06722351555822206, -0.1589900959635795, -0.19822968038763844, -0.013539816192780885, -0.716305781071151, -0.4893439901800097, -0.589424151546659, -0.2273281916902823, 0.07461155180319423, -0.8196722387203803, -0.6464847618694598, 0.4374128994992383, -0.8541485120645798, 0.01531387969322262, -0.8402535697714084, 0.20143014257359887, -0.7230638525871875, 0.14466339283294727, -0.8437788548460043, -0.9947894563366351, -0.922174559501727, -0.6909748770388087, -0.3095802666879431, -0.7344905986371792, 0.20736643843696134, 0.5071591162926716, -0.44396615853077237, 0.2898567086694017, -0.678650387289973, -0.5164747450221523, -0.7270512228455954, -0.7978886898186953, -0.9615816837320585, -0.691427052696814, 0.21762253406325077, 0.40264764700225775, -0.40049705062810026, -0.7810695607328972, -0.5666240245029157, 0.1154112665269719, 0.5255738956454139, -0.550319743108679, -0.22927999693788803, 0.5010754679345713, -0.7991176071870928, 0.3160884228344678, 0.33007129868183616, -0.9079483904272281, 0.32096378382333346, 0.9985595420205207, -0.5040685191877565, 1.0, -0.3247842929676259, -0.878785049210305, -0.3103132187927446, 0.663888690644534, -0.0015444563267464906, 0.0775779130299814, 0.2243924691641488, -0.6350352127517367, 0.38476540298584205, 0.8170189658442646, 0.46947719596998927, -0.39565795753466193, -0.1747708466932527, -0.664673079647421, 0.8219216302246326, -0.55658810999562, 0.6104458758715292, -0.8122528266083278, -0.2760071671398471, -0.1854713267713536, -0.375268883670413, -0.47700187497288904, -0.677079649297146, 0.02529061221383344, 0.24179058405766912, -0.4131952092054535, 0.5651773356860539, 0.6480701007390636, -0.57350748671511, -0.4460743330375685, 0.10459294935009678, 0.999574615363435, 0.8478076624724491, -0.2890980909071088, -0.9031090973159168, 1.0, 0.7438763818582059, -0.5205393675587295, -0.8676540602868119, 0.3124036291908464, 0.2503890496096661, -0.12003178816661664, 0.478153216881092, -0.2936586809581003, -0.21167117377580125, 0.4012482902898107, 0.060917466186762415, 1.0, -0.6715966505488005, -0.2729545200645424, 0.5860444592524097, 0.5723139144687119, 0.6375689236029398, 0.220687769949236, -0.6772030241014926, -0.8555760702158678, 0.7044227786005284, 0.07529249142945527, -0.8852363136576467, -0.1142201494392121, 0.8369541593907368]
1019.9771728515625	(8, 12, 2)	[-0.417326505508842, -0.09857403512191265, 0.821518066470175, 0.998891735268013, 0.29802818745650467, 0.27159298197197, -0.08593760881469883, -0.06722351555822206, 0.606050042779507, -0.7837524741182962, -0.013539816192780885, -0.5296953025246802, -0.4893439901800097, -0.589424151546659, -0.8344021541575789, 0.07461155180319423, -0.8060699041097872, -0.6464847618694598, 0.41159201224746034, -0.8541485120645798, 0.4355660036310163, -0.8402535697714084, 0.01328241318535972, -0.7230638525871875, 0.2139424556297333, -0.214302254200758, -0.9947894563366351, -0.922174559501727, -0.812504270917251, 0.6992835899434213, 0.44128530909132163, 0.20736643843696134, 0.5071591162926716, -0.44396615853077237, 0.2898567086694017, -0.678650387289973, -0.5164747450221523, -0.7270512228455954, -0.7077811011270285, -1.0, -0.691427052696814, 0.9042627030441717, 0.40264764700225775, -0.40049705062810026, -0.5161545555881981, -0.5666240245029157, 0.1154112665269719, 0.5255738956454139, 0.0057328683320802334, 0.14502509119878287, -0.18188170113168178, -0.7991176071870928, 0.2997631178532218, 0.1961916969115622, -0.9079483904272281, -0.9071949403461115, 0.13166482581441685, -0.5040685191877565, 0.9863068605735925, -1.0, -0.878785049210305, -0.0618471250433696, 0.663888690644534, 0.05271645909712963, 0.0775779130299814, 0.3466459837787099, -0.6350352127517367, 0.38476540298584205, 0.8170189658442646, 0.46947719596998927, -0.5596610800689481, -0.1747708466932527, -0.18768327230462656, 0.8219216302246326, -0.55658810999562, 0.5263210448234422, -0.21945938449396385, -0.41323617799488943, -0.1854713267713536, -0.375268883670413, -0.5300673789162511, -0.1774372671133031, 0.02529061221383344, 0.24179058405766912, 0.9603808820068596, 0.5651773356860539, 0.6480701007390636, -0.57350748671511, -0.4964035720831042, 0.10459294935009678, 0.9655585300623293, 0.8478076624724491, -0.2890980909071088, -0.9031090973159168, 1.0, 0.24077008758024032, -0.4871983923526745, -0.8580540331921225, 0.5495611408181603, -0.04611117824336319, -0.12003178816661664, 0.478153216881092, -0.2936586809581003, -0.21167117377580125, -0.6948302338765822, 0.6491649872934966, 1.0, -0.6715966505488005, -0.24202616576928104, 0.55361526148478, -0.9932448682688447, 0.6375689236029398, 0.9110504025058845, -0.6772030241014926, -0.8555760702158678, -0.8482081355119695, 0.07529249142945527, -0.9637144791417913, -0.1142201494392121, 0.8350253795597544]
1019.9525756835938	(8, 12, 2)	[-0.417326505508842, -0.09857403512191265, 0.821518066470175, 0.998891735268013, 0.29802818745650467, 0.27159298197197, -0.08593760881469883, -0.06722351555822206, 0.606050042779507, -0.7837524741182962, -0.013539816192780885, -0.5296953025246802, -0.4893439901800097, -0.589424151546659, -0.8344021541575789, 0.07461155180319423, -0.8060699041097872, -0.6464847618694598, 0.41159201224746034, -0.8541485120645798, 0.4355660036310163, -0.8402535697714084, 0.01328241318535972, -0.7230638525871875, 0.2139424556297333, -0.214302254200758, -0.9947894563366351, -0.922174559501727, -0.812504270917251, 0.6992835899434213, 0.44128530909132163, 0.20736643843696134, 0.5071591162926716, -0.44396615853077237, 0.2898567086694017, -0.678650387289973, -0.5164747450221523, -0.7270512228455954, -0.7077811011270285, -1.0, -0.691427052696814, 0.9042627030441717, 0.40264764700225775, -0.40049705062810026, -0.5161545555881981, -0.5666240245029157, 0.1154112665269719, 0.5255738956454139, 0.0057328683320802334, 0.14502509119878287, -0.18188170113168178, -0.7991176071870928, 0.2997631178532218, 0.1961916969115622, -0.9079483904272281, -0.9071949403461115, 0.13166482581441685, -0.5040685191877565, 0.9863068605735925, -1.0, -0.878785049210305, -0.0618471250433696, 0.663888690644534, 0.05271645909712963, 0.0775779130299814, 0.3466459837787099, -0.6350352127517367, 0.38476540298584205, 0.8170189658442646, 0.46947719596998927, -0.5596610800689481, -0.1747708466932527, -0.18768327230462656, 0.8219216302246326, -0.55658810999562, 0.5263210448234422, -0.21945938449396385, -0.41323617799488943, -0.1854713267713536, -0.375268883670413, -0.5300673789162511, -0.1774372671133031, 0.02529061221383344, 0.24179058405766912, 0.9603808820068596, 0.5651773356860539, 0.6480701007390636, -0.57350748671511, -0.4964035720831042, 0.10459294935009678, 0.9655585300623293, 0.8478076624724491, -0.2890980909071088, -0.9031090973159168, 1.0, 0.24077008758024032, -0.4871983923526745, -0.8580540331921225, 0.5495611408181603, -0.04611117824336319, -0.12003178816661664, 0.478153216881092, -0.2936586809581003, -0.21167117377580125, -0.6948302338765822, 0.6491649872934966, 1.0, -0.6715966505488005, -0.24202616576928104, 0.55361526148478, -0.9932448682688447, 0.6375689236029398, 0.9110504025058845, -0.6772030241014926, -0.8555760702158678, -0.8482081355119695, 0.07529249142945527, -0.9637144791417913, -0.1142201494392121, 0.8350253795597544]
1019.9815063476562	(8, 12, 2)	[-0.417326505508842, -0.09857403512191265, 0.8316887451476968, 0.4222420664029125, 0.6102469648223185, 0.27159298197197, 0.6264636891515681, -0.25291308741107366, 0.606050042779507, -0.19822968038763844, 0.051913268093194895, -0.5296953025246802, -0.4893439901800097, -0.589424151546659, -0.2273281916902823, 0.07461155180319423, -0.9301739545930892, -0.6006940234616929, 0.41159201224746034, -0.8541485120645798, 0.4355660036310163, -0.8402535697714084, 0.20143014257359887, -0.7230638525871875, 0.1861260688738461, -0.214302254200758, -0.8954971650863698, -0.922174559501727, -0.6909748770388087, 0.6992835899434213, -0.7344905986371792, 0.20736643843696134, 0.5071591162926716, -0.5579120623049532, 0.2898567086694017, -0.678650387289973, -0.5164747450221523, -0.7270512228455954, -0.79562238086154, -1.0, -0.691427052696814, 0.9042627030441717, 0.40264764700225775, -0.40049705062810026, -0.7810695607328972, -0.5666240245029157, 0.07775169678036975, 0.5255738956454139, -0.550319743108679, -0.22927999693788803, -0.18188170113168178, -0.7991176071870928, 0.19798657313969112, 0.33007129868183616, -0.9079483904272281, 0.32096378382333346, 0.9985595420205207, -0.5040685191877565, 0.9863068605735925, -1.0, -0.878785049210305, -0.04381553176650255, 0.7858588348349329, 0.19550808049448332, 0.0775779130299814, 0.3466459837787099, -0.6350352127517367, 0.38476540298584205, 0.8170189658442646, 0.46947719596998927, -0.5596610800689481, 0.8028333732041009, -0.18768327230462656, 0.8219216302246326, -0.22068541814071874, 0.5263210448234422, -0.21945938449396385, -0.9377620025126683, -0.1854713267713536, -0.375268883670413, 0.8004107568041801, -0.677079649297146, -0.027272133860333482, 0.31243060714982884, 0.9603808820068596, 0.5651773356860539, -0.793738776430345, -0.4331624154748124, -0.8028881373802572, 0.10459294935009678, 0.9655585300623293, 0.5491580222716645, -0.2890980909071088, -0.9031090973159168, 0.9182026475532474, 0.20249596840209527, -0.5783644313915489, -0.8676540602868119, 0.47763224788025127, -0.04611117824336319, -0.12003178816661664, 0.478153216881092, -0.2936586809581003, -0.21167117377580125, -0.6948302338765822, -0.07410698980697394, 1.0, -0.6487489742454546, -0.2241831285651894, 0.55361526148478, 0.5723139144687119, 0.6375689236029398, 0.9110504025058845, -0.6772030241014926, -0.8555760702158678, -0.7276907880712336, 0.2234505346764868, -0.9637144791417913, -0.32101321693674034, 0.8369541593907368]
1019.9920043945312	(8, 12, 2)	[-0.417326505508842, -0.09857403512191265, 0.821518066470175, 0.4222420664029125, 0.6102469648223185, -0.20082861467788993, -0.08593760881469883, -0.06722351555822206, -0.1589900959635795, -0.7837524741182962, -0.013539816192780885, -0.5296953025246802, -0.4915674511363102, -0.589424151546659, -0.8344021541575789, 0.07461155180319423, -0.6181624580089206, -0.6464847618694598, 0.41159201224746034, -0.8541485120645798, 0.4355660036310163, -0.8402535697714084, 0.01328241318535972, -0.7230638525871875, 0.14466339283294727, -0.214302254200758, -0.9947894563366351, -0.922174559501727, -0.812504270917251, 0.6992835899434213, -0.7344905986371792, 0.20736643843696134, 0.5071591162926716, -0.5579120623049532, 0.2898567086694017, -0.678650387289973, -0.5164747450221523, -0.7270512228455954, -0.79562238086154, -1.0, 0.7367009474320909, 0.21762253406325077, 0.40264764700225775, -0.40049705062810026, -0.7810695607328972, -0.5666240245029157, 0.07775169678036975, 0.19012476433214798, -0.0480413043830894, -0.22927999693788803, -0.17012580019154844, -0.7991176071870928, 0.3160884228344678, 0.33007129868183616, -0.9079483904272281, -0.9071949403461115, 0.9985595420205207, -0.5040685191877565, 0.9863068605735925, -0.9747494714425613, -1.0, -0.04381553176650255, 0.663888690644534, 0.05271645909712963, 0.0775779130299814, 0.3466459837787099, -0.6350352127517367, 0.4651159890036821, 0.8170189658442646, 0.46947719596998927, -0.5596610800689481, -0.1747708466932527, -0.3782264848521244, 0.8219216302246326, -0.22068541814071874, 0.5263210448234422, -0.8122528266083278, -0.3860492116947804, -0.1854713267713536, -0.5692904224707004, 0.69723442445919, -0.677079649297146, -0.027272133860333482, 0.31243060714982884, 0.9603808820068596, -0.4864414193913371, 0.6480701007390636, -0.4808396777965004, -0.4460743330375685, 0.10459294935009678, 0.9655585300623293, 0.8478076624724491, -0.2890980909071088, -0.9031090973159168, 1.0, 0.7660572575685207, -0.5783644313915489, 0.9120388190883513, 0.4497917371516116, -0.04611117824336319, -0.12003178816661664, 0.478153216881092, 0.2065914209880723, -0.17131550992746836, 0.4012482902898107, 0.6491649872934966, 1.0, -0.6715966505488005, -0.3454877215862344, 0.5353561980187389, -1.0, 0.6375689236029398, 0.9110504025058845, -0.08311822026354054, -0.8555760702158678, 0.7044227786005284, 0.37906738983113963, -0.9637144791417913, -0.5242615260409365, 0.8369541593907368]
1019.9966430664062	(8, 12, 2)	[-0.417326505508842, -0.09857403512191265, 0.821518066470175, 0.4222420664029125, 0.6102469648223185, -0.20082861467788993, 0.6264636891515681, -0.06722351555822206, 0.5245145934287265, -0.7837524741182962, -0.013539816192780885, -0.5296953025246802, -0.4915674511363102, -0.589424151546659, -0.13568196535286517, 0.07461155180319423, -0.8196722387203803, -0.6464847618694598, 0.41159201224746034, -0.8541485120645798, 0.4355660036310163, -0.7751357230727987, 0.20143014257359887, -0.7230638525871875, 0.35623571324068204, -0.214302254200758, -0.9947894563366351, -0.922174559501727, -0.812504270917251, 0.6992835899434213, 0.5221860062225967, 0.20736643843696134, 0.5071591162926716, -0.44396615853077237, 0.32028287849478887, -0.678650387289973, -0.5205810055304015, -0.7270512228455954, -0.7077811011270285, -1.0, -0.691427052696814, 0.9042627030441717, 0.40264764700225775, -0.292055204183039, -0.43289169998581034, 0.18815566282594065, 0.07775169678036975, 0.5255738956454139, 0.0057328683320802334, 0.14502509119878287, -0.18188170113168178, -0.7991176071870928, 0.4689062616208759, 0.1961916969115622, 0.9937794417808945, -0.9071949403461115, 0.6133145909976288, -0.5040685191877565, 0.9863068605735925, -0.3247842929676259, -0.878785049210305, -0.4238498587338424, 0.7858588348349329, 0.05271645909712963, 0.0775779130299814, 0.3466459837787099, -0.6350352127517367, 0.38476540298584205, 0.8170189658442646, 0.46947719596998927, 0.42890440640240857, -0.1747708466932527, -0.24547295684330678, 0.8219216302246326, -0.6454311737779689, 0.5263210448234422, -0.8122528266083278, -0.47571634206735397, -0.1854713267713536, -0.375268883670413, 0.657996221570322, -0.677079649297146, -0.8322740763073988, 0.2881622509039607, 0.9603808820068596, 0.5651773356860539, 0.6651669312215771, -0.57350748671511, -0.4460743330375685, 0.10459294935009678, 0.9655585300623293, 0.8478076624724491, -0.2890980909071088, 0.2072569809205005, 1.0, 0.7438763818582059, -0.5783644313915489, -0.8580540331921225, 0.47763224788025127, 0.2503890496096661, -0.12003178816661664, 0.478153216881092, -0.2936586809581003, -0.17131550992746836, 0.38926838937922625, 0.6491649872934966, 1.0, -0.2658138750262724, -0.24202616576928104, 0.55361526148478, 0.5723139144687119, 0.6375689236029398, 0.9110504025058845, -0.6772030241014926, -0.8555760702158678, 0.7044227786005284, 0.07529249142945527, -0.4182581722800722, -0.32101321693674034, 0.8369541593907368]
1019.96484375	(8, 12, 2)	[-0.417326505508842, -0.09857403512191265, 0.8316887451476968, 0.8734010604983404, 0.6102469648223185, 0.27159298197197, -0.08593760881469883, -0.12242199823378441, 0.5971207768633126, -0.19822968038763844, -0.013539816192780885, -0.716305781071151, -0.4915674511363102, -0.589424151546659, -0.2273281916902823, 0.07461155180319423, -0.9301739545930892, -0.6464847618694598, 0.41159201224746034, -0.8541485120645798, 0.4355660036310163, -0.7751357230727987, 0.00762303239047068, -0.7230638525871875, 0.4243859472005875, -0.3778008909397106, -0.9947894563366351, -0.922174559501727, -0.812504270917251, 0.3858771228233062, -0.7344905986371792, 0.7340008273878595, 0.026577680831094463, -0.44396615853077237, 0.2898567086694017, -0.678650387289973, -0.5981811541837126, -0.7270512228455954, -0.8248730058305092, -0.832613633084649, 0.7367009474320909, 0.21762253406325077, 0.40264764700225775, -0.40049705062810026, -0.5161545555881981, -0.5666240245029157, -0.39260442320427913, 0.5255738956454139, 0.0057328683320802334, -0.22927999693788803, -0.18188170113168178, -0.19482641405732548, 0.3160884228344678, 0.33007129868183616, 0.9937794417808945, 0.32096378382333346, 0.9985595420205207, -0.5040685191877565, 0.9863068605735925, -0.4069147599642499, -0.878785049210305, -0.04381553176650255, 0.7858588348349329, -0.0015444563267464906, 0.06333838535776601, 0.3466459837787099, -0.6350352127517367, 0.38476540298584205, 0.8170189658442646, 0.46947719596998927, -0.5596610800689481, -0.1747708466932527, -0.664673079647421, 0.7297004916247418, -0.22068541814071874, 0.6104458758715292, -0.8122528266083278, -0.41323617799488943, -0.1854713267713536, -0.375268883670413, 0.657996221570322, -0.677079649297146, 0.02529061221383344, 0.31243060714982884, 0.9603808820068596, 0.5651773356860539, 0.6480701007390636, -0.57350748671511, -0.33540971643791806, 0.10459294935009678, 0.9655585300623293, 0.8478076624724491, -0.2890980909071088, -0.9031090973159168, 1.0, 0.5035622610446179, -0.6292617761804741, -0.9304104230026329, 0.46364725513108074, -0.5415113403380829, -0.12003178816661664, 0.478153216881092, -0.2936586809581003, -0.17131550992746836, 0.4012482902898107, 0.6491649872934966, -0.8793876490737838, -0.2658138750262724, -0.2546764152977908, 0.55361526148478, 0.5723139144687119, 0.6375689236029398, 0.9110504025058845, -0.6772030241014926, -0.8555760702158678, 0.7107418213330788, 0.2234505346764868, -0.4182581722800722, -0.32101321693674034, -0.5684767485062532]
1019.9992065429688	(8, 12, 2)	[-0.417326505508842, -0.09857403512191265, 0.8316887451476968, 0.8734010604983404, 0.6102469648223185, -0.20082861467788993, -0.08593760881469883, -0.06722351555822206, 0.606050042779507, -0.7837524741182962, 0.051913268093194895, -0.716305781071151, -0.4915674511363102, -0.589424151546659, -0.13568196535286517, 0.1812381971715942, -0.9301739545930892, -0.5850582215245489, 0.41159201224746034, -0.8541485120645798, 0.4355660036310163, -0.7751357230727987, 0.20143014257359887, -0.7230638525871875, 0.35623571324068204, -0.214302254200758, -0.9947894563366351, -0.922174559501727, -0.812504270917251, -0.3095802666879431, -0.7344905986371792, 0.7340008273878595, 0.026577680831094463, -0.44396615853077237, 0.2898567086694017, -0.5261315845755246, -0.5981811541837126, -0.7270512228455954, -0.79562238086154, -0.9136622892744268, -0.691427052696814, 0.21762253406325077, 0.40264764700225775, -0.40049705062810026, -0.5161545555881981, -0.5666240245029157, -0.39260442320427913, 0.19012476433214798, -0.550319743108679, -0.22927999693788803, -0.17012580019154844, -0.7991176071870928, 0.3160884228344678, 0.33007129868183616, 0.9937794417808945, -0.9071949403461115, 0.5396889312757683, -0.4012588232842971, 0.9863068605735925, -1.0, -1.0, -0.04381553176650255, 0.663888690644534, 0.05271645909712963, 0.0775779130299814, 0.2243924691641488, -0.6350352127517367, 0.8912154760983653, 0.8170189658442646, 0.46947719596998927, -0.5596610800689481, -0.1747708466932527, -0.18768327230462656, 0.8219216302246326, -0.55658810999562, 0.5263210448234422, -0.21945938449396385, -0.41323617799488943, -0.9753922607871578, -0.375268883670413, 0.6376265821685898, -0.677079649297146, 0.02529061221383344, 0.31243060714982884, -0.6643106807733054, 0.5651773356860539, 0.6480701007390636, 0.5615715368037361, -0.4206138365410268, 0.10459294935009678, 0.999574615363435, 0.5491580222716645, -0.2890980909071088, -1.0, 1.0, 0.7660572575685207, -0.5205393675587295, -0.6342347230226025, 0.47763224788025127, -0.5415113403380829, -0.12003178816661664, 0.478153216881092, -0.2936586809581003, -0.17131550992746836, -0.6948302338765822, 0.060917466186762415, -0.8793876490737838, -0.2658138750262724, -0.2729545200645424, 0.5860444592524097, 0.5723139144687119, 0.6375689236029398, 0.220687769949236, -0.6772030241014926, -0.8555760702158678, -0.7276907880712336, 0.2234505346764868, -0.4182581722800722, -0.5242615260409365, 0.8369541593907368]
1019.9998779296875	(8, 12, 2)	[-0.417326505508842, 0.04723648752941645, 0.8316887451476968, 0.9130966457729548, 0.6102469648223185, -0.20082861467788993, -0.08593760881469883, -0.06722351555822206, -0.1589900959635795, -0.7837524741182962, -0.013539816192780885, -0.5296953025246802, -0.4915674511363102, -0.589424151546659, -0.7135347814622734, 0.07461155180319423, -0.8060699041097872, -0.6464847618694598, 0.4374128994992383, -0.8541485120645798, 0.4355660036310163, -0.7751357230727987, 0.01328241318535972, -0.7230638525871875, 0.35623571324068204, -0.8437788548460043, -0.9947894563366351, -0.922174559501727, -0.812504270917251, 0.6992835899434213, -0.7344905986371792, 0.20736643843696134, 0.5071591162926716, -0.44396615853077237, 0.32028287849478887, -0.678650387289973, -0.5164747450221523, -0.6472201860787286, -0.7077811011270285, -0.832613633084649, -0.691427052696814, 0.9042627030441717, 0.40264764700225775, -0.292055204183039, -0.7810695607328972, 0.23028148922880678, -0.39260442320427913, 0.5255738956454139, -0.550319743108679, -0.22927999693788803, -0.18188170113168178, -0.7991176071870928, 0.3160884228344678, 0.1961916969115622, -0.9079483904272281, -0.9071949403461115, 0.6133145909976288, -0.5040685191877565, 1.0, -0.9747494714425613, -0.878785049210305, -0.3103132187927446, 0.663888690644534, 0.05271645909712963, 0.0775779130299814, 0.3466459837787099, -0.6350352127517367, 0.38476540298584205, 0.8170189658442646, 0.46947719596998927, -0.6250929053984727, -0.1747708466932527, -0.026305181932297944, 0.8219216302246326, -0.6454311737779689, 0.5263210448234422, -0.8122528266083278, -0.41323617799488943, -0.1854713267713536, -0.375268883670413, 0.69723442445919, -0.677079649297146, -0.8322740763073988, 0.2881622509039607, 0.9603808820068596, 0.5651773356860539, -0.793738776430345, -0.57350748671511, -0.8028881373802572, 0.10459294935009678, 0.9655585300623293, 0.8478076624724491, -0.2890980909071088, -0.9031090973159168, 1.0, 0.7438763818582059, -0.5783644313915489, -0.9304104230026329, -0.901142193887901, -0.5415113403380829, -0.5331279138739038, 0.478153216881092, 0.2065914209880723, -0.17131550992746836, 0.4012482902898107, 0.6491649872934966, 1.0, -0.6715966505488005, -0.2241831285651894, 0.55361526148478, -1.0, -0.12628625663944396, 0.9110504025058845, -0.6772030241014926, -0.8555760702158678, 0.7044227786005284, 0.2234505346764868, -0.8852363136576467, -0.32101321693674034, 0.8369541593907368]
1019.99609375	(8, 12, 2)	[-0.417326505508842, -0.09857403512191265, 0.8316887451476968, 0.8734010604983404, 0.6102469648223185, -0.20082861467788993, 0.6264636891515681, -0.06722351555822206, 0.606050042779507, -0.7837524741182962, -0.013539816192780885, -0.716305781071151, -0.4893439901800097, -0.589424151546659, -0.2273281916902823, 0.07461155180319423, -0.9301739545930892, -0.6464847618694598, 0.41159201224746034, -0.8541485120645798, 0.4355660036310163, -0.7751357230727987, 0.32061031262330814, -0.7230638525871875, 0.35623571324068204, -0.8437788548460043, -0.9947894563366351, -0.922174559501727, -0.812504270917251, 0.6992835899434213, -0.7344905986371792, 0.20736643843696134, 0.49593798648971593, -0.44396615853077237, 0.2898567086694017, -0.678650387289973, -0.49105047625516596, -0.7270512228455954, -0.79562238086154, -0.9615816837320585, 0.7367009474320909, 0.9042627030441717, 0.40264764700225775, -0.40049705062810026, -0.7810695607328972, 0.18815566282594065, -0.39260442320427913, 0.19012476433214798, 0.0057328683320802334, 0.14502509119878287, -0.18188170113168178, -0.19482641405732548, 0.19798657313969112, 0.25594221555333996, -0.9079483904272281, -0.9071949403461115, 0.6133145909976288, -0.5040685191877565, 0.9863068605735925, -0.4069147599642499, -0.878785049210305, -0.04381553176650255, 0.663888690644534, -0.0015444563267464906, 0.0775779130299814, 0.3466459837787099, -0.6350352127517367, 0.38476540298584205, 0.8170189658442646, 0.6275515352835715, -0.5596610800689481, -0.07121018041795232, -0.664673079647421, 0.8219216302246326, -0.55658810999562, 0.6104458758715292, -0.7405577275293842, -0.3854667107560265, -0.10656126592914365, -0.375268883670413, -0.5300673789162511, -0.677079649297146, 0.02529061221383344, 0.31243060714982884, -0.6643106807733054, -0.4864414193913371, -0.793738776430345, 0.5615715368037361, -0.33540971643791806, 0.10459294935009678, 0.9655585300623293, 0.8478076624724491, -0.24481089138931342, -0.9031090973159168, 1.0, 0.5035622610446179, -0.5205393675587295, -0.7429664885089122, 0.47763224788025127, -0.04611117824336319, -0.12003178816661664, 0.478153216881092, -0.2936586809581003, -0.17131550992746836, 0.4012482902898107, 0.6491649872934966, 1.0, -0.2658138750262724, -0.2241831285651894, 0.5860444592524097, 0.5723139144687119, 0.6375689236029398, 0.9110504025058845, -0.6772030241014926, -0.8555760702158678, 0.7107418213330788, 0.1684709233889826, -0.9637144791417913, -0.32101321693674034, -0.5684767485062532]
1019.9990844726562	(8, 12, 2)	[-0.417326505508842, -0.265664694147139, 0.8316887451476968, 0.8734010604983404, 0.6102469648223185, -0.20082861467788993, 0.6264636891515681, -0.06722351555822206, 0.606050042779507, -0.7837524741182962, -0.013539816192780885, -0.5296953025246802, -0.4893439901800097, -0.589424151546659, -0.7135347814622734, -0.22689523422413882, -0.9301739545930892, -0.6464847618694598, 0.4374128994992383, -0.8541485120645798, 0.4355660036310163, -0.7751357230727987, 0.20143014257359887, -0.7230638525871875, 0.35623571324068204, -0.3778008909397106, -0.9947894563366351, -0.922174559501727, -0.812504270917251, 0.6992835899434213, -0.7333910859536337, 0.20736643843696134, 0.49593798648971593, -0.433212627186322, 0.3792991123796801, -0.678650387289973, -0.49105047625516596, -0.7270512228455954, -0.79562238086154, -1.0, 0.7367009474320909, 0.9042627030441717, 0.40264764700225775, -0.40049705062810026, -0.7810695607328972, 0.18815566282594065, -0.39260442320427913, 0.19012476433214798, -0.601606218784223, -0.22927999693788803, -0.18188170113168178, -0.19482641405732548, 0.19798657313969112, 0.25594221555333996, 0.9937794417808945, -0.9071949403461115, 0.9985595420205207, -0.5040685191877565, 1.0, -0.20188891379798085, -0.878785049210305, -0.04381553176650255, 0.663888690644534, 0.05271645909712963, 0.0775779130299814, 0.3466459837787099, -0.6350352127517367, 0.38476540298584205, 0.8170189658442646, 0.6275515352835715, -0.5596610800689481, -0.1747708466932527, -0.18768327230462656, 0.8219216302246326, -0.55658810999562, 0.6104458758715292, -0.7405577275293842, -0.3854667107560265, -0.10656126592914365, -0.375268883670413, -0.5300673789162511, -0.1774372671133031, -0.027272133860333482, 0.31243060714982884, 0.9603808820068596, -0.4864414193913371, -0.793738776430345, 0.5615715368037361, -0.33540971643791806, 0.021230228799722195, 0.9655585300623293, 0.8478076624724491, -0.24481089138931342, -0.9031090973159168, 1.0, 0.5035622610446179, -0.5205393675587295, -0.8580540331921225, 0.46364725513108074, -0.5415113403380829, -0.12003178816661664, 0.478153216881092, -0.2936586809581003, -0.17131550992746836, 0.4012482902898107, 0.6491649872934966, -0.8793876490737838, -0.9385307053847871, -0.3454877215862344, 0.45786358980008895, -1.0, -0.12628625663944396, 0.9110504025058845, -0.6772030241014926, -0.8555760702158678, 0.7107418213330788, 0.1684709233889826, -0.9637144791417913, -0.32101321693674034, 0.8369541593907368]
1019.9998168945312	(8, 12, 2)	[-0.417326505508842, -0.09857403512191265, 0.8316887451476968, 0.4222420664029125, 0.5527500264649268, -0.2581295990314983, 0.6264636891515681, -0.06722351555822206, 0.4278722998055, -0.7837524741182962, -0.013539816192780885, -0.716305781071151, -0.4893439901800097, -0.589424151546659, -0.7135347814622734, 0.07461155180319423, -0.9301739545930892, -0.6464847618694598, 0.41159201224746034, -0.8541485120645798, 0.4355660036310163, -0.7751357230727987, 0.00762303239047068, -0.7230638525871875, 0.14466339283294727, -0.214302254200758, -0.9947894563366351, -0.922174559501727, -0.6909748770388087, 0.6992835899434213, -0.7344905986371792, 0.20736643843696134, 0.5071591162926716, -0.44396615853077237, 0.2898567086694017, -0.678650387289973, -0.49105047625516596, -0.6179334182219574, -0.8248730058305092, -0.9615816837320585, 0.5070603136382503, 0.9042627030441717, 0.40264764700225775, -0.40049705062810026, -0.7573909969517739, -0.5666240245029157, 0.07775169678036975, 0.5255738956454139, -0.601606218784223, -0.22927999693788803, -0.18188170113168178, -0.7991176071870928, 0.30807624069561557, 0.25594221555333996, -0.9079483904272281, -0.9071949403461115, 0.13166482581441685, -0.5040685191877565, 0.9863068605735925, -0.4069147599642499, -0.878785049210305, -0.04381553176650255, 0.7858588348349329, 0.05271645909712963, 0.12077466443692156, 0.3466459837787099, -0.6726275047242748, 0.8912154760983653, 0.8170189658442646, 0.46947719596998927, -0.5596610800689481, 0.8540709403268645, -0.18768327230462656, 0.7247027658294647, -0.22068541814071874, 0.5263210448234422, -0.21945938449396385, -0.41323617799488943, -0.9753922607871578, -0.375268883670413, 0.657996221570322, -0.677079649297146, 0.02529061221383344, 0.2881622509039607, 0.9603808820068596, -0.4864414193913371, 0.6480701007390636, -0.57350748671511, -0.4460743330375685, 0.10459294935009678, 0.9655585300623293, 0.8478076624724491, -0.2890980909071088, -0.9031090973159168, 1.0, 0.6911340395270462, -0.5783644313915489, -0.8676540602868119, 0.47763224788025127, -0.5033556620299832, -0.12003178816661664, 0.478153216881092, -0.2936586809581003, -0.17131550992746836, 0.4012482902898107, 0.6491649872934966, -0.8793876490737838, -0.2658138750262724, -0.3454877215862344, 0.55361526148478, 0.5723139144687119, 0.6375689236029398, 0.9110504025058845, -0.6772030241014926, -0.7856988638837554, 0.7107418213330788, 0.07529249142945527, -0.9637144791417913, -0.5242615260409365, 0.8369541593907368]
1019.9988403320312	(8, 12, 2)	[-0.417326505508842, -0.09857403512191265, 0.8316887451476968, 0.998891735268013, 0.4847329517065684, -0.20082861467788993, 0.6264636891515681, -0.06722351555822206, 0.606050042779507, -0.7837524741182962, 0.051913268093194895, -0.46620397951629045, -0.4893439901800097, -0.589424151546659, -0.13568196535286517, -0.22689523422413882, -0.8196722387203803, -0.6464847618694598, 0.41159201224746034, -0.8541485120645798, 0.4355660036310163, -0.8402535697714084, -0.03331451413841822, -0.7230638525871875, 0.14466339283294727, -0.214302254200758, 0.6464697848637315, -0.922174559501727, -0.7973968765859937, 0.6992835899434213, 0.5221860062225967, 0.7340008273878595, 0.49593798648971593, -0.44396615853077237, 0.2898567086694017, -0.678650387289973, -0.49105047625516596, -0.7270512228455954, -0.7077811011270285, -1.0, 0.5070603136382503, 0.21762253406325077, 0.40264764700225775, -0.40049705062810026, -0.3678851478563365, 0.18815566282594065, -0.39260442320427913, 0.19012476433214798, -0.07674803517156065, 0.14502509119878287, -0.18188170113168178, -0.7991176071870928, 0.22325532870095582, 0.33007129868183616, 0.9937794417808945, -0.9071949403461115, 1.0, -0.5040685191877565, 0.9863068605735925, -0.4069147599642499, -0.878785049210305, -0.015168873462535135, 0.663888690644534, -0.10662926065199163, 0.0775779130299814, 0.2243924691641488, -0.6350352127517367, 0.38476540298584205, 0.8170189658442646, 0.46947719596998927, -0.5596610800689481, 0.8540709403268645, -0.18768327230462656, 0.7247027658294647, -0.580453224251212, 0.5263210448234422, -0.8122528266083278, -0.47571634206735397, -0.1854713267713536, -0.375268883670413, 0.69723442445919, -0.677079649297146, -0.8322740763073988, 0.31243060714982884, -0.4131952092054535, 0.5651773356860539, 0.6494184669188585, -0.57350748671511, -0.4964035720831042, 0.10459294935009678, 0.9108210579304661, 0.7167410144704701, -0.2890980909071088, -0.9031090973159168, 1.0, 0.7438763818582059, -0.5783644313915489, -0.7429664885089122, 0.46364725513108074, 0.2503890496096661, -0.12003178816661664, 0.478153216881092, -0.2936586809581003, -0.17131550992746836, -0.6948302338765822, 0.6491649872934966, 1.0, -0.6715966505488005, -0.3454877215862344, 0.55361526148478, -1.0, -0.12628625663944396, 0.9110504025058845, -0.18950613733793226, -0.8555760702158678, 0.7044227786005284, 0.07529249142945527, -0.9637144791417913, -0.32101321693674034, 0.8369541593907368]
1019.9989013671875	(8, 12, 2)	[-0.417326505508842, -0.09857403512191265, 0.8316887451476968, 0.9130966457729548, 0.6102469648223185, -0.20082861467788993, 0.6264636891515681, -0.06722351555822206, 0.606050042779507, -0.7837524741182962, -0.013539816192780885, -0.716305781071151, -0.4893439901800097, -0.589424151546659, -0.13568196535286517, 0.06178015245860482, -0.9301739545930892, -0.6464847618694598, 0.41159201224746034, -0.8541485120645798, 0.4355660036310163, -0.7751357230727987, 0.20143014257359887, -0.7230638525871875, 0.35623571324068204, -0.8437788548460043, -0.9947894563366351, -0.922174559501727, -0.812504270917251, 0.6992835899434213, 0.5221860062225967, 0.20736643843696134, 0.5071591162926716, -0.44396615853077237, 0.32028287849478887, -0.8872339225860894, -0.49105047625516596, -0.7270512228455954, -0.8087519968399116, -0.832613633084649, 0.7367009474320909, 0.901114975421858, 0.40264764700225775, -0.40049705062810026, -0.5161545555881981, -0.5592382737358642, 0.07775169678036975, 0.19012476433214798, -0.601606218784223, 0.14502509119878287, -0.17012580019154844, -0.7991176071870928, 0.19798657313969112, 0.33007129868183616, 1.0, -0.9071949403461115, 0.6133145909976288, -0.5040685191877565, 0.9863068605735925, -0.20188891379798085, -0.878785049210305, -0.04381553176650255, 0.7858588348349329, -0.0015444563267464906, 0.0775779130299814, 0.3466459837787099, -0.6350352127517367, 0.38476540298584205, 0.8170189658442646, 0.46947719596998927, -0.6250929053984727, -0.1747708466932527, -0.3782264848521244, 0.8219216302246326, -0.55658810999562, 0.5263210448234422, -0.8122528266083278, -0.41323617799488943, -0.1854713267713536, -0.375268883670413, -0.5300673789162511, -0.9491899560182264, -0.027272133860333482, 0.1665033455300169, 0.9603808820068596, 0.5651773356860539, 0.6651669312215771, 0.4905484291104773, -0.8028881373802572, 0.10459294935009678, 0.9655585300623293, 0.5491580222716645, -0.2890980909071088, -0.9031090973159168, 1.0, 0.5035622610446179, -0.5205393675587295, -0.6342347230226025, -0.901142193887901, 0.14088984727157322, -0.5331279138739038, 0.478153216881092, -0.2936586809581003, -0.17131550992746836, 0.4012482902898107, 0.060917466186762415, 1.0, -0.2658138750262724, -0.24202616576928104, 0.45786358980008895, 0.5723139144687119, 0.6375689236029398, 0.9110504025058845, -0.6772030241014926, -0.8555760702158678, 0.7107418213330788, 0.2234505346764868, -0.3993830471437943, -0.32101321693674034, 0.8369541593907368]
1019.9993896484375	(8, 12, 2)	[-0.417326505508842, -0.021499885788191286, 0.821518066470175, 0.998891735268013, 0.6102469648223185, -0.2581295990314983, 0.6264636891515681, -0.06722351555822206, 0.4278722998055, -0.7837524741182962, -0.013539816192780885, -0.36085678853450354, -0.4915674511363102, -0.589424151546659, -0.2273281916902823, -0.22689523422413882, -0.9301739545930892, -0.6464847618694598, 0.41159201224746034, -0.8541485120645798, 0.4355660036310163, -0.7751357230727987, 0.20143014257359887, -0.7230638525871875, 0.35623571324068204, -0.214302254200758, 0.6464697848637315, -0.922174559501727, -0.6909748770388087, 0.6992835899434213, -0.7344905986371792, 0.20736643843696134, 0.5894456779849067, -0.21496370998446354, 0.2898567086694017, -0.678650387289973, -0.5981811541837126, -0.6179334182219574, -0.7077811011270285, -0.9615816837320585, 0.5070603136382503, 0.9042627030441717, 0.40264764700225775, -0.40049705062810026, -0.5161545555881981, -0.5666240245029157, -0.39260442320427913, 0.5255738956454139, 0.0057328683320802334, 0.14502509119878287, -0.18188170113168178, -0.7991176071870928, 0.3160884228344678, 0.33007129868183616, -0.9079483904272281, 0.32096378382333346, 0.6133145909976288, -0.5040685191877565, 0.9863068605735925, -0.9747494714425613, -0.878785049210305, -0.04381553176650255, 0.7858588348349329, 0.05271645909712963, 0.09475743248484286, 0.3466459837787099, -0.6726275047242748, 0.8912154760983653, -0.12101817609267695, 0.46947719596998927, -0.5596610800689481, 0.8540709403268645, -0.3782264848521244, 0.7247027658294647, -0.22068541814071874, 0.5263210448234422, -0.8122528266083278, -0.3854667107560265, -0.1854713267713536, -0.375268883670413, 0.8004107568041801, -0.677079649297146, -0.14100596455919168, 0.2881622509039607, 1.0, 0.5651773356860539, -0.793738776430345, -0.57350748671511, -0.4460743330375685, 0.021230228799722195, 0.9655585300623293, 0.5491580222716645, -0.2890980909071088, 0.2072569809205005, 1.0, 0.5035622610446179, -0.5783644313915489, -0.8676540602868119, 0.46364725513108074, 0.14088984727157322, -0.12003178816661664, 0.478153216881092, -0.3141776138392923, -0.21167117377580125, -0.6948302338765822, 0.060917466186762415, -0.8793876490737838, -0.9385307053847871, -0.3454877215862344, 0.45786358980008895, -1.0, -0.12628625663944396, 0.9110504025058845, -0.7180525816444844, -0.958640626166798, 0.7044227786005284, 0.2234505346764868, -0.4182581722800722, -0.5242615260409365, 0.8369541593907368]
1019.9942016601562	(8, 12, 2)	[-0.417326505508842, -0.09857403512191265, 0.821518066470175, 0.8734010604983404, 0.5527500264649268, -0.20082861467788993, -0.08593760881469883, -0.06722351555822206, 0.5245145934287265, -0.7837524741182962, 0.051913268093194895, -0.716305781071151, -0.4893439901800097, -0.7084799266005071, -0.13568196535286517, -0.22689523422413882, -0.767774971932831, -0.6464847618694598, 0.41159201224746034, -0.8541485120645798, 0.16572521872207446, -0.7751357230727987, 0.20143014257359887, -0.7230638525871875, 0.14466339283294727, -0.3778008909397106, -0.9947894563366351, -0.922174559501727, -0.6909748770388087, 0.6992835899434213, -0.7344905986371792, 0.20736643843696134, 0.5071591162926716, -0.44396615853077237, 0.2898567086694017, -0.678650387289973, -0.5981811541837126, -0.7270512228455954, -0.8248730058305092, -0.832613633084649, 0.5070603136382503, 0.901114975421858, 0.40264764700225775, -0.292055204183039, -0.3678851478563365, 0.18815566282594065, -0.38871040455797295, 0.5255738956454139, 0.0057328683320802334, 0.14502509119878287, -0.12621339899255846, -0.19482641405732548, 0.22325532870095582, 0.33007129868183616, -0.03838246678406054, -0.9071949403461115, 1.0, -0.5040685191877565, 1.0, -0.4069147599642499, -0.878785049210305, -0.015168873462535135, 0.7858588348349329, 0.05271645909712963, 0.0775779130299814, 0.2243924691641488, -0.6350352127517367, 0.38476540298584205, 0.8170189658442646, 0.6275515352835715, -0.5596610800689481, 0.8540709403268645, -0.3896606580989506, 0.8219216302246326, -0.55658810999562, 0.45963945251600585, -0.8122528266083278, -0.47571634206735397, -0.1854713267713536, -0.375268883670413, -0.5300673789162511, -0.677079649297146, -0.8322740763073988, 0.31243060714982884, 0.9603808820068596, 0.5651773356860539, -0.793738776430345, 0.5615715368037361, -0.33540971643791806, -0.0404976702171467, 0.9108210579304661, 0.5491580222716645, -0.24481089138931342, 0.2072569809205005, 1.0, 0.5035622610446179, -0.5783644313915489, -0.7429664885089122, 0.46364725513108074, -0.5415113403380829, -0.12003178816661664, 0.478153216881092, -0.2936586809581003, -0.17131550992746836, -0.6948302338765822, 0.08808018888528359, 1.0, -0.2658138750262724, -0.3454877215862344, 0.55361526148478, 0.5865167941731666, -0.12628625663944396, 0.9110504025058845, -0.49252634009244456, -0.8555760702158678, 0.7044227786005284, 0.1684709233889826, -0.9637144791417913, -0.32101321693674034, 0.8369541593907368]
1019.9939575195312	(8, 12, 2)	[-0.417326505508842, -0.09857403512191265, 0.8316887451476968, 0.4222420664029125, 0.6102469648223185, 0.27159298197197, 0.6264636891515681, -0.06722351555822206, 0.606050042779507, -0.7837524741182962, -0.013539816192780885, -0.716305781071151, -0.4915674511363102, -0.7084799266005071, -0.13568196535286517, -0.22689523422413882, -0.9800745361603155, -0.6464847618694598, 0.41159201224746034, -0.8541485120645798, 0.16572521872207446, -0.7751357230727987, 0.2725321370699298, -0.7230638525871875, 0.1086236927291549, -0.8437788548460043, -0.9947894563366351, -0.922174559501727, -0.812504270917251, 0.6992835899434213, 0.5221860062225967, 0.23040916290549784, 0.49593798648971593, -0.44396615853077237, 0.3792991123796801, -0.8872339225860894, -0.49105047625516596, -0.7270512228455954, -0.7978886898186953, -0.832613633084649, 0.7367009474320909, 0.9042627030441717, 0.4955546468850392, -0.40049705062810026, -0.7573909969517739, -0.6051756190157964, -0.39260442320427913, 0.19012476433214798, 0.0057328683320802334, 0.14502509119878287, -0.17012580019154844, -0.7991176071870928, 0.30807624069561557, 0.33007129868183616, -0.03838246678406054, -0.9071949403461115, 0.6133145909976288, -0.5040685191877565, 1.0, -0.20188891379798085, -0.878785049210305, -0.015168873462535135, 0.7858588348349329, 0.05271645909712963, 0.0775779130299814, 0.3466459837787099, -0.6726275047242748, 0.38476540298584205, 0.8170189658442646, 0.46947719596998927, -0.5596610800689481, -0.1747708466932527, -0.3782264848521244, 0.8219216302246326, -0.22068541814071874, 0.5263210448234422, -0.8122528266083278, -0.9377620025126683, -0.1854713267713536, -0.375268883670413, 0.8004107568041801, -0.1774372671133031, 0.02529061221383344, 0.31243060714982884, 1.0, -0.4864414193913371, -0.793738776430345, -0.57350748671511, -0.4964035720831042, 0.10459294935009678, 0.9655585300623293, 0.8478076624724491, -0.24481089138931342, -0.9031090973159168, -0.6358775389588269, 0.5035622610446179, -0.5205393675587295, -0.8676540602868119, 0.5495611408181603, -0.5415113403380829, -0.12003178816661664, 0.478153216881092, -0.2936586809581003, -0.17131550992746836, 0.4012482902898107, 0.060917466186762415, -0.8793876490737838, -0.2658138750262724, -0.24202616576928104, 0.55361526148478, 0.5723139144687119, 0.6375689236029398, 0.9110504025058845, -0.6772030241014926, -0.8555760702158678, 0.7107418213330788, 0.2234505346764868, -0.4182581722800722, -0.32101321693674034, -0.5684767485062532]
1019.998779296875	(8, 12, 2)	[-0.417326505508842, -0.09857403512191265, 0.8316887451476968, 0.9130966457729548, 0.4847329517065684, -0.20082861467788993, 0.6264636891515681, -0.08841282646058371, 0.4278722998055, -0.7837524741182962, -0.013539816192780885, -0.716305781071151, -0.4893439901800097, -0.589424151546659, -0.2273281916902823, -0.22689523422413882, -0.8196722387203803, -0.872930974597183, 0.41159201224746034, -0.8541485120645798, 0.4355660036310163, -0.8402535697714084, 0.00762303239047068, -0.7230638525871875, 0.14466339283294727, -0.3778008909397106, -0.9585111815920475, -0.922174559501727, -0.788674398973761, 0.6992835899434213, 0.5221860062225967, 0.20736643843696134, 0.5071591162926716, -0.44396615853077237, 0.3792991123796801, -0.5261315845755246, -0.49105047625516596, -0.7270512228455954, -0.7978886898186953, -1.0, 0.5070603136382503, 0.9042627030441717, 0.2937544372436325, -0.40049705062810026, -0.43289169998581034, -0.5666240245029157, -0.16827717520818058, 0.19012476433214798, 0.07369137603380355, 0.14502509119878287, -0.18188170113168178, -0.6912464542630178, 0.3160884228344678, 0.33007129868183616, -0.9079483904272281, 0.32096378382333346, 1.0, -0.5040685191877565, 0.9863068605735925, -0.9747494714425613, -0.878785049210305, -0.04381553176650255, 0.7858588348349329, -0.10662926065199163, 0.0775779130299814, 0.37926610032778757, -0.6350352127517367, 0.38476540298584205, 0.8170189658442646, 0.46947719596998927, -0.5596610800689481, 0.8028333732041009, -0.4475901418011594, 0.7247027658294647, -0.55658810999562, 0.5263210448234422, -0.8122528266083278, -0.47571634206735397, -0.1854713267713536, -0.375268883670413, 0.6376265821685898, -0.677079649297146, -0.14100596455919168, 0.31243060714982884, 1.0, 0.47251881242818505, -0.793738776430345, 0.4905484291104773, -0.8028881373802572, 0.10459294935009678, 0.9108210579304661, 0.5491580222716645, -0.2890980909071088, 0.2072569809205005, 1.0, 0.5035622610446179, -0.5783644313915489, -0.7429664885089122, 0.46364725513108074, -0.5415113403380829, -0.12003178816661664, 0.478153216881092, 0.2065914209880723, -0.3333357497241605, 0.4012482902898107, 0.060917466186762415, -0.8793876490737838, -0.2658138750262724, -0.3454877215862344, 0.5860444592524097, -1.0, 0.6375689236029398, 0.9110504025058845, -0.6772030241014926, -0.8555760702158678, 0.7044227786005284, 0.2234505346764868, -0.9637144791417913, -0.32101321693674034, 0.8369541593907368]
1019.9981689453125	(8, 12, 2)	[-0.417326505508842, -0.09857403512191265, 0.8316887451476968, 0.8734010604983404, 0.6102469648223185, -0.2581295990314983, -0.08593760881469883, -0.06722351555822206, 0.5245145934287265, -0.7837524741182962, -0.045434221654326555, -0.716305781071151, -0.4915674511363102, -0.7084799266005071, -0.2273281916902823, -0.22689523422413882, -0.9301739545930892, -0.6464847618694598, 0.41159201224746034, -0.8541485120645798, 0.4355660036310163, -0.8402535697714084, 0.20143014257359887, -0.7230638525871875, 0.14466339283294727, -0.214302254200758, -0.9947894563366351, -0.922174559501727, -0.6909748770388087, 0.3858771228233062, -0.7344905986371792, 0.20736643843696134, 0.5071591162926716, -0.44396615853077237, 0.2898567086694017, -0.8872339225860894, -0.49105047625516596, -0.7376633073225821, -0.7978886898186953, -0.832613633084649, 0.7367009474320909, 0.9042627030441717, 0.40264764700225775, -0.40049705062810026, -0.43289169998581034, -0.6051756190157964, 0.07775169678036975, 0.5255738956454139, -0.601606218784223, 0.14502509119878287, -0.18188170113168178, -0.8082446662421063, 0.19798657313969112, 0.33007129868183616, -0.03838246678406054, -0.9071949403461115, 0.6133145909976288, -0.42957307571595016, 0.9863068605735925, -0.20188891379798085, -0.878785049210305, -0.015168873462535135, 0.7858588348349329, -0.10662926065199163, 0.0775779130299814, 0.2243924691641488, -0.6350352127517367, 0.4651159890036821, 0.8170189658442646, 0.46947719596998927, -0.5596610800689481, 0.8540709403268645, -0.3896606580989506, 0.8219216302246326, -0.6057013394254989, 0.5263210448234422, -0.8122528266083278, -0.41323617799488943, -0.1854713267713536, -0.5692904224707004, -0.5300673789162511, -0.9491899560182264, -0.027272133860333482, 0.31243060714982884, 0.9603808820068596, 0.5651773356860539, -0.793738776430345, -0.57350748671511, -0.33540971643791806, 0.10459294935009678, 0.999574615363435, 0.5491580222716645, -0.24481089138931342, -0.9031090973159168, 1.0, 0.7660572575685207, -0.5783644313915489, -0.8676540602868119, -0.901142193887901, 0.14088984727157322, -0.5331279138739038, 0.478153216881092, -0.2936586809581003, -0.3333357497241605, 0.4012482902898107, 0.08808018888528359, 1.0, -0.2658138750262724, -0.3454877215862344, 0.55361526148478, -1.0, 0.6375689236029398, 0.9110504025058845, -0.6772030241014926, -0.7856988638837554, 0.7044227786005284, 0.2234505346764868, -0.9637144791417913, -0.32101321693674034, 0.8369541593907368]
1019.9998779296875	(8, 12, 2)	[-0.417326505508842, -0.09857403512191265, 0.8316887451476968, 0.998891735268013, 0.6102469648223185, 0.27159298197197, 0.6264636891515681, -0.06722351555822206, 0.606050042779507, -0.7837524741182962, -0.013539816192780885, -0.5296953025246802, -0.4915674511363102, -0.589424151546659, -0.2273281916902823, -0.22689523422413882, -0.9301739545930892, -0.872930974597183, 0.41159201224746034, -0.8541485120645798, 0.4355660036310163, -0.7751357230727987, 0.2725321370699298, -0.7230638525871875, 0.14466339283294727, -0.214302254200758, -0.9947894563366351, -0.922174559501727, -0.812504270917251, 0.6992835899434213, 0.5221860062225967, 0.20736643843696134, 0.49593798648971593, -0.44396615853077237, 0.3792991123796801, -0.678650387289973, -0.7370127888994085, -0.7270512228455954, -0.7978886898186953, -0.832613633084649, 0.5070603136382503, 0.8814735004370342, 0.40264764700225775, -0.40049705062810026, -0.7573909969517739, 0.18815566282594065, -0.39260442320427913, 0.5255738956454139, -0.013690966781063858, 0.14502509119878287, -0.18188170113168178, -0.8082446662421063, 0.19798657313969112, 0.33007129868183616, -0.9079483904272281, 0.23363958941579638, 1.0, -0.5040685191877565, 0.9863068605735925, -0.23396208362533952, -0.878785049210305, -0.015168873462535135, 0.7858588348349329, 0.05271645909712963, 0.0775779130299814, 0.2243924691641488, -0.6350352127517367, 0.4651159890036821, -0.12101817609267695, 0.46947719596998927, -0.5596610800689481, 0.8028333732041009, -0.3782264848521244, 0.8219216302246326, -0.6122381360160675, 0.5263210448234422, -0.8122528266083278, -0.9377620025126683, -0.1854713267713536, -0.375268883670413, -0.5300673789162511, -0.677079649297146, 0.02529061221383344, 0.31243060714982884, 0.9603808820068596, -0.4864414193913371, -0.793738776430345, -0.57350748671511, -0.4460743330375685, 0.10459294935009678, 0.999574615363435, 0.8478076624724491, -0.2890980909071088, 0.2072569809205005, 1.0, 0.5035622610446179, -0.5783644313915489, -0.8676540602868119, 0.46364725513108074, 0.2503890496096661, -0.12003178816661664, 0.478153216881092, 0.2065914209880723, -0.21167117377580125, -0.6948302338765822, 0.6491649872934966, -0.8793876490737838, -0.2658138750262724, -0.3454877215862344, 0.45786358980008895, -1.0, -0.12628625663944396, 0.881320559720509, -0.18950613733793226, -0.8555760702158678, 0.7107418213330788, 0.2234505346764868, -0.9637144791417913, -0.5242615260409365, -0.5684767485062532]
1019.999755859375	(8, 12, 2)	[-0.417326505508842, -0.09857403512191265, 0.8316887451476968, 0.8734010604983404, 0.6102469648223185, 0.27159298197197, 0.6264636891515681, -0.06722351555822206, 0.606050042779507, -0.7837524741182962, -0.013539816192780885, -0.716305781071151, -0.4915674511363102, -0.589424151546659, -0.13568196535286517, -0.22689523422413882, -0.8196722387203803, -0.6464847618694598, 0.41159201224746034, -0.8541485120645798, 0.4355660036310163, -0.8402535697714084, 0.20143014257359887, -0.7230638525871875, 0.35623571324068204, -0.214302254200758, -0.9947894563366351, -0.922174559501727, -0.7973968765859937, 0.6992835899434213, -0.7344905986371792, 0.20736643843696134, 0.49593798648971593, -0.21496370998446354, 0.3792991123796801, -0.7465048318331695, -0.49105047625516596, -0.7270512228455954, -0.7077811011270285, -1.0, 0.7367009474320909, 0.9042627030441717, 0.40264764700225775, -0.292055204183039, -0.43289169998581034, 0.18815566282594065, 0.049357043914784626, 0.5255738956454139, 0.0057328683320802334, 0.14502509119878287, -0.18188170113168178, -0.7991176071870928, 0.22325532870095582, 0.33007129868183616, -0.9079483904272281, 0.32096378382333346, 1.0, -0.5040685191877565, 0.9863068605735925, -0.23396208362533952, -0.878785049210305, -0.04381553176650255, 0.663888690644534, 0.05271645909712963, 0.0775779130299814, 0.23753009871319164, -0.6726275047242748, 0.8912154760983653, -0.12101817609267695, 0.46947719596998927, -0.5596610800689481, 0.8540709403268645, -0.18768327230462656, 0.8219216302246326, -0.22068541814071874, 0.7117992599862035, -0.8122528266083278, -0.3854667107560265, -0.1854713267713536, -0.375268883670413, 0.69723442445919, -0.677079649297146, -0.027272133860333482, 0.31243060714982884, 1.0, 0.5651773356860539, 0.6651669312215771, -0.57350748671511, -0.4460743330375685, 0.021230228799722195, 0.9108210579304661, 0.5491580222716645, -0.2890980909071088, 0.2072569809205005, 1.0, 0.5035622610446179, -0.5783644313915489, -0.7429664885089122, 0.46364725513108074, 0.14088984727157322, -0.12003178816661664, 0.478153216881092, -0.2936586809581003, -0.21167117377580125, -0.6948302338765822, 0.060917466186762415, -0.8793876490737838, -0.2658138750262724, -0.3454877215862344, 0.45786358980008895, -1.0, -0.12628625663944396, 0.9110504025058845, -0.6772030241014926, -0.958640626166798, 0.7107418213330788, 0.2234505346764868, -0.37888293598473416, -0.1142201494392121, 0.8369541593907368]
1019.9998779296875	(8, 12, 2)	[-0.417326505508842, -0.09857403512191265, 0.8316887451476968, 0.8734010604983404, 0.6102469648223185, 0.27159298197197, 0.6264636891515681, -0.06722351555822206, 0.606050042779507, -0.7837524741182962, -0.013539816192780885, -0.716305781071151, -0.4915674511363102, -0.589424151546659, -0.13568196535286517, -0.22689523422413882, -0.8196722387203803, -0.6464847618694598, 0.41159201224746034, -0.8541485120645798, 0.4355660036310163, -0.8402535697714084, 0.20143014257359887, -0.7230638525871875, 0.35623571324068204, -0.214302254200758, -0.9947894563366351, -0.922174559501727, -0.7973968765859937, 0.6992835899434213, -0.7344905986371792, 0.20736643843696134, 0.49593798648971593, -0.21496370998446354, 0.3792991123796801, -0.7465048318331695, -0.49105047625516596, -0.7270512228455954, -0.7077811011270285, -1.0, 0.7367009474320909, 0.9042627030441717, 0.40264764700225775, -0.292055204183039, -0.43289169998581034, 0.18815566282594065, 0.049357043914784626, 0.5255738956454139, 0.0057328683320802334, 0.14502509119878287, -0.18188170113168178, -0.7991176071870928, 0.22325532870095582, 0.33007129868183616, -0.9079483904272281, 0.32096378382333346, 1.0, -0.5040685191877565, 0.9863068605735925, -0.23396208362533952, -0.878785049210305, -0.04381553176650255, 0.663888690644534, 0.05271645909712963, 0.0775779130299814, 0.23753009871319164, -0.6726275047242748, 0.8912154760983653, -0.12101817609267695, 0.46947719596998927, -0.5596610800689481, 0.8540709403268645, -0.18768327230462656, 0.8219216302246326, -0.22068541814071874, 0.7117992599862035, -0.8122528266083278, -0.3854667107560265, -0.1854713267713536, -0.375268883670413, 0.69723442445919, -0.677079649297146, -0.027272133860333482, 0.31243060714982884, 1.0, 0.5651773356860539, 0.6651669312215771, -0.57350748671511, -0.4460743330375685, 0.021230228799722195, 0.9108210579304661, 0.5491580222716645, -0.2890980909071088, 0.2072569809205005, 1.0, 0.5035622610446179, -0.5783644313915489, -0.7429664885089122, 0.46364725513108074, 0.14088984727157322, -0.12003178816661664, 0.478153216881092, -0.2936586809581003, -0.21167117377580125, -0.6948302338765822, 0.060917466186762415, -0.8793876490737838, -0.2658138750262724, -0.3454877215862344, 0.45786358980008895, -1.0, -0.12628625663944396, 0.9110504025058845, -0.6772030241014926, -0.958640626166798, 0.7107418213330788, 0.2234505346764868, -0.37888293598473416, -0.1142201494392121, 0.8369541593907368]
1019.9996948242188	(8, 12, 2)	[-0.417326505508842, -0.09857403512191265, 0.821518066470175, 0.8356238016380461, 0.6102469648223185, -0.2581295990314983, 0.6264636891515681, -0.06722351555822206, 0.606050042779507, -0.7837524741182962, -0.013539816192780885, -0.36085678853450354, -0.4915674511363102, -0.589424151546659, -0.2273281916902823, 0.07461155180319423, -0.9301739545930892, -0.872930974597183, 0.41159201224746034, -0.8541485120645798, 0.16572521872207446, -0.8402535697714084, 0.2725321370699298, -0.7230638525871875, 0.14466339283294727, -0.214302254200758, -0.9947894563366351, -0.922174559501727, -0.812504270917251, 0.6992835899434213, -0.7344905986371792, 0.20736643843696134, 0.5894456779849067, -0.44396615853077237, 0.2898567086694017, -0.7556170442310026, -0.5164747450221523, -0.6179334182219574, -0.8136528315116072, -1.0, 0.5070603136382503, 0.21762253406325077, 0.40264764700225775, -0.40049705062810026, -0.7573909969517739, 0.18815566282594065, 0.07775169678036975, 0.5255738956454139, 0.0057328683320802334, 0.14502509119878287, -0.18188170113168178, -0.7991176071870928, 0.2997631178532218, 0.2690090853657694, 0.9937794417808945, 0.23363958941579638, 0.9985595420205207, -0.5040685191877565, 0.9863068605735925, -0.4069147599642499, -0.878785049210305, 0.15259852646359073, 0.663888690644534, 0.05271645909712963, 0.0775779130299814, 0.3466459837787099, -0.6350352127517367, 0.38476540298584205, 0.8170189658442646, 0.46947719596998927, -0.5596610800689481, 0.8540709403268645, -0.18768327230462656, 0.7247027658294647, -0.6057013394254989, 0.5263210448234422, -0.8375903363068804, -0.3854667107560265, -0.1854713267713536, -0.375268883670413, -0.5300673789162511, -0.677079649297146, -0.8322740763073988, 0.31243060714982884, 0.9603808820068596, -0.4864414193913371, 0.6480701007390636, -0.57350748671511, -0.33540971643791806, 0.0264574732437564, 0.999574615363435, 0.5491580222716645, -0.2890980909071088, 0.2572824400044842, 1.0, 0.5035622610446179, -0.5205393675587295, -0.7429664885089122, 0.46364725513108074, -0.5415113403380829, -0.12003178816661664, 0.42459746665343795, -0.2936586809581003, -0.17131550992746836, -0.6948302338765822, 0.6491649872934966, 1.0, -0.4422615536851974, -0.24202616576928104, 0.45786358980008895, -1.0, 0.07127498699852972, 0.9110504025058845, -0.49252634009244456, -0.7856988638837554, 0.7044227786005284, 0.2234505346764868, -0.9637144791417913, -0.32101321693674034, 0.8369541593907368]
1019.9998779296875	(8, 12, 2)	[-0.417326505508842, -0.09857403512191265, 0.8316887451476968, 0.8356238016380461, 0.6102469648223185, -0.2581295990314983, 0.6264636891515681, -0.08841282646058371, 0.606050042779507, -0.7837524741182962, -0.013539816192780885, -0.716305781071151, -0.4915674511363102, -0.7084799266005071, -0.2273281916902823, 0.07461155180319423, -0.9301739545930892, -0.6464847618694598, 0.41159201224746034, -0.8541485120645798, 0.4355660036310163, -0.8402535697714084, 0.20143014257359887, -0.7230638525871875, 0.4431862313572693, -0.8437788548460043, -0.9947894563366351, -0.922174559501727, -0.812504270917251, 0.6537025259253925, 0.5221860062225967, 0.7340008273878595, 0.5071591162926716, -0.44849016649132106, 0.2898567086694017, -0.7556170442310026, -0.49105047625516596, -0.7270512228455954, -0.8136528315116072, -0.8942606695100731, 0.7367009474320909, 0.21762253406325077, 0.40264764700225775, -0.40049705062810026, -0.7573909969517739, 0.18815566282594065, -0.16827717520818058, 0.19012476433214798, 0.0057328683320802334, 0.14502509119878287, -0.12621339899255846, -0.7991176071870928, 0.19798657313969112, 0.2690090853657694, -0.9079483904272281, 0.32096378382333346, 1.0, -0.5040685191877565, 0.9863068605735925, -0.8940732527582039, -0.878785049210305, -0.04381553176650255, 0.663888690644534, -0.10662926065199163, 0.0775779130299814, 0.23753009871319164, -0.6350352127517367, 0.38476540298584205, 0.8170189658442646, 0.46947719596998927, -0.5596610800689481, 0.8181676225503525, -0.18768327230462656, 0.8219216302246326, -0.22068541814071874, 0.5263210448234422, -0.8122528266083278, -0.3854667107560265, -0.1854713267713536, -0.375268883670413, 0.8004107568041801, -0.677079649297146, -0.027272133860333482, 0.2881622509039607, 1.0, 0.5651773356860539, -0.793738776430345, 0.4905484291104773, -0.33540971643791806, 0.0264574732437564, 0.9108210579304661, 0.8478076624724491, -0.2890980909071088, 0.2072569809205005, 1.0, 0.7438763818582059, -0.5205393675587295, -0.8676540602868119, 0.46364725513108074, -0.5415113403380829, -0.12003178816661664, 0.478153216881092, -0.2936586809581003, -0.21167117377580125, -0.6948302338765822, 0.3885163556958985, 0.7253966611593023, -0.2658138750262724, -0.3454877215862344, 0.55361526148478, -1.0, -0.12628625663944396, 0.881320559720509, -0.49252634009244456, -0.7856988638837554, 0.7044227786005284, 0.1684709233889826, -0.37888293598473416, -0.5242615260409365, -0.5684767485062532]
1019.9994506835938	(8, 12, 2)	[-0.417326505508842, -0.09857403512191265, 0.821518066470175, 0.8734010604983404, 0.4847329517065684, 0.27159298197197, 0.6264636891515681, -0.06722351555822206, 0.606050042779507, -0.7837524741182962, -0.013539816192780885, -0.716305781071151, -0.4893439901800097, -0.7084799266005071, -0.2273281916902823, 0.07461155180319423, -0.9301739545930892, -0.6464847618694598, 0.41159201224746034, -0.8541485120645798, 0.4355660036310163, -0.8402535697714084, 0.20143014257359887, -0.7230638525871875, 0.35623571324068204, -0.214302254200758, -0.9947894563366351, -0.922174559501727, -0.812504270917251, 0.6537025259253925, 0.5221860062225967, 0.20736643843696134, 0.49593798648971593, -0.45292250061258776, 0.3792991123796801, -0.678650387289973, -0.49105047625516596, -0.7270512228455954, -0.7077811011270285, -0.8942606695100731, 0.5070603136382503, 0.9042627030441717, 0.40264764700225775, -0.36976065197301006, -0.5161545555881981, -0.5666240245029157, 0.07775169678036975, 0.5255738956454139, 0.040599726493129484, 0.14502509119878287, -0.18188170113168178, -0.7991176071870928, 0.19798657313969112, 0.2690090853657694, -0.03838246678406054, 0.32096378382333346, 0.9985595420205207, -0.4012588232842971, 1.0, -0.3448372864542265, -0.878785049210305, -0.015168873462535135, 0.663888690644534, 0.05271645909712963, 0.0775779130299814, 0.2243924691641488, -0.6726275047242748, 0.8912154760983653, 0.8170189658442646, 0.46947719596998927, -0.5596610800689481, 0.8540709403268645, -0.18768327230462656, 0.7247027658294647, -0.22068541814071874, 0.5263210448234422, -0.8122528266083278, -0.3854667107560265, -0.1854713267713536, -0.3767302837091622, -0.5300673789162511, -0.677079649297146, -0.027272133860333482, 0.31243060714982884, 0.9603808820068596, 0.5651773356860539, -0.793738776430345, -0.57350748671511, -0.4460743330375685, 0.10436184107974177, 0.9108210579304661, 0.8478076624724491, -0.2890980909071088, -0.9031090973159168, 1.0, 0.3816878141287026, -0.5205393675587295, -0.9304104230026329, 0.46364725513108074, 0.2503890496096661, -0.12003178816661664, 0.478153216881092, -0.2936586809581003, -0.21167117377580125, -0.6948302338765822, 0.060917466186762415, 1.0, -0.2658138750262724, -0.24202616576928104, 0.55361526148478, 0.5723139144687119, -0.12628625663944396, 0.9110504025058845, -0.49252634009244456, -0.7856988638837554, 0.7044227786005284, 0.2234505346764868, -0.37888293598473416, -0.32101321693674034, -0.5684767485062532]
1019.9996948242188	(8, 12, 2)	[-0.417326505508842, -0.09857403512191265, 0.821518066470175, 0.8356238016380461, 0.6102469648223185, 0.27159298197197, 0.6752356303293047, -0.06722351555822206, 0.4278722998055, -0.7837524741182962, -0.013539816192780885, -0.5296953025246802, -0.4893439901800097, -0.7084799266005071, -0.2273281916902823, 0.07461155180319423, -0.8060699041097872, -0.872930974597183, 0.41159201224746034, -0.8541485120645798, 0.16572521872207446, -0.8402535697714084, 0.2725321370699298, -0.7230638525871875, 0.14466339283294727, -0.3778008909397106, -0.9947894563366351, -0.922174559501727, -0.812504270917251, 0.6992835899434213, -0.7344905986371792, 0.20736643843696134, 0.49593798648971593, -0.21496370998446354, 0.2898567086694017, -0.678650387289973, -0.5164747450221523, -0.7270512228455954, -0.7978886898186953, -0.9615816837320585, 0.7367009474320909, 0.9042627030441717, 0.40264764700225775, -0.40049705062810026, -0.7573909969517739, -0.5666240245029157, -0.002174197694125482, 0.19012476433214798, 0.0057328683320802334, 0.14502509119878287, -0.12621339899255846, -0.7991176071870928, 0.3160884228344678, 0.33007129868183616, 0.9937794417808945, 0.5010200252988358, 0.9985595420205207, -0.4708292120176216, 1.0, -0.23396208362533952, -1.0, 0.15259852646359073, 0.663888690644534, -0.10662926065199163, 0.0775779130299814, 0.2243924691641488, -0.6350352127517367, 0.4651159890036821, 0.8170189658442646, 0.46947719596998927, -0.5596610800689481, 0.8540709403268645, -0.18768327230462656, 0.8219216302246326, -0.22068541814071874, 0.5263210448234422, -0.8122528266083278, -0.3854667107560265, -0.1854713267713536, -0.5692904224707004, -0.5300673789162511, -0.1774372671133031, -0.8322740763073988, 0.2881622509039607, 0.9603808820068596, -0.4864414193913371, 0.6480701007390636, -0.57350748671511, -0.33540971643791806, 0.0264574732437564, 0.9655585300623293, 0.5491580222716645, -0.2890980909071088, 0.2072569809205005, 1.0, 0.5035622610446179, -0.5205393675587295, -0.7429664885089122, 0.46364725513108074, 0.2503890496096661, -0.12003178816661664, 0.478153216881092, -0.2936586809581003, -0.17131550992746836, -0.6948302338765822, 0.6491649872934966, 1.0, -0.4422615536851974, -0.3454877215862344, 0.45786358980008895, -1.0, -0.12628625663944396, 0.9400199447026447, -0.6772030241014926, -0.8555760702158678, 0.7044227786005284, 0.2234505346764868, -0.37888293598473416, -0.32101321693674034, 0.8369541593907368]
1019.9990234375	(8, 12, 2)	[-0.417326505508842, -0.09857403512191265, 0.8316887451476968, 0.8734010604983404, 0.4847329517065684, 0.27159298197197, 0.6264636891515681, -0.06722351555822206, 0.4278722998055, -0.7837524741182962, -0.013539816192780885, -0.49275798882908123, -0.4915674511363102, -0.7084799266005071, -0.13568196535286517, 0.07461155180319423, -0.9301739545930892, -0.872930974597183, 0.4374128994992383, -0.8541485120645798, 0.16572521872207446, -0.8402535697714084, 0.2725321370699298, -0.7230638525871875, 0.14466339283294727, -0.214302254200758, -0.9947894563366351, -0.922174559501727, -0.812504270917251, 0.6537025259253925, -0.7344905986371792, 0.20736643843696134, 0.49593798648971593, -0.44849016649132106, 0.2898567086694017, -0.678650387289973, -0.5164747450221523, -0.7239989386850311, -0.7978886898186953, -0.832613633084649, 0.7367009474320909, 0.9042627030441717, 0.40264764700225775, -0.40049705062810026, -0.5161545555881981, -0.5666240245029157, -0.16827717520818058, 0.5255738956454139, 0.0057328683320802334, 0.14502509119878287, -0.18188170113168178, -0.9996890456570516, 0.19798657313969112, 0.2690090853657694, -0.03838246678406054, 0.27444488691388863, 1.0, -0.5040685191877565, 1.0, -0.23396208362533952, -0.878785049210305, 0.0222813280297467, 0.7858588348349329, 0.018304977883901334, 0.0775779130299814, 0.23753009871319164, -0.6350352127517367, 0.4651159890036821, 0.7470812263133074, 0.46947719596998927, -0.5596610800689481, 0.9309033902729412, -0.18768327230462656, 0.8219216302246326, -0.22068541814071874, 0.5263210448234422, -0.8122528266083278, -0.9377620025126683, -0.1854713267713536, -0.375268883670413, -0.5300673789162511, -0.45382375466319624, -0.027272133860333482, 0.31243060714982884, 0.9603808820068596, 0.5651773356860539, -0.793738776430345, 0.4905484291104773, -0.37199246077627424, 0.0264574732437564, 0.999574615363435, 0.5491580222716645, -0.2890980909071088, -0.9031090973159168, 1.0, 0.5035622610446179, -0.5205393675587295, -0.8676540602868119, 0.46364725513108074, -0.5415113403380829, -0.12003178816661664, 0.478153216881092, 0.2065914209880723, -0.17131550992746836, -0.6948302338765822, 0.060917466186762415, -0.8793876490737838, -0.2658138750262724, -0.3454877215862344, 0.45786358980008895, -1.0, -0.12628625663944396, 0.881320559720509, -0.49252634009244456, -0.7856988638837554, 0.7107418213330788, 0.2234505346764868, -0.37888293598473416, -0.32101321693674034, 0.8369541593907368]
1019.9996337890625	(8, 12, 2)	[-0.417326505508842, -0.09857403512191265, 0.821518066470175, 0.8356238016380461, 0.5999945147804201, 0.27159298197197, 0.6264636891515681, -0.06722351555822206, 0.606050042779507, -0.7837524741182962, -0.013539816192780885, -0.36085678853450354, -0.4893439901800097, -0.589424151546659, -0.2273281916902823, 0.07461155180319423, -0.9301739545930892, -0.6464847618694598, 0.41159201224746034, -0.8541485120645798, 0.4355660036310163, -0.8402535697714084, 0.2725321370699298, -0.7230638525871875, 0.24567464179902032, -0.3778008909397106, -0.9947894563366351, -0.922174559501727, -0.812504270917251, 0.6992835899434213, -0.7344905986371792, 0.20736643843696134, 0.49593798648971593, -0.30087825424821935, 0.2898567086694017, -0.7465048318331695, -0.49105047625516596, -0.7270512228455954, -0.8136528315116072, -0.832613633084649, 0.5070603136382503, 0.9042627030441717, 0.40264764700225775, -0.292055204183039, -0.43289169998581034, 0.18815566282594065, 0.07775169678036975, 0.5255738956454139, 0.0057328683320802334, 0.14502509119878287, -0.12621339899255846, -0.7991176071870928, 0.2997631178532218, 0.2690090853657694, -0.9079483904272281, 0.32096378382333346, 1.0, -0.5040685191877565, 1.0, -0.3448372864542265, -0.878785049210305, -0.04381553176650255, 0.7858588348349329, -0.10662926065199163, 0.0775779130299814, 0.3466459837787099, -0.6350352127517367, 0.38476540298584205, -0.12101817609267695, 0.46947719596998927, -0.5596610800689481, 0.8540709403268645, -0.18768327230462656, 0.7247027658294647, -0.22068541814071874, 0.5263210448234422, -0.8122528266083278, -0.3854667107560265, -0.1854713267713536, -0.375268883670413, -0.5300673789162511, -0.45382375466319624, -0.027272133860333482, 0.31243060714982884, 0.9603808820068596, 0.5651773356860539, -0.793738776430345, -0.57350748671511, -0.4657275399732869, 0.10436184107974177, 0.9108210579304661, 0.5491580222716645, -0.2890980909071088, 0.2572824400044842, 1.0, 0.5035622610446179, -0.5205393675587295, -0.8676540602868119, 0.46364725513108074, -0.5415113403380829, -0.12003178816661664, 0.478153216881092, -0.2936586809581003, -0.21167117377580125, -0.6948302338765822, 0.6491649872934966, -0.8793876490737838, -0.6487489742454546, -0.2241831285651894, 0.45786358980008895, -1.0, -0.12628625663944396, 0.9110504025058845, -0.49252634009244456, -0.7856988638837554, 0.7107418213330788, 0.2234505346764868, -0.37888293598473416, -0.32101321693674034, 0.8369541593907368]
1019.9998779296875	(8, 12, 2)	[-0.417326505508842, -0.09857403512191265, 0.821518066470175, 0.8356238016380461, 0.5999945147804201, 0.27159298197197, 0.6264636891515681, -0.06722351555822206, 0.5473114378276303, -0.7837524741182962, -0.013539816192780885, -0.36085678853450354, -0.4893439901800097, -0.589424151546659, -0.2273281916902823, 0.012836023104667214, -0.9301739545930892, -0.6464847618694598, 0.41159201224746034, -0.8541485120645798, 0.4355660036310163, -0.8402535697714084, 0.2725321370699298, -0.7230638525871875, 0.14466339283294727, -0.214302254200758, -0.9947894563366351, -0.922174559501727, -0.812504270917251, 0.6992835899434213, -0.7344905986371792, 0.20736643843696134, 0.49593798648971593, -0.30087825424821935, 0.2898567086694017, -0.7465048318331695, -0.49105047625516596, -0.7270512228455954, -0.7978886898186953, -0.832613633084649, 0.5070603136382503, 0.9729584068233269, 0.21823393826407575, -0.292055204183039, -0.43289169998581034, 0.18815566282594065, 0.07775169678036975, 0.19012476433214798, -0.550319743108679, 0.14502509119878287, -0.12621339899255846, -0.7991176071870928, 0.19798657313969112, 0.2690090853657694, -0.9079483904272281, 0.32096378382333346, 0.9985595420205207, -0.5040685191877565, 1.0, -0.3448372864542265, -0.878785049210305, -0.04381553176650255, 0.663888690644534, -0.10662926065199163, 0.0775779130299814, 0.3466459837787099, -0.6350352127517367, 0.38476540298584205, -0.12101817609267695, 0.46947719596998927, -0.5596610800689481, 0.8540709403268645, -0.18768327230462656, 0.8219216302246326, -0.22068541814071874, 0.5263210448234422, -0.8122528266083278, -0.3854667107560265, -0.1854713267713536, -0.375268883670413, -0.5300673789162511, -0.45382375466319624, -0.027272133860333482, 0.31243060714982884, 0.9603808820068596, 0.5651773356860539, -0.793738776430345, -0.57350748671511, -0.4657275399732869, 0.10436184107974177, 0.9108210579304661, 0.5491580222716645, -0.2890980909071088, 0.2572824400044842, 1.0, 0.5035622610446179, -0.6871241214616318, -0.7429664885089122, -0.901142193887901, -0.5415113403380829, -0.12003178816661664, 0.42459746665343795, 0.2065914209880723, -0.21167117377580125, -0.6948302338765822, 0.6491649872934966, -0.8793876490737838, -0.6487489742454546, -0.3454877215862344, 0.45786358980008895, -1.0, -0.12628625663944396, 0.938067183600556, -0.49252634009244456, -0.7856988638837554, 0.7044227786005284, 0.2234505346764868, -0.4182581722800722, -0.32101321693674034, 0.8369541593907368]
1019.99951171875	(8, 12, 2)	[-0.417326505508842, -0.15471250249993884, 0.8316887451476968, 0.8734010604983404, 0.6102469648223185, 0.27159298197197, 0.6264636891515681, -0.06722351555822206, 0.606050042779507, -0.7837524741182962, 0.051913268093194895, -0.5296953025246802, -0.4893439901800097, -0.7084799266005071, -0.2273281916902823, -0.22689523422413882, -0.9301739545930892, -0.872930974597183, 0.4374128994992383, -0.8541485120645798, 0.4355660036310163, -0.8402535697714084, 0.2725321370699298, -0.7230638525871875, 0.14466339283294727, -0.3778008909397106, -0.9947894563366351, -0.922174559501727, -0.8154449821340598, 0.6992835899434213, -0.7344905986371792, 0.20736643843696134, 0.49593798648971593, -0.21496370998446354, 0.2898567086694017, -0.678650387289973, -0.49105047625516596, -0.7270512228455954, -0.7978886898186953, -0.832613633084649, 0.7367009474320909, 0.9042627030441717, 0.40264764700225775, -0.40049705062810026, -0.7573909969517739, 0.18815566282594065, 0.049357043914784626, 0.19012476433214798, 0.0057328683320802334, 0.14502509119878287, -0.18188170113168178, -0.7991176071870928, 0.3160884228344678, 0.33007129868183616, -0.9079483904272281, 0.27444488691388863, 0.6133145909976288, -0.5040685191877565, 0.9863068605735925, -0.4069147599642499, -0.878785049210305, -0.015168873462535135, 0.7858588348349329, 0.018304977883901334, 0.0775779130299814, 0.3466459837787099, -0.6350352127517367, 0.4651159890036821, -0.12101817609267695, 0.6532071836527777, -0.5596610800689481, 0.8540709403268645, -0.18768327230462656, 0.8219216302246326, -0.55658810999562, 0.5263210448234422, -0.7688153500694094, -0.3854667107560265, -0.1854713267713536, -0.375268883670413, -0.5300673789162511, -0.677079649297146, -0.8322740763073988, 0.31243060714982884, 1.0, 0.5651773356860539, -0.793738776430345, 0.4905484291104773, -0.38568299052004873, 0.021230228799722195, 0.999574615363435, 0.5491580222716645, -0.2890980909071088, -0.9031090973159168, 1.0, 0.5035622610446179, -0.5783644313915489, -0.7429664885089122, -0.901142193887901, -0.5415113403380829, -0.12003178816661664, 0.42459746665343795, -0.2936586809581003, -0.21167117377580125, 0.4012482902898107, 0.060917466186762415, 1.0, -0.2658138750262724, -0.3454877215862344, 0.45786358980008895, -1.0, -0.12628625663944396, 0.9110504025058845, -0.49252634009244456, -0.7856988638837554, 0.7107418213330788, 0.2234505346764868, -0.3072100319785805, -0.32101321693674034, -0.5684767485062532]
1019.99951171875	(8, 12, 2)	[-0.417326505508842, -0.15471250249993884, 0.8316887451476968, 0.8734010604983404, 0.6102469648223185, 0.27159298197197, 0.6264636891515681, -0.06722351555822206, 0.606050042779507, -0.7837524741182962, 0.051913268093194895, -0.36085678853450354, -0.4893439901800097, -0.7084799266005071, -0.2273281916902823, 0.11006960271663865, -0.9301739545930892, -0.872930974597183, 0.4374128994992383, -0.8541485120645798, 0.4355660036310163, -0.8402535697714084, 0.2725321370699298, -0.7230638525871875, 0.14466339283294727, -0.3778008909397106, -0.9947894563366351, -0.922174559501727, -0.8154449821340598, 0.6992835899434213, -0.7344905986371792, 0.20736643843696134, 0.5894456779849067, -0.21496370998446354, 0.2898567086694017, -0.678650387289973, -0.49105047625516596, -0.7270512228455954, -0.7978886898186953, -0.9615816837320585, 0.5070603136382503, 0.9042627030441717, 0.40264764700225775, -0.292055204183039, -0.7573909969517739, 0.18815566282594065, 0.049357043914784626, 0.19012476433214798, 0.0057328683320802334, 0.14502509119878287, -0.18188170113168178, -0.7991176071870928, 0.3160884228344678, 0.33007129868183616, -0.9079483904272281, 0.5010200252988358, 0.6133145909976288, -0.5040685191877565, 0.9863068605735925, -0.4069147599642499, -0.878785049210305, -0.04381553176650255, 0.7858588348349329, 0.018304977883901334, 0.0775779130299814, 0.3466459837787099, -0.6350352127517367, 0.4651159890036821, -0.12101817609267695, 0.46947719596998927, -0.5596610800689481, 0.9309033902729412, -0.18768327230462656, 0.8219216302246326, -0.55658810999562, 0.5263210448234422, -0.7688153500694094, -0.3854667107560265, -0.1854713267713536, -0.5692904224707004, -0.5300673789162511, -0.45382375466319624, -0.027272133860333482, 0.31243060714982884, 1.0, -0.606403295290136, -0.793738776430345, 0.4910546728743419, -0.38568299052004873, -0.02130324575224532, 0.999574615363435, 0.5491580222716645, -0.2890980909071088, 0.2572824400044842, 1.0, 0.5035622610446179, -0.5783644313915489, -0.7429664885089122, -0.901142193887901, -0.5415113403380829, -0.12003178816661664, 0.478153216881092, -0.2936586809581003, -0.21167117377580125, -0.6948302338765822, 0.6491649872934966, 1.0, -0.2658138750262724, -0.3454877215862344, 0.45786358980008895, -1.0, -0.12628625663944396, 0.9110504025058845, -0.49252634009244456, -0.8555760702158678, 0.7107418213330788, 0.2234505346764868, -0.9637144791417913, -0.32101321693674034, 0.8678586361199003]
1019.9998779296875	(8, 12, 2)	[-0.417326505508842, -0.06018328463072125, 0.8316887451476968, 0.998891735268013, 0.4847329517065684, 0.27159298197197, 0.6264636891515681, -0.06722351555822206, 0.606050042779507, -0.7837524741182962, -0.013539816192780885, -0.716305781071151, -0.4893439901800097, -0.7084799266005071, -0.2273281916902823, -0.3964838682595704, -0.9301739545930892, -0.872930974597183, 0.41159201224746034, -1.0, 0.4355660036310163, -0.7751357230727987, 0.2725321370699298, -0.7230638525871875, 0.14466339283294727, -0.214302254200758, -0.9947894563366351, -0.922174559501727, -0.812504270917251, 0.6992835899434213, -0.7344905986371792, 0.20736643843696134, 0.49593798648971593, -0.44396615853077237, 0.2898567086694017, -0.7556170442310026, -0.49105047625516596, -0.7270512228455954, -0.7978886898186953, -0.832613633084649, 0.7367009474320909, 0.9042627030441717, 0.40264764700225775, -0.292055204183039, -0.7573909969517739, -0.5666240245029157, -0.002174197694125482, 0.19012476433214798, 0.0057328683320802334, 0.14502509119878287, -0.12621339899255846, -0.8082446662421063, 0.3160884228344678, 0.2690090853657694, -0.9079483904272281, 0.27444488691388863, 1.0, -0.5040685191877565, 1.0, -0.23396208362533952, -1.0, -0.04381553176650255, 0.663888690644534, 0.05271645909712963, 0.0775779130299814, 0.2243924691641488, -0.6350352127517367, 0.8912154760983653, -0.12101817609267695, 0.46947719596998927, -0.5596610800689481, 0.8540709403268645, -0.18768327230462656, 0.7247027658294647, -0.22068541814071874, 0.5263210448234422, -0.8122528266083278, -0.41323617799488943, -0.1854713267713536, -0.375268883670413, -0.5300673789162511, -0.45382375466319624, -0.7825027329988331, 0.31243060714982884, 0.9603808820068596, -0.606403295290136, -0.6923140752284684, 0.4905484291104773, -0.33540971643791806, 0.10436184107974177, 0.9655585300623293, 0.4891674403897761, -0.2890980909071088, 0.2072569809205005, 1.0, 0.38901670582282666, -0.5205393675587295, -0.7429664885089122, -0.9283613457776073, 0.2503890496096661, -0.12003178816661664, 0.478153216881092, -0.3680255979046817, -0.21167117377580125, -0.6948302338765822, 0.6491649872934966, -0.8793876490737838, -0.6487489742454546, -0.3454877215862344, 0.45786358980008895, -1.0, -0.12628625663944396, 0.9110504025058845, -0.6772030241014926, -0.7856988638837554, 0.7107418213330788, 0.2234505346764868, -0.37888293598473416, -0.32101321693674034, 0.8369541593907368]
1019.9999389648438	(8, 12, 2)	[-0.3657177594788546, -0.15471250249993884, 0.821518066470175, 0.998891735268013, 0.6102469648223185, 0.2968097205146714, 0.7720562980255883, -0.06722351555822206, 0.4278722998055, -0.7837524741182962, -0.013539816192780885, -0.5296953025246802, -0.4959971914957754, -0.589424151546659, -0.2273281916902823, 0.07461155180319423, -0.9301739545930892, -0.872930974597183, 0.41159201224746034, -0.8541485120645798, 0.4355660036310163, -0.8402535697714084, 0.2725321370699298, -0.7230638525871875, 0.35623571324068204, -0.3778008909397106, -0.9947894563366351, -0.922174559501727, -0.812504270917251, 0.6537025259253925, -0.7344905986371792, 0.7340008273878595, 0.49593798648971593, -0.44849016649132106, 0.3792991123796801, -0.678650387289973, -0.49105047625516596, -0.7376633073225821, -0.7978886898186953, -1.0, 0.7367009474320909, 0.9042627030441717, 0.21823393826407575, -0.40049705062810026, -0.7573909969517739, 0.14332352874417142, -0.16827717520818058, 0.5665103017910762, -0.013690966781063858, 0.14502509119878287, -0.18188170113168178, -0.7991176071870928, 0.3160884228344678, 0.33007129868183616, -0.9079483904272281, 0.32096378382333346, 0.9985595420205207, -0.5040685191877565, 0.9400351285824918, -0.4069147599642499, -1.0, -0.015168873462535135, 0.663888690644534, 0.05271645909712963, 0.0775779130299814, 0.2243924691641488, -0.6350352127517367, 0.4651159890036821, -0.12101817609267695, 0.46947719596998927, -0.5596610800689481, 0.9309033902729412, -0.18768327230462656, 0.8219216302246326, -0.6057013394254989, 0.5263210448234422, -0.8122528266083278, -0.3854667107560265, -0.1854713267713536, -0.375268883670413, -0.5300673789162511, -0.1774372671133031, -0.8322740763073988, 0.2881622509039607, 0.9603808820068596, 0.5651773356860539, -0.793738776430345, 0.4905484291104773, -0.38568299052004873, 0.10459294935009678, 0.999574615363435, 0.5491580222716645, -0.2890980909071088, -0.9031090973159168, 1.0, 0.5035622610446179, -0.5205393675587295, -0.8676540602868119, -0.901142193887901, 0.2503890496096661, -0.12003178816661664, 0.478153216881092, 0.2065914209880723, -0.17131550992746836, -0.6948302338765822, 0.6491649872934966, 1.0, -0.2658138750262724, -0.3454877215862344, 0.45786358980008895, -1.0, -0.12628625663944396, 0.9110504025058845, -0.49252634009244456, -0.7856988638837554, 0.7044227786005284, 0.2234505346764868, -0.37888293598473416, -0.32101321693674034, 0.8369541593907368]
1019.9999389648438	(8, 12, 2)	[-0.417326505508842, -0.15471250249993884, 0.8316887451476968, 0.998891735268013, 0.6102469648223185, 0.27159298197197, 0.6264636891515681, -0.06722351555822206, 0.606050042779507, -0.7837524741182962, 0.051913268093194895, -0.716305781071151, -0.4915674511363102, -0.7084799266005071, -0.13568196535286517, 0.11006960271663865, -0.9301739545930892, -0.872930974597183, 0.41159201224746034, -0.9179556536253913, 0.4355660036310163, -0.8402535697714084, 0.2725321370699298, -0.7230638525871875, -0.19477597413802278, -0.3778008909397106, -0.9947894563366351, -0.922174559501727, -0.812504270917251, 0.6992835899434213, 0.5221860062225967, 0.7904799597149107, 0.49593798648971593, -0.44849016649132106, 0.3792991123796801, -0.7556170442310026, -0.49105047625516596, -0.7270512228455954, -0.7978886898186953, -0.9615816837320585, 0.7367009474320909, 0.901114975421858, 0.40264764700225775, -0.40049705062810026, -0.7573909969517739, 0.18815566282594065, -0.39260442320427913, 0.5255738956454139, 0.0057328683320802334, 0.14502509119878287, -0.18188170113168178, -0.6681514868581501, 0.3160884228344678, 0.25719943626537556, -0.9079483904272281, 0.32096378382333346, 1.0, -0.5040685191877565, 1.0, -0.4069147599642499, -1.0, -0.04381553176650255, 0.663888690644534, -0.10662926065199163, 0.0775779130299814, 0.3466459837787099, -0.6726275047242748, 0.38476540298584205, -0.12101817609267695, 0.5956235317060674, -0.5596610800689481, 0.9309033902729412, -0.18768327230462656, 0.8219216302246326, -0.22068541814071874, 0.5263210448234422, -0.8122528266083278, -0.3854667107560265, -0.1854713267713536, -0.375268883670413, -0.5300673789162511, -0.677079649297146, -0.027272133860333482, 0.31243060714982884, 1.0, -0.606403295290136, -0.793738776430345, 0.4905484291104773, -0.33540971643791806, -0.02130324575224532, 1.0, 0.5491580222716645, -0.2837431030336343, -0.8506066799787955, 1.0, 0.5035622610446179, -0.6303444034961829, -0.8676540602868119, -0.901142193887901, 0.2503890496096661, -0.12003178816661664, 0.42459746665343795, -0.2936586809581003, -0.17131550992746836, -0.6948302338765822, 0.6491649872934966, 1.0, -0.2658138750262724, -0.3454877215862344, 0.45786358980008895, -1.0, -0.12628625663944396, 0.9110504025058845, -0.49252634009244456, -0.7856988638837554, 0.7044227786005284, 0.2234505346764868, -0.9637144791417913, -0.32101321693674034, 0.8678586361199003]
1019.9998779296875	(8, 12, 2)	[-0.3657177594788546, -0.09857403512191265, 0.8316887451476968, 0.8356238016380461, 0.6102469648223185, 0.27159298197197, 0.6264636891515681, -0.06722351555822206, 0.606050042779507, -0.7837524741182962, -0.013539816192780885, -0.716305781071151, -0.4893439901800097, -0.7084799266005071, -0.13568196535286517, 0.11006960271663865, -0.8060699041097872, -0.872930974597183, 0.4374128994992383, -0.8541485120645798, 0.16572521872207446, -0.7751357230727987, 0.2725321370699298, -0.7230638525871875, 0.14466339283294727, -0.3778008909397106, -0.9947894563366351, -0.922174559501727, -0.812504270917251, 0.6992835899434213, -0.7344905986371792, 0.7904799597149107, 0.49593798648971593, -0.3311942289448291, 0.3792991123796801, -0.7556170442310026, -0.49105047625516596, -0.7270512228455954, -0.6634019516342307, -0.832613633084649, 0.7367009474320909, 0.9042627030441717, 0.21823393826407575, -0.40049705062810026, -0.7573909969517739, -0.5666240245029157, -0.002174197694125482, 0.19012476433214798, 0.0057328683320802334, 0.14502509119878287, -0.18188170113168178, -0.7991176071870928, 0.3160884228344678, 0.2690090853657694, -0.9079483904272281, 0.32096378382333346, 0.9985595420205207, -0.5040685191877565, 1.0, -0.23396208362533952, -0.9843486642226782, -0.04381553176650255, 0.663888690644534, 0.05271645909712963, 0.15253419749443153, 0.3466459837787099, -0.6350352127517367, 0.38476540298584205, -0.12101817609267695, 0.46947719596998927, -0.5596610800689481, 0.8028333732041009, -0.18768327230462656, 0.8219216302246326, -0.22068541814071874, 0.5263210448234422, -0.8122528266083278, -0.3854667107560265, -0.1854713267713536, -0.38292776250166777, -0.5300673789162511, -0.45382375466319624, -0.027272133860333482, 0.2881622509039607, 0.9603808820068596, 0.5651773356860539, -0.793738776430345, 0.4905484291104773, -0.33540971643791806, 0.10436184107974177, 0.9108210579304661, 0.8478076624724491, -0.2890980909071088, -0.8506066799787955, 1.0, 0.5035622610446179, -0.5205393675587295, -0.7429664885089122, -0.901142193887901, 0.14088984727157322, -0.12003178816661664, 0.42459746665343795, -0.22326502046850777, -0.21167117377580125, -0.6948302338765822, 0.6491649872934966, 1.0, -0.2658138750262724, -0.3454877215862344, 0.45786358980008895, -1.0, -0.12628625663944396, 0.9110504025058845, -0.6772030241014926, -0.8555760702158678, 0.7849133103887508, 0.2234505346764868, -0.37888293598473416, -0.32101321693674034, -0.5684767485062532]
1019.9995727539062	(8, 12, 2)	[-0.417326505508842, -0.09857403512191265, 0.5923795721298822, 0.998891735268013, 0.6102469648223185, 0.27159298197197, 0.6264636891515681, -0.06722351555822206, 0.4278722998055, -0.7837524741182962, -0.013539816192780885, -0.716305781071151, -0.4893439901800097, -0.7084799266005071, -0.13568196535286517, 0.11006960271663865, -0.9301739545930892, -0.872930974597183, 0.4374128994992383, -0.8541485120645798, 0.4355660036310163, -0.8402535697714084, 0.2725321370699298, -0.7230638525871875, 0.35623571324068204, -0.3778008909397106, -0.9947894563366351, -0.7948424625078752, -0.812504270917251, 0.6537025259253925, 0.5221860062225967, 0.7340008273878595, 0.49593798648971593, -0.21496370998446354, 0.3792991123796801, -0.7556170442310026, -0.49105047625516596, -0.7270512228455954, -0.7978886898186953, -1.0, 0.7367009474320909, 0.9042627030441717, 0.21823393826407575, -0.40049705062810026, -0.7573909969517739, 0.18815566282594065, -0.16827717520818058, 0.19012476433214798, 0.0057328683320802334, 0.14502509119878287, -0.18188170113168178, -0.7991176071870928, 0.3160884228344678, 0.33007129868183616, -0.9079483904272281, 0.32096378382333346, 0.9985595420205207, -0.5040685191877565, 1.0, -0.350100192512104, -0.9843486642226782, 0.0222813280297467, 0.7858588348349329, -0.10662926065199163, 0.0775779130299814, 0.3466459837787099, -0.6350352127517367, 0.8912154760983653, -0.12101817609267695, 0.46947719596998927, -0.5596610800689481, 0.8540709403268645, -0.18768327230462656, 0.8219216302246326, -0.24287099955913774, 0.6153119589705531, -0.7688153500694094, -0.3854667107560265, -0.1854713267713536, -0.375268883670413, -0.5300673789162511, -0.1774372671133031, -0.027272133860333482, 0.31243060714982884, 0.9603808820068596, 0.5651773356860539, -0.793738776430345, 0.4905484291104773, -0.37199246077627424, 0.0264574732437564, 0.999574615363435, 0.8478076624724491, -0.2890980909071088, 0.2572824400044842, 1.0, 0.5035622610446179, -0.5205393675587295, -0.8580540331921225, 0.46364725513108074, -0.5415113403380829, -0.12003178816661664, 0.35080955569524186, -0.2936586809581003, -0.21167117377580125, -0.6948302338765822, 0.6491649872934966, 1.0, -0.6487489742454546, -0.2241831285651894, 0.6070037515033797, 0.5723139144687119, -0.12628625663944396, 0.9110504025058845, -0.49252634009244456, -0.958640626166798, 0.7849133103887508, 0.2234505346764868, -0.37888293598473416, -0.32101321693674034, 0.8369541593907368]
1019.9996948242188	(8, 12, 2)	[-0.417326505508842, -0.09857403512191265, 0.5923795721298822, 0.998891735268013, 0.6102469648223185, -0.001029697952580677, 0.6264636891515681, -0.06722351555822206, 0.4278722998055, -0.7837524741182962, -0.013539816192780885, -0.716305781071151, -0.4893439901800097, -0.7084799266005071, -0.13568196535286517, 0.11006960271663865, -0.9195900830530583, -0.872930974597183, 0.4374128994992383, -0.8541485120645798, 0.4355660036310163, -0.8402535697714084, 0.2725321370699298, -0.7230638525871875, 0.14466339283294727, -0.3778008909397106, -0.9947894563366351, -0.922174559501727, -0.812504270917251, 0.6537025259253925, 0.5221860062225967, 0.7340008273878595, 0.49593798648971593, -0.21496370998446354, 0.3792991123796801, -0.678650387289973, -0.49105047625516596, -0.7270512228455954, -0.7978886898186953, -0.832613633084649, 0.7367009474320909, 0.9042627030441717, 0.40264764700225775, -0.40049705062810026, -0.7573909969517739, 0.09297001224237048, -0.16827717520818058, 0.19012476433214798, 0.0057328683320802334, 0.14502509119878287, -0.18188170113168178, -0.7991176071870928, 0.3160884228344678, 0.33007129868183616, -0.9079483904272281, 0.27444488691388863, 0.9985595420205207, -0.5040685191877565, 1.0, -0.23396208362533952, -0.9843486642226782, 0.0222813280297467, 0.663888690644534, 0.018304977883901334, 0.0775779130299814, 0.3466459837787099, -0.6350352127517367, 0.8912154760983653, -0.12101817609267695, 0.46947719596998927, -0.5596610800689481, 0.8540709403268645, -0.18768327230462656, 0.8219216302246326, -0.24287099955913774, 0.6153119589705531, -0.7098619164867096, -0.3854667107560265, -0.1854713267713536, -0.5692904224707004, -0.5300673789162511, -0.1774372671133031, -0.027272133860333482, 0.31243060714982884, 0.9603808820068596, 0.5651773356860539, -0.793738776430345, 0.4905484291104773, -0.37199246077627424, 0.0264574732437564, 0.999574615363435, 0.5491580222716645, -0.2890980909071088, 0.2572824400044842, 1.0, 0.5035622610446179, -0.5205393675587295, -0.8580540331921225, 0.46364725513108074, 0.14088984727157322, -0.12003178816661664, 0.42459746665343795, 0.2065914209880723, -0.21167117377580125, -0.6948302338765822, 0.6491649872934966, -0.7102821406800179, -0.6487489742454546, -0.3454877215862344, 0.6070037515033797, 0.5723139144687119, -0.12628625663944396, 0.9110504025058845, -0.6772030241014926, -0.958640626166798, 0.7849133103887508, 0.2234505346764868, -0.37888293598473416, -0.32101321693674034, -0.5684767485062532]
1019.9995727539062	(8, 12, 2)	[-0.417326505508842, -0.15471250249993884, 0.8316887451476968, 0.8734010604983404, 0.5223062392922028, 0.27159298197197, 0.6264636891515681, -0.06722351555822206, 0.606050042779507, -0.7837524741182962, -0.013539816192780885, -0.716305781071151, -0.4893439901800097, -0.589424151546659, -0.13568196535286517, 0.07461155180319423, -0.9195900830530583, -0.6464847618694598, 0.4374128994992383, -0.8541485120645798, 0.4355660036310163, -0.8402535697714084, 0.2725321370699298, -0.7230638525871875, 0.35623571324068204, -0.214302254200758, -0.9947894563366351, -0.922174559501727, -0.812504270917251, 0.6537025259253925, 0.5221860062225967, 0.7340008273878595, 0.49593798648971593, -0.21496370998446354, 0.3792991123796801, -0.678650387289973, -0.49105047625516596, -0.7270512228455954, -0.7978886898186953, -0.832613633084649, 0.5070603136382503, 0.9042627030441717, 0.40264764700225775, -0.40049705062810026, -0.7573909969517739, -0.5666240245029157, -0.002174197694125482, 0.19012476433214798, 0.0057328683320802334, 0.14502509119878287, -0.18188170113168178, -0.6219820342320506, 0.3160884228344678, 0.33007129868183616, -0.9079483904272281, 0.27444488691388863, 1.0, -0.5040685191877565, 1.0, -0.23396208362533952, -0.878785049210305, 0.15259852646359073, 0.663888690644534, 0.018304977883901334, 0.0775779130299814, 0.23753009871319164, -0.7183510853712389, 0.38476540298584205, -0.12101817609267695, 0.46947719596998927, -0.5596610800689481, 0.8540709403268645, -0.18768327230462656, 0.7247027658294647, -0.55658810999562, 0.5263210448234422, -0.8585930930964215, -0.41323617799488943, -0.1854713267713536, -0.5692904224707004, -0.5300673789162511, -0.45382375466319624, -0.8322740763073988, 0.31243060714982884, 1.0, -0.606403295290136, -0.793738776430345, 0.4905484291104773, -0.33540971643791806, 0.0264574732437564, 0.9108210579304661, 0.8478076624724491, -0.2890980909071088, 0.2572824400044842, 1.0, 0.8432153750324936, -0.5205393675587295, -0.8652125423063206, -0.9283613457776073, 0.14088984727157322, -0.12003178816661664, 0.42459746665343795, -0.22326502046850777, -0.17131550992746836, -0.6948302338765822, 0.6491649872934966, 1.0, -0.2658138750262724, -0.3454877215862344, 0.6070037515033797, -1.0, -0.12628625663944396, 0.9110504025058845, -0.49252634009244456, -0.7856988638837554, 0.7044227786005284, 0.2234505346764868, -0.37888293598473416, -0.32101321693674034, 0.8678586361199003]
1019.9995727539062	(8, 12, 2)	[-0.3694301314526528, -0.09857403512191265, 0.8316887451476968, 0.8356238016380461, 0.6102469648223185, 0.27159298197197, 0.6264636891515681, -0.06722351555822206, 0.606050042779507, -0.7837524741182962, -0.013539816192780885, -0.5296953025246802, -0.4893439901800097, -0.589424151546659, -0.13568196535286517, 0.11006960271663865, -0.9195900830530583, -0.872930974597183, 0.4374128994992383, -0.8541485120645798, 0.16572521872207446, -0.7751357230727987, 0.2725321370699298, -0.7230638525871875, 0.14466339283294727, -0.3778008909397106, -0.9947894563366351, -0.8082997619944515, -0.812504270917251, 0.6537025259253925, -0.7344905986371792, 0.20736643843696134, 0.7190064503261157, -0.44849016649132106, 0.3792991123796801, -0.678650387289973, -0.49105047625516596, -0.7270512228455954, -0.7978886898186953, -0.832613633084649, 0.7367009474320909, 0.9042627030441717, 0.21823393826407575, -0.40049705062810026, -0.7573909969517739, 0.18815566282594065, -0.16827717520818058, 0.11798991055974285, 0.0057328683320802334, 0.14502509119878287, -0.18188170113168178, -0.7991176071870928, 0.3160884228344678, 0.2690090853657694, -0.03838246678406054, 0.32096378382333346, 1.0, -0.4708292120176216, 1.0, -0.3448372864542265, -0.9843486642226782, 0.0222813280297467, 0.663888690644534, -0.10662926065199163, 0.0775779130299814, 0.2243924691641488, -0.6350352127517367, 0.4651159890036821, 0.8170189658442646, 0.46947719596998927, -0.5596610800689481, 0.8540709403268645, -0.18768327230462656, 0.7247027658294647, -0.22068541814071874, 0.5263210448234422, -0.6301547335846686, -0.3854667107560265, -0.1854713267713536, -0.5692904224707004, -0.5300673789162511, -0.38469045422987186, -0.027272133860333482, 0.31243060714982884, 0.9603808820068596, 0.5651773356860539, -0.793738776430345, 0.4905484291104773, -0.37199246077627424, -0.02130324575224532, 0.9108210579304661, 0.5491580222716645, -0.2837431030336343, 0.2572824400044842, 1.0, 0.7438763818582059, -0.5205393675587295, -0.8676540602868119, -0.901142193887901, 0.2503890496096661, -0.12003178816661664, 0.478153216881092, -0.22326502046850777, -0.21167117377580125, -0.6948302338765822, 0.7830265200589397, -0.8793876490737838, -0.2658138750262724, -0.3454877215862344, 0.45786358980008895, -1.0, -0.12628625663944396, 1.0, -0.49252634009244456, -0.7856988638837554, 0.7849133103887508, 0.2234505346764868, -0.4858018472047826, -0.1142201494392121, 0.8369541593907368]
1019.9996337890625	(8, 12, 2)	[-0.3327302820667325, -0.09857403512191265, 0.8316887451476968, 0.998891735268013, 0.4847329517065684, 0.27159298197197, 0.6264636891515681, -0.06722351555822206, 0.606050042779507, -0.7837524741182962, -0.013539816192780885, -0.716305781071151, -0.4915674511363102, -0.589424151546659, -0.2273281916902823, 0.07461155180319423, -0.9301739545930892, -0.872930974597183, 0.4374128994992383, -0.8541485120645798, 0.4355660036310163, -0.7751357230727987, 0.2725321370699298, -0.7230638525871875, 0.35623571324068204, -0.3778008909397106, -0.9947894563366351, -0.922174559501727, -0.812504270917251, 0.6992835899434213, 0.5221860062225967, 0.20736643843696134, 0.49593798648971593, -0.44849016649132106, 0.2898567086694017, -0.678650387289973, -0.49105047625516596, -0.7270512228455954, -0.7978886898186953, -0.832613633084649, 0.7367009474320909, 0.9042627030441717, 0.40264764700225775, -0.292055204183039, -0.7573909969517739, 0.18815566282594065, 0.049357043914784626, 0.19012476433214798, -0.013690966781063858, 0.14502509119878287, -0.18188170113168178, -0.9996890456570516, 0.19798657313969112, 0.2690090853657694, -0.9079483904272281, 0.32096378382333346, 0.9985595420205207, -0.4708292120176216, 1.0, -0.23396208362533952, -0.878785049210305, 0.0222813280297467, 0.663888690644534, 0.018304977883901334, 0.0775779130299814, 0.23753009871319164, -0.6726275047242748, 0.4651159890036821, -0.12101817609267695, 0.46947719596998927, -0.5596610800689481, 0.8540709403268645, -0.18768327230462656, 0.7247027658294647, -0.22068541814071874, 0.5263210448234422, -0.8122528266083278, -0.3854667107560265, -0.2619431811710355, -0.375268883670413, -0.5300673789162511, -0.1774372671133031, -0.8322740763073988, 0.31243060714982884, 0.9603808820068596, -0.606403295290136, 0.6480701007390636, 0.4905484291104773, -0.4460743330375685, 0.0264574732437564, 0.999574615363435, 0.5491580222716645, -0.2890980909071088, 0.2072569809205005, 1.0, 0.5035622610446179, -0.5205393675587295, -0.8676540602868119, -0.901142193887901, 0.2503890496096661, -0.12003178816661664, 0.42459746665343795, 0.2065914209880723, -0.17131550992746836, -0.6948302338765822, 0.6491649872934966, 1.0, -0.6487489742454546, -0.2241831285651894, 0.45786358980008895, -1.0, -0.12628625663944396, 0.9110504025058845, -0.6772030241014926, -0.7856988638837554, 0.7107418213330788, 0.2234505346764868, -0.37888293598473416, -0.5242615260409365, 0.8369541593907368]
1019.9996337890625	(8, 12, 2)	[-0.3327302820667325, -0.15471250249993884, 0.8316887451476968, 0.998891735268013, 0.6102469648223185, 0.33737571301808156, 0.6264636891515681, -0.06722351555822206, 0.606050042779507, -0.7837524741182962, -0.013539816192780885, -0.716305781071151, -0.4893439901800097, -0.7084799266005071, -0.2273281916902823, -0.22689523422413882, -0.9192484994711402, -0.872930974597183, 0.4374128994992383, -0.8541485120645798, 0.4355660036310163, -0.7751357230727987, 0.2725321370699298, -0.7230638525871875, 0.14466339283294727, -0.3778008909397106, -0.9947894563366351, -0.922174559501727, -0.812504270917251, 0.6992835899434213, 0.5221860062225967, 0.7340008273878595, 0.6184435288920511, -0.21496370998446354, 0.3792991123796801, -0.678650387289973, -0.49105047625516596, -0.7270512228455954, -0.7978886898186953, -0.832613633084649, 0.7367009474320909, 0.9042627030441717, 0.40264764700225775, -0.292055204183039, -0.7573909969517739, 0.2126239117226775, 0.049357043914784626, 0.5255738956454139, -0.013690966781063858, 0.14502509119878287, -0.18188170113168178, -0.7991176071870928, 0.19798657313969112, 0.005725097400419654, -0.8866596147336079, 0.32096378382333346, 1.0, -0.5040685191877565, 1.0, -0.44124506169744226, -0.878785049210305, 0.0222813280297467, 0.663888690644534, 0.09369832185871746, 0.0775779130299814, 0.3466459837787099, -0.6350352127517367, 0.4651159890036821, 0.8170189658442646, 0.46947719596998927, -0.5596610800689481, 0.8028333732041009, -0.18768327230462656, 0.7247027658294647, -0.22068541814071874, 0.5263210448234422, -0.8122528266083278, -0.3854667107560265, -0.1854713267713536, -0.375268883670413, -0.5300673789162511, -0.1774372671133031, -0.027272133860333482, 0.31243060714982884, 0.9603808820068596, 0.5651773356860539, 0.6480701007390636, 0.4905484291104773, -0.4460743330375685, 0.0264574732437564, 0.999574615363435, 0.5491580222716645, -0.2890980909071088, 0.2072569809205005, 1.0, 0.5035622610446179, -0.8363465571379629, -0.8676540602868119, 0.46364725513108074, 0.2503890496096661, -0.12003178816661664, 0.478153216881092, -0.2936586809581003, -0.17131550992746836, -0.6948302338765822, 0.6491649872934966, 1.0, -0.2658138750262724, -0.3454877215862344, 0.45786358980008895, -1.0, -0.12628625663944396, 0.9110504025058845, -0.49252634009244456, -0.7856988638837554, 0.7044227786005284, 0.2234505346764868, -0.37888293598473416, -0.32101321693674034, 0.8369541593907368]
1019.9999389648438	(8, 12, 2)	[-0.3657177594788546, -0.09857403512191265, 0.821518066470175, 0.8734010604983404, 0.5587277479705347, 0.27159298197197, 0.6264636891515681, -0.06722351555822206, 0.606050042779507, -0.7837524741182962, -0.013539816192780885, -0.716305781071151, -0.4915674511363102, -0.436835295937001, -0.13568196535286517, 0.07461155180319423, -0.9301739545930892, -0.872930974597183, 0.41159201224746034, -0.8541485120645798, 0.4976106628407938, -0.8402535697714084, 0.2725321370699298, -0.7230638525871875, 0.43296787605516385, -0.214302254200758, -0.9947894563366351, -0.922174559501727, -0.812504270917251, 0.6537025259253925, 0.5221860062225967, 0.7340008273878595, 0.49593798648971593, -0.31073938341647334, 0.3792991123796801, -0.7556170442310026, -0.49105047625516596, -0.7270512228455954, -0.7978886898186953, -0.8942606695100731, 0.7367009474320909, 0.9042627030441717, 0.40264764700225775, -0.40049705062810026, -0.8398110979439981, -0.5666240245029157, -0.16827717520818058, 0.19012476433214798, 0.0057328683320802334, 0.14502509119878287, -0.18188170113168178, -0.9996890456570516, 0.3160884228344678, 0.2690090853657694, -0.9079483904272281, 0.27444488691388863, 0.9985595420205207, -0.5040685191877565, 1.0, -0.3448372864542265, -0.878785049210305, -0.04381553176650255, 0.663888690644534, -0.10662926065199163, 0.0613471932770443, 0.3420140293245621, -0.6350352127517367, 0.4651159890036821, 0.8170189658442646, 0.46947719596998927, -0.5596610800689481, 0.8028333732041009, -0.18768327230462656, 0.7247027658294647, -0.22068541814071874, 0.6153119589705531, -0.8122528266083278, -0.3854667107560265, -0.1854713267713536, -0.5692904224707004, -0.5300673789162511, -0.1774372671133031, -0.027272133860333482, 0.31243060714982884, 0.9603808820068596, 0.5651773356860539, -0.793738776430345, -0.57350748671511, -0.33540971643791806, 0.0264574732437564, 0.999574615363435, 0.4891674403897761, -0.2890980909071088, 0.2072569809205005, 1.0, 0.5035622610446179, -0.5205393675587295, -0.8676540602868119, 0.46364725513108074, 0.2503890496096661, -0.12003178816661664, 0.478153216881092, -0.3680255979046817, -0.21167117377580125, -0.6948302338765822, 0.6491649872934966, 1.0, -0.7189392046488463, -0.3454877215862344, 0.6070037515033797, -1.0, -0.12628625663944396, 0.9110504025058845, -0.6772030241014926, -0.7856988638837554, 0.8366460536594297, 0.2234505346764868, -0.37888293598473416, -0.1142201494392121, 0.8369541593907368]
1019.9996948242188	(8, 12, 2)	[-0.3657177594788546, -0.09857403512191265, 0.821518066470175, 0.8816805510982239, 0.5587277479705347, 0.27159298197197, 0.6264636891515681, -0.06722351555822206, 0.606050042779507, -0.7837524741182962, -0.013539816192780885, -0.716305781071151, -0.4915674511363102, -0.436835295937001, -0.13568196535286517, 0.07461155180319423, -0.9301739545930892, -0.872930974597183, 0.41159201224746034, -0.8541485120645798, 0.4976106628407938, -0.8402535697714084, 0.2725321370699298, -0.7230638525871875, 0.43296787605516385, -0.214302254200758, -0.9947894563366351, -0.922174559501727, -0.812504270917251, 0.5725425789004449, 0.5221860062225967, 0.20736643843696134, 0.49593798648971593, -0.31073938341647334, 0.3792991123796801, -0.678650387289973, -0.49105047625516596, -0.5930107095505877, -0.6634019516342307, -1.0, 0.7367009474320909, 0.901114975421858, 0.40264764700225775, -0.40049705062810026, -0.8398110979439981, -0.5666240245029157, -0.16827717520818058, 0.19012476433214798, 0.0057328683320802334, 0.14502509119878287, -0.12621339899255846, -0.7691239946673354, 0.3160884228344678, 0.33007129868183616, -0.9079483904272281, 0.32096378382333346, 1.0, -0.5040685191877565, 1.0, -0.3448372864542265, -0.878785049210305, -0.04381553176650255, 0.663888690644534, -0.05029506858694086, 0.0613471932770443, 0.3420140293245621, -0.6350352127517367, 0.4651159890036821, 0.8170189658442646, 0.46947719596998927, -0.5596610800689481, 0.8028333732041009, -0.18768327230462656, 0.8219216302246326, -0.22068541814071874, 0.6153119589705531, -0.8755377331314899, -0.41323617799488943, -0.1854713267713536, -0.5692904224707004, -0.5300673789162511, -0.45382375466319624, -0.027272133860333482, 0.31243060714982884, 0.9603808820068596, 0.5651773356860539, -0.793738776430345, 0.4905484291104773, -0.4460743330375685, 0.0264574732437564, 0.9655585300623293, 0.4891674403897761, -0.2890980909071088, 0.2072569809205005, 1.0, 0.5035622610446179, -0.5205393675587295, -0.8676540602868119, -0.9283613457776073, 0.2503890496096661, -0.12003178816661664, 0.478153216881092, -0.3680255979046817, -0.21167117377580125, -0.6948302338765822, 0.6491649872934966, 1.0, -0.7189392046488463, -0.3454877215862344, 0.45786358980008895, -1.0, -0.12628625663944396, 0.9110504025058845, -0.49252634009244456, -0.7856988638837554, 0.8366460536594297, 0.2234505346764868, -0.37888293598473416, -0.1142201494392121, 0.8369541593907368]
1019.999755859375	(8, 12, 2)	[-0.35215181999846756, -0.09857403512191265, 0.8316887451476968, 0.8356238016380461, 0.6102469648223185, 0.27159298197197, 0.44801152230536323, -0.06722351555822206, 0.606050042779507, -0.7837524741182962, -0.013539816192780885, -0.716305781071151, -0.4915674511363102, -0.589424151546659, -0.13568196535286517, 0.07461155180319423, -0.9301739545930892, -0.872930974597183, 0.41159201224746034, -0.8541485120645798, 0.16572521872207446, -0.8402535697714084, 0.2725321370699298, -0.7230638525871875, 0.14466339283294727, -0.3778008909397106, -0.9947894563366351, -0.922174559501727, -0.8387398856054357, 0.6537025259253925, 0.5221860062225967, 0.7904799597149107, 0.5894456779849067, -0.44396615853077237, 0.3792991123796801, -0.678650387289973, -0.49105047625516596, -0.7270512228455954, -0.7978886898186953, -0.832613633084649, 0.7367009474320909, 0.9042627030441717, 0.428604949497172, -0.40049705062810026, -0.7573909969517739, 0.18815566282594065, 0.07775169678036975, 0.19012476433214798, 0.0057328683320802334, 0.14502509119878287, -0.18188170113168178, -0.7691239946673354, 0.3160884228344678, 0.33007129868183616, -0.9079483904272281, 0.32096378382333346, 0.9985595420205207, -0.5040685191877565, 1.0, -0.23396208362533952, -0.878785049210305, 0.0222813280297467, 0.663888690644534, 0.05271645909712963, 0.0775779130299814, 0.23753009871319164, -0.6350352127517367, 0.8912154760983653, -0.12101817609267695, 0.46947719596998927, -0.5596610800689481, 0.8540709403268645, -0.18768327230462656, 0.8219216302246326, -0.55658810999562, 0.5263210448234422, -0.8122528266083278, -0.41323617799488943, -0.1854713267713536, -0.375268883670413, -0.5300673789162511, -0.1774372671133031, 0.06235354055918877, 0.31243060714982884, 0.9603808820068596, 0.5651773356860539, -0.793738776430345, -0.57350748671511, -0.33540971643791806, 0.10436184107974177, 0.999574615363435, 0.8478076624724491, -0.2890980909071088, 0.2572824400044842, 1.0, 0.5035622610446179, -0.5205393675587295, -0.8652125423063206, 0.46364725513108074, 0.14088984727157322, -0.12003178816661664, 0.478153216881092, -0.22326502046850777, -0.21167117377580125, -0.6948302338765822, 0.7830265200589397, -0.8793876490737838, -0.7189392046488463, -0.3454877215862344, 0.6070037515033797, -1.0, -0.12628625663944396, 1.0, -0.6772030241014926, -0.7856988638837554, 0.7849133103887508, 0.2234505346764868, -0.9637144791417913, -0.32101321693674034, 0.8369541593907368]
1019.9998168945312	(8, 12, 2)	[-0.35215181999846756, -0.09857403512191265, 0.8316887451476968, 0.8356238016380461, 0.6102469648223185, 0.27159298197197, 0.44801152230536323, -0.06722351555822206, 0.606050042779507, -0.7837524741182962, -0.013539816192780885, -0.716305781071151, -0.4915674511363102, -0.7084799266005071, -0.13568196535286517, 0.07461155180319423, -0.9301739545930892, -0.872930974597183, 0.4374128994992383, -0.8541485120645798, 0.16572521872207446, -0.7751357230727987, 0.2725321370699298, -0.7230638525871875, 0.14466339283294727, -0.3778008909397106, -0.9947894563366351, -0.8896371978286132, -0.8387398856054357, 0.6537025259253925, 0.5221860062225967, 0.7340008273878595, 0.5894456779849067, -0.44396615853077237, 0.2898567086694017, -0.678650387289973, -0.49105047625516596, -0.7270512228455954, -0.7978886898186953, -0.832613633084649, 0.7367009474320909, 0.9042627030441717, 0.428604949497172, -0.40049705062810026, -0.8281989928378086, -0.5666240245029157, 0.07775169678036975, 0.19012476433214798, 0.0057328683320802334, 0.14502509119878287, -0.18188170113168178, -0.7691239946673354, 0.19798657313969112, 0.33007129868183616, -0.9079483904272281, 0.32096378382333346, 1.0, -0.5040685191877565, 1.0, -0.350100192512104, -0.878785049210305, 0.0222813280297467, 0.663888690644534, 0.05271645909712963, 0.15253419749443153, 0.2243924691641488, -0.6350352127517367, 0.3641091301081536, 0.8471999337922573, 0.46947719596998927, -0.5596610800689481, 0.8028333732041009, -0.18768327230462656, 0.7247027658294647, -0.55658810999562, 0.7117992599862035, -0.8122528266083278, -0.3854667107560265, -0.1854713267713536, -0.375268883670413, -0.5300673789162511, -0.45382375466319624, 0.06235354055918877, 0.31243060714982884, 0.9603808820068596, 0.5651773356860539, -0.793738776430345, -0.57350748671511, -0.33540971643791806, 0.10459294935009678, 0.999574615363435, 0.8478076624724491, -0.2890980909071088, 0.2572824400044842, 1.0, 0.5035622610446179, -0.5205393675587295, -0.8652125423063206, 0.46364725513108074, 0.14088984727157322, -0.12003178816661664, 0.478153216881092, -0.22326502046850777, -0.17131550992746836, -0.6948302338765822, 0.7830265200589397, -0.8793876490737838, -0.6487489742454546, -0.3454877215862344, 0.6070037515033797, -1.0, -0.12628625663944396, 0.9110504025058845, -0.49252634009244456, -0.7856988638837554, 0.7849133103887508, 0.2234505346764868, -0.9637144791417913, -0.32101321693674034, 0.8369541593907368]
1019.9998779296875	(8, 12, 2)	[-0.417326505508842, -0.15471250249993884, 0.821518066470175, 0.8665846367936498, 0.6102469648223185, 0.27159298197197, 0.6264636891515681, -0.06722351555822206, 0.606050042779507, -0.7837524741182962, 0.024070092506408604, -0.716305781071151, -0.4893439901800097, -0.7084799266005071, -0.13568196535286517, 0.07461155180319423, -0.9192484994711402, -0.872930974597183, 0.41159201224746034, -0.8541485120645798, 0.4355660036310163, -0.7751357230727987, 0.2725321370699298, -0.7230638525871875, 0.14466339283294727, -0.3778008909397106, -0.9947894563366351, -0.922174559501727, -0.8154449821340598, 0.6537025259253925, 0.5221860062225967, 0.3669665836239854, 0.49593798648971593, -0.21496370998446354, 0.2898567086694017, -0.678650387289973, -0.49105047625516596, -0.7270512228455954, -0.6634019516342307, -0.832613633084649, 0.7367009474320909, 0.9042627030441717, 0.40264764700225775, -0.40049705062810026, -0.7573909969517739, -0.5666240245029157, -0.16827717520818058, 0.19012476433214798, 0.09658771782436518, 0.14502509119878287, -0.12621339899255846, -0.7991176071870928, 0.3160884228344678, 0.2690090853657694, -0.03838246678406054, 0.32096378382333346, 1.0, -0.4708292120176216, 0.986962829321495, -0.4069147599642499, -0.878785049210305, 0.0222813280297467, 0.663888690644534, -0.10662926065199163, 0.0613471932770443, 0.3420140293245621, -0.6350352127517367, 0.3641091301081536, 0.8170189658442646, 0.31078408092004683, -0.6350072880632679, 0.8028333732041009, -0.18768327230462656, 0.8219216302246326, -0.22068541814071874, 0.5263210448234422, -0.8122528266083278, -0.3854667107560265, -0.1854713267713536, -0.375268883670413, -0.5300673789162511, -0.1774372671133031, -0.027272133860333482, 0.31243060714982884, 0.9603808820068596, 0.5651773356860539, -0.793738776430345, -0.57350748671511, -0.33540971643791806, 0.0264574732437564, 0.999574615363435, 0.4891674403897761, -0.2890980909071088, 0.2072569809205005, 1.0, 0.5035622610446179, -0.5205393675587295, -0.8676540602868119, -0.901142193887901, 0.11180184358560011, -0.12003178816661664, 0.478153216881092, -0.3680255979046817, -0.21167117377580125, -0.6948302338765822, 0.6491649872934966, 1.0, -0.6487489742454546, -0.2241831285651894, 0.6070037515033797, 0.5723139144687119, -0.12628625663944396, 0.9831958179499856, -0.6263772340309781, -0.7856988638837554, 0.7044227786005284, 0.2234505346764868, -0.37888293598473416, -0.5242615260409365, 0.8369541593907368]
1019.9996337890625	(8, 12, 2)	[-0.3327302820667325, -0.15471250249993884, 0.821518066470175, 0.8734010604983404, 0.6436003818272023, 0.27159298197197, 0.6264636891515681, -0.06722351555822206, 0.606050042779507, -0.7837524741182962, 0.07228884239725188, -0.716305781071151, -0.4893439901800097, -0.7084799266005071, -0.13568196535286517, 0.07461155180319423, -0.9195900830530583, -0.872930974597183, 0.41159201224746034, -0.8541485120645798, 0.4355660036310163, -0.7751357230727987, 0.3956943543234363, -0.7230638525871875, 0.35623571324068204, -0.3778008909397106, -0.9947894563366351, -0.922174559501727, -0.812504270917251, 0.6537025259253925, 0.5221860062225967, 0.20736643843696134, 0.49593798648971593, -0.21496370998446354, 0.3792991123796801, -0.678650387289973, -0.49105047625516596, -0.6179334182219574, -0.7978886898186953, -0.832613633084649, 0.7367009474320909, 0.9042627030441717, 0.40264764700225775, -0.292055204183039, -0.7573909969517739, -0.5666240245029157, 0.07775169678036975, 0.19012476433214798, 0.0057328683320802334, 0.14502509119878287, -0.18188170113168178, -0.7991176071870928, 0.3160884228344678, 0.2690090853657694, -0.03838246678406054, 0.32096378382333346, 1.0, -0.4708292120176216, 0.986962829321495, -0.4069147599642499, -0.878785049210305, 0.0222813280297467, 0.663888690644534, -0.04630281536752416, 0.0775779130299814, 0.3420140293245621, -0.6350352127517367, 0.3984768574304005, 0.7905819789429751, 0.46947719596998927, -0.5976670290002258, 0.8028333732041009, -0.18768327230462656, 0.8219216302246326, -0.22068541814071874, 0.7117992599862035, -0.8122528266083278, -0.3854667107560265, -0.1854713267713536, -0.375268883670413, -0.5300673789162511, -0.1774372671133031, -0.027272133860333482, 0.14583084120595802, 0.9603808820068596, 0.5651773356860539, 0.6480701007390636, -0.57350748671511, -0.33540971643791806, 0.0264574732437564, 0.9108210579304661, 0.5491580222716645, -0.2890980909071088, 0.2572824400044842, 1.0, 0.5035622610446179, -0.5205393675587295, -0.8676540602868119, -0.901142193887901, 0.2503890496096661, -0.12003178816661664, 0.42459746665343795, 0.2065914209880723, -0.09032377188527851, -0.6948302338765822, 0.6491649872934966, -0.8793876490737838, -0.2658138750262724, -0.2241831285651894, 0.6070037515033797, -1.0, -0.12628625663944396, 0.9110504025058845, -0.49252634009244456, -0.7856988638837554, 0.7849133103887508, 0.2234505346764868, -0.34939519761868476, -0.1142201494392121, 0.8369541593907368]
1019.9996948242188	(8, 12, 2)	[-0.417326505508842, -0.09857403512191265, 0.821518066470175, 0.8734010604983404, 0.5527500264649268, 0.27159298197197, 0.6264636891515681, -0.06722351555822206, 0.606050042779507, -0.7837524741182962, -0.013539816192780885, -0.49275798882908123, -0.4915674511363102, -0.7084799266005071, -0.13568196535286517, 0.07461155180319423, -0.8060699041097872, -0.872930974597183, 0.41159201224746034, -0.8541485120645798, 0.4355660036310163, -0.8402535697714084, 0.2725321370699298, -0.7230638525871875, 0.14466339283294727, -0.3778008909397106, -0.9947894563366351, -0.922174559501727, -0.7383281490222519, 0.6537025259253925, 0.5221860062225967, 0.7904799597149107, 0.49593798648971593, -0.44849016649132106, 0.3792991123796801, -0.678650387289973, -0.49105047625516596, -0.7270512228455954, -0.7978886898186953, -0.8942606695100731, 0.7367009474320909, 0.9042627030441717, 0.40264764700225775, -0.40049705062810026, -0.7573909969517739, -0.5666240245029157, -0.16827717520818058, 0.3382334547555598, 0.09658771782436518, 0.14502509119878287, -0.18188170113168178, -0.6219820342320506, 0.1995885614865626, 0.2690090853657694, -0.9079483904272281, 0.32096378382333346, 0.9985595420205207, -0.4708292120176216, 1.0, -0.4069147599642499, -0.5987475237886484, 0.0222813280297467, 0.663888690644534, 0.05271645909712963, 0.0775779130299814, 0.3466459837787099, -0.6350352127517367, 0.3641091301081536, 0.7905819789429751, 0.46947719596998927, -0.5976670290002258, 0.8540709403268645, -0.18768327230462656, 0.8219216302246326, -0.22068541814071874, 0.5263210448234422, -0.7688153500694094, -0.3854667107560265, -0.1854713267713536, -0.375268883670413, -0.5300673789162511, -0.1774372671133031, -0.8322740763073988, 0.31243060714982884, 0.7770206774220717, 0.5651773356860539, 0.6480701007390636, -0.57350748671511, -0.33540971643791806, 0.0264574732437564, 0.9655585300623293, 0.5491580222716645, -0.2890980909071088, 0.2072569809205005, 1.0, 0.8432153750324936, -0.5205393675587295, -0.8676540602868119, 0.46364725513108074, 0.2503890496096661, -0.24126601694451555, 0.478153216881092, -0.2936586809581003, -0.17131550992746836, -0.6948302338765822, 0.7830265200589397, -0.8793876490737838, -0.6487489742454546, -0.2241831285651894, 0.45786358980008895, -1.0, -0.12628625663944396, 0.9110504025058845, -0.49252634009244456, -0.8555760702158678, 0.7107418213330788, 0.2234505346764868, -0.37888293598473416, 0.0399677166615523, -0.5684767485062532]
1019.999755859375	(8, 12, 2)	[-0.417326505508842, -0.06018328463072125, 0.8316887451476968, 0.998891735268013, 0.6102469648223185, 0.27159298197197, 0.6264636891515681, -0.06722351555822206, 0.606050042779507, -0.7837524741182962, -0.013539816192780885, -0.716305781071151, -0.4893439901800097, -0.589424151546659, -0.13568196535286517, 0.07461155180319423, -0.9301739545930892, -0.872930974597183, 0.41159201224746034, -0.8541485120645798, 0.4355660036310163, -0.7751357230727987, 0.2725321370699298, -0.7230638525871875, 0.14466339283294727, -0.214302254200758, -0.9947894563366351, -0.922174559501727, -0.8387398856054357, 0.6537025259253925, -0.946415411552576, 0.7904799597149107, 0.49593798648971593, -0.21496370998446354, 0.3792991123796801, -0.678650387289973, -0.49105047625516596, -0.7270512228455954, -0.6634019516342307, -0.832613633084649, 0.7367009474320909, 0.9042627030441717, 0.40264764700225775, -0.40049705062810026, -0.7573909969517739, -0.5666240245029157, -0.16827717520818058, 0.19012476433214798, 0.0057328683320802334, 0.14502509119878287, -0.18188170113168178, -0.9447735716401509, 0.3160884228344678, 0.2690090853657694, -0.9079483904272281, 0.32096378382333346, 1.0, -0.4708292120176216, 0.986962829321495, -0.31674500165645225, -0.9012952387082177, 0.0222813280297467, 0.663888690644534, -0.05029506858694086, 0.0775779130299814, 0.3466459837787099, -0.6350352127517367, 0.4651159890036821, -0.12101817609267695, 0.46947719596998927, -0.6350072880632679, 0.9309033902729412, -0.18768327230462656, 0.8219216302246326, -0.22068541814071874, 0.5263210448234422, -0.8122528266083278, -0.3854667107560265, -0.1854713267713536, -0.375268883670413, -0.5300673789162511, -0.1774372671133031, 0.06235354055918877, 0.09659715338968716, 0.9603808820068596, -0.5412016737698202, 0.6480701007390636, -0.57350748671511, -0.4460743330375685, -0.02130324575224532, 0.999574615363435, 0.5491580222716645, -0.2890980909071088, 0.026074386243951808, 1.0, 0.7438763818582059, -0.5205393675587295, -0.8652125423063206, -0.901142193887901, 0.2503890496096661, -0.12003178816661664, 0.478153216881092, 0.2065914209880723, -0.21167117377580125, -0.7161572918207629, 0.6491649872934966, 1.0, -0.2658138750262724, -0.3454877215862344, 0.45786358980008895, 0.5723139144687119, -0.12628625663944396, 0.9110504025058845, -0.49252634009244456, -0.8555760702158678, 0.7044227786005284, 0.2234505346764868, -0.37888293598473416, -0.5242615260409365, -0.6056766607179381]
1019.9995727539062	(8, 12, 2)	[-0.417326505508842, -0.06018328463072125, 0.821518066470175, 0.8734010604983404, 0.6102469648223185, 0.27159298197197, 0.6264636891515681, -0.06722351555822206, 0.606050042779507, -0.7837524741182962, -0.013539816192780885, -0.6618415344394639, -0.4915674511363102, -0.589424151546659, -0.13568196535286517, 0.07461155180319423, -0.9301739545930892, -0.872930974597183, 0.4374128994992383, -0.8541485120645798, 0.4355660036310163, -0.7751357230727987, 0.2725321370699298, -0.7230638525871875, 0.14466339283294727, -0.3778008909397106, -0.9947894563366351, -0.922174559501727, -0.7344432314080553, 0.6537025259253925, 0.5221860062225967, 0.3669665836239854, 0.49593798648971593, -0.21496370998446354, 0.3792991123796801, -0.678650387289973, -0.5288487234020138, -0.7270512228455954, -0.7978886898186953, -0.832613633084649, 0.7367009474320909, 0.9866767283193184, 0.40264764700225775, -0.40049705062810026, -0.7573909969517739, 0.2126239117226775, -0.16827717520818058, 0.3382334547555598, 0.0057328683320802334, 0.14502509119878287, -0.0945287059689986, -0.7991176071870928, 0.3160884228344678, 0.3423306209999288, -0.9079483904272281, 0.4201119768606809, 0.9985595420205207, -0.4708292120176216, 1.0, -0.23396208362533952, -0.878785049210305, 0.0222813280297467, 0.663888690644534, 0.05271645909712963, 0.0613471932770443, 0.3466459837787099, -0.7183510853712389, 0.8912154760983653, -0.12101817609267695, 0.46947719596998927, -0.5976670290002258, 0.8540709403268645, -0.18768327230462656, 0.7247027658294647, -0.22068541814071874, 0.7117992599862035, -0.8122528266083278, -0.3854667107560265, -0.1854713267713536, -0.375268883670413, -0.5300673789162511, -0.1774372671133031, -0.027272133860333482, 0.31243060714982884, 0.9603808820068596, 0.5651773356860539, -0.793738776430345, 0.5793021124167037, -0.33540971643791806, 0.10459294935009678, 0.999574615363435, 0.8478076624724491, -0.2890980909071088, 0.2072569809205005, 1.0, 0.5035622610446179, -0.5205393675587295, -0.8676540602868119, -0.901142193887901, -0.682356773280286, -0.12003178816661664, 0.478153216881092, -0.3141776138392923, -0.126715069161867, -0.6948302338765822, 0.6491649872934966, 1.0, -0.2658138750262724, -0.3454877215862344, 0.45786358980008895, -1.0, -0.12628625663944396, 0.9110504025058845, -0.49252634009244456, -0.7856988638837554, 0.7107418213330788, 0.2234505346764868, -0.37888293598473416, -0.5242615260409365, 0.8369541593907368]
1019.9996337890625	(8, 12, 2)	[-0.417326505508842, -0.09857403512191265, 0.821518066470175, 0.8734010604983404, 0.6436003818272023, 0.27159298197197, 0.6155108568550407, -0.06722351555822206, 0.606050042779507, -0.7837524741182962, -0.013539816192780885, -0.49275798882908123, -0.4893439901800097, -0.589424151546659, -0.2273281916902823, -0.22689523422413882, -0.9301739545930892, -0.872930974597183, 0.41159201224746034, -0.8541485120645798, 0.16572521872207446, -0.8044133903772682, 0.2725321370699298, -0.7230638525871875, 0.35623571324068204, -0.3778008909397106, -0.9947894563366351, -0.922174559501727, -0.7344432314080553, 0.6537025259253925, 0.5221860062225967, 0.3669665836239854, 0.49593798648971593, -0.21496370998446354, 0.3792991123796801, -0.678650387289973, -0.49105047625516596, -0.6179334182219574, -0.7978886898186953, -0.832613633084649, 0.7367009474320909, 0.9042627030441717, 0.3517945689964031, -0.40049705062810026, -0.7573909969517739, -0.5666240245029157, 0.07775169678036975, 0.19012476433214798, 0.0057328683320802334, 0.14502509119878287, -0.0945287059689986, -0.9447735716401509, 0.3160884228344678, 0.2690090853657694, -0.9079483904272281, 0.32096378382333346, 1.0, -0.5040685191877565, 0.986962829321495, -0.23396208362533952, -0.878785049210305, 0.0222813280297467, 0.663888690644534, 0.05271645909712963, 0.15253419749443153, 0.2243924691641488, -0.6726275047242748, 0.38476540298584205, 0.8170189658442646, 0.46947719596998927, -0.5596610800689481, 0.8339922747493789, -0.18768327230462656, 0.7247027658294647, -0.22068541814071874, 0.5263210448234422, -0.8122528266083278, -0.3854667107560265, -0.1854713267713536, -0.5692904224707004, -0.5300673789162511, -0.1774372671133031, -0.027272133860333482, 0.31243060714982884, 0.9603808820068596, 0.5651773356860539, 0.6480701007390636, 0.5793021124167037, -0.33540971643791806, 0.0264574732437564, 0.9108210579304661, 0.4891674403897761, -0.2890980909071088, 0.2072569809205005, 0.9921638660394633, 0.5035622610446179, -0.5205393675587295, -0.8676540602868119, 0.46364725513108074, 0.14088984727157322, -0.12003178816661664, 0.35080955569524186, -0.22326502046850777, -0.21167117377580125, -0.6948302338765822, 0.6491649872934966, 1.0, -0.6487489742454546, -0.3454877215862344, 0.45786358980008895, -0.9425126186495097, -0.12628625663944396, 1.0, -0.49252634009244456, -0.7856988638837554, 0.7849133103887508, 0.2234505346764868, -0.34939519761868476, -0.1142201494392121, -0.5684767485062532]
1019.9998779296875	(8, 12, 2)	[-0.417326505508842, -0.09857403512191265, 0.821518066470175, 0.8734010604983404, 0.6436003818272023, 0.27159298197197, 0.6155108568550407, -0.06722351555822206, 0.606050042779507, -0.7837524741182962, -0.013539816192780885, -0.49275798882908123, -0.4893439901800097, -0.589424151546659, -0.2273281916902823, -0.22689523422413882, -0.9301739545930892, -0.872930974597183, 0.41159201224746034, -0.8541485120645798, 0.16572521872207446, -0.8044133903772682, 0.2725321370699298, -0.7230638525871875, 0.35623571324068204, -0.3778008909397106, -0.9947894563366351, -0.922174559501727, -0.7344432314080553, 0.6537025259253925, 0.5221860062225967, 0.3669665836239854, 0.49593798648971593, -0.21496370998446354, 0.3792991123796801, -0.678650387289973, -0.49105047625516596, -0.6179334182219574, -0.7978886898186953, -0.832613633084649, 0.7367009474320909, 0.9042627030441717, 0.3517945689964031, -0.40049705062810026, -0.7573909969517739, -0.5666240245029157, 0.07775169678036975, 0.19012476433214798, 0.0057328683320802334, 0.14502509119878287, -0.0945287059689986, -0.9447735716401509, 0.3160884228344678, 0.2690090853657694, -0.9079483904272281, 0.32096378382333346, 1.0, -0.5040685191877565, 0.986962829321495, -0.23396208362533952, -0.878785049210305, 0.0222813280297467, 0.663888690644534, 0.05271645909712963, 0.15253419749443153, 0.2243924691641488, -0.6726275047242748, 0.38476540298584205, 0.8170189658442646, 0.46947719596998927, -0.5596610800689481, 0.8339922747493789, -0.18768327230462656, 0.7247027658294647, -0.22068541814071874, 0.5263210448234422, -0.8122528266083278, -0.3854667107560265, -0.1854713267713536, -0.5692904224707004, -0.5300673789162511, -0.1774372671133031, -0.027272133860333482, 0.31243060714982884, 0.9603808820068596, 0.5651773356860539, 0.6480701007390636, 0.5793021124167037, -0.33540971643791806, 0.0264574732437564, 0.9108210579304661, 0.4891674403897761, -0.2890980909071088, 0.2072569809205005, 0.9921638660394633, 0.5035622610446179, -0.5205393675587295, -0.8676540602868119, 0.46364725513108074, 0.14088984727157322, -0.12003178816661664, 0.35080955569524186, -0.22326502046850777, -0.21167117377580125, -0.6948302338765822, 0.6491649872934966, 1.0, -0.6487489742454546, -0.3454877215862344, 0.45786358980008895, -0.9425126186495097, -0.12628625663944396, 1.0, -0.49252634009244456, -0.7856988638837554, 0.7849133103887508, 0.2234505346764868, -0.34939519761868476, -0.1142201494392121, -0.5684767485062532]
