1009.112548828125	(8, 12, 2)	[0.6544473886692577, -0.5752623083808628, 0.5042805817883218, -0.8133434019553307, -0.7922678218183532, -0.12299627191114348, 0.7344072163814939, -0.8623741112951993, -0.19399330881419607, 0.725496559651917, 0.5963237184183192, -0.6224641955974757, 0.6137300292077397, -0.7501503468288604, -0.9671975656689105, -0.7636666622098145, 0.8862717814338628, -0.34506168104593815, -0.08845326524712682, -0.49789944849428336, -0.5865805334298646, -0.1981609412420764, -0.4911824330965544, -0.6690083662804338, 0.42640706759299585, -0.5577568853003607, 0.44433145733427626, 0.662816912792344, -0.16615154059096637, 0.6108710139077034, -0.8215649399953437, -0.19988834204455608, -0.13145029586267531, 0.43560888042478463, -0.5710999477596119, -0.5886258078043578, 0.8517367554134359, 0.6143056521241499, -0.8460594994869743, 0.12711752878879334, 0.4025320880733496, 0.18358275717947126, 0.22222939882815607, 0.7942822951990431, -0.33763932774130456, -0.3843394629997401, 0.10583427003909507, 0.5193529759130922, 0.8087400832304714, 0.3406957385429379, -0.44632897737828414, 0.40897120558121713, -0.29512423264409793, 0.2390360517161394, -0.4229892620149851, 0.3911862761221925, 0.14168520175071686, 0.6140855824841609, 0.4300527801366911, 0.49438930390104674, -0.5232689345848343, 0.49079360233691793, -0.541697184074583, 0.39197673628978325, 0.06857197494247647, -0.9086495946721611, -0.8591769239927103, -0.360254312358564, -0.7586423131004603, 0.9039715916992341, -0.9649165869104577, 0.08433226414005923, 0.39537098712376606, 0.3553115050658877, 0.2090346884769536, -0.9833184099906453, 0.3263967835216699, -0.44351217330762127, 0.5036508418936398, -0.5089601611386674, 0.5227980949741977, 0.6388356623865672, 0.4011899826121781, 0.19725012796091224, -0.7245478370609657, 0.9269537258305733, -0.5293210823208316, -0.008676734959639498, 0.898741451880938, -0.015487533659952701, 0.14257308983959538, 0.3073706472105606, 0.09350335731254589, -0.5394441183389336, -0.9849041575761133, 0.863865531658542, -0.5069939880372025, 0.4150989988131306, 0.6963868989355766, -0.8451492428766569, -0.5065822789446204, -0.9714361914490885, 0.9507752090292958, -0.22158507818938267, -0.5566141482536839, 0.29094818193468575, -0.5822892667016708, 0.4471621001559203, 0.3504225322972878, -0.5451797475819355, 0.6358539206438474, -0.6825408511549123, 0.0779496970988931, 0.8614014787899729, -0.8091523316496572, -0.3439834268421571, 0.32326548020954426, 0.23864967342087118, 0.14443033322175158, 0.16766773190715223]
16.567657470703125	(8, 12, 2)	[0.16623181395324393, 0.15108886559205548, -0.39095694505801326, 0.3642261509664153, 0.04370328753940678, 0.8307643871461647, -0.07247066476121744, 0.8709180946114181, -0.6229090730179689, -0.7983743289242766, -0.9989710032372994, -0.588928371809216, 0.4434250863323088, -0.5642784109293293, -0.05539347302893649, -0.35030576049490203, 0.40725573854569386, 0.09846845692502329, 0.14629098287572884, 0.8956359449809458, 0.3222136537873246, -0.024764463578427653, -0.8823298805575184, 0.28870857561386676, 0.22383902320395888, -0.08850603123152823, 0.9144943119111928, 0.9132891834524086, -0.8938185768556137, 0.48220354873869775, -0.5182050503960531, 0.3614433171607807, 0.8252419201133421, -0.11699734429950825, 0.6916526434922392, 0.8497187188115545, -0.2948114026348907, 0.3247772330065022, -0.8341600390946227, -0.6266369120638537, -0.1656608831312678, 0.9802371416190108, 0.936790518562542, -0.02899431205544012, -0.48935035581336184, 0.6132189438225604, 0.2628893969769366, 0.7645633401007788, -0.5790625706646644, 0.24264531144492096, -0.7906533163768632, 0.9440723750048845, -0.8132427450394459, 0.12135931441865733, -0.6343707640614955, 0.37751350120213356, 0.6549059322626947, 0.5232734351111694, -0.5211347013603589, 0.14725351615825466, 0.2334582892267092, 0.55957839381451, -0.43304918560996164, 0.6452849393839628, 0.9602057077863815, -0.6765854524994046, 0.4271374009223572, -0.3624545272088022, -0.8174520520136752, 0.6126889960843331, 0.44530372756722647, -0.04330509106549152, 0.562860119977888, 0.7276907059356794, 0.6354140375943595, -0.5416160824385574, 0.6486954728858159, 0.598372647711209, 0.9384580733323586, -0.28464496195043165, -0.321886061899322, 0.6494485237973029, 0.8958079021260699, -0.12996417441329688, -0.08134704390037739, 0.1697488559664324, 0.578881813754287, -0.09864440158908971, 0.6585634422529563, -0.1849769288166434, 0.45586938719830217, 0.6781873544318644, -0.40354176601843195, 0.586770365934631, -0.3448549956884954, 0.41609858008500566, 0.37482100693618636, -0.6089529603769592, 0.08667458974245945, -0.4695205041083692, 0.8091300557940899, 0.8686331646952345, 0.17816409168295833, -0.1962927424152019, 0.0811000018298702, 0.48170755785981845, -0.5749819923245558, -0.05523020928899869, 0.5425512946312756, 0.23175943222675333, 0.396188673860149, -0.07078825991964943, -0.3965730820025446, -0.361433750676478, -0.08679197321513099, -0.6381092233813226, 0.8761866886725829, 0.6750645255663752, 0.9826809335715809, 0.7692770068199004]
1019.9130249023438	(8, 12, 2)	[-0.6045394304586915, 0.6611608765400572, 0.4891666194464366, 0.35919916194775237, 0.04370328753940678, 0.8307643871461647, -0.07247066476121744, 0.9710118789180089, 0.8080667618943322, -0.7983743289242766, -0.9989710032372994, -0.4897506505396161, 0.4434250863323088, 0.9171826152003493, -0.05539347302893649, -0.35030576049490203, -0.5526122274547853, 0.09846845692502329, 0.14629098287572884, 0.6363346914218191, 0.3222136537873246, -0.024764463578427653, -0.8823298805575184, -0.34132073573232535, -0.17502355771831923, -0.08850603123152823, -0.33660549740552126, -0.2662172812651422, -0.6592740358221238, 0.48220354873869775, -0.5182050503960531, -0.8570253758474145, 0.8252419201133421, -0.7413881493936232, 0.6916526434922392, 0.8497187188115545, -0.43799910355052485, 0.5455402043587063, 0.8531694567695547, -0.6266369120638537, -0.374318366368559, 0.9620001499236861, 0.5837082941819065, -0.02899431205544012, -0.48935035581336184, -0.7427830041019838, 0.9073732332361857, -0.889374649114391, -0.5790625706646644, -0.014491769795617504, 0.0692790734127271, 0.13885654857368013, -0.9031393263829575, 0.12135931441865733, -0.6343707640614955, 0.37751350120213356, 0.6549059322626947, 0.5568184148409598, 0.18059143800967004, 0.14725351615825466, 0.2959001368903995, 0.7775944371780956, -0.5213579121987468, 0.6452849393839628, 0.9602057077863815, -0.6765854524994046, 0.4271374009223572, 0.31549351817313664, -0.6863368592947647, 0.6126889960843331, 0.44530372756722647, -0.04330509106549152, 0.562860119977888, 0.7276907059356794, 0.6354140375943595, -0.5416160824385574, 0.6486954728858159, 0.9307729972043013, 0.9384580733323586, 0.054125429601737274, -0.321886061899322, 0.6494485237973029, 0.8958079021260699, -0.8298205154901279, -0.08134704390037739, -0.18794844221815632, 0.578881813754287, 0.45824468576698085, -0.27127190083807573, -0.5571161464014727, 0.45586938719830217, 0.6703054968501057, -0.46929305574467994, 0.586770365934631, -0.3448549956884954, 0.41609858008500566, -0.4029844298130014, -0.7787827187321485, 0.08667458974245945, 0.023144015870019796, 0.8091300557940899, 0.45131107520576896, 0.9055673662208807, -0.1962927424152019, 0.0811000018298702, 0.48170755785981845, -0.5749819923245558, -0.05523020928899869, -0.7900686204897898, 0.6873275993214067, -0.8467040364820146, -0.07078825991964943, -0.7016382680190851, 0.3992572038150508, -0.08679197321513099, -0.6381092233813226, 0.8761866886725829, 0.7466337648224661, 0.547812346709156, -0.2199219326575852]
-10.489191055297852	(8, 12, 2)	[0.2613418419508764, -0.19001415358588947, 0.4096433412529521, 0.5111340284891814, 0.30408811259257096, 0.2508562743161318, -0.47820977375523355, -0.8626202854076925, 0.8475578360940201, -0.3381350652955417, 0.37742707403045905, 0.13478765472590504, -0.33361653160548865, -0.6926040123401269, -0.18827291605666918, -0.8841063185130156, 0.07092981479357263, 1.0, 0.006077615130665848, 0.983081549303586, -0.4712152890437178, -0.4148446434586397, 0.16998034878952084, 0.390463449371266, -0.7138204943430633, -0.1524694791907173, 0.6684358338017606, -0.0647885244379185, -0.8825879980365037, 0.18231941400029705, -0.8554404192147296, 0.9294484285096556, 0.07453520651278311, -0.9627682665436657, 0.20706646489711655, -0.07829997546072143, 0.6393812776620009, -0.6433738166769609, 0.7611144683219739, -0.020253722541495822, 0.18454610171414787, -0.011488560929123315, -0.33302949795961223, 0.775915556412208, -0.057580844424650834, -0.33442154579975947, -0.8100856757786761, 0.2745975049798062, 0.1677298304318866, 0.5785754753276893, -0.922248459871029, 0.6976726576739316, 0.9655762386636249, 0.25778279641944235, -0.6737284376794888, 0.3239917230242917, 0.7428197078278194, 0.3678525346044623, 0.1505995866116545, -0.7899356211190454, -0.49832820004028444, 0.19068338092019999, -0.7631113035412151, 0.4055335711742687, -0.7851353103685523, 0.8130225841143139, 0.1294528266135948, -0.90649450499909, -0.39361704002198294, -0.9493519684204317, -0.526531369353437, -0.3938018164874135, -0.7790908479294112, -0.7175500530890568, 0.007154134367474807, -0.8338532753028198, 0.7792749896296054, 0.442607355980964, 0.8601758928171277, 0.5203534932674934, 0.804784669154559, -0.7108956247288738, -0.3844274153878755, -0.3245715067771624, 0.4018822080354123, -0.5982552085149111, -0.4349009572468947, 0.5262830130411547, -0.9001080523334053, -0.6383778365943993, 0.5077493127855945, 0.37467875861794586, -0.6103933259353711, -0.9170995492638059, -0.24790715232715543, 0.5027756599805302, -0.9875960439396925, -0.3689610094437572, -0.5232914809649332, 0.2162416036530248, 0.7475306960532286, -0.7736833706101411, 0.6086841739711069, 0.1140454098839625, -0.12275526203434062, -0.41356196707664306, -0.31465901484969216, -0.5648866047899936, -0.5618684362085031, 0.5918205625640436, -0.9673769245205672, -0.7469705620942326, -0.9415623139158229, -0.232812896908821, -0.7310076196503537, -0.8762880031036, -0.6161091186920342, 0.8625695355517466, -0.8443341602143497, 0.22243091212149668]
1019.7825317382812	(8, 12, 2)	[0.2613418419508764, -0.19001415358588947, 0.4096433412529521, 0.5111340284891814, 0.30408811259257096, 0.2508562743161318, -0.47820977375523355, -0.8626202854076925, 0.8475578360940201, -0.3381350652955417, 0.37742707403045905, 0.13478765472590504, -0.33361653160548865, -0.6926040123401269, -0.18827291605666918, -0.8841063185130156, 0.07092981479357263, 1.0, 0.006077615130665848, 0.983081549303586, -0.4712152890437178, -0.4148446434586397, 0.16998034878952084, 0.390463449371266, -0.7138204943430633, -0.1524694791907173, 0.6684358338017606, -0.0647885244379185, -0.8825879980365037, 0.18231941400029705, -0.8554404192147296, 0.9294484285096556, 0.07453520651278311, -0.9627682665436657, 0.20706646489711655, -0.07829997546072143, 0.6393812776620009, -0.6433738166769609, 0.7611144683219739, -0.020253722541495822, 0.18454610171414787, -0.011488560929123315, -0.33302949795961223, 0.775915556412208, -0.057580844424650834, -0.33442154579975947, -0.8100856757786761, 0.2745975049798062, 0.1677298304318866, 0.5785754753276893, -0.922248459871029, 0.6976726576739316, 0.9655762386636249, 0.25778279641944235, -0.6737284376794888, 0.3239917230242917, 0.7428197078278194, 0.3678525346044623, 0.1505995866116545, -0.7899356211190454, -0.49832820004028444, 0.19068338092019999, -0.7631113035412151, 0.4055335711742687, -0.7851353103685523, 0.8130225841143139, 0.1294528266135948, -0.90649450499909, -0.39361704002198294, -0.9493519684204317, -0.526531369353437, -0.3938018164874135, -0.7790908479294112, -0.7175500530890568, 0.007154134367474807, -0.8338532753028198, 0.7792749896296054, 0.442607355980964, 0.8601758928171277, 0.5203534932674934, 0.804784669154559, -0.7108956247288738, -0.3844274153878755, -0.3245715067771624, 0.4018822080354123, -0.5982552085149111, -0.4349009572468947, 0.5262830130411547, -0.9001080523334053, -0.6383778365943993, 0.5077493127855945, 0.37467875861794586, -0.6103933259353711, -0.9170995492638059, -0.24790715232715543, 0.5027756599805302, -0.9875960439396925, -0.3689610094437572, -0.5232914809649332, 0.2162416036530248, 0.7475306960532286, -0.7736833706101411, 0.6086841739711069, 0.1140454098839625, -0.12275526203434062, -0.41356196707664306, -0.31465901484969216, -0.5648866047899936, -0.5618684362085031, 0.5918205625640436, -0.9673769245205672, -0.7469705620942326, -0.9415623139158229, -0.232812896908821, -0.7310076196503537, -0.8762880031036, -0.6161091186920342, 0.8625695355517466, -0.8443341602143497, 0.22243091212149668]
-20.044631958007812	(8, 12, 2)	[-0.7816028486819908, 0.4935872995092465, 0.5042805817883218, -0.3943209242164274, 0.23471549248659263, 0.07909848280747345, 0.2830619404007002, 0.10246022506292518, 0.18690026139119587, 0.3191161587119109, -0.7585030326512843, 0.383615226801832, -0.41722042891451383, -0.031217521499808942, 0.23204431730784947, 0.21056779700963735, 0.19798204499761507, 0.05135996956896749, 0.34357689751710385, -0.07055255365580937, -0.2355702597993652, 0.1025989868868491, -0.7679083357148877, 0.8910663935015761, -0.29404652091248207, 0.5281799046628606, 0.6183534133408144, -0.0019909357606300304, -0.21107193263484492, 0.6533929705142676, -0.518086778074466, -0.33358610547104495, -0.02255253183197148, 0.5663980680239538, -0.8999538802400942, -0.15903013946964317, -0.016708380113957366, -0.41277233183001427, -0.15974933029296112, 0.4717205570406202, 0.2211807182038743, 0.5277122793173938, -0.18708835265022006, 0.4363162729154966, 0.9157871780615614, 0.3572337304655706, -0.5612036995538698, -0.38761472710511025, -0.589916486021649, -0.20522522689984846, -0.2748100334031436, 0.18956350396543953, -0.8422071458819478, -0.003954939157805537, 0.17281026171717317, 0.17299818025606428, -0.6630654057843368, 0.09406519161830174, -0.5879027308746335, 0.727593068391007, -0.8999940178126047, 0.5977595107764928, 0.07572050249945916, -0.05846713841808615, -0.5401025278059297, -0.7231949690501385, 0.7276273797064297, -0.5170399538580592, -0.5126602539360416, 0.408391164620747, -0.07607672937341436, -0.45974418832502684, 0.2867339876048387, -0.8337005321335997, 0.8254103814903129, 0.6747763502791968, -0.32452965031098624, -0.9868250665196605, -0.05419025303463565, -0.024819609579995294, -0.08658784719523904, -0.6281682987426476, 0.8361515369002837, 0.15080698266030357, -0.6070330667505168, 0.7516598013646718, 0.8950456679229442, -0.9179457020771233, 0.7057335180154061, -0.7958029457751612, 0.08220325812280116, 0.8446590785793675, 0.9436516722743693, -0.08340267061843765, -0.3448549956884954, -0.2003719681605598, -0.2946256023434257, -0.24574950166740428, -0.7559995384542164, 0.97357518441119, -0.5598325988590032, -0.613186906925302, 0.9055673662208807, 0.8605861218489712, -0.3029268835372072, 0.37102824984568916, -0.5478904874071828, -0.011909020965218176, -0.49532309717291945, 0.5268705067247481, 0.641606255303558, -0.6825408511549123, -0.5138456366456872, 0.4680349646080151, 0.08847443813698863, -0.44327839596423724, 0.34294425118420846, -0.5726121892284377, 0.7821316629403043, -0.4055705606292652]
-25.98348045349121	(8, 12, 2)	[0.5332827866800991, 0.10104717400041996, -0.39095694505801326, 0.5111340284891814, 0.30408811259257096, -0.13635347735494885, -0.07247066476121744, -0.2670259301534377, 0.15132189904130233, 0.7227333267080236, 0.12593833106432806, -0.7565268934599807, 0.6137300292077397, 0.6785829129788736, -0.4847133499471836, -0.8115350463255813, 0.8862717814338628, 0.34774851704374465, -0.25584171302668435, 0.6363346914218191, -0.630714134446968, -0.5025223138684944, -0.21298549356374563, 0.08896408404153333, 0.3212130432303735, -0.8035071340756386, -0.11538606095623827, 0.9132891834524086, -0.8938185768556137, 0.2188527715847175, 0.4155717063394493, -0.19988834204455608, 0.21784165060451532, -0.6187464586138274, 0.34395207434377784, 0.8497187188115545, 0.7410594408329598, -0.002810726625063875, -0.8341600390946227, -0.2849311654815476, -0.1656608831312678, 0.574622974346346, -0.11547000252518547, 0.1353448042937888, -0.5723300471683002, -0.12391853281883924, 0.7248426286400369, 0.7645633401007788, -0.5918634381779364, -0.4837354242126557, 0.37432064888468, 0.8760991117193917, -0.8132427450394459, 0.641107947082727, -0.6343707640614955, -0.10504491773184843, -0.7512054793705858, 0.5232734351111694, -0.5211347013603589, 0.8658159130110274, 0.2334582892267092, -0.5091477389055012, 0.9846421232104452, 0.31415325401609784, -0.13123907944906898, 0.17524425369988794, 0.4271374009223572, -0.6974163053371976, -0.31378153168459333, -0.5088261602218676, 0.9161992989252553, -0.7873515565156102, -0.2138580413895399, 0.3224923890047975, 0.24585523973409606, 0.7742152939091009, -0.5204400252041366, 0.08822051505678496, 0.7135222916370936, -0.7483823281530635, -0.5004340522446631, 0.6494485237973029, -0.7298402459386328, -0.12996417441329688, -0.9296278914319014, -0.41940791611529393, 0.578881813754287, -0.09864440158908971, -0.19101396826681283, -0.1849769288166434, 0.2823152069347752, 0.14074778826606904, -0.40354176601843195, 0.30768779672885316, 0.3976063193661037, -0.3527734036975152, 0.8911101841868612, -0.6089529603769592, -0.6251283491418343, 0.5124438151645447, -0.07877962124006821, 0.11934314016785152, -0.360151288767367, 0.9784589170602911, 0.3768557621623636, -0.3194592730916912, 0.6504615972540075, 0.3696000537032067, -0.02190425627441539, 0.5198856581179181, 0.396188673860149, -0.07078825991964943, -0.027206071335632354, 0.21184478473193824, -0.5548715625468397, -0.6381092233813226, -0.3410587572374565, -0.305946580205386, 0.9826809335715809, 0.7692770068199004]
1019.5628051757812	(8, 12, 2)	[0.4882886701372655, -0.19001415358588947, 0.4096433412529521, 0.5111340284891814, -0.1864387809855279, -0.21520689501233914, 0.02760664394900103, -0.8623741112951993, -0.3508941345496124, 0.725496559651917, 0.3175400731962732, -0.5233959189846336, -0.22814476522406002, 0.5025182177893497, 0.05730337346909353, -0.8115350463255813, -0.08212381040923034, 0.34774851704374465, 0.14629098287572884, -0.49789944849428336, -0.3762373034703945, 0.35669128071649303, -0.8823298805575184, -0.397599761568169, -0.7138204943430633, -0.5577568853003607, 0.9144943119111928, -0.8904513119154842, -0.16615154059096637, 0.6868025742076531, -0.8554404192147296, 0.3316294928571413, 0.8252419201133421, -0.9627682665436657, 0.6916526434922392, -0.5886258078043578, 0.7410594408329598, 0.06319230852478874, -0.8460594994869743, -0.6266369120638537, 0.4025320880733496, -0.011488560929123315, -0.33302949795961223, 0.7942822951990431, 0.6474111054968894, -0.33442154579975947, 0.2628893969769366, 0.2745975049798062, 0.1677298304318866, 0.1796164566306171, -0.922248459871029, 0.6976726576739316, -0.47877051008710314, -0.15922158364662797, -0.15808749859151938, -0.2811379530510858, 0.435194835637438, 0.3678525346044623, 0.4300527801366911, -0.7899356211190454, -0.5060595104067613, 0.19068338092019999, 0.9846421232104452, 0.6452849393839628, 1.0, -0.9086495946721611, -0.9042408340351782, -0.3624545272088022, -0.39361704002198294, 0.9039715916992341, 0.44530372756722647, -0.7223825973275071, -0.7790908479294112, -0.7175500530890568, -0.5177887261659713, -0.8338532753028198, -0.44758939919595053, 0.442607355980964, 0.7135222916370936, -0.5089601611386674, -0.321886061899322, -0.7108956247288738, -0.17578493084913638, -0.16960928609824966, -0.881434158911069, 0.1697488559664324, 0.9417361267657132, 0.5262830130411547, 0.898741451880938, -0.1849769288166434, 0.5077493127855945, -0.6527137264706859, -0.5757969571517343, -0.15977419705965357, -0.24790715232715543, 0.5027756599805302, 0.03550249611831613, -0.9534384450453406, -0.02659376417778736, 0.2162416036530248, -0.9027730345878977, 0.8686331646952345, 0.21512401594665942, 0.4347980575793151, 0.9466751393850341, 0.48170755785981845, -0.5749819923245558, 0.4471621001559203, -0.5618684362085031, 0.23175943222675333, 0.396188673860149, -0.02905573601797981, 0.2653406732903978, -0.232812896908821, -0.8091523316496572, -0.952859550993139, 0.4141543795121714, -0.14920659026774064, 0.7824202496723016, 0.3408557542325279]
-0.8743924498558044	(8, 12, 2)	[-0.004908551466191291, -0.5752623083808628, -0.45330978538116407, 0.5111340284891814, -1.0, 0.07909848280747345, 0.04283773155500925, -0.8626202854076925, -0.5824516881231692, 0.8148902116935957, 0.8501483022396477, -0.7565268934599807, -0.22814476522406002, -0.031217521499808942, -0.04540996437673539, -0.8115350463255813, -0.5526122274547853, 0.9295611697077257, 0.022158377337244017, -0.49789944849428336, -0.23285737040514243, -0.4148446434586397, 0.6691945351477186, -0.397599761568169, -0.29404652091248207, 0.5281799046628606, 0.6684358338017606, 0.21323208104944547, -0.188200343795867, 0.6868025742076531, 0.7551445694824939, 0.3316294928571413, -0.13145029586267531, -0.14730029747533613, 0.20706646489711655, -0.5886258078043578, -0.3193891076740185, -0.6433738166769609, -0.8460594994869743, -0.7336094299762768, 0.2211807182038743, 0.9802371416190108, 0.7122885664676732, 0.7942822951990431, -0.33763932774130456, -0.0934805097596838, 0.3659267708401892, 0.2745975049798062, 0.8087400832304714, 0.1796164566306171, -0.7906533163768632, 0.18956350396543953, -0.47877051008710314, 0.2390360517161394, -0.6737284376794888, 0.9736046778938943, 0.7428197078278194, 0.6510910631799416, 0.9171724831828032, 0.14725351615825466, -0.5060595104067613, 0.19068338092019999, 0.9846421232104452, -0.05091938887148828, 0.06857197494247647, -0.9086495946721611, -0.9042408340351782, -0.6515688171081271, -0.6863368592947647, -0.9493519684204317, 0.4610985465619992, -0.45974418832502684, -0.5159179130001208, 0.7276907059356794, 0.6981694881688438, 0.7659042969790866, -0.44758939919595053, 0.442607355980964, -0.38612231916242234, 0.5674864198163847, -0.321886061899322, -0.4456885749322437, -0.3844274153878755, -0.16960928609824966, 0.5299687693679227, 0.1697488559664324, 0.33870271857528067, 0.5262830130411547, 0.7142288353660615, -0.5526390234250929, -0.8099203435225579, 0.3810313223004418, -0.5757969571517343, -0.9170995492638059, -0.3448549956884954, -0.9361235194062845, -0.9875960439396925, -0.5175689182218433, -0.5232914809649332, 0.9122912253571585, -0.5598325988590032, -0.012050634901597634, 0.4389286123626224, 0.4347980575793151, -0.12275526203434062, -0.905280924475921, 0.5543452435612011, 0.10786975447233615, -0.8172389087861688, 0.5198856581179181, -0.9673769245205672, -0.02905573601797981, 0.2653406732903978, -0.013090301058742204, -0.7310076196503537, -0.952859550993139, 0.8761866886725829, 0.6351558020406232, 0.547812346709156, 0.7692770068199004]
1019.9148559570312	(8, 12, 2)	[-0.004908551466191291, -0.20590509440540739, 0.9511403377734702, 0.4733559828196663, -0.6721514039061685, 0.4282602888309049, 0.1804198933139911, 0.10246022506292518, 0.8475578360940201, 0.45645553014631823, 0.8501483022396477, 0.842885443402368, -0.33361653160548865, -0.8112652534170732, -0.10034116431418005, -0.8885260625095712, 0.07092981479357263, 0.1632526107194534, -0.5341686360069533, 0.6363346914218191, -0.5025519570956819, 0.6488988085888439, 0.8991805754926139, -0.5922730141230292, -0.9518426961522521, 0.33178341099996334, 0.6684358338017606, -0.0647885244379185, -0.8825879980365037, 0.18231941400029705, -0.2793466007448544, 0.6572198011556702, -0.012644295621168533, -0.9627682665436657, -0.5710999477596119, -0.07829997546072143, -0.3193891076740185, 0.5455402043587063, -0.15974933029296112, -0.020253722541495822, 0.7273490412898367, -0.011488560929123315, 0.7122885664676732, 0.775915556412208, -0.5723300471683002, -0.0934805097596838, 0.8927381457446015, 0.2745975049798062, 0.45472930698564284, 0.18034880726391567, -0.7906533163768632, 0.6976726576739316, -0.8915770294927252, 0.08450288526204586, -0.6737284376794888, 0.9736046778938943, 0.7428197078278194, 0.3678525346044623, 0.1505995866116545, 0.29863498909802444, -0.49832820004028444, 0.19068338092019999, -0.23795274946317857, 0.9418513483882047, -0.7851353103685523, -0.26275287252024726, 0.1294528266135948, -0.6515688171081271, 0.5661571470253167, -0.9493519684204317, -0.5578535110518461, -0.3938018164874135, -0.5159179130001208, 0.344884713267293, -0.45724961431583244, 0.32182097117716446, 0.7792749896296054, 0.442607355980964, 0.7488035203013366, -0.28464496195043165, -0.9387091218103114, -0.4456885749322437, -0.5763287039954432, -0.3245715067771624, -1.0, 0.9739176288271858, 0.33870271857528067, -0.09996023931382902, -0.9001080523334053, -0.6383778365943993, 0.08220325812280116, -0.2610576796058459, 0.38604269490424015, -0.8461140101393301, -0.3448549956884954, 0.5027756599805302, -0.9469500625096846, -0.7787827187321485, 0.6963868989355766, 0.2162416036530248, 0.18786580561925303, -0.012050634901597634, 0.6086841739711069, -0.2028986958206196, 0.9354374759835524, 0.29094818193468575, -0.31465901484969216, 0.8509024580797107, -0.5618684362085031, 0.7212817202231311, -0.9673769245205672, -0.6825408511549123, -0.027206071335632354, -0.361433750676478, -0.3159094778417719, -0.8762880031036, 0.4141543795121714, -0.658354513564557, -0.8443341602143497, 0.22243091212149668]
1019.9169921875	(8, 12, 2)	[0.2613418419508764, -0.20590509440540739, 0.9511403377734702, 0.5111340284891814, -0.1864387809855279, -0.13635347735494885, 0.04283773155500925, 0.30938553542694236, 0.7992907132467673, 0.725496559651917, 0.8501483022396477, 0.842885443402368, 0.4434250863323088, -0.7123701572907892, -0.18827291605666918, -0.8885260625095712, 0.8862717814338628, -0.27891321247059, 0.006077615130665848, -0.49396022875847767, -0.3762373034703945, 0.6488988085888439, -0.8823298805575184, -0.397599761568169, -0.7138204943430633, 0.2702681815174749, 0.2443149961359623, -0.7949529466297811, -0.8825879980365037, 0.18231941400029705, 0.8460666879669121, 0.9294484285096556, -0.13145029586267531, 0.666152226539618, 0.20706646489711655, -0.07829997546072143, 0.7410594408329598, 0.5455402043587063, -0.15974933029296112, -0.9756070156978072, 0.4025320880733496, -0.011488560929123315, -0.33302949795961223, 0.775915556412208, 0.6474111054968894, -0.33442154579975947, 0.8927381457446015, 0.2745975049798062, 0.1677298304318866, 0.1796164566306171, -0.922248459871029, 0.6978843115959293, -0.47877051008710314, 0.2390360517161394, -0.8319448984078823, 0.33257391584901796, 0.435194835637438, 0.3678525346044623, 0.1505995866116545, 0.9216457499382249, -0.49832820004028444, 0.19068338092019999, 0.9846421232104452, -0.43988331731164054, -0.7851353103685523, 0.8130225841143139, 0.1294528266135948, -0.6445778652151855, -0.5687271019766942, -0.9493519684204317, 0.8190335727552474, -0.3938018164874135, -0.5159179130001208, 0.08601974901775034, 0.052293675485878696, 0.7742152939091009, -0.44758939919595053, 0.442607355980964, 0.7488035203013366, 0.5203534932674934, -0.6250561358287888, -0.7108956247288738, -0.3844274153878755, -0.16960928609824966, -1.0, 0.9739176288271858, 0.9417361267657132, 0.5262830130411547, -0.9001080523334053, -0.1849769288166434, 0.5077493127855945, 0.8114773608788866, -0.5757969571517343, -0.15977419705965357, -0.3448549956884954, 0.5027756599805302, -0.9875960439396925, -0.9534384450453406, -0.02659376417778736, -0.5805946694135977, 0.18786580561925303, -0.7736833706101411, 0.21512401594665942, -0.2028986958206196, -0.12275526203434062, -0.9549296975345463, -0.31465901484969216, -0.5648866047899936, -0.5618684362085031, 0.23175943222675333, -0.9673769245205672, -0.6825408511549123, -0.027206071335632354, -0.232812896908821, -0.3159094778417719, -0.8762880031036, 0.4141543795121714, -0.14920659026774064, 0.5926859789658603, 0.16766773190715223]
1019.6989135742188	(8, 12, 2)	[-0.004908551466191291, -0.20590509440540739, 0.09392530899511864, 0.5111340284891814, -0.1864387809855279, 0.2508562743161318, -0.47820977375523355, -0.8623741112951993, 0.15132189904130233, 0.706868215938055, 0.8501483022396477, 0.13478765472590504, -0.33361653160548865, -0.6506914348472419, 0.23204431730784947, -0.7636666622098145, 0.07092981479357263, 0.1632526107194534, 0.006077615130665848, -0.49789944849428336, -0.4712152890437178, -0.4148446434586397, -0.8823298805575184, -0.34132073573232535, 0.5418080073508018, -0.08850603123152823, 0.6684358338017606, -0.7949529466297811, -0.16615154059096637, 0.18231941400029705, -0.2793466007448544, 0.3316294928571413, 0.452537276178266, 0.7363619700537005, 0.20706646489711655, -0.4577232931120363, 0.14599522021931688, 0.5455402043587063, -0.15974933029296112, 0.5753219711369728, 0.4025320880733496, -0.5392162597585373, 0.7122885664676732, 0.775915556412208, -0.5723300471683002, 0.3572337304655706, 0.7248426286400369, 0.2745975049798062, 0.1677298304318866, 0.06413359681590296, -0.7906533163768632, 0.7480961231185304, -0.47877051008710314, 0.25778279641944235, -0.15808749859151938, 0.31733667969976165, 0.435194835637438, 0.3678525346044623, 0.04107426120435376, 0.29863498909802444, 0.5375425035828957, 0.49079360233691793, -0.7631113035412151, 0.4055335711742687, -0.7851353103685523, -0.26275287252024726, 0.1294528266135948, -0.6515688171081271, 0.5661571470253167, -0.9493519684204317, -0.07607672937341436, -0.7873515565156102, -0.7790908479294112, -0.8662460845469768, -0.33914796773789724, 0.32182097117716446, -0.32452965031098624, 0.442607355980964, -0.38612231916242234, -0.5089601611386674, -0.9387091218103114, -0.4811402258820854, -0.5763287039954432, -0.3245715067771624, -1.0, 0.9739176288271858, 0.15830177491364794, 0.22998650901193418, -0.4466494156006151, -0.6383778365943993, 0.08220325812280116, 0.37467875861794586, -0.5757969571517343, -0.08340267061843765, -0.10794075410912085, 0.5027756599805302, 0.24603882089507856, -0.07962231702885658, 0.6963868989355766, 0.2162416036530248, -0.5248424822994411, -0.09040543715070837, 0.09002364941444657, -0.2028986958206196, 0.1455652590843346, 0.48170755785981845, 0.5433167686709022, 0.8509024580797107, -0.5618684362085031, 0.5918205625640436, -0.3706577064479779, -0.6825408511549123, 0.23275978941831688, -0.9290049097744659, 0.3781377855461445, 0.8899326953144762, 0.8761866886725829, 0.8625695355517466, -0.597365314300131, -0.8382370945252793]
1019.9046630859375	(8, 12, 2)	[0.2613418419508764, 0.7648755665421403, -0.45330978538116407, 0.35919916194775237, -0.7557414022952209, 0.2508562743161318, 0.04283773155500925, 0.18739157814581797, 0.15132189904130233, -0.7607704384308065, -0.1858159153935599, 0.13478765472590504, 0.7078305537567855, 0.5025182177893497, 0.24935588574569367, -0.7636666622098145, 0.7586310408428258, 1.0, 0.4572760328860024, -0.49789944849428336, -0.3790459373276736, -0.33379747619410827, 0.4615973773936426, -0.2791681049069594, -0.7260985397229671, -0.1524694791907173, -0.11538606095623827, 0.662816912792344, -0.16615154059096637, 0.6868025742076531, 0.8460666879669121, 0.5481763380716929, -0.13145029586267531, 0.7363619700537005, 0.20706646489711655, 0.9460161705065997, 0.6472928812517551, 0.06319230852478874, -0.8460594994869743, 0.5753219711369728, 0.4025320880733496, -0.5392162597585373, -0.7699510756985839, -0.39283538799424433, -0.057580844424650834, 0.3572337304655706, -0.8100856757786761, 0.6956387853862758, 0.8087400832304714, 0.1796164566306171, 0.37432064888468, 0.18956350396543953, -0.47877051008710314, -0.15922158364662797, -0.6737284376794888, 0.3239917230242917, 0.435194835637438, 0.3678525346044623, -0.8000538022077874, 0.29863498909802444, -0.49832820004028444, 0.19068338092019999, -0.5123276463640563, -0.43988331731164054, 1.0, 0.8130225841143139, 0.1294528266135948, -0.6974163053371976, 0.5661571470253167, 0.07844522316951963, -0.526531369353437, -0.5878566914571797, -0.4888385392208878, -0.0101677680086521, -0.6968238902195139, 0.32182097117716446, -0.44758939919595053, 0.5530357294856558, 0.5036508418936398, -0.332872749763903, 0.7102822350699813, -0.7108956247288738, -0.3844274153878755, -0.16960928609824966, -0.7245478370609657, 0.1697488559664324, 0.33870271857528067, 0.5262830130411547, -0.9001080523334053, -0.7958029457751612, 0.6558773080306521, 0.37467875861794586, -0.5757969571517343, -0.9170995492638059, -0.9357427532356959, 0.4616274308055322, 0.03550249611831613, -0.22571921370276898, -0.14304576073231945, -0.5831605907474775, 0.5644659033058304, -0.012050634901597634, -0.360151288767367, -0.2028986958206196, 0.9354374759835524, -0.198505502035543, 0.7884878106887208, -0.05523020928899869, -0.8172389087861688, 0.5918205625640436, -0.9673769245205672, -0.6825408511549123, 0.23275978941831688, -0.232812896908821, 0.3781377855461445, 0.23917530521858765, -0.6161091186920342, 0.5002217287350994, -0.8443341602143497, 0.22915852234590312]
1019.8837280273438	(8, 12, 2)	[0.2613418419508764, 0.7648755665421403, -0.45330978538116407, 0.35919916194775237, -0.7557414022952209, 0.2508562743161318, 0.04283773155500925, 0.18739157814581797, 0.15132189904130233, -0.7607704384308065, -0.1858159153935599, 0.13478765472590504, 0.7078305537567855, 0.5025182177893497, 0.24935588574569367, -0.7636666622098145, 0.7586310408428258, 1.0, 0.4572760328860024, -0.49789944849428336, -0.3790459373276736, -0.33379747619410827, 0.4615973773936426, -0.2791681049069594, -0.7260985397229671, -0.1524694791907173, -0.11538606095623827, 0.662816912792344, -0.16615154059096637, 0.6868025742076531, 0.8460666879669121, 0.5481763380716929, -0.13145029586267531, 0.7363619700537005, 0.20706646489711655, 0.9460161705065997, 0.6472928812517551, 0.06319230852478874, -0.8460594994869743, 0.5753219711369728, 0.4025320880733496, -0.5392162597585373, -0.7699510756985839, -0.39283538799424433, -0.057580844424650834, 0.3572337304655706, -0.8100856757786761, 0.6956387853862758, 0.8087400832304714, 0.1796164566306171, 0.37432064888468, 0.18956350396543953, -0.47877051008710314, -0.15922158364662797, -0.6737284376794888, 0.3239917230242917, 0.435194835637438, 0.3678525346044623, -0.8000538022077874, 0.29863498909802444, -0.49832820004028444, 0.19068338092019999, -0.5123276463640563, -0.43988331731164054, 1.0, 0.8130225841143139, 0.1294528266135948, -0.6974163053371976, 0.5661571470253167, 0.07844522316951963, -0.526531369353437, -0.5878566914571797, -0.4888385392208878, -0.0101677680086521, -0.6968238902195139, 0.32182097117716446, -0.44758939919595053, 0.5530357294856558, 0.5036508418936398, -0.332872749763903, 0.7102822350699813, -0.7108956247288738, -0.3844274153878755, -0.16960928609824966, -0.7245478370609657, 0.1697488559664324, 0.33870271857528067, 0.5262830130411547, -0.9001080523334053, -0.7958029457751612, 0.6558773080306521, 0.37467875861794586, -0.5757969571517343, -0.9170995492638059, -0.9357427532356959, 0.4616274308055322, 0.03550249611831613, -0.22571921370276898, -0.14304576073231945, -0.5831605907474775, 0.5644659033058304, -0.012050634901597634, -0.360151288767367, -0.2028986958206196, 0.9354374759835524, -0.198505502035543, 0.7884878106887208, -0.05523020928899869, -0.8172389087861688, 0.5918205625640436, -0.9673769245205672, -0.6825408511549123, 0.23275978941831688, -0.232812896908821, 0.3781377855461445, 0.23917530521858765, -0.6161091186920342, 0.5002217287350994, -0.8443341602143497, 0.22915852234590312]
967.834228515625	(8, 12, 2)	[0.2613418419508764, 0.2571006425965314, -0.8109467516201845, 0.5111340284891814, -0.7557414022952209, 0.2508562743161318, 0.02760664394900103, 0.30938553542694236, -0.5824516881231692, 0.052936963153378216, -0.1858159153935599, 0.13478765472590504, -0.3984821903960333, -0.8112652534170732, -0.18827291605666918, 0.626088905605048, 0.8862717814338628, 0.4500400978784589, 0.25513601332472047, -0.49789944849428336, -0.23285737040514243, -0.3942727289607455, 0.16998034878952084, 0.29862445019252726, 0.22383902320395888, 0.33178341099996334, 0.44433145733427626, 0.662816912792344, -0.16615154059096637, 0.8049042986061659, 0.8460666879669121, 0.9294484285096556, 0.452537276178266, 0.7363619700537005, 0.20706646489711655, -0.13740801451639584, 0.6472928812517551, 0.06319230852478874, -0.1189118013319248, 0.5753219711369728, 0.4025320880733496, -0.011488560929123315, -0.33302949795961223, 0.775915556412208, -0.5723300471683002, 0.06207859082539069, 0.2628893969769366, 0.2745975049798062, 0.1677298304318866, 0.1796164566306171, -0.7906533163768632, 0.7480961231185304, 0.8222715116719406, 0.25778279641944235, -0.6737284376794888, 0.3239917230242917, 0.435194835637438, 0.5232734351111694, 0.1505995866116545, 0.08191156732951388, 0.5375425035828957, 0.524560443850862, -0.23795274946317857, -0.05091938887148828, -0.7851353103685523, 0.8130225841143139, -0.9042408340351782, -0.3624545272088022, -0.39361704002198294, -0.5198260950109121, 0.44530372756722647, -0.08005447355113234, -0.5159179130001208, 0.08601974901775034, -0.5177887261659713, 0.32182097117716446, -0.32452965031098624, 0.442607355980964, 0.7488035203013366, -0.5089601611386674, -0.6250561358287888, -0.7108956247288738, -0.3844274153878755, 0.16689384097638205, 0.4018822080354123, 0.9739176288271858, -0.7467925027371132, 0.36973028332200486, 0.6005894420133582, -0.5526390234250929, 0.9285746672878117, -0.2610576796058459, 0.09350335731254589, -0.15977419705965357, -0.3448549956884954, -0.3589715822956232, -0.438899847134812, -0.07962231702885658, -0.5232914809649332, -0.8451492428766569, -0.5598325988590032, -0.7736833706101411, 0.6086841739711069, 0.9387531987654429, 0.9466751393850341, -0.9549296975345463, -0.31465901484969216, -0.5648866047899936, -0.5618684362085031, 0.5918205625640436, -0.9673769245205672, -0.6825408511549123, 0.2653406732903978, -0.232812896908821, 0.3781377855461445, -0.88911194526937, -0.6161091186920342, 0.23864967342087118, -0.06228537421941782, -0.8382370945252793]
1019.958984375	(8, 12, 2)	[0.2613418419508764, 0.2571006425965314, -0.8109467516201845, 0.5111340284891814, -0.7557414022952209, 0.2508562743161318, 0.02760664394900103, 0.30938553542694236, -0.5824516881231692, 0.052936963153378216, -0.1858159153935599, 0.13478765472590504, -0.3984821903960333, -0.8112652534170732, -0.18827291605666918, 0.626088905605048, 0.8862717814338628, 0.4500400978784589, 0.25513601332472047, -0.49789944849428336, -0.23285737040514243, -0.3942727289607455, 0.16998034878952084, 0.29862445019252726, 0.22383902320395888, 0.33178341099996334, 0.44433145733427626, 0.662816912792344, -0.16615154059096637, 0.8049042986061659, 0.8460666879669121, 0.9294484285096556, 0.452537276178266, 0.7363619700537005, 0.20706646489711655, -0.13740801451639584, 0.6472928812517551, 0.06319230852478874, -0.1189118013319248, 0.5753219711369728, 0.4025320880733496, -0.011488560929123315, -0.33302949795961223, 0.775915556412208, -0.5723300471683002, 0.06207859082539069, 0.2628893969769366, 0.2745975049798062, 0.1677298304318866, 0.1796164566306171, -0.7906533163768632, 0.7480961231185304, 0.8222715116719406, 0.25778279641944235, -0.6737284376794888, 0.3239917230242917, 0.435194835637438, 0.5232734351111694, 0.1505995866116545, 0.08191156732951388, 0.5375425035828957, 0.524560443850862, -0.23795274946317857, -0.05091938887148828, -0.7851353103685523, 0.8130225841143139, -0.9042408340351782, -0.3624545272088022, -0.39361704002198294, -0.5198260950109121, 0.44530372756722647, -0.08005447355113234, -0.5159179130001208, 0.08601974901775034, -0.5177887261659713, 0.32182097117716446, -0.32452965031098624, 0.442607355980964, 0.7488035203013366, -0.5089601611386674, -0.6250561358287888, -0.7108956247288738, -0.3844274153878755, 0.16689384097638205, 0.4018822080354123, 0.9739176288271858, -0.7467925027371132, 0.36973028332200486, 0.6005894420133582, -0.5526390234250929, 0.9285746672878117, -0.2610576796058459, 0.09350335731254589, -0.15977419705965357, -0.3448549956884954, -0.3589715822956232, -0.438899847134812, -0.07962231702885658, -0.5232914809649332, -0.8451492428766569, -0.5598325988590032, -0.7736833706101411, 0.6086841739711069, 0.9387531987654429, 0.9466751393850341, -0.9549296975345463, -0.31465901484969216, -0.5648866047899936, -0.5618684362085031, 0.5918205625640436, -0.9673769245205672, -0.6825408511549123, 0.2653406732903978, -0.232812896908821, 0.3781377855461445, -0.88911194526937, -0.6161091186920342, 0.23864967342087118, -0.06228537421941782, -0.8382370945252793]
1019.8364868164062	(8, 12, 2)	[0.2613418419508764, 0.2571006425965314, -0.8109467516201845, 0.5111340284891814, -0.7557414022952209, 0.2508562743161318, 0.02760664394900103, 0.30938553542694236, -0.5824516881231692, 0.052936963153378216, -0.1858159153935599, 0.13478765472590504, -0.3984821903960333, -0.8112652534170732, -0.18827291605666918, 0.626088905605048, 0.8862717814338628, 0.4500400978784589, 0.25513601332472047, -0.49789944849428336, -0.23285737040514243, -0.3942727289607455, 0.16998034878952084, 0.29862445019252726, 0.22383902320395888, 0.33178341099996334, 0.44433145733427626, 0.662816912792344, -0.16615154059096637, 0.8049042986061659, 0.8460666879669121, 0.9294484285096556, 0.452537276178266, 0.7363619700537005, 0.20706646489711655, -0.13740801451639584, 0.6472928812517551, 0.06319230852478874, -0.1189118013319248, 0.5753219711369728, 0.4025320880733496, -0.011488560929123315, -0.33302949795961223, 0.775915556412208, -0.5723300471683002, 0.06207859082539069, 0.2628893969769366, 0.2745975049798062, 0.1677298304318866, 0.1796164566306171, -0.7906533163768632, 0.7480961231185304, 0.8222715116719406, 0.25778279641944235, -0.6737284376794888, 0.3239917230242917, 0.435194835637438, 0.5232734351111694, 0.1505995866116545, 0.08191156732951388, 0.5375425035828957, 0.524560443850862, -0.23795274946317857, -0.05091938887148828, -0.7851353103685523, 0.8130225841143139, -0.9042408340351782, -0.3624545272088022, -0.39361704002198294, -0.5198260950109121, 0.44530372756722647, -0.08005447355113234, -0.5159179130001208, 0.08601974901775034, -0.5177887261659713, 0.32182097117716446, -0.32452965031098624, 0.442607355980964, 0.7488035203013366, -0.5089601611386674, -0.6250561358287888, -0.7108956247288738, -0.3844274153878755, 0.16689384097638205, 0.4018822080354123, 0.9739176288271858, -0.7467925027371132, 0.36973028332200486, 0.6005894420133582, -0.5526390234250929, 0.9285746672878117, -0.2610576796058459, 0.09350335731254589, -0.15977419705965357, -0.3448549956884954, -0.3589715822956232, -0.438899847134812, -0.07962231702885658, -0.5232914809649332, -0.8451492428766569, -0.5598325988590032, -0.7736833706101411, 0.6086841739711069, 0.9387531987654429, 0.9466751393850341, -0.9549296975345463, -0.31465901484969216, -0.5648866047899936, -0.5618684362085031, 0.5918205625640436, -0.9673769245205672, -0.6825408511549123, 0.2653406732903978, -0.232812896908821, 0.3781377855461445, -0.88911194526937, -0.6161091186920342, 0.23864967342087118, -0.06228537421941782, -0.8382370945252793]
986.8880004882812	(8, 12, 2)	[-0.004908551466191291, 0.2014041560880535, -0.8109467516201845, 0.37590093832112914, 0.5131412815572434, -0.13635347735494885, 0.7344072163814939, -0.8623741112951993, 0.8475578360940201, 0.725496559651917, 0.37742707403045905, 0.09809880462784068, 0.4434250863323088, -0.8112652534170732, -0.18827291605666918, -0.8885260625095712, 0.8862717814338628, 1.0, -0.5341686360069533, 0.983081549303586, -0.11361649939047774, -0.33379747619410827, 0.368743687579346, -0.397599761568169, -0.29404652091248207, -0.6167629676709178, 0.22062941272725212, -0.7949529466297811, -0.8825879980365037, 0.6868025742076531, 0.4155717063394493, 0.5481763380716929, -0.13145029586267531, 0.7363619700537005, -0.15306235823427694, -0.07829997546072143, -0.43799910355052485, 0.06319230852478874, -0.8460594994869743, -0.9756070156978072, 0.4025320880733496, -0.011488560929123315, 0.7122885664676732, 0.7262883832787127, -0.5723300471683002, 0.3572337304655706, 0.7248426286400369, 0.25057862388451113, 0.1677298304318866, -0.4837354242126557, 0.37432064888468, 0.7480961231185304, -0.47877051008710314, 0.2390360517161394, -0.8319448984078823, -0.18893516151714063, -0.7512054793705858, 0.3678525346044623, 0.12933670560937738, 0.9216457499382249, 0.2959001368903995, 0.524560443850862, 0.9846421232104452, -0.43988331731164054, 0.06857197494247647, 0.8130225841143139, 0.1294528266135948, -0.6283209649964335, 0.07190704675506487, 0.9039715916992341, 0.44530372756722647, 0.08433226414005923, -0.2138580413895399, -0.8662460845469768, 0.6354140375943595, 0.7742152939091009, -0.32452965031098624, 0.598372647711209, 0.7488035203013366, -0.44646209346659504, -0.8757111005336853, -0.6281682987426476, -0.3844274153878755, -0.16960928609824966, 0.4018822080354123, 0.9739176288271858, -0.9202864893122126, 0.36973028332200486, -0.9001080523334053, -0.7249794827452932, 0.5077493127855945, 0.8399987894934942, -0.4614792836798941, -0.9170995492638059, -0.3448549956884954, -0.3589715822956232, 0.24603882089507856, -0.07962231702885658, -0.02659376417778736, -0.09914220566113441, -0.10764512336632848, 0.45131107520576896, 0.6086841739711069, -0.22158507818938267, 0.9466751393850341, -0.23322983056295232, 0.5433167686709022, -0.049094238870490914, 0.2634158650830979, 0.5198856581179181, -0.9673769245205672, -0.6825408511549123, -0.8190025442231148, -0.232812896908821, 0.3781377855461445, -0.8762880031036, -0.6161091186920342, -0.14920659026774064, -0.8443341602143497, -0.8382370945252793]
1019.8527221679688	(8, 12, 2)	[0.2613418419508764, 0.2014041560880535, 0.09392530899511864, 0.21868461530645297, -0.1864387809855279, 0.2508562743161318, -0.47820977375523355, 0.18739157814581797, 0.15132189904130233, 0.725496559651917, 0.8501483022396477, 0.842885443402368, 0.8209390727286687, -0.7123701572907892, 0.24935588574569367, -0.7636666622098145, 0.07092981479357263, -0.1555315097572463, 0.006077615130665848, -0.49396022875847767, -0.2355702597993652, 0.6488988085888439, -0.21298549356374563, -0.5922730141230292, -0.9518426961522521, -0.08850603123152823, 0.44433145733427626, -0.7949529466297811, -0.8825879980365037, 0.8049042986061659, 0.4155717063394493, 0.9294484285096556, -0.13145029586267531, -0.14730029747533613, 0.20706646489711655, 0.9460161705065997, 0.24722670076352776, 0.5455402043587063, -0.15974933029296112, -1.0, 0.4025320880733496, -0.5392162597585373, -0.33302949795961223, -0.39283538799424433, -0.057580844424650834, -0.33442154579975947, 0.2628893969769366, 0.2745975049798062, 0.809401084121542, 0.8493469442320692, -0.922248459871029, 0.20978508599104037, -0.47877051008710314, -0.15922158364662797, -0.6737284376794888, 0.33257391584901796, 0.435194835637438, 0.3678525346044623, -0.8000538022077874, 0.9216457499382249, -0.5060595104067613, 0.524560443850862, -0.23795274946317857, -0.43988331731164054, -0.7851353103685523, 0.5856466464168315, -0.9042408340351782, -0.5798461403901811, -0.31378153168459333, 0.07844522316951963, -0.526531369353437, -0.5878566914571797, -0.4888385392208878, 0.08601974901775034, 0.12913881976464103, 0.33095219509315155, 0.7792749896296054, 0.442607355980964, -0.5476441042701814, -0.44646209346659504, 0.7102822350699813, -0.7108956247288738, -0.3844274153878755, -0.16960928609824966, 0.7319124163795656, 0.1697488559664324, -0.9614604118814007, 0.36973028332200486, -0.9001080523334053, -0.5526390234250929, -0.031835963797467615, 0.37467875861794586, -0.5757969571517343, -0.08340267061843765, -0.8767539755090126, -0.3589715822956232, 0.2864239451871633, -0.7787827187321485, -0.02659376417778736, 0.2162416036530248, 0.5644659033058304, 0.11934314016785152, -0.360151288767367, -0.2028986958206196, 0.9466751393850341, -0.9549296975345463, 0.7884878106887208, 0.7431939141449657, -0.6378074279573356, 0.5918205625640436, -0.9673769245205672, -0.02905573601797981, 0.23275978941831688, 0.5106507400335281, -0.8091523316496572, -0.5506961232285172, -0.7039343097279119, -0.14920659026774064, -0.5325323256087082, -0.8382370945252793]
1018.881591796875	(8, 12, 2)	[0.2613418419508764, -0.20590509440540739, -0.39095694505801326, 0.5111340284891814, 0.04370328753940678, 0.2508562743161318, -0.04804226934929823, 0.30938553542694236, -0.5824516881231692, 0.725496559651917, -0.1858159153935599, 0.13478765472590504, -0.3984821903960333, -0.8112652534170732, -0.18827291605666918, 0.626088905605048, 0.8862717814338628, 0.4500400978784589, 0.4758560451579035, 0.983081549303586, -0.5025519570956819, -0.3942727289607455, 0.16998034878952084, 0.29862445019252726, 0.42640706759299585, -0.1524694791907173, 0.44433145733427626, 0.662816912792344, -0.16615154059096637, 0.8049042986061659, 0.8460666879669121, 0.9294484285096556, -0.13145029586267531, 0.7363619700537005, 0.20706646489711655, -0.13740801451639584, 0.6472928812517551, 0.06319230852478874, -0.8460594994869743, 0.4719782595830414, 0.4025320880733496, 0.9802371416190108, -0.33302949795961223, 0.775915556412208, -0.5723300471683002, 0.06207859082539069, 0.2628893969769366, 0.2745975049798062, 0.1677298304318866, 0.1796164566306171, -0.44632897737828414, 0.7480961231185304, -0.47877051008710314, 0.25778279641944235, -0.6737284376794888, 0.3239917230242917, 0.435194835637438, 0.5232734351111694, 0.1505995866116545, 0.08191156732951388, 0.5375425035828957, 0.8826488450010822, -0.23795274946317857, -0.43988331731164054, -0.7851353103685523, 0.8130225841143139, -0.9042408340351782, -0.3624545272088022, -0.9466074322618616, -0.5198260950109121, 0.8190335727552474, -0.08005447355113234, -0.5159179130001208, 0.08601974901775034, -0.5177887261659713, 0.32182097117716446, -0.32452965031098624, 0.442607355980964, 0.8061435596984593, -0.5089601611386674, -0.9387091218103114, -0.7108956247288738, -0.5763287039954432, 0.15080698266030357, -0.7245478370609657, 0.9739176288271858, -0.7467925027371132, 0.36973028332200486, 0.6005894420133582, -0.5526390234250929, 0.9285746672878117, -0.2610576796058459, 0.13930589011475314, -0.15977419705965357, -0.3448549956884954, 0.5027756599805302, 0.24603882089507856, -0.07962231702885658, -0.5232914809649332, 0.023144015870019796, -0.5598325988590032, -0.7736833706101411, 0.6086841739711069, 0.9387531987654429, 0.9466751393850341, -0.9549296975345463, -0.31465901484969216, -0.5648866047899936, -0.5618684362085031, 0.5918205625640436, -0.9673769245205672, -0.6703666681812093, 0.2653406732903978, -0.232812896908821, -0.7310076196503537, -0.88911194526937, -0.6161091186920342, -0.14920659026774064, -0.06228537421941782, -0.159716790337457]
1019.8096313476562	(8, 12, 2)	[0.2613418419508764, 0.2014041560880535, -0.39095694505801326, 0.5111340284891814, -0.7557414022952209, 0.2508562743161318, -0.04804226934929823, 0.30938553542694236, -0.5824516881231692, 0.725496559651917, 0.8501483022396477, 0.303755892288911, -0.3984821903960333, -0.8112652534170732, -0.18827291605666918, 0.626088905605048, 0.8862717814338628, 0.4500400978784589, 0.4758560451579035, 0.983081549303586, -0.43442123243774233, -0.3942727289607455, 0.16998034878952084, 0.29862445019252726, 0.42640706759299585, -0.1524694791907173, -0.11538606095623827, 0.662816912792344, -0.16615154059096637, 0.8049042986061659, 0.4155717063394493, 0.3316294928571413, -0.13145029586267531, 0.7363619700537005, 0.20706646489711655, -0.5886258078043578, 0.6472928812517551, -0.20542122037936597, -0.1189118013319248, 0.4719782595830414, 0.4025320880733496, -0.011488560929123315, -0.33302949795961223, -0.39283538799424433, -0.5723300471683002, 0.06207859082539069, 0.2628893969769366, 0.2745975049798062, 0.1677298304318866, -0.4837354242126557, -0.44632897737828414, 0.7480961231185304, -0.47877051008710314, 0.2390360517161394, -0.6737284376794888, -0.18893516151714063, 0.435194835637438, 0.5232734351111694, 0.1505995866116545, 0.9216457499382249, 0.5375425035828957, 0.8826488450010822, -0.23795274946317857, -0.43988331731164054, -0.7851353103685523, 0.8130225841143139, -0.9042408340351782, -0.3624545272088022, -0.9466074322618616, 0.07844522316951963, -0.526531369353437, -0.08005447355113234, -0.4888385392208878, -0.8662460845469768, -0.6968238902195139, 0.32182097117716446, -0.32452965031098624, 0.442607355980964, 0.8601758928171277, -0.28464496195043165, -0.6155490987671728, -0.7108956247288738, -0.17578493084913638, -0.16960928609824966, 0.4018822080354123, 0.9739176288271858, -0.9614604118814007, 0.45824468576698085, 0.6005894420133582, -0.5526390234250929, 0.08220325812280116, -0.2610576796058459, -0.4614792836798941, -0.9170995492638059, -0.3448549956884954, 0.5027756599805302, 0.03550249611831613, -0.7787827187321485, -0.5232914809649332, -0.5805946694135977, -0.5598325988590032, 0.8686331646952345, 0.6086841739711069, -0.2028986958206196, 0.9661962161934396, -0.9549296975345463, -0.31465901484969216, -0.05523020928899869, -0.5618684362085031, 0.5918205625640436, -0.9673769245205672, -0.6825408511549123, 0.2653406732903978, -0.232812896908821, -0.7310076196503537, -0.8762880031036, -0.6161091186920342, 0.23864967342087118, -0.06228537421941782, -0.159716790337457]
1019.894775390625	(8, 12, 2)	[-0.004908551466191291, 0.4935872995092465, 0.07761584087906662, 0.5111340284891814, -0.8149522063271673, 0.4282602888309049, -0.04804226934929823, 0.30938553542694236, 0.8475578360940201, 0.8626132821112116, 0.37742707403045905, 0.2577528168191572, -0.33361653160548865, -0.8112652534170732, -0.18827291605666918, -0.7636666622098145, 0.8862717814338628, 1.0, 0.4758560451579035, 0.983081549303586, -0.11361649939047774, -0.3942727289607455, 0.16998034878952084, 0.29862445019252726, 0.42640706759299585, -0.1524694791907173, 0.26724915787127607, -0.7949529466297811, -0.21107193263484492, 0.8049042986061659, 0.4155717063394493, 0.9294484285096556, 0.8252419201133421, 0.7363619700537005, 0.20706646489711655, -0.5886258078043578, 0.6472928812517551, 0.5455402043587063, -0.8460594994869743, -0.8848891631294455, 0.47794140027861265, -0.011488560929123315, -0.33302949795961223, -0.39283538799424433, -0.5723300471683002, 0.3572337304655706, 0.2628893969769366, 0.2745975049798062, 0.8087400832304714, -0.4837354242126557, -0.44632897737828414, 0.7480961231185304, -0.47877051008710314, 0.2390360517161394, -0.6737284376794888, -0.18893516151714063, 0.435194835637438, 0.5232734351111694, -0.8000538022077874, 0.9216457499382249, 0.5375425035828957, 0.49079360233691793, -0.23795274946317857, -0.43988331731164054, 0.06857197494247647, 0.8130225841143139, -0.9042408340351782, -0.3624545272088022, -0.39361704002198294, -0.9493519684204317, -0.526531369353437, -0.08005447355113234, -0.2138580413895399, -0.8653695806605406, 0.5882128352497469, 0.32182097117716446, -0.32452965031098624, 0.442607355980964, 0.8601758928171277, -0.28464496195043165, -0.8757111005336853, -0.7108956247288738, -0.5763287039954432, -0.3245715067771624, -0.7245478370609657, 0.9739176288271858, -0.9614604118814007, 0.45824468576698085, -0.9001080523334053, -0.5526390234250929, 0.9285746672878117, 0.37467875861794586, -0.4614792836798941, -0.9170995492638059, -0.3448549956884954, 0.5027756599805302, 0.03550249611831613, -0.7787827187321485, -0.5232914809649332, -0.5805946694135977, 0.5644659033058304, 0.8686331646952345, 0.6086841739711069, -0.2028986958206196, 0.9661962161934396, -0.23322983056295232, 0.7884878106887208, -0.05523020928899869, -0.5618684362085031, -0.9805263406971361, -0.9673769245205672, -0.6825408511549123, 0.22440474636348795, 0.5106507400335281, -0.7310076196503537, 0.23917530521858765, -0.3410587572374565, 0.8625695355517466, -0.06228537421941782, 0.16766773190715223]
1019.4632568359375	(8, 12, 2)	[-0.004908551466191291, -0.19001415358588947, -0.8109467516201845, 0.5111340284891814, -0.8149522063271673, -0.13635347735494885, 0.7344072163814939, -0.7939310416621842, 0.15132189904130233, 0.8626132821112116, 0.8501483022396477, 0.842885443402368, 0.8209390727286687, 0.6007014283906182, -0.18827291605666918, -0.7636666622098145, -0.09373401072071845, 1.0, -0.5341686360069533, 0.6363346914218191, -0.4712152890437178, 0.6488988085888439, 0.368743687579346, -0.397599761568169, 0.6235181693918341, -0.1524694791907173, 0.26724915787127607, -0.0647885244379185, -0.21107193263484492, 0.18231941400029705, 0.4155717063394493, 0.9294484285096556, -0.13145029586267531, 0.6276122881101268, -0.15306235823427694, -0.13740801451639584, -0.2948114026348907, 0.06319230852478874, -0.8460594994869743, -0.9756070156978072, 0.4025320880733496, 0.3096875781826045, 0.7122885664676732, 0.21908603793849313, -0.5723300471683002, 0.06207859082539069, 0.7248426286400369, 0.26806889678562945, 0.8087400832304714, -0.4837354242126557, -0.7906533163768632, 0.7480961231185304, -0.47877051008710314, 0.9032121724602635, -0.8319448984078823, 0.3239917230242917, 0.435194835637438, 0.3678525346044623, -0.8000538022077874, -0.9646608468137192, -0.5060595104067613, 0.524560443850862, -0.23795274946317857, -0.43988331731164054, 0.06857197494247647, 0.8130225841143139, -0.9042408340351782, -0.6445778652151855, 0.07190704675506487, -0.5198260950109121, 0.7470801579798054, 0.08433226414005923, -0.7790908479294112, -0.8662460845469768, -0.6968238902195139, 0.7742152939091009, -0.32452965031098624, 0.442607355980964, 0.8601758928171277, -0.44646209346659504, -0.7748386374667944, -0.6281682987426476, -0.3844274153878755, -0.16960928609824966, -0.881434158911069, 0.9739176288271858, -0.9202864893122126, 0.36973028332200486, -0.8031327110988947, -0.6383778365943993, 0.9285746672878117, 0.8399987894934942, -0.4614792836798941, -0.627934613728057, -0.3448549956884954, 0.7504786543360678, -0.8122626537683735, -0.7787827187321485, -0.02659376417778736, -0.8451492428766569, -0.2317373034635817, 0.45131107520576896, 0.6086841739711069, -0.2028986958206196, 0.4704852945140925, -0.198505502035543, -0.31465901484969216, -0.049094238870490914, -0.6378074279573356, 0.5805220322164171, -0.9673769245205672, 0.5493601948533731, -0.8190025442231148, -0.232812896908821, -0.3159094778417719, -0.8762880031036, -0.6161091186920342, -0.14920659026774064, -0.04454341142698125, -0.8382370945252793]
941.5452270507812	(8, 12, 2)	[0.4882886701372655, 0.2014041560880535, -0.8109467516201845, 0.37590093832112914, -0.7557414022952209, -0.13635347735494885, -0.47820977375523355, -0.8623741112951993, 0.8475578360940201, 0.725496559651917, 0.8501483022396477, 0.09809880462784068, -0.48762036063771463, -0.8112652534170732, -0.18827291605666918, -0.7636666622098145, 0.8862717814338628, 0.4500400978784589, -0.5341686360069533, 0.983081549303586, -0.43442123243774233, -0.33379747619410827, 0.16998034878952084, -0.397599761568169, 0.6235181693918341, 0.2702681815174749, 0.22062941272725212, -0.0647885244379185, -0.16615154059096637, 0.6868025742076531, 0.4155717063394493, 0.8127775241839539, -0.13145029586267531, 0.7363619700537005, 0.19325353219730557, -0.5886258078043578, -0.43799910355052485, -0.20542122037936597, -0.1189118013319248, 0.4719782595830414, 0.4025320880733496, -0.011488560929123315, -0.33302949795961223, -0.39283538799424433, -0.5723300471683002, 0.06207859082539069, 0.2628893969769366, 0.1987619069914764, 0.1677298304318866, -0.4837354242126557, 0.37432064888468, 0.7480961231185304, -0.47877051008710314, -0.15922158364662797, -0.7089113737064064, -0.18893516151714063, 0.435194835637438, 0.39228164600229654, -0.8000538022077874, 0.6924560114256815, -0.5060595104067613, 0.8826488450010822, -0.23795274946317857, 0.4055335711742687, -0.7851353103685523, 0.8130225841143139, -0.0040111551569658455, -0.6445778652151855, -0.9466074322618616, 0.07844522316951963, -0.526531369353437, 0.08433226414005923, -0.6976953457516001, 0.08601974901775034, 0.12913881976464103, 0.32182097117716446, -0.32452965031098624, 0.442607355980964, 0.8601758928171277, -0.44646209346659504, 0.7102822350699813, -0.7108956247288738, -0.17578493084913638, -0.16960928609824966, 0.7319124163795656, 0.1697488559664324, -0.9614604118814007, 0.36973028332200486, -0.9001080523334053, -0.6383778365943993, 0.08220325812280116, -0.2610576796058459, -0.4614792836798941, -0.9170995492638059, -0.3448549956884954, 0.5027756599805302, 0.03550249611831613, -0.7787827187321485, -0.14304576073231945, -0.5805946694135977, -0.5598325988590032, 0.8686331646952345, 0.6086841739711069, -0.2028986958206196, 0.9466751393850341, 0.29094818193468575, -0.31465901484969216, 0.7431939141449657, 0.2634158650830979, 0.5176296678741239, -0.9673769245205672, -0.6825408511549123, 0.2653406732903978, -0.232812896908821, 0.3781377855461445, -0.8762880031036, -0.6161091186920342, 0.8625695355517466, -0.8044259884103508, -0.8382370945252793]
1019.5986328125	(8, 12, 2)	[0.2613418419508764, -0.13693327067897823, -0.7487123503931379, 0.37590093832112914, -0.1864387809855279, -0.13635347735494885, 0.7344072163814939, 0.30938553542694236, 0.8475578360940201, 0.725496559651917, 0.3786988903595463, 0.09809880462784068, 0.7078305537567855, 0.6007014283906182, -0.04540996437673539, -0.7636666622098145, 0.8862717814338628, 1.0, 0.4758560451579035, 0.983081549303586, -0.23285737040514243, -0.33379747619410827, 0.368743687579346, -0.397599761568169, 0.6235181693918341, -0.08850603123152823, 0.26724915787127607, -0.0647885244379185, -0.8825879980365037, 0.6868025742076531, 0.4155717063394493, 0.9294484285096556, -0.13145029586267531, 0.7363619700537005, -0.15306235823427694, -0.13740801451639584, -0.2948114026348907, -0.20542122037936597, -0.1189118013319248, -0.9756070156978072, 0.2211807182038743, -0.5392162597585373, 0.7122885664676732, -0.39283538799424433, 0.8266737154737238, 0.06207859082539069, 0.7248426286400369, 0.2745975049798062, 0.8087400832304714, 0.1796164566306171, -0.7906533163768632, -0.15019798507335813, -0.47877051008710314, 0.8244399041528586, -0.7089113737064064, 0.3239917230242917, 0.435194835637438, 0.3678525346044623, 0.4410427875738543, 0.9216457499382249, 0.5375425035828957, 0.5977595107764928, 0.9846421232104452, -0.09980191275252359, -0.7703060946108525, 0.9857626227959115, -0.9042408340351782, -0.6445778652151855, -0.9466074322618616, 0.07844522316951963, -0.526531369353437, -0.06384472016579062, -0.7790908479294112, 0.08601974901775034, -0.45724961431583244, 0.32182097117716446, 0.5090926249826069, 0.442607355980964, 0.8601758928171277, -0.44646209346659504, 0.7102822350699813, -0.6281682987426476, -0.3844274153878755, -0.16960928609824966, 0.7319124163795656, 0.1697488559664324, -0.9202864893122126, 0.36973028332200486, -0.9001080523334053, -0.6383778365943993, 0.08220325812280116, -0.2610576796058459, -0.4614792836798941, -0.9170995492638059, -0.3448549956884954, 0.7504786543360678, 0.03550249611831613, -0.7787827187321485, -0.02659376417778736, -0.5805946694135977, 0.7475306960532286, 0.8686331646952345, 0.6086841739711069, -0.22158507818938267, 0.4704852945140925, 0.29094818193468575, 0.7884878106887208, 0.7431939141449657, -0.5618684362085031, 0.5198856581179181, -0.9673769245205672, -0.6825408511549123, 0.2653406732903978, -0.232812896908821, 0.3781377855461445, -0.8762880031036, 0.4141543795121714, 0.8625695355517466, -0.04454341142698125, -0.8382370945252793]
1019.1812133789062	(8, 12, 2)	[-0.004908551466191291, -0.19001415358588947, -0.8109467516201845, 0.5938214803719355, 0.5131412815572434, 0.07909848280747345, -0.47820977375523355, 0.30938553542694236, 0.8475578360940201, 0.706868215938055, 0.8501483022396477, 0.13478765472590504, 0.4434250863323088, -0.8112652534170732, -0.04540996437673539, -0.7636666622098145, 0.8862717814338628, 0.34774851704374465, 0.4758560451579035, 0.983081549303586, -0.4712152890437178, -0.29718798219344095, 0.368743687579346, -0.397599761568169, 0.6235181693918341, -0.08850603123152823, 0.44433145733427626, -0.0647885244379185, -0.8825879980365037, 0.6868025742076531, -0.5228722729721806, 0.8127775241839539, -0.13145029586267531, 0.6276122881101268, 0.20706646489711655, -0.13740801451639584, -0.2948114026348907, -0.20542122037936597, -0.1189118013319248, -0.9756070156978072, 0.2211807182038743, -0.5392162597585373, -0.9320514479282047, -0.39963791489308403, -0.057580844424650834, 0.06207859082539069, 0.7248426286400369, 0.2745975049798062, 0.8087400832304714, 0.1796164566306171, -0.7906533163768632, -0.15019798507335813, -0.47877051008710314, 0.9032121724602635, -0.6737284376794888, 0.3239917230242917, 0.435194835637438, 0.3678525346044623, 0.04107426120435376, 0.9216457499382249, 0.5375425035828957, 0.5977595107764928, 0.9846421232104452, -0.09980191275252359, 0.06857197494247647, 0.8130225841143139, -0.9042408340351782, -0.6445778652151855, -0.9466074322618616, 0.07844522316951963, -0.526531369353437, 0.08433226414005923, -0.6976953457516001, -0.8662460845469768, -0.45724961431583244, -0.6987362535419892, -0.32452965031098624, 0.442607355980964, 0.8601758928171277, -0.44646209346659504, -0.6155490987671728, -0.6281682987426476, -0.3844274153878755, -0.16960928609824966, 0.7319124163795656, 0.9269537258305733, 0.33870271857528067, 0.36973028332200486, -0.4466494156006151, -0.7958029457751612, 0.6558773080306521, -0.2610576796058459, -0.4614792836798941, -0.08340267061843765, -0.3448549956884954, 0.5027756599805302, 0.2864239451871633, -0.7787827187321485, -0.14304576073231945, -0.5805946694135977, 0.7475306960532286, 0.8686331646952345, -0.360151288767367, -0.22158507818938267, 0.9466751393850341, 0.29094818193468575, -0.3179859771613937, 0.7431939141449657, -0.5618684362085031, 0.5805220322164171, -0.9673769245205672, -0.6825408511549123, 0.22440474636348795, -0.232812896908821, -0.8091523316496572, -0.8762880031036, -0.3410587572374565, 0.23864967342087118, -0.04454341142698125, -0.7653095564430362]
1018.0078125	(8, 12, 2)	[-0.004908551466191291, -0.20590509440540739, -0.8109467516201845, 0.35919916194775237, -0.82434901163674, 0.2508562743161318, 0.7344072163814939, -0.7939310416621842, 0.8475578360940201, -0.045605524428329866, 0.37742707403045905, 0.13478765472590504, -0.48762036063771463, -0.8112652534170732, -0.04540996437673539, -0.8085950687452917, 0.8862717814338628, 1.0, 0.4758560451579035, 0.983081549303586, -0.4712152890437178, -0.33379747619410827, 0.23652226848179897, 0.390463449371266, -0.7260985397229671, -0.1524694791907173, 0.2443149961359623, 0.662816912792344, -0.09454640185098373, 0.6868025742076531, 0.4155717063394493, 0.9045373755570141, -0.13145029586267531, 0.6133627032950874, 0.20706646489711655, 0.9460161705065997, 0.24722670076352776, -0.20542122037936597, -0.1189118013319248, -0.9756070156978072, 0.4025320880733496, -0.5392162597585373, -0.33302949795961223, -0.39283538799424433, -0.7593020510995474, 0.3572337304655706, 0.7248426286400369, 0.32681326114053383, 0.1677298304318866, 0.1796164566306171, 0.37432064888468, 0.9084248740762986, -0.47877051008710314, 0.2390360517161394, -0.6737284376794888, 0.31733667969976165, 0.435194835637438, 0.619376711551378, 0.1505995866116545, 0.06872875896586672, 0.5375425035828957, 0.8826488450010822, -0.23795274946317857, 0.4055335711742687, 0.06857197494247647, 0.8130225841143139, -0.0040111551569658455, -0.6445778652151855, -0.31378153168459333, -0.9493519684204317, -0.526531369353437, -0.08005447355113234, -0.688493616242782, -0.8662460845469768, -0.6968238902195139, 0.32182097117716446, -0.32452965031098624, 0.598372647711209, 0.7488035203013366, -0.44646209346659504, -0.6155490987671728, -0.7108956247288738, -0.3844274153878755, 0.16689384097638205, 0.7319124163795656, 0.1697488559664324, -0.9614604118814007, 0.45824468576698085, -0.4466494156006151, -0.6383778365943993, -0.031835963797467615, 0.8399987894934942, 0.09350335731254589, -0.9170995492638059, -0.3448549956884954, 0.7504786543360678, 0.03550249611831613, -0.7787827187321485, -0.14304576073231945, 0.2162416036530248, -0.6893224918616343, 0.8686331646952345, 0.6086841739711069, 0.9387531987654429, 0.1455652590843346, -0.23322983056295232, -0.31465901484969216, -0.05523020928899869, -0.5618684362085031, 0.5918205625640436, -0.9673769245205672, -0.8262956504117662, -0.8190025442231148, -0.232812896908821, -0.6727031203518009, -0.8762880031036, -0.6161091186920342, 0.8625695355517466, -0.8443341602143497, -0.8382370945252793]
1011.5202026367188	(8, 12, 2)	[0.2613418419508764, -0.19001415358588947, -0.8240411890049183, 0.37590093832112914, -0.8503286328843689, -0.13635347735494885, 0.7344072163814939, -0.8623741112951993, 0.8475578360940201, -0.045605524428329866, 0.8501483022396477, 0.13478765472590504, -0.3984821903960333, 0.3494771937954976, -0.18827291605666918, -0.7636666622098145, 0.8862717814338628, 0.4500400978784589, 0.006077615130665848, 0.9791952218822088, -0.2355702597993652, -0.3942727289607455, 0.8991805754926139, -0.397599761568169, 0.7192722229376932, -0.08850603123152823, 0.26724915787127607, -0.7949529466297811, -0.16615154059096637, 0.8049042986061659, 0.4155717063394493, 0.5481763380716929, -0.13145029586267531, -0.14730029747533613, -0.20313150200137658, -0.004461986790830541, -0.2948114026348907, 0.5455402043587063, -0.8460594994869743, 0.5753219711369728, 0.4025320880733496, -0.5392162597585373, 0.7307007246532488, -0.24140168085966418, -0.8666613408513161, -0.03820630443152084, 0.7248426286400369, 0.2745975049798062, 0.8087400832304714, -0.4837354242126557, 0.37432064888468, 0.9084248740762986, -0.47877051008710314, 0.25778279641944235, -0.6737284376794888, 0.31733667969976165, 0.435194835637438, 0.3678525346044623, 0.1505995866116545, -0.9646608468137192, 0.5375425035828957, 0.5977595107764928, -0.23795274946317857, -0.09980191275252359, 0.06597254785295555, 0.6820196342456339, -0.9042408340351782, -0.5798461403901811, -0.9466074322618616, -0.9493519684204317, 0.44530372756722647, -0.3938018164874135, -0.2138580413895399, -0.8662460845469768, 0.5882128352497469, 0.32182097117716446, -0.32452965031098624, 0.598372647711209, 0.8601758928171277, -0.44646209346659504, -0.7900340919495892, -0.6281682987426476, -0.3844274153878755, 0.15080698266030357, 0.4018822080354123, 0.9739176288271858, -0.9202864893122126, 0.36973028332200486, -0.9001080523334053, -0.6383778365943993, 0.6558773080306521, -0.2610576796058459, -0.4614792836798941, -0.9170995492638059, -0.3448549956884954, 0.5027756599805302, -0.8122626537683735, -0.7312435993769325, -0.02659376417778736, -0.8671991438921972, 0.5644659033058304, 0.45131107520576896, 0.6086841739711069, -0.24269256777193368, 0.4704852945140925, -0.41356196707664306, -0.057233631777586336, -0.049094238870490914, -0.5618684362085031, 0.5918205625640436, -0.9842013331027686, -0.6825408511549123, -0.8190025442231148, 0.29465726122715025, 0.3781377855461445, 0.23917530521858765, -0.7392913202942265, 0.8625695355517466, -0.06228537421941782, -0.8382370945252793]
1016.6488647460938	(8, 12, 2)	[-0.004908551466191291, 0.21910539570048543, -0.7487123503931379, 0.5111340284891814, -0.8149522063271673, 0.2508562743161318, 0.04283773155500925, -0.8623741112951993, 0.8475578360940201, 0.7280533924049171, 0.37742707403045905, 0.13478765472590504, -0.3984821903960333, -0.8112652534170732, -0.08236776803922605, -0.8085950687452917, 0.8862717814338628, 0.057280815259445186, 0.4758560451579035, 0.983081549303586, -0.4712152890437178, -0.3942727289607455, 0.16998034878952084, 0.390463449371266, 0.6235181693918341, -0.08850603123152823, 0.44433145733427626, -0.7949529466297811, -0.16615154059096637, 0.7491205961761245, -0.5228722729721806, 0.8127775241839539, -0.13145029586267531, 0.6276122881101268, 0.20706646489711655, -0.5886258078043578, 0.6393812776620009, 0.06319230852478874, -0.09064977531908272, -0.9756070156978072, 0.7273490412898367, -0.5392162597585373, 0.8461232155447548, 0.7262883832787127, 0.8266737154737238, 0.06207859082539069, 0.7248426286400369, 0.2745975049798062, 0.8087400832304714, -0.20522522689984846, 0.37432064888468, 0.7480961231185304, -0.2412494241856723, 0.2390360517161394, -0.8319448984078823, 0.31733667969976165, 0.435194835637438, 0.619376711551378, 0.04107426120435376, 0.29863498909802444, 0.5375425035828957, 0.8826488450010822, -0.23795274946317857, -0.09980191275252359, 0.06857197494247647, 0.8130225841143139, 0.1294528266135948, -0.35793193100533993, -0.31378153168459333, -0.9493519684204317, -0.526531369353437, -0.08005447355113234, -0.6976953457516001, -0.8662460845469768, 0.6354140375943595, 0.32182097117716446, -0.32452965031098624, 0.598372647711209, 0.8601758928171277, -0.44646209346659504, -0.6155490987671728, -0.6281682987426476, -0.3844274153878755, -0.16960928609824966, 0.7319124163795656, 0.9269537258305733, 0.33870271857528067, 0.36973028332200486, -0.4466494156006151, -0.6383778365943993, 0.5077493127855945, -0.2610576796058459, -0.4614792836798941, -0.08340267061843765, -0.3448549956884954, 0.5027756599805302, 0.2864239451871633, -0.7787827187321485, -0.14304576073231945, 0.023144015870019796, 0.7475306960532286, 0.45131107520576896, -0.360151288767367, -0.22158507818938267, 0.1455652590843346, 0.40352686624977174, 0.5433167686709022, -0.05523020928899869, -0.5618684362085031, 0.5805220322164171, -0.9673769245205672, -0.8262956504117662, 0.22440474636348795, -0.232812896908821, -0.6727031203518009, -0.8762880031036, -0.3410587572374565, 0.8625695355517466, -0.8443341602143497, -0.8382370945252793]
1019.91552734375	(8, 12, 2)	[-0.004908551466191291, 0.14122857488827006, -0.7487123503931379, 0.37590093832112914, 0.23471549248659263, -0.13635347735494885, 0.02760664394900103, 0.30938553542694236, 0.8475578360940201, 0.706868215938055, 0.8501483022396477, 0.13478765472590504, 0.4434250863323088, -0.8112652534170732, -0.04540996437673539, -0.7636666622098145, 0.8862717814338628, 0.34774851704374465, -0.5341686360069533, 0.9791952218822088, -0.5025519570956819, -0.29718798219344095, 0.368743687579346, -0.5402866123805526, 0.6235181693918341, 0.3736509667914831, 0.44433145733427626, -0.7949529466297811, -0.8825879980365037, 0.6868025742076531, -0.5228722729721806, 0.9053275064080901, -0.13145029586267531, 0.7363619700537005, 0.20706646489711655, -0.5886258078043578, 0.24722670076352776, 0.5455402043587063, -0.1189118013319248, -0.9756070156978072, 0.7273490412898367, -0.5392162597585373, -0.4556335204729289, -0.39283538799424433, 0.8266737154737238, 0.3572337304655706, 0.7248426286400369, 0.2745975049798062, 0.16802992953492618, -0.20522522689984846, -0.7906533163768632, 0.7480961231185304, -0.47877051008710314, 0.2390360517161394, -0.7089113737064064, 0.3239917230242917, 0.435194835637438, 0.3678525346044623, -0.8000538022077874, 0.6924560114256815, 0.5375425035828957, 0.5977595107764928, -0.23795274946317857, -0.09980191275252359, 0.06857197494247647, 0.8130225841143139, -0.9042408340351782, -0.6445778652151855, -0.31378153168459333, 0.07844522316951963, -0.5530948986828703, -0.06384472016579062, -0.7790908479294112, -0.8662460845469768, 0.5882128352497469, -0.6987362535419892, -0.32452965031098624, 0.442607355980964, 0.7488035203013366, -0.44646209346659504, -0.8757111005336853, -0.7108956247288738, -0.5267920620685501, -0.16960928609824966, 0.4018822080354123, 0.9269537258305733, -0.9614604118814007, 0.36973028332200486, -0.9001080523334053, -0.6383778365943993, 0.6558773080306521, -0.2610576796058459, -0.4614792836798941, -0.9170995492638059, -0.9357427532356959, 0.5027756599805302, -0.8122626537683735, -0.3689610094437572, -0.14304576073231945, -0.09914220566113441, -0.2317373034635817, 0.45131107520576896, 0.6086841739711069, -0.22158507818938267, 0.1455652590843346, -0.9549296975345463, 0.5423717611306946, -0.05523020928899869, -0.5618684362085031, 0.5918205625640436, -0.9011273510180888, -0.6703666681812093, 0.22440474636348795, -0.232812896908821, -0.6727031203518009, 0.23917530521858765, -0.6161091186920342, 0.8625695355517466, -0.04454341142698125, -0.8382370945252793]
1019.4642333984375	(8, 12, 2)	[-0.004908551466191291, 0.14607738061960773, -0.8109467516201845, 0.42409858613894985, -0.8149522063271673, -0.13635347735494885, -0.47820977375523355, 0.30938553542694236, 0.8475578360940201, -0.045605524428329866, 0.37742707403045905, 0.13478765472590504, -0.2609468707313257, -0.8112652534170732, 0.23204431730784947, -0.7636666622098145, 0.013881170981264276, 0.4500400978784589, 0.006077615130665848, 0.6363346914218191, -0.4712152890437178, -0.5360540082339649, 0.16998034878952084, -0.5402866123805526, 0.6235181693918341, -0.1524694791907173, 0.44433145733427626, -0.7949529466297811, -0.16615154059096637, 0.8049042986061659, -0.5228722729721806, 0.8127775241839539, 0.8252419201133421, 0.7363619700537005, 0.20706646489711655, -0.5886258078043578, -0.2948114026348907, 0.46351267678938546, -0.11124458496472987, 0.4719782595830414, 0.2211807182038743, -0.5392162597585373, -0.7699510756985839, 0.7262883832787127, 0.8266737154737238, 0.3572337304655706, 0.2628893969769366, 0.2745975049798062, 0.1677298304318866, -0.4837354242126557, 0.37432064888468, -0.15019798507335813, -0.47877051008710314, -0.15922158364662797, -0.7089113737064064, 0.31733667969976165, 0.435194835637438, 0.3678525346044623, -0.8000538022077874, 0.06872875896586672, 0.5375425035828957, 0.8826488450010822, -0.23795274946317857, 0.46229075864004515, 0.06857197494247647, 0.8130225841143139, 0.1294528266135948, -0.7044580301767537, -0.33563767591680516, 0.07844522316951963, -0.526531369353437, -0.08005447355113234, -0.2138580413895399, 0.08601974901775034, -0.45724961431583244, 0.7742152939091009, -0.44758939919595053, 0.598372647711209, 0.7135222916370936, -0.4664182942481526, -0.8757111005336853, -0.7108956247288738, -0.5763287039954432, -0.16960928609824966, 0.4018822080354123, 0.2385576766424189, -0.9614604118814007, 0.36973028332200486, -0.4466494156006151, -0.6383778365943993, 0.6558773080306521, 0.6671743782743389, -0.4614792836798941, -0.9170995492638059, -0.9357427532356959, 0.7504786543360678, -0.8122626537683735, -0.3689610094437572, -0.02659376417778736, -0.8671991438921972, 0.5644659033058304, 0.8686331646952345, 0.6086841739711069, -0.2028986958206196, 0.1455652590843346, -0.41356196707664306, -0.31465901484969216, 0.7431939141449657, 0.207839496195125, 0.5918205625640436, -0.9673769245205672, -0.6825408511549123, 0.2653406732903978, 0.5106507400335281, 0.3781377855461445, -0.8762880031036, -0.6161091186920342, 0.8625695355517466, -0.8443341602143497, -0.8382370945252793]
1018.5559692382812	(8, 12, 2)	[-0.4407792816831049, 0.17730231673561592, -0.8109467516201845, 0.37590093832112914, 0.5131412815572434, 0.2508562743161318, 0.02760664394900103, 0.30938553542694236, 0.8475578360940201, 0.7049865702564672, 0.37742707403045905, 0.13478765472590504, 0.4434250863323088, -0.8112652534170732, -0.04540996437673539, -0.7636666622098145, 0.8862717814338628, 0.34774851704374465, 0.4758560451579035, 0.9791952218822088, -0.2355702597993652, -0.33379747619410827, 0.23652226848179897, -0.397599761568169, 0.9989609756793099, -0.08850603123152823, 0.44433145733427626, -0.7949529466297811, -0.09454640185098373, 0.6868025742076531, -0.5228722729721806, -0.19988834204455608, -0.13145029586267531, 0.6276122881101268, 0.20706646489711655, 0.9460161705065997, 0.24722670076352776, 0.5455402043587063, -0.8460594994869743, -0.9756070156978072, 0.7273490412898367, -0.011488560929123315, -0.33302949795961223, -0.24140168085966418, -0.057580844424650834, 0.06207859082539069, 0.7248426286400369, 0.2745975049798062, 0.1677298304318866, -0.4837354242126557, -0.7906533163768632, 0.7480961231185304, -0.6316239329744919, 0.2390360517161394, -0.6737284376794888, 0.3239917230242917, 0.435194835637438, 0.619376711551378, -0.8000538022077874, 0.6924560114256815, 0.5375425035828957, 0.8826488450010822, -0.23795274946317857, -0.09980191275252359, 0.06857197494247647, 0.8101546411231071, -0.0040111551569658455, -0.6445778652151855, -0.31378153168459333, -0.9493519684204317, -0.526531369353437, 0.23519308487601237, -0.7790908479294112, -0.8662460845469768, -0.6968238902195139, -0.6987362535419892, -0.1848423022831796, 0.2937242986887778, 0.8601758928171277, -0.44646209346659504, -0.8757111005336853, -0.7108956247288738, -0.5763287039954432, -0.16960928609824966, 0.7319124163795656, 0.9269537258305733, -0.9754500971280398, 0.36973028332200486, -0.9001080523334053, -0.6383778365943993, 0.6558773080306521, -0.2610576796058459, -0.38385452155589256, -0.15977419705965357, -0.3448549956884954, 0.5027756599805302, -0.8122626537683735, -0.20862717680241374, -0.02659376417778736, 0.023144015870019796, -0.2317373034635817, 0.8686331646952345, 0.6086841739711069, -0.2028986958206196, 0.1455652590843346, -0.41356196707664306, -0.31465901484969216, -0.05523020928899869, 0.2634158650830979, 0.5198856581179181, -0.9011273510180888, -0.6825408511549123, 0.13679011613662623, -0.232812896908821, -0.6727031203518009, 0.23917530521858765, -0.6161091186920342, 0.8625695355517466, -0.04454341142698125, -0.7653095564430362]
1019.9580078125	(8, 12, 2)	[-0.004908551466191291, 0.14607738061960773, -0.7487123503931379, 0.37590093832112914, -0.8149522063271673, 0.2508562743161318, 0.7344072163814939, 0.30938553542694236, 0.8475578360940201, 0.8626132821112116, 0.37742707403045905, 0.09809880462784068, -0.3984821903960333, -0.8112652534170732, -0.18827291605666918, -0.7636666622098145, 0.7270975358354896, 0.34774851704374465, 0.4758560451579035, 0.6363346914218191, -0.43442123243774233, -0.3942727289607455, 0.16998034878952084, -0.5402866123805526, 0.6235181693918341, -0.08850603123152823, 0.44433145733427626, -0.7949529466297811, -0.8825879980365037, 0.6868025742076531, -0.5228722729721806, 0.8127775241839539, 0.8252419201133421, 0.7363619700537005, -0.15306235823427694, -0.5886258078043578, 0.6472928812517551, 0.5455402043587063, -0.1189118013319248, 0.4719782595830414, 0.43301496356897023, -0.011488560929123315, -0.7699510756985839, -0.39283538799424433, -0.5723300471683002, 0.06207859082539069, -0.8100856757786761, 0.2745975049798062, 0.8087400832304714, 0.1796164566306171, 0.37432064888468, 0.7480961231185304, -0.5495670688199261, 0.2390360517161394, -0.6737284376794888, 0.3239917230242917, 0.435194835637438, 0.3678525346044623, -0.8000538022077874, 0.6924560114256815, 0.5375425035828957, 0.5977595107764928, 0.9846421232104452, -0.09980191275252359, -0.7851353103685523, 0.8130225841143139, -0.9042408340351782, -0.3624545272088022, -0.39361704002198294, 0.07844522316951963, -0.07607672937341436, -0.08005447355113234, -0.4888385392208878, -0.8662460845469768, -0.45724961431583244, 0.7742152939091009, -0.3414557254315285, 0.442607355980964, 0.7488035203013366, -0.4664182942481526, -0.6250561358287888, -0.6281682987426476, -0.5267920620685501, -0.16960928609824966, 0.7319124163795656, 0.1697488559664324, -0.9754500971280398, 0.36973028332200486, -0.9001080523334053, -0.5042501782012561, 0.6558773080306521, -0.2610576796058459, -0.4614792836798941, -0.9170995492638059, -0.9357427532356959, 0.5027756599805302, -0.8122626537683735, -0.7787827187321485, -0.02659376417778736, 0.023144015870019796, 0.5002872750787983, 0.8686331646952345, -0.3868013597607653, -0.2028986958206196, 0.1455652590843346, -0.9549296975345463, -0.31465901484969216, -0.05523020928899869, -0.5618684362085031, 0.5918205625640436, -0.9011273510180888, -0.6825408511549123, -0.8190025442231148, 0.29465726122715025, 0.3781377855461445, -0.15356659795401595, -0.6161091186920342, 0.8625695355517466, 0.18904404068589153, -0.8382370945252793]
1019.7283935546875	(8, 12, 2)	[-0.4407792816831049, -0.20590509440540739, -0.8350600880108234, 0.37590093832112914, -0.7557414022952209, 0.2508562743161318, -0.47820977375523355, 0.30938553542694236, 0.8475578360940201, 0.6531751930761165, 0.37742707403045905, 0.21079457699090984, 0.4434250863323088, -0.8112652534170732, -0.08236776803922605, -0.7636666622098145, 0.8862717814338628, 1.0, 0.4758560451579035, 0.6363346914218191, -0.4712152890437178, -0.39460093471552127, 0.16998034878952084, -0.5402866123805526, 0.9989609756793099, -0.6167629676709178, 0.44433145733427626, 0.662816912792344, -0.16615154059096637, 0.6868025742076531, 0.4155717063394493, 0.9294484285096556, -0.13145029586267531, 0.7363619700537005, 0.20706646489711655, -0.5886258078043578, -0.2948114026348907, 0.46351267678938546, -0.11124458496472987, -0.9756070156978072, 0.7273490412898367, -0.8223691402279714, -0.4556335204729289, -0.24140168085966418, 0.8266737154737238, 0.3572337304655706, 0.26050409484326953, 0.11761573302709102, 0.8087400832304714, -0.3286979976710523, 0.37432064888468, -0.15019798507335813, -0.47877051008710314, 0.2390360517161394, -0.7089113737064064, -0.18893516151714063, 0.4917655352123235, 0.3678525346044623, 0.2207441337375369, 0.6924560114256815, -0.4963731968646596, 0.8732651963860069, -0.23795274946317857, -0.43988331731164054, -0.7851353103685523, 0.8130225841143139, -0.9042408340351782, -0.7044580301767537, -0.9466074322618616, -0.9493519684204317, -0.07607672937341436, -0.06384472016579062, -0.7790908479294112, -0.8662460845469768, 0.5882128352497469, 0.7742152939091009, 0.7792749896296054, 0.41962090180251466, 0.6997320227257675, -0.44646209346659504, 0.7102822350699813, -0.7108956247288738, -0.3844274153878755, -0.16960928609824966, 0.7319124163795656, 0.9269537258305733, -0.9614604118814007, 0.36973028332200486, -0.9001080523334053, -0.6383778365943993, 0.9285746672878117, -0.2610576796058459, -0.4614792836798941, -0.9170995492638059, -0.3448549956884954, 0.7504786543360678, 0.03550249611831613, -0.3689610094437572, -0.14304576073231945, 0.2162416036530248, 0.5644659033058304, 0.45131107520576896, -0.06721572036054346, -0.22158507818938267, -0.12275526203434062, 0.29094818193468575, 0.5433167686709022, 0.8509024580797107, 0.28802678589892333, 0.5918205625640436, -0.9673769245205672, -0.6825408511549123, 0.22440474636348795, 0.5106507400335281, 0.3781377855461445, -0.8762880031036, -0.6161091186920342, 0.8625695355517466, -0.8272919925657733, -0.8382370945252793]
1019.7442626953125	(8, 12, 2)	[-0.004908551466191291, 0.14607738061960773, -0.8109467516201845, 0.37590093832112914, 0.23471549248659263, 0.4282602888309049, 0.04283773155500925, 0.30938553542694236, 0.8475578360940201, -0.7607704384308065, 0.8501483022396477, 0.13478765472590504, -0.2609468707313257, -0.8112652534170732, -0.18827291605666918, -0.7636666622098145, 0.8862717814338628, 0.4500400978784589, 0.4758560451579035, 0.9791952218822088, -0.4712152890437178, -0.3942727289607455, 0.16998034878952084, -0.397599761568169, 0.42640706759299585, -0.1524694791907173, 0.44433145733427626, -0.7949529466297811, -0.8825879980365037, 0.6868025742076531, -0.5228722729721806, 0.8127775241839539, -0.13145029586267531, 0.7363619700537005, 0.1601671167081125, -0.5886258078043578, 0.6472928812517551, 0.5455402043587063, -0.09064977531908272, -0.9756070156978072, 0.43301496356897023, -0.011488560929123315, -0.9038767033494134, -0.39283538799424433, 0.8266737154737238, 0.3572337304655706, 0.7248426286400369, 0.2745975049798062, 0.8087400832304714, -0.20522522689984846, 0.37432064888468, 0.7480961231185304, -0.47877051008710314, 0.25778279641944235, -0.7089113737064064, -0.18893516151714063, 0.435194835637438, 0.3678525346044623, -0.8000538022077874, 0.6924560114256815, 0.5375425035828957, 0.6877958551489433, -0.23795274946317857, -0.09980191275252359, -0.7851353103685523, 0.8130225841143139, -0.9042408340351782, -0.6698203409987044, -0.31378153168459333, 0.07844522316951963, -0.526531369353437, 0.08433226414005923, -0.2138580413895399, -0.8662460845469768, -0.45724961431583244, -0.6987362535419892, -0.3414557254315285, 0.442607355980964, 0.8601758928171277, -0.44646209346659504, -0.6250561358287888, -0.7108956247288738, -0.5267920620685501, -0.16960928609824966, 0.4018822080354123, 0.1697488559664324, -0.9754500971280398, 0.36973028332200486, -0.4466494156006151, -0.6383778365943993, -0.031835963797467615, -0.2610576796058459, -0.4614792836798941, -0.9170995492638059, -0.9357427532356959, 0.5027756599805302, -0.8122626537683735, -0.7312435993769325, -0.12066231343653888, -0.21594179136405264, 0.5002872750787983, 0.8686331646952345, -0.360151288767367, 0.9387531987654429, 0.1455652590843346, 0.40352686624977174, 0.5423717611306946, -0.05523020928899869, -0.5618684362085031, 0.5918205625640436, -0.9673769245205672, -0.6825408511549123, -0.8190025442231148, 0.29465726122715025, 0.3781377855461445, -0.15356659795401595, -0.6161091186920342, 0.8625695355517466, 0.18904404068589153, -0.159716790337457]
1019.8951416015625	(8, 12, 2)	[-0.4407792816831049, -0.20590509440540739, -0.8350600880108234, 0.37590093832112914, -0.7557414022952209, 0.39264027731289347, -0.47820977375523355, 0.19675896295278572, 0.8475578360940201, 0.8626132821112116, 0.37742707403045905, 0.13478765472590504, 0.4434250863323088, -0.8112652534170732, -0.18827291605666918, -0.7636666622098145, 0.8862717814338628, 0.34774851704374465, 0.4758560451579035, 0.6363346914218191, -0.4712152890437178, -0.3942727289607455, 0.8991805754926139, -0.397599761568169, 0.9989609756793099, -0.6167629676709178, 0.44433145733427626, 0.662816912792344, -0.16615154059096637, 0.6868025742076531, -0.5228722729721806, 0.9294484285096556, -0.13145029586267531, 0.6276122881101268, 0.20706646489711655, -0.5886258078043578, 0.24722670076352776, 0.46351267678938546, -0.1189118013319248, -0.9756070156978072, 0.2211807182038743, -0.8223691402279714, -0.4556335204729289, -0.3781087146679068, 0.8266737154737238, 0.3572337304655706, 0.26050409484326953, 0.21821219390009097, 0.8087400832304714, -0.4837354242126557, 0.37432064888468, -0.15019798507335813, -0.47877051008710314, 0.2390360517161394, 0.7473346289632365, -0.18893516151714063, 0.4917655352123235, 0.3678525346044623, 0.34298657396914856, 0.6924560114256815, -0.4963731968646596, 0.5977595107764928, -0.23795274946317857, 0.4055335711742687, 0.06857197494247647, 0.8130225841143139, -0.9042408340351782, -0.7044580301767537, -0.9466074322618616, -0.9493519684204317, -0.07607672937341436, -0.06384472016579062, -0.16673815664439734, -0.8662460845469768, -0.45724961431583244, 0.7742152939091009, 0.7792749896296054, 0.2937242986887778, 0.6997320227257675, -0.44646209346659504, 0.7102822350699813, -0.7108956247288738, -0.5763287039954432, -0.16960928609824966, 0.4018822080354123, 0.9269537258305733, -0.9614604118814007, 0.36973028332200486, -0.4466494156006151, -0.6383778365943993, 0.6558773080306521, -0.2610576796058459, -0.4614792836798941, -0.027036858855071233, -0.3448549956884954, -0.3589715822956232, 0.03550249611831613, -0.3689610094437572, -0.14304576073231945, 0.2162416036530248, 0.5644659033058304, 0.45131107520576896, -0.06721572036054346, -0.22158507818938267, -0.12275526203434062, 0.29094818193468575, 0.5433167686709022, 0.8509024580797107, 0.28802678589892333, 0.5198856581179181, -0.9673769245205672, -0.9974138258195431, -0.8190025442231148, -0.28423595975250315, 0.3781377855461445, -0.5506961232285172, -0.6161091186920342, 0.8625695355517466, -0.8272919925657733, -0.8382370945252793]
1019.5057983398438	(8, 12, 2)	[-0.4407792816831049, 0.2391260890257469, -0.8350600880108234, 0.37590093832112914, 0.23471549248659263, 0.07909848280747345, -0.47820977375523355, -0.8623741112951993, 0.8475578360940201, 0.7137821145734535, 0.8501483022396477, 0.13478765472590504, 0.4434250863323088, -0.8112652534170732, -0.18827291605666918, -0.7636666622098145, 0.8617269251563274, 0.34774851704374465, 0.006077615130665848, 0.9791952218822088, -0.5025519570956819, -0.5360540082339649, 0.8991805754926139, -0.5402866123805526, 0.9989609756793099, -0.08850603123152823, 0.44433145733427626, -0.7949529466297811, -0.8825879980365037, 0.8049042986061659, -0.5228722729721806, -0.21609077744883032, -0.13145029586267531, 0.5507873832004532, -0.15306235823427694, 0.9460161705065997, 0.24722670076352776, 0.5455402043587063, -0.1189118013319248, -0.9756070156978072, 0.4025320880733496, -0.011488560929123315, -0.7699510756985839, -0.3781087146679068, 0.8266737154737238, 0.3572337304655706, 0.7248426286400369, 0.2745975049798062, 0.8087400832304714, -0.20522522689984846, -0.7906533163768632, 0.7480961231185304, -0.47877051008710314, 0.2390360517161394, 0.7473346289632365, -0.18893516151714063, 0.435194835637438, 0.3678525346044623, -0.8000538022077874, 0.29863498909802444, 0.5375425035828957, 0.6977009022841987, -0.23795274946317857, -0.09980191275252359, 0.06857197494247647, 0.8130225841143139, -0.9042408340351782, -0.6445778652151855, -0.39361704002198294, 0.07844522316951963, -0.526531369353437, -0.06384472016579062, -0.2138580413895399, -0.8662460845469768, -0.45724961431583244, -0.6987362535419892, -0.32452965031098624, 0.2937242986887778, 0.6997320227257675, -0.44646209346659504, -0.8757111005336853, -0.7108956247288738, -0.5763287039954432, -0.16960928609824966, 0.7319124163795656, 0.9269537258305733, -0.9614604118814007, 0.36973028332200486, -0.38985726425315825, -0.6214769950613103, 0.6558773080306521, -0.3304143121050934, -0.4614792836798941, -0.9170995492638059, -0.3448549956884954, 0.5027756599805302, 0.26615616868619474, -0.7787827187321485, -0.02659376417778736, -0.09914220566113441, -0.6893224918616343, 0.8686331646952345, -0.3868013597607653, -0.2028986958206196, 0.9661962161934396, 0.23769736544323952, 0.5931076332741542, -0.049094238870490914, -0.5618684362085031, 0.40198324084950915, -0.9842013331027686, -0.6703666681812093, 0.22440474636348795, 0.29465726122715025, -0.6727031203518009, -0.8762880031036, -0.6161091186920342, 0.8625695355517466, -0.06228537421941782, -0.8184083287607954]
1019.9393310546875	(8, 12, 2)	[-0.004908551466191291, 0.2014041560880535, -0.8109467516201845, 0.37590093832112914, -0.9656385845824547, -0.13635347735494885, -0.47820977375523355, 0.30938553542694236, 0.8475578360940201, -0.045605524428329866, 0.37742707403045905, 0.13478765472590504, 0.45731295765705193, 0.3494771937954976, -0.04540996437673539, -0.7636666622098145, 0.8862717814338628, 0.34774851704374465, 0.4758560451579035, 0.9791952218822088, -0.11361649939047774, -0.3942727289607455, 0.8991805754926139, -0.397599761568169, 0.9989609756793099, -0.08850603123152823, 0.22062941272725212, -0.7949529466297811, -0.8825879980365037, 0.6868025742076531, -0.5228722729721806, -0.21609077744883032, -0.13145029586267531, 0.5507873832004532, -0.15306235823427694, -0.13740801451639584, 0.6393812776620009, 0.5455402043587063, -0.1189118013319248, -0.9756070156978072, 0.7273490412898367, -1.0, 0.8461232155447548, -0.39283538799424433, 0.8266737154737238, -0.03820630443152084, 0.7248426286400369, 0.2745975049798062, 0.809401084121542, 0.1796164566306171, -0.7906533163768632, 0.7480961231185304, -0.47877051008710314, 0.2390360517161394, -0.6737284376794888, 0.3239917230242917, 0.4868126693842847, 0.3678525346044623, -0.8000538022077874, 0.6924560114256815, 0.5375425035828957, 0.6977009022841987, -0.23795274946317857, -0.09980191275252359, 0.06857197494247647, 0.8130225841143139, -0.9042408340351782, -0.6445778652151855, -0.39361704002198294, 0.07844522316951963, -0.5034953173797513, -0.08005447355113234, -0.6976953457516001, 0.08601974901775034, -0.6968238902195139, -0.6987362535419892, -0.32452965031098624, 0.2937242986887778, 0.8601758928171277, -0.44646209346659504, -0.8757111005336853, -0.6281682987426476, -0.3844274153878755, -0.16960928609824966, 0.7319124163795656, 0.9739176288271858, 0.33870271857528067, 0.36973028332200486, -0.4466494156006151, -0.6383778365943993, 0.6558773080306521, 0.6671743782743389, -0.4614792836798941, -0.9170995492638059, -0.9357427532356959, 0.5027756599805302, 0.03550249611831613, -0.3689610094437572, -0.14304576073231945, -0.09786457864865783, -0.2317373034635817, 0.45131107520576896, 0.6086841739711069, -0.2028986958206196, 0.4704852945140925, 0.23769736544323952, 0.5423717611306946, 0.749013333193933, 0.2634158650830979, 0.5918205625640436, -1.0, -0.6825408511549123, 0.22440474636348795, -0.232812896908821, 0.3781377855461445, -0.5506961232285172, -0.6161091186920342, 0.8625695355517466, 0.18904404068589153, -0.7653095564430362]
1019.9619750976562	(8, 12, 2)	[-0.004908551466191291, 0.2014041560880535, -0.7487123503931379, 0.37590093832112914, 0.23471549248659263, 0.07909848280747345, 0.04283773155500925, 0.30938553542694236, 0.8475578360940201, -0.045605524428329866, 0.8501483022396477, 0.09809880462784068, -0.3984821903960333, -0.8112652534170732, -0.18827291605666918, -0.7636666622098145, 0.8862717814338628, 0.4500400978784589, 0.006077615130665848, 0.9791952218822088, -0.23285737040514243, -0.29718798219344095, 0.8991805754926139, -0.5402866123805526, 0.42640706759299585, -0.1524694791907173, 0.44433145733427626, -0.7949529466297811, -0.09454640185098373, 0.6868025742076531, 0.4155717063394493, 0.8127775241839539, -0.13145029586267531, 0.5507873832004532, 0.20706646489711655, -0.13740801451639584, 0.24722670076352776, 0.46351267678938546, -0.1189118013319248, -0.9756070156978072, 0.4025320880733496, -0.8223691402279714, -0.33302949795961223, -0.24140168085966418, 0.8266737154737238, 0.06207859082539069, 0.2628893969769366, 0.2745975049798062, 0.0856035281188956, 0.1796164566306171, 0.37432064888468, 0.7480961231185304, -0.47877051008710314, 0.25778279641944235, 0.7473346289632365, 0.3239917230242917, 0.435194835637438, 0.3678525346044623, -0.8000538022077874, 0.6924560114256815, 0.5375425035828957, 0.5977595107764928, 0.9846421232104452, -0.09980191275252359, -0.7851353103685523, 0.8130225841143139, -0.9042408340351782, -0.3624545272088022, -0.31378153168459333, 0.07844522316951963, -0.5530948986828703, -0.06384472016579062, -0.2138580413895399, 0.08601974901775034, -0.6968238902195139, 0.7742152939091009, -0.44758939919595053, 0.2937242986887778, 0.7135222916370936, -0.44646209346659504, -0.6250561358287888, -0.6281682987426476, -0.5267920620685501, -0.16960928609824966, 0.4018822080354123, 0.9739176288271858, -1.0, 0.36973028332200486, -0.9001080523334053, -0.6383778365943993, -0.031835963797467615, -0.3304143121050934, -0.4614792836798941, -0.027036858855071233, -0.3448549956884954, 0.5027756599805302, 0.03550249611831613, -0.7312435993769325, -0.02659376417778736, 0.023144015870019796, 0.5644659033058304, 0.8686331646952345, -0.360151288767367, -0.2028986958206196, 0.1455652590843346, 0.26439090744961846, 0.7884878106887208, -0.05523020928899869, -0.5618684362085031, 0.5237667081340664, -0.7787097461010954, -0.6825408511549123, 0.22440474636348795, -0.2688674816441766, -0.6727031203518009, 0.23917530521858765, -0.6161091186920342, 0.8625695355517466, 0.24484024792359937, -0.159716790337457]
1019.8462524414062	(8, 12, 2)	[0.2613418419508764, 0.14122857488827006, -0.5962432100436146, 0.37590093832112914, 0.23471549248659263, -0.13635347735494885, -0.47820977375523355, -0.8623741112951993, 0.8475578360940201, 0.7137821145734535, 0.8501483022396477, 0.13478765472590504, -0.3984821903960333, -0.8112652534170732, -0.18827291605666918, -0.7636666622098145, 0.8862717814338628, 1.0, 0.006077615130665848, 0.983081549303586, -0.5025519570956819, -0.3942727289607455, 0.8991805754926139, -0.5402866123805526, 0.6235181693918341, -0.1524694791907173, 0.44433145733427626, -0.7949529466297811, -0.8825879980365037, 0.8049042986061659, -0.5228722729721806, 0.9294484285096556, -0.13145029586267531, 0.45606325710623385, -0.15306235823427694, -0.13740801451639584, 0.24722670076352776, 0.5455402043587063, -0.1189118013319248, -0.9756070156978072, 0.43301496356897023, -0.5392162597585373, -0.8932120157241396, -0.39963791489308403, 0.8266737154737238, 0.3572337304655706, 0.7248426286400369, 0.2745975049798062, 0.1677298304318866, -0.20522522689984846, -0.7906533163768632, 0.7480961231185304, -0.47877051008710314, 0.9032121724602635, -0.6737284376794888, -0.18893516151714063, 0.435194835637438, 0.619376711551378, -0.8000538022077874, 0.29863498909802444, 0.5375425035828957, 0.5977595107764928, -0.23795274946317857, -0.09980191275252359, -0.7851353103685523, 0.8130225841143139, -0.9042408340351782, -0.6698203409987044, -0.8964300148741984, 0.07844522316951963, 0.44530372756722647, -0.06384472016579062, -0.7790908479294112, -0.8662460845469768, -0.6968238902195139, -0.6987362535419892, 0.7792749896296054, 0.598372647711209, 0.8601758928171277, -0.44646209346659504, -0.6250561358287888, -0.6281682987426476, -0.5763287039954432, -0.16960928609824966, 0.4018822080354123, 0.9269537258305733, -1.0, 0.36973028332200486, -0.4466494156006151, -0.6383778365943993, 0.6558773080306521, -0.2610576796058459, -0.4614792836798941, -0.9170995492638059, -0.3448549956884954, 0.7504786543360678, 0.03550249611831613, -0.7312435993769325, -0.14304576073231945, -0.21594179136405264, -0.6893224918616343, 0.45131107520576896, -0.06721572036054346, -0.2028986958206196, 0.1455652590843346, 0.29094818193468575, 0.5433167686709022, -0.049094238870490914, -0.5618684362085031, 0.5918205625640436, -0.9673769245205672, -0.6825408511549123, 0.22440474636348795, 0.29465726122715025, -0.6727031203518009, -0.15356659795401595, -0.6161091186920342, 0.8625695355517466, -0.04454341142698125, -0.7653095564430362]
1019.947509765625	(8, 12, 2)	[-0.1304105627213503, 0.2391260890257469, -0.8350600880108234, 0.35919916194775237, 0.23471549248659263, 0.07909848280747345, -0.47820977375523355, -0.8623741112951993, 0.8475578360940201, 0.611718039622902, 0.8501483022396477, 0.13478765472590504, -0.27601771730724445, -0.8112652534170732, -0.18827291605666918, -0.7437790349679372, 0.7831840286462284, 0.4500400978784589, 0.4758560451579035, 0.9791952218822088, -0.43442123243774233, -0.5360540082339649, 0.8991805754926139, -0.5402866123805526, 0.6235181693918341, -0.08850603123152823, 0.44433145733427626, -0.7949529466297811, -0.8825879980365037, 0.6868025742076531, -0.5228722729721806, 0.8127775241839539, -0.13145029586267531, 0.7363619700537005, 0.20706646489711655, -0.13740801451639584, 0.24722670076352776, 0.5455402043587063, -0.1189118013319248, -0.9756070156978072, 0.2211807182038743, 0.006208248624634132, -0.7699510756985839, -0.3781087146679068, 0.8266737154737238, 0.3572337304655706, 0.2628893969769366, 0.2745975049798062, 0.1677298304318866, -0.20522522689984846, 0.37432064888468, 0.7480961231185304, -0.47877051008710314, 0.9032121724602635, -0.6737284376794888, -0.18893516151714063, 0.435194835637438, 0.3678525346044623, -0.8000538022077874, 0.6924560114256815, 0.5022321155575564, 0.524560443850862, 0.9846421232104452, -0.09980191275252359, -0.7851353103685523, 0.8130225841143139, 0.1294528266135948, -0.6445778652151855, -0.31378153168459333, -0.9493519684204317, -0.526531369353437, -0.06384472016579062, -0.2138580413895399, -0.8966243226506204, -0.45724961431583244, -0.6987362535419892, -0.44758939919595053, 0.442607355980964, 0.6997320227257675, -0.44646209346659504, -0.8757111005336853, -0.7108956247288738, -0.5763287039954432, -0.16960928609824966, 0.7319124163795656, 0.9269537258305733, -0.9614604118814007, 0.36973028332200486, -0.38985726425315825, -0.6214769950613103, 0.6558773080306521, -0.3304143121050934, -0.5284596979412297, -0.9170995492638059, -0.9357427532356959, 0.5027756599805302, 0.2864239451871633, -0.7787827187321485, -0.02659376417778736, -0.21594179136405264, 0.5644659033058304, 0.45131107520576896, -0.3868013597607653, -0.2028986958206196, 0.1455652590843346, -0.9549296975345463, 0.5433167686709022, -0.05523020928899869, -0.5618684362085031, 0.40198324084950915, -0.9842013331027686, -0.6703666681812093, -0.8190025442231148, 0.29465726122715025, -0.6727031203518009, -0.8762880031036, -0.6161091186920342, 0.8625695355517466, -0.04454341142698125, -0.159716790337457]
1019.9697265625	(8, 12, 2)	[-0.4407792816831049, 0.14607738061960773, -0.7487123503931379, 0.35919916194775237, -0.7557414022952209, 0.07909848280747345, 0.02760664394900103, 0.18739157814581797, 0.8475578360940201, 0.7137821145734535, 0.8501483022396477, 0.09809880462784068, -0.31870381407733256, -0.8112652534170732, -0.18827291605666918, -0.7636666622098145, 0.7831840286462284, 0.4500400978784589, 0.006077615130665848, 0.9791952218822088, -0.43442123243774233, -0.29718798219344095, 0.8991805754926139, -0.5402866123805526, 0.9989609756793099, -0.6167629676709178, 0.44433145733427626, -0.7949529466297811, -0.8825879980365037, 0.8049042986061659, 0.4155717063394493, -0.19988834204455608, -0.13145029586267531, 0.6276122881101268, 0.21108677345753182, -0.3142482178458351, 0.24722670076352776, 0.5455402043587063, -0.1189118013319248, -0.9756070156978072, 0.4025320880733496, -0.5392162597585373, -0.9038767033494134, -0.39283538799424433, 0.8266737154737238, 0.3572337304655706, 0.2628893969769366, 0.2745975049798062, 0.1677298304318866, 0.1796164566306171, 0.37432064888468, 0.7480961231185304, -0.47877051008710314, 0.9032121724602635, -0.6737284376794888, -0.18893516151714063, 0.435194835637438, 0.3678525346044623, -0.8000538022077874, 0.6924560114256815, 0.5375425035828957, 0.5977595107764928, -0.23795274946317857, -0.09980191275252359, -0.7851353103685523, 1.0, -0.9042408340351782, -0.6445778652151855, -0.33563767591680516, 0.07844522316951963, -0.5530948986828703, -0.06384472016579062, -0.2138580413895399, 0.08601974901775034, 0.5882128352497469, -0.6987362535419892, -0.32452965031098624, 0.598372647711209, 0.7135222916370936, -0.44646209346659504, -0.8757111005336853, -0.7108956247288738, -0.5763287039954432, -0.16960928609824966, 0.7319124163795656, 0.1697488559664324, -0.9614604118814007, 0.36973028332200486, -0.38985726425315825, -0.6383778365943993, 0.6130927111361105, -0.3304143121050934, -0.5284596979412297, -0.027036858855071233, -0.9357427532356959, -0.3589715822956232, -0.726632846975046, -0.3689610094437572, -0.02659376417778736, -0.21594179136405264, -0.6893224918616343, 0.8686331646952345, -0.360151288767367, -0.22158507818938267, 0.4704852945140925, 0.29094818193468575, 0.5931076332741542, -0.05523020928899869, 0.2634158650830979, 0.40198324084950915, -0.9011273510180888, -0.6825408511549123, -0.8190025442231148, -0.232812896908821, 0.3781377855461445, 0.23917530521858765, -0.6161091186920342, 0.8625695355517466, 0.24484024792359937, -0.159716790337457]
1019.983154296875	(8, 12, 2)	[-0.004908551466191291, 0.14607738061960773, -0.8350600880108234, 0.35919916194775237, 0.18881405999190978, 0.07909848280747345, 0.02760664394900103, 0.18739157814581797, 0.8475578360940201, -0.045605524428329866, 0.8501483022396477, 0.09809880462784068, -0.3984821903960333, -0.8112652534170732, -0.18827291605666918, -0.7636666622098145, 0.7831840286462284, 0.4500400978784589, 0.006077615130665848, 0.9791952218822088, -0.43442123243774233, -0.29718798219344095, 0.8991805754926139, -0.397599761568169, 0.9989609756793099, -0.7203923448379195, 0.44433145733427626, -0.7949529466297811, -0.8825879980365037, 0.8049042986061659, -0.5228722729721806, 0.8127775241839539, -0.13145029586267531, 0.7363619700537005, -0.15306235823427694, -0.13740801451639584, 0.24722670076352776, 0.5455402043587063, -0.1189118013319248, -0.9756070156978072, 0.4025320880733496, -0.5392162597585373, -0.33302949795961223, -0.3781087146679068, 0.8266737154737238, 0.3572337304655706, 0.2628893969769366, 0.2745975049798062, 0.1677298304318866, -0.4837354242126557, 0.37432064888468, 0.7480961231185304, -0.47877051008710314, 0.9032121724602635, -0.6737284376794888, -0.18893516151714063, 0.435194835637438, 0.3678525346044623, -0.8000538022077874, 0.6924560114256815, 0.5375425035828957, 0.5977595107764928, -0.23795274946317857, -0.09980191275252359, -0.7851353103685523, 1.0, -0.9042408340351782, -0.7044580301767537, -0.33563767591680516, 0.07844522316951963, -0.526531369353437, -0.06384472016579062, -0.2138580413895399, -0.8662460845469768, 0.5882128352497469, -0.6987362535419892, 0.7792749896296054, 0.2937242986887778, 0.8601758928171277, -0.44646209346659504, -0.8757111005336853, -0.6281682987426476, -0.5763287039954432, -0.16960928609824966, 0.7319124163795656, 0.1697488559664324, -0.9614604118814007, 0.4434411866710276, -0.4466494156006151, -0.6383778365943993, 0.6130927111361105, -0.3304143121050934, -0.5284596979412297, -0.9170995492638059, -0.343653256003519, -0.3589715822956232, 0.2864239451871633, -0.3689610094437572, -0.02659376417778736, -0.21594179136405264, 0.5644659033058304, 0.8686331646952345, -0.360151288767367, -0.2028986958206196, 0.4704852945140925, 0.23769736544323952, 0.5931076332741542, -0.05523020928899869, 0.2634158650830979, 0.5198856581179181, -0.9673769245205672, -0.8262956504117662, -0.8190025442231148, -0.21589449552943235, 0.3781377855461445, -0.5506961232285172, -0.6161091186920342, 0.8625695355517466, 0.24484024792359937, -0.159716790337457]
1019.9940795898438	(8, 12, 2)	[-0.004908551466191291, 0.2391260890257469, -0.8109467516201845, 0.37590093832112914, 0.5131412815572434, 0.07909848280747345, -0.47820977375523355, 0.3590882204288505, 0.8475578360940201, 0.7137821145734535, 0.3965999866048749, 0.13478765472590504, 0.27730953933274727, -0.7850147789574088, -0.04540996437673539, -0.7636666622098145, 0.8862717814338628, 0.4500400978784589, 0.006077615130665848, 0.9791952218822088, -0.2355702597993652, -0.3942727289607455, 0.8991805754926139, -0.5402866123805526, 0.6235181693918341, -0.1524694791907173, 0.44433145733427626, -0.7949529466297811, -0.8825879980365037, 1.0, -0.5228722729721806, -0.19988834204455608, -0.13145029586267531, 0.7363619700537005, 0.20706646489711655, 0.9460161705065997, 0.6472928812517551, 0.5455402043587063, -0.1189118013319248, -0.9756070156978072, 0.43301496356897023, -0.5392162597585373, -0.33302949795961223, -0.24140168085966418, 0.8266737154737238, 0.3572337304655706, 0.2628893969769366, 0.2745975049798062, 0.1677298304318866, -0.24001720142180924, 0.33744849550720424, 0.7480961231185304, -0.47877051008710314, 0.9032121724602635, -0.6737284376794888, -0.18893516151714063, 0.435194835637438, 0.619376711551378, -0.8000538022077874, 0.29863498909802444, 0.5375425035828957, 0.5977595107764928, -0.23795274946317857, -0.43988331731164054, 0.06857197494247647, 0.8130225841143139, -0.8544603919119882, -0.6445778652151855, -0.31378153168459333, 0.9039715916992341, 0.44530372756722647, 0.08433226414005923, -0.7790908479294112, -0.886343067728409, 0.5882128352497469, -0.6987362535419892, 0.7792749896296054, 0.442607355980964, 0.6997320227257675, -0.44646209346659504, -0.6250561358287888, -0.6281682987426476, -0.5763287039954432, -0.16960928609824966, 0.4018822080354123, 0.8847894622387639, -0.9614604118814007, 0.4434411866710276, -0.9001080523334053, -0.6383778365943993, 0.8143847725915483, -0.2610576796058459, -0.38385452155589256, -0.9170995492638059, -0.9357427532356959, 0.5027756599805302, -0.726632846975046, -0.7787827187321485, -0.02659376417778736, -0.09914220566113441, -0.7656143213687587, 0.45131107520576896, -0.3868013597607653, -0.22158507818938267, 0.1455652590843346, 0.29094818193468575, 0.5931076332741542, -0.05523020928899869, -0.5618684362085031, 0.5198856581179181, -1.0, -0.6825408511549123, 0.13679011613662623, -0.232812896908821, 0.3781377855461445, 0.23917530521858765, -0.6161091186920342, 0.8625695355517466, -0.04454341142698125, -0.8184083287607954]
1019.981201171875	(8, 12, 2)	[-0.004908551466191291, 0.14607738061960773, -0.8109467516201845, 0.37590093832112914, 0.23471549248659263, 0.28441163065809105, 0.02760664394900103, 0.30938553542694236, 0.8475578360940201, -0.045605524428329866, 0.3965999866048749, 0.13478765472590504, 0.4434250863323088, -0.8112652534170732, -0.1783067616789651, -0.7636666622098145, 0.8862717814338628, 0.4500400978784589, 0.006077615130665848, 0.9791952218822088, -0.43442123243774233, -0.29718798219344095, 0.8991805754926139, -0.5402866123805526, 0.9989609756793099, -0.1524694791907173, 0.44433145733427626, -0.7949529466297811, -0.8825879980365037, 0.8049042986061659, -0.5228722729721806, -0.19988834204455608, -0.13145029586267531, 0.6276122881101268, 0.20706646489711655, -0.13740801451639584, 0.6472928812517551, 0.5455402043587063, -0.1189118013319248, -0.9756070156978072, 0.4025320880733496, -0.5392162597585373, -0.9038767033494134, -0.24140168085966418, 0.8266737154737238, 0.3572337304655706, 0.2628893969769366, 0.2745975049798062, 0.1677298304318866, 0.1796164566306171, 0.37432064888468, 0.7480961231185304, -0.47877051008710314, 0.2390360517161394, -0.6737284376794888, -0.18893516151714063, 0.3911903567990598, 0.3678525346044623, -0.8000538022077874, 0.6924560114256815, 0.5375425035828957, 0.5977595107764928, -0.23795274946317857, -0.09980191275252359, -0.7851353103685523, 1.0, -0.9431457333109193, -0.6698203409987044, -0.9466074322618616, 0.07844522316951963, -0.5530948986828703, -0.06384472016579062, -0.2138580413895399, -0.8662460845469768, -0.6968238902195139, -0.8115447095426049, -0.32452965031098624, 0.598372647711209, 0.7135222916370936, -0.44646209346659504, -0.8757111005336853, -0.7108956247288738, -0.5763287039954432, -0.16960928609824966, 0.4018822080354123, 0.9269537258305733, -0.9508059922323872, 0.36973028332200486, -0.9001080523334053, -0.6383778365943993, 0.6130927111361105, -0.2610576796058459, -0.5284596979412297, -0.9170995492638059, -0.3448549956884954, -0.3589715822956232, -0.726632846975046, -0.3689610094437572, -0.02659376417778736, -0.20055840343261233, -0.6893224918616343, 0.8686331646952345, -0.360151288767367, -0.22158507818938267, 0.1455652590843346, -0.9549296975345463, -0.31465901484969216, -0.05523020928899869, -0.5618684362085031, 0.5918205625640436, -0.9842013331027686, -0.8262956504117662, -0.8190025442231148, 0.29465726122715025, -0.6727031203518009, 0.23917530521858765, -0.6161091186920342, 0.8625695355517466, -0.04454341142698125, -0.159716790337457]
1019.9978637695312	(8, 12, 2)	[-0.004908551466191291, 0.2014041560880535, -0.7487123503931379, 0.37590093832112914, 0.5131412815572434, 0.07909848280747345, -0.47820977375523355, -0.8623741112951993, 0.8475578360940201, -0.045605524428329866, 0.8501483022396477, 0.13478765472590504, -0.3984821903960333, -0.8112652534170732, -0.04540996437673539, -0.7148188811806087, 0.8862717814338628, 0.4500400978784589, -0.5341686360069533, 0.9791952218822088, -0.2355702597993652, -0.29718798219344095, 0.9588083563190879, -0.5402866123805526, 0.9989609756793099, -0.1524694791907173, 0.44433145733427626, -0.7949529466297811, -0.09454640185098373, 0.6868025742076531, 0.4155717063394493, 0.8127775241839539, -0.13145029586267531, 0.7363619700537005, 0.20706646489711655, -0.13740801451639584, 0.24722670076352776, 0.5455402043587063, -0.1189118013319248, -0.9756070156978072, 0.4025320880733496, -0.5392162597585373, -0.33302949795961223, -0.3781087146679068, 0.8266737154737238, 0.3572337304655706, 0.7248426286400369, 0.2745975049798062, 0.1677298304318866, 0.1796164566306171, 0.37432064888468, 0.7480961231185304, -0.47877051008710314, 0.9032121724602635, 0.7473346289632365, -0.18917496656981486, 0.435194835637438, 0.3678525346044623, -0.8000538022077874, 0.6924560114256815, 0.5375425035828957, 0.5977595107764928, 0.9846421232104452, -0.09980191275252359, -0.7851353103685523, 0.8130225841143139, -0.9042408340351782, -0.6698203409987044, -0.31378153168459333, 0.9039715916992341, 0.44530372756722647, -0.06384472016579062, -0.2138580413895399, -0.8662460845469768, 0.5882128352497469, -0.6987362535419892, 0.7792749896296054, 0.2937242986887778, 0.6997320227257675, -0.44646209346659504, -0.8757111005336853, -0.7108956247288738, -0.3844274153878755, -0.16960928609824966, 0.7319124163795656, 0.9269537258305733, -1.0, 0.4434411866710276, -0.4466494156006151, -0.6383778365943993, -0.03870214290482343, -0.2610576796058459, -0.4614792836798941, -0.9170995492638059, -0.343653256003519, -0.3589715822956232, -0.726632846975046, -0.7312435993769325, -0.02659376417778736, -0.21594179136405264, 0.5644659033058304, 0.8686331646952345, -0.360151288767367, -0.2028986958206196, 0.1455652590843346, 0.23769736544323952, 0.5931076332741542, -0.049094238870490914, 0.2634158650830979, 0.5198856581179181, -0.9673769245205672, -0.6703666681812093, -0.8190025442231148, -0.21589449552943235, 0.3781377855461445, -0.6474413431574774, -0.6161091186920342, 0.8625695355517466, -0.04454341142698125, -0.159716790337457]
1019.99853515625	(8, 12, 2)	[-0.004908551466191291, 0.2014041560880535, -0.7487123503931379, 0.37590093832112914, 0.23471549248659263, 0.28441163065809105, 0.02760664394900103, 0.18739157814581797, 0.8475578360940201, -0.045605524428329866, 0.6842184145611232, 0.13478765472590504, 0.4434250863323088, -0.8112652534170732, -0.18827291605666918, -0.8095618366274268, 0.8862717814338628, 0.4500400978784589, 0.006077615130665848, 0.983081549303586, -0.2355702597993652, -0.3942727289607455, 0.8998439976306903, -0.5402866123805526, 0.9989609756793099, -0.1524694791907173, 0.44433145733427626, -0.7949529466297811, -0.16615154059096637, 0.6868025742076531, 0.4155717063394493, -0.19988834204455608, -0.13145029586267531, 0.5507873832004532, -0.007016207032494559, 0.9460161705065997, 0.6472928812517551, 0.46351267678938546, -0.1189118013319248, -0.9756070156978072, 0.43301496356897023, -0.5392162597585373, -0.7699510756985839, -0.24140168085966418, 0.8266737154737238, 0.3572337304655706, 0.7248426286400369, 0.37101391062601263, 0.8087400832304714, -0.20522522689984846, 0.37432064888468, 0.7480961231185304, -0.47877051008710314, 0.25778279641944235, -0.7089113737064064, -0.18893516151714063, 0.435194835637438, 0.3678525346044623, -0.8000538022077874, 0.29863498909802444, 0.5375425035828957, 0.5977595107764928, -0.23795274946317857, -0.09980191275252359, -0.7851353103685523, 1.0, -0.9042408340351782, -0.6698203409987044, -0.31378153168459333, 0.07844522316951963, -0.526531369353437, -0.06384472016579062, -0.2138580413895399, -0.8662460845469768, 0.5882128352497469, 0.4650260456740897, -0.1848423022831796, 0.442607355980964, 0.8601758928171277, -0.44646209346659504, -0.6250561358287888, -0.6281682987426476, -0.5763287039954432, -0.16960928609824966, 0.7319124163795656, 0.8847894622387639, -1.0, 0.4434411866710276, -0.4466494156006151, -0.6383778365943993, 0.6558773080306521, -0.2610576796058459, 0.09350335731254589, -0.9170995492638059, -0.9357427532356959, 0.5027756599805302, -0.8122626537683735, -0.3689610094437572, 0.057148939851234495, -0.09914220566113441, -0.2317373034635817, 0.8686331646952345, 0.6086841739711069, -0.3369012781976266, 0.4704852945140925, 0.26439090744961846, -0.31465901484969216, -0.049094238870490914, 0.2634158650830979, 0.5918205625640436, -0.9011273510180888, -0.6825408511549123, 0.22440474636348795, -0.232812896908821, 0.3781377855461445, -0.6474413431574774, -0.5968182289399688, 0.8625695355517466, -0.04454341142698125, -0.159716790337457]
1019.9944458007812	(8, 12, 2)	[-0.004908551466191291, 0.14607738061960773, -0.8350600880108234, 0.3761670187847744, -0.7557414022952209, 0.07909848280747345, -0.47820977375523355, 0.30938553542694236, 0.8475578360940201, -0.045605524428329866, 0.37742707403045905, 0.09809880462784068, -0.3984821903960333, -0.8112652534170732, -0.18827291605666918, -0.8095618366274268, 0.7831840286462284, 0.4500400978784589, 0.006077615130665848, 0.9791952218822088, -0.43442123243774233, -0.29718798219344095, 0.8599996504479526, -0.397599761568169, 0.6235181693918341, -0.1524694791907173, 0.44433145733427626, -0.7949529466297811, -0.09454640185098373, 0.6868025742076531, 0.4155717063394493, -0.19988834204455608, -0.13145029586267531, 0.6276122881101268, -0.05526954297480946, -0.13740801451639584, 0.24722670076352776, 0.6089924104804105, -0.1189118013319248, -0.9756070156978072, 0.4025320880733496, -0.5392162597585373, -0.8932120157241396, -0.39283538799424433, 0.8266737154737238, 0.35296436252826063, 0.6703820007161672, 0.2745975049798062, 0.8087400832304714, -0.20522522689984846, 0.37432064888468, 0.7480961231185304, -0.6166570267379499, 0.9032121724602635, -0.6737284376794888, 0.24341022662750766, 0.435194835637438, 0.3678525346044623, -0.8000538022077874, 0.6924560114256815, 0.5375425035828957, 0.5977595107764928, -0.23795274946317857, -0.09980191275252359, -0.7851353103685523, 0.8130225841143139, -0.9042408340351782, -0.6698203409987044, -0.3687299945559227, 0.07844522316951963, -0.526531369353437, -0.06384472016579062, -0.2138580413895399, -0.886343067728409, 0.5882128352497469, -0.6987362535419892, -0.44045354241074547, 0.2937242986887778, 0.7488035203013366, -0.44646209346659504, -0.8757111005336853, -0.6281682987426476, -0.5763287039954432, -0.16960928609824966, 0.7319124163795656, 0.1697488559664324, -0.9754500971280398, 0.4434411866710276, -0.9001080523334053, -0.6383778365943993, 0.6130927111361105, -0.2610576796058459, -0.4614792836798941, -0.9170995492638059, -0.343653256003519, -0.32775681238759297, 0.03550249611831613, -0.3689610094437572, -0.02659376417778736, -0.21594179136405264, -0.6893224918616343, 0.8686331646952345, -0.3868013597607653, -0.22158507818938267, 0.4704852945140925, -0.9549296975345463, 0.5931076332741542, -0.05523020928899869, -0.749132931808947, 0.5918205625640436, -0.9673769245205672, -0.6703666681812093, 0.22440474636348795, -0.232812896908821, -0.6727031203518009, 0.23917530521858765, -0.6161091186920342, 0.8625695355517466, -0.04454341142698125, -0.159716790337457]
1019.9960327148438	(8, 12, 2)	[-0.004908551466191291, 0.14607738061960773, -0.8350600880108234, 0.35919916194775237, -0.7557414022952209, 0.07909848280747345, 0.02760664394900103, 0.18739157814581797, 0.8475578360940201, 0.7137821145734535, 0.8501483022396477, 0.09809880462784068, -0.3984821903960333, -0.8112652534170732, -0.18827291605666918, -0.6182685059435681, 0.8862717814338628, 0.4500400978784589, 0.4758560451579035, 0.9791952218822088, -0.11361649939047774, -0.3942727289607455, 0.8991805754926139, -0.3672203575260893, 0.9989609756793099, -0.1524694791907173, 0.44433145733427626, -0.7949529466297811, -0.09454640185098373, 0.8049042986061659, -0.5228722729721806, -0.19988834204455608, -0.13145029586267531, 0.6276122881101268, 0.20706646489711655, -0.13740801451639584, 0.24722670076352776, 0.5455402043587063, -0.1189118013319248, -0.9756070156978072, 0.4025320880733496, -0.5392162597585373, -0.8932120157241396, -0.24140168085966418, 0.8266737154737238, 0.35296436252826063, 0.7248426286400369, 0.2745975049798062, 0.1677298304318866, 0.1796164566306171, 0.37432064888468, 0.7480961231185304, -0.47877051008710314, 0.9032121724602635, 0.7473346289632365, 0.34473607607929685, 0.435194835637438, 0.26663367971908103, -0.8000538022077874, 0.6924560114256815, 0.5375425035828957, 0.5977595107764928, -0.23795274946317857, -0.09980191275252359, 0.06857197494247647, 0.8130225841143139, -0.9431457333109193, -0.6445778652151855, -0.9466074322618616, 0.07844522316951963, -0.526531369353437, -0.1574817422956091, -0.2138580413895399, -0.8662460845469768, 0.5882128352497469, -0.6987362535419892, 0.7792749896296054, 0.442607355980964, 0.7135222916370936, -0.44646209346659504, -0.8757111005336853, -0.6281682987426476, -0.5763287039954432, -0.16960928609824966, 0.7319124163795656, 0.1697488559664324, -1.0, 0.36973028332200486, -0.38985726425315825, -0.5526390234250929, 0.6558773080306521, -0.2610576796058459, -0.5284596979412297, -0.15977419705965357, -0.9357427532356959, -0.32775681238759297, -0.8122626537683735, -0.3689610094437572, -0.02659376417778736, 0.2162416036530248, 0.5644659033058304, 0.8686331646952345, 0.6086841739711069, -0.2028986958206196, 0.3300726704036202, 0.23769736544323952, 0.5931076332741542, -0.05523020928899869, 0.2634158650830979, 0.5918205625640436, -0.9673769245205672, -0.8131298152120866, 0.22440474636348795, -0.232812896908821, -0.6727031203518009, 0.23917530521858765, -0.6161091186920342, 0.8625695355517466, -0.04454341142698125, -0.159716790337457]
1019.9969482421875	(8, 12, 2)	[-0.004908551466191291, 0.2014041560880535, -0.7487123503931379, 0.5111340284891814, 0.23471549248659263, 0.07909848280747345, -0.47820977375523355, 0.18739157814581797, 0.8475578360940201, 0.7137821145734535, 0.8501483022396477, 0.13478765472590504, -0.3984821903960333, -0.8112652534170732, -0.18827291605666918, -0.7148188811806087, 0.8862717814338628, 0.4500400978784589, -0.5341686360069533, 0.9791952218822088, -0.2355702597993652, -0.29718798219344095, 0.8991805754926139, -0.397599761568169, 0.9989609756793099, -0.1524694791907173, 0.44433145733427626, -0.7949529466297811, -0.8825879980365037, 0.6868025742076531, 0.4155717063394493, -0.19988834204455608, -0.13145029586267531, 0.7363619700537005, 0.20706646489711655, -0.13740801451639584, 0.6472928812517551, 0.5640011734696606, -0.1189118013319248, -0.9756070156978072, 0.43301496356897023, -0.5392162597585373, -0.33302949795961223, -0.24140168085966418, 0.8266737154737238, 0.3572337304655706, 0.7248426286400369, 0.2745975049798062, 0.1677298304318866, 0.25914122864876915, 0.37432064888468, 0.7480961231185304, -0.47877051008710314, 0.9032121724602635, 0.7473346289632365, -0.18893516151714063, 0.435194835637438, 0.3678525346044623, -0.8000538022077874, 0.6924560114256815, 0.5375425035828957, 0.6504595623025797, -0.23795274946317857, -0.09980191275252359, 0.06857197494247647, 0.8130225841143139, -0.9431457333109193, -0.6445778652151855, -0.31378153168459333, -0.9493519684204317, -0.5530948986828703, -0.06384472016579062, -0.2138580413895399, -0.886343067728409, -0.45724961431583244, -0.6987362535419892, -0.453398349460558, 0.598372647711209, 0.8601758928171277, -0.44646209346659504, -0.8757111005336853, -0.6281682987426476, -0.5763287039954432, -0.16960928609824966, 0.4018822080354123, 0.9269537258305733, -1.0, 0.4434411866710276, -0.38985726425315825, -0.5526390234250929, 0.7391931568205404, -0.3751579869597996, -0.5284596979412297, -0.15977419705965357, -0.9357427532356959, -0.3589715822956232, -0.8083630650141231, -0.7312435993769325, -0.02659376417778736, -0.21594179136405264, 0.5644659033058304, 0.8686331646952345, -0.360151288767367, -0.22158507818938267, 0.4704852945140925, -0.9549296975345463, -0.3616586884269112, -0.05523020928899869, -0.5618684362085031, 0.5918205625640436, -0.9011273510180888, -0.6982210292101344, -0.8190025442231148, -0.232812896908821, -0.6727031203518009, -0.6474413431574774, -0.6161091186920342, 0.8625695355517466, -0.04454341142698125, -0.159716790337457]
1019.9992065429688	(8, 12, 2)	[-0.004908551466191291, 0.2014041560880535, -0.8109467516201845, 0.3481261945410864, 0.23471549248659263, 0.07909848280747345, -0.47820977375523355, 0.30938553542694236, 0.8475578360940201, -0.045605524428329866, 0.8501483022396477, 0.13478765472590504, -0.3984821903960333, -0.8112652534170732, -0.18827291605666918, -0.8095618366274268, 0.8862717814338628, 1.0, 0.006077615130665848, 0.983081549303586, -0.2355702597993652, -0.29718798219344095, 0.8991805754926139, -0.5402866123805526, 0.9989609756793099, -0.1524694791907173, 0.44433145733427626, -0.7949529466297811, -0.16615154059096637, 0.6868025742076531, 0.4155717063394493, -0.19988834204455608, -0.13145029586267531, 0.6276122881101268, 0.14453513616306218, -0.20426227723156154, 0.27162600321824926, 0.46351267678938546, -0.1189118013319248, -0.9756070156978072, 0.43301496356897023, -0.5392162597585373, -0.7699510756985839, -0.48591561872995015, 0.8266737154737238, 0.3572337304655706, 0.7248426286400369, 0.2745975049798062, 0.07197285154935229, -0.20522522689984846, 0.37432064888468, 0.7480961231185304, -0.47877051008710314, 0.25778279641944235, 0.7473346289632365, 0.24341022662750766, 0.435194835637438, 0.3678525346044623, -0.8000538022077874, 0.29863498909802444, 0.5375425035828957, 0.5977595107764928, -0.23795274946317857, -0.09980191275252359, 0.06857197494247647, 0.8130225841143139, -0.9042408340351782, -0.6698203409987044, -0.33563767591680516, 0.9039715916992341, -0.526531369353437, -0.06384472016579062, -0.2138580413895399, -0.6692785505734382, 0.5882128352497469, -0.6987362535419892, -0.44758939919595053, 0.2937242986887778, 0.8601758928171277, -0.44646209346659504, -0.8757111005336853, -0.7108956247288738, -0.5763287039954432, -0.16960928609824966, 0.7319124163795656, 0.08121446425064692, -0.9754500971280398, 0.4434411866710276, -0.4466494156006151, -0.6214769950613103, 0.8143847725915483, -0.2610576796058459, 0.09350335731254589, -0.15977419705965357, -0.343653256003519, 0.5027756599805302, -0.7579862238080612, -0.3689610094437572, -0.02659376417778736, -0.21594179136405264, -0.6893224918616343, 0.826269535505566, 0.6086841739711069, -0.2028986958206196, 0.4704852945140925, -0.9549296975345463, 0.5931076332741542, -0.049094238870490914, 0.2634158650830979, 0.5198856581179181, -0.9011273510180888, -0.6703666681812093, -0.8190025442231148, -0.232812896908821, 0.3781377855461445, -0.8762880031036, -0.6161091186920342, 0.8625695355517466, -0.04454341142698125, -0.159716790337457]
1019.9996337890625	(8, 12, 2)	[0.2613418419508764, 0.2014041560880535, -0.7487123503931379, 0.37590093832112914, 0.23471549248659263, 0.07909848280747345, -0.47820977375523355, 0.18739157814581797, 0.9659810224399756, -0.045605524428329866, 0.6842184145611232, 0.13478765472590504, -0.3984821903960333, -0.8112652534170732, -0.04540996437673539, -0.7636666622098145, 0.8862717814338628, 1.0, 0.006077615130665848, 0.983081549303586, -0.2355702597993652, -0.29718798219344095, 0.8991805754926139, -0.397599761568169, 0.9989609756793099, -0.08850603123152823, 0.44433145733427626, -0.7949529466297811, -0.8825879980365037, 1.0, 0.4155717063394493, -0.19988834204455608, -0.13145029586267531, 0.7363619700537005, 0.20706646489711655, -0.5886258078043578, 0.24722670076352776, 0.542447026708896, -0.1189118013319248, -0.9756070156978072, 0.43301496356897023, -0.5392162597585373, -0.7699510756985839, -0.24140168085966418, 0.8269195340571914, 0.3572337304655706, 0.7248426286400369, 0.2745975049798062, 0.07197285154935229, 0.1796164566306171, 0.37432064888468, 0.7480961231185304, -0.47877051008710314, 0.25778279641944235, 0.7473346289632365, -0.18893516151714063, 0.435194835637438, 0.3678525346044623, -0.8000538022077874, 0.29863498909802444, 0.5375425035828957, 0.5977595107764928, -0.23795274946317857, -0.09980191275252359, 0.06857197494247647, 1.0, -0.9042408340351782, -0.6698203409987044, -0.31378153168459333, -0.9493519684204317, -0.526531369353437, -0.06384472016579062, -0.2138580413895399, -0.8662460845469768, 0.5882128352497469, -0.6987362535419892, -0.44758939919595053, 0.5861104436656726, 0.8601758928171277, -0.44646209346659504, -0.8757111005336853, -0.7108956247288738, -0.5763287039954432, -0.16960928609824966, 0.7319124163795656, 0.1697488559664324, 0.15830177491364794, 0.4434411866710276, -0.4466494156006151, -0.5526390234250929, 0.6130927111361105, -0.2610576796058459, -0.4614792836798941, -0.15977419705965357, -0.2761171659393754, 0.5027756599805302, 0.03550249611831613, -0.3689610094437572, -0.02659376417778736, -0.21594179136405264, 0.5644659033058304, 0.8992017462916784, 0.6086841739711069, -0.2028986958206196, 0.3300726704036202, -0.9549296975345463, -0.31465901484969216, -0.049094238870490914, -0.5618684362085031, 0.5198856581179181, -0.9673769245205672, -0.6825408511549123, -0.8190025442231148, -0.232812896908821, -0.6727031203518009, -0.8762880031036, -0.6161091186920342, 0.8625695355517466, -0.04454341142698125, -0.13989213743991424]
1019.9996948242188	(8, 12, 2)	[0.1619714859015966, 0.24343023661033483, -0.7487123503931379, 0.5111340284891814, 0.23471549248659263, 0.07909848280747345, -0.47820977375523355, 0.25203862773040814, 0.8475578360940201, 0.7137821145734535, 0.8501483022396477, 0.13478765472590504, -0.3984821903960333, -0.8112652534170732, -0.18827291605666918, -0.7636666622098145, 0.7831840286462284, 1.0, 0.006077615130665848, 0.9791952218822088, -0.2355702597993652, -0.5360540082339649, 0.8991805754926139, -0.5402866123805526, 0.9989609756793099, -0.1524694791907173, 0.44433145733427626, -0.7949529466297811, -0.8825879980365037, 0.6868025742076531, 0.4155717063394493, -0.19988834204455608, -0.13145029586267531, 0.7363619700537005, 0.20706646489711655, -0.5886258078043578, 0.6472928812517551, 0.5640011734696606, -0.1189118013319248, -0.9756070156978072, 0.43301496356897023, -0.5392162597585373, -0.9038767033494134, -0.39283538799424433, 0.786851476368443, 0.3572337304655706, 0.7248426286400369, 0.2745975049798062, 0.1677298304318866, -0.4837354242126557, 0.37432064888468, 0.7480961231185304, -0.47877051008710314, 0.9032121724602635, 0.7473346289632365, 0.3239917230242917, 0.435194835637438, 0.4210865133094721, -0.8000538022077874, 0.29863498909802444, 0.5375425035828957, 0.6504595623025797, -0.23795274946317857, -0.09980191275252359, 0.06857197494247647, 0.8130225841143139, -0.9431457333109193, -0.6445778652151855, -0.33563767591680516, 0.9039715916992341, -0.526531369353437, -0.06384472016579062, -0.2138580413895399, -0.886343067728409, 0.5436701011769015, -0.6987362535419892, -0.453398349460558, 0.598372647711209, 0.7135222916370936, -0.44646209346659504, -0.8757111005336853, -0.7108956247288738, -0.5763287039954432, -0.16960928609824966, 0.4018822080354123, 0.9269537258305733, -1.0, 0.3182706565887457, -0.4466494156006151, -0.5526390234250929, 0.8143847725915483, -0.2662358489322705, -0.4614792836798941, -0.15977419705965357, -0.343653256003519, -0.3589715822956232, 0.03550249611831613, -0.7312435993769325, -0.02659376417778736, -0.21594179136405264, 0.5644659033058304, 0.8686331646952345, 0.6086841739711069, -0.22158507818938267, 0.4704852945140925, -0.9549296975345463, 0.5433167686709022, -0.05523020928899869, -0.5618684362085031, 0.5198856581179181, -0.9011273510180888, -0.6982210292101344, 0.13679011613662623, -0.232812896908821, -0.6727031203518009, -0.6474413431574774, -0.6161091186920342, 0.8625695355517466, -0.04454341142698125, -0.159716790337457]
1019.9994506835938	(8, 12, 2)	[-0.004908551466191291, 0.2014041560880535, -0.8350600880108234, 0.35919916194775237, 0.23471549248659263, 0.07909848280747345, 0.02760664394900103, -0.8623741112951993, 0.8475578360940201, 0.7137821145734535, 0.37742707403045905, 0.09809880462784068, -0.3984821903960333, -0.8112652534170732, -0.18827291605666918, -0.8095618366274268, 0.7831840286462284, 0.4500400978784589, 0.006077615130665848, 0.9791952218822088, -0.2355702597993652, -0.29718798219344095, 0.8991805754926139, -0.5402866123805526, 0.6404316901530995, -0.08850603123152823, 0.5023855995657958, -0.7949529466297811, -0.09454640185098373, 0.6868025742076531, 0.4155717063394493, -0.09887968349519927, -0.13145029586267531, 0.7363619700537005, 0.20706646489711655, -0.13740801451639584, 0.6472928812517551, 0.5455402043587063, -0.1189118013319248, -0.9756070156978072, 0.4025320880733496, -0.3635825602934902, -0.8932120157241396, -0.39283538799424433, 0.8266737154737238, 0.3572337304655706, 0.2628893969769366, 0.2745975049798062, 0.1677298304318866, 0.25914122864876915, 0.37432064888468, 0.7480961231185304, -0.47877051008710314, 0.9032121724602635, 0.7473346289632365, -0.18893516151714063, 0.435194835637438, 0.3678525346044623, -0.8000538022077874, 0.6924560114256815, 0.5375425035828957, 0.5977595107764928, -0.23795274946317857, -0.09980191275252359, 0.06857197494247647, 1.0, -0.9303104684161023, -0.6698203409987044, -0.9466074322618616, 0.07844522316951963, -0.5530948986828703, -0.06384472016579062, -0.2138580413895399, -0.886343067728409, -0.45724961431583244, -0.6987362535419892, -0.1848423022831796, 0.2937242986887778, 0.7135222916370936, -0.44646209346659504, -0.8420537416226955, -0.7108956247288738, -0.5763287039954432, -0.16960928609824966, 0.7319124163795656, 0.9739176288271858, -1.0, 0.36973028332200486, -0.4466494156006151, -0.5526390234250929, 0.6558773080306521, -0.2610576796058459, -0.5284596979412297, -0.9170995492638059, -0.3448549956884954, -0.4431031751063418, 0.03550249611831613, -0.7312435993769325, -0.02659376417778736, -0.21594179136405264, -0.2317373034635817, 0.8686331646952345, 0.6086841739711069, -0.2028986958206196, 0.4704852945140925, -0.9967722698789775, 0.5433167686709022, -0.049094238870490914, 0.2634158650830979, 0.5918205625640436, -0.9673769245205672, -0.6982210292101344, -0.8051658058101382, -0.232812896908821, -0.6727031203518009, -0.6474413431574774, -0.6161091186920342, 0.8625695355517466, -0.04454341142698125, -0.159716790337457]
1019.9990844726562	(8, 12, 2)	[-0.004908551466191291, 0.14607738061960773, -0.7487123503931379, 0.5111340284891814, 0.23471549248659263, 0.07909848280747345, -0.47820977375523355, 0.25203862773040814, 0.8475578360940201, -0.045605524428329866, 0.8501483022396477, 0.13478765472590504, -0.3984821903960333, -0.8112652534170732, -0.18827291605666918, -0.7636666622098145, 0.7831840286462284, 1.0, 0.4758560451579035, 0.9791952218822088, -0.2355702597993652, -0.5360540082339649, 0.8991805754926139, -0.5402866123805526, 0.9989609756793099, -0.7203923448379195, 0.44433145733427626, -0.7949529466297811, -0.8825879980365037, 0.6868025742076531, 0.4155717063394493, 0.8127775241839539, -0.13145029586267531, 0.6276122881101268, 0.20706646489711655, -0.5886258078043578, 0.6472928812517551, 0.5455402043587063, -0.1189118013319248, -0.9756070156978072, 0.43301496356897023, -0.5392162597585373, -0.9038767033494134, -0.3781087146679068, 0.786851476368443, 0.3572337304655706, 0.7248426286400369, 0.4835969337488504, 0.1677298304318866, -0.4837354242126557, 0.37432064888468, 0.7480961231185304, -0.47877051008710314, 0.25778279641944235, 0.7473346289632365, -0.18893516151714063, 0.44062896318095945, 0.3678525346044623, -0.8000538022077874, 0.29863498909802444, 0.5375425035828957, 0.6504595623025797, -0.23795274946317857, -0.09980191275252359, 0.06857197494247647, 0.8130225841143139, -0.9431457333109193, -0.6445778652151855, -0.33563767591680516, 0.9039715916992341, -0.526531369353437, -0.06384472016579062, -0.3131992838132297, -0.886343067728409, 0.5436701011769015, -0.6987362535419892, -0.453398349460558, 0.598372647711209, 0.7135222916370936, -0.44646209346659504, -0.8757111005336853, -0.6281682987426476, -0.5763287039954432, -0.16960928609824966, 0.7319124163795656, 0.9269537258305733, -1.0, 0.4434411866710276, -0.4466494156006151, -0.6383778365943993, 0.8143847725915483, -0.2610576796058459, -0.4614792836798941, -0.15977419705965357, -0.343653256003519, 0.5027756599805302, -0.726632846975046, -0.3689610094437572, -0.02659376417778736, -0.21594179136405264, 0.5644659033058304, 0.8686331646952345, 0.6086841739711069, -0.22158507818938267, 0.4704852945140925, -0.9549296975345463, 0.5433167686709022, -0.05523020928899869, 0.2634158650830979, 0.5198856581179181, -0.9011273510180888, -0.6982210292101344, 0.13679011613662623, -0.232812896908821, -0.6727031203518009, -0.8762880031036, -0.6161091186920342, 0.8625695355517466, -0.04454341142698125, -0.159716790337457]
1019.999267578125	(8, 12, 2)	[-0.004908551466191291, -0.010356171712794432, -0.7487123503931379, 0.3481261945410864, 0.19388196965791551, 0.28441163065809105, -0.47820977375523355, 0.18739157814581797, 0.8475578360940201, -0.045605524428329866, 0.8084659869262327, 0.13478765472590504, -0.3984821903960333, -0.8112652534170732, -0.18827291605666918, -0.6182685059435681, 0.8862717814338628, 1.0, 0.4758560451579035, 0.983081549303586, -0.23285737040514243, -0.5360540082339649, 0.8991805754926139, -0.397599761568169, 0.9989609756793099, -0.08850603123152823, 0.44433145733427626, -0.7949529466297811, -0.8825879980365037, 0.6868025742076531, 0.4155717063394493, -0.19988834204455608, -0.13145029586267531, 0.7363619700537005, 0.20706646489711655, -0.13740801451639584, 0.27162600321824926, 0.5455402043587063, -0.1189118013319248, -0.9756070156978072, 0.4025320880733496, -0.5392162597585373, -0.33302949795961223, -0.39283538799424433, 0.8266737154737238, 0.3572337304655706, 0.6703820007161672, 0.2745975049798062, 0.1677298304318866, 0.1796164566306171, 0.37432064888468, 0.7480961231185304, -0.47877051008710314, 0.25778279641944235, 0.7473346289632365, -0.18893516151714063, 0.435194835637438, 0.3678525346044623, -0.8000538022077874, 0.29863498909802444, 0.5375425035828957, 0.5977595107764928, -0.23795274946317857, -0.09980191275252359, 0.06857197494247647, 0.8130225841143139, -0.9431457333109193, -0.6445778652151855, -0.33563767591680516, 0.9039715916992341, -0.526531369353437, 0.08433226414005923, -0.2138580413895399, -0.886343067728409, -0.45724961431583244, -0.6987362535419892, -0.44758939919595053, 0.598372647711209, 0.7135222916370936, -0.44646209346659504, -0.8420537416226955, -0.6281682987426476, -0.5763287039954432, -0.16960928609824966, 0.7319124163795656, 0.9739176288271858, -0.9754500971280398, 0.4434411866710276, -0.4466494156006151, -0.6383778365943993, 0.6558773080306521, -0.2610576796058459, -0.4614792836798941, -0.9170995492638059, -0.343653256003519, 0.5027756599805302, 0.03550249611831613, -0.3689610094437572, -0.02659376417778736, -0.21594179136405264, -0.6893224918616343, 0.8686331646952345, 0.707074911068239, -0.2028986958206196, 0.4704852945140925, 0.26439090744961846, 0.3446169054695357, -0.049094238870490914, 0.2634158650830979, 0.4711576423256362, -0.9673769245205672, -0.8262956504117662, 0.13679011613662623, -0.232812896908821, 0.3781377855461445, -0.8762880031036, -0.6161091186920342, 0.8625695355517466, -0.16578086871102982, -0.159716790337457]
1019.99853515625	(8, 12, 2)	[0.1619714859015966, 0.24343023661033483, -0.8350600880108234, 0.5111340284891814, 0.23471549248659263, 0.07909848280747345, -0.47820977375523355, 0.18739157814581797, 0.8475578360940201, 0.7137821145734535, 0.8501483022396477, 0.13478765472590504, -0.3984821903960333, -0.8112652534170732, -0.18827291605666918, -0.7636666622098145, 0.7831840286462284, 0.9979263126759901, 0.006077615130665848, 0.983081549303586, -0.23285737040514243, -0.5360540082339649, 0.8998439976306903, -0.5402866123805526, 0.9989609756793099, -0.2586089622209742, 0.44433145733427626, -0.7949529466297811, -0.8825879980365037, 0.6868025742076531, 0.4155717063394493, -0.19988834204455608, -0.13145029586267531, 0.7363619700537005, 0.20706646489711655, -0.13740801451639584, 0.24722670076352776, 0.5455402043587063, -0.1189118013319248, -0.9756070156978072, 0.4025320880733496, -0.5392162597585373, -0.7699510756985839, -0.39283538799424433, 0.8266737154737238, 0.3572337304655706, 0.2628893969769366, 0.2745975049798062, 0.1677298304318866, 0.1796164566306171, 0.37432064888468, 0.7480961231185304, -0.5663938507157074, 0.9032121724602635, 0.7473346289632365, 0.34473607607929685, 0.435194835637438, 0.3678525346044623, -0.8000538022077874, 0.29863498909802444, 0.5375425035828957, 0.5977595107764928, 0.9846421232104452, -0.09980191275252359, 0.06857197494247647, 0.8130225841143139, -0.9431457333109193, -0.6445778652151855, -0.31378153168459333, 0.07844522316951963, -0.526531369353437, 0.08433226414005923, -0.3131992838132297, -0.8662460845469768, -0.45724961431583244, -0.6987362535419892, -0.1848423022831796, 0.442607355980964, 0.8601758928171277, -0.44646209346659504, -0.8757111005336853, -0.5960100756753175, -0.5763287039954432, -0.16960928609824966, 0.7319124163795656, 0.9269537258305733, -1.0, 0.4434411866710276, -0.4466494156006151, -0.5526390234250929, 0.8143847725915483, -0.2662358489322705, -0.5284596979412297, -0.15977419705965357, -0.343653256003519, 0.5027756599805302, -0.8149136271724942, -0.3689610094437572, -0.02659376417778736, -0.21594179136405264, -0.6893224918616343, 0.8686331646952345, -0.3868013597607653, -0.2028986958206196, 0.1455652590843346, -0.9549296975345463, 0.5931076332741542, -0.05523020928899869, 0.2634158650830979, 0.5918205625640436, -0.9673769245205672, -0.6825408511549123, 0.22440474636348795, -0.232812896908821, -0.6727031203518009, -0.5506961232285172, -0.6161091186920342, 0.8625695355517466, -0.04454341142698125, -0.159716790337457]
1019.99951171875	(8, 12, 2)	[0.1619714859015966, -0.010356171712794432, -0.8423131404177462, 0.37590093832112914, 0.23471549248659263, 0.07909848280747345, -0.47820977375523355, 0.18739157814581797, 0.8475578360940201, 0.08550534094090491, 0.8501483022396477, 0.09809880462784068, -0.3984821903960333, -0.8112652534170732, -0.18827291605666918, -0.8095784294002084, 0.7831840286462284, 0.9979263126759901, 0.006077615130665848, 0.983081549303586, -0.23285737040514243, -0.5360540082339649, 0.8991805754926139, -0.5402866123805526, 0.9843336233987697, -0.3057459674209756, 0.44433145733427626, -0.7949529466297811, -0.8825879980365037, 0.6868025742076531, 0.4155717063394493, -0.19988834204455608, -0.13145029586267531, 0.7363619700537005, 0.20706646489711655, -0.13740801451639584, 0.6472928812517551, 0.5455402043587063, -0.1189118013319248, -0.9756070156978072, 0.43301496356897023, -0.5392162597585373, -0.7699510756985839, -0.3781087146679068, 0.8266737154737238, 0.3572337304655706, 0.2628893969769366, 0.2745975049798062, 0.1677298304318866, 0.1796164566306171, 0.37432064888468, 0.7480961231185304, -0.6166570267379499, 0.9032121724602635, -0.6737284376794888, -0.18893516151714063, 0.435194835637438, 0.23614269521383682, -0.8000538022077874, 0.29863498909802444, 0.5375425035828957, 0.5977595107764928, 0.9846421232104452, -0.09980191275252359, 0.06857197494247647, 1.0, -0.9431457333109193, -0.6445778652151855, -0.33563767591680516, 0.07844522316951963, -0.526531369353437, 0.08433226414005923, -0.2138580413895399, -0.8662460845469768, -0.45724961431583244, -0.6987362535419892, -0.1848423022831796, 0.2937242986887778, 0.8601758928171277, -0.44646209346659504, -0.8757111005336853, -0.6281682987426476, -0.3844274153878755, -0.16960928609824966, 0.4018822080354123, 0.1697488559664324, -1.0, 0.4434411866710276, -0.4466494156006151, -0.5526390234250929, 0.8143847725915483, -0.2610576796058459, -0.5284596979412297, -0.15977419705965357, -0.343653256003519, 0.5027756599805302, -0.8149136271724942, -0.3689610094437572, -0.02659376417778736, -0.21594179136405264, -0.6893224918616343, 0.8992017462916784, -0.3868013597607653, -0.2028986958206196, 0.1455652590843346, -0.9549296975345463, 0.5931076332741542, -0.05523020928899869, 0.2634158650830979, 0.5198856581179181, -0.7156401994421515, -0.713898476595572, 0.13679011613662623, -0.232812896908821, -0.6727031203518009, -0.5506961232285172, -0.6161091186920342, 0.8625695355517466, -0.04454341142698125, -0.159716790337457]
1019.9998779296875	(8, 12, 2)	[-0.004908551466191291, 0.24343023661033483, -0.8350600880108234, 0.3481261945410864, 0.23471549248659263, 0.07909848280747345, -0.47820977375523355, 0.18739157814581797, 0.8475578360940201, -0.045605524428329866, 0.8501483022396477, 0.13478765472590504, -0.3984821903960333, -0.8112652534170732, -0.18827291605666918, -0.8095784294002084, 0.8862717814338628, 1.0, 0.4758560451579035, 0.983081549303586, -0.2355702597993652, -0.5360540082339649, 0.8991805754926139, -0.397599761568169, 0.9989609756793099, -0.1524694791907173, 0.44433145733427626, -0.7949529466297811, -0.8825879980365037, 0.6868025742076531, 0.4155717063394493, -0.19988834204455608, -0.13145029586267531, 0.7363619700537005, 0.14453513616306218, -0.13740801451639584, 0.27162600321824926, 0.5455402043587063, -0.1189118013319248, -0.9756070156978072, 0.4025320880733496, -0.5392162597585373, -0.33302949795961223, -0.39283538799424433, 0.8266737154737238, 0.3572337304655706, 0.7248426286400369, 0.2745975049798062, 0.1677298304318866, 0.1796164566306171, 0.37432064888468, 0.7480961231185304, -0.47877051008710314, 0.25778279641944235, 0.7473346289632365, -0.18893516151714063, 0.435194835637438, 0.3678525346044623, -0.8000538022077874, 0.29863498909802444, 0.5375425035828957, 0.5977595107764928, -0.23795274946317857, -0.09980191275252359, 0.06857197494247647, 1.0, -0.9162589558830095, -0.6445778652151855, -0.33563767591680516, -0.9493519684204317, -0.5530948986828703, -0.06384472016579062, -0.2138580413895399, -0.8662460845469768, -0.45724961431583244, -0.6987362535419892, -0.44758939919595053, 0.598372647711209, 0.7135222916370936, -0.44646209346659504, -0.8757111005336853, -0.7498218287588435, -0.5763287039954432, -0.16960928609824966, 0.7319124163795656, 0.1697488559664324, -0.9754500971280398, 0.4434411866710276, -0.38985726425315825, -0.5526390234250929, 0.6558773080306521, -0.2610576796058459, -0.5284596979412297, -0.9170995492638059, -0.9357427532356959, 0.5027756599805302, 0.03550249611831613, -0.3689610094437572, -0.02659376417778736, -0.21594179136405264, -0.6893224918616343, 0.8992017462916784, -0.3868013597607653, -0.2028986958206196, 0.1455652590843346, 0.26439090744961846, 0.5931076332741542, -0.049094238870490914, 0.2634158650830979, 0.5918205625640436, -0.9842013331027686, -0.8262956504117662, 0.13679011613662623, -0.232812896908821, -0.6727031203518009, -0.5506961232285172, -0.6161091186920342, 0.8625695355517466, -0.16578086871102982, -0.159716790337457]
1019.9998168945312	(8, 12, 2)	[-0.004908551466191291, 0.2014041560880535, -0.8423131404177462, 0.4889742579258443, 0.16549650240927088, 0.07909848280747345, -0.47820977375523355, 0.18739157814581797, 0.8475578360940201, -0.045605524428329866, 0.6842184145611232, 0.13478765472590504, -0.3984821903960333, -0.8514312734880713, -0.18827291605666918, -0.8095784294002084, 0.8862717814338628, 1.0, 0.4758560451579035, 0.983081549303586, -0.2355702597993652, -0.5360540082339649, 0.8991805754926139, -0.397599761568169, 0.9989609756793099, -0.1524694791907173, 0.44433145733427626, -0.7949529466297811, -0.8825879980365037, 0.6868025742076531, 0.4155717063394493, -0.19988834204455608, -0.13145029586267531, 0.6319718224129318, 0.20706646489711655, -0.5886258078043578, 0.27162600321824926, 0.5455402043587063, -0.1189118013319248, -0.9756070156978072, 0.4025320880733496, -0.5392162597585373, -0.7699510756985839, -0.39283538799424433, 0.8266737154737238, 0.3572337304655706, 0.7248426286400369, 0.2745975049798062, 0.1677298304318866, 0.1796164566306171, 0.2851397587527017, 0.7480961231185304, -0.47877051008710314, 0.25778279641944235, 0.7473346289632365, -0.18893516151714063, 0.435194835637438, 0.3678525346044623, -0.8000538022077874, 0.29863498909802444, 0.5375425035828957, 0.5977595107764928, -0.23795274946317857, -0.09980191275252359, 0.06857197494247647, 1.0, -0.9303104684161023, -0.6445778652151855, -0.33563767591680516, 0.9039715916992341, -0.526531369353437, 0.08433226414005923, -0.21532092248505083, -0.8662460845469768, -0.45724961431583244, -0.6987362535419892, -0.44758939919595053, 0.598372647711209, 0.6460705533155049, -0.44646209346659504, -0.8757111005336853, -0.6281682987426476, -0.5763287039954432, -0.16960928609824966, 0.7319124163795656, 0.1697488559664324, -0.9754500971280398, 0.4434411866710276, -0.4466494156006151, -0.6383778365943993, 0.6558773080306521, -0.2610576796058459, -0.4614792836798941, -0.15977419705965357, -0.343653256003519, -0.3589715822956232, 0.03550249611831613, -0.3689610094437572, -0.02659376417778736, -0.21594179136405264, -0.2582814778761954, 0.8992017462916784, 0.6086841739711069, -0.22158507818938267, 0.3300726704036202, -0.9549296975345463, 0.5931076332741542, -0.049094238870490914, -0.5618684362085031, 0.4711576423256362, -0.9011273510180888, -0.6982210292101344, -0.8190025442231148, -0.232812896908821, -0.6727031203518009, 0.23917530521858765, -0.6161091186920342, 0.8625695355517466, -0.04454341142698125, -0.159716790337457]
1019.9996337890625	(8, 12, 2)	[-0.004908551466191291, 0.14607738061960773, -0.5450432750838086, 0.35919916194775237, 0.23471549248659263, 0.07909848280747345, -0.47820977375523355, 0.30938553542694236, 0.8475578360940201, 0.08550534094090491, 0.9119528247885017, 0.13478765472590504, -0.3984821903960333, -0.8112652534170732, -0.18827291605666918, -0.7636666622098145, 0.8862717814338628, 1.0, 0.006077615130665848, 0.983081549303586, -0.2355702597993652, -0.29718798219344095, 0.8991805754926139, -0.397599761568169, 0.9989609756793099, -0.08850603123152823, 0.44433145733427626, -0.7949529466297811, -0.8825879980365037, 0.6868025742076531, 0.4155717063394493, -0.17655527526189477, -0.13145029586267531, 0.7363619700537005, 0.20706646489711655, -0.13740801451639584, 0.6472928812517551, 0.5455402043587063, -0.1189118013319248, -0.9756070156978072, 0.43301496356897023, -0.5392162597585373, -0.8932120157241396, -0.48591561872995015, 0.8266737154737238, 0.3572337304655706, 0.7248426286400369, 0.1784697546775571, 0.39717918137732905, 0.1796164566306171, 0.37432064888468, 0.7480961231185304, -0.47877051008710314, 0.9032121724602635, 0.7473346289632365, -0.18893516151714063, 0.435194835637438, 0.3678525346044623, -0.8000538022077874, 0.29863498909802444, 0.4044317386345915, 0.5977595107764928, -0.23795274946317857, -0.09980191275252359, 0.06857197494247647, 1.0, -0.9042408340351782, -0.6445778652151855, -0.31378153168459333, -0.9493519684204317, 0.44530372756722647, 0.23519308487601237, -0.2138580413895399, -0.6692785505734382, -0.45724961431583244, -0.7674579390275348, 0.7792749896296054, 0.2937242986887778, 0.8601758928171277, -0.44646209346659504, -0.8757111005336853, -0.7108956247288738, -0.5763287039954432, -0.16960928609824966, 0.4018822080354123, 0.1697488559664324, -0.9614604118814007, 0.4434411866710276, -0.7112721159974543, -0.6214769950613103, 0.6130927111361105, -0.2610576796058459, -0.5284596979412297, -0.9170995492638059, -0.343653256003519, -0.3589715822956232, 0.03550249611831613, -0.3689610094437572, -0.07419096653300325, -0.21594179136405264, 0.5644659033058304, 0.8686331646952345, 0.6086841739711069, -0.22158507818938267, 0.1455652590843346, 0.26439090744961846, 0.5931076332741542, -0.05523020928899869, 0.2634158650830979, 0.5198856581179181, -0.9673769245205672, -0.6825408511549123, 0.13679011613662623, -0.232812896908821, 0.3781377855461445, -0.8762880031036, -0.6161091186920342, 0.8625695355517466, -0.04454341142698125, -0.159716790337457]
1019.9995727539062	(8, 12, 2)	[-0.004908551466191291, 0.24343023661033483, -0.9077347325901943, 0.35919916194775237, 0.23471549248659263, 0.07909848280747345, -0.47820977375523355, 0.18739157814581797, 0.8898391169918364, 0.08550534094090491, 0.37742707403045905, 0.13478765472590504, -0.3984821903960333, -0.8112652534170732, -0.18827291605666918, -0.8095784294002084, 0.7831840286462284, 1.0, 0.4758560451579035, 0.983081549303586, -0.2355702597993652, -0.5360540082339649, 0.8991805754926139, -0.397599761568169, 0.9989609756793099, -0.1524694791907173, 0.44433145733427626, -0.7949529466297811, -0.8825879980365037, 0.6868025742076531, 0.4155717063394493, -0.19988834204455608, -0.13145029586267531, 0.7363619700537005, 0.20706646489711655, -0.5886258078043578, 0.24722670076352776, 0.5455402043587063, -0.1189118013319248, -0.9756070156978072, 0.4025320880733496, -0.5392162597585373, -0.5317458857979511, -0.48591561872995015, 0.8266737154737238, 0.3572337304655706, 0.7248426286400369, 0.2745975049798062, 0.1677298304318866, 0.1796164566306171, 0.37432064888468, 0.7480961231185304, -0.47877051008710314, 0.25778279641944235, 0.7473346289632365, -0.18893516151714063, 0.435194835637438, 0.3678525346044623, -0.8000538022077874, 0.29863498909802444, 0.4109535611778144, 0.5977595107764928, -0.23795274946317857, -0.09980191275252359, 0.012611904813843139, 1.0, -0.9431457333109193, -0.6698203409987044, -0.33563767591680516, -0.9493519684204317, -0.5530948986828703, 0.08433226414005923, -0.2138580413895399, -0.886343067728409, -0.45724961431583244, -0.6987362535419892, -0.44758939919595053, 0.2937242986887778, 0.8601758928171277, -0.44646209346659504, -0.8757111005336853, -0.7108956247288738, -0.5763287039954432, -0.16960928609824966, 0.4018822080354123, 0.9739176288271858, -1.0, 0.4434411866710276, -0.4466494156006151, -0.5526390234250929, 0.8143847725915483, -0.2610576796058459, -0.5284596979412297, -0.9170995492638059, -0.343653256003519, 0.5027756599805302, 0.03550249611831613, -0.3689610094437572, -0.02659376417778736, -0.21594179136405264, -0.6893224918616343, 0.8992017462916784, 0.6086841739711069, -0.2028986958206196, 0.1455652590843346, -0.9549296975345463, 0.5931076332741542, -0.05523020928899869, 0.2634158650830979, 0.4711576423256362, -0.9842013331027686, -0.6982210292101344, -0.8698314430006151, -0.232812896908821, -0.6727031203518009, -0.8762880031036, -0.6161091186920342, 0.8625695355517466, -0.16578086871102982, -0.159716790337457]
1019.9996948242188	(8, 12, 2)	[-0.004908551466191291, 0.2014041560880535, -0.7487123503931379, 0.3481261945410864, 0.34320750124036853, 0.07909848280747345, -0.47820977375523355, 0.18739157814581797, 0.8475578360940201, -0.14666575379470337, 0.37742707403045905, 0.13478765472590504, -0.3984821903960333, -0.8112652534170732, -0.04540996437673539, -0.7636666622098145, 0.8862717814338628, 1.0, 0.4758560451579035, 0.983081549303586, -0.2355702597993652, -0.5360540082339649, 0.8991805754926139, -0.5402866123805526, 0.9989609756793099, -0.3057459674209756, 0.44433145733427626, -0.7949529466297811, -0.8959175039333785, 0.6868025742076531, 0.4155717063394493, -0.19988834204455608, -0.13145029586267531, 0.7363619700537005, -0.05526954297480946, -0.5886258078043578, 0.6472928812517551, 0.5455402043587063, -0.1189118013319248, -0.9756070156978072, 0.43301496356897023, -0.5392162597585373, -0.7546305978109418, -0.39283538799424433, 0.8266737154737238, 0.3572337304655706, 0.7248426286400369, 0.2745975049798062, 0.1677298304318866, 0.1796164566306171, 0.37432064888468, 0.7480961231185304, -0.47877051008710314, 0.9032121724602635, 0.7473346289632365, -0.04447021819840091, 0.2852722700657606, 0.3678525346044623, -0.8000538022077874, 0.29863498909802444, 0.5375425035828957, 0.5977595107764928, -0.23795274946317857, -0.09980191275252359, 0.06857197494247647, 1.0, -0.9431457333109193, -0.6445778652151855, -0.33563767591680516, 0.07844522316951963, -0.526531369353437, 0.08433226414005923, -0.2138580413895399, -0.8662460845469768, -0.45724961431583244, -0.6987362535419892, -0.44758939919595053, 0.5861104436656726, 0.7135222916370936, -0.2834511048823882, -0.8757111005336853, -0.7498218287588435, -0.5763287039954432, -0.16960928609824966, 0.7319124163795656, 0.9269537258305733, -0.9754500971280398, 0.4434411866710276, -0.4466494156006151, -0.6214769950613103, 0.7919863906755397, -0.2662358489322705, -0.5284596979412297, -0.9170995492638059, -0.343653256003519, 0.5027756599805302, -0.7579862238080612, -0.3689610094437572, -0.02659376417778736, -0.21594179136405264, -0.6893224918616343, 0.8686331646952345, 0.7120764732841133, -0.2028986958206196, 0.4704852945140925, 0.26439090744961846, -0.3616586884269112, -0.05523020928899869, -0.5618684362085031, 0.5918205625640436, -0.9842013331027686, -0.6825408511549123, 0.1667397837635743, 0.29465726122715025, -0.6727031203518009, -0.8762880031036, -0.6161091186920342, 0.8625695355517466, -0.16578086871102982, -0.159716790337457]
1019.9999389648438	(8, 12, 2)	[-0.4407792816831049, 0.14607738061960773, -0.8423131404177462, 0.4889742579258443, 0.23471549248659263, 0.07909848280747345, -0.47820977375523355, 0.30938553542694236, 0.8475578360940201, -0.045605524428329866, 0.6842184145611232, 0.09809880462784068, -0.3984821903960333, -0.8112652534170732, -0.18827291605666918, -0.7636666622098145, 0.8862717814338628, 1.0, 0.4758560451579035, 0.983081549303586, -0.2355702597993652, -0.29718798219344095, 0.8991805754926139, -0.397599761568169, 0.9989609756793099, -0.1524694791907173, 0.44433145733427626, -0.7949529466297811, -0.8825879980365037, 0.6868025742076531, 0.4155717063394493, -0.19988834204455608, -0.13145029586267531, 0.621435294239044, 0.20706646489711655, -0.5886258078043578, 0.24722670076352776, 0.542447026708896, -0.1189118013319248, -0.9756070156978072, 0.4025320880733496, -0.5392162597585373, -0.8932120157241396, -0.39283538799424433, 0.8266737154737238, 0.3572337304655706, 0.7248426286400369, 0.2745975049798062, 0.39717918137732905, 0.1796164566306171, 0.37432064888468, 0.7480961231185304, -0.5663938507157074, 0.9032121724602635, 0.7473346289632365, -0.18893516151714063, 0.435194835637438, 0.3678525346044623, -0.8000538022077874, 0.29863498909802444, 0.5375425035828957, 0.5977595107764928, -0.1419247502418195, -0.09980191275252359, 0.06857197494247647, 1.0, -0.9042408340351782, -0.6445778652151855, -0.3222350320209727, 0.9039715916992341, -0.526531369353437, 0.1653215434349758, -0.2138580413895399, -0.8662460845469768, -0.45724961431583244, -0.6987362535419892, 0.7792749896296054, 0.598372647711209, 0.7918846828725878, -0.44646209346659504, -0.8757111005336853, -0.7108956247288738, -0.3844274153878755, -0.16960928609824966, 0.7319124163795656, 0.1697488559664324, -0.9614604118814007, 0.36973028332200486, -0.7112721159974543, -0.6214769950613103, 0.6130927111361105, -0.2610576796058459, -0.7030476290403133, -0.9170995492638059, -0.9357427532356959, -0.3589715822956232, 0.03550249611831613, -0.3689610094437572, -0.02659376417778736, -0.21594179136405264, -0.2317373034635817, 0.8992017462916784, 0.6086841739711069, -0.2028986958206196, 0.1455652590843346, 0.26439090744961846, 0.5433167686709022, -0.049094238870490914, 0.2634158650830979, 0.5198856581179181, -0.9011273510180888, -0.6825408511549123, 0.22976753753650156, 0.29465726122715025, -0.6727031203518009, -0.8762880031036, -0.5968182289399688, 0.8625695355517466, -0.04454341142698125, -0.159716790337457]
1019.999755859375	(8, 12, 2)	[-0.004908551466191291, 0.24343023661033483, -0.7487123503931379, 0.3481261945410864, 0.23471549248659263, 0.07909848280747345, -0.47820977375523355, 0.25203862773040814, 0.8475578360940201, -0.045605524428329866, 0.37742707403045905, 0.09809880462784068, -0.3984821903960333, -0.8112652534170732, -0.04540996437673539, -0.8095784294002084, 0.8862717814338628, 1.0, 0.006077615130665848, 0.983081549303586, -0.2355702597993652, -0.5360540082339649, 0.8599996504479526, -0.5402866123805526, 0.9843336233987697, -0.11762378634349745, 0.44433145733427626, -0.7949529466297811, -0.5645493207857035, 0.6868025742076531, 0.4155717063394493, -0.09887968349519927, -0.13145029586267531, 0.6276122881101268, 0.20706646489711655, -0.13740801451639584, 0.2773513923638635, 0.5455402043587063, -0.1189118013319248, -1.0, 0.43301496356897023, -0.5392162597585373, -0.33302949795961223, -0.39283538799424433, 0.8266737154737238, 0.3572337304655706, 0.7248426286400369, 0.2745975049798062, 0.1677298304318866, 0.1796164566306171, 0.37432064888468, 0.7480961231185304, -0.47877051008710314, 0.9032121724602635, 0.7473346289632365, 0.3239917230242917, 0.435194835637438, 0.3678525346044623, -0.8000538022077874, 0.29863498909802444, 0.5375425035828957, 0.5977595107764928, -0.17465115316066304, -0.09980191275252359, 0.06857197494247647, 1.0, -0.9042408340351782, -0.6698203409987044, -0.31378153168459333, 0.07844522316951963, -0.526531369353437, -0.06384472016579062, -0.2138580413895399, -0.8982988225685107, -0.5041555185477633, -0.6987362535419892, -0.44758939919595053, 0.598372647711209, 0.7135222916370936, -0.44646209346659504, -0.8757111005336853, -0.7108956247288738, -0.5763287039954432, -0.16960928609824966, 0.7319124163795656, 0.08121446425064692, -1.0, 0.4434411866710276, -0.4466494156006151, -0.5526390234250929, 0.6558773080306521, -0.2662358489322705, -0.5284596979412297, -0.9170995492638059, -0.2761171659393754, 0.5027756599805302, 0.03550249611831613, -0.3689610094437572, -0.02659376417778736, -0.4052063006783092, -0.2317373034635817, 0.7573015882827066, -0.06721572036054346, -0.2028986958206196, 0.4704852945140925, -0.9549296975345463, 0.5931076332741542, -0.05523020928899869, 0.2634158650830979, 0.5198856581179181, -0.9011273510180888, -0.6825408511549123, 0.1667397837635743, -0.232812896908821, 0.3781377855461445, -0.8762880031036, -0.6161091186920342, 0.8625695355517466, -0.16578086871102982, -0.235301058003473]
1019.9995727539062	(8, 12, 2)	[-0.004908551466191291, -0.07552928745962653, -0.8423131404177462, 0.5299023463665687, 0.23471549248659263, 0.07909848280747345, -0.47820977375523355, 0.25203862773040814, 0.8898391169918364, -0.14666575379470337, 0.8501483022396477, 0.13478765472590504, -0.3984821903960333, -0.8112652534170732, -0.18827291605666918, -0.7636666622098145, 0.8401574387294434, 1.0, 0.4758560451579035, 0.983081549303586, -0.2355702597993652, -0.5360540082339649, 0.8991805754926139, -0.397599761568169, 0.9989609756793099, -0.3057459674209756, 0.44433145733427626, -0.7949529466297811, -0.8959175039333785, 0.6868025742076531, 0.4155717063394493, -0.19988834204455608, -0.13145029586267531, 0.6276122881101268, -0.05526954297480946, -0.5886258078043578, 0.6472928812517551, 0.5455402043587063, -0.1189118013319248, -0.9756070156978072, 0.4025320880733496, -0.5392162597585373, -0.7546305978109418, -0.39283538799424433, 0.8266737154737238, 0.3572337304655706, 0.7248426286400369, 0.1784697546775571, 0.1677298304318866, 0.1796164566306171, 0.37432064888468, 0.7480961231185304, -0.47877051008710314, 0.9032121724602635, 0.7473346289632365, -0.18893516151714063, 0.435194835637438, 0.3678525346044623, -0.8000538022077874, 0.29863498909802444, 0.5375425035828957, 0.5977595107764928, -0.23795274946317857, -0.09980191275252359, 0.06857197494247647, 1.0, -0.9431457333109193, -0.6445778652151855, -0.3222350320209727, 0.9039715916992341, 0.44530372756722647, 0.08433226414005923, -0.2138580413895399, -0.9042334282484169, 0.5882128352497469, -0.6987362535419892, -0.44758939919595053, 0.598372647711209, 0.7135222916370936, -0.359838448312275, -0.8757111005336853, -0.7498218287588435, -0.6331347399093353, -0.16960928609824966, 0.7319124163795656, 0.1697488559664324, -0.9614604118814007, 0.4434411866710276, -0.4466494156006151, -0.6383778365943993, 0.6213851967894214, -0.2662358489322705, -0.7234117115923578, -0.9170995492638059, -0.343653256003519, 0.5027756599805302, -0.726632846975046, -0.3689610094437572, -0.02659376417778736, -0.21594179136405264, 0.5644659033058304, 0.8992017462916784, 0.7120764732841133, -0.15183571618695907, 0.1455652590843346, 0.26439090744961846, 0.5931076332741542, -0.049094238870490914, -0.5618684362085031, 0.5198856581179181, -0.9842013331027686, -0.6825408511549123, 0.1667397837635743, -0.232812896908821, -0.6727031203518009, -0.8762880031036, -0.6161091186920342, 0.8625695355517466, -0.04454341142698125, -0.159716790337457]
1019.9998779296875	(8, 12, 2)	[-0.4407792816831049, 0.09850165490533253, -0.7487123503931379, 0.47045954803230505, 0.23471549248659263, 0.07909848280747345, -0.47820977375523355, 0.25203862773040814, 0.8475578360940201, -0.10952612327382955, 0.6842184145611232, 0.16436278548362215, -0.3984821903960333, -0.8514312734880713, -0.18827291605666918, -0.7636666622098145, 0.7831840286462284, 1.0, 0.4758560451579035, 0.983081549303586, -0.2355702597993652, -0.6736182230124217, 0.8991805754926139, -0.5402866123805526, 0.9989609756793099, -0.08850603123152823, 0.44433145733427626, -0.7949529466297811, -0.8959175039333785, 0.6868025742076531, 0.4155717063394493, -0.19988834204455608, -0.2670666313016231, 0.6319718224129318, 0.20706646489711655, -0.5886258078043578, 0.27162600321824926, 0.5455402043587063, -0.1189118013319248, -0.9756070156978072, 0.4025320880733496, -0.5392162597585373, -0.7699510756985839, -0.39283538799424433, 0.8266737154737238, 0.3572337304655706, 0.2628893969769366, 0.2745975049798062, 0.07197285154935229, 0.0951038627258265, 0.37432064888468, 0.7480961231185304, -0.47877051008710314, 0.9032121724602635, 0.7473346289632365, -0.18893516151714063, 0.435194835637438, 0.3678525346044623, -0.8000538022077874, 0.29863498909802444, 0.4044317386345915, 0.5977595107764928, -0.23795274946317857, -0.09980191275252359, 0.06857197494247647, 1.0, -0.9431457333109193, -0.6445778652151855, -0.3222350320209727, 0.9039715916992341, -0.526531369353437, 0.08433226414005923, -0.2138580413895399, -0.9042334282484169, 0.5882128352497469, -0.6987362535419892, -0.44758939919595053, 0.598372647711209, 0.8601758928171277, -0.44646209346659504, -0.8757111005336853, -0.7108956247288738, -0.5763287039954432, -0.16960928609824966, 0.7319124163795656, 0.9269537258305733, -0.9754500971280398, 0.36973028332200486, -0.4466494156006151, -0.6214769950613103, 0.8143847725915483, -0.2662358489322705, -0.4614792836798941, -0.9170995492638059, -0.343653256003519, -0.3589715822956232, 0.03550249611831613, -0.2603462618657725, -0.02659376417778736, -0.21594179136405264, -0.6893224918616343, 0.8686331646952345, 0.707074911068239, -0.2028986958206196, 0.4704852945140925, -0.9549296975345463, 0.5433167686709022, -0.049094238870490914, 0.2634158650830979, 0.4711576423256362, -0.759544430876357, -0.6825408511549123, 0.1667397837635743, 0.29465726122715025, 0.3781377855461445, -0.8762880031036, -0.6161091186920342, 0.8625695355517466, 0.058913006506267185, -0.159716790337457]
1019.9998779296875	(8, 12, 2)	[-0.4407792816831049, 0.09850165490533253, -0.8423131404177462, 0.5299023463665687, 0.23471549248659263, 0.07909848280747345, -0.47820977375523355, 0.25203862773040814, 0.8475578360940201, -0.10952612327382955, 0.6842184145611232, 0.16436278548362215, -0.3984821903960333, -0.8514312734880713, -0.18827291605666918, -0.7636666622098145, 0.7831840286462284, 1.0, 0.4758560451579035, 0.983081549303586, -0.2355702597993652, -0.6736182230124217, 0.8991805754926139, -0.397599761568169, 0.9989609756793099, -0.08850603123152823, 0.44433145733427626, -0.7949529466297811, -0.8959175039333785, 0.6868025742076531, 0.4155717063394493, -0.19988834204455608, -0.2670666313016231, 0.7363619700537005, 0.20706646489711655, -0.5886258078043578, 0.6472928812517551, 0.5455402043587063, -0.1189118013319248, -0.9756070156978072, 0.4025320880733496, -0.5392162597585373, -0.7699510756985839, -0.39283538799424433, 0.8266737154737238, 0.3572337304655706, 0.7248426286400369, 0.2745975049798062, 0.07197285154935229, 0.0951038627258265, 0.37432064888468, 0.7480961231185304, -0.47877051008710314, 0.9032121724602635, 0.7473346289632365, -0.18893516151714063, 0.435194835637438, 0.3678525346044623, -0.8000538022077874, 0.3924870948037763, 0.4044317386345915, 0.5977595107764928, -0.17465115316066304, -0.09980191275252359, 0.06857197494247647, 1.0, -0.9431457333109193, -0.6445778652151855, -0.3222350320209727, 0.9039715916992341, -0.526531369353437, 0.1653215434349758, -0.2138580413895399, -0.9042334282484169, 0.5882128352497469, -0.6987362535419892, -0.44758939919595053, 0.598372647711209, 0.8601758928171277, -0.359838448312275, -0.8757111005336853, -0.7108956247288738, -0.5763287039954432, -0.16960928609824966, 0.4018822080354123, 0.1697488559664324, -0.9754500971280398, 0.4434411866710276, -0.4466494156006151, -0.6214769950613103, 0.6558773080306521, -0.2662358489322705, -0.7030476290403133, -0.9170995492638059, -0.343653256003519, -0.3589715822956232, 0.03550249611831613, -0.3689610094437572, -0.02659376417778736, -0.21594179136405264, -0.2317373034635817, 0.8686331646952345, 0.6086841739711069, -0.2028986958206196, 0.4704852945140925, -0.9549296975345463, 0.5433167686709022, -0.049094238870490914, 0.2634158650830979, 0.7832200398597837, -0.9011273510180888, -0.6825408511549123, 0.19552965367699524, -0.49339180238248986, 0.3781377855461445, -0.8762880031036, -0.6161091186920342, 0.8625695355517466, -0.17627274873923665, -0.159716790337457]
1019.9999389648438	(8, 12, 2)	[-0.004908551466191291, -0.010356171712794432, -0.8423131404177462, 0.35919916194775237, 0.23471549248659263, 0.07909848280747345, -0.47820977375523355, 0.18739157814581797, 0.8475578360940201, -0.14666575379470337, 0.7339340618193015, 0.06595212203156453, -0.3984821903960333, -0.8112652534170732, -0.18827291605666918, -0.7636666622098145, 0.8401574387294434, 1.0, 0.4758560451579035, 0.9791952218822088, -0.2355702597993652, -0.5360540082339649, 0.8991805754926139, -0.397599761568169, 0.9989609756793099, -0.08850603123152823, 0.44433145733427626, -0.7949529466297811, -0.7044815722576818, 0.6868025742076531, 0.4155717063394493, -0.19988834204455608, -0.13145029586267531, 0.6319718224129318, -0.05526954297480946, -0.20426227723156154, 0.24722670076352776, 0.5455402043587063, -0.1189118013319248, -1.0, 0.4025320880733496, -0.5392162597585373, -0.7699510756985839, -0.1460010174735054, 0.8266737154737238, 0.44120657421664616, 0.2628893969769366, 0.4835969337488504, 0.1677298304318866, 0.25914122864876915, 0.37432064888468, 0.7480961231185304, -0.47877051008710314, 0.25778279641944235, 0.7473346289632365, -0.18893516151714063, 0.2852722700657606, 0.3678525346044623, -0.8000538022077874, 0.29863498909802444, 0.5375425035828957, 0.5977595107764928, -0.17465115316066304, -0.09980191275252359, 0.06857197494247647, 1.0, -0.9431457333109193, -0.6445778652151855, -0.33563767591680516, -0.9493519684204317, -0.526531369353437, 0.23519308487601237, -0.2138580413895399, -0.8662460845469768, 0.5882128352497469, -0.6987362535419892, -0.44758939919595053, 0.5861104436656726, 0.7135222916370936, -0.44646209346659504, -0.8757111005336853, -0.6281682987426476, -0.5763287039954432, -0.16960928609824966, 0.7319124163795656, 0.08121446425064692, -0.9754500971280398, 0.4434411866710276, -0.4466494156006151, -0.6383778365943993, 0.6558773080306521, -0.2610576796058459, -0.4614792836798941, -0.9170995492638059, -0.343653256003519, -0.38097523681854895, -0.7579862238080612, -0.3689610094437572, -0.02659376417778736, -0.15290253657528058, -0.6893224918616343, 0.826269535505566, -0.2405153582692744, -0.2028986958206196, 0.3300726704036202, -0.9549296975345463, 0.5931076332741542, -0.049094238870490914, -0.5618684362085031, 0.4711576423256362, -0.9842013331027686, -0.6982210292101344, 0.1667397837635743, 0.29465726122715025, -0.6727031203518009, -0.8762880031036, -0.6161091186920342, 0.8625695355517466, -0.04454341142698125, -0.159716790337457]
1019.9996948242188	(8, 12, 2)	[-0.004908551466191291, 0.24343023661033483, -0.8423131404177462, 0.35919916194775237, 0.23471549248659263, 0.07909848280747345, -0.47820977375523355, 0.30938553542694236, 0.8475578360940201, -0.10952612327382955, 0.8084659869262327, 0.16436278548362215, -0.3984821903960333, -0.8514312734880713, -0.18827291605666918, -0.8095618366274268, 0.8401574387294434, 1.0, 0.4758560451579035, 0.983081549303586, -0.2355702597993652, -0.5360540082339649, 0.8991805754926139, -0.397599761568169, 0.9989609756793099, -0.1524694791907173, 0.44433145733427626, -0.7949529466297811, -0.8959175039333785, 0.6868025742076531, 0.4155717063394493, -0.19988834204455608, -0.13145029586267531, 0.7363619700537005, 0.20706646489711655, -0.5886258078043578, 0.6472928812517551, 0.5455402043587063, -0.1189118013319248, -0.9756070156978072, 0.4025320880733496, -0.5392162597585373, -0.7699510756985839, -0.39283538799424433, 0.987094365843234, 0.3572337304655706, 0.2628893969769366, 0.2745975049798062, 0.1677298304318866, 0.1796164566306171, 0.37432064888468, 0.7480961231185304, -0.47877051008710314, 0.9032121724602635, 0.7473346289632365, -0.18893516151714063, 0.435194835637438, 0.3678525346044623, -0.8000538022077874, 0.29863498909802444, 0.4044317386345915, 0.5977595107764928, -0.23795274946317857, -0.09980191275252359, 0.06857197494247647, 0.8130225841143139, -0.9431457333109193, -0.6445778652151855, -0.33563767591680516, -0.9493519684204317, -0.526531369353437, 0.1653215434349758, -0.2138580413895399, -0.8662460845469768, 0.5882128352497469, -0.6987362535419892, -0.453398349460558, 0.598372647711209, 0.8601758928171277, -0.359838448312275, -0.8757111005336853, -0.7498218287588435, -0.5763287039954432, -0.16960928609824966, 0.7319124163795656, 0.1697488559664324, -0.9754500971280398, 0.4434411866710276, -0.11824692707999086, -0.6214769950613103, 0.8143847725915483, -0.2662358489322705, -0.4614792836798941, -0.9170995492638059, -0.35433005458325406, -0.3589715822956232, 0.03550249611831613, -0.3689610094437572, -0.02659376417778736, -0.21594179136405264, -0.2317373034635817, 0.8992017462916784, 0.707074911068239, -0.2028986958206196, 0.3300726704036202, -0.9106384767911491, 0.5433167686709022, -0.05523020928899869, 0.2634158650830979, 0.5198856581179181, -0.9842013331027686, -0.6982210292101344, 0.22976753753650156, -0.49339180238248986, -0.6727031203518009, -0.8762880031036, -0.6161091186920342, 0.8625695355517466, -0.04454341142698125, -0.159716790337457]
1019.9993896484375	(8, 12, 2)	[-0.004908551466191291, 0.09850165490533253, -0.8423131404177462, 0.30595278255143643, 0.23471549248659263, 0.07909848280747345, -0.47820977375523355, 0.25203862773040814, 0.9033680733340195, -0.045605524428329866, 0.7339340618193015, 0.09809880462784068, -0.3984821903960333, -0.8514312734880713, -0.18827291605666918, -0.7636666622098145, 0.7831840286462284, 1.0, 0.4758560451579035, 0.983081549303586, -0.2355702597993652, -0.5360540082339649, 0.8991805754926139, -0.5402866123805526, 0.9843336233987697, -0.08850603123152823, 0.44433145733427626, -0.7949529466297811, -0.5645493207857035, 0.7115988686828045, 0.4155717063394493, -0.19988834204455608, -0.13145029586267531, 0.621435294239044, 0.20706646489711655, -0.13740801451639584, 0.27162600321824926, 0.5455402043587063, -0.1189118013319248, -0.9756070156978072, 0.4025320880733496, -0.5392162597585373, -0.33302949795961223, -0.3781087146679068, 0.9573282220377152, 0.3572337304655706, 0.7248426286400369, 0.2745975049798062, 0.556151876602779, 0.1796164566306171, 0.37432064888468, 0.7480961231185304, -0.47877051008710314, 0.9032121724602635, 0.7473346289632365, -0.18893516151714063, 0.435194835637438, 0.3678525346044623, -0.8000538022077874, 0.29863498909802444, 0.5375425035828957, 0.5977595107764928, -0.1419247502418195, -0.09980191275252359, 0.06857197494247647, 0.8130225841143139, -0.9431457333109193, -0.6445778652151855, -0.3222350320209727, -0.9493519684204317, -0.526531369353437, 0.23519308487601237, -0.2138580413895399, -0.8982988225685107, 0.5882128352497469, -0.6987362535419892, -0.453398349460558, 0.5861104436656726, 0.8601758928171277, -0.359838448312275, -0.8757111005336853, -0.7498218287588435, -0.5763287039954432, -0.19262859140097371, 0.4018822080354123, 0.9269537258305733, -0.9754500971280398, 0.4434411866710276, -0.4466494156006151, -0.5526390234250929, 0.6558773080306521, -0.2610576796058459, -0.7030476290403133, -0.9170995492638059, -0.11506080212091879, -0.3589715822956232, -0.7579862238080612, -0.3689610094437572, -0.07419096653300325, -0.21594179136405264, -0.2317373034635817, 0.8992017462916784, 0.6086841739711069, -0.2028986958206196, 0.4704852945140925, 0.3954845201636825, 0.5931076332741542, -0.049094238870490914, 0.2634158650830979, 0.5198856581179181, -0.9673769245205672, -0.6825408511549123, -0.8051658058101382, -0.49339180238248986, -0.6727031203518009, 0.28054584868793514, -0.6161091186920342, 0.8625695355517466, -0.16578086871102982, -0.235301058003473]
1019.9998779296875	(8, 12, 2)	[-0.004908551466191291, 0.14607738061960773, -0.8350600880108234, 0.5677331021442624, 0.23471549248659263, 0.07909848280747345, -0.47820977375523355, 0.18739157814581797, 0.8475578360940201, 0.12236987116741321, 0.7339340618193015, 0.06595212203156453, -0.3984821903960333, -0.8112652534170732, -0.18827291605666918, -0.6182685059435681, 0.7831840286462284, 1.0, 0.006077615130665848, 0.983081549303586, -0.2355702597993652, -0.5360540082339649, 0.8991805754926139, -0.397599761568169, 0.9989609756793099, -0.08850603123152823, 0.44433145733427626, -0.7949529466297811, -0.8959175039333785, 0.7115988686828045, 0.4155717063394493, -0.19988834204455608, -0.13145029586267531, 0.7363619700537005, 0.010707271925977507, -0.13740801451639584, 0.42860654584164026, 0.5455402043587063, -0.1189118013319248, -1.0, 0.4025320880733496, -0.5392162597585373, -0.8932120157241396, -0.39283538799424433, 0.9573282220377152, 0.3572337304655706, 0.2628893969769366, 0.4835969337488504, 0.1677298304318866, 0.1796164566306171, 0.37432064888468, 0.8323313693621676, -0.47877051008710314, 0.25778279641944235, 0.7473346289632365, -0.18893516151714063, 0.435194835637438, 0.2742570736777974, -0.8000538022077874, 0.29863498909802444, 0.5375425035828957, 0.5977595107764928, -0.20323335214282834, -0.09980191275252359, 0.06857197494247647, 1.0, -0.9431457333109193, -0.5794905112683844, -0.33563767591680516, 0.07844522316951963, -0.526531369353437, 0.23519308487601237, -0.2138580413895399, -0.8662460845469768, -0.45724961431583244, -0.6987362535419892, -0.44758939919595053, 0.606979635905983, 0.7135222916370936, -0.44646209346659504, -0.9616936110117209, -0.7108956247288738, -0.5763287039954432, -0.1141921180465093, 0.864965261041912, 0.1697488559664324, -0.9754500971280398, 0.4434411866710276, -0.4466494156006151, -0.4832334586598428, 0.6558773080306521, -0.2610576796058459, -0.5284596979412297, -0.9170995492638059, -0.343653256003519, 0.5027756599805302, -0.7579862238080612, -0.3689610094437572, -0.02659376417778736, -0.15290253657528058, 0.5644659033058304, 0.826269535505566, 0.707074911068239, -0.22158507818938267, 0.4704852945140925, -0.9106384767911491, 0.5931076332741542, -0.049094238870490914, 0.2634158650830979, 0.5198856581179181, -0.9371627315659837, -0.6825408511549123, 0.13679011613662623, 0.29465726122715025, -0.6727031203518009, -0.5506961232285172, -0.6161091186920342, 0.8625695355517466, -0.17627274873923665, -0.235301058003473]
1019.9998779296875	(8, 12, 2)	[-0.004908551466191291, -0.010356171712794432, -0.8350600880108234, 0.5299023463665687, 0.23471549248659263, 0.07909848280747345, -0.47820977375523355, 0.18739157814581797, 0.8475578360940201, -0.14666575379470337, 0.7339340618193015, 0.06595212203156453, -0.3984821903960333, -0.8112652534170732, -0.18827291605666918, -0.7636666622098145, 0.7831840286462284, 1.0, 0.4758560451579035, 0.983081549303586, -0.17371326592046418, -0.5360540082339649, 0.8991805754926139, -0.397599761568169, 0.9989609756793099, -0.08850603123152823, 0.44433145733427626, -0.7949529466297811, -0.7455735280854405, 0.7115988686828045, 0.4155717063394493, -0.19988834204455608, -0.13145029586267531, 0.6276122881101268, 0.20706646489711655, -0.5886258078043578, 0.24722670076352776, 0.5455402043587063, -0.1189118013319248, -1.0, 0.4025320880733496, -0.5392162597585373, -0.33302949795961223, -0.24140168085966418, 0.9573282220377152, 0.3572337304655706, 0.7248426286400369, 0.4835969337488504, 0.1677298304318866, 0.1796164566306171, 0.37432064888468, 0.8323313693621676, -0.47877051008710314, 0.25778279641944235, 0.7473346289632365, -0.18893516151714063, 0.435194835637438, 0.3678525346044623, -0.8000538022077874, 0.29863498909802444, 0.5375425035828957, 0.5977595107764928, -0.17465115316066304, -0.09980191275252359, 0.06857197494247647, 0.8130225841143139, -0.9042408340351782, -0.6698203409987044, -0.3222350320209727, 0.9039715916992341, -0.526531369353437, 0.1653215434349758, -0.2138580413895399, -0.8144686511552374, 0.5882128352497469, -0.6987362535419892, -0.44758939919595053, 0.598372647711209, 0.7135222916370936, -0.44646209346659504, -0.9616936110117209, -0.6281682987426476, -0.5763287039954432, -0.1141921180465093, 0.4018822080354123, 0.08121446425064692, -1.0, 0.4434411866710276, -0.7112721159974543, -0.6214769950613103, 0.6558773080306521, -0.2610576796058459, -0.5284596979412297, -0.9170995492638059, -0.35433005458325406, 0.5027756599805302, -0.7579862238080612, -0.3689610094437572, -0.02659376417778736, -0.15290253657528058, -0.2317373034635817, 0.8686331646952345, 0.6957553685634824, -0.22158507818938267, 0.4704852945140925, -0.9106384767911491, 0.5931076332741542, -0.049094238870490914, 0.2634158650830979, 0.5198856581179181, -0.9011273510180888, -0.5547419969602929, 0.13679011613662623, 0.29465726122715025, -0.6727031203518009, -0.8762880031036, -0.6161091186920342, 0.8625695355517466, -0.31087817549046254, -0.235301058003473]
1019.9998168945312	(8, 12, 2)	[-0.004908551466191291, -0.010356171712794432, -0.8423131404177462, 0.37590093832112914, 0.23471549248659263, 0.07909848280747345, -0.47820977375523355, 0.30938553542694236, 0.8898391169918364, -0.045605524428329866, 0.8501483022396477, 0.13478765472590504, -0.3984821903960333, -0.8514312734880713, -0.18827291605666918, -0.8095784294002084, 0.8862717814338628, 0.934177993318489, 0.4758560451579035, 0.983081549303586, -0.2355702597993652, -0.29518030429029624, 0.8991805754926139, -0.46717689959995745, 1.0, -0.1524694791907173, 0.44433145733427626, -0.7949529466297811, -0.8825879980365037, 0.6868025742076531, 0.4155717063394493, -0.24535646071476708, -0.25421259709537064, 0.7363619700537005, 0.20706646489711655, -0.13740801451639584, 0.6472928812517551, 0.5455402043587063, -0.1189118013319248, -0.9756070156978072, 0.4025320880733496, -0.5392162597585373, -0.8932120157241396, -0.39283538799424433, 0.8266737154737238, 0.3572337304655706, 0.7248426286400369, 0.2745975049798062, 0.556151876602779, 0.1796164566306171, 0.37432064888468, 0.7480961231185304, -0.47877051008710314, 0.9032121724602635, 0.7473346289632365, -0.18893516151714063, 0.2852722700657606, 0.3678525346044623, -0.8000538022077874, 0.29863498909802444, 0.4448961495092512, 0.5977595107764928, -0.17465115316066304, 0.013409288042851977, 0.06857197494247647, 0.8409201798411721, -0.9431457333109193, -0.6445778652151855, -0.33563767591680516, 1.0, -0.526531369353437, 0.1653215434349758, -0.2138580413895399, -0.964859953775921, -0.45724961431583244, -0.6987362535419892, -0.453398349460558, 0.598372647711209, 0.7135222916370936, -0.44646209346659504, -0.8757111005336853, -0.7498218287588435, -0.3844274153878755, -0.16960928609824966, 0.4018822080354123, 0.1697488559664324, -1.0, 0.36973028332200486, -0.4466494156006151, -0.5526390234250929, 0.6558773080306521, -0.3307628910620801, -0.5284596979412297, -0.9170995492638059, -0.343653256003519, 0.5027756599805302, 0.03550249611831613, -0.3689610094437572, -0.07419096653300325, -0.21594179136405264, -0.6893224918616343, 0.8686331646952345, 0.6086841739711069, -0.2028986958206196, 0.4704852945140925, 0.37603320357279646, 0.5931076332741542, -0.049094238870490914, 0.20658382045957727, 0.5198856581179181, -0.9371627315659837, -0.6982210292101344, -0.7773026386123318, -0.232812896908821, 0.3781377855461445, -0.8762880031036, -0.6161091186920342, 0.8625695355517466, -0.04454341142698125, -0.159716790337457]
1019.9996948242188	(8, 12, 2)	[-0.004908551466191291, 0.14607738061960773, -0.8350600880108234, 0.35919916194775237, 0.23471549248659263, 0.07909848280747345, -0.47820977375523355, 0.30938553542694236, 0.8475578360940201, -0.045605524428329866, 0.8501483022396477, 0.13478765472590504, -0.3984821903960333, -0.8112652534170732, -0.18827291605666918, -0.7636666622098145, 0.8862717814338628, 1.0, 0.4758560451579035, 0.8474798908036009, -0.2355702597993652, -0.5360540082339649, 0.8991805754926139, -0.397599761568169, 0.9989609756793099, -0.3057459674209756, 0.44433145733427626, -0.7949529466297811, -0.8825879980365037, 0.6868025742076531, 0.4155717063394493, -0.19988834204455608, -0.13145029586267531, 0.621435294239044, 0.20706646489711655, -0.5886258078043578, 0.24722670076352776, 0.5455402043587063, -0.1189118013319248, -1.0, 0.4025320880733496, -0.5392162597585373, -0.7546305978109418, -0.39283538799424433, 0.8266737154737238, 0.3572337304655706, 0.7248426286400369, 0.4835969337488504, 0.556151876602779, 0.1796164566306171, 0.37432064888468, 0.7480961231185304, -0.47877051008710314, 0.9032121724602635, 0.7473346289632365, -0.18893516151714063, 0.2852722700657606, 0.3678525346044623, -0.8000538022077874, 0.29863498909802444, 0.2873829033154747, 0.5977595107764928, -0.17465115316066304, -0.09980191275252359, 0.06857197494247647, 1.0, -0.9431457333109193, -0.6445778652151855, -0.3222350320209727, 0.9039715916992341, -0.5415751932327725, 0.2759659598864861, -0.23507015473350626, -0.9042334282484169, -0.45724961431583244, -0.6987362535419892, -0.5247519027860972, 0.598372647711209, 0.7135222916370936, -0.44646209346659504, -1.0, -0.694464507113052, -0.3844274153878755, -0.16960928609824966, 0.7319124163795656, 0.1697488559664324, -0.9754500971280398, 0.4434411866710276, -0.7112721159974543, -0.6214769950613103, 0.6130927111361105, -0.3751579869597996, -0.5284596979412297, -0.9170995492638059, -0.343653256003519, 0.5027756599805302, 0.03550249611831613, -0.3689610094437572, -0.02659376417778736, -0.21594179136405264, 0.5753288322630344, 0.8992017462916784, 0.6086841739711069, -0.2028986958206196, 0.4704852945140925, -1.0, 0.5931076332741542, -0.049094238870490914, 0.2634158650830979, 0.4711576423256362, -0.9011273510180888, -0.6982210292101344, 0.18562090211927473, -0.232812896908821, 0.3781377855461445, -0.5506961232285172, -0.6161091186920342, 0.8625695355517466, -0.04454341142698125, -0.235301058003473]
1019.9991455078125	(8, 12, 2)	[-0.4407792816831049, 0.09850165490533253, -0.8423131404177462, 0.37590093832112914, 0.23471549248659263, 0.08942605701062849, -0.47820977375523355, 0.30938553542694236, 0.9033680733340195, -0.045605524428329866, 0.8501483022396477, 0.13478765472590504, -0.3984821903960333, -0.8514312734880713, -0.18827291605666918, -0.9242453805032844, 0.7831840286462284, 0.934177993318489, 0.00848699075174845, 0.983081549303586, -0.2355702597993652, -0.5360540082339649, 0.8991805754926139, -0.5402866123805526, 0.9989609756793099, -0.08850603123152823, 0.44433145733427626, -0.7949529466297811, -0.8825879980365037, 0.6868025742076531, 0.3908221339478894, -0.19988834204455608, -0.30652014899129043, 0.6276122881101268, 0.20706646489711655, -0.5619405136440792, 0.6472928812517551, 0.5455402043587063, -0.1189118013319248, -0.9756070156978072, 0.4025320880733496, -0.4858202253160908, -0.8932120157241396, -0.39283538799424433, 0.8266737154737238, 0.3572337304655706, 0.7248426286400369, 0.4835969337488504, 0.556151876602779, 0.0951038627258265, 0.37432064888468, 0.7480961231185304, -0.47877051008710314, 0.9032121724602635, 0.7473346289632365, -0.18893516151714063, 0.2852722700657606, 0.3678525346044623, -0.8000538022077874, 0.29863498909802444, 0.4448961495092512, 0.5977595107764928, -0.20323335214282834, -0.09980191275252359, 0.06857197494247647, 1.0, -0.9431457333109193, -0.6445778652151855, -0.33563767591680516, 0.9039715916992341, -0.526531369353437, 0.08433226414005923, -0.2138580413895399, -0.964859953775921, 0.5060406931159294, -0.6987362535419892, -0.44758939919595053, 0.606979635905983, 0.8601758928171277, -0.44646209346659504, -0.8757111005336853, -0.7498218287588435, -0.3844274153878755, -0.16960928609824966, 0.4018822080354123, 0.17318274197850972, -1.0, 0.4563225965218361, -0.4466494156006151, -0.6214769950613103, 0.8546768670815985, -0.3307628910620801, -0.5188977161673405, -0.9170995492638059, -0.09856140500535276, 0.5027756599805302, 0.03550249611831613, -0.3689610094437572, -0.07419096653300325, -0.3105113939734686, -0.6893224918616343, 0.8686331646952345, 0.6086841739711069, -0.2028986958206196, 0.4704852945140925, -1.0, 0.3446169054695357, -0.05523020928899869, 0.2634158650830979, 0.5918205625640436, -0.9011273510180888, -0.6982210292101344, 0.06223159270792833, -0.232812896908821, 0.3781377855461445, -0.5506961232285172, -0.6161091186920342, 0.8625695355517466, -0.04454341142698125, -0.159716790337457]
1020.0	(8, 12, 2)	[-0.004908551466191291, -0.010356171712794432, -0.8423131404177462, 0.4974385492857236, 0.23471549248659263, 0.07909848280747345, -0.47820977375523355, 0.30938553542694236, 0.8475578360940201, -0.045605524428329866, 0.7339340618193015, 0.13478765472590504, -0.3984821903960333, -0.8514312734880713, -0.07257873740828184, -0.7636666622098145, 0.8862717814338628, 0.934177993318489, 0.4758560451579035, 0.983081549303586, -0.2355702597993652, -0.5360540082339649, 0.8991805754926139, -0.5402866123805526, 1.0, -0.08850603123152823, 0.44433145733427626, -0.7949529466297811, -0.8825879980365037, 0.6868025742076531, 0.4155717063394493, -0.19988834204455608, -0.2670666313016231, 0.7363619700537005, 0.20706646489711655, -0.13740801451639584, 0.6472928812517551, 0.5455402043587063, -0.1189118013319248, -0.9756070156978072, 0.43301496356897023, -0.5392162597585373, -0.7699510756985839, -0.39283538799424433, 0.8266737154737238, 0.3572337304655706, 0.2628893969769366, 0.2745975049798062, 0.556151876602779, 0.1796164566306171, 0.37432064888468, 0.8323313693621676, -0.47877051008710314, 0.9032121724602635, 0.7473346289632365, -0.18893516151714063, 0.435194835637438, 0.3678525346044623, -0.8000538022077874, 0.2525391828356628, 0.4044317386345915, 0.5977595107764928, -0.17465115316066304, 0.013409288042851977, 0.06857197494247647, 1.0, -0.9431457333109193, -0.6445778652151855, -0.33563767591680516, 1.0, -0.5530948986828703, 0.1653215434349758, -0.2138580413895399, -0.8662460845469768, -0.45724961431583244, -0.6987362535419892, -0.453398349460558, 0.606979635905983, 0.7135222916370936, -0.44646209346659504, -0.8757111005336853, -0.7498218287588435, -0.3844274153878755, -0.16960928609824966, 0.7319124163795656, 0.1697488559664324, -1.0, 0.36973028332200486, -0.7112721159974543, -0.6214769950613103, 0.6558773080306521, -0.3307628910620801, -0.5412398876074613, -0.9170995492638059, -0.35433005458325406, -0.2386316909638022, -0.726632846975046, -0.3689610094437572, -0.07419096653300325, -0.14990869381897826, -0.7107202065435541, 0.826269535505566, 0.6086841739711069, -0.22158507818938267, 0.1455652590843346, 0.37603320357279646, 0.5931076332741542, -0.049094238870490914, 0.20658382045957727, 0.5198856581179181, -0.9371627315659837, -0.6825408511549123, -0.7773026386123318, -0.232812896908821, -0.6727031203518009, -0.5506961232285172, -0.6161091186920342, 0.8625695355517466, -0.04454341142698125, -0.159716790337457]
1019.9998168945312	(8, 12, 2)	[-0.004908551466191291, 0.2014041560880535, -0.8616356121951747, 0.5299023463665687, 0.23090965814129352, 0.07909848280747345, -0.47820977375523355, 0.30938553542694236, 0.8475578360940201, -0.045605524428329866, 0.6842184145611232, 0.13478765472590504, -0.3984821903960333, -0.8514312734880713, -0.18827291605666918, -0.7636666622098145, 0.8862717814338628, 1.0, 0.3473428264152787, 0.983081549303586, -0.17371326592046418, -0.29718798219344095, 0.8991805754926139, -0.5240415718542983, 1.0, -0.08850603123152823, 0.44433145733427626, -0.7949529466297811, -0.8959175039333785, 0.6868025742076531, 0.4155717063394493, -0.24535646071476708, -0.2670666313016231, 0.621435294239044, 0.20706646489711655, -0.5619405136440792, 0.24722670076352776, 0.5455402043587063, -0.1189118013319248, -0.9756070156978072, 0.4025320880733496, -0.5392162597585373, -0.8932120157241396, -0.39283538799424433, 0.8266737154737238, 0.3572337304655706, 0.7248426286400369, 0.4835969337488504, 0.556151876602779, 0.1796164566306171, 0.37432064888468, 0.6418947364351162, -0.47877051008710314, 0.9032121724602635, 0.7473346289632365, -0.18893516151714063, 0.435194835637438, 0.3678525346044623, -0.8000538022077874, 0.3924870948037763, 0.2873829033154747, 0.5977595107764928, -0.20323335214282834, -0.09980191275252359, 0.06857197494247647, 1.0, -0.9431457333109193, -0.6445778652151855, -0.33563767591680516, 0.35565255078603614, -0.5041641460180708, 0.23519308487601237, -0.2138580413895399, -0.8982988225685107, -0.45724961431583244, -0.6987362535419892, -0.5247519027860972, 0.5861104436656726, 0.8601758928171277, -0.44646209346659504, -1.0, -0.7498218287588435, -0.5763287039954432, -0.16960928609824966, 0.7319124163795656, 0.1697488559664324, -1.0, 0.4434411866710276, -0.7112721159974543, -0.6214769950613103, 0.8143847725915483, -0.2662358489322705, -0.5284596979412297, -0.8861788023219768, -0.343653256003519, 0.5027756599805302, 0.03550249611831613, -0.3689610094437572, -0.02659376417778736, -0.21594179136405264, -0.6893224918616343, 0.8686331646952345, 0.6086841739711069, -0.15183571618695907, 0.4704852945140925, -1.0, 0.5931076332741542, -0.049094238870490914, 0.20658382045957727, 0.6970314969416569, -0.9011273510180888, -0.6982210292101344, 0.18562090211927473, 0.29465726122715025, -0.8517049694457227, -0.5506961232285172, -0.6161091186920342, 0.8625695355517466, 0.08392888811504738, -0.159716790337457]
1019.9998168945312	(8, 12, 2)	[-0.004908551466191291, 0.09850165490533253, -0.8423131404177462, 0.4974385492857236, 0.23471549248659263, 0.07909848280747345, -0.47820977375523355, 0.30938553542694236, 0.9025410716513651, -0.045605524428329866, 0.6842184145611232, 0.13478765472590504, -0.3984821903960333, -0.8514312734880713, -0.18827291605666918, -0.8095784294002084, 0.8862717814338628, 1.0, 0.5123531422992734, 0.983081549303586, -0.17371326592046418, -0.6736182230124217, 0.8108423132430802, -0.397599761568169, 0.9989609756793099, -0.1524694791907173, 0.44433145733427626, -0.7949529466297811, -0.9658745045679673, 0.6868025742076531, 0.4155717063394493, -0.19988834204455608, -0.13829584939875267, 0.7363619700537005, 0.15070829309287057, -0.5886258078043578, 0.24722670076352776, 0.5455402043587063, -0.1189118013319248, -0.9756070156978072, 0.4025320880733496, -0.5392162597585373, -0.8932120157241396, -0.39283538799424433, 0.8266737154737238, 0.3572337304655706, 0.2628893969769366, 0.4835969337488504, 0.556151876602779, 0.1796164566306171, 0.37432064888468, 0.7480961231185304, -0.47877051008710314, 0.25778279641944235, 0.7473346289632365, -0.18893516151714063, 0.435194835637438, 0.3678525346044623, -0.8000538022077874, 0.29863498909802444, 0.4448961495092512, 0.5977595107764928, -0.17465115316066304, 0.061056200109686154, 0.06857197494247647, 1.0, -0.8893498759791263, -0.6445778652151855, -0.33563767591680516, -0.9493519684204317, -0.5041641460180708, 0.09912662477067803, -0.2138580413895399, -0.964859953775921, -0.45724961431583244, -0.6987362535419892, -0.44758939919595053, 0.598372647711209, 0.8601758928171277, -0.359838448312275, -0.8757111005336853, -0.7498218287588435, -0.5763287039954432, -0.16960928609824966, 0.4018822080354123, 0.08121446425064692, -0.9754500971280398, 0.4434411866710276, -0.4466494156006151, -0.5526390234250929, 0.8143847725915483, -0.22894014710788818, -0.5284596979412297, -0.9170995492638059, -0.343653256003519, -0.3589715822956232, 0.03550249611831613, -0.3689610094437572, -0.02659376417778736, -0.21594179136405264, -0.6893224918616343, 0.8992017462916784, 0.707074911068239, -0.2028986958206196, 0.1455652590843346, -0.8549248063898757, 0.5931076332741542, -0.049094238870490914, 0.2634158650830979, 0.5198856581179181, -0.759544430876357, -0.6825408511549123, -0.7909172521255595, 0.29465726122715025, 0.3781377855461445, -0.5506961232285172, -0.6161091186920342, 0.8625695355517466, 0.08392888811504738, -0.159716790337457]
1019.9998779296875	(8, 12, 2)	[-0.004908551466191291, 0.24343023661033483, -0.8423131404177462, 0.37590093832112914, 0.23471549248659263, 0.07909848280747345, -0.47820977375523355, 0.30938553542694236, 0.8475578360940201, -0.10952612327382955, 0.7339340618193015, 0.13478765472590504, -0.3984821903960333, -0.8514312734880713, -0.07257873740828184, -0.7636666622098145, 0.8862717814338628, 0.934177993318489, 0.4758560451579035, 0.983081549303586, -0.2355702597993652, -0.29518030429029624, 0.8991805754926139, -0.5402866123805526, 0.9989609756793099, -0.1524694791907173, 0.44433145733427626, -0.7949529466297811, -0.8959175039333785, 0.6868025742076531, 0.4155717063394493, -0.19988834204455608, -0.25421259709537064, 0.7363619700537005, 0.010707271925977507, -0.5619405136440792, 0.6472928812517551, 0.5455402043587063, -0.1189118013319248, -0.9756070156978072, 0.4025320880733496, -0.5392162597585373, -0.33302949795961223, -0.3781087146679068, 0.8266737154737238, 0.44120657421664616, 0.26207202645308436, 0.2745975049798062, 0.556151876602779, 0.25914122864876915, 0.37432064888468, 0.7480961231185304, -0.47877051008710314, 0.9032121724602635, 0.7473346289632365, -0.18893516151714063, 0.2852722700657606, 0.3678525346044623, -0.8000538022077874, 0.29863498909802444, 0.46698841454264883, 0.5977595107764928, -0.17465115316066304, -0.09980191275252359, 0.06857197494247647, 1.0, -0.9431457333109193, -0.6445778652151855, -0.33563767591680516, 0.9039715916992341, -0.526531369353437, 0.23519308487601237, -0.2138580413895399, -0.8662460845469768, -0.45724961431583244, -0.6987362535419892, -0.5247519027860972, 0.5861104436656726, 0.8601758928171277, -0.44646209346659504, -0.8757111005336853, -0.7108956247288738, -0.3844274153878755, -0.16960928609824966, 0.7319124163795656, 0.1697488559664324, -1.0, 0.36973028332200486, -0.49719038866432563, -0.6214769950613103, 0.6558773080306521, -0.2662358489322705, -0.5284596979412297, -0.9170995492638059, -0.35433005458325406, -0.2386316909638022, -0.726632846975046, -0.3689610094437572, -0.02659376417778736, -0.14990869381897826, 0.5753288322630344, 0.8686331646952345, 0.6086841739711069, -0.22158507818938267, 0.1455652590843346, -0.9106384767911491, 0.5931076332741542, -0.05523020928899869, 0.20658382045957727, 0.4711576423256362, -0.9673769245205672, -0.6825408511549123, -0.7773026386123318, 0.29465726122715025, 0.3781377855461445, -0.5506961232285172, -0.6161091186920342, 0.8625695355517466, -0.04454341142698125, -0.235301058003473]
1019.9995727539062	(8, 12, 2)	[-0.004908551466191291, -0.010356171712794432, -0.8423131404177462, 0.37590093832112914, 0.23471549248659263, 0.07909848280747345, -0.5379934773936428, 0.33387402671140787, 0.8475578360940201, -0.045605524428329866, 0.7339340618193015, 0.13478765472590504, -0.3984821903960333, -0.8514312734880713, -0.18827291605666918, -0.7636666622098145, 0.8862717814338628, 0.934177993318489, 0.4758560451579035, 0.983081549303586, -0.2355702597993652, -0.29518030429029624, 0.8991805754926139, -0.397599761568169, 0.9989609756793099, -0.08850603123152823, 0.44433145733427626, -0.7949529466297811, -0.8825879980365037, 0.6868025742076531, 0.4155717063394493, -0.24535646071476708, -0.2670666313016231, 0.7363619700537005, 0.20706646489711655, -0.13740801451639584, 0.6472928812517551, 0.5455402043587063, -0.1189118013319248, -0.9756070156978072, 0.43301496356897023, -0.5392162597585373, -0.7699510756985839, -0.24140168085966418, 0.8266737154737238, 0.3542866981728825, 0.2628893969769366, 0.4631643040891846, 0.556151876602779, 0.1796164566306171, 0.37432064888468, 0.7480961231185304, -0.47877051008710314, 0.9032121724602635, 0.7473346289632365, -0.18893516151714063, 0.435194835637438, 0.3678525346044623, -0.8000538022077874, 0.29863498909802444, 0.46698841454264883, 0.5977595107764928, -0.17465115316066304, -0.09980191275252359, 0.06857197494247647, 0.8409201798411721, -0.9431457333109193, -0.6445778652151855, -0.33563767591680516, 0.9039715916992341, -0.526531369353437, 0.23519308487601237, -0.2138580413895399, -0.8662460845469768, -0.45724961431583244, -0.6987362535419892, -0.5247519027860972, 0.5861104436656726, 0.7135222916370936, -0.44646209346659504, -0.8757111005336853, -0.7108956247288738, -0.5763287039954432, -0.16960928609824966, 0.7319124163795656, 0.1697488559664324, -0.9754500971280398, 0.4563225965218361, -0.4466494156006151, -0.5078716518863038, 0.6558773080306521, -0.2662358489322705, -0.5953579354802752, -0.9170995492638059, -0.35433005458325406, 0.5027756599805302, -0.726632846975046, -0.3689610094437572, -0.02659376417778736, -0.14990869381897826, -0.7107202065435541, 0.8686331646952345, 0.6086841739711069, -0.2028986958206196, 0.1455652590843346, -0.9106384767911491, 0.5931076332741542, -0.049094238870490914, 0.20658382045957727, 0.5198856581179181, -0.9673769245205672, -0.6825408511549123, 0.13679011613662623, 0.29465726122715025, 0.3781377855461445, -0.8762880031036, -0.6161091186920342, 0.8625695355517466, -0.14856542796438707, -0.159716790337457]
1019.99951171875	(8, 12, 2)	[-0.004908551466191291, 0.2014041560880535, -0.7487123503931379, 0.35919916194775237, 0.23471549248659263, 0.07909848280747345, -0.47820977375523355, 0.30938553542694236, 0.8475578360940201, -0.045605524428329866, 0.7339340618193015, 0.13478765472590504, -0.3984821903960333, -0.8514312734880713, -0.18827291605666918, -0.8095784294002084, 0.7831840286462284, 1.0, 0.3473428264152787, 0.983081549303586, -0.17371326592046418, -0.6736182230124217, 0.8991805754926139, -0.4112112379082388, 0.9989609756793099, -0.08850603123152823, 0.44433145733427626, -0.7949529466297811, -0.8825879980365037, 0.6868025742076531, 0.46692770428923225, -0.2668002222351239, -0.13145029586267531, 0.7363619700537005, 0.20706646489711655, -0.13740801451639584, 0.24722670076352776, 0.5455402043587063, -0.2620170075447208, -1.0, 0.43301496356897023, -0.5392162597585373, -0.7699510756985839, -0.39283538799424433, 0.8266737154737238, 0.3572337304655706, 0.7248426286400369, 0.2745975049798062, 0.556151876602779, 0.1796164566306171, 0.37432064888468, 0.7480961231185304, -0.47877051008710314, 0.9032121724602635, 0.7586381828196245, -0.18893516151714063, 0.435194835637438, 0.3678525346044623, -0.8000538022077874, 0.4478556390286848, 0.4044317386345915, 0.5977595107764928, -0.17465115316066304, -0.09980191275252359, 0.06857197494247647, 1.0, -0.9431457333109193, -0.6445778652151855, -0.33563767591680516, 0.13553391680048482, -0.526531369353437, 0.23519308487601237, -0.2138580413895399, -0.9042334282484169, -0.45724961431583244, -0.6987362535419892, -0.453398349460558, 0.606979635905983, 0.8601758928171277, -0.44646209346659504, -1.0, -0.7498218287588435, -0.5763287039954432, -0.16960928609824966, 0.4018822080354123, 0.28173510573322846, -1.0, 0.4434411866710276, -0.4466494156006151, -0.5526390234250929, 0.9179633405761516, -0.19071334858743094, -0.4614792836798941, -0.9170995492638059, -0.343653256003519, -0.3589715822956232, 0.03550249611831613, -0.3689610094437572, -0.02659376417778736, -0.14990869381897826, -0.2317373034635817, 0.826269535505566, 0.6086841739711069, -0.2028986958206196, 0.1455652590843346, -0.9106384767911491, 0.5931076332741542, -0.049094238870490914, 0.20658382045957727, 0.4711576423256362, -0.9842013331027686, -0.6825408511549123, 0.13679011613662623, -0.49339180238248986, -0.6727031203518009, -0.5506961232285172, -0.6161091186920342, 0.8625695355517466, 0.08392888811504738, -0.159716790337457]
1019.9998779296875	(8, 12, 2)	[-0.004908551466191291, -0.010356171712794432, -0.8423131404177462, 0.35919916194775237, 0.23471549248659263, 0.07909848280747345, -0.47820977375523355, 0.18739157814581797, 0.8475578360940201, -0.045605524428329866, 0.7339340618193015, 0.13478765472590504, -0.3984821903960333, -0.8514312734880713, -0.18827291605666918, -0.7636666622098145, 0.7245058685368863, 1.0, 0.3473428264152787, 0.983081549303586, -0.2355702597993652, -0.29518030429029624, 0.8991805754926139, -0.397599761568169, 0.9989609756793099, -0.08850603123152823, 0.5896921883880819, -0.7949529466297811, -0.8959175039333785, 0.6868025742076531, 0.4155717063394493, -0.2668002222351239, -0.13145029586267531, 0.7363619700537005, 0.010707271925977507, -0.17845807952077528, 0.24722670076352776, 0.5455402043587063, -0.1189118013319248, -0.835833972671368, 0.4025320880733496, -0.5392162597585373, -0.8932120157241396, -0.3781087146679068, 0.8266737154737238, 0.3572337304655706, 0.2628893969769366, 0.4835969337488504, 0.556151876602779, 0.1796164566306171, 0.37432064888468, 0.7480961231185304, -0.559196895269284, 0.9032121724602635, 0.7473346289632365, -0.18893516151714063, 0.435194835637438, 0.3678525346044623, -0.8000538022077874, 0.2525391828356628, 0.4044317386345915, 0.5977595107764928, -0.17465115316066304, -0.09980191275252359, 0.06857197494247647, 1.0, -0.9431457333109193, -0.6445778652151855, -0.33563767591680516, 0.9039715916992341, -0.5041641460180708, 0.08433226414005923, -0.2138580413895399, -0.964859953775921, -0.45724961431583244, -0.6987362535419892, -0.453398349460558, 0.5861104436656726, 0.7135222916370936, -0.44646209346659504, -0.8757111005336853, -0.7498218287588435, -0.5763287039954432, -0.16960928609824966, 0.4018822080354123, 0.26792664857597687, -1.0, 0.4434411866710276, -0.4466494156006151, -0.6468629805273617, 0.6558773080306521, -0.3751579869597996, -0.5412398876074613, -0.9170995492638059, -0.35433005458325406, 0.5027756599805302, 0.03550249611831613, -0.3689610094437572, -0.07419096653300325, -0.21594179136405264, 0.48632919870313507, 0.8686331646952345, 0.6086841739711069, -0.2028986958206196, 0.1455652590843346, -0.9106384767911491, 0.5931076332741542, 0.08649664107544056, -0.5618684362085031, 0.5198856581179181, -0.9371627315659837, -0.6825408511549123, 0.13679011613662623, 0.29465726122715025, 0.3781377855461445, -0.5506961232285172, -0.569196277063486, 0.8625695355517466, -0.17627274873923665, -0.235301058003473]
1019.9998779296875	(8, 12, 2)	[-0.004908551466191291, 0.09850165490533253, -0.8423131404177462, 0.4974385492857236, 0.23471549248659263, 0.07909848280747345, -0.47820977375523355, 0.30938553542694236, 0.8475578360940201, -0.20143486192359644, 0.6842184145611232, 0.13478765472590504, -0.3984821903960333, -0.8514312734880713, -0.07257873740828184, -0.7539870461922058, 0.7831840286462284, 1.0, 0.4758560451579035, 0.983081549303586, -0.2355702597993652, -0.29518030429029624, 0.8991805754926139, -0.397599761568169, 0.9989609756793099, -0.1524694791907173, 0.5896921883880819, -0.7949529466297811, -0.8959175039333785, 0.4361611619175082, 0.4155717063394493, -0.24535646071476708, -0.2670666313016231, 0.7363619700537005, 0.20706646489711655, -0.5886258078043578, 0.6472928812517551, 0.5455402043587063, -0.1189118013319248, -0.9756070156978072, 0.4025320880733496, -0.5392162597585373, -0.8932120157241396, -0.39283538799424433, 0.8266737154737238, 0.3572337304655706, 0.13167494555986772, 0.4835969337488504, 0.556151876602779, 0.0951038627258265, 0.37432064888468, 0.7480961231185304, -0.559196895269284, 0.25778279641944235, 0.7473346289632365, -0.18893516151714063, 0.2852722700657606, 0.3678525346044623, -0.8000538022077874, 0.2525391828356628, 0.46698841454264883, 0.5977595107764928, -0.17465115316066304, -0.09980191275252359, 0.06857197494247647, 1.0, -0.9431457333109193, -0.5212569321985808, -0.33563767591680516, 0.9039715916992341, -0.5041641460180708, 0.23519308487601237, -0.2138580413895399, -0.8662460845469768, -0.45724961431583244, -0.6987362535419892, -0.5247519027860972, 0.606979635905983, 0.7135222916370936, -0.44646209346659504, -0.9616936110117209, -0.7498218287588435, -0.3844274153878755, -0.16960928609824966, 0.6984741507162467, 0.1697488559664324, -1.0, 0.4563225965218361, -0.4466494156006151, -0.5526390234250929, 0.8143847725915483, -0.2610576796058459, -0.5412398876074613, -0.9170995492638059, -0.35433005458325406, -0.3589715822956232, -0.726632846975046, -0.3689610094437572, -0.02659376417778736, -0.09492746886122977, -0.6893224918616343, 0.8686331646952345, 0.707074911068239, -0.2028986958206196, 0.1455652590843346, 0.37603320357279646, 0.502356467835968, -0.049094238870490914, 0.20658382045957727, 0.4711576423256362, -0.9371627315659837, -0.6982210292101344, 0.18562090211927473, 0.29465726122715025, 0.3781377855461445, -0.5506961232285172, -0.6161091186920342, 0.8625695355517466, -0.04454341142698125, -0.159716790337457]
1019.999755859375	(8, 12, 2)	[-0.004908551466191291, 0.2014041560880535, -0.8423131404177462, 0.4974385492857236, 0.23471549248659263, 0.07909848280747345, -0.47820977375523355, 0.30938553542694236, 0.9033680733340195, -0.045605524428329866, 0.6842184145611232, 0.13478765472590504, -0.3984821903960333, -0.8514312734880713, -0.07257873740828184, -0.8095784294002084, 0.8862717814338628, 1.0, 0.4758560451579035, 0.983081549303586, -0.17371326592046418, -0.29718798219344095, 0.8991805754926139, -0.5431670729335967, 0.9989609756793099, -0.08850603123152823, 0.44433145733427626, -0.6671552768658635, -0.8825879980365037, 0.6868025742076531, 0.4155717063394493, -0.24535646071476708, -0.25421259709537064, 0.7363619700537005, 0.20706646489711655, -0.13740801451639584, 0.6472928812517551, 0.5455402043587063, -0.1189118013319248, -1.0, 0.4025320880733496, -0.5392162597585373, -0.7699510756985839, -0.39283538799424433, 0.8266737154737238, 0.22290226095224402, 0.7248426286400369, 0.2745975049798062, 0.556151876602779, 0.1796164566306171, 0.5093556006727366, 0.7480961231185304, -0.47877051008710314, 0.22947233191927624, 0.7586381828196245, -0.18893516151714063, 0.2852722700657606, 0.3678525346044623, -0.8000538022077874, 0.29863498909802444, 0.4044317386345915, 0.5977595107764928, -0.17465115316066304, -0.09980191275252359, 0.06857197494247647, 1.0, -0.9431457333109193, -0.6445778652151855, -0.3222350320209727, 0.9039715916992341, -0.5041641460180708, 0.23519308487601237, -0.2138580413895399, -0.9042334282484169, -0.45724961431583244, -0.6987362535419892, -0.453398349460558, 0.5861104436656726, 0.7135222916370936, -0.44646209346659504, -1.0, -0.7498218287588435, -0.5763287039954432, -0.16960928609824966, 0.7319124163795656, 0.1697488559664324, -1.0, 0.36973028332200486, -0.4466494156006151, -0.5526390234250929, 0.8143847725915483, -0.2610576796058459, -0.5284596979412297, -0.9170995492638059, -0.20150884073367079, 0.39358298847416695, 0.03550249611831613, -0.3689610094437572, -0.02659376417778736, -0.1582047991718026, 0.5093926970635976, 0.8686331646952345, 0.6086841739711069, -0.2028986958206196, 0.1455652590843346, -0.9106384767911491, 0.5931076332741542, -0.049094238870490914, 0.2634158650830979, 0.5198856581179181, -0.9673769245205672, -0.6982210292101344, 0.10792716638063321, -0.49339180238248986, -0.6727031203518009, -0.8762880031036, -0.6161091186920342, 0.8625695355517466, -0.16578086871102982, -0.189632722091808]
1019.999755859375	(8, 12, 2)	[-0.004908551466191291, 0.09850165490533253, -0.8423131404177462, 0.35919916194775237, 0.23471549248659263, 0.07909848280747345, -0.47820977375523355, 0.21913267739000972, 0.8475578360940201, -0.045605524428329866, 0.6842184145611232, 0.13478765472590504, -0.3984821903960333, -0.8514312734880713, -0.18827291605666918, -0.7636666622098145, 0.8862717814338628, 0.934177993318489, 0.4758560451579035, 0.983081549303586, -0.2355702597993652, -0.29518030429029624, 0.8991805754926139, -0.397599761568169, 0.9989609756793099, -0.08850603123152823, 0.44433145733427626, -0.7949529466297811, -0.8825879980365037, 0.6868025742076531, 0.4155717063394493, -0.24535646071476708, -0.25421259709537064, 0.7363619700537005, 0.010707271925977507, -0.65607673334981, 0.24722670076352776, 0.5455402043587063, -0.1189118013319248, -0.835833972671368, 0.4025320880733496, -0.5392162597585373, -0.9630811725970793, -0.39283538799424433, 0.8266737154737238, 0.3572337304655706, 0.7248426286400369, 0.4835969337488504, 0.556151876602779, 0.1796164566306171, 0.37432064888468, 0.7480961231185304, -0.559196895269284, 0.9032121724602635, 0.7473346289632365, -0.18893516151714063, 0.31348253037892004, 0.3678525346044623, -0.8000538022077874, 0.2525391828356628, 0.5375425035828957, 0.6255624949059334, -0.17465115316066304, 0.15184361296279306, 0.06857197494247647, 0.8409201798411721, -0.9431457333109193, -0.6445778652151855, -0.33563767591680516, 0.974094245780479, -0.5000042818764238, 0.08433226414005923, -0.2138580413895399, -0.964859953775921, 0.31570554375081317, -0.6987362535419892, -0.453398349460558, 0.598372647711209, 0.7135222916370936, -0.44646209346659504, -0.8757111005336853, -0.7498218287588435, -0.5763287039954432, -0.16960928609824966, 0.4018822080354123, 0.26792664857597687, -0.9754500971280398, 0.36973028332200486, -0.4466494156006151, -0.6468629805273617, 0.6558773080306521, -0.3751579869597996, -0.5284596979412297, -0.9170995492638059, -0.343653256003519, 0.4527372650106902, 0.03550249611831613, -0.3689610094437572, -0.07419096653300325, -0.21594179136405264, -0.2317373034635817, 0.826269535505566, 0.6086841739711069, -0.2028986958206196, 0.017080394694289597, 0.37603320357279646, 0.5931076332741542, -0.049094238870490914, 0.20658382045957727, 0.5198856581179181, -0.9371627315659837, -0.6982210292101344, 0.13679011613662623, 0.29780637046676484, 0.3781377855461445, -0.8762880031036, -0.6161091186920342, 0.8625695355517466, -0.04454341142698125, -0.159716790337457]
1019.9998779296875	(8, 12, 2)	[-0.004908551466191291, 0.2014041560880535, -0.8697120354730742, 0.3505649671685062, 0.23471549248659263, 0.07909848280747345, -0.47820977375523355, 0.18739157814581797, 0.8475578360940201, -0.045605524428329866, 0.7339340618193015, 0.21825312230772964, -0.3984821903960333, -0.8112652534170732, -0.18827291605666918, -0.7636666622098145, 0.8862717814338628, 1.0, 0.3473428264152787, 0.983081549303586, -0.2355702597993652, -0.29518030429029624, 0.8599996504479526, -0.397599761568169, 1.0, -0.08850603123152823, 0.44433145733427626, -0.7949529466297811, -0.8825879980365037, 0.6868025742076531, 0.4155717063394493, -0.19988834204455608, -0.2670666313016231, 0.7363619700537005, 0.20706646489711655, -0.17845807952077528, 0.24722670076352776, 0.5455402043587063, -0.1189118013319248, -0.9756070156978072, 0.4025320880733496, -0.5392162597585373, -0.9867369151549042, -0.39283538799424433, 0.8266737154737238, 0.3572337304655706, 0.26207202645308436, 0.2745975049798062, 0.539547761269662, 0.1796164566306171, 0.37432064888468, 0.7480961231185304, -0.559196895269284, 0.9032121724602635, 0.7473346289632365, -0.18893516151714063, 0.435194835637438, 0.3678525346044623, -0.8000538022077874, 0.2525391828356628, 0.4044317386345915, 0.5977595107764928, -0.17465115316066304, -0.09980191275252359, 0.06857197494247647, 1.0, -0.9431457333109193, -0.6445778652151855, -0.24897525136507237, 1.0, -0.4918483362886597, 0.23519308487601237, -0.2138580413895399, -0.964859953775921, -0.45724961431583244, -0.6987362535419892, -0.5247519027860972, 0.5861104436656726, 0.7135222916370936, -0.4864655437037554, -0.8757111005336853, -0.7108956247288738, -0.3844274153878755, -0.16960928609824966, 0.7319124163795656, 0.1697488559664324, -1.0, 0.4434411866710276, -0.4466494156006151, -0.5526390234250929, 0.6558773080306521, -0.2662358489322705, -0.5412398876074613, -0.9170995492638059, -0.35433005458325406, 0.6114896372896498, 0.03550249611831613, -0.4006972688302492, -0.02659376417778736, -0.21594179136405264, 0.48632919870313507, 0.8251153282323689, 0.6086841739711069, -0.2028986958206196, 0.4704852945140925, 0.37603320357279646, 0.5931076332741542, -0.049094238870490914, -0.5618684362085031, 0.5198856581179181, -0.810314587802331, -0.6825408511549123, 0.10792716638063321, 0.29465726122715025, 0.3781377855461445, -0.5506961232285172, -0.6161091186920342, 0.8625695355517466, -0.17627274873923665, -0.235301058003473]
1019.9998168945312	(8, 12, 2)	[-0.004908551466191291, -0.03951326517015616, -0.8423131404177462, 0.4974385492857236, 0.23471549248659263, 0.07909848280747345, -0.47820977375523355, 0.18739157814581797, 0.9025410716513651, -0.045605524428329866, 0.7339340618193015, 0.13478765472590504, -0.3984821903960333, -0.814191185059181, -0.18827291605666918, -0.8095784294002084, 0.7831840286462284, 0.934177993318489, 0.4758560451579035, 0.983081549303586, -0.2355702597993652, -0.29518030429029624, 0.8991805754926139, -0.5402866123805526, 0.9989609756793099, -0.08850603123152823, 0.44433145733427626, -0.7949529466297811, -0.8825879980365037, 0.5675157243008002, 0.4155717063394493, -0.19988834204455608, -0.25421259709537064, 0.7363619700537005, 0.20706646489711655, -0.5886258078043578, 0.6472928812517551, 0.5455402043587063, -0.1189118013319248, -0.7919792284427721, 0.4025320880733496, -0.5392162597585373, -0.8932120157241396, -0.39283538799424433, 0.8266737154737238, 0.3542866981728825, 0.26207202645308436, 0.4835969337488504, 0.556151876602779, 0.1796164566306171, 0.37432064888468, 0.7480961231185304, -0.33148392363340673, 0.9032121724602635, 0.7473346289632365, -0.18893516151714063, 0.2852722700657606, 0.3678525346044623, -0.8000538022077874, 0.2525391828356628, 0.5375425035828957, 0.5977595107764928, -0.17465115316066304, 0.013409288042851977, 0.06857197494247647, 1.0, -0.9431457333109193, -0.6445778652151855, -0.33563767591680516, 1.0, -0.526531369353437, 0.23519308487601237, -0.2138580413895399, -0.8662460845469768, -0.45724961431583244, -0.6987362535419892, -0.5247519027860972, 0.606979635905983, 0.7135222916370936, -0.44646209346659504, -0.8757111005336853, -0.7498218287588435, -0.3844274153878755, -0.16960928609824966, 0.6984741507162467, 0.1697488559664324, -0.9754500971280398, 0.36973028332200486, -0.4466494156006151, -0.6214769950613103, 0.6558773080306521, -0.3307628910620801, -0.5284596979412297, -0.9170995492638059, -0.343653256003519, -0.2386316909638022, -0.7579862238080612, -0.3689610094437572, -0.02659376417778736, -0.14990869381897826, 0.48632919870313507, 0.8992017462916784, 0.6086841739711069, -0.2028986958206196, 0.1455652590843346, -0.9549296975345463, 0.5931076332741542, -0.049094238870490914, 0.20658382045957727, 0.5198856581179181, -0.9011273510180888, -0.6982210292101344, 0.1741382002672785, 0.29465726122715025, 0.3781377855461445, -0.5506961232285172, -0.6161091186920342, 0.8625695355517466, 0.08392888811504738, -0.159716790337457]
1019.9996948242188	(8, 12, 2)	[-0.004908551466191291, 0.2014041560880535, -0.8423131404177462, 0.4974385492857236, 0.23471549248659263, 0.07909848280747345, -0.5194739286621572, 0.18739157814581797, 0.8757064733337935, -0.045605524428329866, 0.6842184145611232, 0.15529093926135368, -0.3984821903960333, -0.934210924508846, -0.18827291605666918, -0.7636666622098145, 0.8862717814338628, 1.0, 0.4758560451579035, 0.983081549303586, -0.06394175184827576, -0.29718798219344095, 0.8991805754926139, -0.5402866123805526, 0.9989609756793099, -0.1524694791907173, 0.44433145733427626, -0.7949529466297811, -0.8825879980365037, 0.6868025742076531, 0.4155717063394493, -0.19988834204455608, -0.30652014899129043, 0.7363619700537005, -0.05526954297480946, -0.2760060844120106, 0.27162600321824926, 0.5455402043587063, -0.1189118013319248, -1.0, 0.4025320880733496, -0.5392162597585373, -0.8932120157241396, -0.3366973171294867, 0.8266737154737238, 0.3542866981728825, 0.26207202645308436, 0.2745975049798062, 0.556151876602779, 0.1796164566306171, 0.37432064888468, 0.8323313693621676, -0.5890958808267307, 0.9032121724602635, 0.7473346289632365, -0.18893516151714063, 0.31348253037892004, 0.3678525346044623, -0.8000538022077874, 0.29863498909802444, 0.5375425035828957, 0.5977595107764928, -0.17465115316066304, -0.09980191275252359, 0.06857197494247647, 1.0, -0.8893498759791263, -0.6445778652151855, -0.33563767591680516, -0.9493519684204317, -0.526531369353437, 0.23519308487601237, -0.2138580413895399, -0.8662460845469768, -0.45724961431583244, -0.8191219150534235, -0.453398349460558, 0.606979635905983, 0.7135222916370936, -0.44646209346659504, -0.8757111005336853, -0.7498218287588435, -0.5763287039954432, -0.16960928609824966, 0.7319124163795656, 0.1697488559664324, -0.9754500971280398, 0.424712367499783, -0.47167372078170156, -0.4832334586598428, 0.8143847725915483, -0.2662358489322705, -0.5284596979412297, -0.9170995492638059, -0.343653256003519, -0.3589715822956232, -0.726632846975046, -0.3689610094437572, -0.02659376417778736, -0.14990869381897826, 0.5753288322630344, 0.8686331646952345, 0.707074911068239, -0.2028986958206196, 0.1455652590843346, -0.9106384767911491, 0.5931076332741542, -0.1606958584039111, 0.2634158650830979, 0.5198856581179181, -0.9011273510180888, -0.6982210292101344, -0.7773026386123318, 0.29465726122715025, 0.3781377855461445, 0.14447639449460112, -0.6161091186920342, 0.8625695355517466, -0.16578086871102982, -0.159716790337457]
1019.9999389648438	(8, 12, 2)	[-0.004908551466191291, 0.24343023661033483, -0.8423131404177462, 0.5299023463665687, 0.23471549248659263, 0.07909848280747345, -0.5379934773936428, 0.18739157814581797, 0.9033680733340195, -0.045605524428329866, 0.7339340618193015, 0.13478765472590504, -0.3984821903960333, -0.8112652534170732, -0.18827291605666918, -0.7539870461922058, 0.7831840286462284, 0.934177993318489, 0.4758560451579035, 0.8474798908036009, -0.2355702597993652, -0.6736182230124217, 0.8599996504479526, -0.397599761568169, 0.9428716342422999, -0.08850603123152823, 0.44433145733427626, -0.7949529466297811, -0.8959175039333785, 0.4912727230771215, 0.4155717063394493, -0.2668002222351239, -0.2670666313016231, 0.6276122881101268, 0.20706646489711655, -0.13740801451639584, 0.6472928812517551, 0.5455402043587063, -0.1189118013319248, -0.7919792284427721, 0.4025320880733496, -0.5392162597585373, -0.33302949795961223, -0.3781087146679068, 0.8266737154737238, 0.3572337304655706, 0.7248426286400369, 0.2745975049798062, 0.556151876602779, 0.1796164566306171, 0.37432064888468, 0.7480961231185304, -0.47877051008710314, 0.9032121724602635, 0.7473346289632365, -0.18893516151714063, 0.2852722700657606, 0.3678525346044623, -0.8000538022077874, 0.29863498909802444, 0.5375425035828957, 0.5977595107764928, -0.17465115316066304, -0.09980191275252359, 0.06857197494247647, 1.0, -0.9431457333109193, -0.6445778652151855, -0.33563767591680516, 0.9039715916992341, -0.526531369353437, 0.23519308487601237, -0.2138580413895399, -0.8788050189222789, 0.5882128352497469, -0.6987362535419892, -0.5247519027860972, 0.598265624051299, 0.7135222916370936, -0.44646209346659504, -0.8757111005336853, -0.8799438948820889, -0.3844274153878755, -0.16960928609824966, 0.7319124163795656, 0.17318274197850972, -0.9754500971280398, 0.36973028332200486, -0.4466494156006151, -0.5526390234250929, 0.8143847725915483, -0.2662358489322705, -0.5412398876074613, -0.9170995492638059, -0.20150884073367079, -0.2386316909638022, 0.03550249611831613, -0.4006972688302492, -0.02659376417778736, -0.14990869381897826, -0.7107202065435541, 0.8686331646952345, 0.6086841739711069, -0.2028986958206196, 0.1455652590843346, -0.8343765912600336, 0.5931076332741542, 0.0837248608944687, 0.20658382045957727, 0.5198856581179181, -0.9371627315659837, -0.6825408511549123, 0.27140398758107415, 0.29465726122715025, 0.3781377855461445, -0.5506961232285172, -0.6161091186920342, 0.8625695355517466, -0.17627274873923665, -0.159716790337457]
1019.9995727539062	(8, 12, 2)	[-0.004908551466191291, 0.24343023661033483, -0.8423131404177462, 0.5299023463665687, 0.23471549248659263, 0.07909848280747345, -0.5379934773936428, 0.18739157814581797, 0.9033680733340195, -0.045605524428329866, 0.7339340618193015, 0.13478765472590504, -0.3984821903960333, -0.8112652534170732, -0.18827291605666918, -0.7539870461922058, 0.7831840286462284, 0.934177993318489, 0.4758560451579035, 0.8474798908036009, -0.2355702597993652, -0.6736182230124217, 0.8599996504479526, -0.397599761568169, 0.9428716342422999, -0.08850603123152823, 0.44433145733427626, -0.7949529466297811, -0.8959175039333785, 0.4912727230771215, 0.4155717063394493, -0.2668002222351239, -0.2670666313016231, 0.6276122881101268, 0.20706646489711655, -0.13740801451639584, 0.6472928812517551, 0.5455402043587063, -0.1189118013319248, -0.7919792284427721, 0.4025320880733496, -0.5392162597585373, -0.33302949795961223, -0.3781087146679068, 0.8266737154737238, 0.3572337304655706, 0.7248426286400369, 0.2745975049798062, 0.556151876602779, 0.1796164566306171, 0.37432064888468, 0.7480961231185304, -0.47877051008710314, 0.9032121724602635, 0.7473346289632365, -0.18893516151714063, 0.2852722700657606, 0.3678525346044623, -0.8000538022077874, 0.29863498909802444, 0.5375425035828957, 0.5977595107764928, -0.17465115316066304, -0.09980191275252359, 0.06857197494247647, 1.0, -0.9431457333109193, -0.6445778652151855, -0.33563767591680516, 0.9039715916992341, -0.526531369353437, 0.23519308487601237, -0.2138580413895399, -0.8788050189222789, 0.5882128352497469, -0.6987362535419892, -0.5247519027860972, 0.598265624051299, 0.7135222916370936, -0.44646209346659504, -0.8757111005336853, -0.8799438948820889, -0.3844274153878755, -0.16960928609824966, 0.7319124163795656, 0.17318274197850972, -0.9754500971280398, 0.36973028332200486, -0.4466494156006151, -0.5526390234250929, 0.8143847725915483, -0.2662358489322705, -0.5412398876074613, -0.9170995492638059, -0.20150884073367079, -0.2386316909638022, 0.03550249611831613, -0.4006972688302492, -0.02659376417778736, -0.14990869381897826, -0.7107202065435541, 0.8686331646952345, 0.6086841739711069, -0.2028986958206196, 0.1455652590843346, -0.8343765912600336, 0.5931076332741542, 0.0837248608944687, 0.20658382045957727, 0.5198856581179181, -0.9371627315659837, -0.6825408511549123, 0.27140398758107415, 0.29465726122715025, 0.3781377855461445, -0.5506961232285172, -0.6161091186920342, 0.8625695355517466, -0.17627274873923665, -0.159716790337457]
1019.9993896484375	(8, 12, 2)	[-0.004908551466191291, -0.010356171712794432, -0.8327976771538231, 0.35919916194775237, 0.23471549248659263, 0.07909848280747345, -0.4549758249289393, 0.18739157814581797, 0.8475578360940201, -0.045605524428329866, 0.7339340618193015, 0.13478765472590504, -0.3984821903960333, -0.8514312734880713, -0.18827291605666918, -0.7539870461922058, 0.8862717814338628, 1.0, 0.4758560451579035, 0.983081549303586, -0.2862751090878189, -0.29518030429029624, 0.8991805754926139, -0.4112112379082388, 1.0, -0.08850603123152823, 0.44433145733427626, -0.7949529466297811, -0.8825879980365037, 0.5675157243008002, 0.4155717063394493, -0.2668002222351239, -0.2670666313016231, 0.7363619700537005, 0.20706646489711655, -0.2291766220522639, 0.6472928812517551, 0.5455402043587063, -0.1189118013319248, -1.0, 0.4025320880733496, -0.5392162597585373, -0.8932120157241396, -0.3781087146679068, 0.8266737154737238, 0.42618372623380313, 0.7248426286400369, 0.2745975049798062, 0.1677298304318866, 0.1796164566306171, 0.37432064888468, 0.8323313693621676, -0.33148392363340673, 0.22947233191927624, 0.7473346289632365, -0.18893516151714063, 0.2852722700657606, 0.4600809234317569, -0.8000538022077874, 0.23373096843037594, 0.4044317386345915, 0.5977595107764928, -0.17465115316066304, -0.09980191275252359, 0.06857197494247647, 0.8409201798411721, -0.9431457333109193, -0.6445778652151855, -0.33563767591680516, 0.1664117404340385, -0.526531369353437, 0.23519308487601237, -0.2138580413895399, -0.8662460845469768, -0.45724961431583244, -0.6987362535419892, -0.5247519027860972, 0.606979635905983, 0.7981229037311232, -0.44646209346659504, -0.8757111005336853, -0.7498218287588435, -0.3844274153878755, -0.16960928609824966, 0.7319124163795656, 0.08121446425064692, -1.0, 0.36973028332200486, -0.4466494156006151, -0.6214769950613103, 0.6558773080306521, -0.3307628910620801, -0.5284596979412297, -0.9170995492638059, -0.343653256003519, -0.3589715822956232, -0.7579862238080612, -0.3689610094437572, -0.02659376417778736, -0.21594179136405264, -0.7107202065435541, 0.8686331646952345, 0.6086841739711069, -0.2028986958206196, 0.017080394694289597, 0.37603320357279646, 0.5931076332741542, -0.049094238870490914, 0.20658382045957727, 0.4711576423256362, -0.9011273510180888, -0.6982210292101344, 0.10792716638063321, 0.29465726122715025, 0.3781377855461445, -0.5506961232285172, -0.6161091186920342, 0.8625695355517466, -0.14856542796438707, -0.03286107385159637]
1019.9999389648438	(8, 12, 2)	[-0.004908551466191291, -0.010356171712794432, -0.8423131404177462, 0.5299023463665687, 0.23471549248659263, -0.0636476109627103, -0.47820977375523355, 0.21913267739000972, 0.9025410716513651, -0.045605524428329866, 0.7339340618193015, 0.1102952383698643, -0.3984821903960333, -0.8514312734880713, -0.18827291605666918, -0.7636666622098145, 0.8862717814338628, 0.934177993318489, 0.4758560451579035, 0.983081549303586, -0.2355702597993652, -0.29718798219344095, 0.8991805754926139, -0.397599761568169, 1.0, -0.08850603123152823, 0.44433145733427626, -0.7949529466297811, -0.8825879980365037, 0.6868025742076531, 0.4155717063394493, -0.24535646071476708, -0.13145029586267531, 0.6276122881101268, -0.05526954297480946, -0.5886258078043578, 0.29295169497156565, 0.5455402043587063, -0.1189118013319248, -0.9756070156978072, 0.4025320880733496, -0.5392162597585373, -0.8932120157241396, -0.3366973171294867, 0.8266737154737238, 0.3542866981728825, 0.2628893969769366, 0.4835969337488504, 0.539547761269662, 0.1796164566306171, 0.37432064888468, 0.7480961231185304, -0.47877051008710314, 0.9032121724602635, 0.7473346289632365, -0.18893516151714063, 0.2852722700657606, 0.3678525346044623, -0.8000538022077874, 0.29863498909802444, 0.4448961495092512, 0.6204382515476452, -0.17465115316066304, 0.061056200109686154, 0.06857197494247647, 1.0, -0.7309057538199042, -0.6445778652151855, -0.3222350320209727, -0.9493519684204317, -0.526531369353437, 0.23519308487601237, -0.2138580413895399, -0.8662460845469768, -0.45724961431583244, -0.8191219150534235, -0.453398349460558, 0.5861104436656726, 0.7135222916370936, -0.3397928307804775, -0.8757111005336853, -0.7108956247288738, -0.3844274153878755, -0.16960928609824966, 0.7319124163795656, 0.1697488559664324, -0.9754500971280398, 0.23363020298171294, -0.47167372078170156, -0.5526390234250929, 0.6558773080306521, -0.27063746373395897, -0.5953579354802752, -0.9170995492638059, -0.343653256003519, -0.2386316909638022, -0.7579862238080612, -0.4006972688302492, -0.02659376417778736, -0.14990869381897826, 0.48632919870313507, 0.8992017462916784, 0.6086841739711069, -0.2028986958206196, 0.1455652590843346, -0.9106384767911491, 0.5931076332741542, 0.050310625262580067, 0.2634158650830979, 0.5198856581179181, -0.9011273510180888, -0.6825408511549123, 0.22976753753650156, 0.29465726122715025, 0.3781377855461445, -0.5506961232285172, -0.6161091186920342, 0.8625695355517466, -0.16578086871102982, -0.159716790337457]
1019.9998779296875	(8, 12, 2)	[-0.004908551466191291, 0.09850165490533253, -0.8423131404177462, 0.35919916194775237, 0.23471549248659263, 0.07909848280747345, -0.5379934773936428, 0.30938553542694236, 1.0, -0.045605524428329866, 0.7339340618193015, 0.01260771507649873, -0.3984821903960333, -0.8514312734880713, -0.18827291605666918, -0.9231117476973444, 0.7831840286462284, 1.0, 0.4758560451579035, 0.983081549303586, -0.24199841008425751, -0.29718798219344095, 0.7724993013807282, -0.4112112379082388, 1.0, -0.08850603123152823, 0.36609853039490503, -0.7949529466297811, -0.8825879980365037, 0.6868025742076531, 0.4155717063394493, -0.19988834204455608, -0.1952809099141545, 0.7363619700537005, 0.34586287066323285, -0.2760060844120106, 0.6472928812517551, 0.5455402043587063, -0.1189118013319248, -1.0, 0.4025320880733496, -0.5392162597585373, -0.8932120157241396, -0.39283538799424433, 0.8266737154737238, 0.3542866981728825, 0.2628893969769366, 0.2745975049798062, 0.556151876602779, 0.1796164566306171, 0.37432064888468, 0.8323313693621676, -0.47877051008710314, 0.9032121724602635, 0.8816757196529634, -0.18893516151714063, 0.2852722700657606, 0.3678525346044623, -0.8000538022077874, 0.29863498909802444, 0.46698841454264883, 0.6204382515476452, -0.17465115316066304, -0.09980191275252359, 0.06857197494247647, 1.0, -0.9431457333109193, -0.6445778652151855, -0.3222350320209727, 0.1664117404340385, -0.5530948986828703, 0.23519308487601237, -0.1018002215626764, -0.8662460845469768, -0.45724961431583244, -0.6987362535419892, -0.453398349460558, 0.598372647711209, 0.7135222916370936, -0.359838448312275, -0.8757111005336853, -0.7108956247288738, -0.5763287039954432, -0.16960928609824966, 0.8437332577120658, 0.1697488559664324, -0.9754500971280398, 0.23363020298171294, -0.4466494156006151, -0.5526390234250929, 0.6558773080306521, -0.2662358489322705, -0.5953579354802752, -0.9170995492638059, -0.343653256003519, 0.5027756599805302, -0.726632846975046, -0.3689610094437572, -0.02659376417778736, -0.14990869381897826, -0.7939509798928288, 0.8631350660350684, 0.707074911068239, -0.2028986958206196, 0.1455652590843346, -0.9549296975345463, 0.5094374440336794, -0.049094238870490914, 0.20658382045957727, 0.4711576423256362, -0.9011273510180888, -0.6825408511549123, 0.18562090211927473, 0.29465726122715025, 0.3781377855461445, -0.5506961232285172, -0.6161091186920342, 0.8625695355517466, -0.04454341142698125, -0.159716790337457]
1019.9998779296875	(8, 12, 2)	[-0.004908551466191291, 0.09850165490533253, -0.8423131404177462, 0.3505649671685062, 0.23471549248659263, 0.07909848280747345, -0.5379934773936428, 0.30938553542694236, 0.8475578360940201, -0.045605524428329866, 0.8501483022396477, 0.1102952383698643, -0.3984821903960333, -0.8514312734880713, -0.18827291605666918, -0.8095784294002084, 0.8862717814338628, 1.0, 0.4758560451579035, 0.983081549303586, -0.2355702597993652, -0.29518030429029624, 0.8991805754926139, -0.4112112379082388, 1.0, -0.08850603123152823, 0.44433145733427626, -0.7949529466297811, -0.9658745045679673, 0.6868025742076531, 0.4155717063394493, -0.24535646071476708, -0.2670666313016231, 0.5940679233203487, -0.05526954297480946, -0.5886258078043578, 0.6472928812517551, 0.5455402043587063, -0.1189118013319248, -0.9756070156978072, 0.4025320880733496, -0.5392162597585373, -0.9630811725970793, -0.3781087146679068, 0.4650685919240922, 0.3542866981728825, 0.2628893969769366, 0.2745975049798062, 0.556151876602779, 0.1796164566306171, 0.37432064888468, 0.7480961231185304, -0.47877051008710314, 0.9032121724602635, 0.7473346289632365, -0.18893516151714063, 0.435194835637438, 0.3678525346044623, -0.8000538022077874, 0.29863498909802444, 0.4044317386345915, 0.5977595107764928, -0.17465115316066304, -0.09980191275252359, 0.06857197494247647, 1.0, -0.9431457333109193, -0.6445778652151855, -0.33563767591680516, 0.07844522316951963, -0.5041641460180708, 0.23519308487601237, -0.2138580413895399, -0.8662460845469768, -0.38946168817509325, -0.6987362535419892, -0.453398349460558, 0.598265624051299, 0.7135222916370936, -0.44646209346659504, -0.8757111005336853, -0.7498218287588435, -0.5763287039954432, -0.16960928609824966, 0.6880502894632912, 0.08121446425064692, -1.0, 0.23363020298171294, -0.47167372078170156, -0.5526390234250929, 0.8143847725915483, -0.3307628910620801, -0.5953579354802752, -0.9170995492638059, -0.35433005458325406, 0.5027756599805302, -0.726632846975046, -0.3689610094437572, -0.07419096653300325, -0.14990869381897826, 0.48632919870313507, 0.8686331646952345, 0.6086841739711069, -0.2028986958206196, 0.1455652590843346, -0.9549296975345463, 0.5931076332741542, 0.050310625262580067, -0.5618684362085031, 0.4711576423256362, -0.810314587802331, -0.6825408511549123, 0.22976753753650156, -0.232812896908821, 0.3781377855461445, -0.5506961232285172, -0.6161091186920342, 0.8625695355517466, 0.08392888811504738, -0.159716790337457]
1019.9995727539062	(8, 12, 2)	[-0.004908551466191291, 0.24343023661033483, -0.8423131404177462, 0.1884370486648936, 0.23471549248659263, -0.0636476109627103, -0.47820977375523355, 0.21913267739000972, 0.8475578360940201, -0.10952612327382955, 0.7339340618193015, 0.13478765472590504, -0.3984821903960333, -0.8112652534170732, -0.18827291605666918, -0.7636666622098145, 0.8862717814338628, 1.0, 0.4758560451579035, 0.8474798908036009, -0.2355702597993652, -0.29718798219344095, 0.8599996504479526, -0.4112112379082388, 1.0, -0.08850603123152823, 0.44433145733427626, -0.7949529466297811, -0.8825879980365037, 0.6868025742076531, 0.4155717063394493, -0.19988834204455608, -0.2670666313016231, 0.6276122881101268, 0.34586287066323285, -0.07967205905133509, 0.24722670076352776, 0.5455402043587063, -0.1189118013319248, -0.9756070156978072, 0.40645876031216316, -0.5392162597585373, -0.33302949795961223, -0.39283538799424433, 0.8266737154737238, 0.42618372623380313, 0.2628893969769366, 0.2745975049798062, 0.539547761269662, 0.1796164566306171, 0.37432064888468, 0.7480961231185304, -0.47877051008710314, 0.9032121724602635, 0.7473346289632365, -0.18893516151714063, 0.435194835637438, 0.3678525346044623, -0.8000538022077874, 0.29863498909802444, 0.48670631321143654, 0.6204382515476452, -0.17465115316066304, 0.015181542226848144, 0.06857197494247647, 1.0, -0.9431457333109193, -0.6445778652151855, -0.33563767591680516, 0.9039715916992341, -0.526531369353437, 0.23519308487601237, -0.2138580413895399, -0.8662460845469768, 0.5060406931159294, -0.6987362535419892, -0.453398349460558, 0.6647657255140169, 0.7135222916370936, -0.3397928307804775, -0.8757111005336853, -0.7108956247288738, -0.3844274153878755, -0.16960928609824966, 0.7319124163795656, 0.08121446425064692, -0.9754500971280398, 0.23363020298171294, -0.49719038866432563, -0.5526390234250929, 0.6558773080306521, -0.2662358489322705, -0.4614792836798941, -0.8945895742413117, -0.08092945453014959, -0.2386316909638022, -0.7579862238080612, -0.4006972688302492, -0.07419096653300325, -0.14990869381897826, 0.48632919870313507, 0.8992017462916784, 0.6086841739711069, -0.2028986958206196, 0.1455652590843346, -0.8868405208983804, 0.5931076332741542, 0.0038810566865322277, 0.2634158650830979, 0.4711576423256362, -0.905555015652682, -0.6825408511549123, -0.7773026386123318, 0.29465726122715025, 0.3781377855461445, -0.5506961232285172, -0.6161091186920342, 0.8625695355517466, -0.04454341142698125, -0.159716790337457]
1019.999755859375	(8, 12, 2)	[-0.004908551466191291, 0.09850165490533253, -0.8327976771538231, 0.5299023463665687, 0.23471549248659263, 0.07909848280747345, -0.5379934773936428, 0.30938553542694236, 0.8475578360940201, -0.045605524428329866, 0.7339340618193015, 0.13478765472590504, -0.3984821903960333, -0.8514312734880713, -0.18827291605666918, -0.7636666622098145, 0.8862717814338628, 1.0, 0.4758560451579035, 1.0, -0.17371326592046418, -0.29718798219344095, 0.7724993013807282, -0.4112112379082388, 0.8535004997480822, -0.1524694791907173, 0.36609853039490503, -0.7949529466297811, -0.8825879980365037, 0.6868025742076531, 0.4155717063394493, -0.19988834204455608, -0.1952809099141545, 0.7363619700537005, 0.20706646489711655, -0.07967205905133509, 0.6472928812517551, 0.5455402043587063, -0.1189118013319248, -1.0, 0.4025320880733496, -0.5392162597585373, -0.8932120157241396, -0.39283538799424433, 0.8266737154737238, 0.3542866981728825, 0.19156629268976313, 0.2745975049798062, 0.556151876602779, 0.177580237596367, 0.37432064888468, 0.7480961231185304, -0.559196895269284, 0.9032121724602635, 0.7473346289632365, -0.18893516151714063, 0.435194835637438, 0.3678525346044623, -0.8000538022077874, 0.29863498909802444, 0.4448961495092512, 0.5977595107764928, -0.17465115316066304, 0.061056200109686154, 0.06857197494247647, 1.0, -0.9431457333109193, -0.6445778652151855, -0.33563767591680516, 0.1664117404340385, -0.4918483362886597, 0.23519308487601237, -0.2138580413895399, -0.8662460845469768, -0.45724961431583244, -0.8191219150534235, -0.453398349460558, 0.6235140878602989, 0.7981229037311232, -0.4864655437037554, -0.8757111005336853, -0.7498218287588435, -0.5763287039954432, -0.16960928609824966, 0.7319124163795656, -0.11491297860844799, -0.9754500971280398, 0.36973028332200486, -0.7112721159974543, -0.5078716518863038, 0.8143847725915483, -0.42240711030715433, -0.5953579354802752, -0.9170995492638059, -0.08092945453014959, 0.5027756599805302, -0.7579862238080612, -0.3689610094437572, -0.07419096653300325, -0.14990869381897826, -0.7107202065435541, 0.8686331646952345, 0.6086841739711069, -0.2028986958206196, 0.4704852945140925, -0.8343765912600336, 0.5931076332741542, -0.049094238870490914, 0.20658382045957727, 0.4552091442730486, -0.9011273510180888, -0.6982210292101344, 0.13679011613662623, 0.29465726122715025, 0.3781377855461445, 0.28054584868793514, -0.6161091186920342, 0.8625695355517466, -0.16578086871102982, -0.159716790337457]
1019.9998168945312	(8, 12, 2)	[-0.004908551466191291, 0.09850165490533253, -0.8327976771538231, 0.5299023463665687, 0.23471549248659263, 0.07909848280747345, -0.47820977375523355, 0.21913267739000972, 1.0, -0.045605524428329866, 0.7339340618193015, 0.13478765472590504, -0.3984821903960333, -0.8514312734880713, -0.18827291605666918, -0.7636666622098145, 0.8862717814338628, 1.0, 0.4758560451579035, 0.983081549303586, -0.2355702597993652, -0.29718798219344095, 0.7724993013807282, -0.4112112379082388, 0.8535004997480822, -0.1524694791907173, 0.44433145733427626, -0.845436688630392, -0.8825879980365037, 0.6868025742076531, 0.4155717063394493, -0.19988834204455608, -0.1952809099141545, 0.7363619700537005, -0.05526954297480946, -0.07967205905133509, 0.6472928812517551, 0.5455402043587063, -0.1189118013319248, -0.9756070156978072, 0.4025320880733496, -0.5392162597585373, -0.9630811725970793, -0.39283538799424433, 0.8266737154737238, 0.3542866981728825, 0.26207202645308436, 0.2745975049798062, 0.556151876602779, 0.1796164566306171, 0.37432064888468, 0.703606671433803, -0.47877051008710314, 0.9032121724602635, 0.7473346289632365, -0.18893516151714063, 0.435194835637438, 0.3678525346044623, -0.8000538022077874, 0.2525391828356628, 0.4448961495092512, 0.5977595107764928, -0.17465115316066304, 0.061056200109686154, 0.06857197494247647, 0.8409201798411721, -0.9431457333109193, -0.6445778652151855, -0.33563767591680516, 0.1664117404340385, -0.4918483362886597, 0.08433226414005923, -0.2138580413895399, -0.8662460845469768, -0.45724961431583244, -0.8191219150534235, -0.453398349460558, 0.606979635905983, 0.7981229037311232, -0.44646209346659504, -0.9616936110117209, -0.7498218287588435, -0.5763287039954432, -0.16960928609824966, 0.7319124163795656, -0.11491297860844799, -0.9754500971280398, 0.23363020298171294, -0.7112721159974543, -0.5078716518863038, 0.6558773080306521, -0.3751579869597996, -0.5953579354802752, -0.9170995492638059, -0.343653256003519, 0.5027756599805302, -0.7579862238080612, -0.3689610094437572, -0.004139752850924827, -0.14990869381897826, -0.7107202065435541, 0.7445894514731711, 0.6086841739711069, -0.2028986958206196, 0.1455652590843346, -0.9549296975345463, 0.5931076332741542, -0.049094238870490914, 0.20658382045957727, 0.4552091442730486, -0.9011273510180888, -0.6982210292101344, 0.12850099656221786, 0.29465726122715025, 0.3781377855461445, 0.28054584868793514, -0.6161091186920342, 0.8625695355517466, -0.16578086871102982, -0.159716790337457]
1019.9996337890625	(8, 12, 2)	[-0.004908551466191291, 0.2014041560880535, -0.8423131404177462, 0.5299023463665687, 0.23471549248659263, 0.07909848280747345, -0.47820977375523355, 0.076772450156633, 0.8757064733337935, -0.10952612327382955, 0.6842184145611232, 0.13478765472590504, -0.3984821903960333, -0.8112652534170732, -0.18827291605666918, -0.7636666622098145, 0.7831840286462284, 0.934177993318489, 0.4758560451579035, 0.983081549303586, -0.2355702597993652, -0.29718798219344095, 0.8991805754926139, -0.09744760922878148, 1.0, -0.08850603123152823, 0.44433145733427626, -0.7949529466297811, -0.9658745045679673, 0.6868025742076531, 0.4155717063394493, -0.24535646071476708, -0.1762107569226729, 0.7363619700537005, 0.20706646489711655, -0.2760060844120106, 0.6472928812517551, 0.5455402043587063, -0.1189118013319248, -0.9756070156978072, 0.4025320880733496, -0.5392162597585373, -0.9630811725970793, -0.3366973171294867, 0.8266737154737238, 0.3542866981728825, 0.2628893969769366, 0.2745975049798062, 0.556151876602779, 0.1796164566306171, 0.37432064888468, 0.8323313693621676, -0.356613026564912, 0.22947233191927624, 0.7473346289632365, -0.18893516151714063, 0.2852722700657606, 0.3678525346044623, -0.7232983491018503, 0.29863498909802444, 0.48670631321143654, 0.6204382515476452, -0.17465115316066304, -0.024685440395502675, 0.1118992445887258, 1.0, -0.9431457333109193, -0.6445778652151855, -0.33563767591680516, 0.1664117404340385, -0.526531369353437, 0.23519308487601237, -0.14341168298258372, -0.8662460845469768, -0.45724961431583244, -0.6987362535419892, -0.5247519027860972, 0.606979635905983, 0.7135222916370936, -0.359838448312275, -0.8757111005336853, -0.7498218287588435, -0.3844274153878755, -0.16960928609824966, 0.6880502894632912, 0.08121446425064692, -0.9754500971280398, 0.36973028332200486, -0.5547018246416854, -0.5526390234250929, 0.8143847725915483, -0.2662358489322705, -0.5284596979412297, -0.9170995492638059, -0.343653256003519, -0.22248682508518436, -0.726632846975046, -0.31874756200016274, -0.02659376417778736, -0.14990869381897826, -0.7107202065435541, 0.8992017462916784, 0.6086841739711069, -0.2028986958206196, 0.4704852945140925, -0.9549296975345463, 0.5931076332741542, -0.049094238870490914, 0.2634158650830979, 0.4711576423256362, -0.9371627315659837, -0.6825408511549123, 0.22976753753650156, 0.29465726122715025, 0.3781377855461445, 0.28054584868793514, -0.6161091186920342, 0.8625695355517466, -0.04454341142698125, -0.235301058003473]
1019.9998779296875	(8, 12, 2)	[-0.004908551466191291, 0.09850165490533253, -0.8423131404177462, 0.35919916194775237, 0.23471549248659263, -0.0636476109627103, -0.47820977375523355, 0.30938553542694236, 0.8475578360940201, -0.10952612327382955, 0.7339340618193015, 0.16169288170571497, -0.3984821903960333, -0.8112652534170732, -0.14395520882114415, -0.7636666622098145, 0.8862717814338628, 0.934177993318489, 0.4758560451579035, 0.8474798908036009, -0.2862751090878189, -0.29718798219344095, 0.8599996504479526, -0.5402866123805526, 0.8535004997480822, -0.08850603123152823, 0.44433145733427626, -0.7949529466297811, -0.8825879980365037, 0.6868025742076531, 0.4155717063394493, -0.24535646071476708, -0.2670666313016231, 0.7363619700537005, 0.34586287066323285, -0.13740801451639584, 0.6472928812517551, 0.5455402043587063, -0.1189118013319248, -0.9756070156978072, 0.40645876031216316, -0.5392162597585373, -0.8932120157241396, -0.39283538799424433, 0.8266737154737238, 0.42618372623380313, 0.7248426286400369, 0.4835969337488504, 0.5088404131113828, 0.1796164566306171, 0.37432064888468, 0.7480961231185304, -0.47877051008710314, 0.9032121724602635, 0.7473346289632365, -0.08735240664907844, 0.435194835637438, 0.3678525346044623, -0.8000538022077874, 0.29863498909802444, 0.46698841454264883, 0.5748863530771673, -0.17465115316066304, 0.015181542226848144, 0.06857197494247647, 0.8409201798411721, -0.9431457333109193, -0.6445778652151855, -0.33563767591680516, 0.9621900952331164, -0.526531369353437, 0.23519308487601237, -0.2138580413895399, -0.8662460845469768, -0.45724961431583244, -0.6987362535419892, -0.453398349460558, 0.598372647711209, 0.7135222916370936, -0.359838448312275, -0.8757111005336853, -0.7108956247288738, -0.5763287039954432, -0.16960928609824966, 0.7319124163795656, 0.1697488559664324, -1.0, 0.23363020298171294, -0.4466494156006151, -0.5526390234250929, 0.575822563413295, -0.2662358489322705, -0.7030476290403133, -0.9170995492638059, -0.35433005458325406, 0.5027756599805302, -0.7579862238080612, -0.3689610094437572, -0.07419096653300325, -0.14990869381897826, -0.7939509798928288, 0.8686331646952345, 0.6086841739711069, -0.2028986958206196, 0.1455652590843346, -0.9549296975345463, 0.5094374440336794, 0.0038810566865322277, 0.20658382045957727, 0.4711576423256362, -0.905555015652682, -0.6825408511549123, 0.18562090211927473, 0.29465726122715025, 0.3781377855461445, 0.28054584868793514, -0.6161091186920342, 0.8625695355517466, -0.16578086871102982, -0.159716790337457]
1019.9998168945312	(8, 12, 2)	[-0.004908551466191291, 0.2014041560880535, -0.8423131404177462, 0.5299023463665687, 0.23471549248659263, 0.07909848280747345, -0.47820977375523355, 0.18739157814581797, 1.0, -0.10952612327382955, 0.7339340618193015, 0.13478765472590504, -0.3969657721731812, -0.8112652534170732, -0.18904066396162456, -0.7636666622098145, 0.7831840286462284, 0.934177993318489, 0.4758560451579035, 0.983081549303586, -0.2355702597993652, -0.29718798219344095, 0.8371014544533043, -0.5402866123805526, 0.9989609756793099, -0.08850603123152823, 0.44433145733427626, -0.7949529466297811, -0.9658745045679673, 0.6868025742076531, 0.4155717063394493, -0.24535646071476708, -0.1762107569226729, 0.6576018389081689, 0.15070829309287057, -0.2760060844120106, 0.24722670076352776, 0.5455402043587063, -0.1189118013319248, -1.0, 0.4025320880733496, -0.5392162597585373, -0.8932120157241396, -0.39283538799424433, 0.8266737154737238, 0.3542866981728825, 0.2628893969769366, 0.2745975049798062, 0.556151876602779, 0.177580237596367, 0.37432064888468, 0.7480961231185304, -0.33148392363340673, 0.9032121724602635, 0.7473346289632365, -0.18893516151714063, 0.2852722700657606, 0.26386804849141055, -0.8000538022077874, 0.29863498909802444, 0.48670631321143654, 0.5977595107764928, -0.17465115316066304, -0.09980191275252359, 0.06857197494247647, 1.0, -0.9431457333109193, -0.6445778652151855, -0.3222350320209727, 0.9039715916992341, -0.4918483362886597, 0.23519308487601237, -0.2138580413895399, -0.964859953775921, 0.5060406931159294, -0.6987362535419892, -0.453398349460558, 0.598372647711209, 0.7135222916370936, -0.359838448312275, -0.8757111005336853, -0.7498218287588435, -0.3844274153878755, -0.18977857705872409, 0.7319124163795656, 0.08121446425064692, -0.9754500971280398, 0.424712367499783, -0.4466494156006151, -0.5526390234250929, 0.6558773080306521, -0.2662358489322705, -0.5284596979412297, -0.9170995492638059, -0.343653256003519, 0.5027756599805302, -0.726632846975046, -0.3689610094437572, -0.02659376417778736, -0.14990869381897826, 0.48632919870313507, 0.8631350660350684, 0.6086841739711069, -0.2028986958206196, 0.4704852945140925, -0.9549296975345463, 0.5931076332741542, 0.0818150890271141, 0.20658382045957727, 0.4711576423256362, -0.9011273510180888, -0.6825408511549123, 0.22976753753650156, 0.29465726122715025, 0.3781377855461445, 0.28054584868793514, -0.6161091186920342, 0.5296057673528332, -0.04454341142698125, -0.235301058003473]
