1019.921142578125	(8, 12, 2)	[0.373906736633564, 0.42488297035603484, 0.4389619498134274, 0.6840130285455421, 0.9609092523369926, -0.7497439712939389, -0.12437222691781913, -0.7004297948770681, 0.9149721231755061, 0.3736477028526499, 0.3948515159370871, -0.46093581329507805, -0.4365272143203671, -0.0033928229701771784, -0.20319710962180548, 0.7283588509716366, 0.6576883058361747, -0.11309182131100548, -0.8976126463974177, -0.0718379715151165, 0.13302693709116165, 0.5269501619728489, 0.8683608047641642, 0.0005377984918299994, 0.43763652262605524, -0.7807097806915939, 0.9627904879424296, 0.6022705944672335, 0.0027008378205839456, -0.8999128808718708, 0.26161450767412053, -0.09843924275414251, -0.9553684877480688, -0.39799216430021667, -0.3580635317353087, -0.8285270993517511, 0.4612307485680278, -0.094293824690594, 0.0897689698462385, -0.9674224732367416, -0.4837053017065869, 0.626368516460942, 0.8535459981346998, -0.31174652746775955, -0.22733044137899383, -0.7892365847166571, -0.52624489506453, -0.5084836945356772, -0.6717425279446634, -0.5689686531134968, -0.6874804825542697, -0.6251207753804369, 0.9719310671776951, 0.6294266412641176, 0.8782221121195479, -0.3504268413390712, 0.15065981995039213, -0.861167804845103, -0.5028524959900209, -0.8016890691493324, 0.22132835821936503, -0.2688651532653199, 0.7554051763043523, -0.1774175264675728, -0.1045292233635211, -0.3508752972834628, -0.7937519368439956, 0.1636747508468659, -0.07370385167144744, 0.0373918049727624, 0.8022740010277729, -0.6108393858228318, -0.9230143969019513, 0.8032564761295389, -0.558760900070955, -0.7772176209117232, -0.21016243903288334, -0.9979955986871363, 0.7835163803899556, -0.5521443830022483, -0.18687024198170876, -0.009076577709197897, 0.37395627521354013, 0.3253014149572646, -0.2865171697969586, 0.9039740741474744, 0.013472220349341812, 0.4225586068107412, -0.9830443331157896, 0.7532257661980764, 0.554522164060038, 0.12160125364633179, -0.06715404151799675, -0.8536561524429149, 0.5854682585348403, -0.9288604907921647, -0.34368346157098917, 0.20037035782333557, -0.24472250298878295, -0.20175520213435405, -0.574871344098915, -0.09884419483407769, -0.03451056250916906, 0.9508856166400561, 0.791415814206996, -0.3423695431973979, 0.24510720730752822, -0.09625303720092115, 0.9230555415598669, -0.8204775460893765, -0.4739994216026018, -0.07986476305663981, -0.4461841264441695, 0.9450951422279277, 0.2636566315437121, 0.12441971337981128, 0.07030025848052279, 0.07639469418780576, 0.08493046965400763, 0.9942199326282186]
-15.394373893737793	(8, 12, 2)	[-0.22858404298778234, 0.6776857755933121, -0.5893802770640875, -0.7918125041869262, -0.7253921061347413, -0.6406628021041605, 0.8447321210929519, -0.6493965006282514, 0.2424495581292474, -0.7638381454468188, 0.7753155624607138, 0.5299935572796064, -0.8782166750595417, -0.4211147589231543, -0.8441625472007259, -0.3541452553787754, -0.44258749218697946, -0.8730577109476902, -0.07017626850121883, -0.8642085080991408, 0.42940924408858194, -0.2548978722069879, -0.9837955634574858, 0.6213523875591453, -0.4366642936157461, 0.37210729538000575, 0.5929819651917316, 0.5240741851109876, 0.36829587142073983, -0.8892978133466114, 0.9441609919494012, -0.21473836986958172, 0.6328710827853172, 0.7131174307146293, -0.2931548713942427, 0.4269499858258612, 0.09387036868813126, -0.010350942157209664, 0.8026064811896922, -0.794517766112369, 0.493912206018551, 0.03126273624317433, 0.38242085084336574, -0.27368317050247715, 0.22810677251865874, 0.4346500615799378, -0.4037669515301221, -0.1551934660303631, 0.8650133029023224, 0.24271238467866518, 0.8510423523305699, -0.017107041344192053, 0.11260065923546697, -0.9171944838827448, 0.07083378152682207, -0.16164677650117465, -0.012556980949503638, 0.367284182805103, -0.5419842555292833, 0.8741790717411273, 0.8131225007260472, -0.7406424271279783, 0.6786199673346847, 0.8702328319185777, -0.38772080829380906, -0.44579137550024184, -0.7286786683763058, -0.28889520635769217, -0.05094636402689856, -0.22376930836494568, -0.7763199938578553, 0.47512950003161625, -0.0660669016814055, 0.17517113637740334, -0.11338336857787756, -0.6585987655715093, 0.5718009380503477, 0.6619169787312351, 0.3785061925288338, -0.6129519003854031, -0.6548836461300291, -0.5475941149037378, -0.2521594109377858, -0.4925004443912655, 0.2595678607248706, -0.21719323353128406, -0.2813737775146148, -0.6352003064497773, 0.48865679366392056, 0.7209767335244286, -0.233275467308256, -0.2817107211033163, -0.4872039024134518, -0.34968674063305816, -0.11955320619414733, -0.8030601361739371, 0.7332555852658535, -0.9331357204713708, -0.41459089192990395, 0.6771628884856034, -0.9314289960386435, -0.21887735445388157, -0.5594391798071794, 0.3430753851422972, 0.5753531230374451, 0.4644633275004575, 0.14252497286797383, -0.8571381383261485, -0.35176450181993335, -0.46666494400449876, 0.47479670782288763, 0.46683898406498714, 0.28903069798405334, -0.16467550133780784, -0.44521209145033547, 0.08893609541869973, -0.2740817865320009, -0.5878144582540534, -0.6193679263210348, -0.8872564238722089]
1019.9022827148438	(8, 12, 2)	[-0.7243529368225096, -0.31050163324084545, -0.6677475267904693, -0.49525029279346233, -0.30941730367863407, -0.8146114361484913, 0.8447321210929519, -0.6493965006282514, -0.42923957708651383, 0.8017481799413433, 0.7210775170343127, 0.5391616190406148, -0.2623499054775982, -0.8786772278196369, 0.5742388620532892, -0.3541452553787754, -0.21931367330545282, 0.5859754461086528, 0.4052022110728901, -0.3786519824832084, 0.42940924408858194, -0.10462762426601446, -0.48462565066690577, 0.46967289663277456, -0.8999519021858262, -0.23993582863564633, -0.9175881569949098, 0.12051272776416755, -0.3724117014741808, -0.5276474848803492, 0.03614586112169427, -0.8494842522888115, 0.6837958281031158, 0.11177256890931253, -0.8480933357150429, -0.3265658835162688, 0.9612119420710714, 0.7699882486772074, 0.35327128174549305, -0.794517766112369, 0.43097174734007515, 0.2477731740468503, -0.6042174498718595, -0.27368317050247715, 0.7733577176229998, 0.5384891294899736, 0.7302726475565933, -0.1551934660303631, -0.7700443825407421, -0.15713652165311798, 0.7571745000755494, -0.0011447432348619113, -0.1660206079129003, 0.4553207509741508, -0.19163425394240927, -0.16164677650117465, 0.6847974693539973, -0.27558392858276637, 0.9589258535922596, -0.6612606731535724, -0.7390224534991334, -0.744962175089146, -0.16459635871419187, -0.0019335771519308764, 0.3083107757246315, -0.026173021447145395, 0.0008666918023987336, 0.48274460514553796, -0.05094636402689856, 0.5174657344723503, 0.5405338169665204, -0.6360640985932722, 0.38236028905057085, -0.9072933448299418, -0.7182749808094986, -0.0797892599856882, -0.7750425481484144, 0.342202851278401, -0.3813772957394259, -0.6340738069464835, 0.5625779084804692, 0.5970047674356946, 0.6285663902024301, 0.22843374999006816, -0.8316504685187998, -0.21719323353128406, 0.9016013842924528, 0.60423566908159, 0.9615336950569602, 0.7209767335244286, 0.5150311582069063, 0.9866031599849183, -0.5728154524978988, 0.9906520753435426, -0.947758582078466, -0.2372151639280462, 0.7332555852658535, 0.7696805781514016, 0.7514878361228452, -0.46101773954303904, 0.1512600491271148, -0.8878782313660356, -0.8484169232487897, -0.3499687590717975, 0.2791081501121009, 0.8244775457591691, -0.7923068390530521, 0.4800655286206159, -0.8624377632208124, 0.6030892279022813, -0.31690870929351367, 0.9629462922782097, 0.7864807795808397, -0.5768221689980011, -0.44521209145033547, -0.865031067562049, 0.39968807272826634, 0.622123773985914, -0.6861477669400322, -0.8872564238722089]
-0.9072215557098389	(8, 12, 2)	[-0.16066674851235208, 0.25336076854009426, 0.30723444998471217, 0.12633885964154046, -0.8836846042955867, -0.24451944850778062, -0.60809211137833, 0.059828032594907876, -0.6853218560775811, -0.7737244228460323, 0.37304301423260267, -0.9376508922463667, 0.2699921397304039, 0.4548689575455207, -0.3919996847392013, 0.2745385183590945, 0.6003013174859684, 0.6377407452768948, -0.9120136601651845, 0.015801719477073428, -0.8745204670524693, -0.729009505203762, -0.7410239379902579, -0.9284078865283862, -0.19298752751672477, -0.3161345134722975, -0.16263551653151498, -0.7849200574892994, 0.8339376508235339, -0.8966043057514079, -0.8603351460414008, 0.0967569365884593, 0.20578869957737078, 0.49534520045281094, -0.5040943728607601, -0.43325175743448674, 0.8275961544949615, 0.8431256452856688, -0.568977843331665, -0.6059151755079624, 0.3038136935518725, 0.6191155519009854, 0.4391858745466626, -0.7314457174725639, 0.06561291395559987, -0.06489238820960974, 0.6516911658151212, 0.9637210474694473, -0.05286341360312319, -0.7202137850281309, 0.5522257862737818, -0.06786651066931415, -0.636678533320651, 0.2813590743763583, 0.10373517175331481, -0.2800926863966495, 0.8113289458117889, -0.7800591036322397, 0.6388024686476734, 0.6301802444879165, 0.3224962726250651, 0.6740491584134356, -0.2562193440494054, -0.24054832792133896, 0.7706374716295683, 0.8716932290127135, -0.1374842263337155, 0.7258466567985988, -0.7214595801582637, -0.8935724788470083, 0.5488972077674212, -0.5981399071092388, -0.6433765384093886, 0.7923375509786335, 0.276941241700418, -0.9319485860198458, -0.15148916998263529, -0.7367782169728252, 0.9969473527388841, -0.20716246737388677, -0.7805012038383126, -0.553731773367526, -0.19790519649375032, 0.03244029961025796, -0.81728391876148, -0.29253543181422326, -0.26670336302431696, -0.19174118993915013, 0.504530753480573, -0.9550302282511174, -0.36007518027099694, 0.05358337501370536, -0.9184399163739179, -0.945660866043694, -0.3325797506237871, -0.21350493666457804, -0.17310655804400388, 0.25474235364469133, -0.715359216145818, -0.4740985640094437, 0.7951089244979204, -0.6363188475643962, 0.2269422420221392, -0.4443138326836382, 0.89291377681302, 0.9520904554706384, 0.05039634398197079, 0.3769827242507977, 0.6232617412276689, 0.26011276848658804, 0.04542352885284373, -0.12232797346832447, 0.40959531538438076, 0.31783715200134277, 0.7689768504514112, -0.6718268094939444, -0.8700015514856199, 0.5587256136694938, -0.36872220066768535, 0.3770982839977042]
1019.81591796875	(8, 12, 2)	[-0.7243529368225096, -0.31050163324084545, -0.904956449677091, -0.49525029279346233, 0.7887588007636723, 0.5679845419244207, 0.8447321210929519, -0.6493965006282514, -0.42923957708651383, 0.8017481799413433, -0.2824369142805181, 0.9368695164214147, -0.2623499054775982, -0.8786772278196369, 0.5742388620532892, 0.4850591107015203, -0.5705796556495031, 0.5859754461086528, 0.4052022110728901, -0.3786519824832084, -0.2867691834199029, -0.10462762426601446, -0.48462565066690577, -0.0717364968140537, -0.8999519021858262, -0.33042210550192475, 0.1500157761506693, -0.6260866865113552, 0.5143819950856998, 0.6832789068332887, -0.7715478115150656, -0.8494842522888115, 0.4139366687411665, 0.11177256890931253, -0.8480933357150429, -0.3265658835162688, 0.6130804800107148, 0.7699882486772074, 0.35327128174549305, 0.8263450979140667, 0.3038136935518725, 0.39076152592923225, 0.3334513966025938, 0.2608351768132049, 0.7733577176229998, -0.3168668800092864, 0.7302726475565933, -0.1551934660303631, -0.1930373387781279, -0.15713652165311798, -0.7881335569417329, -0.3728253731670097, -0.1660206079129003, -0.5149911038051919, -0.19163425394240927, -0.16164677650117465, 0.6847974693539973, -0.25286556223738743, 0.9589258535922596, -0.6612606731535724, 0.3224962726250651, -0.2767753694249351, -0.33147653640930286, -0.0019335771519308764, 0.3083107757246315, -0.026173021447145395, -0.8804622278442911, 0.48274460514553796, -0.05094636402689856, 0.5174657344723503, 0.5405338169665204, -0.6360640985932722, 0.8204293447930646, 0.3731977481749176, -0.7182749808094986, -0.9319485860198458, -0.7750425481484144, 0.342202851278401, -0.3813772957394259, 0.8929674886471874, 0.5625779084804692, 0.5970047674356946, 0.6802864433144311, -0.5892100673933185, -0.6731334327449245, -0.5332864623875682, -0.6497149004928271, 0.60423566908159, 0.9615336950569602, -0.9983839701189439, 0.5231935580714324, -0.3386006664912309, -0.5728154524978988, 0.9906520753435426, 0.3029431714404629, 0.042955195331201956, -0.009390362457916579, 0.7696805781514016, 0.9309065207448928, -0.5998232666194581, -0.0669028899533306, -0.8878782313660356, -0.8484169232487897, -0.7530825720540544, 0.026668187221621675, 0.8244775457591691, -0.7923068390530521, 0.4800655286206159, -0.8624377632208124, 0.5591366582030186, -0.31690870929351367, 0.9629462922782097, 0.25806937832856636, -0.5768221689980011, 0.6014529843140612, -0.865031067562049, -0.9870202081990651, -0.3370659232627642, -0.47288056996236727, -0.8872564238722089]
-30.447280883789062	(8, 12, 2)	[0.9614885935935276, -0.31050163324084545, -0.41335030455219446, -0.29142953178988784, -0.4324057847276599, -0.6905798366503315, 0.7194076599679595, 0.0021543827518195613, -0.8754565070421351, 0.8017481799413433, 0.03595585885029329, -0.651928855785705, -0.3416304040993914, 0.38747287006856435, 0.8730790542420048, 0.9590664795295871, 0.14131069521963724, -0.8869166690897563, -0.9713939731542878, -0.3786519824832084, -0.5180410642537903, -0.9114930075545924, -0.2928324612751618, 0.927700668171451, 0.37096830410508463, 0.028133782913626115, 0.04099782616778391, 0.7904896405310093, 0.46376166030039, 0.9755755526294285, -0.6677841101667659, 0.5995755170567227, 0.4139366687411665, 0.11177256890931253, 0.29621508911259187, 0.34653030022044184, -0.7146254946846726, 0.14559745677175417, 0.9122012878948038, 0.36078913881727015, -0.803029577909947, 0.2477731740468503, 0.9093773285552449, -0.27368317050247715, 0.7733577176229998, 0.832100030590678, 0.6733387990928745, -0.0916091858322099, 0.2886248121683832, -0.1356674866986951, 0.7571745000755494, -0.7773144648763934, 0.26031510068758723, -0.8152190272135793, -0.18921038200291673, 0.2073982479087182, -0.3216979838120604, 0.367284182805103, 0.38708887689581717, -0.7457146898038685, -0.7390224534991334, 0.5245461045747057, -0.33147653640930286, -0.23382286151540854, -0.14096420759586326, -0.44579137550024184, 0.8406884100907084, 0.48274460514553796, -0.05094636402689856, 0.615815732951654, 0.5405338169665204, -0.9003479092776341, -0.8936864250966559, -0.9072933448299418, -0.11338336857787756, 0.5662846843312981, 0.5718009380503477, 0.41124999130094664, 0.6540033755628911, -0.6340738069464835, 0.17338254432532585, 0.7797334895042951, 0.40034461708737923, -0.3654742917571574, -0.9686464550195946, 0.1304624339167353, -0.6497149004928271, -0.7757912754551093, -0.4809123522987584, 0.23906727247371995, 0.5150311582069063, 0.9866031599849183, -0.46373461760619616, 0.3399891090379965, -0.4085796445079428, -0.2372151639280462, 0.4579464017070094, 0.9352760178062658, -0.41459089192990395, -0.5998232666194581, -0.37851687148921687, 0.1303984833869507, -0.5152202528001741, -0.3499687590717975, 0.026668187221621675, 0.08882413118907717, -0.5343937399327887, -0.04694369810010057, -0.8624377632208124, -0.46666494400449876, -0.271495019130666, 0.31185011616915137, 0.2883644583073277, -0.3976623033540516, 0.7625896462743651, 0.761063575273283, -0.28627644392368556, -0.3370659232627642, 0.7522244325831444, -0.8872564238722089]
1019.930908203125	(8, 12, 2)	[0.373906736633564, -0.9517309331496748, 0.7806321631895448, -0.1025359689682046, -0.30941730367863407, -0.7471197346633462, -0.60809211137833, -0.7004297948770681, -0.42923957708651383, 0.6268758182824041, 0.3948515159370871, 0.42027729624633525, -0.46157826967091364, -0.0033928229701771784, -0.3919996847392013, 0.5221150708625943, 0.09210710030793634, 0.43172803164427975, -0.5688605354186789, -0.0718379715151165, 0.8539567297334605, 0.24883246250380409, -0.7410239379902579, 0.0508572859794596, 0.37096830410508463, -0.3161345134722975, 0.1500157761506693, 0.7904896405310093, 0.9744429136266688, 0.7903488340310734, -0.6677841101667659, 0.5995755170567227, -0.9553684877480688, 0.9465373267876018, 0.29621508911259187, -0.2946440209859087, -0.8463931325899536, -0.5869349442586034, 0.05666687852482433, 0.36078913881727015, -0.8425247116337161, 0.4025158856873241, 0.9093773285552449, -0.880529380354574, 0.8049058380253833, -0.7892365847166571, -0.49761517591979465, 0.9637210474694473, 0.15514938844451964, -0.7202137850281309, 0.7571745000755494, -0.3728253731670097, 0.26031510068758723, -0.8195804386460053, 0.6687281196560699, 0.24946808216039043, 0.8113289458117889, -0.7800591036322397, -0.8974354888403544, -0.7457146898038685, -0.6577893045985392, 0.45384130797595734, -0.33147653640930286, -0.0019335771519308764, 0.05769342546828349, -0.026173021447145395, -0.5992005859579066, 0.9130846497681979, -0.7214595801582637, 0.740785537648377, -0.07028938582691358, -0.7213042172901631, 0.518482369931325, 0.3731977481749176, -0.558760900070955, 0.46798682122215784, -0.7610958434127708, 0.48876831912728314, 0.9969473527388841, -0.20716246737388677, -0.508770738927866, -0.553731773367526, 0.6802864433144311, 0.03370536683407699, 0.5696872701503188, 0.046883666043381345, -0.6497149004928271, 0.2321468749215807, 0.504530753480573, -0.9550302282511174, -0.6187292941589964, 0.9866031599849183, 0.7837834775303101, 0.1208476978449411, -0.3325797506237871, 0.042955195331201956, -0.5627585958916124, -0.9164429997111114, -0.5237930080331625, -0.46101773954303904, 0.29950498807586223, -0.6363188475643962, -0.4065988231324251, 0.41836361862480675, 0.8808600317029691, 0.9520904554706384, 0.05039634398197079, 0.37511114742144547, 0.5855413768332396, 0.7380212902605416, -0.7325861602989943, 0.7430350811227076, 0.7957580292614279, -0.16467550133780784, -0.44521209145033547, 0.12441971337981128, -0.1125468574706463, 0.23594174396175083, -0.3042741994882865, 0.44927667792559123]
-4.087052345275879	(8, 12, 2)	[0.373906736633564, -0.9517309331496748, 0.7806321631895448, -0.1025359689682046, -0.30941730367863407, -0.7471197346633462, -0.60809211137833, -0.7004297948770681, -0.42923957708651383, 0.6268758182824041, 0.3948515159370871, 0.42027729624633525, -0.46157826967091364, -0.0033928229701771784, -0.3919996847392013, 0.5221150708625943, 0.09210710030793634, 0.43172803164427975, -0.5688605354186789, -0.0718379715151165, 0.8539567297334605, 0.24883246250380409, -0.7410239379902579, 0.0508572859794596, 0.37096830410508463, -0.3161345134722975, 0.1500157761506693, 0.7904896405310093, 0.9744429136266688, 0.7903488340310734, -0.6677841101667659, 0.5995755170567227, -0.9553684877480688, 0.9465373267876018, 0.29621508911259187, -0.2946440209859087, -0.8463931325899536, -0.5869349442586034, 0.05666687852482433, 0.36078913881727015, -0.8425247116337161, 0.4025158856873241, 0.9093773285552449, -0.880529380354574, 0.8049058380253833, -0.7892365847166571, -0.49761517591979465, 0.9637210474694473, 0.15514938844451964, -0.7202137850281309, 0.7571745000755494, -0.3728253731670097, 0.26031510068758723, -0.8195804386460053, 0.6687281196560699, 0.24946808216039043, 0.8113289458117889, -0.7800591036322397, -0.8974354888403544, -0.7457146898038685, -0.6577893045985392, 0.45384130797595734, -0.33147653640930286, -0.0019335771519308764, 0.05769342546828349, -0.026173021447145395, -0.5992005859579066, 0.9130846497681979, -0.7214595801582637, 0.740785537648377, -0.07028938582691358, -0.7213042172901631, 0.518482369931325, 0.3731977481749176, -0.558760900070955, 0.46798682122215784, -0.7610958434127708, 0.48876831912728314, 0.9969473527388841, -0.20716246737388677, -0.508770738927866, -0.553731773367526, 0.6802864433144311, 0.03370536683407699, 0.5696872701503188, 0.046883666043381345, -0.6497149004928271, 0.2321468749215807, 0.504530753480573, -0.9550302282511174, -0.6187292941589964, 0.9866031599849183, 0.7837834775303101, 0.1208476978449411, -0.3325797506237871, 0.042955195331201956, -0.5627585958916124, -0.9164429997111114, -0.5237930080331625, -0.46101773954303904, 0.29950498807586223, -0.6363188475643962, -0.4065988231324251, 0.41836361862480675, 0.8808600317029691, 0.9520904554706384, 0.05039634398197079, 0.37511114742144547, 0.5855413768332396, 0.7380212902605416, -0.7325861602989943, 0.7430350811227076, 0.7957580292614279, -0.16467550133780784, -0.44521209145033547, 0.12441971337981128, -0.1125468574706463, 0.23594174396175083, -0.3042741994882865, 0.44927667792559123]
16.386123657226562	(8, 12, 2)	[0.9259129767161947, -0.9002197341042066, 0.7801111380808801, -0.6668875570320638, -0.50165199515703, -0.7471197346633462, 0.8845096952645872, 0.7669148694417423, -0.024637975974213022, -0.3153572643743776, 0.7753155624607138, -0.23420662438676798, -0.8782166750595417, -0.867417831533573, -0.09003332188702662, 0.8089208508917309, -0.5705796556495031, -0.8730577109476902, 0.718035547003177, 0.03958399427665933, 0.6945014753161745, 0.5269501619728489, 0.07421181715991865, 0.6485860101609195, -0.6140651518468345, -0.2703278800497295, 0.9627904879424296, 0.4455489195765032, -0.5595157325790328, 0.7903488340310734, 0.9441609919494012, -0.42375971280982805, -0.9041628099963133, 0.6720731545424468, 0.5072938305941657, 0.25411205244016233, 0.09387036868813126, 0.5864592759262746, 0.05666687852482433, 0.9056838180119302, 0.43097174734007515, 0.4025158856873241, 0.6064209860883971, 0.2608351768132049, -0.4415777236896914, -0.7565132556867382, -0.4037669515301221, -0.3502541212856989, 0.7784785470679769, 0.20035023091340465, 0.012791777696840256, -0.7312859499063613, 0.4382842824865818, 0.47447227708895867, 0.6687281196560699, 0.5804186304459285, -0.7916463065542221, -0.25286556223738743, 0.8513622709314097, -0.34765652689881327, -0.7694165823216659, -0.7948616772833776, -0.6797120723964465, -0.46332423159637237, -0.3070584286271829, -0.44579137550024184, -0.34254718435368536, -0.5121440055566684, -0.3921335180285068, -0.48283581204045234, -0.4432201012030017, 0.9732485827653319, 0.8226006127621461, 0.3731977481749176, 0.9332572290275649, 0.5662846843312981, 0.4093616848062325, -0.7367782169728252, 0.6943281555929958, 0.3598116450838915, 0.9980372250155629, 0.7797334895042951, 0.49303641826396705, 0.03370536683407699, 0.2595678607248706, -0.8110446714885291, -0.0705019662727322, -0.47053425191688847, -0.10877947088790663, -0.9550302282511174, -0.5850056222357531, 0.9866031599849183, 0.4404769058730722, -0.6836745439939407, -0.11955320619414733, 0.29499960264966374, -0.21256057264206207, 0.2941252203988989, -0.7061922388420036, -0.5998232666194581, 0.32097994331953483, 0.9249817499995456, -0.5981142394698629, -0.561814245641338, 0.791415814206996, -0.7289674586689465, 0.8047118346520157, -0.2956747007884959, -0.15132461582522172, 0.15744139172102645, 0.9630778630833046, 0.9629462922782097, 0.7957580292614279, -0.2696326417407455, -0.031435559879521735, -0.20137714626332914, -1.0, -0.7143641780863828, 0.23719046095644591, -0.38596578209889754]
12.578047752380371	(8, 12, 2)	[-0.4423516088057844, -0.280264304853304, 0.42349242518061403, 0.12633885964154046, 0.5672901994665238, -0.6451972190476247, 0.6193747292749638, 0.0021543827518195613, -0.6853218560775811, 0.41955762546336817, 0.3948515159370871, 0.5081800172041839, -0.3416304040993914, -0.8786772278196369, 0.8730790542420048, -0.3541452553787754, -0.44258749218697946, -0.8730577109476902, -0.8976126463974177, -0.0718379715151165, 0.8539567297334605, 0.5269501619728489, 0.07421181715991865, -0.568907001179666, 0.8711426632507153, 0.0721260999270874, -0.16263551653151498, 0.05596023521344806, -0.1695708072833777, -0.44594075754656726, -0.8603351460414008, -0.5503036737515701, 0.4139366687411665, -0.9914746403089545, -0.2931552771488515, 0.49613270933297127, 0.9612119420710714, 0.5864592759262746, 0.35327128174549305, 0.04704955886377027, -0.803029577909947, 0.4025158856873241, 0.38242085084336574, -0.3980817609357752, 0.8049058380253833, -0.8943662879619318, -0.1288091382473957, -0.0916091858322099, -0.8574816116429878, 0.20035023091340465, 0.5830178797744339, 0.5799761660978007, -0.5516936953709162, -0.8152190272135793, 0.6687281196560699, -0.1278115883011095, 0.15065981995039213, -0.27558392858276637, 0.4489969897232693, -0.2764285562743769, -0.6577893045985392, -0.389983401039387, -0.33147653640930286, 0.2803928156765818, -0.8325357929921013, 0.8716932290127135, -0.8963517428341778, 0.48274460514553796, -0.7610984846534936, -0.6828092824852703, -0.4432201012030017, 0.9732485827653319, -0.1833312058260126, 0.3731977481749176, -0.5354081635723942, -0.1723857600683496, -0.033298313046583594, 0.6619169787312351, -0.4695175480215683, -0.6340738069464835, 0.5693755076199045, -0.553731773367526, -0.04550547110635961, 0.03244029961025796, -0.81728391876148, -0.9835463388637815, -0.26670336302431696, 0.7233148271027197, -0.29037658201083727, 0.27733789730787106, -0.36776452063138043, 0.04407925769898524, -0.13684177346356652, -0.6836745439939407, -0.11955320619414733, 0.042955195331201956, 0.4579464017070094, 0.20037035782333557, 0.32706550937948786, -0.004091167417498598, 0.32097994331953483, 0.03162099769364257, 0.753574870164347, -0.40370782941414385, 0.8808600317029691, 0.9520904554706384, -0.5343937399327887, 0.37511114742144547, 0.38529978468473614, 0.26011276848658804, 0.14453926015001017, -0.9987106765160985, 0.7957580292614279, -0.16467550133780784, 0.9706359414966508, -0.20137714626332914, 0.17645983525838327, -0.3370659232627642, 0.25681751778351725, 0.44927667792559123]
1019.2745971679688	(8, 12, 2)	[-0.4423516088057844, -0.280264304853304, 0.6556018507493027, 0.8430315351902999, -0.50165199515703, -0.6451972190476247, 0.6193747292749638, -0.6493965006282514, 0.3038320988955807, -0.3153572643743776, -0.2671337863186616, 0.42027729624633525, -0.36558853466865715, 0.6653012440918815, 0.8730790542420048, 0.7283588509716366, 0.09263009804256495, -0.8730577109476902, 0.7791911054181184, -0.6670639515880095, 0.8539567297334605, 0.5269501619728489, -0.2928324612751618, -0.568907001179666, 0.8711426632507153, 0.22560924053239417, -0.16263551653151498, 0.05596023521344806, -0.23156592556233968, 0.6832789068332887, 0.9441609919494012, 0.5995755170567227, 0.4139366687411665, 0.2143949733323851, -0.2931552771488515, 0.7839937723694961, 0.9612119420710714, 0.7699882486772074, 0.05666687852482433, -0.3022674339641642, 0.3038136935518725, 0.4025158856873241, 0.38242085084336574, 0.2608351768132049, 0.11226131404170714, 0.7621016647008609, -0.1288091382473957, 0.16221935818606537, -0.05286341360312319, -0.5090359774389268, -0.25190359051773514, -0.38092718991878544, -0.6418538532152271, 0.12852765531674765, -0.6492538613999017, -0.1278115883011095, -0.3216979838120604, -0.25286556223738743, 0.6388024686476734, -0.3739182348054291, -0.7647211820657278, -0.4911794513223202, 0.7945696866240235, -0.5761085331505014, -0.9911463967835001, 0.8716932290127135, -0.8804622278442911, 0.9130846497681979, 0.811082225110483, -0.6828092824852703, -0.4432201012030017, -0.5981399071092388, 0.8204293447930646, 0.17517113637740334, 0.9332572290275649, -0.29372375817271146, -0.0163604938847437, -0.07112207792006262, 0.6943281555929958, -0.1276787391432357, 0.9980372250155629, -0.553731773367526, -0.43091077359561614, -0.47120881953867544, 0.5696872701503188, -0.29253543181422326, 0.6700211307465276, 0.7233148271027197, -0.29037658201083727, 0.27733789730787106, -0.36007518027099694, 0.6092557979001851, -0.719906828163931, -0.8536561524429149, -0.11955320619414733, 0.042955195331201956, -0.21256057264206207, 0.20037035782333557, -0.715359216145818, 0.6771628884856034, 0.32097994331953483, 0.2341182879403998, -0.6030306336627711, -0.5790286724039013, 0.8808600317029691, -0.7289674586689465, 0.7888926813180077, 0.4800655286206159, 0.6232617412276689, 0.7380212902605416, 0.14453926015001017, 0.12076608629296204, 0.24298112841837405, -0.16467550133780784, 0.9706359414966508, -0.6718268094939444, 0.422735571035433, -0.3370659232627642, -0.6861477669400322, 0.016581007203301468]
1019.2908325195312	(8, 12, 2)	[0.9259129767161947, -0.9517309331496748, 0.7801111380808801, -0.1025359689682046, -0.50165199515703, -0.7471197346633462, 0.8845096952645872, 0.7669148694417423, -0.024637975974213022, -0.44600385854025637, 0.03595585885029329, -0.23420662438676798, -0.36558853466865715, -0.4211147589231543, -0.09003332188702662, -0.3541452553787754, -0.44258749218697946, -0.8730577109476902, 0.718035547003177, 0.03958399427665933, 0.681059213605508, -0.7888851005825261, -0.2928324612751618, 0.6485860101609195, -0.6140651518468345, -0.33042210550192475, 0.9627904879424296, 0.3693035169010559, -0.5595157325790328, 0.7903488340310734, 0.9441609919494012, -0.42375971280982805, 0.4139366687411665, -0.3653586919111391, 0.5072938305941657, 0.25411205244016233, 0.09387036868813126, -0.22440614511178425, 0.05666687852482433, 0.9056838180119302, 0.43097174734007515, 0.4025158856873241, 0.6064209860883971, 0.2608351768132049, 0.7733577176229998, -0.7565132556867382, -0.4037669515301221, 0.11551717146307361, 0.7784785470679769, 0.011037820790309016, -0.6874804825542697, -0.3728253731670097, -0.19297934647246606, 0.43359002373157796, 0.6687281196560699, -0.1278115883011095, 0.8113289458117889, -0.25286556223738743, 0.8513622709314097, -0.34765652689881327, -0.7694165823216659, -0.7948616772833776, -0.6797120723964465, 0.7152696938467524, -0.8325357929921013, -0.44579137550024184, -0.8963517428341778, -0.470907557474616, -0.05094636402689856, 0.6048394589300385, -0.54141961185701, 0.9732485827653319, 0.8767220227101211, 0.3731977481749176, 0.9332572290275649, -0.9319485860198458, -0.033298313046583594, -0.7367782169728252, 0.6943281555929958, 0.3598116450838915, 0.9980372250155629, 0.8178758723862349, 0.0622296423768656, -0.6049070364853737, -0.3031907191221026, 0.2781859522966674, 0.5441918079515506, 0.7233148271027197, -0.10877947088790663, 0.7209767335244286, -0.36776452063138043, 0.9866031599849183, -0.7379514535388478, -0.6836745439939407, -0.11955320619414733, -0.21350493666457804, 0.4579464017070094, 0.2941252203988989, -0.7061922388420036, -0.5998232666194581, 0.32097994331953483, 0.9249817499995456, -0.5981142394698629, -0.561814245641338, 0.791415814206996, -0.7289674586689465, 0.9001099006454629, 0.37511114742144547, -0.22720587337839437, -0.46666494400449876, -0.7325861602989943, 0.7430350811227076, -0.35132684899238464, -0.2696326417407455, 0.254164233050725, -0.20137714626332914, 0.17645983525838327, 0.23594174396175083, 0.23719046095644591, -0.38596578209889754]
1017.9529418945312	(8, 12, 2)	[0.8829993182471583, -0.9517309331496748, 0.42349242518061403, -0.21702576741443808, -0.7895899678279781, -0.6451972190476247, 0.6193747292749638, -0.642586126914373, 0.9149721231755061, 0.41955762546336817, 0.7753155624607138, 0.5391616190406148, -0.8782166750595417, -0.0033928229701771784, -0.09003332188702662, -0.3541452553787754, -0.5705796556495031, 0.43172803164427975, -0.9120136601651845, -0.7881100546328623, 0.681059213605508, 0.5269501619728489, 0.07421181715991865, -0.0717364968140537, -0.19298752751672477, 0.37210729538000575, 0.1500157761506693, -0.5905036425759091, 0.36829587142073983, -0.8892978133466114, -0.8603351460414008, -0.8494842522888115, 0.4901167339187308, 0.6720731545424468, -0.2931552771488515, 0.1763004808101607, -0.07510499782626523, -0.22440614511178425, 0.05666687852482433, 0.04704955886377027, 0.43097174734007515, 0.7539020474735778, 0.38242085084336574, -0.3980817609357752, 0.7733577176229998, -0.7892365847166571, -0.49761517591979465, -0.3502541212856989, 0.7784785470679769, -0.7202137850281309, 0.5893749718678528, -0.7508220465058644, -0.636678533320651, 0.47447227708895867, 0.8782221121195479, 0.33859907703228825, 0.15065981995039213, -0.27558392858276637, -0.8974354888403544, -0.5600872841005762, -0.6577893045985392, 0.48180361543045125, 0.5210898940734876, -0.24054832792133896, -0.3070584286271829, -0.3508752972834628, -0.5992005859579066, 0.9130846497681979, 0.05629572096347313, 0.740785537648377, -0.4432201012030017, -0.6360640985932722, 0.8226006127621461, 0.49421868184674156, 0.9332572290275649, -0.1723857600683496, -0.033298313046583594, 0.342202851278401, -0.4695175480215683, 0.3598116450838915, 0.5326983441155375, -0.553731773367526, 0.49303641826396705, 0.03370536683407699, 0.2595678607248706, -0.8110446714885291, 0.6700211307465276, -0.47053425191688847, 0.6998999746986938, 0.7209767335244286, -0.6187292941589964, 0.9993561561432365, 0.9225455590963472, 0.006376927594292203, -0.11955320619414733, 0.042955195331201956, 0.4579464017070094, 0.2941252203988989, -0.7061922388420036, -0.6392599290088219, -0.9477996488700218, 0.03162099769364257, -0.8484169232487897, 0.41836361862480675, 0.4026615774209672, -0.4169082028012101, 0.7888926813180077, -0.2956747007884959, -0.5365015048912838, 0.7380212902605416, 0.9630778630833046, 0.9629462922782097, 0.7957580292614279, -0.16467550133780784, -0.031435559879521735, 0.12441971337981128, 0.17645983525838327, -0.7143641780863828, 0.23719046095644591, 0.44927667792559123]
1019.3072509765625	(8, 12, 2)	[0.9259129767161947, -0.9517309331496748, 0.7801111380808801, -0.21702576741443808, -0.7895899678279781, -0.6451972190476247, 0.6193747292749638, -0.6493965006282514, -0.024637975974213022, -0.44600385854025637, 0.03595585885029329, 0.5391616190406148, -0.8782166750595417, -0.0033928229701771784, -0.09003332188702662, -0.3541452553787754, -0.5705796556495031, 0.32624471016764534, -0.9120136601651845, -0.7881100546328623, 0.681059213605508, 0.5269501619728489, 0.07421181715991865, 0.6485860101609195, 0.8711426632507153, 0.37210729538000575, 0.1500157761506693, -0.5905036425759091, -0.5595157325790328, 0.7903488340310734, 0.9441609919494012, -0.8494842522888115, 0.4901167339187308, -0.3653586919111391, 0.29621508911259187, 0.25411205244016233, -0.07510499782626523, -0.22440614511178425, 0.05666687852482433, 0.04704955886377027, 0.43097174734007515, 0.4025158856873241, 0.6064209860883971, -0.3980817609357752, -0.4415777236896914, -0.7565132556867382, -0.9202145449232695, -0.3502541212856989, 0.7784785470679769, -0.7202137850281309, -0.6874804825542697, -0.7773144648763934, -0.636678533320651, 0.43359002373157796, -0.18921038200291673, 0.2073982479087182, 0.15065981995039213, -0.25286556223738743, 0.6388024686476734, -0.5600872841005762, -0.6577893045985392, 0.48180361543045125, 0.5210898940734876, -0.24054832792133896, -0.6649322400739832, -0.3508752972834628, -0.5992005859579066, -0.2603262517688596, -0.3921335180285068, 0.740785537648377, -0.4432201012030017, 0.003708482152206205, 0.8226006127621461, 0.49421868184674156, 0.9332572290275649, -0.1723857600683496, 0.4093616848062325, 0.342202851278401, 0.6943281555929958, 0.3598116450838915, 0.5326983441155375, -0.553731773367526, 0.6802864433144311, 0.03370536683407699, 0.29394477890108717, -0.8110446714885291, 0.0470044617274572, -0.47053425191688847, 0.6998999746986938, 0.7209767335244286, -0.36776452063138043, 0.9993561561432365, 0.9225455590963472, 0.006376927594292203, -0.11955320619414733, -0.21350493666457804, 0.4579464017070094, 0.2941252203988989, -0.7061922388420036, -0.004091167417498598, -0.9477996488700218, 0.03162099769364257, -0.8484169232487897, 0.41836361862480675, 0.7365890843854734, -0.7289674586689465, 0.7888926813180077, -0.2956747007884959, -0.5365015048912838, 0.7380212902605416, 0.9630778630833046, 0.9629462922782097, 0.24298112841837405, -0.16467550133780784, -0.031435559879521735, 0.12441971337981128, -0.9870202081990651, -0.7143641780863828, 0.23719046095644591, 0.44927667792559123]
1019.9446411132812	(8, 12, 2)	[0.9259129767161947, -0.280264304853304, 0.4389619498134274, 0.8645310467792056, -0.4324057847276599, -0.6539192753473563, -0.60809211137833, 0.6488941534370669, -0.6853218560775811, 0.670390672887893, 0.7753155624607138, 0.42027729624633525, -0.8338648113311518, -0.8786772278196369, 0.8730790542420048, 0.8089208508917309, 0.5563252224463544, -0.11309182131100548, -0.8976126463974177, -0.0718379715151165, -0.3676368117240497, -0.729009505203762, 0.07421181715991865, 0.6485860101609195, -0.6140651518468345, -0.33042210550192475, -0.12046206221892583, -0.42854025282205344, 0.8339376508235339, 0.7903488340310734, 0.9441609919494012, 0.5995755170567227, -0.9041628099963133, 0.6720731545424468, 0.5072938305941657, 0.20958250420615754, -0.07510499782626523, -0.023219623929151112, 0.05666687852482433, 0.9056838180119302, -0.803029577909947, 0.4025158856873241, 0.38242085084336574, -0.1625430217036552, 0.7733577176229998, -0.7565132556867382, 0.5369876944516031, -0.3502541212856989, 0.7784785470679769, 0.20035023091340465, 0.5830178797744339, -0.7312859499063613, -0.19297934647246606, -0.8195804386460053, 0.6687281196560699, 0.24946808216039043, -0.7916463065542221, -0.25286556223738743, 0.6864786901357174, 0.08808184655939688, -0.7660290766930847, 0.45384130797595734, -0.42927184861571543, 0.2803928156765818, -0.1045292233635211, -0.4685348891180437, 0.8406884100907084, 0.9130846497681979, 0.05629572096347313, 0.740785537648377, -0.4432201012030017, -0.6360640985932722, 0.8226006127621461, 0.3731977481749176, 0.9332572290275649, -0.9319485860198458, -0.033298313046583594, -0.5844432026995352, -0.3813772957394259, 0.22979922346552972, 0.5693755076199045, 0.7632952069140286, -0.43992629110808407, -0.06291568212522747, -0.81728391876148, -0.8110446714885291, -0.1590171188262579, 0.2321468749215807, 0.9615336950569602, -0.23751277472151888, -0.6187292941589964, -0.3386006664912309, -0.5409927722830072, 0.006376927594292203, -0.11955320619414733, -0.21350493666457804, -0.4515456853147545, 0.20037035782333557, -0.7061922388420036, -0.6392599290088219, 0.32097994331953483, -0.6835214826046705, 0.47813764148163784, -0.561814245641338, 0.7365890843854734, -0.4169082028012101, 0.05039634398197079, -0.004565844128190728, 0.5855413768332396, 0.26011276848658804, 0.9630778630833046, 0.7430350811227076, 0.7957580292614279, 1.0, 0.254164233050725, -0.20137714626332914, -1.0, 0.23594174396175083, -0.36872220066768535, -0.38596578209889754]
1019.53857421875	(8, 12, 2)	[-0.4423516088057844, -0.9517309331496748, 0.7801111380808801, 0.12633885964154046, -0.50165199515703, -0.6451972190476247, 0.775101455985866, -0.051812092606073445, 0.3038320988955807, -0.35250244072277703, 0.03595585885029329, 0.42027729624633525, -0.8782166750595417, -0.867417831533573, -0.09003332188702662, 0.7283588509716366, -0.44258749218697946, -0.11309182131100548, -0.9120136601651845, -0.7881100546328623, 0.681059213605508, -0.7888851005825261, -0.28964951815361095, 0.0005377984918299994, 0.37096830410508463, -0.5812005064017014, 0.9627904879424296, 0.6022705944672335, -0.7531434935774046, 0.7903488340310734, 0.9441609919494012, 0.5995755170567227, 0.4901167339187308, 0.6720731545424468, 0.5072938305941657, -0.2946440209859087, -0.2414937930935852, 0.6786822243716037, 0.05666687852482433, 0.04704955886377027, -0.9026520888471465, 0.4025158856873241, 0.6064209860883971, 0.2608351768132049, -0.4415777236896914, -0.7565132556867382, -0.9202145449232695, -0.3502541212856989, 0.7784785470679769, -0.7202137850281309, -0.6874804825542697, -0.38092718991878544, -0.19297934647246606, 0.12852765531674765, -0.18921038200291673, -0.9824361825523645, 0.8113289458117889, -0.25286556223738743, 0.6388024686476734, -0.7457146898038685, -0.6577893045985392, -0.4911794513223202, 0.7945696866240235, -0.5761085331505014, -0.3070584286271829, -0.5000870298472715, 0.2261985609523638, 0.9130846497681979, -0.3921335180285068, -0.6828092824852703, -0.74522409541224, 0.003708482152206205, 0.8226006127621461, 0.3731977481749176, 0.9332572290275649, 0.46798682122215784, 0.4093616848062325, -0.6875079230199191, -0.4695175480215683, 0.3598116450838915, 0.9980372250155629, -0.553731773367526, 0.6802864433144311, 0.03370536683407699, 0.29394477890108717, -0.8110446714885291, -0.6497149004928271, 0.7233148271027197, 0.9615336950569602, -0.9550302282511174, -0.5850056222357531, 0.9993561561432365, 0.9225455590963472, 0.006376927594292203, -0.11955320619414733, -0.21350493666457804, -0.34368346157098917, 0.2941252203988989, -0.6553335241850455, 0.6771628884856034, -0.9477996488700218, 0.07836823727012096, -0.4698320366434565, 0.3430753851422972, 0.8808600317029691, -0.4169082028012101, 0.7888926813180077, -0.2956747007884959, -0.5365015048912838, 0.26011276848658804, 0.9630778630833046, 0.7430350811227076, 0.24298112841837405, -0.16467550133780784, -0.44521209145033547, -0.6718268094939444, 0.39968807272826634, -0.7143641780863828, 0.23719046095644591, 0.44927667792559123]
1019.6087646484375	(8, 12, 2)	[0.373906736633564, -0.280264304853304, 0.4389619498134274, -0.21702576741443808, -0.9640075424430912, -0.7471197346633462, 0.6193747292749638, -0.5956214686962006, -0.42923957708651383, 0.41955762546336817, 0.03595585885029329, 0.5391616190406148, -0.8782166750595417, -0.8786772278196369, 0.8730790542420048, -0.3541452553787754, -0.5705796556495031, -0.8730577109476902, -0.9120136601651845, 0.03958399427665933, 0.8539567297334605, -0.2548978722069879, 0.07421181715991865, 0.6485860101609195, 0.8711426632507153, 0.0721260999270874, 0.5009023337604046, 0.05596023521344806, -0.1695708072833777, 0.7903488340310734, 0.9441609919494012, 0.6084657487923614, 0.4139366687411665, 0.6720731545424468, -0.22232987359360212, 0.5226015201180594, -0.6313659651923276, 0.5864592759262746, 0.05666687852482433, -0.3022674339641642, -0.803029577909947, 0.4025158856873241, 0.38242085084336574, -0.3980817609357752, 0.7733577176229998, -0.7860838381518834, -0.4037669515301221, -0.3502541212856989, 0.9270575464042147, -0.8201209953098076, -0.6874804825542697, 0.5799761660978007, -0.19297934647246606, 0.47447227708895867, 0.6687281196560699, 0.2073982479087182, 0.8113289458117889, 0.367284182805103, 0.4489969897232693, -0.7457146898038685, -0.2696327350970153, -0.3275266460967894, 0.5210898940734876, -0.23382286151540854, -0.3070584286271829, 0.2838646579006021, -0.8804622278442911, -0.470907557474616, -0.3921335180285068, 0.740785537648377, -0.4432201012030017, -0.5981399071092388, 0.8226006127621461, 0.7923375509786335, 0.9332572290275649, -0.1723857600683496, -0.033298313046583594, 0.48876831912728314, -0.4695175480215683, 0.3598116450838915, 0.5693755076199045, -0.553731773367526, 0.49303641826396705, 0.03370536683407699, 0.2595678607248706, 0.1304624339167353, -0.0705019662727322, -0.47053425191688847, 0.6998999746986938, -0.9550302282511174, -0.36007518027099694, 0.04407925769898524, -0.7379514535388478, -0.9108732750853623, -0.947758582078466, -0.21350493666457804, -0.21256057264206207, 0.20037035782333557, -0.7427068607187106, -0.5998232666194581, 0.19548419281699436, 0.03162099769364257, -0.5981142394698629, -0.40370782941414385, 0.8954969239386679, 0.4644633275004575, -0.5343937399327887, 0.37511114742144547, -0.22720587337839437, 0.003178254557747895, 0.9630778630833046, -0.9987106765160985, -0.35132684899238464, -0.2696326417407455, 0.254164233050725, -0.865031067562049, -1.0, 0.020269042202027743, 0.23719046095644591, -0.8872564238722089]
1019.8341064453125	(8, 12, 2)	[0.9259129767161947, -0.9002197341042066, 0.7806321631895448, 0.12633885964154046, -0.50165199515703, -0.6451972190476247, 0.6193747292749638, 0.0021543827518195613, -0.42923957708651383, -0.44600385854025637, 0.03595585885029329, 0.42027729624633525, -0.8782166750595417, -0.867417831533573, -0.09003332188702662, -0.3541452553787754, 0.5563252224463544, -0.8730577109476902, 0.7791911054181184, -0.6670639515880095, 0.681059213605508, -0.7888851005825261, 0.07421181715991865, 0.0005377984918299994, -0.4366642936157461, 0.0721260999270874, -0.16263551653151498, 0.05596023521344806, -0.5595157325790328, 0.7903488340310734, 0.4359017639748137, 0.5033681839788107, 0.4139366687411665, 0.6720731545424468, 0.29621508911259187, 0.7839937723694961, -0.25592861232429476, -0.023219623929151112, 0.05666687852482433, 0.04704955886377027, 0.43097174734007515, 0.4025158856873241, 0.38242085084336574, 0.2608351768132049, -0.4415777236896914, -0.7565132556867382, -0.9202145449232695, -0.3502541212856989, 0.7784785470679769, -0.7720764982445316, 0.4752336516349634, -0.38092718991878544, 0.26031510068758723, 0.12852765531674765, -0.18921038200291673, 0.5804186304459285, -0.3216979838120604, -0.25286556223738743, 0.6388024686476734, -0.7457146898038685, -0.2696327350970153, -0.4911794513223202, -0.9270660811619627, -0.5761085331505014, -0.14096420759586326, -0.5000870298472715, -0.22251040605787908, -0.2603262517688596, 0.5261641572424036, -0.6828092824852703, 0.5405338169665204, 0.003708482152206205, 0.8226006127621461, 0.6319277258494493, 0.9332572290275649, 0.46798682122215784, 0.4093616848062325, -0.7367782169728252, 0.6943281555929958, -0.1276787391432357, 0.9980372250155629, -0.42089170511910723, -0.5747848545200542, -0.03542807783081624, -0.3031907191221026, -0.8110446714885291, 0.6700211307465276, 0.2321468749215807, 0.6998999746986938, -0.9550302282511174, -0.36776452063138043, -0.3386006664912309, -0.5409927722830072, -0.8536561524429149, -0.11955320619414733, 0.042955195331201956, 0.4579464017070094, 0.2652268077599482, -0.7061922388420036, -0.5998232666194581, 0.29950498807586223, 0.24308578262903005, -0.4698320366434565, -0.5790286724039013, 0.8808600317029691, -0.4169082028012101, 0.7888926813180077, -0.2956747007884959, 0.5855413768332396, 0.7380212902605416, 0.9630778630833046, 0.170512205235809, 0.24298112841837405, -0.16467550133780784, -0.44521209145033547, -0.6718268094939444, 0.39968807272826634, -0.3370659232627642, -0.47288056996236727, -0.38596578209889754]
1019.3782958984375	(8, 12, 2)	[0.8829993182471583, -0.9517309331496748, 0.7806321631895448, -0.2841408254073773, -0.40473373782361577, -0.6451972190476247, 0.6193747292749638, 0.7669148694417423, -0.6853218560775811, -0.14689957713384014, 0.03595585885029329, 0.5391616190406148, -0.8782166750595417, -0.8786772278196369, 0.9041552875909477, 0.8089208508917309, -0.7959823921472742, -0.8730577109476902, -0.8976126463974177, -0.7046183127768983, 0.6945014753161745, -0.2548978722069879, 0.07421181715991865, -0.3992514553802786, -0.6140651518468345, 0.0721260999270874, 0.5009023337604046, 0.6022705944672335, -0.5595157325790328, 0.7903488340310734, 0.9441609919494012, -0.8494842522888115, 0.4139366687411665, -0.3653586919111391, -0.1326779184031972, -0.2946440209859087, -0.07510499782626523, 0.5864592759262746, 0.05666687852482433, 0.36078913881727015, -0.803029577909947, 0.4025158856873241, 0.38242085084336574, -0.3980817609357752, 0.7733577176229998, 0.7621016647008609, -0.49761517591979465, 0.6998735531302498, 0.9270575464042147, 0.20035023091340465, 0.5830178797744339, 0.5799761660978007, 0.22347198462681517, 0.12852765531674765, -0.19163425394240927, -0.1278115883011095, 0.15065981995039213, -0.25286556223738743, 0.5993610619499693, -0.3739182348054291, -0.7058827872340179, 0.5356685368979821, 0.8128494778487485, -0.23382286151540854, -0.9911463967835001, 0.3048754787763026, -0.8963517428341778, 0.9130846497681979, -0.7214595801582637, -0.6828092824852703, -0.3012078218037213, 0.9732485827653319, 0.8226006127621461, 0.7923375509786335, 0.9332572290275649, -0.29372375817271146, -0.033298313046583594, -0.6875079230199191, 0.720861176985718, 0.22979922346552972, 0.9980372250155629, -0.03948892272380977, -0.43992629110808407, 0.03370536683407699, 0.35941841159747123, -0.9835463388637815, 0.5441918079515506, -0.47053425191688847, 0.6998999746986938, 0.27733789730787106, -0.6187292941589964, 0.9866031599849183, 0.4633499826853906, 0.006376927594292203, -0.11955320619414733, 0.29499960264966374, -0.562499099934926, 0.2941252203988989, 0.32706550937948786, -0.5998232666194581, -0.9477996488700218, 0.24308578262903005, -0.5981142394698629, 0.41836361862480675, 0.4026615774209672, 0.8571056869399849, 0.7888926813180077, 0.4800655286206159, -0.22720587337839437, 0.26011276848658804, -0.271495019130666, 0.9629462922782097, 0.7957580292614279, -0.5768221689980011, 0.254164233050725, -0.865031067562049, 0.39968807272826634, 0.020269042202027743, 0.23719046095644591, -0.38596578209889754]
1019.91943359375	(8, 12, 2)	[0.9259129767161947, -0.9002197341042066, 0.7806321631895448, -0.6668875570320638, -0.4324057847276599, -0.6539192753473563, -0.8755036231152473, 0.0021543827518195613, -0.6853218560775811, 0.670390672887893, 0.03595585885029329, 0.42027729624633525, -0.8782166750595417, -0.867417831533573, -0.09003332188702662, 0.5221150708625943, 0.5563252224463544, -0.8730577109476902, 0.7791911054181184, -0.0718379715151165, 0.8539567297334605, -0.10462762426601446, 0.07421181715991865, 0.0005377984918299994, -0.4366642936157461, 0.344282993225534, -0.16263551653151498, -0.42854025282205344, -0.5595157325790328, 0.7903488340310734, 0.4359017639748137, -0.5503036737515701, 0.4139366687411665, 0.6720731545424468, 0.29621508911259187, 0.7839937723694961, -0.07510499782626523, 0.7699882486772074, 0.05666687852482433, 0.36078913881727015, 0.43097174734007515, 0.4025158856873241, 0.38242085084336574, -0.3980817609357752, -0.4415777236896914, -0.7565132556867382, -0.9202145449232695, 0.6998735531302498, -0.7700443825407421, -0.1356674866986951, 0.4752336516349634, -0.7508220465058644, -0.19297934647246606, 0.12852765531674765, 0.6687281196560699, -0.0986880467506974, 0.8113289458117889, -0.25286556223738743, 0.6388024686476734, -0.34765652689881327, -0.7647211820657278, -0.4911794513223202, 0.7945696866240235, -0.5761085331505014, -0.9911463967835001, 0.3048754787763026, 0.0008666918023987336, -0.2603262517688596, 0.5261641572424036, -0.6828092824852703, -0.3012078218037213, 0.003708482152206205, -0.008607782068191017, 0.6319277258494493, 0.9332572290275649, -0.1723857600683496, 0.4093616848062325, -0.6875079230199191, 0.6943281555929958, -0.1276787391432357, 0.9980372250155629, -0.42089170511910723, -0.5747848545200542, 0.03370536683407699, -0.3031907191221026, -0.9835463388637815, 0.6700211307465276, 0.2321468749215807, 0.9615336950569602, -0.9550302282511174, -0.6187292941589964, -0.3386006664912309, -0.5409927722830072, -0.33636644273414085, -0.3831038295825131, -0.8030601361739371, 0.4579464017070094, 0.7971596693842222, 0.32706550937948786, -0.6392599290088219, 0.32097994331953483, 0.1303984833869507, -0.03451056250916906, -0.40370782941414385, 0.8808600317029691, 0.8571056869399849, 0.7888926813180077, 0.4800655286206159, 0.5855413768332396, 0.7380212902605416, 0.9630778630833046, 0.9629462922782097, 0.7957580292614279, -0.16467550133780784, 0.09825023092888174, -0.5210944316247376, -0.1125468574706463, 0.020269042202027743, 0.23719046095644591, 0.016581007203301468]
1019.9472045898438	(8, 12, 2)	[0.7712860541921036, -0.280264304853304, 0.4389619498134274, -0.2841408254073773, -0.50165199515703, -0.7471197346633462, 0.6193747292749638, -0.051812092606073445, 0.3038320988955807, 0.41955762546336817, 0.027978912400067425, 0.42027729624633525, -0.8782166750595417, -0.8786772278196369, -0.09003332188702662, 0.8089208508917309, -0.44258749218697946, -0.11309182131100548, -0.9120136601651845, -0.7881100546328623, -0.3676368117240497, 0.5269501619728489, -0.28964951815361095, 0.6485860101609195, 0.37096830410508463, 0.37210729538000575, -0.12046206221892583, -0.42854025282205344, -0.5595157325790328, 0.7903488340310734, 0.9441609919494012, 0.5995755170567227, 0.4139366687411665, 0.6720731545424468, -0.1326779184031972, 0.25411205244016233, -0.25592861232429476, 0.7699882486772074, 0.05666687852482433, 0.04704955886377027, 0.3038136935518725, 0.4025158856873241, 0.6064209860883971, -0.3980817609357752, -0.4415777236896914, -0.7892365847166571, -0.9202145449232695, -0.3502541212856989, 0.7784785470679769, -0.1356674866986951, -0.6874804825542697, -0.3728253731670097, -0.5516936953709162, 0.8399557996259606, 0.6687281196560699, 0.5804186304459285, 0.8113289458117889, -0.34866197000731425, 0.4489969897232693, -0.2982315033255434, -0.7647211820657278, 0.5356685368979821, -0.9270660811619627, -0.24054832792133896, -0.9911463967835001, -0.5000870298472715, 0.2261985609523638, 0.9234773461510237, -0.05094636402689856, -0.8935724788470083, 0.5405338169665204, -0.5981399071092388, 0.8226006127621461, 0.7923375509786335, -0.5354081635723942, -0.1723857600683496, -0.033298313046583594, -0.7367782169728252, 0.7573471121278639, 0.3598116450838915, -0.7805012038383126, -0.553731773367526, 0.6802864433144311, 0.03370536683407699, -0.81728391876148, -1.0, 0.0470044617274572, -0.47053425191688847, 0.6998999746986938, -0.23751277472151888, -0.6187292941589964, 0.9993561561432365, 0.4633499826853906, 0.006376927594292203, -0.11955320619414733, -0.8030601361739371, -0.21256057264206207, 0.20037035782333557, -0.7427068607187106, 0.6771628884856034, 0.19548419281699436, 0.24308578262903005, -0.03451056250916906, 0.41836361862480675, 0.7365890843854734, 0.9520904554706384, 0.05039634398197079, 0.3769827242507977, -0.22720587337839437, 0.26011276848658804, -0.271495019130666, 0.7430350811227076, 0.9790994136941413, -0.2696326417407455, 0.9706359414966508, -0.865031067562049, 0.39968807272826634, -0.7143641780863828, -0.36872220066768535, -0.523199686582919]
1019.940673828125	(8, 12, 2)	[0.7712860541921036, -0.280264304853304, 0.4389619498134274, -0.21702576741443808, -0.50165199515703, -0.7471197346633462, -0.8755036231152473, 0.0021543827518195613, 0.3038320988955807, 0.670390672887893, 0.9295523841480005, 0.42027729624633525, -0.8782166750595417, -0.867417831533573, -0.09003332188702662, 0.8089208508917309, -0.44258749218697946, 0.32624471016764534, -0.9120136601651845, -0.7881100546328623, -0.3676368117240497, 0.5269501619728489, -0.28964951815361095, 0.6485860101609195, 0.8711426632507153, 0.37210729538000575, -0.12046206221892583, -0.42854025282205344, -0.1695708072833777, 0.7903488340310734, 0.9441609919494012, 0.5995755170567227, 0.4139366687411665, 0.6720731545424468, -0.04837775118843608, 0.25411205244016233, -0.07510499782626523, 0.7699882486772074, 0.05666687852482433, 0.9056838180119302, 0.5235725518122707, 0.4025158856873241, 0.38242085084336574, -0.3980817609357752, -0.4415777236896914, -0.7892365847166571, -0.9202145449232695, 0.6998735531302498, 0.7784785470679769, 0.011037820790309016, -0.6874804825542697, -0.7773144648763934, -0.5516936953709162, 0.8399557996259606, 0.6687281196560699, -0.0986880467506974, -0.3216979838120604, -0.34866197000731425, 0.4489969897232693, -0.2982315033255434, -0.7647211820657278, -0.5020745379200782, -0.9270660811619627, -0.24054832792133896, -0.9911463967835001, 0.22027907706945532, 0.0008666918023987336, 0.9234773461510237, -0.7610984846534936, 0.7998239948669382, -0.3012078218037213, -0.5981399071092388, 0.8226006127621461, -0.7679757001265792, -0.5354081635723942, -0.1723857600683496, -0.033298313046583594, -0.7367782169728252, 0.7573471121278639, 0.3598116450838915, 0.9980372250155629, -0.553731773367526, -0.24051084388962904, 0.03370536683407699, -0.81728391876148, -1.0, 0.0470044617274572, 0.7233148271027197, 0.6998999746986938, 0.7209767335244286, -0.6187292941589964, -0.3386006664912309, -0.719906828163931, -0.6836745439939407, -0.11955320619414733, 0.042955195331201956, -0.21256057264206207, 0.20037035782333557, -0.7061922388420036, 0.6771628884856034, 0.17796925317005646, 0.24308578262903005, -0.03451056250916906, -0.40370782941414385, 0.8808600317029691, 0.9520904554706384, 0.05039634398197079, 0.4800655286206159, -0.5365015048912838, 0.26011276848658804, 0.14453926015001017, 0.9629462922782097, 0.24298112841837405, 0.12153929638564329, 0.9706359414966508, -0.7216881898361773, 0.39968807272826634, -0.7143641780863828, -0.36872220066768535, -0.38596578209889754]
1019.7632446289062	(8, 12, 2)	[0.7712860541921036, -0.280264304853304, 0.4389619498134274, -0.21702576741443808, -0.50165199515703, -0.8181222259309351, -0.8755036231152473, 0.0021543827518195613, 0.3038320988955807, 0.670390672887893, 0.9295523841480005, 0.42027729624633525, -0.8782166750595417, -0.867417831533573, -0.09003332188702662, 0.8089208508917309, -0.44258749218697946, 0.32624471016764534, -0.9120136601651845, -0.7881100546328623, -0.23182948048142496, 0.5269501619728489, -0.28964951815361095, 0.6485860101609195, 0.8711426632507153, 0.37210729538000575, -0.12046206221892583, -0.42854025282205344, -0.1695708072833777, 0.7903488340310734, 0.9441609919494012, 0.5995755170567227, 0.4139366687411665, 0.6720731545424468, -0.04837775118843608, 0.25411205244016233, -0.07510499782626523, 0.7699882486772074, 0.05666687852482433, 0.9056838180119302, 0.5235725518122707, 0.4025158856873241, 0.38242085084336574, -0.3980817609357752, -0.4415777236896914, -0.7892365847166571, -0.9202145449232695, 0.6998735531302498, 0.7784785470679769, 0.011037820790309016, -0.6874804825542697, -0.7773144648763934, -0.5516936953709162, 0.8399557996259606, 0.6687281196560699, -0.0986880467506974, -0.3216979838120604, -0.34866197000731425, 0.4489969897232693, -0.2982315033255434, -0.7647211820657278, -0.5020745379200782, -0.9270660811619627, -0.24054832792133896, -0.9911463967835001, 0.22027907706945532, 0.0008666918023987336, 0.9234773461510237, -0.7610984846534936, 0.7998239948669382, -0.3012078218037213, -0.5981399071092388, 0.8226006127621461, -0.7679757001265792, -0.5354081635723942, -0.1723857600683496, -0.033298313046583594, -0.7367782169728252, 0.7573471121278639, 0.3598116450838915, 0.9980372250155629, -0.553731773367526, -0.24051084388962904, 0.03370536683407699, -0.81728391876148, -1.0, 0.0470044617274572, 0.7233148271027197, 0.6998999746986938, 0.7209767335244286, -0.6187292941589964, -0.3386006664912309, -0.719906828163931, -0.6836745439939407, -0.11955320619414733, 0.042955195331201956, -0.21256057264206207, 0.20037035782333557, -0.7061922388420036, 0.6771628884856034, 0.17796925317005646, 0.24308578262903005, -0.03451056250916906, -0.40370782941414385, 0.8808600317029691, 0.9520904554706384, 0.05039634398197079, 0.4800655286206159, -0.5365015048912838, 0.26011276848658804, 0.14453926015001017, 0.9629462922782097, 0.24298112841837405, 0.12153929638564329, 0.9706359414966508, -0.7216881898361773, 0.39968807272826634, -0.7143641780863828, -0.36872220066768535, -0.38596578209889754]
1019.9620361328125	(8, 12, 2)	[0.7712860541921036, -0.9517309331496748, 0.4389619498134274, -0.21702576741443808, -0.9640075424430912, -0.7497439712939389, -0.8755036231152473, 0.0021543827518195613, -0.024637975974213022, 0.670390672887893, 0.7753155624607138, 0.42027729624633525, -0.8782166750595417, -0.867417831533573, 0.42638031583914404, 0.8089208508917309, -0.44258749218697946, 0.32624471016764534, -0.8976126463974177, -0.7881100546328623, 0.681059213605508, -0.2548978722069879, 0.07421181715991865, -0.36042593331901535, -0.4366642936157461, 0.37210729538000575, -0.12046206221892583, -0.42854025282205344, -0.5595157325790328, 0.7903488340310734, 0.9441609919494012, 0.5995755170567227, 0.4139366687411665, 0.6720731545424468, -0.2931552771488515, 0.25411205244016233, 0.4612307485680278, 0.5864592759262746, 0.05666687852482433, 0.9056838180119302, -0.803029577909947, 0.4025158856873241, 0.38242085084336574, -0.3980817609357752, -0.4415777236896914, -0.7565132556867382, -0.9202145449232695, 0.6998735531302498, 0.7784785470679769, 0.011037820790309016, -0.6874804825542697, -0.7773144648763934, -0.19297934647246606, 0.8399557996259606, 0.6687281196560699, -0.0986880467506974, -0.3751940284200531, -0.19659824978194054, 0.4489969897232693, -0.7457146898038685, -0.7660290766930847, 0.5356685368979821, 0.8128494778487485, -0.23382286151540854, -0.9911463967835001, 0.2838646579006021, 0.2261985609523638, 0.48274460514553796, -0.4632486176275675, -0.6828092824852703, 0.5405338169665204, -0.5981399071092388, 0.8226006127621461, -0.7679757001265792, -0.5354081635723942, -0.1723857600683496, -0.033298313046583594, -0.7367782169728252, -0.3813772957394259, -0.1276787391432357, 0.9980372250155629, -0.553731773367526, 0.6802864433144311, 0.03370536683407699, 0.2595678607248706, -0.8110446714885291, 0.0470044617274572, -0.47053425191688847, 0.9615336950569602, 0.7209767335244286, -0.36007518027099694, -0.3386006664912309, -0.719906828163931, 0.006376927594292203, -0.11955320619414733, 0.042955195331201956, -0.21256057264206207, 0.2941252203988989, -0.7427068607187106, -0.004091167417498598, 0.17796925317005646, 0.24308578262903005, -0.03451056250916906, -0.40370782941414385, 0.8808600317029691, -0.7289674586689465, 0.05039634398197079, 0.4800655286206159, 0.5855413768332396, 0.26011276848658804, 0.14453926015001017, 0.6265719619622412, 0.24298112841837405, 0.12153929638564329, 0.9706359414966508, -0.911396604526136, 0.39968807272826634, -0.3633245441388204, -0.36872220066768535, -0.38596578209889754]
1019.9275512695312	(8, 12, 2)	[0.7712860541921036, -0.280264304853304, 0.7801111380808801, -0.21702576741443808, -0.7895899678279781, -0.7497439712939389, 0.8447321210929519, -0.051812092606073445, 0.7316658947673785, 0.2380000962025859, 0.7753155624607138, 0.5391616190406148, -0.8782166750595417, -0.867417831533573, -0.09003332188702662, -0.3541452553787754, 0.5563252224463544, -0.8730577109476902, -0.8976126463974177, -0.0718379715151165, 0.6945014753161745, 0.5269501619728489, 0.07421181715991865, 0.0005377984918299994, -0.6140651518468345, 0.0721260999270874, 0.1500157761506693, 0.6022705944672335, -0.5595157325790328, -0.44594075754656726, 0.4359017639748137, -0.7260798777481349, 0.4139366687411665, 0.6720731545424468, -0.2931552771488515, 0.20958250420615754, 0.8275961544949615, 0.7699882486772074, 0.05666687852482433, 0.36078913881727015, 0.43097174734007515, 0.4025158856873241, 0.38242085084336574, -0.17553842915160575, 0.553990662543365, -0.7565132556867382, -0.9202145449232695, -0.3502541212856989, 0.7784785470679769, 0.011037820790309016, 0.4752336516349634, -0.7312859499063613, -0.19297934647246606, 0.12852765531674765, 0.6687281196560699, 0.24946808216039043, 0.15065981995039213, 0.367284182805103, 0.4489969897232693, -0.7027686548009676, -0.7647211820657278, 0.5356685368979821, 0.5210898940734876, -0.5761085331505014, 0.7706374716295683, -0.44579137550024184, -0.8804622278442911, -0.2603262517688596, 0.05629572096347313, 0.740785537648377, 0.5405338169665204, 0.9732485827653319, -0.8559870694014913, 0.17517113637740334, 0.947046258405438, -0.1723857600683496, 0.4093616848062325, -0.6875079230199191, -0.3813772957394259, -0.1276787391432357, 0.9980372250155629, -0.6264237371090915, 0.49303641826396705, 0.03370536683407699, -0.81728391876148, -1.0, -0.5662188591866453, 0.7233148271027197, -0.26477406496337774, -0.9550302282511174, -0.36776452063138043, -0.3386006664912309, -0.7379514535388478, -0.33636644273414085, -0.11955320619414733, -0.21350493666457804, -0.21256057264206207, -0.9164429997111114, -0.7061922388420036, -0.6392599290088219, 0.19548419281699436, 0.1303984833869507, -0.4698320366434565, 0.3430753851422972, 0.8808600317029691, -0.7289674586689465, -0.5343937399327887, -0.2956747007884959, 0.5855413768332396, 0.15744139172102645, 0.9630778630833046, 0.9629462922782097, 0.7957580292614279, -0.16467550133780784, -0.44521209145033547, -0.7424836972092201, -1.0, -0.7143641780863828, -0.36872220066768535, -0.38596578209889754]
1017.6433715820312	(8, 12, 2)	[-0.5189016701106313, -0.280264304853304, 0.7801111380808801, 0.12633885964154046, -0.7895899678279781, -0.6451972190476247, 0.8447321210929519, -0.051812092606073445, -0.6853218560775811, 0.41955762546336817, 0.03595585885029329, 0.5391616190406148, -0.8782166750595417, -0.0033928229701771784, -0.09003332188702662, -0.3541452553787754, 0.5228513299001556, -0.8730577109476902, -0.9120136601651845, -0.7068131759184826, 0.8539567297334605, 0.5269501619728489, 0.07421181715991865, 0.6485860101609195, -0.19298752751672477, 0.0721260999270874, 0.1500157761506693, -0.5905036425759091, -0.5595157325790328, 0.7903488340310734, 0.4359017639748137, 0.5995755170567227, 0.4139366687411665, 0.6720731545424468, 0.29621508911259187, 0.7839937723694961, 0.9612119420710714, 0.5864592759262746, -0.03412948095634992, 0.9056838180119302, -0.803029577909947, 0.4025158856873241, 0.6064209860883971, 0.2608351768132049, 0.553990662543365, 0.7621016647008609, -0.4037669515301221, 0.6998735531302498, 0.7784785470679769, -0.7720764982445316, 0.4752336516349634, -0.38092718991878544, -0.5516936953709162, 0.43359002373157796, 0.6358559283661194, 0.5804186304459285, 0.8113289458117889, -0.3325924420793034, -0.8974354888403544, -0.7457146898038685, -0.7647211820657278, -0.4911794513223202, -0.9270660811619627, -0.5761085331505014, -0.6649322400739832, 0.13936297132833678, -0.5992005859579066, -0.5121440055566684, 0.5261641572424036, 0.740785537648377, -0.48881907599509383, 0.9732485827653319, 0.9873622428351143, 0.36434093997873884, 0.947046258405438, -0.1723857600683496, 0.4093616848062325, -0.7367782169728252, -0.4695175480215683, -0.1276787391432357, -0.7805012038383126, -0.553731773367526, -0.5747848545200542, -0.6049070364853737, -0.3031907191221026, -0.8110446714885291, -0.0705019662727322, 0.7233148271027197, 0.6998999746986938, -0.9550302282511174, -0.36776452063138043, -0.3386006664912309, 0.8697552583250628, -0.6836745439939407, -0.11955320619414733, -0.21350493666457804, -0.26122268990808506, 0.2652268077599482, -0.7061922388420036, 0.6771628884856034, 0.32097994331953483, -0.6835214826046705, -0.03451056250916906, -0.5790286724039013, -0.710576317368149, -0.7289674586689465, 0.7888926813180077, 0.37511114742144547, -0.22720587337839437, 0.7380212902605416, 0.9630778630833046, 0.170512205235809, 0.7957580292614279, -0.16467550133780784, -0.44521209145033547, -0.6718268094939444, -1.0, 0.23594174396175083, 0.23719046095644591, -0.38596578209889754]
1019.9560546875	(8, 12, 2)	[0.7712860541921036, -0.9517309331496748, 0.7806321631895448, -0.21702576741443808, -0.7895899678279781, -0.7497439712939389, -0.60809211137833, -0.051812092606073445, -0.6853218560775811, 0.2380000962025859, 0.03595585885029329, 0.5391616190406148, -0.8782166750595417, -0.765063924425643, 0.8730790542420048, -0.3541452553787754, -0.44258749218697946, -0.8730577109476902, -0.2744877489437636, -0.6670639515880095, 0.3122163041259518, 0.5269501619728489, -0.28964951815361095, 0.0005377984918299994, 0.37096830410508463, 0.0721260999270874, 0.1500157761506693, -0.42854025282205344, 0.36829587142073983, 0.7903488340310734, 0.4359017639748137, 0.5995755170567227, -0.9553684877480688, 0.6720731545424468, 0.29621508911259187, 0.7839937723694961, -0.07510499782626523, 0.7699882486772074, 0.05666687852482433, 0.36078913881727015, -0.803029577909947, 0.4025158856873241, 0.6064209860883971, -0.3980817609357752, -0.4415777236896914, -0.7892365847166571, -0.9202145449232695, -0.3502541212856989, -0.09741946970708455, 0.10564658051775688, 0.5830178797744339, -0.7508220465058644, -0.19297934647246606, 0.12852765531674765, 0.6687281196560699, -0.0986880467506974, 0.9304258423127663, -0.19659824978194054, 0.4489969897232693, -0.2982315033255434, -0.7647211820657278, 0.45384130797595734, 0.5210898940734876, -0.23382286151540854, -0.3070584286271829, 0.3048754787763026, 0.2261985609523638, -0.470907557474616, 0.05629572096347313, -0.6828092824852703, -0.3012078218037213, -0.5981399071092388, -0.1833312058260126, 0.17517113637740334, 0.947046258405438, -0.1723857600683496, -0.033298313046583594, -0.7367782169728252, -0.4695175480215683, -0.1276787391432357, 0.9980372250155629, -0.553731773367526, -0.43992629110808407, 0.03370536683407699, -0.81728391876148, -0.5332864623875682, -0.18342602531236557, -0.47053425191688847, 0.9615336950569602, -0.9550302282511174, -0.36776452063138043, 0.9993561561432365, -0.7379514535388478, 0.006376927594292203, -0.3831038295825131, -0.8030601361739371, 0.4579464017070094, -0.7270148095342877, -0.7427068607187106, 0.0034581823093039216, -0.9477996488700218, 0.24308578262903005, -0.4698320366434565, -0.2116685373447833, -0.710576317368149, -0.4169082028012101, 0.05039634398197079, 0.3769827242507977, 0.6214478741529529, 0.7380212902605416, 0.9630778630833046, 0.9629462922782097, 0.24298112841837405, -0.2696326417407455, -0.44521209145033547, -0.5210944316247376, 0.39968807272826634, -0.7143641780863828, -0.390169326319098, 0.016581007203301468]
1019.55615234375	(8, 12, 2)	[0.9259129767161947, -0.2697172504634987, 0.7806321631895448, 0.12633885964154046, -0.9640075424430912, -0.6539192753473563, -0.7550750455365142, -0.051812092606073445, -0.024637975974213022, 0.670390672887893, 0.03595585885029329, 0.5391616190406148, -0.8782166750595417, -0.7704450077186944, 0.9041552875909477, 0.8089208508917309, -0.44258749218697946, -0.11309182131100548, -0.9120136601651845, -0.7881100546328623, -0.23182948048142496, -0.7888851005825261, -0.28964951815361095, 0.6485860101609195, -0.4366642936157461, 0.0721260999270874, -0.12046206221892583, 0.05596023521344806, -0.1695708072833777, 0.7903488340310734, -0.9589401862344877, 0.5995755170567227, 0.4139366687411665, 0.6720731545424468, -0.13201157978557754, 0.7839937723694961, 0.4612307485680278, 0.7699882486772074, 0.05666687852482433, 0.04704955886377027, 0.3038136935518725, 0.4025158856873241, 0.38242085084336574, -0.17553842915160575, 0.11226131404170714, -0.7565132556867382, -0.9202145449232695, -0.3502541212856989, -0.7700443825407421, 0.011037820790309016, 0.4752336516349634, -0.7508220465058644, -0.19297934647246606, 0.43359002373157796, 0.6358559283661194, 0.24946808216039043, -0.3216979838120604, -0.27558392858276637, 0.6192254001517685, -0.2982315033255434, -0.7647211820657278, 0.45384130797595734, -0.9270660811619627, -0.24054832792133896, -0.3070584286271829, 0.2838646579006021, 0.2261985609523638, -0.470907557474616, -0.7610984846534936, 0.740785537648377, 0.3787795424996081, 0.9732485827653319, 0.8226006127621461, 0.17517113637740334, 0.9332572290275649, -0.1723857600683496, 0.4093616848062325, -0.4780029337347352, -0.3813772957394259, -0.1276787391432357, 0.9980372250155629, -0.553731773367526, 0.49303641826396705, -0.06291568212522747, 0.29394477890108717, -0.8110446714885291, 0.6700211307465276, -0.47053425191688847, 0.6998999746986938, 0.3758182608782237, -0.6187292941589964, 0.9866031599849183, 0.9225455590963472, -0.6638341567854738, -0.18650190319199644, 0.042955195331201956, -0.26122268990808506, 0.2652268077599482, -0.7061922388420036, -0.6392599290088219, 0.29950498807586223, 0.1303984833869507, 0.47813764148163784, 0.42632778960573686, 0.8808600317029691, -0.7289674586689465, -0.5343937399327887, 0.37511114742144547, -0.22720587337839437, 0.26011276848658804, -0.271495019130666, 0.9629462922782097, 0.7957580292614279, -0.16467550133780784, -0.44521209145033547, -0.6718268094939444, 0.39968807272826634, -0.7143641780863828, 0.23719046095644591, -0.523199686582919]
1019.9375	(8, 12, 2)	[0.9259129767161947, -0.9517309331496748, 0.42349242518061403, 0.12633885964154046, -0.50165199515703, -0.6539192753473563, -0.7550750455365142, 0.0021543827518195613, -0.42923957708651383, 0.670390672887893, 0.7753155624607138, 0.5474238605484013, -0.8142294000736338, -0.867417831533573, -0.09003332188702662, 0.8089208508917309, 0.5563252224463544, -0.8730577109476902, -0.9120136601651845, -0.7881100546328623, 0.8539567297334605, -0.7888851005825261, -0.28964951815361095, 0.6485860101609195, -0.19298752751672477, 0.0721260999270874, -0.17371395378273394, -0.5110301867479821, -0.5786568946280826, 0.7903488340310734, 0.9441609919494012, 0.5033681839788107, 0.4139366687411665, 0.6720731545424468, 0.29621508911259187, 0.5226015201180594, -0.07510499782626523, 0.23423051088866048, -0.8306876559585321, -0.3022674339641642, 0.3038136935518725, 0.4025158856873241, 0.38242085084336574, 0.2608351768132049, 0.11226131404170714, -0.7860838381518834, -0.9202145449232695, -0.3502541212856989, -0.7700443825407421, -0.1356674866986951, 0.4752336516349634, -0.7508220465058644, -0.581824460268685, 0.8399557996259606, -0.18921038200291673, -0.1278115883011095, -0.3216979838120604, 0.367284182805103, 0.9589258535922596, -0.2982315033255434, -0.7647211820657278, 0.45384130797595734, 0.7945696866240235, -0.5761085331505014, -0.9911463967835001, -0.3508752972834628, 0.2261985609523638, -0.2603262517688596, -0.3921335180285068, -0.6828092824852703, 0.5405338169665204, -0.6360640985932722, 0.961749067665865, 0.17517113637740334, 0.9332572290275649, -0.1723857600683496, 0.4093616848062325, -0.7367782169728252, -0.3813772957394259, -0.1276787391432357, 0.5693755076199045, 0.6794628812330221, 0.49303641826396705, -0.6049070364853737, -0.81728391876148, -0.7120903133800652, -0.1590171188262579, -0.47053425191688847, 0.6998999746986938, 0.3758182608782237, -0.36007518027099694, -0.3386006664912309, -0.7379514535388478, -0.6638341567854738, -0.3668191043694587, -0.8030601361739371, 0.4579464017070094, 0.20037035782333557, -0.7061922388420036, -0.6392599290088219, -0.9477996488700218, 0.9249817499995456, -0.4698320366434565, -0.40370782941414385, 0.7365890843854734, 0.9520904554706384, -0.5343937399327887, 0.37511114742144547, -0.1213418440259633, 0.26011276848658804, -0.271495019130666, 0.7430350811227076, 0.24298112841837405, -0.16467550133780784, -0.44521209145033547, -0.6718268094939444, 0.39968807272826634, 0.23594174396175083, 0.20612008338985569, -0.523199686582919]
1019.8646240234375	(8, 12, 2)	[0.373906736633564, -0.9517309331496748, 0.7801111380808801, -0.21702576741443808, -0.7895899678279781, -0.6539192753473563, 0.8447321210929519, -0.051812092606073445, -0.024637975974213022, 0.2380000962025859, 0.7753155624607138, 0.42027729624633525, -0.9839780760832613, -0.8786772278196369, -0.09003332188702662, 0.8603859748272621, 0.5563252224463544, -0.11309182131100548, -0.9120136601651845, -0.7881100546328623, 0.8539567297334605, -0.2548978722069879, 0.07421181715991865, 0.0005377984918299994, 0.37096830410508463, 0.344282993225534, 0.1500157761506693, 0.6022705944672335, 0.36829587142073983, 0.7903488340310734, 0.8071864403113251, -0.5503036737515701, 0.4139366687411665, 0.6720731545424468, -0.1326779184031972, 0.25411205244016233, 0.4612307485680278, 0.7699882486772074, 0.05666687852482433, 0.04704955886377027, -0.5908649202466489, 0.4025158856873241, 0.6064209860883971, -0.3980817609357752, 0.7733577176229998, 0.7621016647008609, 0.5996714126975533, -0.3502541212856989, -0.7700443825407421, -0.7720764982445316, 0.5830178797744339, -0.38092718991878544, -0.19297934647246606, 0.43359002373157796, 0.6934437237284178, 0.5804186304459285, 0.15065981995039213, -0.25286556223738743, 0.4489969897232693, -0.7457146898038685, -0.7390224534991334, -0.5020745379200782, 0.5210898940734876, -0.23382286151540854, -0.9911463967835001, -0.44579137550024184, 0.2261985609523638, -0.2603262517688596, 0.5261641572424036, -0.6828092824852703, -0.4432201012030017, -0.5981399071092388, 0.8226006127621461, 0.17517113637740334, 0.947046258405438, 0.46798682122215784, 0.4093616848062325, -0.7367782169728252, -0.3813772957394259, -0.1276787391432357, -0.7805012038383126, -0.553731773367526, -0.43091077359561614, 0.03370536683407699, 0.4959186313340116, -0.5332864623875682, -0.1590171188262579, -0.47053425191688847, 0.6998999746986938, 0.7209767335244286, -0.36776452063138043, -0.3386006664912309, 0.9225455590963472, 0.006376927594292203, -0.11955320619414733, 0.042955195331201956, 0.4579464017070094, -0.9164429997111114, -0.7061922388420036, 0.6771628884856034, -0.9477996488700218, -0.6713537605951269, -0.4698320366434565, 0.40680212563635343, -0.710576317368149, -0.7289674586689465, -0.5343937399327887, -0.2956747007884959, -0.22720587337839437, 0.26011276848658804, 0.9630778630833046, 0.170512205235809, 0.9790994136941413, -0.2696326417407455, 0.254164233050725, -0.20137714626332914, 0.39968807272826634, 0.020269042202027743, 0.23719046095644591, -0.38596578209889754]
1019.465576171875	(8, 12, 2)	[0.373906736633564, -0.280264304853304, 0.7801111380808801, -0.21702576741443808, -0.7895899678279781, -0.7497439712939389, 0.8447321210929519, 0.0021543827518195613, -0.024637975974213022, 0.670390672887893, 0.0678178325819246, 0.42027729624633525, -0.8782166750595417, -0.8786772278196369, -0.09003332188702662, 0.8089208508917309, 0.5563252224463544, -0.11309182131100548, -0.9120136601651845, -0.7881100546328623, -0.23182948048142496, 0.5269501619728489, -0.2003784111273374, 0.0005377984918299994, 0.37096830410508463, 0.344282993225534, -0.16263551653151498, -0.42854025282205344, 0.8339376508235339, 0.7903488340310734, 0.8071864403113251, -0.5738325973314, 0.4139366687411665, 0.6720731545424468, -0.1326779184031972, 0.5226015201180594, 0.4612307485680278, 0.7699882486772074, 0.05666687852482433, 0.9056838180119302, -0.5908649202466489, 0.4025158856873241, 0.38242085084336574, 0.2608351768132049, -0.4415777236896914, -0.7565132556867382, 0.5996714126975533, -0.3502541212856989, -0.8574816116429878, -0.7720764982445316, 0.5830178797744339, -0.38092718991878544, -0.6418538532152271, 0.43359002373157796, 0.6934437237284178, 0.5804186304459285, -0.3216979838120604, -0.25286556223738743, 0.6192254001517685, -0.7457146898038685, -0.7647211820657278, -0.3410834317869165, 0.7945696866240235, -0.5761085331505014, -0.9911463967835001, -0.44579137550024184, 0.2261985609523638, -0.470907557474616, 0.5261641572424036, -0.6828092824852703, 0.5405338169665204, -0.5981399071092388, 0.8226006127621461, 0.17517113637740334, -0.5354081635723942, 0.46798682122215784, 0.4093616848062325, -0.7367782169728252, 0.7953963738479857, -0.1276787391432357, -0.7805012038383126, -0.553731773367526, -0.43992629110808407, -0.06291568212522747, 0.4959186313340116, -0.8110446714885291, -0.6497149004928271, -0.47053425191688847, 0.6998999746986938, 0.7209767335244286, -0.36776452063138043, -0.3386006664912309, 0.9225455590963472, 0.006376927594292203, -0.11955320619414733, -0.8030601361739371, 0.4579464017070094, -0.9164429997111114, -0.7061922388420036, -0.6392599290088219, -0.9477996488700218, 0.2341182879403998, -0.4698320366434565, -0.40370782941414385, -0.710576317368149, -0.7289674586689465, 0.7888926813180077, 0.37511114742144547, -0.22720587337839437, 0.7380212902605416, 0.9630778630833046, 0.170512205235809, 0.9790994136941413, -0.5768221689980011, -0.031435559879521735, -0.5210944316247376, 0.39968807272826634, 0.020269042202027743, 0.23719046095644591, -0.38596578209889754]
1017.3456420898438	(8, 12, 2)	[1.0, -0.280264304853304, 0.7801111380808801, -0.21702576741443808, -0.7895899678279781, -0.6451972190476247, 0.8365176362846178, 0.0021543827518195613, -0.6853218560775811, 0.41955762546336817, 0.7325162992358357, 0.42027729624633525, -0.9748798098348443, -0.8786772278196369, -0.09003332188702662, 0.8089208508917309, 0.5563252224463544, -0.11309182131100548, 0.7791911054181184, -0.7046183127768983, 0.3122163041259518, 0.5269501619728489, 0.07421181715991865, 0.6485860101609195, -0.4366642936157461, 0.0721260999270874, 0.1500157761506693, -0.4944954413303657, -0.5595157325790328, 0.7903488340310734, 0.4359017639748137, 0.5995755170567227, 0.4139366687411665, 0.6720731545424468, -0.2931552771488515, 0.20958250420615754, -0.07510499782626523, 0.7699882486772074, 0.05666687852482433, -0.3022674339641642, 0.43097174734007515, 0.4025158856873241, 0.6064209860883971, -0.17553842915160575, -0.4415777236896914, -0.7892365847166571, -0.9202145449232695, 0.11551717146307361, 0.7784785470679769, 0.10564658051775688, 0.5830178797744339, 0.5799761660978007, -0.28411824786036705, 0.43359002373157796, 0.6687281196560699, 0.5804186304459285, 0.8113289458117889, 0.367284182805103, 0.4489969897232693, -0.7027686548009676, -0.7647211820657278, -0.4911794513223202, -0.33147653640930286, -0.5761085331505014, -0.3070584286271829, 0.22027907706945532, 0.2261985609523638, 0.48274460514553796, 0.811082225110483, 0.740785537648377, -0.44339948038951466, -0.6360640985932722, 0.9873622428351143, 0.17517113637740334, 0.9332572290275649, -0.1723857600683496, 0.4093616848062325, -0.7367782169728252, -0.3813772957394259, -0.1276787391432357, 0.9980372250155629, -0.553731773367526, 0.49303641826396705, 0.03370536683407699, 0.2595678607248706, -0.9835463388637815, 0.0470044617274572, -0.47053425191688847, -0.26477406496337774, -0.8713571287489857, -0.36776452063138043, -0.3386006664912309, 0.7837834775303101, -0.8762051885509334, -0.947758582078466, -0.7750018207488444, 0.4579464017070094, 0.20037035782333557, -0.7427068607187106, -0.5998232666194581, -0.8851012628386838, 0.4675784576269584, -0.03451056250916906, -0.5790286724039013, 0.8808600317029691, -0.7289674586689465, 0.05039634398197079, 0.4800655286206159, -0.28736246697356593, 0.26011276848658804, 1.0, 0.170512205235809, 0.24298112841837405, -0.16467550133780784, 0.9706359414966508, -0.5210944316247376, -1.0, 0.23594174396175083, 0.23719046095644591, -0.38596578209889754]
1019.9625244140625	(8, 12, 2)	[1.0, -0.280264304853304, 0.7801111380808801, -0.21702576741443808, -0.7895899678279781, -0.6451972190476247, 0.8365176362846178, 0.0021543827518195613, -0.6853218560775811, 0.41955762546336817, 0.7325162992358357, 0.42027729624633525, -0.9748798098348443, -0.8786772278196369, -0.09003332188702662, 0.8089208508917309, 0.5563252224463544, -0.11309182131100548, 0.7791911054181184, -0.7046183127768983, 0.3122163041259518, 0.5269501619728489, 0.07421181715991865, 0.6485860101609195, -0.4366642936157461, 0.0721260999270874, 0.1500157761506693, -0.4944954413303657, -0.5595157325790328, 0.7903488340310734, 0.4359017639748137, 0.5995755170567227, 0.4139366687411665, 0.6720731545424468, -0.2931552771488515, 0.20958250420615754, -0.07510499782626523, 0.7699882486772074, 0.05666687852482433, -0.3022674339641642, 0.43097174734007515, 0.4025158856873241, 0.6064209860883971, -0.17553842915160575, -0.4415777236896914, -0.7892365847166571, -0.9202145449232695, 0.11551717146307361, 0.7784785470679769, 0.10564658051775688, 0.5830178797744339, 0.5799761660978007, -0.28411824786036705, 0.43359002373157796, 0.6687281196560699, 0.5804186304459285, 0.8113289458117889, 0.367284182805103, 0.4489969897232693, -0.7027686548009676, -0.7647211820657278, -0.4911794513223202, -0.33147653640930286, -0.5761085331505014, -0.3070584286271829, 0.22027907706945532, 0.2261985609523638, 0.48274460514553796, 0.811082225110483, 0.740785537648377, -0.44339948038951466, -0.6360640985932722, 0.9873622428351143, 0.17517113637740334, 0.9332572290275649, -0.1723857600683496, 0.4093616848062325, -0.7367782169728252, -0.3813772957394259, -0.1276787391432357, 0.9980372250155629, -0.553731773367526, 0.49303641826396705, 0.03370536683407699, 0.2595678607248706, -0.9835463388637815, 0.0470044617274572, -0.47053425191688847, -0.26477406496337774, -0.8713571287489857, -0.36776452063138043, -0.3386006664912309, 0.7837834775303101, -0.8762051885509334, -0.947758582078466, -0.7750018207488444, 0.4579464017070094, 0.20037035782333557, -0.7427068607187106, -0.5998232666194581, -0.8851012628386838, 0.4675784576269584, -0.03451056250916906, -0.5790286724039013, 0.8808600317029691, -0.7289674586689465, 0.05039634398197079, 0.4800655286206159, -0.28736246697356593, 0.26011276848658804, 1.0, 0.170512205235809, 0.24298112841837405, -0.16467550133780784, 0.9706359414966508, -0.5210944316247376, -1.0, 0.23594174396175083, 0.23719046095644591, -0.38596578209889754]
1019.6561279296875	(8, 12, 2)	[0.373906736633564, -0.3452134644104714, 0.7801111380808801, -0.21702576741443808, -0.7895899678279781, -0.7471197346633462, 0.8447321210929519, 0.0021543827518195613, 0.7316658947673785, 0.670390672887893, 0.3948515159370871, 0.5081800172041839, -0.9811140043637466, -0.8786772278196369, -0.09003332188702662, 0.5221150708625943, 0.5563252224463544, -0.11309182131100548, -0.9120136601651845, -0.7881100546328623, 0.681059213605508, 0.5269501619728489, -0.2003784111273374, 0.0005377984918299994, -0.4366642936157461, 0.0721260999270874, -0.12046206221892583, -0.42854025282205344, -0.1695708072833777, 0.7903488340310734, 0.5995555043383523, 0.6679076171582937, 0.5153907096902759, 0.6720731545424468, -0.26427968669722735, 0.25411205244016233, -0.25592861232429476, 0.7699882486772074, 0.05666687852482433, 0.9056838180119302, 0.3038136935518725, 0.4025158856873241, 0.38242085084336574, -0.3980817609357752, -0.4415777236896914, -0.7860838381518834, -0.9202145449232695, -0.3502541212856989, -0.7700443825407421, -0.7720764982445316, 0.5830178797744339, -0.404903698321364, -0.19297934647246606, 0.43359002373157796, 0.6687281196560699, 0.24946808216039043, 0.8113289458117889, -0.19659824978194054, 0.4489969897232693, -0.7457146898038685, -0.7647211820657278, -0.5020745379200782, -0.477351995788856, -0.5761085331505014, -0.9911463967835001, 0.3048754787763026, 0.0008666918023987336, 0.48274460514553796, -0.7610984846534936, -0.6828092824852703, 0.5405338169665204, -0.5981399071092388, 0.8226006127621461, 0.7923375509786335, -0.5354081635723942, 0.46798682122215784, 0.4093616848062325, -0.6875079230199191, -0.35411318605037556, 0.22979922346552972, 0.5693755076199045, 0.6863634559826233, 0.49303641826396705, -0.03542807783081624, 0.2595678607248706, -0.9835463388637815, -0.6497149004928271, -0.47053425191688847, -0.1743974564086737, 0.7209767335244286, -0.6187292941589964, -0.3386006664912309, -0.719906828163931, 0.006376927594292203, -0.947758582078466, -0.8030601361739371, 0.4579464017070094, 0.20037035782333557, -0.7061922388420036, 0.6771628884856034, -0.9477996488700218, -0.6713537605951269, -0.03451056250916906, 0.3430753851422972, 0.8808600317029691, -0.4169082028012101, 0.7888926813180077, 0.28662848673548663, 0.5855413768332396, 0.26011276848658804, -0.271495019130666, -0.7804449068345884, 0.7957580292614279, -0.16467550133780784, -0.031435559879521735, -0.865031067562049, -0.1125468574706463, 0.020269042202027743, 0.20612008338985569, -0.523199686582919]
1019.7184448242188	(8, 12, 2)	[0.9259129767161947, -0.3452134644104714, 0.7806321631895448, -0.21702576741443808, -0.50165199515703, -0.36737030168630996, 0.8447321210929519, 0.0021543827518195613, -0.42923957708651383, 0.41955762546336817, 0.7753155624607138, 0.42027729624633525, -0.8782166750595417, -0.765063924425643, 0.9041552875909477, 0.8089208508917309, 0.5563252224463544, -0.8869166690897563, -0.9120136601651845, -0.7881100546328623, 0.6945014753161745, 0.5269501619728489, -0.2003784111273374, 0.0005377984918299994, -0.4366642936157461, 0.37210729538000575, 0.1500157761506693, 0.6022705944672335, -0.5595157325790328, 0.7903488340310734, -0.9589401862344877, -0.4304223770554008, 0.4139366687411665, 0.6720731545424468, 0.29621508911259187, 0.7839937723694961, 0.9612119420710714, -0.22440614511178425, 0.03772902919638366, -0.3022674339641642, 0.3038136935518725, 0.4025158856873241, 0.38242085084336574, 0.15162555443526377, -0.4415777236896914, -0.7565132556867382, -0.9202145449232695, -0.3502541212856989, -0.05286341360312319, 0.011037820790309016, 0.5830178797744339, -0.7508220465058644, -0.19297934647246606, 0.43359002373157796, -0.18921038200291673, -0.0986880467506974, -0.3216979838120604, -0.34866197000731425, 0.6192254001517685, -0.2982315033255434, -0.7647211820657278, 0.45384130797595734, 0.7945696866240235, -0.23382286151540854, -0.6649322400739832, 0.3048754787763026, -0.09774674042679081, -0.470907557474616, 0.5261641572424036, -0.6828092824852703, 0.3787795424996081, 1.0, 0.8985737604594083, 0.7923375509786335, 0.947046258405438, -0.1723857600683496, 0.4093616848062325, -0.7367782169728252, 0.7953963738479857, -0.1276787391432357, 0.9980372250155629, 0.6794628812330221, -0.43091077359561614, -0.06291568212522747, 0.2595678607248706, -0.5332864623875682, -0.5662188591866453, -0.47053425191688847, -0.26477406496337774, -0.9550302282511174, -0.36776452063138043, 0.9993561561432365, -0.903806454363788, 0.10409368572178768, -0.947758582078466, -0.8030601361739371, -0.21256057264206207, 0.20037035782333557, -0.7427068607187106, 0.6771628884856034, -0.9477996488700218, 0.2341182879403998, 0.47813764148163784, -0.40370782941414385, -0.710576317368149, -0.4169082028012101, 0.05039634398197079, 0.37511114742144547, -0.1213418440259633, 0.7380212902605416, -0.271495019130666, 0.9629462922782097, 0.24298112841837405, -0.4255453143997846, -0.031435559879521735, -0.5210944316247376, -0.1125468574706463, 0.020269042202027743, -0.5394478753910281, 0.016581007203301468]
1019.7532958984375	(8, 12, 2)	[0.9259129767161947, -0.280264304853304, 0.7801111380808801, -0.6668875570320638, -0.9640075424430912, -0.6451972190476247, 0.6193747292749638, 0.0021543827518195613, -0.024637975974213022, 0.670390672887893, -0.2671337863186616, 0.42027729624633525, -0.8782166750595417, -0.8786772278196369, 0.8730790542420048, 0.8089208508917309, -0.44258749218697946, -0.11309182131100548, -0.9120136601651845, -0.7881100546328623, 0.6893237653950192, 0.5269501619728489, 0.07421181715991865, 0.0005377984918299994, 0.37096830410508463, 0.0721260999270874, -0.12046206221892583, 0.6022705944672335, 0.9744429136266688, 0.7903488340310734, 0.4359017639748137, 0.5995755170567227, 0.4139366687411665, 0.6720731545424468, 0.29621508911259187, 0.25411205244016233, 0.8275961544949615, -0.22440614511178425, 0.05666687852482433, -0.3022674339641642, -0.5908649202466489, 0.4025158856873241, 0.6064209860883971, -0.17553842915160575, -0.4415777236896914, -0.7565132556867382, -0.9202145449232695, -0.2420262402675619, -0.05286341360312319, 0.011037820790309016, 0.5097749701776435, -0.38092718991878544, -0.6418538532152271, -0.8195804386460053, 0.6687281196560699, 0.5804186304459285, -0.3216979838120604, -0.25286556223738743, 0.5539428968752516, -0.17859647339315526, -0.7647211820657278, 0.45384130797595734, 0.7924580719392362, -0.23382286151540854, -0.3070584286271829, -0.3508752972834628, 0.2261985609523638, -0.470907557474616, 0.5261641572424036, -0.6828092824852703, 0.3787795424996081, 1.0, 0.8226006127621461, 0.1743695580550916, 0.9332572290275649, -0.1723857600683496, -0.033298313046583594, -0.7367782169728252, 0.7953963738479857, -0.1276787391432357, 0.9980372250155629, -0.553731773367526, -0.5747848545200542, -0.06291568212522747, -0.81728391876148, -0.8110446714885291, -0.6497149004928271, -0.47053425191688847, -0.26477406496337774, 0.7209767335244286, -0.6187292941589964, -0.3386006664912309, 0.9225455590963472, 0.10409368572178768, -0.11955320619414733, -0.8030601361739371, 0.4579464017070094, 0.2652268077599482, -0.7427068607187106, 0.6771628884856034, -0.9162050851414038, 0.07836823727012096, 0.47813764148163784, -0.40370782941414385, -0.710576317368149, -0.4169082028012101, 0.7888926813180077, 0.37511114742144547, -0.22720587337839437, 0.7380212902605416, -0.271495019130666, 0.9629462922782097, 0.24298112841837405, -0.16467550133780784, 0.9706359414966508, -0.5210944316247376, -1.0, -0.3370659232627642, -0.390169326319098, 0.016581007203301468]
1019.8841552734375	(8, 12, 2)	[0.373906736633564, -0.280264304853304, 0.42349242518061403, -0.21702576741443808, -0.7895899678279781, -0.6451972190476247, 0.8447321210929519, 0.0021543827518195613, -0.6853218560775811, 0.2380000962025859, 0.0678178325819246, 0.42027729624633525, -0.9811140043637466, -0.8786772278196369, -0.09003332188702662, 0.8089208508917309, 0.37941197822750994, -0.8730577109476902, -0.9120136601651845, -0.7881100546328623, 0.8539567297334605, -0.7888851005825261, 0.07421181715991865, 0.6485860101609195, -0.4366642936157461, 0.0721260999270874, -0.12046206221892583, -0.42854025282205344, -0.1695708072833777, 0.7903488340310734, -0.9589401862344877, -0.5738325973314, 0.4139366687411665, 0.6720731545424468, -0.26427968669722735, 0.5226015201180594, 0.36971410293797297, 0.7699882486772074, 0.05666687852482433, 0.36078913881727015, 0.3038136935518725, 0.4025158856873241, 0.38242085084336574, -0.3980817609357752, -0.4415777236896914, -0.7565132556867382, -0.9202145449232695, -0.2420262402675619, 0.7784785470679769, 0.10564658051775688, 0.5229469774714635, -0.38092718991878544, -0.6418538532152271, 0.8399557996259606, 0.6687281196560699, -0.1278115883011095, -0.18879443920442487, -0.25286556223738743, 0.4489969897232693, -0.6952234206571591, -0.7647211820657278, -0.5020745379200782, 0.5210898940734876, -0.5761085331505014, -0.9911463967835001, -0.44579137550024184, 0.2261985609523638, -0.470907557474616, 0.11212306126571739, 0.740785537648377, -0.44339948038951466, -0.6360640985932722, 0.8226006127621461, 0.17517113637740334, -0.5354081635723942, -0.1723857600683496, -0.033298313046583594, -0.7367782169728252, -0.36999172594404817, 0.3598116450838915, 0.5693755076199045, 0.6863634559826233, -0.43091077359561614, -0.06291568212522747, 0.36079441782271493, -0.9835463388637815, -0.5662188591866453, -0.47053425191688847, -0.10877947088790663, 0.7209767335244286, -0.36776452063138043, -0.3386006664912309, 0.9225455590963472, -0.6638341567854738, -0.947758582078466, -0.8030601361739371, 0.4579464017070094, 0.2763603153986656, -0.7061922388420036, 0.6771628884856034, -0.9456984021676438, -0.6713537605951269, -0.03451056250916906, 0.40680212563635343, -0.710576317368149, -0.4169082028012101, 0.05039634398197079, -0.2956747007884959, -0.22720587337839437, 0.7380212902605416, -0.271495019130666, 0.170512205235809, 0.24298112841837405, -0.16467550133780784, -0.031435559879521735, -0.20137714626332914, 0.39968807272826634, -0.6701053479774497, 0.20612008338985569, 0.016581007203301468]
1019.671875	(8, 12, 2)	[0.9259129767161947, -0.280264304853304, 0.7801111380808801, -0.6447389878207379, -0.9640075424430912, -0.7497439712939389, 0.6193747292749638, 0.0021543827518195613, 0.3038320988955807, 0.2380000962025859, 0.7753155624607138, 0.42027729624633525, -0.8782166750595417, -0.8786772278196369, -0.09003332188702662, 0.8089208508917309, 0.5563252224463544, -0.9913247083848357, -0.9120136601651845, -0.7046183127768983, 0.8539567297334605, -0.10462762426601446, -0.28964951815361095, 0.015812606679628666, -0.4366642936157461, 0.0721260999270874, 0.02870314378426944, 0.6022705944672335, 0.8339376508235339, 0.7903488340310734, -0.9589401862344877, 0.5995755170567227, 0.4139366687411665, 0.380603186674553, -0.26427968669722735, 0.7839937723694961, -0.07510499782626523, 0.7699882486772074, 0.05666687852482433, -0.3022674339641642, 0.3038136935518725, 0.4025158856873241, 0.38242085084336574, 0.2608351768132049, 0.11226131404170714, -0.7892365847166571, -0.9202145449232695, -0.2420262402675619, 0.7784785470679769, 0.011037820790309016, 0.5229469774714635, -0.7508220465058644, -0.6418538532152271, 0.43359002373157796, 0.6687281196560699, 0.24946808216039043, -0.3216979838120604, -0.25286556223738743, 0.5539428968752516, -0.1310022994398753, -0.7390224534991334, -0.5020745379200782, -0.33147653640930286, -0.5761085331505014, -0.6649322400739832, 0.22027907706945532, 0.2261985609523638, -0.2603262517688596, -0.7610984846534936, 0.740785537648377, -0.4432201012030017, 1.0, 0.8226006127621461, 0.1743695580550916, 0.7583734868329183, -0.29372375817271146, 0.4093616848062325, -0.7367782169728252, 0.7573471121278639, 0.3598116450838915, -0.7805012038383126, -0.553731773367526, 0.36128884551135737, 0.03370536683407699, 0.4959186313340116, -0.5332864623875682, -0.5662188591866453, -0.36911424562640055, -0.26477406496337774, 0.7209767335244286, -0.6187292941589964, -0.3386006664912309, -0.719906828163931, -0.6836745439939407, -0.11955320619414733, 0.042955195331201956, 0.4579464017070094, 0.20037035782333557, -0.7061922388420036, -0.6392599290088219, 0.19548419281699436, 0.2341182879403998, -0.4698320366434565, 0.3430753851422972, 0.8808600317029691, 0.9520904554706384, -0.5343937399327887, 0.37511114742144547, -0.1213418440259633, 0.15744139172102645, -0.271495019130666, 0.9629462922782097, 0.24298112841837405, 0.12153929638564329, 0.9706359414966508, -0.7424836972092201, 0.39968807272826634, 0.020269042202027743, -0.3932351032674959, -0.38596578209889754]
1019.7802734375	(8, 12, 2)	[0.373906736633564, -0.280264304853304, 0.7806321631895448, -0.21702576741443808, -0.50165199515703, -0.7497439712939389, -0.60809211137833, -0.051812092606073445, 0.3038320988955807, 0.41955762546336817, 0.0678178325819246, 0.42027729624633525, -0.8782166750595417, -0.867417831533573, 0.8730790542420048, 0.8089208508917309, 0.5563252224463544, -0.8730577109476902, -0.2744877489437636, -0.7881100546328623, 0.8539567297334605, 0.5269501619728489, -0.28964951815361095, 0.0005377984918299994, -0.4446542244921707, 0.344282993225534, -0.16263551653151498, -0.42854025282205344, 0.8339376508235339, -0.44594075754656726, -0.9589401862344877, -0.557245180368833, 0.4139366687411665, 0.6720731545424468, -0.26427968669722735, 0.5226015201180594, -0.07510499782626523, 0.7699882486772074, -0.010374707294418112, -0.3022674339641642, -0.5908649202466489, 0.4025158856873241, 0.38242085084336574, -0.17553842915160575, -0.4415777236896914, -0.7892365847166571, 0.5996714126975533, -0.2420262402675619, -1.0, 0.011037820790309016, 0.5830178797744339, -0.3546876173676259, -0.4992470197247478, 0.8399557996259606, 0.6687281196560699, 0.24946808216039043, 0.8113289458117889, -0.25286556223738743, 0.4489969897232693, -0.7457146898038685, -0.7390224534991334, -0.5020745379200782, 0.8128494778487485, -0.5761085331505014, -0.9911463967835001, 0.22027907706945532, 0.2261985609523638, 0.48274460514553796, 0.5261641572424036, 0.740785537648377, -0.4432201012030017, -0.6205206873818259, 0.8226006127621461, 0.17517113637740334, 0.947046258405438, 0.46798682122215784, 0.3983941308690673, -0.7367782169728252, -0.3813772957394259, -0.1276787391432357, 0.9980372250155629, -0.553731773367526, -0.43091077359561614, -0.06291568212522747, 0.36079441782271493, -0.8110446714885291, 0.0470044617274572, 0.7912866569743157, 0.9615336950569602, 0.7209767335244286, -0.36776452063138043, -0.3386006664912309, -0.719906828163931, -0.6638341567854738, -0.947758582078466, -0.8030601361739371, 0.4579464017070094, 0.20037035782333557, -0.7427068607187106, 0.6771628884856034, -0.9456984021676438, 0.2341182879403998, -0.03451056250916906, 0.3430753851422972, 0.8808600317029691, 0.9520904554706384, -0.5343937399327887, -0.2956747007884959, -0.22720587337839437, 0.7380212902605416, -0.271495019130666, -0.9987106765160985, 0.9790994136941413, -0.2696326417407455, -0.031435559879521735, -0.20137714626332914, 0.39968807272826634, 0.23594174396175083, -0.5394478753910281, -0.38596578209889754]
1019.837890625	(8, 12, 2)	[0.9259129767161947, -0.280264304853304, 0.7801111380808801, -0.21702576741443808, -0.50165199515703, -0.7497439712939389, 0.6193747292749638, 0.0021543827518195613, 0.3038320988955807, 0.2380000962025859, 0.0678178325819246, 0.42027729624633525, -0.8782166750595417, -0.8786772278196369, -0.09003332188702662, 0.8089208508917309, 0.5563252224463544, -0.9913247083848357, -0.9120136601651845, -0.7046183127768983, 0.6945014753161745, -0.10462762426601446, -0.28964951815361095, 0.0005377984918299994, -0.4507412328728394, 0.0721260999270874, 0.1500157761506693, 0.7147474187669672, 0.8339376508235339, 0.7903488340310734, -0.9589401862344877, 0.5995755170567227, 0.4139366687411665, 0.380603186674553, -0.26427968669722735, 0.7839937723694961, -0.07510499782626523, 0.7699882486772074, 0.05666687852482433, -0.3022674339641642, 0.43097174734007515, 0.4025158856873241, 0.6064209860883971, 0.2704404875748191, -0.4415777236896914, -0.7892365847166571, -0.9202145449232695, -0.3502541212856989, 0.7784785470679769, 0.011037820790309016, 0.5830178797744339, -0.7508220465058644, -0.6418538532152271, 0.43359002373157796, 0.6687281196560699, 0.24946808216039043, -0.3216979838120604, -0.25286556223738743, 0.6192254001517685, -0.1310022994398753, -0.7390224534991334, -0.4911794513223202, -0.33147653640930286, -0.5761085331505014, -0.9911463967835001, 0.22027907706945532, 0.2261985609523638, 0.48274460514553796, -0.7610984846534936, 0.740785537648377, 0.3787795424996081, -0.5981399071092388, 0.8226006127621461, 0.7923375509786335, 0.947046258405438, -0.29372375817271146, -0.033298313046583594, -0.7367782169728252, -0.36999172594404817, 0.3598116450838915, -0.7805012038383126, 0.6863634559826233, 0.36128884551135737, 0.03370536683407699, 0.4959186313340116, -0.5332864623875682, -0.5662188591866453, -0.47053425191688847, -0.26477406496337774, 0.7209767335244286, -0.704368776217272, -0.3386006664912309, -0.719906828163931, -0.6638341567854738, -0.11955320619414733, -0.13672344454961574, 0.4579464017070094, 0.20037035782333557, -0.7061922388420036, 0.6771628884856034, 0.19548419281699436, 0.2341182879403998, -0.03451056250916906, 0.3430753851422972, 0.8808600317029691, 0.9520904554706384, -0.5343937399327887, 0.37511114742144547, -0.1213418440259633, 0.15744139172102645, -0.271495019130666, 0.9629462922782097, 0.24298112841837405, 0.12153929638564329, -0.031435559879521735, -0.7424836972092201, 0.39968807272826634, 0.020269042202027743, -0.3932351032674959, -0.38596578209889754]
1019.637451171875	(8, 12, 2)	[0.373906736633564, -0.280264304853304, 0.42349242518061403, -0.21702576741443808, -0.7895899678279781, -0.7497439712939389, 0.8447321210929519, 0.0021543827518195613, 0.3038320988955807, 0.2380000962025859, 0.0678178325819246, 0.42027729624633525, -0.8782166750595417, -0.8786772278196369, 0.8730790542420048, 0.8089208508917309, 0.5563252224463544, -0.8730577109476902, -0.9120136601651845, -0.7881100546328623, 0.8539567297334605, -0.2548978722069879, -0.28964951815361095, 0.0005377984918299994, -0.4446542244921707, 0.0721260999270874, -0.16263551653151498, -0.42854025282205344, -0.1695708072833777, 0.7903488340310734, -0.9589401862344877, 0.6679076171582937, 0.4139366687411665, 0.6720731545424468, -0.2931552771488515, 0.5226015201180594, 0.8275961544949615, 0.8119830790400066, -0.010374707294418112, 0.12977385950753556, -0.5908649202466489, 0.4048164444093192, 0.6064209860883971, 0.2608351768132049, 0.7733577176229998, -0.7565132556867382, 0.5996714126975533, -0.3502541212856989, -0.05286341360312319, 0.10564658051775688, 0.5830178797744339, -0.3546876173676259, -0.19297934647246606, 0.43359002373157796, 0.6358559283661194, 0.24946808216039043, -0.3216979838120604, -0.25286556223738743, 0.4489969897232693, -0.8024834831369936, -0.7390224534991334, -0.5020745379200782, 0.7924580719392362, -0.5761085331505014, -0.9911463967835001, 0.22027907706945532, -0.09774674042679081, 0.48274460514553796, 0.04929582357356231, -0.6828092824852703, 0.5405338169665204, 1.0, 0.8226006127621461, 0.3731977481749176, 0.9332572290275649, -0.29372375817271146, -0.033298313046583594, -0.7367782169728252, -0.35411318605037556, 0.22979922346552972, 0.9980372250155629, 0.6863634559826233, -0.43091077359561614, -0.6049070364853737, 0.2595678607248706, -0.8110446714885291, -0.5662188591866453, -0.47053425191688847, 0.9615336950569602, 0.7209767335244286, -0.36776452063138043, -0.3386006664912309, -0.719906828163931, -0.6638341567854738, -0.1963737793890954, -0.8030601361739371, 0.4579464017070094, 0.20037035782333557, -0.7427068607187106, 0.6771628884856034, -0.9477996488700218, 0.1303984833869507, -0.4698320366434565, 0.3430753851422972, 0.8808600317029691, 0.9520904554706384, 0.09544048128991642, -0.2956747007884959, -0.22720587337839437, 0.26011276848658804, -0.271495019130666, -0.9987106765160985, 0.9790994136941413, -0.2696326417407455, 0.09825023092888174, -0.20137714626332914, 0.39968807272826634, 0.23594174396175083, 0.015206629912303038, 0.016581007203301468]
1019.5397338867188	(8, 12, 2)	[1.0, -0.280264304853304, 0.7801111380808801, -0.21702576741443808, -0.7895899678279781, -0.6539192753473563, 0.8447321210929519, 0.0021543827518195613, 0.3038320988955807, 0.41955762546336817, 0.7753155624607138, 0.42027729624633525, -0.9811140043637466, -1.0, 1.0, 0.8089208508917309, 0.37941197822750994, -0.8730577109476902, -0.9120136601651845, -0.7881100546328623, 0.681059213605508, -0.10462762426601446, -0.05592003548707733, 0.6485860101609195, -0.4507412328728394, 0.0721260999270874, -0.16263551653151498, -0.43700234807394933, -0.1695708072833777, 0.7903488340310734, -0.9418544803185309, 0.5995755170567227, 0.22933000950348983, 0.6720731545424468, -0.26427968669722735, 0.25411205244016233, 0.8275961544949615, 0.8119830790400066, 0.05666687852482433, -0.3022674339641642, 0.3038136935518725, 0.4025158856873241, 0.38242085084336574, 0.2608351768132049, -0.4415777236896914, -0.7565132556867382, -0.9202145449232695, -0.2420262402675619, -0.7700443825407421, 0.10564658051775688, 0.5229469774714635, -0.7508220465058644, -0.6418538532152271, 0.8708732627577346, 0.6687281196560699, -0.1278115883011095, -0.18879443920442487, -0.25286556223738743, 0.4489969897232693, -0.2982315033255434, -0.7647211820657278, 0.45384130797595734, 0.5210898940734876, -0.5761085331505014, -0.9911463967835001, 0.22027907706945532, 0.8406884100907084, -0.470907557474616, -0.7610984846534936, 0.740785537648377, -0.44339948038951466, -0.5981399071092388, 0.9181145269419679, 0.17517113637740334, -0.5354081635723942, -0.1723857600683496, 0.6414887066571753, -0.6875079230199191, 0.6943281555929958, 0.22979922346552972, 0.5693755076199045, 0.6863634559826233, 0.49303641826396705, 0.03370536683407699, 0.29394477890108717, -0.5332864623875682, 0.0470044617274572, -0.47053425191688847, -0.10877947088790663, 0.7209767335244286, -0.7315272019191736, -0.3386006664912309, -0.719906828163931, -0.6638341567854738, -0.11955320619414733, 0.042955195331201956, 0.4579464017070094, 0.20037035782333557, -0.7061922388420036, 0.6771628884856034, -0.9456984021676438, -0.6713537605951269, -0.03451056250916906, 0.40680212563635343, -0.710576317368149, 1.0, 0.7888926813180077, 0.4800655286206159, -0.22720587337839437, 0.7380212902605416, -0.271495019130666, 0.9629462922782097, 0.9790994136941413, -0.5768221689980011, 0.09825023092888174, -0.20137714626332914, 0.39968807272826634, -0.6701053479774497, -0.5394478753910281, 0.016581007203301468]
1019.7011108398438	(8, 12, 2)	[0.373906736633564, -0.9517309331496748, 0.42349242518061403, -0.21702576741443808, -0.9640075424430912, -0.6451972190476247, 0.8447321210929519, 0.0021543827518195613, 0.3038320988955807, 0.41955762546336817, 0.7753155624607138, 0.42027729624633525, -0.8782166750595417, -0.8786772278196369, -0.09003332188702662, 0.8089208508917309, 0.5563252224463544, -0.8730577109476902, -0.9120136601651845, -0.7881100546328623, 0.8539567297334605, -0.7888851005825261, -0.2003784111273374, 0.6485860101609195, 0.37096830410508463, 0.0721260999270874, 0.1500157761506693, -0.42854025282205344, 0.9074600736129109, 0.7903488340310734, 0.4359017639748137, 0.6679076171582937, 0.4139366687411665, 0.380603186674553, -0.26427968669722735, 0.5470557043854408, 0.8275961544949615, 0.7699882486772074, 0.05666687852482433, 0.12977385950753556, 0.3989498329955589, 0.4025158856873241, 0.38242085084336574, 0.2608351768132049, -0.4415777236896914, -0.7892365847166571, 0.5996714126975533, -0.3502541212856989, 0.7772356714645626, -0.7720764982445316, 0.5229469774714635, -0.7508220465058644, -0.5077976342348165, 0.8399557996259606, 0.6358559283661194, 0.24946808216039043, 0.8113289458117889, -0.25286556223738743, 0.5539428968752516, -0.7457146898038685, -0.7647211820657278, 0.45384130797595734, 0.5210898940734876, -0.5761085331505014, -0.3070584286271829, -0.44579137550024184, 0.2261985609523638, -0.470907557474616, 0.11212306126571739, 0.740785537648377, 0.5405338169665204, -0.6360640985932722, 0.8226006127621461, 0.6319277258494493, 0.8914559926614047, -0.29372375817271146, -0.033298313046583594, -0.6875079230199191, 0.6943281555929958, 0.3598116450838915, 0.5693755076199045, 0.6863634559826233, 0.49303641826396705, -0.06291568212522747, 0.29394477890108717, -0.9835463388637815, -0.6195276031800393, -0.47053425191688847, -0.1743974564086737, 0.7209767335244286, -0.36776452063138043, -0.3386006664912309, -0.5409927722830072, -0.6836745439939407, -0.947758582078466, 0.042955195331201956, 0.4579464017070094, 0.20037035782333557, -0.7061922388420036, 0.6771628884856034, -0.9456984021676438, -0.6713537605951269, -0.03451056250916906, 0.3430753851422972, 0.8808600317029691, -0.4169082028012101, 0.05039634398197079, 0.4800655286206159, -0.1213418440259633, 0.15744139172102645, -0.271495019130666, 0.9629462922782097, 0.9790994136941413, -0.5768221689980011, 0.09825023092888174, -0.20137714626332914, -0.12289218472525754, 0.020269042202027743, 0.20612008338985569, -0.523199686582919]
1019.5093994140625	(8, 12, 2)	[1.0, -0.2697172504634987, 0.7801111380808801, -0.21702576741443808, -0.9640075424430912, -0.6451972190476247, 0.8447321210929519, -0.14067484309328024, 0.3090932418537454, 0.2380000962025859, 0.7753155624607138, 0.42027729624633525, -0.8782166750595417, -0.8786772278196369, 1.0, 0.8089208508917309, 0.5563252224463544, -0.8869166690897563, -0.9120136601651845, -0.7881100546328623, 0.681059213605508, -0.2548978722069879, -0.2003784111273374, 0.0005377984918299994, -0.4366642936157461, 0.0721260999270874, -0.16263551653151498, -0.42854025282205344, -0.1695708072833777, 0.7903488340310734, -0.9589401862344877, 0.6679076171582937, 0.4139366687411665, 0.47737794988453774, -0.1326779184031972, 0.5226015201180594, -0.15412288161621374, 0.7699882486772074, 0.05666687852482433, -0.3022674339641642, 0.3038136935518725, 0.4025158856873241, 0.38242085084336574, 0.2608351768132049, -0.4415777236896914, -0.7565132556867382, -0.9202145449232695, -0.3502541212856989, -0.05286341360312319, -0.7720764982445316, 0.5229469774714635, -0.7508220465058644, -0.6418538532152271, 0.43359002373157796, 0.6687281196560699, -0.1278115883011095, -0.3216979838120604, -0.2882111995564924, 0.6192254001517685, -0.15634677594792604, -0.7647211820657278, -0.5253241065189934, 0.7924580719392362, -0.5761085331505014, -0.3070584286271829, 0.22027907706945532, 0.2261985609523638, -0.5086505306479755, 0.5261641572424036, 0.740785537648377, -0.4432201012030017, 1.0, 0.8226006127621461, 0.17517113637740334, -0.5354081635723942, -0.09072309816421247, -0.033298313046583594, -0.6875079230199191, -0.3813772957394259, -0.1276787391432357, -0.7805012038383126, 0.6863634559826233, 0.36128884551135737, 0.07755788210983713, 0.2595678607248706, -1.0, -0.6497149004928271, -0.47053425191688847, -0.10877947088790663, 0.7209767335244286, -0.36776452063138043, -0.3386006664912309, -0.719906828163931, -0.6638341567854738, -0.947758582078466, 0.042955195331201956, 0.4579464017070094, 0.20037035782333557, -0.7061922388420036, -0.6392599290088219, -0.9477996488700218, -0.5669500426695119, -0.03451056250916906, -0.5790286724039013, -0.710576317368149, 0.9520904554706384, 0.7888926813180077, 0.28662848673548663, 0.5855413768332396, 0.7380212902605416, -0.271495019130666, 0.9629462922782097, 0.9790994136941413, -0.5768221689980011, -0.031435559879521735, -0.08523514234295826, -0.12289218472525754, 0.020269042202027743, 0.23719046095644591, 0.06403514825485535]
1019.97900390625	(8, 12, 2)	[1.0, -0.2697172504634987, 0.7801111380808801, -0.21702576741443808, -0.9640075424430912, -0.6451972190476247, 0.8447321210929519, -0.14067484309328024, 0.3090932418537454, 0.2380000962025859, 0.7753155624607138, 0.42027729624633525, -0.8782166750595417, -0.8786772278196369, 1.0, 0.8089208508917309, 0.5563252224463544, -0.8869166690897563, -0.9120136601651845, -0.7881100546328623, 0.681059213605508, -0.2548978722069879, -0.2003784111273374, 0.0005377984918299994, -0.4366642936157461, 0.0721260999270874, -0.16263551653151498, -0.42854025282205344, -0.1695708072833777, 0.7903488340310734, -0.9589401862344877, 0.6679076171582937, 0.4139366687411665, 0.47737794988453774, -0.1326779184031972, 0.5226015201180594, -0.15412288161621374, 0.7699882486772074, 0.05666687852482433, -0.3022674339641642, 0.3038136935518725, 0.4025158856873241, 0.38242085084336574, 0.2608351768132049, -0.4415777236896914, -0.7565132556867382, -0.9202145449232695, -0.3502541212856989, -0.05286341360312319, -0.7720764982445316, 0.5229469774714635, -0.7508220465058644, -0.6418538532152271, 0.43359002373157796, 0.6687281196560699, -0.1278115883011095, -0.3216979838120604, -0.2882111995564924, 0.6192254001517685, -0.15634677594792604, -0.7647211820657278, -0.5253241065189934, 0.7924580719392362, -0.5761085331505014, -0.3070584286271829, 0.22027907706945532, 0.2261985609523638, -0.5086505306479755, 0.5261641572424036, 0.740785537648377, -0.4432201012030017, 1.0, 0.8226006127621461, 0.17517113637740334, -0.5354081635723942, -0.09072309816421247, -0.033298313046583594, -0.6875079230199191, -0.3813772957394259, -0.1276787391432357, -0.7805012038383126, 0.6863634559826233, 0.36128884551135737, 0.07755788210983713, 0.2595678607248706, -1.0, -0.6497149004928271, -0.47053425191688847, -0.10877947088790663, 0.7209767335244286, -0.36776452063138043, -0.3386006664912309, -0.719906828163931, -0.6638341567854738, -0.947758582078466, 0.042955195331201956, 0.4579464017070094, 0.20037035782333557, -0.7061922388420036, -0.6392599290088219, -0.9477996488700218, -0.5669500426695119, -0.03451056250916906, -0.5790286724039013, -0.710576317368149, 0.9520904554706384, 0.7888926813180077, 0.28662848673548663, 0.5855413768332396, 0.7380212902605416, -0.271495019130666, 0.9629462922782097, 0.9790994136941413, -0.5768221689980011, -0.031435559879521735, -0.08523514234295826, -0.12289218472525754, 0.020269042202027743, 0.23719046095644591, 0.06403514825485535]
1019.497314453125	(8, 12, 2)	[0.373906736633564, -0.280264304853304, 0.8003283529634663, -0.21702576741443808, -0.9640075424430912, -0.7497439712939389, 0.8447321210929519, 0.0021543827518195613, 0.3038320988955807, 0.17119513483469445, 0.7753155624607138, 0.42027729624633525, -0.8782166750595417, -1.0, -0.09003332188702662, 0.8089208508917309, 0.37941197822750994, -0.8869166690897563, -0.9120136601651845, -0.7881100546328623, 0.681059213605508, 0.5269501619728489, -0.2003784111273374, 0.0005377984918299994, -0.4366642936157461, 0.37210729538000575, -0.16263551653151498, 0.6022705944672335, 0.8339376508235339, 0.7903488340310734, -0.9589401862344877, 0.6679076171582937, 0.4139366687411665, 0.6720731545424468, -0.26427968669722735, 0.5470557043854408, -0.07510499782626523, 0.7699882486772074, 0.05666687852482433, 0.12977385950753556, 0.3989498329955589, 0.4025158856873241, 0.38242085084336574, 0.08508983025248604, -0.5178268320779692, -0.7892365847166571, 0.5996714126975533, -0.3502541212856989, -0.7700443825407421, 0.10564658051775688, 0.5229469774714635, -0.7508220465058644, -0.19297934647246606, 0.8399557996259606, -0.18921038200291673, -0.1278115883011095, -0.3216979838120604, -0.25286556223738743, 0.4489969897232693, -0.7457146898038685, -0.7390224534991334, 0.45384130797595734, -0.26160612005390127, -0.43414040281701327, -0.9911463967835001, 0.3048754787763026, 0.2261985609523638, -0.1835755417381003, -0.7610984846534936, -0.5667286705679644, -0.4432201012030017, -0.5981399071092388, 0.9873622428351143, 0.6319277258494493, -0.5354081635723942, -0.29372375817271146, -0.033298313046583594, -0.6875079230199191, 0.6943281555929958, 0.3598116450838915, 0.5693755076199045, 0.6863634559826233, 0.49303641826396705, -0.06291568212522747, 0.2595678607248706, -0.5332864623875682, -0.5662188591866453, -0.47053425191688847, -0.1743974564086737, 0.7209767335244286, -0.36776452063138043, -0.3386006664912309, 0.8387350585412267, -0.6836745439939407, -0.947758582078466, -0.8030601361739371, 0.4579464017070094, -0.9590889506402955, -0.7061922388420036, -0.6392599290088219, -0.9456984021676438, -0.6713537605951269, -0.03451056250916906, 0.3430753851422972, -0.710576317368149, -0.4169082028012101, -0.5343937399327887, -0.22932090064245608, -0.1213418440259633, 0.15744139172102645, -0.271495019130666, 0.170512205235809, 0.9790994136941413, -0.5768221689980011, -0.031435559879521735, -0.20137714626332914, -0.12289218472525754, 0.020269042202027743, 0.20612008338985569, 0.06403514825485535]
1019.9287109375	(8, 12, 2)	[0.373906736633564, -0.280264304853304, 0.8370970533822464, -0.21702576741443808, -0.9640075424430912, -0.6539192753473563, 0.8447321210929519, 0.0021543827518195613, 0.3038320988955807, 0.17119513483469445, 0.7753155624607138, 0.42027729624633525, -0.8782166750595417, -1.0, -0.09003332188702662, 0.8089208508917309, 0.37941197822750994, -0.8869166690897563, -0.9120136601651845, -0.7881100546328623, 0.70671602418154, 0.5269501619728489, -0.28964951815361095, 0.0005377984918299994, -0.4366642936157461, 0.0721260999270874, -0.16263551653151498, 0.6022705944672335, 0.8339376508235339, 0.7903488340310734, 0.4359017639748137, 0.6679076171582937, 0.4139366687411665, 0.6720731545424468, -0.26427968669722735, 0.5226015201180594, -0.07510499782626523, 0.7699882486772074, 0.05666687852482433, 0.12977385950753556, 0.3989498329955589, 0.4025158856873241, 0.6064209860883971, 0.08508983025248604, -0.5178268320779692, -0.7565132556867382, 0.755403558782653, -0.3502541212856989, -0.7700443825407421, 0.10564658051775688, 0.5229469774714635, -0.7508220465058644, -0.1213772998976257, 0.8399557996259606, -0.18921038200291673, -0.1278115883011095, -0.18879443920442487, -0.25286556223738743, 0.4489969897232693, -0.7457146898038685, -0.7668079590318578, 0.45384130797595734, -0.26160612005390127, -0.5761085331505014, -0.6649322400739832, 0.3048754787763026, 0.2261985609523638, -0.1835755417381003, -0.7610984846534936, 0.740785537648377, -0.44339948038951466, -0.5981399071092388, 0.9873622428351143, 0.6319277258494493, -0.5354081635723942, -0.29372375817271146, -0.033298313046583594, -0.7367782169728252, -0.36999172594404817, 0.3598116450838915, 0.5693755076199045, 0.6863634559826233, 0.49303641826396705, -0.03542807783081624, 0.2595678607248706, -0.5332864623875682, -0.1590171188262579, -0.47053425191688847, -0.1743974564086737, 0.7209767335244286, -0.36776452063138043, -0.3386006664912309, 0.8387350585412267, -0.6638341567854738, -0.1963737793890954, 0.042955195331201956, 0.4579464017070094, 0.20037035782333557, -0.7061922388420036, 0.6771628884856034, -0.9477996488700218, -0.6713537605951269, -0.03451056250916906, 0.3430753851422972, -0.710576317368149, -0.4169082028012101, 0.7888926813180077, -0.22932090064245608, -0.22720587337839437, 0.26011276848658804, -0.271495019130666, 0.9629462922782097, 0.24298112841837405, -0.5768221689980011, -0.031435559879521735, -0.20137714626332914, -0.12289218472525754, 0.020269042202027743, 0.20612008338985569, 0.06403514825485535]
1019.9571533203125	(8, 12, 2)	[0.373906736633564, -0.280264304853304, 0.8003283529634663, -0.21702576741443808, -0.9640075424430912, -0.6865090733739513, 0.8447321210929519, 0.0021543827518195613, 0.3038320988955807, 0.2380000962025859, 0.7753155624607138, 0.42027729624633525, -0.9811140043637466, -0.8786772278196369, 1.0, 0.5221150708625943, 0.5563252224463544, -0.8869166690897563, -0.2744877489437636, -0.7881100546328623, 0.70671602418154, -0.7888851005825261, -0.2003784111273374, 0.0005377984918299994, -0.4366642936157461, 0.0721260999270874, 0.11641134680293588, -0.42854025282205344, 0.8339376508235339, 0.7903488340310734, 0.4359017639748137, 0.5737991950711753, 0.4139366687411665, 0.6720731545424468, -0.26427968669722735, 0.5226015201180594, 0.8275961544949615, 0.7699882486772074, 0.05666687852482433, 0.36078913881727015, 0.3038136935518725, 0.4025158856873241, 0.38242085084336574, 0.2608351768132049, -0.4415777236896914, -0.7565132556867382, -0.9202145449232695, -0.3502541212856989, -0.05286341360312319, -0.7720764982445316, 0.532652407614699, -0.3546876173676259, -0.19297934647246606, 0.8399557996259606, -0.18921038200291673, -0.004042873789064774, 0.8113289458117889, -0.25286556223738743, 0.5539428968752516, -0.7457146898038685, -0.7647211820657278, -0.5020745379200782, -0.26160612005390127, -0.5761085331505014, -0.9911463967835001, -0.44579137550024184, 0.2261985609523638, -0.5086505306479755, 0.5261641572424036, 0.740785537648377, -0.44339948038951466, -0.5981399071092388, 0.8226006127621461, 0.2357840170806392, 0.8914559926614047, -0.1723857600683496, -0.033298313046583594, -0.7367782169728252, 0.6943281555929958, -0.1276787391432357, -0.7805012038383126, 0.6863634559826233, 0.49303641826396705, -0.6049070364853737, 0.2595678607248706, -0.9835463388637815, 0.0470044617274572, -0.47053425191688847, -0.10877947088790663, 0.7209767335244286, -0.36776452063138043, -0.3386006664912309, -0.719906828163931, -0.6836745439939407, -0.11955320619414733, -0.8030601361739371, 0.4579464017070094, 0.20037035782333557, -0.7061922388420036, -0.6392599290088219, -0.9477996488700218, 0.2341182879403998, -0.03451056250916906, 0.3430753851422972, -0.710576317368149, 0.9520904554706384, 0.7888926813180077, 0.4800655286206159, -0.1213418440259633, 0.7380212902605416, -0.271495019130666, -0.9987106765160985, 0.24298112841837405, -0.2696326417407455, 0.09825023092888174, -0.7424836972092201, -1.0, 0.020269042202027743, 0.20612008338985569, 0.016581007203301468]
1019.747314453125	(8, 12, 2)	[0.373906736633564, -0.280264304853304, 0.8003283529634663, -0.21702576741443808, -0.9640075424430912, -0.6865090733739513, 0.8447321210929519, 0.0021543827518195613, 0.3038320988955807, 0.2380000962025859, 0.7753155624607138, 0.42027729624633525, -0.9811140043637466, -0.8786772278196369, 1.0, 0.5221150708625943, 0.5563252224463544, -0.8869166690897563, -0.2744877489437636, -0.7881100546328623, 0.70671602418154, -0.7888851005825261, -0.2003784111273374, 0.0005377984918299994, -0.4366642936157461, 0.0721260999270874, 0.11641134680293588, -0.42854025282205344, 0.8339376508235339, 0.7903488340310734, 0.4359017639748137, 0.5737991950711753, 0.4139366687411665, 0.6720731545424468, -0.26427968669722735, 0.5226015201180594, 0.8275961544949615, 0.7699882486772074, 0.05666687852482433, 0.36078913881727015, 0.3038136935518725, 0.4025158856873241, 0.38242085084336574, 0.2608351768132049, -0.4415777236896914, -0.7565132556867382, -0.9202145449232695, -0.3502541212856989, -0.05286341360312319, -0.7720764982445316, 0.532652407614699, -0.3546876173676259, -0.19297934647246606, 0.8399557996259606, -0.18921038200291673, -0.004042873789064774, 0.8113289458117889, -0.25286556223738743, 0.5539428968752516, -0.7457146898038685, -0.7647211820657278, -0.5020745379200782, -0.26160612005390127, -0.5761085331505014, -0.9911463967835001, -0.44579137550024184, 0.2261985609523638, -0.5086505306479755, 0.5261641572424036, 0.740785537648377, -0.44339948038951466, -0.5981399071092388, 0.8226006127621461, 0.2357840170806392, 0.8914559926614047, -0.1723857600683496, -0.033298313046583594, -0.7367782169728252, 0.6943281555929958, -0.1276787391432357, -0.7805012038383126, 0.6863634559826233, 0.49303641826396705, -0.6049070364853737, 0.2595678607248706, -0.9835463388637815, 0.0470044617274572, -0.47053425191688847, -0.10877947088790663, 0.7209767335244286, -0.36776452063138043, -0.3386006664912309, -0.719906828163931, -0.6836745439939407, -0.11955320619414733, -0.8030601361739371, 0.4579464017070094, 0.20037035782333557, -0.7061922388420036, -0.6392599290088219, -0.9477996488700218, 0.2341182879403998, -0.03451056250916906, 0.3430753851422972, -0.710576317368149, 0.9520904554706384, 0.7888926813180077, 0.4800655286206159, -0.1213418440259633, 0.7380212902605416, -0.271495019130666, -0.9987106765160985, 0.24298112841837405, -0.2696326417407455, 0.09825023092888174, -0.7424836972092201, -1.0, 0.020269042202027743, 0.20612008338985569, 0.016581007203301468]
1019.9072265625	(8, 12, 2)	[0.373906736633564, -0.280264304853304, 0.7801111380808801, -0.21702576741443808, -0.9640075424430912, -0.6539192753473563, 0.8447321210929519, 0.0021543827518195613, 0.3038320988955807, 0.2380000962025859, 0.7753155624607138, 0.42027729624633525, -0.9811140043637466, -0.8786772278196369, 0.8730790542420048, 0.5221150708625943, 0.37941197822750994, -0.11309182131100548, -0.2744877489437636, -0.7881100546328623, 0.70671602418154, -0.7888851005825261, -0.2003784111273374, 0.015812606679628666, -0.4366642936157461, 0.0721260999270874, 0.11641134680293588, -0.42854025282205344, -0.1695708072833777, 0.7903488340310734, -0.9589401862344877, 0.6354295279931057, 0.4139366687411665, 0.6720731545424468, -0.26427968669722735, 0.5226015201180594, -0.07510499782626523, 0.7699882486772074, 0.05666687852482433, 0.36078913881727015, 0.3038136935518725, 0.4025158856873241, -0.6042174498718595, 0.2608351768132049, -0.4415777236896914, -0.7565132556867382, -0.9202145449232695, -0.3502541212856989, -0.05286341360312319, -0.7720764982445316, 0.532652407614699, -0.7508220465058644, -0.19297934647246606, 0.43359002373157796, -0.18921038200291673, 0.24946808216039043, 0.8113289458117889, -0.25286556223738743, 0.6192254001517685, -0.7457146898038685, -0.7390224534991334, 0.45384130797595734, -0.33147653640930286, -0.24054832792133896, -0.9911463967835001, -0.44579137550024184, 0.2261985609523638, -0.470907557474616, 0.5261641572424036, 0.740785537648377, -0.44339948038951466, 1.0, 0.8226006127621461, 0.3731977481749176, 0.8914559926614047, -0.1723857600683496, 0.6414887066571753, -0.6875079230199191, -0.41213228095419735, -0.1276787391432357, -0.7805012038383126, 0.6863634559826233, -0.43992629110808407, -0.6049070364853737, 0.2595678607248706, -0.8110446714885291, 0.0470044617274572, -0.47053425191688847, -0.10877947088790663, 0.7209767335244286, -0.36776452063138043, -0.3386006664912309, -0.719906828163931, -0.6836745439939407, -0.5049535914361459, -0.8030601361739371, 0.4579464017070094, -0.9590889506402955, -0.7061922388420036, 0.6771628884856034, -0.9477996488700218, -0.5669500426695119, 0.47813764148163784, 0.3430753851422972, -0.710576317368149, 0.9520904554706384, -0.5343937399327887, 0.4800655286206159, -0.22720587337839437, 0.26011276848658804, -0.271495019130666, -0.9987106765160985, 0.3538809594178536, -0.2696326417407455, -0.031435559879521735, -0.7424836972092201, -1.0, 0.020269042202027743, 0.20612008338985569, 0.06403514825485535]
1019.9208374023438	(8, 12, 2)	[0.373906736633564, -0.280264304853304, 0.7801111380808801, -0.21702576741443808, -0.9640075424430912, -0.6539192753473563, 0.8447321210929519, 0.0021543827518195613, 0.3038320988955807, 0.2380000962025859, 0.7753155624607138, 0.42027729624633525, -0.9811140043637466, -0.8786772278196369, 0.8730790542420048, 0.5221150708625943, 0.37941197822750994, -0.11309182131100548, -0.2744877489437636, -0.7881100546328623, 0.70671602418154, -0.7888851005825261, -0.2003784111273374, 0.015812606679628666, -0.4366642936157461, 0.0721260999270874, 0.11641134680293588, -0.42854025282205344, -0.1695708072833777, 0.7903488340310734, -0.9589401862344877, 0.6354295279931057, 0.4139366687411665, 0.6720731545424468, -0.26427968669722735, 0.5226015201180594, -0.07510499782626523, 0.7699882486772074, 0.05666687852482433, 0.36078913881727015, 0.3038136935518725, 0.4025158856873241, -0.6042174498718595, 0.2608351768132049, -0.4415777236896914, -0.7565132556867382, -0.9202145449232695, -0.3502541212856989, -0.05286341360312319, -0.7720764982445316, 0.532652407614699, -0.7508220465058644, -0.19297934647246606, 0.43359002373157796, -0.18921038200291673, 0.24946808216039043, 0.8113289458117889, -0.25286556223738743, 0.6192254001517685, -0.7457146898038685, -0.7390224534991334, 0.45384130797595734, -0.33147653640930286, -0.24054832792133896, -0.9911463967835001, -0.44579137550024184, 0.2261985609523638, -0.470907557474616, 0.5261641572424036, 0.740785537648377, -0.44339948038951466, 1.0, 0.8226006127621461, 0.3731977481749176, 0.8914559926614047, -0.1723857600683496, 0.6414887066571753, -0.6875079230199191, -0.41213228095419735, -0.1276787391432357, -0.7805012038383126, 0.6863634559826233, -0.43992629110808407, -0.6049070364853737, 0.2595678607248706, -0.8110446714885291, 0.0470044617274572, -0.47053425191688847, -0.10877947088790663, 0.7209767335244286, -0.36776452063138043, -0.3386006664912309, -0.719906828163931, -0.6836745439939407, -0.5049535914361459, -0.8030601361739371, 0.4579464017070094, -0.9590889506402955, -0.7061922388420036, 0.6771628884856034, -0.9477996488700218, -0.5669500426695119, 0.47813764148163784, 0.3430753851422972, -0.710576317368149, 0.9520904554706384, -0.5343937399327887, 0.4800655286206159, -0.22720587337839437, 0.26011276848658804, -0.271495019130666, -0.9987106765160985, 0.3538809594178536, -0.2696326417407455, -0.031435559879521735, -0.7424836972092201, -1.0, 0.020269042202027743, 0.20612008338985569, 0.06403514825485535]
1019.9523315429688	(8, 12, 2)	[0.373906736633564, -0.280264304853304, 0.7801111380808801, -0.21702576741443808, -0.9640075424430912, -0.6539192753473563, 0.8447321210929519, 0.0021543827518195613, 0.3038320988955807, 0.2380000962025859, 0.7753155624607138, 0.42027729624633525, -0.9811140043637466, -0.8786772278196369, 0.8730790542420048, 0.5221150708625943, 0.37941197822750994, -0.11309182131100548, -0.2744877489437636, -0.7881100546328623, 0.70671602418154, -0.7888851005825261, -0.2003784111273374, 0.015812606679628666, -0.4366642936157461, 0.0721260999270874, 0.11641134680293588, -0.42854025282205344, -0.1695708072833777, 0.7903488340310734, -0.9589401862344877, 0.6354295279931057, 0.4139366687411665, 0.6720731545424468, -0.26427968669722735, 0.5226015201180594, -0.07510499782626523, 0.7699882486772074, 0.05666687852482433, 0.36078913881727015, 0.3038136935518725, 0.4025158856873241, -0.6042174498718595, 0.2608351768132049, -0.4415777236896914, -0.7565132556867382, -0.9202145449232695, -0.3502541212856989, -0.05286341360312319, -0.7720764982445316, 0.532652407614699, -0.7508220465058644, -0.19297934647246606, 0.43359002373157796, -0.18921038200291673, 0.24946808216039043, 0.8113289458117889, -0.25286556223738743, 0.6192254001517685, -0.7457146898038685, -0.7390224534991334, 0.45384130797595734, -0.33147653640930286, -0.24054832792133896, -0.9911463967835001, -0.44579137550024184, 0.2261985609523638, -0.470907557474616, 0.5261641572424036, 0.740785537648377, -0.44339948038951466, 1.0, 0.8226006127621461, 0.3731977481749176, 0.8914559926614047, -0.1723857600683496, 0.6414887066571753, -0.6875079230199191, -0.41213228095419735, -0.1276787391432357, -0.7805012038383126, 0.6863634559826233, -0.43992629110808407, -0.6049070364853737, 0.2595678607248706, -0.8110446714885291, 0.0470044617274572, -0.47053425191688847, -0.10877947088790663, 0.7209767335244286, -0.36776452063138043, -0.3386006664912309, -0.719906828163931, -0.6836745439939407, -0.5049535914361459, -0.8030601361739371, 0.4579464017070094, -0.9590889506402955, -0.7061922388420036, 0.6771628884856034, -0.9477996488700218, -0.5669500426695119, 0.47813764148163784, 0.3430753851422972, -0.710576317368149, 0.9520904554706384, -0.5343937399327887, 0.4800655286206159, -0.22720587337839437, 0.26011276848658804, -0.271495019130666, -0.9987106765160985, 0.3538809594178536, -0.2696326417407455, -0.031435559879521735, -0.7424836972092201, -1.0, 0.020269042202027743, 0.20612008338985569, 0.06403514825485535]
1019.996826171875	(8, 12, 2)	[0.8829993182471583, -0.280264304853304, 0.8003283529634663, -0.6668875570320638, -0.7895899678279781, -0.6865090733739513, 0.8963859834421404, 0.0021543827518195613, 0.3038320988955807, 0.670390672887893, 0.7753155624607138, 0.42027729624633525, -0.8782166750595417, -0.8786772278196369, 1.0, 0.8089208508917309, 0.5563252224463544, -0.8869166690897563, -0.9120136601651845, -0.7881100546328623, 0.70671602418154, -0.7888851005825261, 0.07421181715991865, 0.6485860101609195, -0.563588704011092, 0.0721260999270874, 0.11641134680293588, -0.5470414684780013, -0.1695708072833777, 0.7903488340310734, 0.4359017639748137, 0.5995755170567227, 0.4139366687411665, 0.6720731545424468, -0.26427968669722735, 0.5226015201180594, 0.8275961544949615, 0.7699882486772074, -0.05157736741956259, 0.36078913881727015, 0.3038136935518725, 0.4025158856873241, -0.6745634541309183, 0.08508983025248604, -0.5178268320779692, -0.7565132556867382, -0.9202145449232695, -0.3502541212856989, 0.7784785470679769, -0.7720764982445316, 0.40636944781400386, -0.7508220465058644, -0.19297934647246606, 0.8399557996259606, -0.18921038200291673, -0.004042873789064774, -0.3216979838120604, -0.25286556223738743, 0.6192254001517685, -0.7015602020544764, -0.7647211820657278, -0.5020745379200782, 0.7924580719392362, -0.5761085331505014, -0.7036209782212794, -0.44579137550024184, 0.2261985609523638, -0.470907557474616, 0.5261641572424036, 0.740785537648377, -0.4432201012030017, -0.6360640985932722, 0.9181145269419679, 0.17517113637740334, 0.9059570722263731, -0.1723857600683496, -0.033298313046583594, -0.7367782169728252, -0.5842994042191008, -0.1276787391432357, -0.7805012038383126, 0.6863634559826233, 0.49303641826396705, -0.03542807783081624, 0.2595678607248706, -0.8110446714885291, -0.41365663095624594, -0.47053425191688847, -0.1743974564086737, 0.7209767335244286, -0.36776452063138043, -0.3386006664912309, 1.0, -0.6638341567854738, -0.11955320619414733, -0.8030601361739371, 0.4579464017070094, 0.20037035782333557, -0.7427068607187106, -0.6392599290088219, -0.9456984021676438, 0.2341182879403998, -0.03451056250916906, 0.3430753851422972, -0.710576317368149, 0.9520904554706384, 0.05039634398197079, 0.4800655286206159, -0.22720587337839437, 0.15744139172102645, -0.271495019130666, -0.9987106765160985, 0.24298112841837405, 0.12153929638564329, -0.031435559879521735, -0.20137714626332914, -1.0, 0.020269042202027743, -0.5394478753910281, 0.056399137362026466]
1019.9924926757812	(8, 12, 2)	[0.373906736633564, -0.280264304853304, 0.7806321631895448, -0.21702576741443808, -0.9640075424430912, -0.6539192753473563, 0.8447321210929519, 0.0021543827518195613, -0.024637975974213022, 0.2380000962025859, 0.8171622791757069, 0.42027729624633525, -0.8782166750595417, -0.8786772278196369, 1.0, 0.8089208508917309, 0.37941197822750994, -0.8869166690897563, -0.9120136601651845, -0.7881100546328623, 0.6945014753161745, 0.5269501619728489, -0.2003784111273374, 0.0005377984918299994, -0.4366642936157461, 0.37210729538000575, 0.11641134680293588, -0.42854025282205344, -0.1695708072833777, 0.7903488340310734, -0.9589401862344877, 0.6679076171582937, 0.4139366687411665, 0.6720731545424468, -0.26427968669722735, 0.5226015201180594, -0.07510499782626523, 0.7699882486772074, 0.05666687852482433, 0.36078913881727015, 0.3989498329955589, 0.4025158856873241, 0.38242085084336574, 0.2608351768132049, -0.4415777236896914, -0.7565132556867382, -0.9202145449232695, -0.3502541212856989, -0.05286341360312319, 0.10564658051775688, 0.5229469774714635, -0.7508220465058644, -0.19297934647246606, 0.8399557996259606, -0.18921038200291673, -0.1278115883011095, -0.3216979838120604, -0.25286556223738743, 0.6192254001517685, -0.7457146898038685, -0.7647211820657278, -0.5020745379200782, -0.26160612005390127, -0.5761085331505014, -0.3070584286271829, 0.22027907706945532, 0.2261985609523638, -0.1835755417381003, 0.5261641572424036, 0.740785537648377, -0.4432201012030017, -0.5981399071092388, 0.8226006127621461, 0.2357840170806392, 0.8914559926614047, -0.1723857600683496, -0.033298313046583594, -0.7367782169728252, 0.6943281555929958, 0.3598116450838915, -0.7805012038383126, 0.6863634559826233, -0.43992629110808407, 0.03370536683407699, 0.2595678607248706, -0.5332864623875682, 0.0470044617274572, -0.47053425191688847, -0.10877947088790663, 0.7209767335244286, -0.7315272019191736, -0.3386006664912309, -0.638994892654293, -0.6638341567854738, -0.947758582078466, -0.8030601361739371, 0.4579464017070094, 0.20037035782333557, -0.6833249005097707, -0.6392599290088219, -0.9477996488700218, 0.2341182879403998, -0.03451056250916906, 0.3430753851422972, -0.710576317368149, 0.8571056869399849, 0.05039634398197079, 0.4800655286206159, -0.1213418440259633, 0.7380212902605416, -0.271495019130666, -0.9987106765160985, 0.9790994136941413, -0.5768221689980011, 0.09825023092888174, -0.20137714626332914, -1.0, 0.020269042202027743, -0.5394478753910281, 0.016581007203301468]
1019.9732055664062	(8, 12, 2)	[0.373906736633564, -0.280264304853304, 0.7801111380808801, -0.21702576741443808, -0.9640075424430912, -0.6539192753473563, 0.7162563184316777, 0.0021543827518195613, 0.3038320988955807, 0.2380000962025859, 0.7753155624607138, 0.42027729624633525, -0.8782166750595417, -0.8786772278196369, 1.0, 0.8089208508917309, 0.5563252224463544, -0.11309182131100548, -0.2744877489437636, -0.8405158624954167, 0.681059213605508, -0.10462762426601446, -0.2003784111273374, 0.015812606679628666, -0.4366642936157461, 0.0721260999270874, 0.11641134680293588, 0.6761876462261565, -0.1695708072833777, 0.7903488340310734, 0.4536227816222933, 0.6679076171582937, 0.4139366687411665, 0.380603186674553, -0.26427968669722735, 0.5226015201180594, 0.8275961544949615, 0.7699882486772074, 0.05666687852482433, 0.36078913881727015, 0.3989498329955589, 0.4025158856873241, -0.6042174498718595, 0.08508983025248604, -0.4415777236896914, -0.7892365847166571, -0.9202145449232695, -0.3502541212856989, -0.05286341360312319, -0.8535043065568058, 0.5229469774714635, -0.3546876173676259, -0.6418538532152271, 0.8399557996259606, -0.18921038200291673, 0.24946808216039043, 0.8113289458117889, -0.25286556223738743, 0.4473258904391538, -0.6678906116193535, -0.7647211820657278, -0.5020745379200782, 0.7924580719392362, -0.5761085331505014, -0.9911463967835001, -0.44579137550024184, 0.2025318142304821, -0.5270401895600114, 0.5261641572424036, 0.740785537648377, -0.44339948038951466, 1.0, 0.8226006127621461, 0.17517113637740334, 0.9574815885018193, -0.29372375817271146, -0.033298313046583594, -0.6875079230199191, 0.6943281555929958, -0.1276787391432357, 0.5693755076199045, 0.6863634559826233, 0.49303641826396705, -0.03542807783081624, 0.2595678607248706, -0.8110446714885291, 0.0470044617274572, -0.47053425191688847, -0.1743974564086737, 0.7951532816483692, -0.36776452063138043, -0.3386006664912309, -0.719906828163931, 0.006376927594292203, -0.4184191512098203, -0.8030601361739371, 0.4579464017070094, -0.9590889506402955, -0.7427068607187106, 0.6771628884856034, -0.9477996488700218, -0.5669500426695119, -0.03451056250916906, 0.3430753851422972, -0.710576317368149, 0.9520904554706384, 0.05039634398197079, 0.4800655286206159, -0.22720587337839437, 0.7380212902605416, -0.271495019130666, -0.9987106765160985, 0.3538809594178536, -0.5768221689980011, -0.031435559879521735, -0.7424836972092201, -0.12289218472525754, 0.020269042202027743, 0.20612008338985569, -0.523199686582919]
1019.9764404296875	(8, 12, 2)	[0.9259129767161947, -0.2697172504634987, 0.8003283529634663, -0.21702576741443808, -0.7895899678279781, -0.6865090733739513, 0.8447321210929519, 0.0021543827518195613, -0.024637975974213022, 0.2380000962025859, 0.7753155624607138, 0.5474238605484013, -0.8782166750595417, -0.8786772278196369, 0.8730790542420048, 0.8089208508917309, 0.391759160063709, -0.8869166690897563, -0.2744877489437636, -0.7881100546328623, 0.681059213605508, -0.7888851005825261, -0.2003784111273374, 0.7262882415854645, -0.5012754469607185, 0.0721260999270874, 0.2165339110127814, 0.6022705944672335, -0.1695708072833777, 0.8019842060306496, -0.9589401862344877, 0.5737991950711753, 0.4139366687411665, 0.380603186674553, -0.26427968669722735, 0.5226015201180594, -0.07510499782626523, 0.7699882486772074, 0.05666687852482433, 0.36078913881727015, 0.3038136935518725, 0.4025158856873241, 0.38242085084336574, 0.2608351768132049, -0.4415777236896914, -0.7565132556867382, -0.9202145449232695, -0.3502541212856989, -0.7700443825407421, -0.7720764982445316, 0.5229469774714635, -0.7508220465058644, -0.19297934647246606, 0.8399557996259606, -0.18921038200291673, -0.1278115883011095, -0.3216979838120604, -0.25286556223738743, 0.4489969897232693, -0.7457146898038685, -0.7647211820657278, -0.5020745379200782, -0.26160612005390127, -0.5761085331505014, -0.3070584286271829, 0.22027907706945532, 0.2261985609523638, -0.470907557474616, -0.7610984846534936, 0.740785537648377, -0.44339948038951466, -0.5981399071092388, 0.8226006127621461, 0.2357840170806392, 0.8914559926614047, -0.1723857600683496, 0.4093616848062325, -0.7367782169728252, -0.3813772957394259, 0.22979922346552972, -0.7805012038383126, 0.6863634559826233, 0.36128884551135737, -0.06291568212522747, 0.2595678607248706, -0.9835463388637815, -0.6497149004928271, -0.47053425191688847, -0.10726057190607986, 0.7209767335244286, -0.36776452063138043, -0.3386006664912309, 1.0, -0.6836745439939407, -0.947758582078466, -0.8030601361739371, 0.49876821975842556, 0.20037035782333557, -0.7427068607187106, -0.6392599290088219, -0.9477996488700218, 0.2341182879403998, -0.03451056250916906, 0.3430753851422972, -0.710576317368149, -0.4169082028012101, 0.7888926813180077, -0.2956747007884959, -0.22720587337839437, 0.15744139172102645, -0.271495019130666, -0.9987106765160985, 0.24298112841837405, 0.12153929638564329, -0.031435559879521735, -0.5210944316247376, -0.8512641098911062, 0.020269042202027743, 0.20612008338985569, 0.06403514825485535]
1019.9913330078125	(8, 12, 2)	[0.9259129767161947, -0.2697172504634987, 0.8003283529634663, -0.21702576741443808, -0.7895899678279781, -0.6865090733739513, 0.8447321210929519, 0.0021543827518195613, -0.024637975974213022, 0.2380000962025859, 0.7753155624607138, 0.5474238605484013, -0.8782166750595417, -0.8786772278196369, 0.8730790542420048, 0.8089208508917309, 0.391759160063709, -0.8869166690897563, -0.2744877489437636, -0.7881100546328623, 0.681059213605508, -0.7888851005825261, -0.2003784111273374, 0.7262882415854645, -0.5012754469607185, 0.0721260999270874, 0.2165339110127814, 0.6022705944672335, -0.1695708072833777, 0.8019842060306496, -0.9589401862344877, 0.5737991950711753, 0.4139366687411665, 0.380603186674553, -0.26427968669722735, 0.5226015201180594, -0.07510499782626523, 0.7699882486772074, 0.05666687852482433, 0.36078913881727015, 0.3038136935518725, 0.4025158856873241, 0.38242085084336574, 0.2608351768132049, -0.4415777236896914, -0.7565132556867382, -0.9202145449232695, -0.3502541212856989, -0.7700443825407421, -0.7720764982445316, 0.5229469774714635, -0.7508220465058644, -0.19297934647246606, 0.8399557996259606, -0.18921038200291673, -0.1278115883011095, -0.3216979838120604, -0.25286556223738743, 0.4489969897232693, -0.7457146898038685, -0.7647211820657278, -0.5020745379200782, -0.26160612005390127, -0.5761085331505014, -0.3070584286271829, 0.22027907706945532, 0.2261985609523638, -0.470907557474616, -0.7610984846534936, 0.740785537648377, -0.44339948038951466, -0.5981399071092388, 0.8226006127621461, 0.2357840170806392, 0.8914559926614047, -0.1723857600683496, 0.4093616848062325, -0.7367782169728252, -0.3813772957394259, 0.22979922346552972, -0.7805012038383126, 0.6863634559826233, 0.36128884551135737, -0.06291568212522747, 0.2595678607248706, -0.9835463388637815, -0.6497149004928271, -0.47053425191688847, -0.10726057190607986, 0.7209767335244286, -0.36776452063138043, -0.3386006664912309, 1.0, -0.6836745439939407, -0.947758582078466, -0.8030601361739371, 0.49876821975842556, 0.20037035782333557, -0.7427068607187106, -0.6392599290088219, -0.9477996488700218, 0.2341182879403998, -0.03451056250916906, 0.3430753851422972, -0.710576317368149, -0.4169082028012101, 0.7888926813180077, -0.2956747007884959, -0.22720587337839437, 0.15744139172102645, -0.271495019130666, -0.9987106765160985, 0.24298112841837405, 0.12153929638564329, -0.031435559879521735, -0.5210944316247376, -0.8512641098911062, 0.020269042202027743, 0.20612008338985569, 0.06403514825485535]
1019.9833374023438	(8, 12, 2)	[0.373906736633564, -0.280264304853304, 0.7801111380808801, -0.21702576741443808, -0.9640075424430912, -0.7497439712939389, 0.8447321210929519, 0.0021543827518195613, 0.00868386925960507, 0.2380000962025859, 0.7753155624607138, 0.42027729624633525, -0.8782166750595417, -0.8786772278196369, 0.8730790542420048, 0.8089208508917309, 0.5563252224463544, -0.8730577109476902, -0.9120136601651845, -1.0, 0.8539567297334605, -0.7888851005825261, -0.2003784111273374, 0.0005377984918299994, -0.4072624298425271, 0.0721260999270874, -0.16263551653151498, -0.42854025282205344, -0.1695708072833777, 0.8019842060306496, 0.4359017639748137, 0.5995755170567227, 0.4139366687411665, 0.6720731545424468, -0.1326779184031972, 0.5226015201180594, 0.8275961544949615, 0.7699882486772074, 0.05666687852482433, 0.36078913881727015, 0.3038136935518725, 0.4025158856873241, 0.6064209860883971, 0.2608351768132049, -0.4415777236896914, -0.7565132556867382, 0.5996714126975533, -0.17968526496656392, -0.05286341360312319, -0.7720764982445316, 0.532652407614699, -0.3546876173676259, -0.19297934647246606, 0.8399557996259606, 0.6358559283661194, 0.24946808216039043, 0.15065981995039213, -0.25286556223738743, 0.4489969897232693, -0.7457146898038685, -0.7390224534991334, -0.5507247314390844, -0.26160612005390127, -0.24054832792133896, -0.9911463967835001, -0.44579137550024184, 0.2261985609523638, -0.470907557474616, 0.5261641572424036, 0.740785537648377, -0.4432201012030017, 1.0, 0.9873622428351143, 0.6319277258494493, 0.8914559926614047, -0.1723857600683496, -0.033298313046583594, -0.7367782169728252, -0.3813772957394259, -0.1276787391432357, -0.7805012038383126, 0.6863634559826233, 0.49303641826396705, -0.6049070364853737, 0.2595678607248706, -0.9835463388637815, 0.0470044617274572, -0.47053425191688847, -0.10877947088790663, 0.7791123276397262, -0.36776452063138043, -0.3386006664912309, -0.719906828163931, -0.6949620591397345, -0.05283240965192815, -0.8030601361739371, 0.4579464017070094, 0.20037035782333557, -0.7061922388420036, -0.6392599290088219, -0.9456984021676438, 0.2341182879403998, -0.03451056250916906, 0.34158321231614697, -0.710576317368149, 0.9520904554706384, 0.7888926813180077, -0.22932090064245608, 0.5855413768332396, 0.15744139172102645, -0.271495019130666, 0.9629462922782097, 0.24298112841837405, -0.5768221689980011, -0.031435559879521735, -0.8264293072273058, -1.0, 0.020269042202027743, 0.20612008338985569, 0.06403514825485535]
1019.9996948242188	(8, 12, 2)	[0.373906736633564, -0.280264304853304, 0.7806321631895448, -0.21702576741443808, -0.9640075424430912, -0.7497439712939389, 0.8447321210929519, 0.0021543827518195613, 0.3038320988955807, 0.2380000962025859, 0.7753155624607138, 0.5719112942076114, -0.8782166750595417, -0.8786772278196369, 1.0, 0.8089208508917309, 0.5563252224463544, -0.11309182131100548, -0.2744877489437636, -1.0, 0.681059213605508, -0.7888851005825261, -0.2003784111273374, 0.015812606679628666, -0.4072624298425271, 0.0721260999270874, -0.16263551653151498, 0.6761876462261565, -0.1695708072833777, 0.8019842060306496, 0.4359017639748137, 0.5995755170567227, 0.4139366687411665, 0.6720731545424468, -0.1326779184031972, 0.5226015201180594, -0.07510499782626523, 0.7699882486772074, 0.05666687852482433, 0.36078913881727015, 0.3038136935518725, 0.4025158856873241, -0.5912541292642164, 0.12663266061031833, -0.4415777236896914, -0.7892365847166571, 0.5996714126975533, -0.17968526496656392, 0.7784785470679769, -0.7720764982445316, 0.5229469774714635, -0.3546876173676259, -0.19297934647246606, 0.8399557996259606, 0.6358559283661194, 0.24946808216039043, -0.3216979838120604, -0.25286556223738743, 0.4489969897232693, -0.7457146898038685, -0.7390224534991334, -0.5020745379200782, -0.26160612005390127, -0.5761085331505014, -0.9911463967835001, -0.44579137550024184, 0.2261985609523638, -0.470907557474616, 0.5261641572424036, 0.740785537648377, -0.4432201012030017, 1.0, 0.8226006127621461, 0.0929018701665829, 0.8914559926614047, -0.1723857600683496, -0.033298313046583594, -0.6875079230199191, -0.3813772957394259, 0.22979922346552972, -0.7805012038383126, 0.6863634559826233, 0.49303641826396705, -0.6049070364853737, 0.2595678607248706, -0.9835463388637815, 0.0470044617274572, -0.47053425191688847, 0.884474405467811, 0.7209767335244286, -0.36776452063138043, -0.3386006664912309, -0.719906828163931, 0.006376927594292203, -0.947758582078466, -0.8030601361739371, 0.4775457731029437, -0.9590889506402955, -0.7061922388420036, -0.6392599290088219, -0.9456984021676438, 0.2341182879403998, -0.03451056250916906, 0.3430753851422972, -0.710576317368149, -0.4169082028012101, 0.7888926813180077, 0.4800655286206159, 0.5855413768332396, 0.15744139172102645, -0.271495019130666, -0.9987106765160985, 0.24298112841837405, 0.12153929638564329, -0.031435559879521735, -0.8264293072273058, -1.0, 0.020269042202027743, 0.20612008338985569, 0.06403514825485535]
1019.994140625	(8, 12, 2)	[0.373906736633564, -0.280264304853304, 0.7806321631895448, -0.21702576741443808, -0.9640075424430912, -0.7497439712939389, 0.8447321210929519, 0.0021543827518195613, 0.3038320988955807, 0.2380000962025859, 0.3948515159370871, 0.5719112942076114, -0.8782166750595417, -1.0, 0.8730790542420048, 0.8089208508917309, 0.5563252224463544, -0.11309182131100548, -0.2744877489437636, -1.0, 0.681059213605508, -0.7888851005825261, -0.2003784111273374, 0.0005377984918299994, -0.4072624298425271, 0.0721260999270874, -0.16263551653151498, -0.42854025282205344, -0.1695708072833777, 0.8019842060306496, 0.4359017639748137, 0.5995755170567227, 0.4139366687411665, 0.6720731545424468, -0.1326779184031972, 0.5226015201180594, -0.07510499782626523, 0.7699882486772074, 0.05666687852482433, 0.36078913881727015, 0.3038136935518725, 0.4025158856873241, 0.6064209860883971, 0.24626807982248086, -0.4415777236896914, -0.7565132556867382, 0.5996714126975533, -0.17968526496656392, -0.05286341360312319, 0.10564658051775688, 0.4748034169437967, -0.7508220465058644, -0.04269894140794689, 0.7788344935254133, 0.6358559283661194, -0.14907270855512708, -0.3216979838120604, -0.25286556223738743, 0.4489969897232693, -0.7457146898038685, -0.8936139699888646, -0.5020745379200782, -0.26160612005390127, -0.5761085331505014, -0.9911463967835001, -0.44579137550024184, 0.2261985609523638, -0.470907557474616, 0.5261641572424036, 0.740785537648377, -0.4432201012030017, 1.0, 0.8226006127621461, 0.6319277258494493, 0.8914559926614047, -0.1723857600683496, -0.033298313046583594, -0.7367782169728252, -0.3813772957394259, 0.3598116450838915, -0.7805012038383126, 0.6863634559826233, 0.49303641826396705, -0.6049070364853737, 0.2595678607248706, -0.9835463388637815, 0.0470044617274572, -0.47053425191688847, 0.884474405467811, 0.7209767335244286, -0.36776452063138043, -0.3386006664912309, -0.719906828163931, -0.6949620591397345, -0.947758582078466, -0.8030601361739371, 0.4579464017070094, -0.9590889506402955, -0.6833249005097707, -0.6392599290088219, -0.9456984021676438, 0.2341182879403998, -0.03451056250916906, 0.3430753851422972, -0.710576317368149, 0.9520904554706384, 0.7888926813180077, 0.4800655286206159, 0.5855413768332396, 0.15744139172102645, -0.271495019130666, -0.9987106765160985, 0.24298112841837405, -0.5768221689980011, -0.031435559879521735, -0.6909967916506197, -1.0, 0.020269042202027743, 0.20612008338985569, 0.06403514825485535]
1019.9995727539062	(8, 12, 2)	[0.373906736633564, -0.280264304853304, 0.7806321631895448, -0.21702576741443808, -0.9640075424430912, -0.7497439712939389, 0.8447321210929519, 0.0021543827518195613, 0.3038320988955807, 0.2380000962025859, 0.3948515159370871, 0.5719112942076114, -0.8782166750595417, -1.0, 0.8730790542420048, 0.8089208508917309, 0.5563252224463544, -0.11309182131100548, -0.2744877489437636, -1.0, 0.681059213605508, -0.7888851005825261, -0.2003784111273374, 0.0005377984918299994, -0.4072624298425271, 0.0721260999270874, -0.16263551653151498, -0.42854025282205344, -0.1695708072833777, 0.8019842060306496, 0.4359017639748137, 0.5995755170567227, 0.4139366687411665, 0.6720731545424468, -0.1326779184031972, 0.5226015201180594, -0.07510499782626523, 0.7699882486772074, 0.05666687852482433, 0.36078913881727015, 0.3038136935518725, 0.4025158856873241, 0.6064209860883971, 0.24626807982248086, -0.4415777236896914, -0.7565132556867382, 0.5996714126975533, -0.17968526496656392, -0.05286341360312319, 0.10564658051775688, 0.4748034169437967, -0.7508220465058644, -0.04269894140794689, 0.7788344935254133, 0.6358559283661194, -0.14907270855512708, -0.3216979838120604, -0.25286556223738743, 0.4489969897232693, -0.7457146898038685, -0.8936139699888646, -0.5020745379200782, -0.26160612005390127, -0.5761085331505014, -0.9911463967835001, -0.44579137550024184, 0.2261985609523638, -0.470907557474616, 0.5261641572424036, 0.740785537648377, -0.4432201012030017, 1.0, 0.8226006127621461, 0.6319277258494493, 0.8914559926614047, -0.1723857600683496, -0.033298313046583594, -0.7367782169728252, -0.3813772957394259, 0.3598116450838915, -0.7805012038383126, 0.6863634559826233, 0.49303641826396705, -0.6049070364853737, 0.2595678607248706, -0.9835463388637815, 0.0470044617274572, -0.47053425191688847, 0.884474405467811, 0.7209767335244286, -0.36776452063138043, -0.3386006664912309, -0.719906828163931, -0.6949620591397345, -0.947758582078466, -0.8030601361739371, 0.4579464017070094, -0.9590889506402955, -0.6833249005097707, -0.6392599290088219, -0.9456984021676438, 0.2341182879403998, -0.03451056250916906, 0.3430753851422972, -0.710576317368149, 0.9520904554706384, 0.7888926813180077, 0.4800655286206159, 0.5855413768332396, 0.15744139172102645, -0.271495019130666, -0.9987106765160985, 0.24298112841837405, -0.5768221689980011, -0.031435559879521735, -0.6909967916506197, -1.0, 0.020269042202027743, 0.20612008338985569, 0.06403514825485535]
1019.9988403320312	(8, 12, 2)	[0.373906736633564, -0.280264304853304, 0.7806321631895448, -0.21702576741443808, -0.9640075424430912, -0.7497439712939389, 0.8447321210929519, 0.0021543827518195613, 0.3038320988955807, 0.41955762546336817, 0.7753155624607138, 0.5719112942076114, -0.8782166750595417, -0.8786772278196369, 1.0, 0.8089208508917309, 0.5563252224463544, -0.11309182131100548, -0.2744877489437636, -0.8405158624954167, 0.681059213605508, -0.7888851005825261, -0.2003784111273374, 0.0005377984918299994, -0.4072624298425271, 0.0721260999270874, 0.11641134680293588, 0.6761876462261565, -0.1695708072833777, 0.8019842060306496, 0.4359017639748137, 0.5995755170567227, 0.4139366687411665, 0.6720731545424468, -0.1326779184031972, 0.5226015201180594, -0.07510499782626523, 0.7699882486772074, 0.05666687852482433, 0.36078913881727015, 0.3038136935518725, 0.4025158856873241, -0.5912541292642164, 0.12663266061031833, -0.4415777236896914, -0.7892365847166571, -0.9202145449232695, -0.3502541212856989, -0.05286341360312319, -0.7720764982445316, 0.5229469774714635, -0.3546876173676259, -0.1956496398668168, 0.8399557996259606, -0.18921038200291673, 0.24946808216039043, -0.3216979838120604, -0.25286556223738743, 0.4489969897232693, -0.7457146898038685, -0.7390224534991334, -0.5020745379200782, 0.7924580719392362, -0.5761085331505014, -0.7036209782212794, -0.44579137550024184, 0.2261985609523638, -0.5349535896082669, 0.5261641572424036, 0.740785537648377, -0.4432201012030017, 1.0, 0.8226006127621461, 0.0929018701665829, 0.8914559926614047, -0.1723857600683496, -0.033298313046583594, -0.6875079230199191, -0.3813772957394259, -0.1276787391432357, -0.7805012038383126, 0.6863634559826233, 0.49303641826396705, -0.6049070364853737, 0.2595678607248706, -0.9835463388637815, 0.0470044617274572, -0.47053425191688847, 0.884474405467811, 0.7209767335244286, -0.36776452063138043, -0.416472059908587, -0.719906828163931, 0.006376927594292203, -0.947758582078466, -0.8030601361739371, 0.4579464017070094, -0.9590889506402955, -0.7061922388420036, -0.6392599290088219, -0.9456984021676438, -0.5669500426695119, -0.03451056250916906, 0.3430753851422972, -0.710576317368149, 0.8810823451960819, 0.7888926813180077, 0.4800655286206159, 0.5855413768332396, 0.15744139172102645, -0.271495019130666, -0.9987106765160985, 0.24298112841837405, 0.12153929638564329, -0.031435559879521735, -0.8264293072273058, -1.0, 0.020269042202027743, 0.20612008338985569, 0.06403514825485535]
1019.9990234375	(8, 12, 2)	[0.373906736633564, -0.280264304853304, 0.7806321631895448, -0.21702576741443808, -0.9640075424430912, -0.7973735243763082, 0.8447321210929519, 0.0021543827518195613, 0.3038320988955807, 0.08841442930941507, 0.3948515159370871, 0.5719112942076114, -0.8782166750595417, -1.0, 0.8730790542420048, 0.8089208508917309, 0.5563252224463544, -0.11309182131100548, -0.9120136601651845, -1.0, 0.70671602418154, -0.7888851005825261, -0.2003784111273374, 0.015812606679628666, -0.4072624298425271, 0.0721260999270874, 0.11641134680293588, -0.42854025282205344, -0.1695708072833777, 0.7903488340310734, -0.9589401862344877, 0.6354295279931057, 0.4139366687411665, 0.6720731545424468, -0.1326779184031972, 0.5226015201180594, -0.07510499782626523, 0.7699882486772074, 0.10429259675403227, 0.36078913881727015, 0.3038136935518725, 0.4025158856873241, -0.5912541292642164, 0.2608351768132049, -0.4415777236896914, -0.7892365847166571, 0.5996714126975533, -0.17968526496656392, -0.05286341360312319, 0.10564658051775688, 0.5229469774714635, -0.3546876173676259, -0.19297934647246606, 0.8399557996259606, -0.1123200571952242, 0.24946808216039043, -0.3216979838120604, -0.25286556223738743, 0.4489969897232693, -0.7457146898038685, -0.7390224534991334, -0.5507247314390844, -0.26160612005390127, -0.5761085331505014, -0.9911463967835001, -0.44579137550024184, 0.2261985609523638, -0.5086505306479755, 0.5261641572424036, -0.6828092824852703, -0.4432201012030017, 1.0, 0.8226006127621461, 0.0929018701665829, 0.8914559926614047, -0.1723857600683496, -0.033298313046583594, -0.6875079230199191, -0.34408122985515266, 0.22979922346552972, -0.7805012038383126, 0.6863634559826233, 0.49303641826396705, -0.6049070364853737, 0.2595678607248706, -0.9835463388637815, 0.0470044617274572, -0.47053425191688847, -0.1743974564086737, 0.7209767335244286, -0.666579547758795, -0.3386006664912309, -0.719906828163931, 0.006376927594292203, -0.947758582078466, -0.8030601361739371, 0.4279252090804359, 0.20037035782333557, -0.7427068607187106, -0.6392599290088219, -1.0, 0.2341182879403998, -0.03451056250916906, 0.3430753851422972, -0.710576317368149, -0.4169082028012101, 0.7888926813180077, 0.4800655286206159, 0.5855413768332396, 0.15744139172102645, -0.271495019130666, -0.9987106765160985, 0.24298112841837405, 0.12153929638564329, -0.031435559879521735, -0.8264293072273058, -1.0, 0.020269042202027743, 0.20612008338985569, 0.06403514825485535]
1019.9981689453125	(8, 12, 2)	[0.373906736633564, -0.280264304853304, 0.7806321631895448, -0.21702576741443808, -0.7895899678279781, -0.6539192753473563, 0.8447321210929519, 0.0021543827518195613, 0.3038320988955807, 0.2380000962025859, 0.7753155624607138, 0.5474238605484013, -0.8017500967673898, -0.8786772278196369, 0.8730790542420048, 0.5221150708625943, 0.5563252224463544, -0.8869166690897563, -0.9120136601651845, -1.0, 0.70671602418154, -0.7888851005825261, -0.2003784111273374, 0.015812606679628666, -0.4366642936157461, 0.16009348523215483, -0.16263551653151498, 0.6761876462261565, -0.1695708072833777, 0.7903488340310734, -0.9589401862344877, 0.5995755170567227, 0.4139366687411665, 0.6720731545424468, -0.26427968669722735, 0.5226015201180594, 0.8275961544949615, 0.674196231111382, 0.05666687852482433, 0.36078913881727015, 0.3989498329955589, 0.4025158856873241, -0.6042174498718595, 0.42271645489064047, -0.4415777236896914, -0.6653640623063062, -0.9202145449232695, -0.3502541212856989, -0.05286341360312319, -0.7720764982445316, 0.43847999312153896, -0.7508220465058644, -0.19297934647246606, 0.43359002373157796, -0.18921038200291673, -0.1278115883011095, -0.29959842159854433, -0.25286556223738743, 0.4489969897232693, -0.7457146898038685, -0.7390224534991334, -0.5020745379200782, -0.26160612005390127, -0.5761085331505014, -0.9911463967835001, -0.44579137550024184, 0.2261985609523638, -0.470907557474616, -0.7610984846534936, 0.740785537648377, -0.44339948038951466, -0.5981399071092388, 0.9873622428351143, 0.0929018701665829, 0.8914559926614047, -0.29372375817271146, -0.033298313046583594, -0.6202239848307838, -0.3813772957394259, -0.1276787391432357, -0.7805012038383126, 0.6863634559826233, 0.36128884551135737, -0.06291568212522747, 0.2595678607248706, -0.9835463388637815, 0.0470044617274572, -0.5246381953467358, 0.884474405467811, 0.7791123276397262, -0.666579547758795, -0.3386006664912309, -0.719906828163931, -0.6836745439939407, -0.1963737793890954, 0.042955195331201956, 0.4579464017070094, 0.20037035782333557, -0.6833249005097707, -0.6392599290088219, -0.9456984021676438, -0.5669500426695119, -0.03451056250916906, 0.3430753851422972, -0.710576317368149, 0.9520904554706384, 0.7888926813180077, -0.2956747007884959, -0.22720587337839437, 0.7380212902605416, 0.9630778630833046, -0.9987106765160985, 0.24298112841837405, 0.12153929638564329, 0.09825023092888174, -0.2041711652999386, -0.09264491798233951, 0.020269042202027743, 0.2570934960323239, -0.523199686582919]
1019.998779296875	(8, 12, 2)	[0.373906736633564, -0.2697172504634987, 0.7801111380808801, -0.21702576741443808, -0.7895899678279781, -0.6865090733739513, 0.8447321210929519, 0.0021543827518195613, 0.3038320988955807, 0.2380000962025859, 0.7753155624607138, 0.5669462093525282, -0.8782166750595417, -0.8786772278196369, 1.0, 0.8089208508917309, 0.5563252224463544, -0.8730577109476902, -0.9120136601651845, -0.8405158624954167, 0.70671602418154, -0.7888851005825261, -0.28964951815361095, 0.015812606679628666, -0.4296252967175002, 0.0721260999270874, 0.11641134680293588, -0.42854025282205344, 0.8339376508235339, 0.7903488340310734, 0.4359017639748137, 0.5737991950711753, 0.4139366687411665, 0.6720731545424468, -0.26427968669722735, 0.5226015201180594, 0.8275961544949615, 0.7699882486772074, 0.05666687852482433, 0.36078913881727015, 0.3038136935518725, 0.4025158856873241, 0.38242085084336574, 0.2608351768132049, -0.4415777236896914, -0.7565132556867382, 0.5996714126975533, -0.3502541212856989, -0.05286341360312319, -0.7720764982445316, 0.5229469774714635, -0.7508220465058644, -0.19297934647246606, 0.8399557996259606, 0.7391117453845079, 0.24946808216039043, 0.15065981995039213, -0.41400839152630553, 0.6192254001517685, -0.7457146898038685, -0.8936139699888646, -0.5020745379200782, -0.26160612005390127, -0.5761085331505014, -0.3070584286271829, -0.44579137550024184, 0.19817006028466544, -0.470907557474616, 0.5261641572424036, -0.6941187784210262, -0.4432201012030017, 1.0, 0.8226006127621461, 0.6319277258494493, 0.8914559926614047, -0.1723857600683496, -0.033298313046583594, -0.6875079230199191, -0.3813772957394259, -0.1276787391432357, -0.7805012038383126, 0.6863634559826233, 0.36128884551135737, -0.6049070364853737, 0.2595678607248706, -0.9835463388637815, 0.0470044617274572, -0.47053425191688847, -0.10726057190607986, 0.7209767335244286, -0.36776452063138043, -0.3386006664912309, -0.48534238719645484, -0.6836745439939407, -0.5049535914361459, -0.8030601361739371, 0.4579464017070094, -0.9590889506402955, -0.6833249005097707, -0.6392599290088219, -0.9477996488700218, -0.5669500426695119, -0.14137474890169582, 0.3430753851422972, -0.710576317368149, 0.9520904554706384, 0.7888926813180077, -0.2956747007884959, -0.22720587337839437, 0.7380212902605416, -0.271495019130666, -0.9987106765160985, 0.9790994136941413, 0.12153929638564329, 0.08710455479486129, -0.8264293072273058, -1.0, 0.020269042202027743, 0.2570934960323239, -0.12910057800991537]
1019.9964599609375	(8, 12, 2)	[0.373906736633564, -0.2697172504634987, 0.7801111380808801, -0.21702576741443808, -0.9640075424430912, -0.6539192753473563, 0.8447321210929519, 0.0021543827518195613, 0.3038320988955807, 0.2380000962025859, 0.7753155624607138, 0.42027729624633525, -0.8626269479176224, -0.8786772278196369, 1.0, 0.7997603459879272, 0.5563252224463544, -0.11309182131100548, -0.9120136601651845, -1.0, 0.681059213605508, -0.7888851005825261, -0.2003784111273374, 0.0005377984918299994, -0.4072624298425271, 0.0721260999270874, -0.16263551653151498, 0.45594256049925574, -0.1695708072833777, 0.8019842060306496, 0.4536227816222933, 0.5995755170567227, 0.4139366687411665, 0.6720731545424468, -0.26427968669722735, 0.5226015201180594, -0.07510499782626523, 0.7699882486772074, 0.05666687852482433, 0.36078913881727015, 0.3038136935518725, 0.4025158856873241, 0.38242085084336574, 0.2608351768132049, -0.4415777236896914, -0.7565132556867382, 0.5996714126975533, -0.3502541212856989, -0.05286341360312319, 0.10564658051775688, 0.532652407614699, -0.7508220465058644, -0.6418538532152271, 0.8399557996259606, -0.1123200571952242, 0.24946808216039043, 0.8113289458117889, -0.25286556223738743, 0.4489969897232693, -0.7457146898038685, -0.7390224534991334, -0.5020745379200782, -0.26160612005390127, -0.5761085331505014, -0.9911463967835001, -0.44579137550024184, 0.19782374019701446, -0.5270401895600114, 0.5261641572424036, 0.740785537648377, -0.4432201012030017, 1.0, 0.8226006127621461, 0.0929018701665829, 0.8914559926614047, -0.29372375817271146, 0.4093616848062325, -0.7367782169728252, -0.34408122985515266, 0.22979922346552972, 0.38437473104418485, 0.6863634559826233, 0.49303641826396705, -0.07382575546902709, 0.2595678607248706, -0.9835463388637815, -0.05683942452328905, -0.47053425191688847, -0.1743974564086737, 0.7791123276397262, -0.666579547758795, -0.3386006664912309, -0.719906828163931, 0.006376927594292203, -0.11955320619414733, 0.042955195331201956, 0.4579464017070094, -0.9590889506402955, -0.7061922388420036, 0.5441436203819245, -0.9456984021676438, 0.2341182879403998, -0.03451056250916906, 0.3430753851422972, 0.8808600317029691, 0.9520904554706384, 0.7888926813180077, 0.4800655286206159, -0.22720587337839437, 0.15744139172102645, -0.271495019130666, -0.9987106765160985, 0.9790994136941413, -0.5768221689980011, -0.031435559879521735, -0.8264293072273058, -0.12289218472525754, 0.020269042202027743, -0.5394478753910281, 0.07376723613796421]
1019.9990844726562	(8, 12, 2)	[0.373906736633564, -0.2697172504634987, 0.7806321631895448, -0.21702576741443808, -0.9640075424430912, -0.7973735243763082, 0.8447321210929519, 0.0021543827518195613, -0.024637975974213022, 0.27749495509327354, 0.7017247148631299, 0.5719112942076114, -0.8782166750595417, -1.0, 0.8730790542420048, 0.8089208508917309, 0.5563252224463544, -0.11309182131100548, -0.9120136601651845, -1.0, 0.70671602418154, -0.7888851005825261, -0.2003784111273374, 0.015812606679628666, -0.4366642936157461, 0.0721260999270874, -0.16263551653151498, -0.42854025282205344, -0.1695708072833777, 0.7903488340310734, -0.8363742890416964, 0.6679076171582937, 0.4139366687411665, 0.6720731545424468, -0.1326779184031972, 0.5226015201180594, -0.07510499782626523, 0.7699882486772074, 0.05666687852482433, 0.12977385950753556, 0.3038136935518725, 0.4025158856873241, -0.5912541292642164, 0.12663266061031833, -0.4415777236896914, -0.7565132556867382, -0.9202145449232695, -0.528736650502921, -0.05286341360312319, -0.7720764982445316, 0.5229469774714635, -0.7508220465058644, -0.19297934647246606, 0.43359002373157796, -0.1123200571952242, 0.24946808216039043, -0.3216979838120604, -0.41400839152630553, 0.5539428968752516, -0.7457146898038685, -0.7390224534991334, -0.5020745379200782, -0.26160612005390127, -0.5761085331505014, -0.9911463967835001, -0.44579137550024184, 0.18465569426025266, -0.5270401895600114, 0.5261641572424036, -0.6828092824852703, -0.44339948038951466, 1.0, 0.8226006127621461, 0.0929018701665829, 0.8914559926614047, -0.1723857600683496, -0.033298313046583594, -0.6875079230199191, -0.34408122985515266, 0.3598116450838915, -0.7805012038383126, 0.6863634559826233, 0.36128884551135737, -0.6049070364853737, 0.39468796897346425, -0.9835463388637815, 0.0470044617274572, -0.47053425191688847, -0.1743974564086737, 0.7209767335244286, -0.36776452063138043, -0.3386006664912309, -0.719906828163931, 0.006376927594292203, -0.947758582078466, -1.0, 0.4279252090804359, -0.9590889506402955, -0.7061922388420036, -0.6392599290088219, -1.0, 0.2341182879403998, -0.03451056250916906, 0.3430753851422972, -0.710576317368149, -0.4169082028012101, 1.0, 0.4800655286206159, 0.5855413768332396, 0.7380212902605416, -0.271495019130666, -0.9987106765160985, 0.3538809594178536, -0.5021464063423904, -0.031435559879521735, -0.8264293072273058, -1.0, 0.020269042202027743, 0.20612008338985569, 0.06403514825485535]
1019.999755859375	(8, 12, 2)	[0.373906736633564, -0.280264304853304, 0.7801111380808801, -0.21702576741443808, -0.9640075424430912, -0.5933551413378367, 0.8447321210929519, 0.0021543827518195613, -0.024637975974213022, 0.08841442930941507, 0.3948515159370871, 0.42027729624633525, -0.8782166750595417, -1.0, 1.0, 0.5221150708625943, 0.5563252224463544, -0.11309182131100548, -0.9120136601651845, -1.0, 0.681059213605508, -0.7888851005825261, -0.2003784111273374, 0.015812606679628666, -0.4072624298425271, 0.0721260999270874, -0.16263551653151498, -0.42854025282205344, -0.1695708072833777, 0.8019842060306496, 0.4359017639748137, 0.6354295279931057, 0.4139366687411665, 0.6720731545424468, -0.1326779184031972, 0.5226015201180594, -0.07510499782626523, 0.7699882486772074, 0.05666687852482433, 0.36078913881727015, 0.3038136935518725, 0.4025158856873241, 0.38242085084336574, 0.2608351768132049, -0.4415777236896914, -0.7565132556867382, -0.9202145449232695, -0.528736650502921, -0.05286341360312319, 0.10564658051775688, 0.5229469774714635, -0.7508220465058644, -0.5948049361171656, 0.9310850445157519, 0.6358559283661194, 0.24946808216039043, -0.3216979838120604, -0.25286556223738743, 0.4489969897232693, -0.7457146898038685, -0.7390224534991334, -0.5020745379200782, -0.26160612005390127, -0.5761085331505014, -0.9911463967835001, -0.44579137550024184, 0.19782374019701446, -0.470907557474616, 0.5261641572424036, 0.740785537648377, -0.4432201012030017, 1.0, 0.8226006127621461, 0.0929018701665829, 0.8914559926614047, -0.1723857600683496, -0.033298313046583594, -0.6875079230199191, -0.34408122985515266, 0.22979922346552972, -0.7805012038383126, 0.6863634559826233, -0.43992629110808407, -0.6049070364853737, 0.2595678607248706, -0.9835463388637815, 0.0470044617274572, -0.47053425191688847, -0.1743974564086737, 0.7791123276397262, -0.666579547758795, -0.3386006664912309, -0.719906828163931, -0.7682169187135603, -0.947758582078466, 0.042955195331201956, 0.4579464017070094, 0.20037035782333557, -0.7061922388420036, 0.5441436203819245, -0.9456984021676438, 0.2341182879403998, -0.03451056250916906, 0.3430753851422972, -0.710576317368149, -0.4169082028012101, 0.7888926813180077, 0.3811638850623878, -0.22720587337839437, 0.15744139172102645, -0.271495019130666, -0.9987106765160985, 0.24298112841837405, -0.7050055883119026, -0.08775715894147913, -0.8787276784795772, -0.12289218472525754, 0.020269042202027743, -0.5394478753910281, 0.07376723613796421]
1019.9993286132812	(8, 12, 2)	[0.9333699802028128, -0.2697172504634987, 0.7806321631895448, -0.21702576741443808, -0.9640075424430912, -0.6865090733739513, 0.8447321210929519, -0.06610759587107977, 0.3038320988955807, 0.2380000962025859, 0.7753155624607138, 0.3938801915637355, -0.8782166750595417, -0.8786772278196369, 1.0, 0.8089208508917309, 0.37941197822750994, -0.11309182131100548, -0.2569743498557804, -0.7881100546328623, 0.70671602418154, -0.7888851005825261, -0.2003784111273374, 0.015812606679628666, -0.4072624298425271, 0.0721260999270874, 0.11641134680293588, 0.6761876462261565, -0.1695708072833777, 0.8019842060306496, 0.4359017639748137, 0.5995755170567227, 0.4139366687411665, 0.6720731545424468, -0.1326779184031972, 0.5226015201180594, 0.8275961544949615, 0.7699882486772074, 0.05666687852482433, 0.36078913881727015, 0.3989498329955589, 0.4025158856873241, 0.6064209860883971, 0.12663266061031833, -0.4415777236896914, -0.7892365847166571, 0.5996714126975533, -0.3502541212856989, -0.05286341360312319, -0.8178944518188639, 0.5229469774714635, -0.7508220465058644, -0.19297934647246606, 0.43359002373157796, -0.18921038200291673, 0.24946808216039043, 0.8113289458117889, -0.25286556223738743, 0.4489969897232693, -0.7457146898038685, -0.7390224534991334, -0.33198015760932786, -0.26160612005390127, -0.727249795609352, -0.7036209782212794, -0.44579137550024184, 0.2261985609523638, -0.5270401895600114, 0.5261641572424036, -0.6828092824852703, -0.44339948038951466, 1.0, 0.8226006127621461, 0.0929018701665829, 0.8914559926614047, -0.1723857600683496, 0.4093616848062325, -0.6875079230199191, -0.3813772957394259, 0.22979922346552972, -0.7922244134235239, 0.6863634559826233, 0.49303641826396705, -0.6049070364853737, 0.2595678607248706, -0.8110446714885291, 0.20116549936927533, -0.47053425191688847, -0.061523524830132015, 0.7791123276397262, -0.6657747765982328, -0.48683177990740445, -0.6541661856455362, -0.6949620591397345, -0.11955320619414733, -0.8030601361739371, 0.6642505544107089, -0.9590889506402955, -0.6638508537441531, -0.6474666857196216, -0.9456984021676438, -0.5669500426695119, -0.03451056250916906, 0.3430753851422972, -0.710576317368149, -0.4169082028012101, 0.05039634398197079, -0.32437945893997067, 0.5855413768332396, 0.15744139172102645, -0.271495019130666, -0.9987106765160985, 0.24298112841837405, 0.12153929638564329, 0.09825023092888174, -0.8264293072273058, -0.12289218472525754, 0.020269042202027743, 0.20612008338985569, 0.10976799722574775]
1019.9998168945312	(8, 12, 2)	[0.373906736633564, -0.2956405175758272, 0.7806321631895448, -0.21702576741443808, -0.7895899678279781, -0.6865090733739513, 0.8447321210929519, -0.06610759587107977, 0.3038320988955807, 0.2380000962025859, 0.7753155624607138, 0.5719112942076114, -0.8782166750595417, -1.0, 1.0, 0.8089208508917309, 0.5563252224463544, -0.11309182131100548, -0.9120136601651845, -0.8978016371490896, 0.681059213605508, -0.7888851005825261, -0.28964951815361095, 0.015812606679628666, -0.4072624298425271, 0.0721260999270874, 0.11641134680293588, -0.42854025282205344, -0.1695708072833777, 0.8019842060306496, 0.4359017639748137, 0.6679076171582937, 0.4139366687411665, 0.6720731545424468, -0.26427968669722735, 0.5226015201180594, 0.8275961544949615, 0.7699882486772074, 0.05666687852482433, 0.36078913881727015, 0.3989498329955589, 0.4025158856873241, 0.38242085084336574, 0.2608351768132049, -0.5178268320779692, -0.7892365847166571, 0.5996714126975533, -0.3502541212856989, -0.05286341360312319, 0.10564658051775688, 0.5229469774714635, -0.3546876173676259, -0.6418538532152271, 0.43359002373157796, -0.18921038200291673, 0.24946808216039043, -0.2766491190116919, -0.25286556223738743, 0.4489969897232693, -0.7457146898038685, -0.7390224534991334, -0.5020745379200782, -0.26160612005390127, -0.5761085331505014, -0.9911463967835001, -0.44579137550024184, 0.2261985609523638, -0.5270401895600114, 0.5261641572424036, 0.740785537648377, -0.44339948038951466, 1.0, 0.8226006127621461, 0.0929018701665829, 0.8914559926614047, -0.1723857600683496, -0.033298313046583594, -0.7367782169728252, -0.3813772957394259, -0.1276787391432357, 0.5693755076199045, 0.6863634559826233, 0.49303641826396705, -0.6049070364853737, 0.2595678607248706, -0.9835463388637815, 0.0470044617274572, -0.3589027635991159, -0.1743974564086737, 0.6312881771514776, -0.36776452063138043, -0.3386006664912309, -0.719906828163931, 0.006376927594292203, -0.1963737793890954, -0.8030601361739371, 0.4579464017070094, -0.9590889506402955, -0.7427068607187106, -0.6392599290088219, -0.9456984021676438, 0.2341182879403998, -0.03451056250916906, 0.3430753851422972, -0.710576317368149, -0.4169082028012101, 0.05039634398197079, 0.3811638850623878, -0.22720587337839437, 0.15744139172102645, -0.271495019130666, -0.9987106765160985, 0.24298112841837405, -0.48830758523614115, 0.09825023092888174, -0.8264293072273058, -1.0, 0.020269042202027743, 0.32650255393702776, 0.06403514825485535]
1019.999267578125	(8, 12, 2)	[0.373906736633564, -0.2697172504634987, 0.7801111380808801, -0.21702576741443808, -0.7895899678279781, -0.6865090733739513, 0.8447321210929519, 0.0021543827518195613, 0.3038320988955807, 0.2380000962025859, 0.3948515159370871, 0.5719112942076114, -0.9811140043637466, -1.0, 0.8730790542420048, 0.8089208508917309, 0.5563252224463544, -0.11309182131100548, -0.9120136601651845, -1.0, 0.70671602418154, -0.7888851005825261, -0.2003784111273374, 0.015812606679628666, -0.4366642936157461, 0.0721260999270874, 0.11641134680293588, -0.42854025282205344, -0.1695708072833777, 0.7903488340310734, 0.4536227816222933, 0.5737991950711753, 0.4139366687411665, 0.380603186674553, -0.26427968669722735, 0.5226015201180594, 0.8275961544949615, 0.7491750629448465, 0.10429259675403227, 0.36078913881727015, 0.3038136935518725, 0.4025158856873241, 0.6064209860883971, 0.2608351768132049, -0.4415777236896914, -0.6653640623063062, -0.9202145449232695, -0.3502541212856989, 0.7784785470679769, -0.7720764982445316, 0.5229469774714635, -0.7508220465058644, -0.6418538532152271, 0.6288680934494777, -0.1123200571952242, 0.21666747514909535, 0.15065981995039213, -0.4423265537095047, 0.5539428968752516, -0.7457146898038685, -0.7390224534991334, -0.5020745379200782, 0.7924580719392362, -0.5761085331505014, -0.9911463967835001, -0.44579137550024184, 0.2261985609523638, -0.5270401895600114, 0.5261641572424036, 0.740785537648377, -0.633678617770072, 1.0, 0.8226006127621461, 0.0929018701665829, 0.8914559926614047, -0.29372375817271146, 0.4093616848062325, -0.6875079230199191, -0.3813772957394259, -0.1276787391432357, -0.7805012038383126, 0.6863634559826233, 0.49303641826396705, -0.6049070364853737, 0.4959186313340116, -0.9835463388637815, 0.0470044617274572, -0.47053425191688847, -0.1743974564086737, 0.7209767335244286, -0.36776452063138043, -0.25427616109826356, -0.719906828163931, 0.006376927594292203, -0.947758582078466, 0.042955195331201956, 0.6642505544107089, -0.9590889506402955, -0.8062683545525811, -0.6392599290088219, -0.9456984021676438, -0.5669500426695119, -0.14137474890169582, 0.3430753851422972, -0.710576317368149, -0.4169082028012101, 0.05039634398197079, 0.4800655286206159, -0.22720587337839437, 0.15744139172102645, -0.271495019130666, -0.9987106765160985, 0.3538809594178536, -0.5021464063423904, 0.09825023092888174, -0.8264293072273058, -1.0, 0.020269042202027743, -0.5394478753910281, 0.10976799722574775]
1019.99951171875	(8, 12, 2)	[0.373906736633564, -0.2697172504634987, 0.7801111380808801, -0.21702576741443808, -0.9640075424430912, -0.6539192753473563, 0.8447321210929519, 0.0021543827518195613, 0.00868386925960507, 0.2380000962025859, 0.3948515159370871, 0.5669462093525282, -0.8782166750595417, -0.8786772278196369, 1.0, 0.5221150708625943, 0.37941197822750994, -0.11309182131100548, -0.9348969543548277, -1.0, 0.681059213605508, -0.7888851005825261, -0.2003784111273374, 0.0005377984918299994, -0.4072624298425271, 0.0721260999270874, -0.1357984724025529, -0.42854025282205344, -0.1695708072833777, 0.8019842060306496, 0.4536227816222933, 0.6354295279931057, 0.47022085969726535, 0.380603186674553, -0.1326779184031972, 0.5226015201180594, -0.07510499782626523, 0.7257323959439693, 0.05666687852482433, 0.12977385950753556, 0.3989498329955589, 0.4025158856873241, -0.5912541292642164, 0.12663266061031833, -0.4415777236896914, -0.6653640623063062, 0.5996714126975533, -0.3502541212856989, 0.7784785470679769, -0.7720764982445316, 0.5229469774714635, -0.7432921732686912, -0.4520064082729973, 0.6347139101329741, 0.7391117453845079, 0.24946808216039043, 0.8113289458117889, -0.25286556223738743, 0.5539428968752516, -0.7457146898038685, -0.7390224534991334, -0.5507247314390844, -0.26160612005390127, -0.5761085331505014, -0.9911463967835001, -0.44579137550024184, 0.2261985609523638, -0.470907557474616, 0.5261641572424036, 0.740785537648377, -0.44339948038951466, 1.0, 0.8162109668460247, 0.6319277258494493, 0.8914559926614047, -0.29372375817271146, -0.033298313046583594, -0.6875079230199191, -0.3813772957394259, 0.22979922346552972, -0.7805012038383126, 0.6863634559826233, 0.49303641826396705, -0.6049070364853737, 0.2595678607248706, -0.9835463388637815, 0.0470044617274572, -0.47053425191688847, -0.08221575903937645, 0.7209767335244286, -0.36776452063138043, -0.3386006664912309, -0.638994892654293, -0.6949620591397345, -0.947758582078466, 0.042955195331201956, 0.4579464017070094, -0.9590889506402955, -0.7061922388420036, -0.6392599290088219, -0.9456984021676438, 0.2341182879403998, -0.03451056250916906, 0.3430753851422972, 0.8808600317029691, 0.9520904554706384, 0.7888926813180077, 0.3811638850623878, 0.5855413768332396, 0.15744139172102645, -0.271495019130666, -0.9987106765160985, 0.24298112841837405, 0.12153929638564329, -0.08775715894147913, -0.8264293072273058, -1.0, 0.020269042202027743, -0.5394478753910281, 0.06403514825485535]
1019.9998779296875	(8, 12, 2)	[0.373906736633564, -0.2697172504634987, 0.7806321631895448, -0.21702576741443808, -0.9640075424430912, -0.6865090733739513, 0.8447321210929519, -0.06610759587107977, 0.3038320988955807, 0.181257153548807, 0.7753155624607138, 0.3938801915637355, -0.8626269479176224, -0.8786772278196369, 1.0, 0.8089208508917309, 0.37941197822750994, -0.11309182131100548, -0.9120136601651845, -1.0, 0.681059213605508, -0.7888851005825261, -0.2003784111273374, 0.0005377984918299994, -0.4072624298425271, 0.0721260999270874, 0.018848543987363756, 0.6761876462261565, -0.1695708072833777, 0.8019842060306496, 0.4359017639748137, 0.5995755170567227, 0.4139366687411665, 0.6720731545424468, -0.1326779184031972, 0.5226015201180594, -0.07510499782626523, 0.7699882486772074, 0.05666687852482433, 0.36078913881727015, 0.32548458865997554, 0.4025158856873241, 0.38242085084336574, 0.2608351768132049, -0.4415777236896914, -0.6653640623063062, 0.5996714126975533, -0.528736650502921, 0.7784785470679769, -0.8178944518188639, 0.5229469774714635, -0.7508220465058644, -0.6418538532152271, 0.43359002373157796, -0.1123200571952242, 0.24946808216039043, 0.8113289458117889, -0.25286556223738743, 0.4489969897232693, -0.7457146898038685, -0.7390224534991334, -0.5020745379200782, -0.26160612005390127, -0.727249795609352, -0.9911463967835001, -0.44579137550024184, 0.2261985609523638, -0.5270401895600114, 0.5261641572424036, 0.740785537648377, -0.44339948038951466, 1.0, 0.9873622428351143, 0.0929018701665829, 0.8914559926614047, -0.29372375817271146, -0.033298313046583594, -0.6875079230199191, -0.3813772957394259, -0.1276787391432357, -0.7805012038383126, 0.6863634559826233, 0.49303641826396705, -0.6049070364853737, 0.4959186313340116, -0.9835463388637815, 0.06864528134799783, -0.47053425191688847, -0.08221575903937645, 0.6312881771514776, -0.36776452063138043, -0.31880806456380645, -0.719906828163931, -0.6949620591397345, -0.1963737793890954, 0.042955195331201956, 0.4579464017070094, -0.9590889506402955, -0.8062683545525811, -0.6392599290088219, -0.9611583031427184, 0.2341182879403998, -0.03451056250916906, 0.3430753851422972, -0.710576317368149, -0.4169082028012101, 0.05039634398197079, 0.4800655286206159, 0.5855413768332396, 0.7380212902605416, 0.9630778630833046, -0.9987106765160985, 0.3538809594178536, 0.12153929638564329, 0.09825023092888174, -0.8264293072273058, -0.12289218472525754, 0.020269042202027743, -0.5394478753910281, 0.10976799722574775]
1019.9999389648438	(8, 12, 2)	[0.9333699802028128, -0.2956405175758272, 0.7801111380808801, -0.21702576741443808, -0.9640075424430912, -0.6865090733739513, 0.8447321210929519, 0.0021543827518195613, 0.3038320988955807, 0.2380000962025859, 0.7753155624607138, 0.42027729624633525, -0.8471474200388824, -1.0, 1.0, 0.8089208508917309, 0.5563252224463544, -0.11309182131100548, -0.9120136601651845, -0.7881100546328623, 0.7038347607435053, -0.7888851005825261, -0.12120666659030488, 0.015812606679628666, -0.3815313092137922, 0.0721260999270874, -0.16263551653151498, -0.42854025282205344, -0.1695708072833777, 0.8019842060306496, 0.3697988729231135, 0.6354295279931057, 0.4139366687411665, 0.6720731545424468, -0.26427968669722735, 0.5226015201180594, -0.07510499782626523, 0.7699882486772074, 0.05666687852482433, 0.36078913881727015, 0.3038136935518725, 0.4025158856873241, -0.5912541292642164, 0.12663266061031833, -0.4415777236896914, -0.7892365847166571, 0.5996714126975533, -0.17968526496656392, 0.7845186990018378, 0.10564658051775688, 0.5373862864307368, -0.7508220465058644, -0.6418538532152271, 0.8399557996259606, -0.1123200571952242, -0.1278115883011095, 0.8113289458117889, -0.25286556223738743, 0.4489969897232693, -0.7457146898038685, -0.7390224534991334, -0.5020745379200782, -0.33147653640930286, -0.5761085331505014, -0.9911463967835001, -0.44579137550024184, 0.2261985609523638, -0.470907557474616, 0.5261641572424036, -0.6941187784210262, -0.44339948038951466, 1.0, 0.8226006127621461, 0.1871413186390447, 0.8914559926614047, -0.29372375817271146, -0.033298313046583594, -0.6875079230199191, -0.34408122985515266, 0.22979922346552972, -0.7805012038383126, 0.6863634559826233, 0.4361184565122454, -0.07382575546902709, 0.4959186313340116, -0.9835463388637815, 0.0470044617274572, -0.47053425191688847, -0.1743974564086737, 0.7791123276397262, -0.36776452063138043, -0.3386006664912309, -0.7612620216960062, 0.006376927594292203, -0.1963737793890954, -0.8030601361739371, 0.4279252090804359, -0.9590889506402955, -0.6268589901734588, -0.6392599290088219, -1.0, 0.2341182879403998, 0.47813764148163784, 0.3430753851422972, -0.710576317368149, 0.859266815448422, 0.7888926813180077, 0.4800655286206159, 0.5855413768332396, 0.15744139172102645, 0.9630778630833046, -0.9987106765160985, 0.9790994136941413, 0.12153929638564329, -0.031435559879521735, -0.8264293072273058, -0.8512641098911062, 0.013619323286518846, 0.20612008338985569, 0.06403514825485535]
1019.9998779296875	(8, 12, 2)	[0.9259129767161947, -0.2697172504634987, 0.7801111380808801, -0.21702576741443808, -0.9640075424430912, -0.7973735243763082, 0.8447321210929519, 0.0021543827518195613, 0.3038320988955807, 0.08841442930941507, 0.7753155624607138, 0.3938801915637355, -0.8626269479176224, -0.8786772278196369, 1.0, 0.8089208508917309, 0.5563252224463544, -0.06449406860872073, -0.9120136601651845, -0.7881100546328623, 0.7038347607435053, -0.7888851005825261, -0.12120666659030488, 0.015812606679628666, -0.4366642936157461, 0.0721260999270874, -0.16263551653151498, 0.6761876462261565, -0.1695708072833777, 0.8019842060306496, 0.4536227816222933, 0.6354295279931057, 0.4139366687411665, 0.6720731545424468, -0.19737576336225726, 0.5226015201180594, 0.8275961544949615, 0.8943557363607251, 0.05666687852482433, 0.36078913881727015, 0.3989498329955589, 0.4025158856873241, 0.38242085084336574, 0.2608351768132049, -0.4415777236896914, -0.7565132556867382, 0.5996714126975533, -0.3502541212856989, -0.05286341360312319, -0.7720764982445316, 0.5229469774714635, -0.3546876173676259, -0.6418538532152271, 0.7788344935254133, 0.6358559283661194, 0.24946808216039043, 0.8113289458117889, -0.25286556223738743, 0.4489969897232693, -0.7457146898038685, -0.7186797394984875, -0.5020745379200782, -0.12798235723702361, -0.5761085331505014, -0.9911463967835001, -0.44579137550024184, 0.2261985609523638, -0.470907557474616, 0.5261641572424036, 0.740785537648377, -0.44339948038951466, 1.0, 0.8226006127621461, 0.09760434844046147, 0.8914559926614047, -0.1723857600683496, -0.033298313046583594, -0.6875079230199191, -0.34408122985515266, 0.3598116450838915, -0.7805012038383126, 0.6863634559826233, 0.4361184565122454, -0.6049070364853737, 0.348021003890166, -0.9835463388637815, -0.1590171188262579, -0.47053425191688847, -0.10080109130829859, 0.7791123276397262, -0.6657747765982328, -0.3386006664912309, -0.719906828163931, -0.7682169187135603, -0.947758582078466, -0.8030601361739371, 0.4579464017070094, -0.9590889506402955, -0.7427068607187106, -0.6392599290088219, -1.0, -0.5669500426695119, -0.03451056250916906, 0.3430753851422972, -0.710576317368149, 0.859266815448422, 0.05039634398197079, 0.4800655286206159, 0.5855413768332396, 0.15744139172102645, -0.271495019130666, -0.9987106765160985, 0.24298112841837405, 0.12153929638564329, -0.031435559879521735, -0.8787276784795772, -1.0, 0.020269042202027743, 0.20612008338985569, 0.10976799722574775]
1019.9996948242188	(8, 12, 2)	[0.373906736633564, -0.30511598278304863, 0.7801111380808801, -0.21702576741443808, -0.9640075424430912, -0.7497439712939389, 0.8447321210929519, -0.06610759587107977, 0.00868386925960507, 0.2380000962025859, 0.7753155624607138, 0.3938801915637355, -0.8626269479176224, -0.8786772278196369, 1.0, 0.9456147272780596, 0.5563252224463544, -0.11309182131100548, -0.9120136601651845, -0.7881100546328623, 0.681059213605508, -0.7888851005825261, -0.12120666659030488, 0.0005377984918299994, -0.4072624298425271, -0.0876360920126592, -0.16263551653151498, 0.6761876462261565, -0.1695708072833777, 0.8019842060306496, 0.4359017639748137, 0.6679076171582937, 0.4139366687411665, 0.380603186674553, -0.26427968669722735, 0.5226015201180594, -0.07510499782626523, 0.7699882486772074, 0.05666687852482433, 0.12977385950753556, 0.3989498329955589, 0.4025158856873241, 0.38242085084336574, 0.2608351768132049, -0.4415777236896914, -0.7565132556867382, 0.5996714126975533, -0.17968526496656392, -0.05286341360312319, -0.7720764982445316, 0.5229469774714635, -0.7508220465058644, -0.5940546504752666, 0.7788344935254133, -0.1123200571952242, 0.24946808216039043, 0.8113289458117889, -0.25286556223738743, 0.4612238582051963, -0.7457146898038685, -0.7390224534991334, -0.5020745379200782, -0.33147653640930286, -0.5127975861501963, -0.9911463967835001, -0.44579137550024184, 0.18465569426025266, -0.4420964856439415, 0.5261641572424036, -0.6941187784210262, -0.4432201012030017, 1.0, 0.9873622428351143, 0.0929018701665829, 0.8914559926614047, -0.29372375817271146, -0.033298313046583594, -0.6875079230199191, -0.34408122985515266, 0.22979922346552972, -0.7805012038383126, 0.6863634559826233, 0.49303641826396705, -0.6049070364853737, 0.4959186313340116, -0.9835463388637815, 0.0470044617274572, -0.47053425191688847, -0.1743974564086737, 0.8786939892352732, -0.6657747765982328, -0.3386006664912309, -0.719906828163931, -0.7682169187135603, -0.05563461806505492, 0.042955195331201956, 0.4279252090804359, -0.9590889506402955, -0.8062683545525811, -0.6392599290088219, -0.9456984021676438, 0.2341182879403998, -0.03451056250916906, 0.3430753851422972, -0.710576317368149, -0.4169082028012101, 0.05039634398197079, 0.4800655286206159, 0.5855413768332396, 0.7380212902605416, 0.9630778630833046, -0.9987106765160985, 0.24298112841837405, -0.5768221689980011, 0.09825023092888174, -0.8264293072273058, -0.12289218472525754, -0.08963820987953493, -0.5394478753910281, 0.10976799722574775]
1019.9999389648438	(8, 12, 2)	[0.373906736633564, -0.2697172504634987, 0.7801111380808801, -0.21702576741443808, -0.9640075424430912, -0.6865090733739513, 0.8447321210929519, -0.06610759587107977, 0.3038320988955807, 0.16828705110132486, 0.7753155624607138, 0.3938801915637355, -0.8782166750595417, -0.8786772278196369, 0.9777276024075932, 0.9456147272780596, 0.37941197822750994, -0.11309182131100548, -0.9120136601651845, -0.7881100546328623, 0.681059213605508, -0.7888851005825261, -0.2003784111273374, 0.015812606679628666, -0.4366642936157461, 0.0721260999270874, -0.16263551653151498, 0.6761876462261565, -0.1695708072833777, 0.8019842060306496, 0.4359017639748137, 0.6679076171582937, 0.4139366687411665, 0.6720731545424468, -0.19737576336225726, 0.5226015201180594, 0.8275961544949615, 0.7699882486772074, 0.14330731338713193, 0.12977385950753556, 0.34643267534476396, 0.3153722884209647, 0.38242085084336574, 0.12663266061031833, -0.4415777236896914, -0.7892365847166571, 0.5996714126975533, -0.4784304128381907, -0.05286341360312319, -0.7720764982445316, 0.5229469774714635, -0.7508220465058644, -0.19297934647246606, 0.43359002373157796, 0.7391117453845079, 0.24946808216039043, 0.8113289458117889, -0.41400839152630553, 0.4612238582051963, -0.7457146898038685, -0.7390224534991334, -0.5020745379200782, -0.4877756488582981, -0.5761085331505014, -0.9911463967835001, -0.44579137550024184, 0.2261985609523638, -0.5270401895600114, 0.5261641572424036, 0.740785537648377, -0.44339948038951466, 1.0, 0.8226006127621461, 0.6319277258494493, 0.8914559926614047, -0.29372375817271146, -0.033298313046583594, -0.7367782169728252, -0.3813772957394259, 0.21331204921522096, -0.7805012038383126, 0.6863634559826233, 0.4361184565122454, -0.6049070364853737, 0.4959186313340116, -0.9835463388637815, 0.0470044617274572, -0.47053425191688847, -0.1743974564086737, 0.7791123276397262, -0.6657747765982328, -0.48683177990740445, -0.719906828163931, -0.7682169187135603, -0.11955320619414733, -0.8030601361739371, 0.4579464017070094, -0.9590889506402955, -0.7427068607187106, -0.6392599290088219, -0.9477996488700218, -0.5669500426695119, -0.03451056250916906, 0.3430753851422972, -0.710576317368149, -0.4169082028012101, 0.05039634398197079, 0.4800655286206159, -0.2898052864982788, 0.15744139172102645, -0.271495019130666, -0.9987106765160985, 0.24298112841837405, -0.5768221689980011, -0.031435559879521735, -0.8264293072273058, -1.0, 0.020269042202027743, -0.5394478753910281, 0.10976799722574775]
1019.9994506835938	(8, 12, 2)	[0.9396698207903312, -0.2697172504634987, 0.7801111380808801, -0.21702576741443808, -0.9640075424430912, -0.5933551413378367, 0.8447321210929519, 0.0021543827518195613, 0.3038320988955807, 0.2380000962025859, 0.7753155624607138, 0.42027729624633525, -0.8782166750595417, -0.8786772278196369, 1.0, 0.8089208508917309, 0.5563252224463544, -0.11309182131100548, -0.9120136601651845, -0.7881100546328623, 0.681059213605508, -0.7888851005825261, -0.12120666659030488, 0.0005377984918299994, -0.4072624298425271, 0.0721260999270874, -0.16263551653151498, -0.42854025282205344, 0.8339376508235339, 0.7903488340310734, 0.4536227816222933, 0.5995755170567227, 0.4139366687411665, 0.6720731545424468, -0.1326779184031972, 0.5226015201180594, 0.8275961544949615, 0.7699882486772074, 0.04822441886502368, 0.36078913881727015, 0.3989498329955589, 0.4025158856873241, -0.6042174498718595, 0.2608351768132049, -0.4415777236896914, -0.6653640623063062, 0.5996714126975533, -0.3502541212856989, -0.05286341360312319, 0.10564658051775688, 0.5229469774714635, -0.7508220465058644, -0.6418538532152271, 0.43359002373157796, -0.18921038200291673, 0.2524951806056878, 0.8113289458117889, -0.25286556223738743, 0.4489969897232693, -0.7457146898038685, -0.7390224534991334, -0.5020745379200782, -0.33147653640930286, -0.6154131249549177, -0.9911463967835001, -0.44579137550024184, 0.2261985609523638, -0.470907557474616, 0.5261641572424036, 0.740785537648377, -0.4432201012030017, 1.0, 0.8226006127621461, 0.0929018701665829, 0.8914559926614047, -0.1723857600683496, -0.033298313046583594, -0.7523677817108162, -0.3813772957394259, 0.22979922346552972, -0.7805012038383126, 0.6863634559826233, 0.36128884551135737, -0.07382575546902709, 0.2595678607248706, -0.9835463388637815, 0.0470044617274572, -0.47053425191688847, -0.1743974564086737, 0.7209767335244286, -0.41899742265641476, -0.3386006664912309, -0.7612620216960062, -0.6836745439939407, -0.947758582078466, -0.8030601361739371, 0.4579464017070094, 0.20037035782333557, -0.6638508537441531, -0.6392599290088219, -1.0, 0.2341182879403998, -0.03451056250916906, 0.3430753851422972, -0.710576317368149, -0.4169082028012101, 0.7888926813180077, 0.3969213329804487, -0.22720587337839437, 0.15744139172102645, -0.271495019130666, -0.9987106765160985, 0.24298112841837405, 0.12153929638564329, 0.09825023092888174, -0.8705982087918228, -1.0, 0.020269042202027743, -0.5394478753910281, 0.06403514825485535]
1019.9996337890625	(8, 12, 2)	[0.373906736633564, -0.2697172504634987, 0.7801111380808801, -0.21702576741443808, -0.9640075424430912, -0.6865090733739513, 0.8447321210929519, 0.0021543827518195613, 0.00868386925960507, 0.2380000962025859, 0.3948515159370871, 0.6268901168989467, -0.8782166750595417, -0.8786772278196369, 1.0, 0.8089208508917309, 0.37941197822750994, -0.11309182131100548, -0.9120136601651845, -0.7881100546328623, 0.681059213605508, -0.7888851005825261, -0.2003784111273374, 0.015812606679628666, -0.4072624298425271, 0.0721260999270874, 0.11641134680293588, 0.6761876462261565, -0.1695708072833777, 0.8019842060306496, 0.4359017639748137, 0.6354295279931057, 0.4139366687411665, 0.6720731545424468, -0.26427968669722735, 0.5226015201180594, 0.8275961544949615, 0.7699882486772074, 0.05666687852482433, 0.36078913881727015, 0.3989498329955589, 0.4025158856873241, 0.38242085084336574, 0.2608351768132049, -0.4415777236896914, -0.6653640623063062, 0.5996714126975533, -0.3502541212856989, -0.05286341360312319, -0.7720764982445316, 0.5229469774714635, -0.7508220465058644, -0.6492890148300167, 0.7788344935254133, -0.18921038200291673, 0.24946808216039043, 0.8113289458117889, -0.41400839152630553, 0.5539428968752516, -0.7457146898038685, -0.7390224534991334, -0.5139081188168305, -0.26160612005390127, -0.5761085331505014, -0.9911463967835001, -0.4298266725191256, 0.18465569426025266, -0.5270401895600114, 0.5261641572424036, -0.6941187784210262, -0.44339948038951466, 0.8470100990827927, 0.8226006127621461, 0.6319277258494493, 0.8914559926614047, -0.29372375817271146, -0.033298313046583594, -0.6875079230199191, -0.3813772957394259, 0.22979922346552972, -0.7805012038383126, 0.6863634559826233, 0.49303641826396705, -0.06291568212522747, 0.2595678607248706, -0.9835463388637815, 0.0470044617274572, -0.47053425191688847, -0.1743974564086737, 0.7791123276397262, -0.666579547758795, -0.48683177990740445, -0.638994892654293, -0.6949620591397345, -0.1963737793890954, 0.042955195331201956, 0.4579464017070094, -0.9590889506402955, -0.6638508537441531, 0.5441436203819245, -0.9477996488700218, -0.5669500426695119, -0.03451056250916906, 0.3430753851422972, -0.710576317368149, -0.4169082028012101, 0.7888926813180077, 0.3811638850623878, -0.22720587337839437, 0.15744139172102645, 0.9630778630833046, -0.9987106765160985, 0.24298112841837405, 0.12153929638564329, -0.031435559879521735, -0.8264293072273058, -0.12289218472525754, 0.020269042202027743, -0.5394478753910281, 0.06403514825485535]
1019.9998168945312	(8, 12, 2)	[0.41369900533375503, -0.2697172504634987, 0.7801111380808801, -0.21702576741443808, -0.9640075424430912, -0.6865090733739513, 0.8447321210929519, 0.0021543827518195613, 0.3038320988955807, 0.2380000962025859, 0.3948515159370871, 0.5719112942076114, -0.8782166750595417, -1.0, 1.0, 0.8089208508917309, 0.5563252224463544, -0.11309182131100548, -0.9120136601651845, -0.7881100546328623, 0.681059213605508, -0.7888851005825261, -0.2003784111273374, 0.015812606679628666, -0.4072624298425271, 0.0721260999270874, 0.11641134680293588, 0.6761876462261565, -0.1695708072833777, 0.7903488340310734, 0.4359017639748137, 0.6354295279931057, 0.4139366687411665, 0.6720731545424468, -0.26427968669722735, 0.5226015201180594, -0.07510499782626523, 0.7699882486772074, 0.05666687852482433, 0.36078913881727015, 0.3989498329955589, 0.4025158856873241, 0.38242085084336574, 0.2608351768132049, -0.4415777236896914, -0.6653640623063062, 0.5996714126975533, -0.3502541212856989, -0.05286341360312319, -0.7720764982445316, 0.5229469774714635, -0.7508220465058644, -0.6492890148300167, 0.7788344935254133, -0.1123200571952242, 0.24946808216039043, 0.8113289458117889, -0.41400839152630553, 0.5539428968752516, -0.7457146898038685, -0.7390224534991334, -0.5020745379200782, -0.26160612005390127, -0.5761085331505014, -0.9911463967835001, -0.44579137550024184, 0.18465569426025266, -0.5270401895600114, 0.5261641572424036, -0.6941187784210262, -0.4432201012030017, 1.0, 0.8162109668460247, 0.6319277258494493, 0.8914559926614047, -0.29372375817271146, -0.033298313046583594, -0.6875079230199191, -0.3813772957394259, 0.22979922346552972, -0.7805012038383126, 0.6863634559826233, 0.49303641826396705, -0.6049070364853737, 0.4959186313340116, -0.9835463388637815, 0.0470044617274572, -0.47053425191688847, -0.1743974564086737, 0.7791123276397262, -0.36776452063138043, -0.48683177990740445, -0.638994892654293, -0.6949620591397345, -0.1963737793890954, 0.042955195331201956, 0.4279252090804359, -0.9590889506402955, -0.6638508537441531, -0.6392599290088219, -0.9456984021676438, -0.5669500426695119, -0.008813763049321535, 0.3430753851422972, -0.710576317368149, 0.859266815448422, 0.7888926813180077, 0.3811638850623878, -0.22720587337839437, 0.15744139172102645, -0.271495019130666, -0.9987106765160985, 0.24298112841837405, -0.445276048640012, -0.031435559879521735, -0.8705982087918228, -0.12289218472525754, 0.020269042202027743, -0.5394478753910281, 0.06403514825485535]
1019.9994506835938	(8, 12, 2)	[0.41369900533375503, -0.2697172504634987, 0.7801111380808801, -0.21702576741443808, -0.9640075424430912, -0.6865090733739513, 0.8447321210929519, 0.0021543827518195613, 0.3038320988955807, 0.2380000962025859, 0.7753155624607138, 0.3938801915637355, -0.8782166750595417, -0.8786772278196369, 1.0, 0.8089208508917309, 0.37941197822750994, -0.11309182131100548, -0.935757490990035, -0.7881100546328623, 0.681059213605508, -0.7888851005825261, -0.20997141871666253, 0.015812606679628666, -0.4072624298425271, -0.0876360920126592, -0.16263551653151498, 0.6761876462261565, -0.1695708072833777, 0.8019842060306496, 0.4359017639748137, 0.5144642148455527, 0.4139366687411665, 0.6720731545424468, -0.1326779184031972, 0.5226015201180594, 0.8275961544949615, 0.7699882486772074, 0.05666687852482433, 0.12977385950753556, 0.3989498329955589, 0.4025158856873241, 0.38242085084336574, 0.12663266061031833, -0.4415777236896914, -0.7892365847166571, 0.5996714126975533, -0.3502541212856989, 0.7784785470679769, -0.7720764982445316, 0.5229469774714635, -0.7508220465058644, -0.4520064082729973, 0.43359002373157796, -0.1123200571952242, -0.1278115883011095, 0.8113289458117889, -0.41400839152630553, 0.4489969897232693, -0.7457146898038685, -0.7390224534991334, -0.5020745379200782, -0.26160612005390127, -0.5761085331505014, -0.9911463967835001, -0.44579137550024184, 0.18465569426025266, -0.5270401895600114, 0.5261641572424036, 0.740785537648377, -0.44339948038951466, 1.0, 0.8226006127621461, 0.0929018701665829, 0.8914559926614047, -0.1723857600683496, -0.12692069835474956, -0.6875079230199191, -0.2803223473287688, 0.22979922346552972, -0.7805012038383126, 0.6863634559826233, 0.4361184565122454, -0.6049070364853737, 0.4959186313340116, -0.9835463388637815, 0.0470044617274572, -0.47053425191688847, -0.1743974564086737, 0.7791123276397262, -0.6657747765982328, -0.31880806456380645, -0.719906828163931, -0.8165129055760465, -0.1963737793890954, -0.8030601361739371, 0.4579464017070094, 0.20037035782333557, -0.7427068607187106, -0.6392599290088219, -0.9456984021676438, -0.5669500426695119, -0.03451056250916906, 0.3430753851422972, -0.710576317368149, -0.3947839905238659, 0.7888926813180077, 0.4800655286206159, 0.5855413768332396, 0.15744139172102645, 0.9630778630833046, -0.9987106765160985, 0.24298112841837405, 0.12153929638564329, 0.09825023092888174, -0.8264293072273058, -0.12289218472525754, 0.020269042202027743, -0.5394478753910281, 0.06403514825485535]
1019.9998168945312	(8, 12, 2)	[0.8634097506005862, -0.280264304853304, 0.7801111380808801, -0.21702576741443808, -0.9640075424430912, -0.6539192753473563, 0.8447321210929519, -0.06610759587107977, 0.00868386925960507, 0.2380000962025859, 0.7753155624607138, 0.42027729624633525, -0.8782166750595417, -0.8516707023649409, 0.8730790542420048, 0.8089208508917309, 0.37941197822750994, -0.11309182131100548, -1.0, -0.7881100546328623, 0.681059213605508, -0.7888851005825261, -0.2003784111273374, 0.0005377984918299994, -0.4072624298425271, 0.0721260999270874, -0.12506208153262569, 0.6761876462261565, -0.1695708072833777, 0.8019842060306496, 0.4359017639748137, 0.5144642148455527, 0.4139366687411665, 0.6720731545424468, -0.1326779184031972, 0.5226015201180594, -0.07510499782626523, 0.7699882486772074, 0.14330731338713193, 0.36078913881727015, 0.3989498329955589, 0.4025158856873241, 0.38242085084336574, 0.2608351768132049, -0.4415777236896914, -0.7565132556867382, 0.5996714126975533, -0.528736650502921, 0.7784785470679769, -0.7720764982445316, 0.5229469774714635, -0.9148610275033617, -0.5948049361171656, 0.7788344935254133, 0.6358559283661194, 0.24946808216039043, 0.8113289458117889, -0.25286556223738743, 0.4489969897232693, -0.7457146898038685, -0.7390224534991334, -0.6219535986280753, -0.26160612005390127, -0.5761085331505014, -0.9911463967835001, -0.44579137550024184, 0.2261985609523638, -0.5270401895600114, 0.5241581000006174, 0.740785537648377, -0.4432201012030017, 1.0, 0.8226006127621461, 0.0929018701665829, 0.8914559926614047, -0.5327797847538123, -0.033298313046583594, -0.7367782169728252, -0.34408122985515266, 0.4185849972013611, -0.7805012038383126, 0.6863634559826233, 0.36128884551135737, -0.6049070364853737, 0.2595678607248706, -0.9835463388637815, 0.0470044617274572, -0.47053425191688847, -0.1743974564086737, 0.8786939892352732, -0.6657747765982328, -0.31880806456380645, -0.719906828163931, 0.006376927594292203, -0.947758582078466, 0.042955195331201956, 0.4579464017070094, -0.9590889506402955, -0.7427068607187106, -0.6392599290088219, -0.9456984021676438, 0.2341182879403998, -0.03451056250916906, 0.3430753851422972, -0.710576317368149, 0.859266815448422, 0.05039634398197079, -0.32437945893997067, 0.5855413768332396, 0.15744139172102645, -0.17310112137556713, -0.9987106765160985, 0.24298112841837405, -0.5768221689980011, 0.09825023092888174, -0.8264293072273058, -0.12289218472525754, 0.020269042202027743, 0.23308035488121845, 0.07376723613796421]
1019.9998168945312	(8, 12, 2)	[0.9333699802028128, -0.280264304853304, 0.7801111380808801, -0.21702576741443808, -0.9640075424430912, -0.6865090733739513, 0.8447321210929519, 0.0021543827518195613, 0.3038320988955807, 0.08841442930941507, 0.7753155624607138, 0.5719112942076114, -0.8782166750595417, -0.8786772278196369, 1.0, 0.8089208508917309, 0.37941197822750994, -0.11309182131100548, -0.9120136601651845, -0.7881100546328623, 0.681059213605508, -0.7888851005825261, -0.5134752043012507, 0.015812606679628666, -0.4072624298425271, -0.0876360920126592, -0.12506208153262569, 0.6761876462261565, -0.1695708072833777, 0.8019842060306496, 0.3697988729231135, 0.6354295279931057, 0.4139366687411665, 0.6720731545424468, -0.26427968669722735, 0.5226015201180594, 0.8275961544949615, 0.7699882486772074, 0.05666687852482433, 0.36078913881727015, 0.3989498329955589, 0.4025158856873241, 0.38242085084336574, 0.12663266061031833, -0.4415777236896914, -0.7892365847166571, 0.5996714126975533, -0.3502541212856989, -0.05286341360312319, -0.7720764982445316, 0.5229469774714635, -0.7508220465058644, -0.6492890148300167, 0.7788344935254133, 0.7391117453845079, 0.24946808216039043, 0.8113289458117889, -0.25286556223738743, 0.5539428968752516, -0.7457146898038685, -0.7390224534991334, -0.5020745379200782, -0.26160612005390127, -0.5761085331505014, -0.9911463967835001, -0.4298266725191256, 0.2261985609523638, -0.4420964856439415, 0.5261641572424036, 0.740785537648377, -0.44339948038951466, 1.0, 0.8226006127621461, 0.0929018701665829, 0.8914559926614047, -0.29372375817271146, -0.033298313046583594, -0.7367782169728252, -0.3813772957394259, 0.22979922346552972, -0.7805012038383126, 0.6863634559826233, 0.49303641826396705, -0.06291568212522747, 0.2595678607248706, -0.9835463388637815, 0.0470044617274572, -0.47053425191688847, -0.1743974564086737, 0.7791123276397262, -0.36776452063138043, -0.31880806456380645, -0.719906828163931, -0.6949620591397345, -0.947758582078466, 0.042955195331201956, 0.4579464017070094, -0.9590889506402955, -0.7427068607187106, -0.6392599290088219, -0.9477996488700218, -0.5669500426695119, -0.03451056250916906, 0.3430753851422972, -0.710576317368149, 0.859266815448422, 0.7888926813180077, 0.3811638850623878, -0.22720587337839437, 0.15744139172102645, -0.34251589573339425, -0.9987106765160985, 0.24298112841837405, -0.445276048640012, 0.09825023092888174, -0.8264293072273058, -0.8512641098911062, 0.020269042202027743, 0.20612008338985569, 0.10976799722574775]
1019.999755859375	(8, 12, 2)	[0.373906736633564, -0.2697172504634987, 0.7801111380808801, -0.21702576741443808, -0.9640075424430912, -0.6539192753473563, 0.8447321210929519, -0.06610759587107977, 0.3038320988955807, 0.2380000962025859, 0.7753155624607138, 0.42027729624633525, -0.8782166750595417, -0.8786772278196369, 1.0, 0.9456147272780596, 0.46607885784158154, -0.11309182131100548, -0.9120136601651845, -0.7881100546328623, 0.681059213605508, -0.8506819929363546, -0.2003784111273374, -0.14950563424303212, -0.4072624298425271, -0.0876360920126592, -0.12506208153262569, 0.6761876462261565, -0.1695708072833777, 0.7903488340310734, 0.4359017639748137, 0.6354295279931057, 0.4139366687411665, 0.380603186674553, -0.1326779184031972, 0.5226015201180594, 0.8275961544949615, 0.7905266733482404, 0.14330731338713193, 0.12977385950753556, 0.3989498329955589, 0.4025158856873241, 0.38242085084336574, 0.18182058623281475, -0.4415777236896914, -0.6653640623063062, 0.5996714126975533, -0.3502541212856989, -0.05286341360312319, -0.7720764982445316, 0.5229469774714635, -0.7508220465058644, -0.30139424597094894, 0.43359002373157796, -0.1123200571952242, 0.24946808216039043, 0.8113289458117889, -0.41400839152630553, 0.5539428968752516, -0.7457146898038685, -0.7390224534991334, -0.5020745379200782, -0.26160612005390127, -0.5761085331505014, -0.9911463967835001, -0.44579137550024184, 0.2144707938871633, -0.470907557474616, 0.5261641572424036, 0.740785537648377, -0.44339948038951466, 1.0, 0.8226006127621461, 0.0929018701665829, 0.8914559926614047, -0.1723857600683496, -0.12692069835474956, -0.6104498299609424, -0.34408122985515266, 0.14382314450018524, -0.7805012038383126, 0.6863634559826233, 0.49303641826396705, -0.6049070364853737, 0.348021003890166, -0.9835463388637815, 0.0470044617274572, -0.47053425191688847, -0.08221575903937645, 0.7791123276397262, -0.36776452063138043, -0.3386006664912309, -0.719906828163931, -0.6949620591397345, -0.1963737793890954, 0.042955195331201956, 0.4279252090804359, -0.9590889506402955, -0.7061922388420036, -0.6392599290088219, -1.0, 0.2341182879403998, -0.008813763049321535, 0.3430753851422972, 0.9647064901717152, -0.3947839905238659, 0.05039634398197079, 0.4800655286206159, 0.5855413768332396, 0.15744139172102645, -0.271495019130666, -0.9987106765160985, 0.24298112841837405, -0.445276048640012, -0.031435559879521735, -0.8705982087918228, -0.12289218472525754, 0.020269042202027743, -0.5394478753910281, 0.10976799722574775]
1019.9998779296875	(8, 12, 2)	[0.8634097506005862, -0.280264304853304, 0.7801111380808801, -0.21702576741443808, -0.9640075424430912, -0.6539192753473563, 0.8447321210929519, 0.03945755878309331, 0.3038320988955807, 0.2380000962025859, 0.7753155624607138, 0.6268901168989467, -0.8782166750595417, -1.0, 1.0, 0.8089208508917309, 0.5563252224463544, -0.11309182131100548, -0.9120136601651845, -0.7881100546328623, 0.681059213605508, -0.7888851005825261, -0.1389666935207856, 0.015812606679628666, -0.4072624298425271, 0.052821448561441386, -0.16263551653151498, 0.6761876462261565, -0.1695708072833777, 0.7903488340310734, 0.4359017639748137, 0.6354295279931057, 0.4139366687411665, 0.6720731545424468, -0.26427968669722735, 0.5226015201180594, 0.8275961544949615, 0.5492687327942287, 0.05666687852482433, 0.36078913881727015, 0.3989498329955589, 0.4025158856873241, 0.38242085084336574, 0.18182058623281475, -0.4415777236896914, -0.7565132556867382, 0.5996714126975533, -0.528736650502921, -0.05286341360312319, -0.7720764982445316, 0.5229469774714635, -0.7508220465058644, -0.5948049361171656, 0.7788344935254133, 0.6358559283661194, 0.24946808216039043, 0.8113289458117889, -0.41400839152630553, 0.4489969897232693, -0.7457146898038685, -0.7390224534991334, -0.5020745379200782, -0.26160612005390127, -0.5761085331505014, -0.9911463967835001, -0.5640141234839509, 0.18465569426025266, -0.5270401895600114, 0.42690830792662, 0.740785537648377, -0.44339948038951466, 0.8470100990827927, 0.8226006127621461, 0.0929018701665829, 0.8914559926614047, -0.46826619400549097, -0.033298313046583594, -0.7367782169728252, -0.3813772957394259, 0.22979922346552972, -0.7805012038383126, 0.6863634559826233, 0.49303641826396705, -0.6049070364853737, 0.4959186313340116, -0.9835463388637815, 0.0470044617274572, -0.47053425191688847, -0.08221575903937645, 0.7791123276397262, -0.5144662171326204, -0.31880806456380645, -0.719906828163931, -0.6949620591397345, -0.1963737793890954, -0.8030601361739371, 0.4279252090804359, -0.9590889506402955, -0.6268589901734588, -0.42493800406466686, -0.9477996488700218, 0.2341182879403998, -0.008813763049321535, 0.3430753851422972, -0.710576317368149, 0.859266815448422, 0.05039634398197079, -0.32437945893997067, 0.5344910704378503, 0.15744139172102645, -0.17310112137556713, -0.9987106765160985, 0.9715573455671712, 0.12153929638564329, -0.031435559879521735, -0.8264293072273058, -0.8512641098911062, 0.020269042202027743, -0.5394478753910281, 0.10976799722574775]
1019.9996337890625	(8, 12, 2)	[0.373906736633564, -0.2697172504634987, 0.7801111380808801, -0.21702576741443808, -0.9808439098313996, -0.7497439712939389, 0.8447321210929519, 0.009934763898275367, 0.00868386925960507, 0.2380000962025859, 0.7753155624607138, 0.5719112942076114, -0.8782166750595417, -0.8786772278196369, 1.0, 0.9456147272780596, 0.5563252224463544, -0.0962658833310513, -0.9161894152189483, -0.7881100546328623, 0.681059213605508, -0.7888851005825261, -0.2003784111273374, 0.0005377984918299994, -0.4072624298425271, 0.0721260999270874, 0.035552280224545346, 0.6761876462261565, -0.1695708072833777, 0.8019842060306496, 0.33740505496670004, 0.6354295279931057, 0.4139366687411665, 0.6720731545424468, -0.26427968669722735, 0.5226015201180594, -0.07510499782626523, 0.7699882486772074, 0.05666687852482433, 0.36078913881727015, 0.3989498329955589, 0.4068146126635457, 0.29564147707771954, 0.2608351768132049, -0.4415777236896914, -0.7565132556867382, 0.5996714126975533, -0.3502541212856989, -0.05286341360312319, -0.7720764982445316, 0.5229469774714635, -0.7508220465058644, -0.5948049361171656, 0.7788344935254133, -0.1123200571952242, -0.1278115883011095, 0.8113289458117889, -0.41400839152630553, 0.4489969897232693, -0.7457146898038685, -0.7390224534991334, -0.5020745379200782, -0.26160612005390127, -0.5761085331505014, -0.9911463967835001, -0.4298266725191256, 0.2261985609523638, -0.470907557474616, 0.5261641572424036, 0.740785537648377, -0.44339948038951466, 0.938471715395024, 0.8226006127621461, 0.6319277258494493, 0.8914559926614047, -0.1723857600683496, -0.12692069835474956, -0.7367782169728252, -0.34408122985515266, 0.22979922346552972, -0.7805012038383126, 0.6863634559826233, 0.49303641826396705, -0.6049070364853737, 0.348021003890166, -0.9835463388637815, 0.0470044617274572, -0.47053425191688847, -0.1743974564086737, 0.7791123276397262, -0.36776452063138043, -0.3386006664912309, -0.719906828163931, -0.8165129055760465, -0.11955320619414733, -0.8030601361739371, 0.4579464017070094, 0.20037035782333557, -0.6268589901734588, -0.6392599290088219, -0.9477996488700218, 0.2341182879403998, -0.03451056250916906, 0.3430753851422972, 0.9647064901717152, -0.4169082028012101, 0.05039634398197079, 0.48223510645684325, 0.5855413768332396, 0.15744139172102645, 0.9630778630833046, -0.9987106765160985, 0.24298112841837405, 0.12153929638564329, 0.09825023092888174, -0.8264293072273058, -0.12289218472525754, 0.020269042202027743, 0.20612008338985569, 0.07376723613796421]
1019.9999389648438	(8, 12, 2)	[0.373906736633564, -0.280264304853304, 0.7801111380808801, -0.21702576741443808, -0.9640075424430912, -0.7497439712939389, 0.8447321210929519, 0.0021543827518195613, 0.3038320988955807, 0.16828705110132486, 0.7753155624607138, 0.5719112942076114, -0.8782166750595417, -0.8786772278196369, 1.0, 0.8089208508917309, 0.46607885784158154, -0.11309182131100548, -0.9120136601651845, -0.7881100546328623, 0.681059213605508, -0.7888851005825261, -0.2003784111273374, 0.015812606679628666, -0.4072624298425271, 0.0721260999270874, 0.11641134680293588, 0.6761876462261565, -0.1695708072833777, 0.8019842060306496, 0.33740505496670004, 0.5995755170567227, 0.4139366687411665, 0.6720731545424468, -0.1326779184031972, 0.5226015201180594, 0.8275961544949615, 0.7699882486772074, 0.05666687852482433, 0.12977385950753556, 0.3989498329955589, 0.4025158856873241, 0.38242085084336574, 0.2608351768132049, -0.4415777236896914, -0.7892365847166571, 0.5996714126975533, -0.3502541212856989, 0.7784785470679769, -0.7720764982445316, 0.5229469774714635, -0.7508220465058644, -0.4520064082729973, 0.43359002373157796, 0.6358559283661194, -0.13743811833887914, 0.8113289458117889, -0.25286556223738743, 0.5539428968752516, -0.7457146898038685, -0.7390224534991334, -0.5020745379200782, -0.26160612005390127, -0.727249795609352, -0.9911463967835001, -0.44579137550024184, 0.2261985609523638, -0.470907557474616, 0.5261641572424036, 0.740785537648377, -0.3903386523696499, 0.8470100990827927, 0.8226006127621461, 0.6319277258494493, 0.8914559926614047, -0.5327797847538123, -0.033298313046583594, -0.6875079230199191, -0.2803223473287688, 0.16356319119266247, -0.7805012038383126, 0.6863634559826233, 0.49303641826396705, -0.6049070364853737, 0.4959186313340116, -0.9835463388637815, 0.0470044617274572, -0.47053425191688847, -0.1743974564086737, 0.7791123276397262, -0.6657747765982328, -0.48683177990740445, -0.719906828163931, 0.006376927594292203, -0.1963737793890954, -0.8030601361739371, 0.4579464017070094, -0.9590889506402955, -0.8062683545525811, -0.6392599290088219, -0.9456984021676438, -0.5669500426695119, -0.02688845451128639, 0.3430753851422972, -0.710576317368149, -0.4169082028012101, 0.05039634398197079, 0.3811638850623878, -0.22720587337839437, 0.15744139172102645, -0.17310112137556713, -0.9987106765160985, 0.24298112841837405, -0.445276048640012, -0.031435559879521735, -0.8264293072273058, -0.12289218472525754, 0.020269042202027743, -0.5394478753910281, 0.10976799722574775]
1019.9996948242188	(8, 12, 2)	[0.373906736633564, -0.2697172504634987, 0.7801111380808801, -0.21702576741443808, -0.8955678403870807, -0.6539192753473563, 0.8447321210929519, -0.06610759587107977, 0.00868386925960507, 0.2380000962025859, 0.7753155624607138, 0.3938801915637355, -0.8782166750595417, -0.8786772278196369, 1.0, 0.8089208508917309, 0.37941197822750994, -0.11309182131100548, -1.0, -0.7881100546328623, 0.681059213605508, -0.7888851005825261, -0.2003784111273374, 0.0005377984918299994, -0.4072624298425271, -0.0876360920126592, -0.16263551653151498, 0.7910145167453111, -0.1695708072833777, 0.8019842060306496, 0.4359017639748137, 0.47322008320316095, 0.4139366687411665, 0.6720731545424468, -0.1326779184031972, 0.5226015201180594, 0.8275961544949615, 0.7699882486772074, 0.05666687852482433, 0.12977385950753556, 0.34643267534476396, 0.4025158856873241, 0.38242085084336574, 0.2608351768132049, -0.4415777236896914, -0.7892365847166571, 0.5996714126975533, -0.3502541212856989, 0.7784785470679769, -0.7720764982445316, 0.5229469774714635, -0.7432921732686912, -0.5948049361171656, 0.7788344935254133, -0.1123200571952242, 0.000543338146744704, 0.8113289458117889, -0.25286556223738743, 0.5539428968752516, -0.7457146898038685, -0.7390224534991334, -0.5020745379200782, -0.26160612005390127, -0.5761085331505014, -0.9911463967835001, -0.44579137550024184, 0.2261985609523638, -0.470907557474616, 0.5261641572424036, -0.6941187784210262, -0.44339948038951466, 1.0, 0.8226006127621461, 0.0929018701665829, 0.8914559926614047, -0.5327797847538123, -0.033298313046583594, -0.6875079230199191, -0.3813772957394259, 0.4185849972013611, -0.7805012038383126, 0.6863634559826233, 0.49303641826396705, -0.6049070364853737, 0.2595678607248706, -0.9835463388637815, 0.0470044617274572, -0.47053425191688847, -0.1743974564086737, 0.7791123276397262, -0.6657747765982328, -0.48683177990740445, -0.7612620216960062, 0.006376927594292203, -0.947758582078466, -0.8030601361739371, 0.4279252090804359, -0.9590889506402955, -0.6268589901734588, -0.6392599290088219, -0.9456984021676438, -0.5669500426695119, -0.008813763049321535, 0.3430753851422972, -0.710576317368149, -0.4169082028012101, 0.7888926813180077, 0.4800655286206159, -0.22720587337839437, 0.15744139172102645, 0.9630778630833046, -0.9987106765160985, 0.24298112841837405, -0.5768221689980011, 0.09825023092888174, -0.8264293072273058, 0.09993688884758796, 0.020269042202027743, -0.5394478753910281, 0.11218958854696623]
1019.9999389648438	(8, 12, 2)	[0.41369900533375503, -0.2697172504634987, 0.7801111380808801, -0.28861541369169413, -0.9640075424430912, -0.6539192753473563, 0.8447321210929519, -0.06610759587107977, 0.3038320988955807, 0.2380000962025859, 0.7753155624607138, 0.5719112942076114, -0.8782166750595417, -0.8786772278196369, 1.0, 0.8089208508917309, 0.37941197822750994, -0.11309182131100548, -0.9120136601651845, -0.7881100546328623, 0.681059213605508, -0.7888851005825261, -0.2003784111273374, 0.0005377984918299994, -0.4072624298425271, 0.0721260999270874, -0.16263551653151498, 0.6761876462261565, -0.1695708072833777, 0.8019842060306496, 0.4359017639748137, 0.47322008320316095, 0.4139366687411665, 0.6720731545424468, -0.1326779184031972, 0.5226015201180594, 0.8275961544949615, 0.7699882486772074, 0.05666687852482433, 0.12977385950753556, 0.3989498329955589, 0.4025158856873241, 0.38242085084336574, 0.2608351768132049, -0.4415777236896914, -0.7892365847166571, 0.5996714126975533, -0.528736650502921, 0.7784785470679769, -0.7720764982445316, 0.5229469774714635, -0.7508220465058644, -0.5948049361171656, 0.43359002373157796, 0.7391117453845079, -0.1278115883011095, 0.8113289458117889, -0.25286556223738743, 0.4489969897232693, -0.7457146898038685, -0.7390224534991334, -0.5020745379200782, -0.26160612005390127, -0.5761085331505014, -0.9911463967835001, -0.44579137550024184, 0.2261985609523638, -0.470907557474616, 0.5261641572424036, -0.6941187784210262, -0.4432201012030017, 1.0, 0.8226006127621461, 0.2357840170806392, 0.8914559926614047, -0.5327797847538123, -0.033298313046583594, -0.6875079230199191, -0.36999172594404817, 0.22979922346552972, -0.7805012038383126, 0.6863634559826233, 0.4361184565122454, -0.6049070364853737, 0.2595678607248706, -0.9835463388637815, 0.0470044617274572, -0.47053425191688847, -0.1743974564086737, 0.7791123276397262, -0.6657747765982328, -0.3386006664912309, -0.719906828163931, -0.8165129055760465, -0.947758582078466, 0.042955195331201956, 0.4279252090804359, -0.9590889506402955, -0.7427068607187106, -0.6392599290088219, -0.9456984021676438, -0.5669500426695119, -0.20327879930736786, 0.3430753851422972, -0.710576317368149, -0.4169082028012101, 0.7888926813180077, 0.26975906468594635, -0.22720587337839437, 0.15744139172102645, 0.9630778630833046, -0.9987106765160985, 0.2753330944471918, -0.5768221689980011, 0.09825023092888174, -0.6362684477875156, -0.12289218472525754, 0.020269042202027743, -0.5394478753910281, 0.07376723613796421]
1019.9998779296875	(8, 12, 2)	[0.373906736633564, -0.2697172504634987, 0.7801111380808801, -0.21702576741443808, -0.8955678403870807, -0.6865090733739513, 0.8447321210929519, -0.06610759587107977, 0.00868386925960507, 0.2380000962025859, 0.885345231682905, 0.5719112942076114, -0.8782166750595417, -0.8786772278196369, 0.8730790542420048, 0.9456147272780596, 0.5563252224463544, -0.11309182131100548, -0.9120136601651845, -0.7881100546328623, 0.681059213605508, -0.7888851005825261, -0.20997141871666253, 0.015812606679628666, -0.4072624298425271, 0.0721260999270874, -0.12506208153262569, 0.6761876462261565, -0.1695708072833777, 0.8019842060306496, 0.4839297883533183, 0.5144642148455527, 0.4139366687411665, 0.6720731545424468, -0.19737576336225726, 0.5226015201180594, 0.8275961544949615, 0.7699882486772074, 0.14330731338713193, 0.12977385950753556, 0.3989498329955589, 0.4068146126635457, 0.29564147707771954, 0.2608351768132049, -0.4415777236896914, -0.7565132556867382, 0.5996714126975533, -0.3502541212856989, -0.05286341360312319, -0.7720764982445316, 0.5229469774714635, -0.7508220465058644, -0.5948049361171656, 0.43359002373157796, -0.1123200571952242, -0.1278115883011095, 0.8113289458117889, -0.25286556223738743, 0.4489969897232693, -0.7457146898038685, -0.7390224534991334, -0.5020745379200782, -0.26160612005390127, -0.5761085331505014, -0.9911463967835001, -0.44579137550024184, 0.2261985609523638, -0.470907557474616, 0.5261641572424036, -0.5805398978061811, -0.44339948038951466, 1.0, 0.9873622428351143, 0.6319277258494493, 0.8914559926614047, -0.5327797847538123, -0.12692069835474956, -0.7367782169728252, -0.3813772957394259, 0.14382314450018524, -0.7805012038383126, 0.6863634559826233, 0.49303641826396705, -0.6049070364853737, 0.4959186313340116, -0.9835463388637815, 0.0470044617274572, -0.47053425191688847, -0.1743974564086737, 0.7791123276397262, -0.36776452063138043, -0.48683177990740445, -0.719906828163931, -0.8165129055760465, -0.1963737793890954, -0.8030601361739371, 0.4579464017070094, 0.20037035782333557, -0.6268589901734588, -0.6392599290088219, -0.9456984021676438, -0.5669500426695119, -0.03451056250916906, 0.3430753851422972, -0.710576317368149, -0.4169082028012101, 0.05039634398197079, 0.5508228475430142, 0.5855413768332396, 0.15744139172102645, -0.34251589573339425, -0.9987106765160985, 0.24298112841837405, -0.445276048640012, 0.09825023092888174, -0.6362684477875156, -0.12289218472525754, 0.020269042202027743, -0.5394478753910281, 0.11218958854696623]
1019.9998779296875	(8, 12, 2)	[0.34646337217779977, -0.2697172504634987, 0.7801111380808801, -0.21702576741443808, -0.9640075424430912, -0.6865090733739513, 0.758587436470256, 0.0021543827518195613, 0.00868386925960507, 0.08841442930941507, 0.7753155624607138, 0.6268901168989467, -0.8782166750595417, -0.8786772278196369, 1.0, 0.8089208508917309, 0.37941197822750994, -0.11309182131100548, -1.0, -1.0, 0.681059213605508, -0.7888851005825261, -0.2003784111273374, 0.0005377984918299994, -0.4072624298425271, -0.0876360920126592, 0.11641134680293588, 0.6761876462261565, -0.1695708072833777, 0.8019842060306496, 0.4359017639748137, 0.47322008320316095, 0.4139366687411665, 0.6720731545424468, -0.19737576336225726, 0.5226015201180594, 0.8275961544949615, 0.7699882486772074, 0.05666687852482433, 0.12977385950753556, 0.3634417323204682, 0.4025158856873241, 0.38242085084336574, 0.2608351768132049, -0.4415777236896914, -0.7892365847166571, 0.5996714126975533, -0.3502541212856989, 0.7784785470679769, -0.7720764982445316, 0.5229469774714635, -0.7508220465058644, -0.5934940529532576, 0.43359002373157796, -0.19003837959379707, 0.24946808216039043, 0.8113289458117889, -0.25286556223738743, 0.5119981732410243, -0.7457146898038685, -0.7390224534991334, -0.5020745379200782, -0.34825742360443707, -0.5761085331505014, -0.9911463967835001, -0.44579137550024184, 0.2261985609523638, -0.3289264176120606, 0.5261641572424036, -0.6941187784210262, -0.4432201012030017, 1.0, 0.8226006127621461, 0.6319277258494493, 0.7638385091927786, -0.5327797847538123, -0.033298313046583594, -0.6875079230199191, -0.3813772957394259, 0.22979922346552972, -0.7805012038383126, 0.6863634559826233, 0.49303641826396705, -0.756928239570909, 0.2595678607248706, -0.9835463388637815, 0.0470044617274572, -0.47053425191688847, -0.08221575903937645, 0.7791123276397262, -0.6657747765982328, -0.48683177990740445, -0.719906828163931, -0.6949620591397345, -0.1963737793890954, -0.8030601361739371, 0.4579464017070094, -0.9590889506402955, -0.6268589901734588, -0.6474666857196216, -0.9456984021676438, -0.5669500426695119, -0.008813763049321535, 0.3430753851422972, -0.710576317368149, -0.3947839905238659, 0.05039634398197079, 0.4800655286206159, -0.2898052864982788, 0.15744139172102645, -0.271495019130666, -0.9987106765160985, 0.24298112841837405, 0.12153929638564329, 0.09825023092888174, -0.8264293072273058, -0.12289218472525754, 0.02398282118161245, -0.5394478753910281, 0.10976799722574775]
1019.9998779296875	(8, 12, 2)	[0.41369900533375503, -0.2697172504634987, 0.7801111380808801, -0.21702576741443808, -0.9640075424430912, -0.6539192753473563, 1.0, 0.0021543827518195613, 0.3038320988955807, 0.16828705110132486, 0.3948515159370871, 0.6268901168989467, -0.8782166750595417, -0.8786772278196369, 1.0, 0.8089208508917309, 0.37941197822750994, -0.11309182131100548, -0.9120136601651845, -0.7881100546328623, 0.732806652917603, -0.7888851005825261, -0.20997141871666253, 0.015812606679628666, -0.4072624298425271, -0.16020403977655634, -0.16263551653151498, 0.6761876462261565, -0.1695708072833777, 0.8019842060306496, 0.4359017639748137, 0.5144642148455527, 0.4139366687411665, 0.6720731545424468, -0.1326779184031972, 0.5226015201180594, 0.8275961544949615, 0.7699882486772074, 0.14330731338713193, 0.12977385950753556, 0.34643267534476396, 0.40412196958668517, 0.38242085084336574, 0.2608351768132049, -0.4415777236896914, -0.7892365847166571, 0.732007103268514, -0.528736650502921, -0.05286341360312319, -0.7720764982445316, 0.6753094431257729, -0.9275054228860103, -0.4520064082729973, 0.43359002373157796, -0.19003837959379707, -0.13743811833887914, 0.8113289458117889, -0.25286556223738743, 0.4489969897232693, -0.7457146898038685, -0.7390224534991334, -0.5020745379200782, -0.26160612005390127, -0.5761085331505014, -0.9911463967835001, -0.49765854663385445, 0.18465569426025266, -0.5900707551088307, 0.5261641572424036, 0.740785537648377, -0.44339948038951466, 1.0, 0.8226006127621461, 0.0929018701665829, 0.8914559926614047, -0.5327797847538123, -0.033298313046583594, -0.6104498299609424, -0.3813772957394259, 0.22979922346552972, -0.7805012038383126, 0.6863634559826233, 0.49303641826396705, -0.6049070364853737, 0.2595678607248706, -0.9835463388637815, 0.0470044617274572, -0.47053425191688847, -0.1743974564086737, 0.7791123276397262, -0.6657747765982328, -0.3386006664912309, -0.719906828163931, -0.6949620591397345, -0.1963737793890954, 0.042955195331201956, 0.4579464017070094, -0.9590889506402955, -0.6268589901734588, -0.6474666857196216, -0.9456984021676438, -0.9304475424649875, -0.008813763049321535, 0.3430753851422972, -0.6785290820623631, -0.3947839905238659, 0.7888926813180077, -0.19546702563374915, 0.5855413768332396, 0.15744139172102645, -0.271495019130666, -0.9987106765160985, 0.24298112841837405, -0.5768221689980011, 0.09825023092888174, -0.6362684477875156, -0.12289218472525754, 0.020269042202027743, -0.5394478753910281, 0.06403514825485535]
1019.9998779296875	(8, 12, 2)	[0.41369900533375503, -0.1603361351915239, 0.7801111380808801, -0.28861541369169413, -0.9640075424430912, -0.6539192753473563, 0.8447321210929519, -0.06610759587107977, 0.3038320988955807, 0.2380000962025859, 0.7753155624607138, 0.5719112942076114, -0.8782166750595417, -1.0, 1.0, 0.8089208508917309, 0.37941197822750994, -0.11309182131100548, -0.9120136601651845, -0.7881100546328623, 0.681059213605508, -0.7888851005825261, -0.20997141871666253, 0.015812606679628666, -0.4072624298425271, 0.0721260999270874, -0.12506208153262569, 0.6761876462261565, -0.1695708072833777, 0.8019842060306496, 0.4359017639748137, 0.47322008320316095, 0.4139366687411665, 0.6720731545424468, -0.1326779184031972, 0.5226015201180594, 0.8275961544949615, 0.7699882486772074, 0.05666687852482433, 0.12977385950753556, 0.3989498329955589, 0.4025158856873241, 0.38242085084336574, 0.2608351768132049, -0.4415777236896914, -0.6653640623063062, 0.5996714126975533, -0.528736650502921, -0.05286341360312319, -0.7720764982445316, 0.6753094431257729, -0.7508220465058644, -0.5934940529532576, 0.43359002373157796, -0.19003837959379707, -0.13743811833887914, 0.8113289458117889, -0.25286556223738743, 0.4612238582051963, -0.7457146898038685, -0.7390224534991334, -0.5020745379200782, -0.26160612005390127, -0.5761085331505014, -0.9911463967835001, -0.44579137550024184, 0.2261985609523638, -0.470907557474616, 0.5261641572424036, -0.6941187784210262, -0.44339948038951466, 1.0, 0.8226006127621461, 0.2357840170806392, 0.8914559926614047, -0.5327797847538123, -0.033298313046583594, -0.6875079230199191, -0.3813772957394259, 0.22979922346552972, -0.7805012038383126, 0.6863634559826233, 0.49303641826396705, -0.6049070364853737, 0.2595678607248706, -0.9835463388637815, 0.0470044617274572, -0.47053425191688847, -0.1743974564086737, 0.8786939892352732, -0.6657747765982328, -0.3386006664912309, -0.719906828163931, 0.006376927594292203, -0.947758582078466, 0.042955195331201956, 0.4579464017070094, -0.9590889506402955, -0.6268589901734588, -0.6474666857196216, -0.9456984021676438, -0.5669500426695119, -0.008813763049321535, 0.3430753851422972, 0.9647064901717152, -0.3947839905238659, 0.7888926813180077, -0.32437945893997067, -0.22720587337839437, 0.15744139172102645, -0.271495019130666, -0.9987106765160985, 0.2753330944471918, -0.5768221689980011, 0.09825023092888174, -0.8264293072273058, -0.12289218472525754, 0.020269042202027743, -0.5394478753910281, 0.07376723613796421]
1019.999755859375	(8, 12, 2)	[0.373906736633564, -0.2697172504634987, 0.7801111380808801, -0.28861541369169413, -0.9640075424430912, -0.6107017417389345, 1.0, 0.009934763898275367, 0.00868386925960507, 0.16828705110132486, 0.7753155624607138, 0.5719112942076114, -0.8782166750595417, -0.8786772278196369, 1.0, 0.8089208508917309, 0.37941197822750994, -0.11309182131100548, -0.9120136601651845, -0.7881100546328623, 0.681059213605508, -0.7888851005825261, -0.20997141871666253, 0.015812606679628666, -0.4072624298425271, -0.0876360920126592, 0.11641134680293588, 0.6761876462261565, -0.1695708072833777, 0.8019842060306496, 0.4359017639748137, 0.6354295279931057, 0.4139366687411665, 0.6873728065877106, -0.1326779184031972, 0.5226015201180594, 0.8275961544949615, 0.7699882486772074, 0.04286380424288274, 0.3150858953960156, 0.3989498329955589, 0.40412196958668517, 0.38242085084336574, 0.2608351768132049, -0.4415777236896914, -0.6653640623063062, 0.5996714126975533, -0.3502541212856989, 0.7784785470679769, -0.7720764982445316, 0.5023455662067773, -0.7508220465058644, -0.6492890148300167, 0.43359002373157796, -0.19003837959379707, -0.1278115883011095, 1.0, -0.41400839152630553, 0.5539428968752516, -0.7457146898038685, -0.7390224534991334, -0.5020745379200782, -0.26160612005390127, -0.5761085331505014, -1.0, -0.49765854663385445, 0.2261985609523638, -0.470907557474616, 0.5261641572424036, 0.740785537648377, -0.44339948038951466, 1.0, 0.8226006127621461, 0.0929018701665829, 0.8914559926614047, -0.29372375817271146, -0.12692069835474956, -0.7367782169728252, -0.3813772957394259, 0.22979922346552972, -0.7805012038383126, 0.6863634559826233, 0.49303641826396705, -0.756928239570909, 0.2595678607248706, -0.9835463388637815, 0.0470044617274572, -0.47053425191688847, -0.1743974564086737, 0.8786939892352732, -0.6657747765982328, -0.48683177990740445, -0.719906828163931, -0.6949620591397345, -0.1963737793890954, -0.7903045535982897, 0.4579464017070094, 0.20037035782333557, -0.6268589901734588, -0.6392599290088219, -0.9456984021676438, -0.9304475424649875, -0.008813763049321535, 0.3430753851422972, -0.6785290820623631, -0.4169082028012101, 0.7888926813180077, -0.19546702563374915, 0.5113193079623903, 0.15744139172102645, -0.17310112137556713, -0.9987106765160985, 0.3644283960331672, -0.5768221689980011, -0.031435559879521735, -0.8264293072273058, -0.12289218472525754, 0.020269042202027743, -0.5394478753910281, 0.07376723613796421]
1019.9999389648438	(8, 12, 2)	[0.373906736633564, -0.23866218741875228, 0.7801111380808801, -0.28861541369169413, -0.9640075424430912, -0.6906159020413428, 0.8447321210929519, 0.1059008027473723, 0.3038320988955807, 0.08841442930941507, 0.7753155624607138, 0.5719112942076114, -0.8782166750595417, -0.8786772278196369, 1.0, 0.8089208508917309, 0.37941197822750994, -0.11309182131100548, -0.9120136601651845, -0.7881100546328623, 0.732806652917603, -0.7888851005825261, -0.20997141871666253, 0.0005377984918299994, -0.4072624298425271, -0.0876360920126592, 0.11641134680293588, 0.6761876462261565, -0.1695708072833777, 0.8019842060306496, 0.4359017639748137, 0.47322008320316095, 0.4139366687411665, 0.6720731545424468, -0.1326779184031972, 0.5226015201180594, 0.8275961544949615, 0.7699882486772074, 0.14330731338713193, 0.12977385950753556, 0.34643267534476396, 0.4025158856873241, 0.38242085084336574, 0.2608351768132049, -0.4415777236896914, -0.7892365847166571, 0.5996714126975533, -0.3502541212856989, 0.7784785470679769, -0.7720764982445316, 0.5229469774714635, -0.7508220465058644, -0.4520064082729973, 0.43359002373157796, -0.19003837959379707, -0.13743811833887914, 0.8113289458117889, -0.25286556223738743, 0.4489969897232693, -0.7945286996467504, -0.7390224534991334, -0.5020745379200782, -0.35837199502798067, -0.5761085331505014, -0.9911463967835001, -0.44579137550024184, 0.2261985609523638, -0.5900707551088307, 0.5261641572424036, 0.740785537648377, -0.44339948038951466, 1.0, 0.8226006127621461, 0.2357840170806392, 0.8914559926614047, -0.29372375817271146, -0.12692069835474956, -0.7367782169728252, -0.3813772957394259, 0.22979922346552972, -0.7805012038383126, 0.6863634559826233, 0.49303641826396705, -0.6049070364853737, 0.2595678607248706, -0.9835463388637815, 0.0470044617274572, -0.47053425191688847, -0.1743974564086737, 0.7209767335244286, -0.6657747765982328, -0.48683177990740445, -0.7612620216960062, -0.6949620591397345, -0.1963737793890954, -0.7903045535982897, 0.4279252090804359, -0.9590889506402955, -0.7427068607187106, -0.6474666857196216, -0.8159472120726176, -0.5669500426695119, -0.20327879930736786, 0.3430753851422972, -0.710576317368149, -0.3947839905238659, 0.7888926813180077, 0.4800655286206159, 0.5855413768332396, 0.15744139172102645, -0.271495019130666, -0.9987106765160985, 0.24298112841837405, 0.12153929638564329, 0.09825023092888174, -0.8705982087918228, -0.8512641098911062, 0.020269042202027743, -0.5394478753910281, 0.07376723613796421]
1019.9999389648438	(8, 12, 2)	[0.373906736633564, -0.2697172504634987, 0.8017087565072744, -0.28861541369169413, -0.9640075424430912, -0.6539192753473563, 0.8447321210929519, 0.1059008027473723, 0.00868386925960507, 0.2380000962025859, 0.885345231682905, 0.5719112942076114, -0.8782166750595417, -0.8786772278196369, 1.0, 0.8089208508917309, 0.37941197822750994, -0.11309182131100548, -0.9120136601651845, -0.7881100546328623, 0.681059213605508, -0.7888851005825261, -0.20997141871666253, 0.015812606679628666, -0.4072624298425271, -0.0876360920126592, 0.11641134680293588, 0.6761876462261565, -0.1695708072833777, 0.8019842060306496, 0.4359017639748137, 0.6354295279931057, 0.33913978375544307, 0.6720731545424468, -0.19737576336225726, 0.5226015201180594, 0.8774566315224309, 0.7699882486772074, 0.14330731338713193, 0.3150858953960156, 0.34643267534476396, 0.40412196958668517, 0.3151756983086264, 0.2608351768132049, -0.4415777236896914, -0.6653640623063062, 0.5996714126975533, -0.528736650502921, 0.7784785470679769, -0.7720764982445316, 0.5229469774714635, -0.7508220465058644, -0.5934940529532576, 0.43359002373157796, -0.19003837959379707, -0.1278115883011095, 0.8113289458117889, -0.25286556223738743, 0.4489969897232693, -0.7457146898038685, -0.7390224534991334, -0.5020745379200782, -0.26160612005390127, -0.5761085331505014, -0.9911463967835001, -0.44579137550024184, 0.2261985609523638, -0.470907557474616, 0.5261641572424036, 0.740785537648377, -0.44339948038951466, 1.0, 0.8226006127621461, 0.6319277258494493, 0.9992125165638683, -0.5327797847538123, -0.033298313046583594, -0.6875079230199191, -0.3813772957394259, 0.22979922346552972, -0.7805012038383126, 0.6863634559826233, 0.49303641826396705, -0.6049070364853737, 0.2595678607248706, -0.9835463388637815, 0.0470044617274572, -0.47053425191688847, -0.1743974564086737, 0.8786939892352732, -0.36776452063138043, -0.3386006664912309, -0.7612620216960062, 0.006376927594292203, -0.1963737793890954, 0.042955195331201956, 0.4579464017070094, -0.9590889506402955, -0.6268589901734588, -0.6392599290088219, -0.8159472120726176, -0.5669500426695119, -0.008813763049321535, 0.3430753851422972, -0.710576317368149, -0.4169082028012101, 0.7888926813180077, 0.4800655286206159, -0.22720587337839437, 0.15744139172102645, -0.271495019130666, -0.9987106765160985, 0.24298112841837405, -0.445276048640012, -0.031435559879521735, -0.8705982087918228, -0.12289218472525754, 0.020269042202027743, -0.5394478753910281, 0.10976799722574775]
1020.0	(8, 12, 2)	[0.373906736633564, -0.23866218741875228, 0.8017087565072744, -0.28861541369169413, -0.9640075424430912, -0.6539192753473563, 0.8447321210929519, 0.1059008027473723, 0.00868386925960507, 0.2380000962025859, 0.885345231682905, 0.5719112942076114, -0.8782166750595417, -0.8786772278196369, 1.0, 0.8089208508917309, 0.37941197822750994, -0.11309182131100548, -0.9120136601651845, -0.7881100546328623, 0.681059213605508, -0.7888851005825261, -0.20997141871666253, 0.015812606679628666, -0.4072624298425271, -0.0876360920126592, 0.11641134680293588, 0.6761876462261565, -0.1695708072833777, 0.8019842060306496, 0.4359017639748137, 0.6354295279931057, 0.33913978375544307, 0.6720731545424468, -0.1326779184031972, 0.5226015201180594, 0.8275961544949615, 0.7699882486772074, 0.14330731338713193, 0.12977385950753556, 0.3989498329955589, 0.4025158856873241, 0.3151756983086264, 0.2608351768132049, -0.4415777236896914, -0.6653640623063062, 0.5996714126975533, -0.3502541212856989, 0.7784785470679769, -0.7720764982445316, 0.5229469774714635, -0.7508220465058644, -0.4520064082729973, 0.43359002373157796, -0.19003837959379707, -0.1278115883011095, 0.8113289458117889, -0.25286556223738743, 0.4489969897232693, -0.7457146898038685, -0.7390224534991334, -0.5020745379200782, -0.26160612005390127, -0.5761085331505014, -0.9911463967835001, -0.44579137550024184, 0.2261985609523638, -0.470907557474616, 0.5261641572424036, 0.740785537648377, -0.44339948038951466, 1.0, 0.8226006127621461, 0.6319277258494493, 0.8914559926614047, -0.5327797847538123, -0.033298313046583594, -0.6875079230199191, -0.3813772957394259, 0.22979922346552972, -0.7805012038383126, 0.6863634559826233, 0.49303641826396705, -0.6049070364853737, 0.2595678607248706, -0.9835463388637815, 0.0470044617274572, -0.47053425191688847, -0.1743974564086737, 0.7209767335244286, -0.6657747765982328, -0.48683177990740445, -0.7612620216960062, 0.006376927594292203, -0.1963737793890954, -0.7903045535982897, 0.4579464017070094, -0.9590889506402955, -0.6268589901734588, -0.6474666857196216, -0.8159472120726176, -0.5669500426695119, -0.20327879930736786, 0.3430753851422972, -0.710576317368149, -0.4169082028012101, 0.7888926813180077, 0.4800655286206159, -0.22720587337839437, 0.15744139172102645, 0.8504707779166496, -0.9987106765160985, 0.24298112841837405, -0.445276048640012, -0.031435559879521735, -0.8705982087918228, -0.12289218472525754, 0.020269042202027743, -0.5394478753910281, 0.07376723613796421]
1019.9999389648438	(8, 12, 2)	[0.373906736633564, -0.1603361351915239, 0.7801111380808801, -0.21702576741443808, -0.9640075424430912, -0.6539192753473563, 1.0, 0.0021543827518195613, 0.3038320988955807, 0.2380000962025859, 0.7753155624607138, 0.5719112942076114, -0.8782166750595417, -1.0, 1.0, 0.8089208508917309, 0.37941197822750994, -0.0999164959243437, -0.9120136601651845, -0.7881100546328623, 0.6952322233858048, -0.7888851005825261, -0.20997141871666253, 0.015812606679628666, -0.351072911456499, -0.0876360920126592, 0.09399138278667657, 0.6761876462261565, -0.1695708072833777, 0.8019842060306496, 0.4359017639748137, 0.6354295279931057, 0.4139366687411665, 0.6720731545424468, -0.1326779184031972, 0.5226015201180594, 0.8275961544949615, 0.7699882486772074, 0.14330731338713193, 0.12977385950753556, 0.34643267534476396, 0.4025158856873241, 0.38242085084336574, 0.2608351768132049, -0.4415777236896914, -0.7892365847166571, 0.5996714126975533, -0.528736650502921, -0.05286341360312319, -0.7720764982445316, 0.5229469774714635, -0.9148610275033617, -0.5934940529532576, 0.43359002373157796, -0.19003837959379707, 0.000543338146744704, 0.8113289458117889, -0.25286556223738743, 0.5119981732410243, -0.7945286996467504, -0.737636216216461, -0.5020745379200782, -0.26160612005390127, -0.647506696301171, -0.9911463967835001, -0.44579137550024184, 0.18465569426025266, -0.5900707551088307, 0.5261641572424036, -0.6941187784210262, -0.44339948038951466, 1.0, 0.8226006127621461, 0.2357840170806392, 0.8914559926614047, -0.5327797847538123, -0.033298313046583594, -0.6875079230199191, -0.3813772957394259, 0.22979922346552972, -0.6665671315741197, 0.6863634559826233, 0.49303641826396705, -0.756928239570909, 0.348021003890166, -0.9835463388637815, 0.0470044617274572, -0.47053425191688847, -0.1743974564086737, 0.8786939892352732, -0.6657747765982328, -0.48683177990740445, -0.719906828163931, 0.006376927594292203, -0.1963737793890954, -0.7903045535982897, 0.4279252090804359, -0.9590889506402955, -0.5768519088221615, -0.6474666857196216, -0.8159472120726176, -0.5669500426695119, -0.008813763049321535, 0.3430753851422972, -0.6785290820623631, 0.859266815448422, 0.7888926813180077, -0.32437945893997067, 0.5113193079623903, 0.15744139172102645, 0.8504707779166496, -0.9987106765160985, 0.24298112841837405, -0.5768221689980011, -0.031435559879521735, -0.8264293072273058, -0.12289218472525754, 0.020269042202027743, -0.5394478753910281, 0.07376723613796421]
1019.9998779296875	(8, 12, 2)	[0.41369900533375503, -0.28768018627212144, 0.7801111380808801, -0.21702576741443808, -0.9640075424430912, -0.6107017417389345, 0.8447321210929519, 0.0021543827518195613, 0.3038320988955807, 0.2380000962025859, 0.7753155624607138, 0.5719112942076114, -0.8782166750595417, -1.0, 1.0, 0.8089208508917309, 0.37941197822750994, -0.11309182131100548, -1.0, -0.7881100546328623, 0.6952322233858048, -0.7888851005825261, -0.20997141871666253, 0.015812606679628666, -0.4072624298425271, -0.0876360920126592, 0.09399138278667657, 0.7910145167453111, -0.1695708072833777, 0.8019842060306496, 0.4359017639748137, 0.6354295279931057, 0.4139366687411665, 0.6720731545424468, -0.1326779184031972, 0.5226015201180594, 0.8774566315224309, 0.7699882486772074, 0.04286380424288274, 0.12977385950753556, 0.34643267534476396, 0.4025158856873241, 0.38242085084336574, 0.2608351768132049, -0.4415777236896914, -0.7892365847166571, 0.7719225295369394, -0.528736650502921, -0.05286341360312319, -0.7720764982445316, 0.5229469774714635, -0.9148610275033617, -0.5934940529532576, 0.43359002373157796, -0.19003837959379707, 0.000543338146744704, 0.8113289458117889, -0.25286556223738743, 0.5539428968752516, -0.7945286996467504, -0.737636216216461, -0.47841468506646956, -0.26160612005390127, -0.5761085331505014, -0.9911463967835001, -0.44579137550024184, 0.2261985609523638, -0.5900707551088307, 0.5261641572424036, -0.6941187784210262, -0.44339948038951466, 1.0, 0.8226006127621461, 0.2357840170806392, 0.8914559926614047, -0.5327797847538123, -0.033298313046583594, -0.6875079230199191, -0.3813772957394259, 0.22979922346552972, -0.7805012038383126, 0.6863634559826233, 0.49303641826396705, -0.6049070364853737, 0.2595678607248706, -0.9835463388637815, 0.0470044617274572, -0.47053425191688847, -0.1743974564086737, 0.8845572434695929, -0.6657747765982328, -0.48683177990740445, -0.7612620216960062, 0.006376927594292203, -0.1963737793890954, -0.7903045535982897, 0.44107736219500737, -0.9590889506402955, -0.5768519088221615, -0.6474666857196216, -0.8159472120726176, -0.5669500426695119, -0.008813763049321535, 0.3430753851422972, -0.5989865106108031, 0.859266815448422, 0.7888926813180077, 0.4800655286206159, 0.5855413768332396, 0.15744139172102645, 0.8504707779166496, -0.9987106765160985, 0.24298112841837405, 0.12153929638564329, -0.031435559879521735, -0.794148889573629, -0.12289218472525754, 0.020269042202027743, 0.23308035488121845, 0.07376723613796421]
1019.9999389648438	(8, 12, 2)	[0.373906736633564, -0.2697172504634987, 0.7801111380808801, -0.28861541369169413, -0.9640075424430912, -0.6107017417389345, 0.8447321210929519, 0.1059008027473723, 0.3038320988955807, 0.08841442930941507, 0.885345231682905, 0.5719112942076114, -0.8782166750595417, -0.8786772278196369, 1.0, 0.8089208508917309, 0.42483556635612874, -0.11309182131100548, -0.9120136601651845, -0.7881100546328623, 0.732806652917603, -0.7888851005825261, -0.20997141871666253, 0.0005377984918299994, -0.351072911456499, 0.0721260999270874, 0.11641134680293588, 0.6761876462261565, -0.1695708072833777, 0.8019842060306496, 0.33740505496670004, 0.47322008320316095, 0.4139366687411665, 0.6720731545424468, -0.1326779184031972, 0.5226015201180594, 0.8275961544949615, 0.7699882486772074, 0.14330731338713193, 0.12977385950753556, 0.3989498329955589, 0.4025158856873241, 0.45278002941084017, 0.2608351768132049, -0.4415777236896914, -0.7892365847166571, 0.5996714126975533, -0.3502541212856989, 0.7784785470679769, -0.7720764982445316, 0.5229469774714635, -0.7508220465058644, -0.4520064082729973, 0.43359002373157796, -0.19003837959379707, 0.24946808216039043, 0.8113289458117889, -0.06402696560397786, 0.5119981732410243, -0.7457146898038685, -0.7390224534991334, -0.5020745379200782, -0.26160612005390127, -0.6121279072315792, -0.9911463967835001, -0.44579137550024184, 0.2261985609523638, -0.5900707551088307, 0.5261641572424036, -0.6941187784210262, -0.44339948038951466, 1.0, 0.8226006127621461, 0.2357840170806392, 0.8914559926614047, -0.5327797847538123, -0.033298313046583594, -0.6875079230199191, -0.3813772957394259, 0.22979922346552972, -0.6665671315741197, 0.6863634559826233, 0.49303641826396705, -0.6049070364853737, 0.2595678607248706, -0.9835463388637815, 0.0470044617274572, -0.47053425191688847, -0.1743974564086737, 0.7209767335244286, -0.5144662171326204, -0.48683177990740445, -0.719906828163931, -0.6949620591397345, -0.1963737793890954, -0.7903045535982897, 0.4279252090804359, -0.9590889506402955, -0.6268589901734588, -0.6474666857196216, -0.9456984021676438, -0.5669500426695119, -0.008813763049321535, 0.3430753851422972, -0.710576317368149, 0.859266815448422, 0.7888926813180077, -0.32437945893997067, 0.5855413768332396, 0.15744139172102645, -0.271495019130666, -0.9987106765160985, 0.24298112841837405, -0.5768221689980011, 0.09825023092888174, -0.6362684477875156, -0.12289218472525754, 0.020269042202027743, -0.5394478753910281, 0.07376723613796421]
1019.9999389648438	(8, 12, 2)	[0.6989018664665443, -0.2697172504634987, 0.7801111380808801, -0.21702576741443808, -0.9808439098313996, -0.6539192753473563, 0.758587436470256, -0.06610759587107977, 0.00868386925960507, 0.2380000962025859, 0.9433107563094768, 0.5719112942076114, -0.8782166750595417, -0.8786772278196369, 1.0, 0.8089208508917309, 0.42483556635612874, -0.11309182131100548, -0.9120136601651845, -0.7881100546328623, 0.681059213605508, -0.7888851005825261, -0.2003784111273374, 0.015812606679628666, -0.4072624298425271, -0.0876360920126592, -0.16263551653151498, 0.6761876462261565, -0.1695708072833777, 0.8019842060306496, 0.4359017639748137, 0.6354295279931057, 0.33913978375544307, 0.6720731545424468, -0.19737576336225726, 0.5226015201180594, 0.8275961544949615, 0.7699882486772074, -0.0010773050900842601, 0.12977385950753556, 0.3445857967471441, 0.4025158856873241, 0.38242085084336574, 0.2608351768132049, -0.4415777236896914, -0.7565132556867382, 0.5996714126975533, -0.528736650502921, -0.05286341360312319, -0.7720764982445316, 0.5746864601997357, -0.7432921732686912, -0.48219884375460553, 0.43359002373157796, -0.1123200571952242, 0.24946808216039043, 0.8113289458117889, -0.25286556223738743, 0.4489969897232693, -0.7457146898038685, -0.7390224534991334, -0.5020745379200782, -0.26160612005390127, -0.5761085331505014, -0.9911463967835001, -0.49765854663385445, 0.2261985609523638, -0.5900707551088307, 0.5261641572424036, 0.740785537648377, -0.44339948038951466, 1.0, 0.8226006127621461, 0.6319277258494493, 0.8914559926614047, -0.5327797847538123, -0.033298313046583594, -0.6875079230199191, -0.3813772957394259, 0.22979922346552972, -0.7805012038383126, 0.7146187164322337, 0.49303641826396705, -0.6049070364853737, 0.348021003890166, -0.9835463388637815, 0.10391675419712834, -0.47053425191688847, -0.37291957353023086, 0.8786939892352732, -0.6657747765982328, -0.3386006664912309, -0.719906828163931, 0.006376927594292203, -0.1963737793890954, -0.7903045535982897, 0.4579464017070094, -0.9590889506402955, -0.6268589901734588, -0.6474666857196216, -0.9456984021676438, -0.5669500426695119, -0.008813763049321535, 0.3430753851422972, -0.6785290820623631, -0.4169082028012101, 0.7888926813180077, -0.32437945893997067, 0.5855413768332396, 0.15744139172102645, -0.2163806261492727, -0.9987106765160985, 0.2753330944471918, -0.5768221689980011, 0.09825023092888174, -0.8264293072273058, -0.12289218472525754, 0.020269042202027743, -0.5394478753910281, 0.06403514825485535]
